0,1,2,3,4,5,6,7,8,9,10,11,12,13,14,15,16,17,18,19,20,21,22,23,24,25,26,27,28,29,30,31,32,33,34,35,36,37,38,39,40,41,42,43,44,45,46,47,48,49,50,51,52,53,54,55,56,57,58,59,60,61,62,63,64,65,66,67,68,69,70,71,72,73,74,75,76,77,78,79,80,81,82,83,84,85,86,87,88,89,90,91,92,93,94,95,96,97,98,99,100,101,102,103,104,105,106,107,108,109,110,111,112,113,114,115,116,117,118,119,120,121,122,123,124,125,126,127,128,129,130,131,132,133,134,135,136,137,138,139,140,141,142,143,144,145,146,147,148,149,150,151,152,153,154,155,156,157,158,159,160,161,162,163,164,165,166,167,168,169,170,171,172,173,174,175
8.199008,6.286776,3.755931,3.680348,5.515486,6.036212,3.424605,-0.614643,-3.021489,-2.823982,-1.706743,-1.517071,-2.215037,-2.732829,-3.210204,-5.306011,-9.789483,-14.221343,-13.984566,-6.584084,4.665869,11.821956,8.605244,-3.262188,-14.209746,-14.838624,-5.036293,5.35319,6.404578,-0.943142,-5.20417,2.969995,19.091699,28.111413,20.516444,3.561205,-5.968429,-0.210268,11.108205,12.2249,-0.0616,-12.633502,-11.707247,0.605254,8.444788,0.403974,-17.646634,-29.465175,-25.925421,-12.737789,-1.508168,2.917331,4.040325,5.552603,6.409042,5.030339,4.404351,8.904036,16.685295,19.426067,11.867738,-0.594869,-7.040446,-3.475398,2.907588,3.171901,-2.3289,-5.453592,-1.947897,2.400014,-0.667851,-10.681925,-18.474353,-17.255312,-10.021123,-4.004762,-0.65772,4.589981,12.746691,16.354341,8.016906,-7.935523,-17.213992,-10.864661,4.191044,13.068443,10.060065,3.846168,4.663043,10.404789,9.882724,-1.017576,-11.740776,-8.894663,6.696743,19.328275,15.777376,0.095381,-11.561183,-9.292678,0.732476,5.158116,-1.1751,-11.247075,-15.606003,-12.460277,-7.164606,-4.5159,-4.291343,-3.624158,-0.94303,3.289474,7.649685,9.904588,7.628351,1.407567,-2.714125,2.541561,16.394413,26.560651,19.166635,-6.073026,-32.58347,-41.459726,-29.28213,-9.855421,1.572218,3.267589,4.922569,13.197726,23.301631,25.594203,17.161828,3.96861,-6.824941,-12.607451,-12.750853,-4.898464,11.366934,27.932345,30.969509,14.618699,-9.670774,-22.108803,-14.750668,-0.302906,1.833087,-12.730282,-28.684375,-28.609371,-12.251678,4.331154,7.381816,-0.612469,-6.652155,-3.512373,3.539602,5.863476,3.028195,2.259902,7.858502,15.022022,15.731538,8.625209,0.381474,-2.517167,-0.983934,-1.012206,-5.510436,-10.498356,-9.730356,-1.743934,8.573516,14.745366,14.055053,8.563592
7.042154,11.107174,11.365854,8.415907,3.496021,-2.070756,-5.760179,-4.589733,1.207858,6.309634,4.684519,-3.39657,-10.726318,-11.377959,-8.381567,-10.25897,-19.234719,-25.933872,-19.069799,0.264764,17.787481,21.451787,15.109653,13.019474,21.035086,27.84677,18.309465,-6.669721,-28.567146,-31.081758,-17.837482,-6.517128,-6.944772,-10.451523,-3.463474,12.496102,20.552432,9.316933,-10.843061,-17.064035,1.03712,29.513489,44.652495,36.704995,16.602723,0.92102,-5.339871,-9.406376,-17.644289,-26.264875,-25.825324,-12.468228,6.8901,19.373441,15.141329,-6.112556,-33.850286,-51.411386,-46.295621,-20.410347,9.579954,25.485702,23.577397,16.460401,17.525571,24.920813,24.147051,7.101029,-15.088839,-21.99861,-6.294747,17.26605,26.882565,15.642172,-3.861264,-15.180736,-14.181768,-8.546509,-5.358624,-4.050623,-1.378752,1.780159,2.359739,1.795234,5.893432,16.376354,25.654235,23.409333,7.995627,-11.304103,-23.771988,-26.600281,-23.693099,-18.135517,-9.826036,-0.356304,4.483567,0.770633,-6.604802,-7.518016,1.449067,11.769615,12.657472,4.507315,-1.305001,3.103246,11.596694,11.473288,0.003317,-11.038619,-9.10343,4.067837,14.663628,13.042566,3.599616,-2.899374,-3.036932,-2.708217,-6.598014,-11.003363,-9.863259,-4.616904,-3.065989,-8.216065,-12.842392,-8.193582,4.532652,15.906486,21.19531,26.230385,36.703335,44.888014,34.023968,-1.232219,-42.794323,-63.041442,-51.386868,-23.666669,-3.726304,1.053613,2.510299,12.104907,24.749044,25.557812,9.55646,-10.978443,-20.223036,-16.088063,-10.499937,-13.939331,-23.679087,-28.328305,-20.720072,-3.357833,17.17243,36.639375,52.37514,59.495291,52.522654,31.783024,5.680638,-15.360872,-26.507574,-29.085959,-25.311604,-15.828065,-3.351658,4.613474,1.010889,-12.004353,-22.468531,-19.613807,-5.281931,7.600504,8.501869,-0.193045
4.702956,10.478219,6.653239,-6.14814,-22.835749,-37.440534,-42.779796,-32.674312,-9.60087,12.744788,20.622146,14.256072,6.01753,4.168204,4.370465,0.382462,-3.241393,2.87652,16.374384,22.368943,12.910547,-0.397685,-0.758557,10.698914,15.831283,4.688918,-9.532626,-7.403984,10.143332,21.562046,11.534276,-10.193479,-21.689754,-15.687312,-6.558782,-10.931324,-27.617506,-39.870734,-34.111086,-12.422632,12.264541,29.006647,35.452807,34.88344,30.551408,23.665498,14.77109,4.849338,-5.232466,-14.929186,-22.5455,-24.452801,-18.06647,-6.530478,1.557285,-0.202712,-8.61526,-13.527382,-8.860446,0.960095,7.176724,7.287899,6.336346,8.265826,10.066527,6.413479,-2.686185,-11.763713,-15.816669,-13.346306,-4.889274,6.890632,15.25885,13.255021,3.428928,-0.41547,11.951616,31.100768,34.224873,11.431696,-19.368968,-30.18931,-13.85584,9.214406,15.592737,3.504484,-10.491052,-13.46773,-7.441577,-0.828138,2.453826,2.015857,-4.131897,-16.539983,-27.908759,-26.9108,-11.005532,8.538181,17.697214,13.935416,6.740062,5.361023,9.252571,10.697664,4.031276,-8.844575,-20.233363,-22.793642,-15.556838,-5.216458,-0.129431,-1.501495,-1.76166,6.375038,20.492942,31.142303,33.446722,31.683424,30.400124,25.540577,10.155995,-11.983111,-25.230802,-18.470797,0.441346,11.376084,2.827069,-17.450522,-33.050291,-36.13099,-31.404636,-25.794361,-19.185001,-7.038692,10.531734,25.486025,28.475114,18.043434,2.640264,-6.842144,-6.790466,-3.145046,-3.915312,-10.011292,-14.382439,-9.958321,2.945279,17.259391,25.208837,22.713311,10.496311,-5.391505,-14.75431,-10.073389,4.67818,14.957282,9.949655,-4.469033,-11.294546,-1.830213,14.580308,22.655811,18.945979,12.514915,10.02253,7.33563,-1.762692,-14.603292,-23.013707,-24.765323,-24.868305,-25.254328,-20.178998,-5.948272,9.529379,13.454526
38.987555,3.89957,-20.827485,-4.471282,32.379886,36.784308,-14.335222,-80.36312,-95.064973,-37.856976,41.182065,71.868726,34.895737,-23.711341,-46.76115,-25.162266,1.921501,-0.689853,-24.115948,-32.015306,-8.871738,20.432449,22.432919,-1.793303,-15.264424,11.72151,64.036974,94.07409,71.470145,15.64128,-24.036613,-18.228715,15.419714,34.34293,15.312671,-26.156013,-57.441996,-63.251202,-55.159608,-50.478585,-48.953717,-34.734221,0.741176,43.475484,67.663106,60.282521,32.252368,5.240726,-9.497075,-17.021386,-25.666679,-33.073107,-28.468157,-7.803188,17.050029,26.931265,13.58911,-11.405034,-26.357594,-18.746769,3.554634,18.986737,11.25756,-15.169315,-36.396073,-27.846174,13.455349,62.279703,82.811751,58.208198,6.677005,-31.981561,-29.19896,8.972208,48.372494,55.872675,24.415267,-25.622166,-64.823497,-74.299325,-53.353163,-16.003717,17.211932,29.023084,15.010175,-12.840778,-34.43462,-37.341519,-25.580816,-12.030622,-2.891222,7.640625,26.213554,46.773702,52.381206,31.820887,-7.521772,-44.642644,-61.365935,-52.986269,-26.163832,7.645342,35.036541,43.245309,28.489755,3.760176,-7.851611,5.720783,31.241765,42.312887,28.237761,6.956774,4.607122,23.67423,37.788987,21.408013,-19.328011,-51.193831,-49.466697,-23.787656,-5.539117,-12.911568,-33.648865,-41.941426,-26.505505,1.459168,23.979842,33.251424,32.518119,26.633983,17.06185,4.269085,-10.278862,-25.302118,-38.639782,-43.584575,-32.115908,-8.055695,6.283645,-11.789293,-53.824727,-74.358463,-31.310019,62.062851,135.123022,123.233312,36.072204,-45.5039,-47.594722,24.155415,94.833924,99.85135,45.378038,-11.765182,-31.835475,-25.916957,-24.673151,-32.577792,-28.776559,-7.681905,2.35944,-26.284647,-75.973442,-92.473985,-45.359725,30.129095,63.972774,24.384914,-48.72633,-86.569043,-60.643077,-2.796019,37.928204,45.227232,38.215223,36.161802
-2.292389,2.674688,6.590865,5.590038,0.815449,-3.464754,-4.985802,-5.222684,-5.834294,-5.128587,0.056776,9.078495,16.023869,14.984358,6.29823,-3.839704,-10.112126,-12.993026,-15.981269,-19.125963,-17.684168,-8.192488,5.621532,15.128715,15.372532,9.93896,6.257549,6.978788,7.786565,4.01397,-2.449034,-4.80341,0.25325,7.699509,9.202232,2.426073,-6.19819,-8.540319,-3.587802,1.920371,1.385954,-4.522036,-9.447935,-9.24637,-6.66711,-7.394918,-12.29511,-15.255504,-9.651781,3.566088,15.498969,17.765782,11.070559,4.516182,5.996018,13.715554,17.998545,11.647752,-2.120937,-12.621145,-12.275298,-3.539881,4.70956,6.520072,3.418809,0.108786,-2.257363,-6.684559,-14.603329,-21.697007,-21.115434,-10.559901,5.037431,17.983255,23.772197,22.188014,14.392722,1.679515,-12.347451,-20.999667,-19.102992,-8.879723,0.954328,3.790718,2.060886,3.61336,11.052183,17.018583,12.13674,-3.148618,-17.283994,-19.253357,-9.906973,0.161311,3.20535,2.015185,3.96042,9.879634,12.481082,6.383997,-3.313672,-5.605274,3.487273,15.203128,16.832572,5.115722,-10.744311,-18.931119,-15.890947,-7.032939,0.9212,5.603724,7.542012,6.483184,1.792823,-4.396492,-7.403286,-4.785818,0.392431,2.773081,0.801722,-2.116469,-2.93077,-3.514501,-7.96575,-15.78473,-20.110067,-14.322692,0.291869,14.949099,21.531973,19.289401,13.268474,7.804799,3.337787,-0.832688,-3.193324,-1.305396,4.206747,8.955135,8.938444,4.528745,-0.507645,-3.299481,-3.979865,-3.783117,-2.888919,-1.37865,-1.172118,-4.61917,-10.386073,-12.63211,-6.724834,4.005276,9.386867,2.357392,-12.322229,-21.061643,-14.420967,3.149458,17.335299,17.770673,7.324667,-2.275867,-2.989624,2.287759,4.513914,-1.010259,-9.941788,-14.153426,-10.325425,-2.570545,2.958051,4.931746,7.653302,15.182472
12.141488,13.282519,6.087527,-3.822159,-8.431896,-5.539661,-0.534736,0.041293,-4.418788,-8.696462,-8.153346,-3.570749,0.659776,1.815222,1.032208,0.688481,1.261323,1.593053,1.24871,1.079383,1.326294,0.540698,-2.503084,-6.276595,-7.179394,-3.295284,3.128245,7.587416,7.514,4.122653,0.449228,-1.424258,-0.877862,2.326,7.997094,14.053691,16.436954,12.089328,2.391236,-7.205546,-11.801664,-11.362813,-10.109085,-11.649954,-15.114605,-16.262714,-12.10897,-4.09383,3.245553,6.384788,5.4807,3.271404,1.798652,0.568437,-1.895642,-4.871644,-4.553549,2.574694,14.91313,24.991561,25.085409,14.564668,1.199258,-5.925131,-5.015043,-2.350912,-4.178882,-8.994268,-9.473718,-1.997153,7.800853,10.714517,4.501283,-3.542546,-5.456037,-2.275166,-2.455366,-10.735987,-21.208321,-23.525059,-15.016468,-3.951231,0.145791,-2.592557,-3.333676,4.128684,15.593244,21.275975,16.826729,7.355176,0.765077,-0.446271,0.541247,0.861086,1.265797,3.12177,4.829286,3.649318,0.330829,-0.789233,2.648933,7.1803,7.282687,2.471764,-1.691997,-0.588183,3.268567,3.100686,-3.51455,-11.276555,-13.490726,-10.076878,-7.109762,-8.77092,-12.310039,-12.316747,-8.140656,-4.311644,-3.582501,-2.538213,3.53699,12.668104,16.391818,9.389007,-2.970452,-9.245297,-4.1148,6.125531,11.301643,9.016547,6.417033,10.456493,18.740202,21.780909,13.584081,-1.836186,-14.695375,-18.580614,-14.486897,-7.301315,-0.749058,3.709071,5.198139,3.137759,-1.216449,-4.766728,-5.446265,-4.601807,-5.370318,-8.673933,-11.868814,-11.826551,-8.474921,-4.315681,-0.901672,2.695497,7.30759,10.834304,9.794112,4.048185,-1.428362,-0.968319,5.553202,11.933943,11.725065,4.724221,-3.134862,-6.102502,-4.0269,-1.269456,-1.083085,-2.146717,-0.866514,3.719813,8.262545,8.4887
0.117201,3.520319,8.752306,13.357342,14.95636,12.570456,7.053621,0.469272,-5.082776,-8.44264,-9.696178,-9.825389,-10.045292,-11.180094,-13.263596,-15.431045,-16.173112,-14.006307,-8.41505,-0.593434,6.639092,10.058597,7.962646,1.672315,-4.569348,-5.648709,1.365656,14.9952,29.516545,37.712435,34.749447,20.913198,1.564056,-15.629049,-24.485109,-22.949993,-13.301153,-0.251947,11.540103,19.057117,21.087044,17.573758,9.128006,-2.856168,-15.887255,-26.635112,-32.070932,-30.922231,-24.391704,-15.484621,-7.306565,-1.51043,2.017161,4.116683,4.949906,3.525566,-1.322618,-9.260751,-17.57133,-22.084388,-19.567696,-9.980853,3.096273,14.345385,19.74096,18.718578,14.07108,9.782843,8.437234,10.006204,12.664818,14.704375,15.869476,17.067885,18.853145,20.161834,18.609634,12.341357,2.041263,-8.616725,-14.741589,-13.210567,-4.845799,5.790991,12.94899,12.944409,6.041964,-4.116924,-12.945909,-17.481044,-17.506443,-14.846878,-11.700899,-9.329398,-7.848958,-6.89551,-6.337072,-6.403998,-7.272762,-8.64056,-9.754369,-9.859381,-8.625592,-6.180805,-2.821499,1.182358,5.402235,8.899179,10.272953,8.44467,3.776034,-1.458704,-4.024338,-1.836506,4.158728,9.948184,10.76405,4.47307,-6.341736,-15.41221,-16.650975,-8.400875,4.976126,15.588309,17.15522,9.334331,-1.883308,-8.179297,-4.654693,6.692099,18.270638,22.151871,15.609261,3.039574,-7.100652,-8.181075,0.034883,11.30592,17.279057,13.171412,0.828459,-12.793762,-20.417774,-19.03776,-11.248108,-2.750715,1.826068,1.725622,-0.262148,-0.561393,2.335666,7.011376,10.586945,11.046861,8.516593,4.679051,1.119417,-1.837517,-4.85008,-8.279188,-11.261185,-12.156309,-10.108211,-6.335608,-3.830986,-5.387096,-11.319889,-18.698707,-22.894492,-20.529701,-11.786084,-0.398516,8.70569,12.479891,11.418323,8.736665
-3.601269,-5.871598,-0.367091,10.35298,18.147553,14.888187,-0.771501,-20.920915,-32.904763,-28.121997,-8.668151,13.455867,24.373454,17.824178,-0.881533,-19.248695,-26.797361,-22.066924,-12.43412,-7.486966,-11.494711,-20.7009,-26.9379,-24.091182,-12.192339,3.567551,17.305403,26.340734,31.600212,34.95118,36.389346,33.711581,24.814389,10.432015,-5.1186,-15.855588,-17.31611,-8.899222,5.851346,20.82567,29.795303,28.785053,17.71131,0.684641,-15.535014,-24.732966,-24.625296,-18.207415,-11.696831,-10.072597,-13.372645,-16.806298,-14.956424,-6.876126,2.281864,4.951258,-2.448084,-15.681657,-25.080309,-22.782934,-9.203586,6.739128,14.252068,9.093313,-3.016246,-10.935453,-7.075228,6.448544,19.529929,22.297348,13.149135,0.061409,-5.844784,0.812395,15.519738,27.635602,28.818057,19.260924,6.950373,0.941733,4.302919,12.22846,16.357737,11.435113,-0.96775,-14.132242,-21.377142,-20.514467,-14.539811,-8.762888,-7.055301,-9.903626,-15.060994,-19.655709,-22.024254,-22.240925,-21.358033,-20.007463,-17.218615,-10.312625,3.570729,24.685028,48.324993,65.225842,65.793591,46.372877,13.30074,-19.070543,-36.327977,-33.079862,-16.567847,-1.597142,-0.031588,-12.593355,-29.260866,-37.879377,-33.934286,-23.408634,-16.395097,-17.037879,-18.736981,-9.281321,17.924671,55.938876,86.795871,93.183259,70.429644,29.580094,-10.520444,-35.571147,-43.063089,-39.840228,-33.659075,-26.845117,-17.159873,-3.725083,8.895963,13.28078,6.367896,-5.819371,-11.458826,-2.549295,17.147833,33.362995,31.881337,10.35515,-18.477367,-35.494206,-29.482028,-5.876913,17.056068,21.796633,4.499306,-22.455504,-39.838173,-35.394241,-11.804493,16.389712,33.512166,32.612231,17.773018,-1.257001,-16.58985,-25.87457,-30.406855,-30.878133,-25.409737,-11.721112,8.896754,29.954397,42.653211,41.512906,28.424777,11.784559,1.034747,0.441331
8.148312,6.416653,2.089671,6.634922,23.161408,39.765754,39.905583,19.330741,-8.85169,-25.933457,-22.986794,-5.212423,14.987599,26.002787,20.65941,-0.961064,-28.032798,-41.931072,-30.364895,-1.76566,18.740942,13.439344,-8.023053,-17.852215,-1.792818,22.36251,23.374916,-6.711232,-40.311673,-42.534843,-8.71607,31.171224,44.831251,28.362017,2.310872,-16.225093,-28.215998,-39.099121,-41.335462,-21.312627,17.139855,46.826261,42.782691,11.184847,-15.009969,-11.345336,12.550941,26.637054,15.702383,-6.149268,-16.468592,-11.844536,-7.681366,-13.91035,-20.440978,-11.219633,12.685518,31.820503,30.55228,14.215681,0.397955,-2.659752,-2.534323,-7.816499,-13.998739,-9.399581,7.670175,24.478289,28.748445,23.531758,22.700782,32.678276,43.007351,36.552224,6.513061,-38.130151,-81.01344,-108.572074,-113.813797,-96.830648,-65.923834,-35.269376,-15.266215,-3.281052,12.521266,37.445786,60.942982,67.245671,54.827107,40.156972,39.294985,49.396845,53.645122,43.478076,29.115529,24.364481,26.139811,17.278216,-9.392421,-37.504003,-44.10391,-27.270129,-8.889499,-7.99194,-18.405004,-19.556497,-6.034157,3.717179,-7.796211,-31.069359,-38.045332,-16.57878,12.570376,18.988279,-2.024769,-25.619015,-28.569216,-15.051024,-5.680098,-7.63201,-7.535088,4.0087,12.459559,-4.295951,-41.401946,-61.604479,-32.919519,32.423432,85.737099,90.036043,54.138352,16.078179,0.030989,-1.287317,-4.078144,-7.286849,1.519743,20.53466,29.003797,14.08852,-7.119578,-5.003912,23.178585,43.308126,22.436001,-28.378257,-61.040351,-43.647597,1.712867,22.939185,-2.980975,-44.976607,-55.979042,-28.103613,0.454167,-6.444547,-38.208703,-49.15583,-11.845359,50.248099,86.680605,71.032253,22.367417,-20.967345,-39.819167,-42.884407,-44.315707,-43.668935,-31.18692,-5.821682,20.436116,36.518149,43.860667,49.499578,51.056765,36.191465
-1.54245,7.809037,11.992779,9.302719,5.595368,6.221088,9.123107,7.641236,-0.651354,-9.909481,-11.40508,-2.019341,12.913806,23.905849,23.637702,10.964997,-8.036707,-22.327822,-22.648333,-10.008212,2.613443,0.971388,-15.199418,-29.334896,-24.24282,-1.943748,15.972135,10.797783,-11.79337,-26.507439,-15.831315,10.386572,25.807747,16.823597,-3.037581,-9.15484,7.063793,30.502326,40.335287,30.966985,13.3355,-0.420237,-8.23985,-14.365061,-20.106396,-22.827441,-22.152316,-21.764281,-23.118727,-20.961666,-9.112387,9.918072,24.805847,26.379446,16.560261,4.853195,-1.684395,-1.85323,4.491616,18.334648,35.117337,41.069611,24.220261,-8.423895,-30.952315,-23.271876,4.329387,18.15745,-2.834501,-41.274243,-57.918846,-34.760901,3.874352,17.359675,-7.063208,-41.823673,-50.816503,-27.317481,4.238336,19.99317,21.379356,25.545517,38.412796,46.329437,35.300699,11.052692,-6.145991,-4.620199,6.783025,11.223714,3.440874,-7.157303,-10.228321,-5.367561,1.844827,9.075862,17.217919,22.904286,17.809948,-0.892724,-22.615934,-31.290586,-22.213675,-7.540068,-2.732592,-9.67025,-16.318833,-12.354846,-1.045418,6.269027,4.485457,-0.478724,-0.935632,2.640988,3.433591,-2.127891,-10.13033,-14.509813,-13.282091,-7.869924,0.775347,11.364223,18.09523,12.440522,-6.851316,-27.107108,-30.122116,-9.974794,19.186504,35.831156,31.557949,17.319822,9.516322,12.76497,18.273934,17.001602,10.136254,5.210259,5.020647,4.241735,-2.840698,-14.287106,-22.121425,-20.663325,-11.248166,0.679751,10.428883,15.031134,11.975068,0.465284,-15.519382,-28.007889,-31.170711,-26.335143,-19.419001,-13.632622,-6.780873,3.239304,12.294221,12.510954,1.854181,-10.81585,-12.805046,-0.379239,16.434393,22.602212,11.70972,-8.704115,-24.120058,-24.604167,-10.776012,9.030242,25.967737,36.004056,40.304828,41.632914
-1.816083,5.439729,9.142696,9.04288,8.706738,10.10829,10.993235,8.120441,1.756738,-4.419004,-7.536279,-8.268853,-8.95266,-10.132982,-10.185836,-8.126813,-5.553047,-5.129965,-7.564998,-10.571733,-10.635245,-5.590826,3.830741,13.909512,19.464835,17.139106,8.721884,0.923868,0.163378,6.536417,13.503276,14.422871,9.138464,3.264272,1.273514,1.855266,0.815894,-3.009185,-6.910185,-9.098308,-11.471638,-15.521137,-17.155231,-9.563059,7.007639,20.881343,18.330689,-1.543318,-23.522464,-30.037739,-17.82439,0.605163,11.472406,13.036783,13.257614,16.87019,18.94382,12.413103,-1.083042,-11.532588,-11.958062,-6.754601,-6.604592,-15.86185,-26.952519,-27.852361,-14.222524,6.184274,20.201437,19.885468,8.118277,-4.222802,-6.722934,2.485517,15.109448,19.877075,13.350595,3.894036,3.152491,12.68201,20.864443,15.540099,-0.732731,-11.21842,-2.826428,18.291913,32.008236,25.244613,4.829061,-12.209505,-18.284779,-20.886541,-28.724337,-37.778292,-36.188565,-21.66381,-7.771738,-9.112775,-23.059855,-31.62579,-22.465983,-3.604034,6.500551,1.561523,-5.046008,2.931115,24.310478,41.406889,40.626815,27.450151,18.332292,20.578386,24.908275,18.577116,1.784,-12.53117,-14.081798,-6.5197,-1.780722,-5.51639,-11.041649,-7.721944,6.846151,23.974518,31.748824,24.527388,5.974493,-14.681602,-28.705725,-32.415279,-28.336357,-22.247841,-17.816727,-13.616008,-6.269681,3.190393,7.823577,1.830286,-10.865225,-17.52049,-8.408809,12.238535,28.72774,28.247842,12.285459,-6.436264,-17.061575,-19.141399,-18.751287,-18.951268,-16.488845,-7.567775,5.607837,15.859521,18.277017,15.206239,13.659422,18.318329,27.287482,34.078805,33.220393,24.428388,12.354212,2.603456,-2.665608,-5.957867,-11.284146,-19.386246,-26.131322,-26.158278,-18.395179,-7.738537,-1.06865,-1.704685,-7.570513,-13.785166
0.115363,-0.075255,-0.146682,0.002229,0.264396,0.437207,0.442529,0.408105,0.504434,0.705713,0.752967,0.401236,-0.281799,-0.893444,-1.022857,-0.635021,-0.127225,0.022783,-0.31043,-0.80296,-1.001888,-0.72931,-0.17898,0.333514,0.644623,0.75154,0.63401,0.207485,-0.472348,-1.030555,-0.964825,-0.134513,0.966693,1.549517,1.233931,0.411218,-0.148461,-0.057607,0.359705,0.505576,0.195121,-0.19046,-0.230746,-0.016513,-0.04521,-0.575777,-1.22582,-1.330755,-0.683922,0.195623,0.592715,0.330748,-0.111094,-0.197744,0.064992,0.218468,-0.021576,-0.370697,-0.289101,0.365172,1.103646,1.266978,0.675369,-0.211339,-0.745219,-0.651881,-0.173162,0.243173,0.326735,0.11285,-0.184361,-0.359281,-0.326676,-0.143483,0.045196,0.121166,0.094259,0.077901,0.138315,0.186961,0.074676,-0.195229,-0.405339,-0.338594,-0.044728,0.178703,0.11274,-0.118724,-0.183488,0.053442,0.330452,0.259904,-0.217707,-0.716474,-0.772253,-0.296408,0.363649,0.781109,0.808445,0.592071,0.329236,0.100874,-0.075503,-0.143812,-0.050541,0.13362,0.22125,0.08526,-0.198815,-0.426758,-0.471082,-0.376634,-0.258667,-0.163927,-0.069378,0.023244,0.069403,0.075268,0.140204,0.332215,0.53231,0.487969,0.084137,-0.461946,-0.745409,-0.54891,-0.05718,0.322376,0.340545,0.093003,-0.145395,-0.21674,-0.191174,-0.226908,-0.376131,-0.532983,-0.530293,-0.267923,0.212561,0.72716,1.034914,1.000142,0.724827,0.49119,0.50002,0.641242,0.575196,0.099433,-0.574754,-0.972376,-0.816587,-0.317458,0.034933,-0.044241,-0.391554,-0.630518,-0.585363,-0.409862,-0.338134,-0.398708,-0.422312,-0.280566,-0.030196,0.193465,0.351461,0.502155,0.652536,0.696074,0.54426,0.275554,0.08213,0.058865,0.099436,0.040111,-0.124583,-0.228079
1.495361,5.301077,7.231033,5.251161,-0.062775,-7.090692,-14.510706,-20.264376,-20.564607,-12.5012,1.29629,12.234502,12.526198,3.143628,-6.358651,-7.281478,-0.605502,4.797277,2.545474,-4.369643,-7.903469,-4.505582,1.998295,6.86198,10.595469,16.121279,21.211745,18.124285,3.316225,-14.603475,-20.882063,-10.133267,6.5789,12.950532,5.171303,-4.50084,-2.954899,7.709031,12.681427,2.716612,-13.874017,-20.224983,-10.347591,4.122185,7.611822,-1.875246,-11.89364,-11.195607,-2.387594,2.855224,-1.387209,-9.000473,-10.470315,-4.077082,4.22872,10.071782,15.203405,21.386692,23.55226,14.004335,-5.938428,-22.634145,-22.41294,-6.866756,7.455307,6.412604,-6.337289,-13.702798,-4.603439,13.539588,23.105357,15.328014,-1.437377,-12.259241,-11.446536,-5.752986,-3.47815,-4.283329,-1.769125,5.949951,12.024121,8.671842,-2.657237,-11.505922,-9.32224,1.289519,9.37728,7.20465,-2.12731,-8.680731,-6.179139,2.283541,8.397552,7.186187,1.029163,-3.786045,-3.229465,1.763737,7.33033,9.972561,7.82978,0.299787,-11.630858,-23.97873,-29.911031,-23.634305,-5.925265,14.214239,25.072133,21.359165,8.745006,-1.155562,-1.278376,4.823583,7.307767,0.393576,-11.737182,-19.235706,-16.20109,-5.618508,4.7214,9.926136,10.986533,11.14586,11.344714,10.298547,7.950386,6.656964,8.002461,9.632412,7.106141,-0.696075,-9.314786,-13.09575,-11.484331,-9.551847,-11.67368,-15.776104,-15.398659,-7.634568,2.361459,6.063548,0.596099,-8.018479,-11.060025,-5.808986,2.689082,7.963456,8.683645,8.178737,8.585544,7.574767,1.913192,-6.673709,-11.027871,-4.974956,9.990501,24.999045,30.932804,25.288719,12.568866,-0.975822,-12.217073,-21.235989,-27.912729,-29.642137,-22.919322,-7.237655,12.530203,27.742767,30.845532,20.252548,1.792212,-14.649859,-21.321396,-17.292438
-2.930503,-6.114636,-5.716059,0.370116,9.756462,15.910129,13.4281,3.888456,-4.521207,-4.779943,1.375617,4.920169,-0.543053,-11.201207,-16.816601,-12.059537,-2.47666,1.818339,-2.717795,-9.968648,-11.941309,-7.319651,-0.855914,3.959071,8.318234,13.422852,15.452229,8.84427,-5.21662,-16.807245,-16.425999,-5.421276,5.222476,7.113368,3.3832,3.655734,11.361225,19.046519,17.390908,6.771294,-2.764004,-3.00437,3.244666,5.875163,-0.794674,-11.873449,-17.475274,-12.790386,-1.838932,7.400827,9.841486,5.670468,-1.709482,-8.401109,-11.436969,-9.613943,-4.104753,2.10873,6.059618,6.165946,2.07132,-5.698252,-14.811316,-20.470671,-17.843784,-6.711215,6.901386,15.363676,16.184643,13.236953,11.03921,9.4419,5.636844,0.433914,-0.726589,5.111308,12.262066,11.029158,-0.459504,-11.814433,-10.875564,1.720954,11.599631,6.050563,-11.332394,-24.078439,-20.821598,-7.187517,1.759962,-1.066377,-7.981622,-7.200659,2.947004,13.037734,14.477297,8.934724,4.627976,5.665937,8.092481,6.389563,1.001585,-2.578634,-1.05519,2.721057,3.493524,-0.416163,-6.095307,-10.046099,-11.452831,-11.326665,-10.043063,-7.024591,-2.386374,2.342445,5.362143,5.72427,3.200093,-1.853852,-7.582719,-10.339475,-7.063778,1.291223,9.650642,13.300338,12.370263,10.981229,11.930737,13.351496,11.308746,4.815501,-3.021127,-8.596636,-10.953234,-10.717893,-7.572669,-0.978612,6.646334,9.954834,5.897671,-1.788102,-5.573941,-2.430577,2.336616,0.981662,-7.633448,-16.631553,-18.891041,-14.344604,-8.323653,-4.238892,-0.682534,3.90005,6.715317,3.771244,-3.139134,-6.068415,0.387984,11.60381,17.00658,12.05891,3.816811,2.772195,10.384936,17.270952,14.207832,2.710398,-7.149591,-8.348,-3.822048,-1.354719,-3.932298,-7.407064,-6.984794,-3.273869,-0.612392,-1.062173
-15.295161,-2.311249,8.281577,7.886028,-3.535371,-18.272793,-27.320134,-26.821883,-19.682804,-12.017107,-8.158001,-8.306574,-9.88974,-10.442359,-9.171204,-6.385332,-2.301572,2.982378,8.355004,11.165363,8.747832,1.194329,-7.313598,-10.651742,-5.423101,5.535325,14.228436,13.091205,1.062915,-14.807646,-23.954328,-19.855968,-4.751499,12.22943,22.054632,22.333515,18.267639,17.473111,23.139988,31.233008,33.928237,26.222867,10.094408,-7.165887,-18.766952,-23.227286,-24.117505,-25.322728,-26.489393,-23.165669,-11.803069,4.936137,17.924257,17.617306,1.992042,-20.322885,-35.027273,-32.018215,-12.643988,11.440277,27.040236,28.925113,22.585845,18.288346,21.596788,28.387526,28.545021,15.199463,-8.348155,-30.009092,-37.698653,-28.460153,-10.536354,3.20108,5.013459,-2.636746,-10.488191,-11.030487,-4.771984,0.960169,-0.674203,-9.199673,-16.552374,-13.737546,1.19165,20.628392,32.616231,29.607604,13.767596,-5.214067,-17.674916,-20.615225,-18.329372,-17.22198,-19.746432,-22.685858,-20.845632,-12.438962,-1.175778,6.762882,8.037073,4.943082,3.243508,7.064699,15.46297,23.658867,27.661004,27.927131,28.623473,33.135125,40.051839,43.611159,38.612008,25.592724,11.438592,4.318791,6.851306,13.286082,13.448988,0.610785,-22.968881,-47.341178,-62.001722,-63.129449,-55.258714,-46.46762,-41.543665,-39.008661,-34.211463,-25.214839,-15.753501,-12.282229,-17.62856,-27.098685,-30.996197,-21.942926,-1.001868,22.668884,38.547418,42.373424,38.417576,34.736519,35.741625,38.602116,36.515081,25.782541,10.282613,-0.771125,0.021189,12.297526,28.243656,38.787534,40.302985,36.222725,32.588616,31.862111,30.618531,23.046442,6.907626,-13.504687,-30.081361,-36.915235,-34.495213,-28.783604,-26.41015,-30.263358,-38.774542,-48.467611,-56.596215,-61.402638,-60.66395,-51.32149,-31.80195,-5.287697,19.77095,33.789139
24.298772,31.444715,24.333593,6.436208,-6.735097,-1.90712,17.323419,31.875488,25.087036,-0.518795,-25.231634,-31.286298,-19.547665,-7.014916,-8.757995,-23.557736,-37.230634,-38.352505,-29.074388,-20.686233,-20.302218,-23.294465,-18.650883,-0.84794,23.779388,41.804443,43.728221,31.564805,17.036455,12.235345,20.251184,33.090006,38.498399,30.036844,11.792855,-6.191857,-16.931316,-20.847953,-21.715726,-20.110141,-13.183284,-1.512061,6.266714,-0.504179,-21.89653,-42.562472,-43.287342,-19.843475,10.333255,22.806802,9.336786,-13.530944,-20.064445,-0.405496,29.555608,43.204508,28.355296,-1.621659,-20.564664,-13.238593,12.086617,32.517493,31.287146,11.320854,-9.398584,-15.012231,-5.539274,4.679486,1.657972,-14.327383,-28.684678,-26.602127,-8.093415,10.69334,11.911716,-7.045919,-30.237534,-36.835485,-19.069572,11.77059,35.55923,39.266496,24.772523,4.294534,-9.779371,-11.770743,-3.421835,8.921496,17.862197,18.584409,11.739891,3.173893,-0.651726,1.710946,5.459381,4.305955,-3.417767,-13.406134,-19.630165,-19.310623,-13.959917,-6.928888,-1.137096,1.313211,-0.710433,-6.155323,-11.306396,-12.297036,-8.988459,-5.552008,-5.989045,-9.073939,-8.879775,-1.087985,11.729306,22.080188,24.945034,22.482963,20.879623,22.993164,25.086079,21.267943,10.733676,-0.208605,-3.954536,0.180295,3.650549,-4.384017,-26.0565,-49.723936,-57.163062,-38.853202,-4.239937,24.017379,28.838703,13.726287,-1.363654,-0.328105,13.014057,20.241482,9.450264,-11.28849,-23.390166,-19.059782,-9.270267,-8.983367,-17.873284,-20.78771,-7.931017,10.700604,16.383954,6.217655,0.09905,18.317403,54.371922,76.676098,60.801836,17.128647,-18.378936,-21.385998,-3.357496,3.728501,-16.074396,-46.049164,-57.038603,-39.633498,-12.301423,0.743797,-5.539895,-16.174862,-16.08374,-5.524322,4.473857,6.905874,4.819479,4.096985
17.96502,24.677709,25.111749,15.044322,-2.130668,-15.144491,-14.854074,-4.314701,4.12026,3.329396,0.919884,10.913828,35.553004,58.373088,58.330139,30.904307,-6.442497,-30.172264,-30.962062,-18.472886,-8.891262,-10.452912,-20.013747,-29.209622,-30.953782,-22.225535,-5.719567,9.230152,10.998993,-4.031723,-24.805351,-33.079818,-20.953875,0.018164,10.332129,3.608526,-6.884294,-4.953016,7.751316,12.64781,-2.477981,-25.119399,-28.382459,-0.671828,38.757814,57.506635,42.723233,13.315549,-0.858828,10.930707,32.905071,42.672218,33.51099,15.722046,0.782964,-9.766309,-19.33343,-26.209157,-24.283478,-13.374266,-3.46757,-4.913258,-16.08665,-24.816126,-22.822348,-15.344735,-13.624495,-19.650432,-22.838578,-13.452475,4.004433,14.913672,11.952287,4.391624,7.152942,22.234448,34.891175,29.576628,7.282239,-15.335717,-23.071455,-15.721071,-4.603294,0.785318,-0.286173,-4.173704,-8.940833,-13.548412,-14.270302,-7.251151,4.194347,9.049812,-0.132525,-15.695787,-18.832537,1.80713,36.24468,60.302592,57.237548,31.527745,2.052169,-15.325208,-16.96952,-7.106055,9.241195,26.286989,34.69368,25.494614,-0.660273,-31.151027,-51.69663,-58.493356,-57.505876,-52.283162,-37.295482,-7.200783,29.409536,51.688195,45.510295,18.694591,-6.433135,-15.570998,-14.153553,-15.585084,-22.111587,-22.698276,-9.735751,8.054923,14.243352,4.663902,-6.516606,-2.83777,15.578801,32.782567,35.364866,25.699908,15.69621,11.744057,10.591089,8.857775,10.129124,18.295217,26.764219,20.977982,-5.306959,-39.226457,-58.51136,-52.539288,-31.598299,-14.887289,-11.924134,-17.340777,-21.035914,-18.515175,-10.348793,3.591867,23.760342,44.776221,54.823513,45.67891,22.955089,3.022399,-2.036922,4.500171,8.711042,0.659127,-16.696165,-31.605287,-33.758314,-20.564398,2.627573,24.675224,32.211572,16.773233,-17.01887,-50.941631
18.867339,10.789016,-15.456147,-33.616169,-24.505039,4.666393,30.546816,39.715969,39.182022,41.089827,43.887484,35.011688,10.809283,-13.649671,-19.295972,-4.821656,11.652708,13.138557,1.26552,-9.66997,-12.353104,-13.892938,-22.897034,-35.228606,-38.249156,-27.514659,-12.672923,-4.039779,1.786339,16.5293,40.711015,56.088505,42.53181,0.665139,-46.685352,-75.376886,-77.785872,-59.208766,-24.37044,23.028571,67.861693,82.916502,52.750423,-2.179534,-36.421617,-23.076255,16.571794,35.324187,13.10017,-20.6205,-23.710519,5.144606,22.790724,-4.151863,-51.95237,-60.789703,-4.535058,72.913469,101.781996,62.781488,6.232257,-9.501004,12.907676,16.636826,-33.971045,-101.25367,-111.233306,-39.177825,57.040372,96.925771,62.451222,10.856086,2.956619,32.670242,39.075596,-16.328065,-99.358059,-137.425277,-97.067675,-17.219831,34.301822,27.792832,-9.275614,-31.394302,-20.770448,6.860728,29.548785,40.376656,43.260656,39.72501,27.949568,11.296577,-0.719209,-2.265124,2.767764,7.668495,12.159794,19.704104,27.125986,24.077701,6.635635,-13.006981,-17.157474,-3.295462,11.59962,10.686881,-2.71551,-10.223992,-2.213892,10.464425,11.722864,1.354046,-6.676414,-5.802631,-7.125396,-22.232297,-41.943643,-43.58915,-21.855722,-2.239557,-13.400943,-48.475917,-66.096601,-36.703331,19.014207,49.013921,28.004476,-13.595448,-26.015028,0.88563,27.666319,17.002255,-16.702821,-22.543654,23.266678,82.989531,96.722654,51.221985,-3.386002,-10.230134,29.589391,59.300014,32.925962,-30.600716,-66.806568,-35.721045,35.125563,79.199077,56.816692,-11.020696,-69.624027,-83.146663,-59.140449,-29.457556,-16.387733,-18.598247,-22.664564,-20.536203,-14.809172,-11.722017,-13.183918,-15.654483,-14.57067,-8.684852,-0.46463,7.279645,14.994849,25.820155,40.047947,50.164263,44.124168,17.126363,-18.954911,-40.746569,-32.08537,0.426231
19.499573,3.818793,-10.679939,-12.818697,-6.875574,-6.0,-14.39229,-21.097309,-14.039833,3.015984,12.672329,4.008268,-13.517271,-20.000997,-7.913531,9.031847,11.458101,-3.930663,-21.386438,-24.194126,-11.958561,1.933815,7.206409,6.724252,9.226891,16.282606,20.618687,16.847199,9.443088,7.053609,10.595859,11.158341,1.396675,-13.524993,-19.863793,-10.592796,5.940624,14.864027,11.195569,4.382475,5.352457,11.683611,9.538172,-8.73833,-32.154605,-40.163924,-24.885706,-1.289135,7.768817,-3.770109,-18.470885,-15.051059,7.269429,27.421196,26.041436,7.202721,-6.626185,-0.597724,15.630944,19.74507,3.552174,-16.576479,-18.015143,1.956789,22.224361,20.853751,-0.74339,-19.320158,-14.969898,7.725599,24.879025,18.256561,-6.627776,-27.024386,-25.786856,-7.037272,9.603393,8.742223,-6.803639,-20.213093,-17.66527,-1.350404,13.576681,14.328563,2.40123,-9.825931,-13.361639,-11.338685,-12.179155,-15.967361,-12.150356,6.524127,30.558436,40.031415,26.774948,6.199086,1.355286,15.399263,26.492821,15.041453,-7.944589,-9.312303,24.871151,62.726362,52.304405,-21.581003,-111.593736,-146.770865,-99.434713,-10.742987,51.024323,53.948925,22.70149,1.703268,7.991829,23.394577,24.806839,10.87674,-3.071988,-7.355071,-6.302427,-6.188237,-4.27714,4.808673,16.567069,18.562285,6.272718,-9.057147,-13.233541,-7.068543,-5.238275,-15.899831,-27.072374,-19.041507,10.548411,39.705752,43.530336,20.532841,-5.865867,-11.87904,3.476078,20.213385,18.993232,-1.813634,-28.34111,-45.193555,-45.32856,-30.338056,-6.976583,15.146126,26.662035,24.223583,14.171731,7.867054,11.097636,18.310782,18.607789,7.640464,-7.324618,-14.620321,-9.970605,-0.65818,1.846772,-6.875226,-20.041596,-26.303846,-20.613649,-8.825334,-1.422087,-2.512558,-5.77315,-2.508445,6.632763,10.766898,2.172775,-10.741043
-0.238173,3.586165,2.715338,-4.367943,-15.199478,-24.092909,-25.442896,-17.445863,-3.572231,9.410249,15.60447,13.476928,6.3001,-0.584038,-3.508023,-2.459083,-0.049426,1.357652,1.824635,3.51227,8.247418,15.231829,21.07632,22.389431,18.888709,14.331729,14.133669,21.180955,32.968605,42.423268,42.119221,29.054535,6.686157,-17.104376,-34.542109,-41.792419,-39.726137,-31.745697,-20.934853,-8.903079,3.162243,12.865318,16.570144,11.606757,-0.938026,-15.49546,-24.675564,-23.907561,-14.744892,-4.13177,0.203991,-4.915609,-15.931791,-25.154256,-26.244443,-18.498896,-6.795771,2.579748,6.845629,8.475593,12.45762,21.331128,32.084733,37.567181,31.517141,13.449317,-10.302096,-30.161428,-38.840181,-34.868871,-21.994542,-5.624145,10.425281,24.403324,34.716409,38.355231,32.069159,15.907411,-4.079166,-17.351183,-14.914613,3.875862,29.107273,45.421066,41.838452,19.628033,-7.818495,-23.765513,-19.817756,-2.144355,12.642676,9.46841,-13.811113,-44.040862,-61.597331,-54.433955,-27.274419,0.962776,10.117098,-6.822173,-38.115346,-60.684658,-55.663267,-21.465416,24.571747,57.081551,58.732265,30.846912,-8.041326,-34.128039,-32.573535,-5.082776,33.018172,63.057348,73.423362,64.017174,43.458442,22.425091,7.982488,1.745496,1.422143,3.361277,4.185798,1.347782,-6.421274,-18.228314,-30.444055,-37.717443,-35.834736,-24.849916,-10.014471,0.812509,2.009402,-5.977002,-16.731282,-22.113539,-17.758985,-5.873882,6.708109,13.698799,13.791885,10.981335,10.612047,14.401581,18.541832,16.594006,5.046058,-12.881725,-28.459205,-33.187468,-24.980399,-10.130386,0.648297,-0.526188,-13.260593,-29.130947,-37.430915,-32.340362,-16.519559,1.194609,12.093101,13.316647,9.106533,7.085576,12.56894,25.012443,38.824456,47.497878,47.828426,41.334651,32.354792,24.721304,19.621311,15.930891,12.212455,8.390964
-3.65549,-11.380069,-14.862912,-10.142982,0.203777,9.198828,11.496471,7.281731,0.73426,-4.420362,-7.290016,-8.292485,-6.632035,-0.559623,9.567591,19.290881,22.33655,15.755632,2.995076,-8.341949,-12.130523,-7.735618,0.555369,7.130337,8.219132,3.127308,-5.648368,-13.031897,-13.800731,-6.725842,3.128715,7.869374,4.385229,-1.606772,-0.962564,8.233417,16.446728,11.325721,-8.498962,-29.400923,-34.272316,-18.638385,5.08828,19.361157,16.792769,3.951697,-7.931802,-13.542958,-14.734235,-14.17459,-10.96021,-2.987134,8.525797,18.847154,23.779962,22.613771,17.179863,9.68588,2.438912,-1.703326,-0.919933,3.077776,5.904333,5.334558,4.438171,7.889035,14.832541,17.50914,9.021254,-7.939707,-22.219439,-25.046832,-18.649028,-12.85343,-13.971163,-19.104482,-21.78182,-20.728421,-20.326245,-22.664273,-22.272043,-11.362928,10.065377,31.549437,40.753372,34.262385,19.510613,7.10062,2.376494,3.664721,6.164727,6.060962,2.324432,-2.724776,-3.949449,3.18964,17.196645,28.761901,27.155832,10.593827,-10.195529,-20.743524,-16.399942,-6.802838,-6.063473,-18.341814,-33.341769,-35.97977,-20.434053,4.583563,23.159039,24.603782,10.613661,-7.236644,-16.392142,-11.829718,1.282718,12.161804,12.849748,4.197051,-5.448583,-7.84725,-2.173808,4.478275,3.814767,-5.719619,-16.684181,-18.063473,-4.255542,19.246549,38.354179,40.33026,24.195233,2.473568,-8.992079,-5.354614,2.567285,-0.609979,-17.965373,-35.380153,-35.1158,-14.397525,10.906186,21.728758,13.738602,-0.953918,-8.070377,-3.937495,6.110209,17.43496,29.037796,37.111138,31.924252,7.156464,-27.974201,-51.521829,-48.132248,-24.732435,-3.755905,-0.312585,-8.758852,-12.982581,-6.569178,1.565232,1.028322,-5.97298,-8.147407,-0.152372,11.400063,18.179358,21.4827,28.554376,39.232975,42.636332,30.419484,9.540028
5.363247,1.420939,-4.850711,-9.904655,-10.46408,-6.022231,0.407715,4.104543,1.948208,-5.094251,-12.23805,-13.959532,-7.87362,3.323994,13.349981,16.379572,10.921961,0.849944,-7.145491,-7.930403,-1.14535,8.858813,16.165278,17.208745,12.757719,6.773215,3.225138,3.304167,4.985137,5.035064,1.757457,-3.655151,-8.099016,-8.987132,-6.196717,-2.072403,0.425518,-0.071425,-2.479377,-4.347355,-3.969798,-1.846269,-0.349575,-1.851202,-6.715616,-12.659643,-15.967311,-13.740634,-5.70407,5.527066,15.738294,21.064104,19.496763,11.38064,-0.978568,-14.115876,-24.287152,-28.396243,-24.990554,-15.062698,-2.102413,9.029101,14.182496,11.976266,4.586641,-3.371999,-7.364251,-5.390808,1.106334,8.415609,12.990515,13.539801,11.463973,9.494387,9.595006,11.598951,13.433903,12.64018,8.043331,0.468018,-7.832994,-14.453673,-17.869129,-17.659834,-14.086533,-7.647269,0.895366,10.113187,17.72534,21.160202,18.806788,11.22091,1.356875,-6.596434,-9.290642,-6.039921,0.73154,6.760426,8.249691,3.901193,-4.46301,-12.988797,-17.903822,-17.437819,-12.524671,-6.01957,-1.007391,0.778797,-0.419944,-2.944026,-4.974474,-5.664602,-5.47219,-5.567404,-6.781019,-8.829747,-10.350792,-9.73211,-6.19051,-0.376719,5.905633,10.691398,12.907201,12.808691,11.561832,10.325777,9.522302,8.795526,7.612418,5.950978,4.462281,3.93264,4.475476,5.164032,4.522447,1.619393,-3.028129,-7.487595,-9.485676,-7.849771,-3.318255,1.869999,5.334606,5.913162,4.098006,1.337883,-1.157148,-3.139424,-5.054298,-7.116417,-8.641529,-8.341152,-5.449864,-0.758252,3.445995,4.739894,2.366845,-1.890279,-4.598378,-2.904213,3.377313,11.334478,16.617429,16.145874,10.050391,1.533215,-5.227854,-7.667756,-6.169019,-3.355611,-2.024982,-3.290036,-6.199964,-8.902373,-10.254242,-10.557762
1.455246,6.001371,3.609148,-4.530519,-11.610758,-10.966225,-1.710929,10.708148,19.209948,20.53437,16.706961,11.861432,8.074124,4.310313,-0.966414,-6.781555,-9.764942,-7.506372,-1.697503,2.457639,0.504602,-7.104023,-14.906302,-16.703177,-10.509474,0.116709,9.328906,13.700722,14.212059,14.152065,15.414903,16.876334,16.166138,12.704931,8.752572,7.379242,9.42309,12.479573,12.89509,8.788141,1.255475,-7.099549,-14.482918,-20.605691,-25.302576,-27.061864,-23.66182,-14.744132,-3.666874,3.864539,3.916931,-2.26066,-8.893342,-10.307622,-5.70618,0.152244,1.104409,-5.027307,-14.552419,-21.134298,-21.130262,-16.259353,-11.3969,-9.798408,-10.267045,-8.735306,-2.499646,7.027622,15.557353,19.75771,19.925838,19.100612,19.803076,21.797418,22.986118,22.209517,20.770784,20.941654,23.029761,24.32876,21.500305,14.309454,6.842253,4.420072,8.6085,14.957843,16.007824,7.352453,-8.436371,-23.55739,-30.971481,-29.467852,-23.572531,-18.808453,-16.95243,-15.640375,-12.306638,-8.198862,-8.142092,-15.911252,-29.52682,-41.231346,-42.798995,-31.915859,-14.184023,1.023255,7.393443,5.59799,1.45143,0.449415,3.607166,7.833637,9.780954,9.218924,8.916955,11.549427,16.831972,21.596295,22.593646,19.366637,14.697227,12.465814,14.904098,21.353615,29.019784,34.625003,35.680262,31.033465,21.098892,7.962882,-5.044761,-14.661789,-19.327403,-19.859744,-18.441278,-16.723047,-14.85482,-12.439084,-10.354884,-11.176884,-17.059379,-26.667918,-34.361296,-33.36747,-21.059437,-1.931294,14.800237,21.595423,17.89104,9.776358,4.253865,3.109355,1.885365,-5.075114,-18.118711,-30.434576,-32.935906,-21.84283,-2.334201,15.042182,22.193529,18.892121,11.406392,6.062519,3.78915,0.464678,-7.631305,-18.637549,-25.218768,-20.091481,-2.237252,21.458611,40.402961,46.846967,39.923199,24.955808
-18.095356,-12.880423,3.609692,19.915538,24.886562,17.018141,3.887144,-5.762169,-7.992383,-3.528326,4.451768,10.594667,8.227798,-5.42262,-23.396635,-31.546912,-21.009993,1.14963,16.364413,11.898565,-6.577535,-21.084937,-19.785376,-7.870986,0.109285,-3.271549,-11.36264,-12.091234,-1.00807,15.263667,26.749245,29.175969,25.814363,22.687046,23.007169,24.815364,22.338304,10.379008,-10.245283,-30.797288,-40.134635,-34.486731,-21.624617,-13.371649,-13.318141,-13.626641,-5.359762,9.547583,19.473591,16.645936,6.617012,1.682646,6.089921,11.403998,7.855149,-2.670738,-8.511391,-2.707581,8.146657,11.793789,5.012366,-3.070933,-2.664152,4.932848,9.704496,5.540199,-2.906286,-6.810433,-4.017096,-0.824484,-3.709884,-11.879342,-18.849239,-19.589636,-14.528159,-7.55529,-2.272479,-0.34051,-1.302761,-2.522675,-0.562413,5.234888,10.67949,10.488151,5.087147,1.685999,6.215549,14.948979,17.353629,8.702521,-2.619301,-3.581984,8.08003,20.334092,20.452434,9.664941,0.857674,2.252832,7.605169,5.003862,-7.495972,-19.656648,-22.619379,-19.891705,-21.153039,-27.481419,-28.375151,-15.361914,5.451105,18.833516,17.471976,8.902083,3.902316,2.366029,-4.241067,-17.460283,-25.473379,-16.642549,3.276573,13.826796,2.38676,-19.272862,-25.244204,-2.533574,34.813737,59.502993,56.747841,34.99849,13.736997,4.747042,5.725495,7.780808,4.785799,-3.901823,-15.185887,-23.759984,-24.02261,-14.519206,-1.518641,4.410552,-2.122034,-15.543826,-24.583988,-23.467177,-16.660782,-12.371963,-13.144881,-14.353178,-10.866006,-2.730109,6.280207,13.516738,18.824922,22.006606,21.642218,17.425713,11.815075,7.405083,3.378088,-3.06804,-11.171117,-14.764171,-8.375844,5.194415,15.762303,15.434307,6.325616,-2.527651,-5.024956,-2.977042,-1.533495,-2.324209,-3.008323,-2.101526,-1.038909,-0.648771
-9.593568,-12.792085,-14.542259,-13.619515,-4.964758,10.08535,18.288814,8.292807,-11.435455,-18.593988,-4.628453,12.140095,8.643012,-12.723217,-26.20838,-14.838362,9.695845,23.58613,19.141384,8.423333,3.203977,1.796872,-2.748219,-9.951153,-12.727243,-6.719576,5.816823,18.714938,24.622309,18.634816,5.30088,-0.496057,11.34302,28.497785,23.417295,-14.371886,-58.897659,-71.030406,-40.953727,1.596961,21.734348,15.142208,3.702616,3.503302,8.748011,6.451118,-4.392383,-13.543067,-12.518239,-0.594025,17.713954,34.011967,37.332288,22.718797,0.075107,-12.703047,-9.181967,-1.663248,-4.556525,-15.61772,-20.948091,-15.753727,-10.401647,-13.905688,-20.412566,-18.392196,-7.410922,2.782854,7.693723,13.221807,23.43502,31.463596,28.34298,16.216898,6.049123,3.987468,6.20413,7.006494,5.775932,4.111983,1.662156,-1.861522,-4.921499,-8.480397,-17.855532,-34.07592,-46.109326,-40.193095,-17.953776,2.99684,10.426445,11.751572,19.828148,30.938532,29.032563,11.223844,-4.54975,-3.734486,3.859405,-0.806743,-15.561185,-17.380091,4.106231,27.576741,24.627373,-4.235501,-30.227928,-30.403369,-9.168843,15.197356,32.131881,39.125251,31.159661,4.827701,-27.841291,-43.413347,-31.468069,-7.624108,4.655983,0.329434,-6.669553,-5.603375,-1.335399,-2.841375,-8.607075,-9.839454,-3.139884,7.287953,17.82804,28.147943,35.118976,31.676055,16.16149,-1.862175,-10.802177,-10.196253,-9.418794,-13.729913,-17.399745,-12.927536,-2.478069,4.366922,2.580135,-3.019686,-5.057856,-2.990472,-3.169849,-10.524491,-21.717748,-27.145835,-20.130512,-4.191241,10.199302,17.240381,21.965957,31.089188,39.032528,30.552715,1.895433,-26.489411,-28.206787,-2.693255,20.385453,14.152062,-14.051568,-32.188075,-21.414546,5.44572,24.267326,27.382292,23.563921,18.239662,6.949339,-10.802039,-23.169733,-19.101149
32.476584,47.154484,48.966799,41.060913,30.115698,18.679156,4.805987,-12.370597,-29.224937,-40.292158,-42.923871,-38.586891,-30.791047,-23.112121,-18.458591,-17.890139,-19.019848,-16.966579,-8.767044,3.20526,13.595331,19.933716,24.343111,28.287695,27.586694,16.177958,-4.055172,-20.007248,-17.574462,3.943559,29.432035,41.244106,34.239863,17.148407,1.089374,-10.133533,-18.339203,-23.87905,-24.505772,-20.780809,-17.971087,-19.392487,-19.863707,-10.26579,10.005708,28.351583,30.329929,15.515793,-0.981768,-4.252777,5.077964,13.369344,10.6729,1.535451,-2.259132,2.850451,7.60391,1.350774,-14.538008,-27.03153,-24.884758,-10.121582,4.173283,6.396703,-3.491071,-14.853405,-16.009883,-4.071634,12.359206,19.613581,10.312793,-9.082942,-22.175645,-16.618848,3.880704,22.098397,23.390065,9.588144,-3.890257,-4.535581,5.286352,13.478554,13.136091,9.203354,9.934452,15.099467,16.142802,7.641386,-5.073521,-12.061597,-10.756927,-8.402623,-11.927494,-18.405635,-18.450783,-8.322734,4.579009,9.769209,5.222787,-1.690139,-4.325135,-4.649481,-9.050278,-18.037453,-23.696582,-18.770411,-6.149729,3.535907,4.029462,0.785838,4.266661,16.651973,27.738867,25.558798,10.148281,-5.230663,-7.315362,3.79942,15.732923,17.804546,12.076631,9.188713,14.252177,19.606026,13.344938,-6.029939,-26.208397,-33.609653,-27.735979,-20.536275,-21.387895,-25.631395,-20.738916,-2.94891,16.058534,21.397649,12.015957,1.925071,3.757472,14.316509,19.4622,11.960727,0.096228,-3.304094,2.893646,7.301011,1.295,-9.53789,-12.600884,-4.666013,3.899819,2.41565,-6.890668,-12.978166,-11.416171,-9.782639,-15.142327,-20.688465,-11.484015,15.456872,42.243278,46.320612,24.71186,-2.395265,-13.59326,-8.093439,-2.384877,-7.556734,-15.949548,-12.748153,3.452293,17.461933,15.316991,0.550672,-10.72447,-8.755377
-9.231987,-17.329487,-11.888043,4.978883,18.444643,15.047067,-3.826487,-22.911772,-26.675254,-11.423791,14.294319,37.951226,50.358946,47.671781,31.01185,6.534752,-15.957874,-28.030017,-28.124699,-21.838563,-16.319763,-14.786696,-16.329636,-19.014673,-20.90324,-18.555075,-8.069866,9.492232,24.845097,26.607631,13.147209,-3.221321,-7.069575,4.154666,16.897849,15.99038,1.38919,-11.883422,-10.882605,0.587453,6.74253,-1.403075,-14.897452,-16.265784,0.964749,24.235165,33.945642,22.282526,-0.55796,-17.613133,-20.728539,-14.924248,-9.531824,-7.457371,-3.770104,6.465074,20.600351,29.194836,24.172953,6.240143,-15.251488,-29.350437,-30.818556,-21.85342,-8.353259,4.463135,13.404063,16.624072,13.958976,8.322425,4.83104,6.249918,9.018992,5.62333,-7.43145,-24.363864,-34.355197,-31.538084,-19.786988,-7.14303,2.816508,11.874309,20.116688,21.926607,12.474498,-2.737509,-9.360844,1.496472,21.655181,32.110848,22.314298,1.388459,-11.646729,-7.628287,5.139014,12.48943,9.843922,3.623841,-0.111589,-3.120393,-9.344155,-16.01696,-15.712385,-7.459913,-0.915747,-5.649147,-18.120228,-24.074228,-15.243624,0.006453,6.25245,-0.287427,-7.31706,-2.326058,11.005323,16.877661,7.281598,-7.27531,-10.143204,1.138006,12.039811,9.476204,-1.594822,-4.435441,7.860887,22.428227,21.36477,3.771036,-11.703117,-7.540268,12.551637,27.179039,20.059758,-3.579758,-23.93127,-27.139863,-16.517135,-4.775464,0.678713,2.347796,4.725268,6.199868,1.256673,-10.520043,-20.550985,-18.13871,-1.280227,19.900254,30.805729,23.988033,4.439206,-15.255667,-24.725153,-22.156682,-13.135856,-4.849376,-1.428724,-3.258702,-8.412923,-13.376377,-13.322544,-4.445545,11.781019,27.095531,31.80688,23.829913,12.027843,8.407512,15.638793,23.185125,17.598049,-2.837904,-24.768972,-32.026725,-21.022293,-3.403551
10.491594,14.435765,12.568222,4.90095,-4.101521,-8.553093,-6.140512,-0.984176,-0.673986,-8.75262,-19.770543,-23.382681,-14.903245,-1.273853,5.288384,0.08276,-9.245153,-11.980579,-7.05384,-3.588307,-8.139334,-14.546085,-10.193218,7.73143,26.094058,28.92495,15.43036,1.417733,1.663179,13.462324,20.373594,11.366059,-7.001199,-18.4807,-14.491882,-0.984748,10.55356,14.772348,13.585631,9.165959,0.700981,-11.036667,-19.698406,-17.741452,-4.794778,10.74878,19.37702,18.272081,10.870328,0.920458,-10.13254,-20.216459,-24.759019,-20.534686,-10.326997,-0.910907,4.086951,6.926499,10.014996,9.945462,1.16245,-14.01975,-23.080086,-14.964441,6.193574,22.501807,19.523212,0.798595,-16.507776,-19.391844,-9.999951,0.774658,6.629569,9.510197,11.828661,10.574442,2.360886,-8.223812,-10.341583,1.231048,18.596406,27.980743,23.957446,13.943669,8.180601,8.040341,6.65593,-0.291776,-8.280724,-10.098616,-5.890298,-3.645515,-9.212153,-18.474861,-21.739239,-15.197307,-5.64018,-2.754102,-8.054952,-13.23893,-9.717175,1.399062,9.780396,6.348113,-7.008859,-18.211289,-15.710935,0.703298,18.954346,24.731757,13.819265,-4.320615,-14.985801,-10.883541,2.712839,14.455916,17.68275,14.612394,11.234123,10.226378,9.860192,8.271486,6.121876,4.294301,1.130526,-5.476453,-13.355038,-16.017521,-9.268061,2.985236,11.574732,11.130296,4.838985,-0.493882,-2.370395,-3.499375,-5.604252,-5.86719,-1.807971,2.258702,-2.188291,-17.184764,-32.704857,-35.173596,-21.89198,-4.532445,3.247482,0.229228,-2.399308,4.996099,19.20269,28.131334,24.33955,12.242701,2.139586,-0.372772,2.23048,4.582806,4.148104,1.76861,-0.727321,-1.58501,0.802491,6.229325,10.843272,9.47692,1.669874,-5.927148,-5.869826,0.846679,4.216561,-3.956067,-19.31808,-27.399625,-17.835072,4.804216
9.643312,13.714813,2.606337,-9.354025,-9.523919,-1.76193,1.444955,-2.795914,-4.479333,3.805646,14.62771,14.12376,0.126952,-14.277755,-16.471604,-8.29715,-0.354377,4.101221,12.33809,27.713921,38.759,29.843787,2.171751,-22.665046,-24.30996,-5.975438,9.649995,6.470683,-8.016749,-14.215579,-4.968754,6.898255,5.59439,-8.434227,-20.029054,-17.524537,-4.45222,7.480112,12.347554,13.133841,13.057374,9.271595,-2.502603,-20.029946,-34.847665,-40.136251,-35.498614,-23.676956,-6.172522,14.806423,31.910546,35.296506,22.481276,3.525163,-7.066974,-4.140215,4.455139,8.642299,8.117124,11.109278,22.200382,34.994404,38.793093,30.611675,17.652291,7.971202,1.712622,-6.505719,-18.333837,-28.150491,-29.591313,-23.363494,-16.56166,-15.06691,-18.774007,-24.256486,-29.201601,-31.905401,-28.135016,-13.159403,10.290891,28.204601,24.500796,-2.572213,-34.115961,-44.15288,-22.320358,16.425346,45.466036,50.398882,39.623237,32.145282,36.605043,43.597054,38.034327,16.789804,-7.673386,-20.540155,-19.159527,-13.10598,-11.377851,-12.687112,-9.882608,-1.853388,2.829037,-4.145696,-19.239814,-28.739267,-23.132241,-8.07169,0.987843,-5.167426,-20.461256,-30.649289,-27.387636,-13.62163,3.263825,19.609823,34.875398,45.64228,45.141805,30.89274,10.449772,-4.046517,-7.768895,-7.453724,-12.208229,-21.537841,-25.267308,-15.915694,1.22543,12.713255,11.22775,2.874472,-0.919713,2.78061,5.221104,-2.771311,-18.068657,-26.060332,-15.092269,10.44961,32.386691,34.703657,17.830469,-2.350312,-9.416197,-0.770938,11.765009,14.557016,4.834304,-8.670638,-16.198922,-16.424587,-15.165285,-16.450259,-17.423358,-12.880306,-2.817804,7.153361,12.837978,15.953539,19.460487,20.282311,11.08761,-8.698476,-26.662235,-26.94262,-7.405609,15.536438,22.153608,8.91754,-9.370835,-16.56858,-11.075495,-3.317349
3.770595,6.639376,8.734761,8.065934,4.26899,-0.956507,-4.965903,-6.134145,-5.216213,-4.969364,-8.132767,-15.136465,-23.259684,-28.034923,-26.094222,-17.525806,-6.023848,3.4022,7.655307,7.475655,6.666246,9.10201,15.605885,22.943755,25.76626,20.27847,7.173287,-8.202243,-18.656958,-19.18998,-9.724613,5.079843,18.644284,26.009775,25.933695,20.527883,13.106845,5.953886,-0.519626,-6.95118,-13.503744,-18.998553,-21.417524,-19.368323,-13.359214,-5.875129,-0.123129,1.741433,-0.247908,-4.068807,-7.05403,-7.479065,-5.417798,-2.43364,-0.426592,-0.428792,-2.079056,-4.01778,-4.871833,-4.184455,-2.72992,-2.041123,-3.431082,-7.067667,-11.635347,-14.811152,-14.348615,-9.22278,-0.228023,10.307614,19.551936,25.387428,27.165264,25.632614,22.182351,17.974594,13.501912,8.801909,4.028193,-0.166267,-2.809167,-3.25862,-1.819385,0.20518,1.16603,0.044534,-2.890949,-6.190786,-8.022584,-7.148851,-3.509894,1.829735,7.179655,10.782973,11.208421,7.643094,0.260859,-9.378172,-18.283547,-22.802718,-20.232477,-10.586133,2.630205,13.488192,16.377507,9.067968,-5.726385,-21.41501,-30.8355,-29.981069,-19.990366,-6.255673,4.740074,8.895296,6.237283,0.128131,-5.242664,-7.289569,-5.90716,-2.569359,1.323919,5.468865,10.360538,16.125289,21.615721,24.640307,23.25089,17.144035,8.116464,-0.787217,-6.848776,-8.917798,-7.597354,-4.472361,-1.121246,1.366574,2.241685,0.810964,-3.388649,-9.885179,-16.637471,-20.280899,-17.534271,-7.131607,8.949533,25.92887,38.279332,42.260096,37.429904,26.301638,12.528785,-1.053996,-13.241246,-23.771594,-31.960444,-35.972834,-33.538369,-23.742256,-8.576169,7.081547,17.411842,18.570927,10.86963,-1.158082,-10.957759,-13.263467,-6.726476,5.501593,17.441328,23.243898,19.903232,8.462146,-6.700403,-19.99512,-27.09799,-26.686159
-7.631206,-2.228935,0.863293,-2.802236,-7.203297,-2.252082,13.43233,29.43885,34.473552,27.994135,18.633787,12.582603,7.545656,-0.549013,-8.697682,-9.386087,-1.916546,3.658249,-2.319072,-15.748453,-21.34206,-10.379232,7.337079,13.304688,1.881787,-12.034417,-9.738014,8.497261,21.230666,8.153663,-27.021154,-58.004583,-60.267809,-33.03686,2.199619,22.58364,22.074063,11.209372,3.120123,2.058788,3.982035,4.508374,3.810595,4.398812,6.703104,8.691055,9.440071,11.115536,15.868191,21.217567,20.695143,10.94197,-2.294476,-7.768919,-0.302873,12.086245,15.306784,4.66883,-8.693744,-9.596701,3.239169,14.386009,9.212918,-7.965607,-17.87854,-9.904983,2.380253,-5.321228,-38.276371,-71.029094,-70.113105,-28.658572,24.453338,51.111516,38.144332,4.878754,-19.50499,-21.831872,-9.499028,3.615275,10.075701,9.894398,6.145237,3.686984,8.578506,22.494038,36.861228,37.80861,21.200002,0.612734,-4.915277,7.725684,20.782975,15.542734,-5.18337,-19.559881,-12.475748,6.122193,12.752631,-2.097556,-23.801753,-32.2511,-25.331508,-18.574626,-23.438418,-33.091462,-33.081908,-21.176231,-9.508832,-6.755861,-5.124482,9.349297,35.912003,55.282593,49.539346,22.366351,-4.342174,-12.769503,-4.198087,7.963421,14.671988,16.692729,16.58809,12.362451,2.057901,-9.521126,-14.29097,-11.231844,-8.630715,-13.326106,-20.51517,-18.529359,-3.763078,13.052331,17.729806,7.65751,-6.817568,-14.874459,-15.306479,-13.270318,-10.955566,-5.653817,3.73372,12.78718,16.256143,13.929214,8.866367,1.613603,-9.136054,-19.334484,-18.399655,-0.720333,22.875346,31.607723,16.330445,-8.715251,-20.813785,-14.757643,-8.034005,-17.176121,-33.961915,-32.652255,-1.604534,39.393512,59.10012,49.262403,31.709829,29.367812,37.324515,30.365618,-2.145841,-38.030049,-45.023243,-18.484023,11.02358,10.021895
-26.069032,-28.970334,-17.545694,0.514844,9.835393,2.768921,-11.872001,-17.555479,-8.021603,5.451367,7.013168,-4.113374,-10.46705,4.249364,33.612639,50.463363,33.521964,-8.693949,-43.302899,-43.546768,-12.842992,21.667283,36.700419,31.08173,18.418262,8.294922,-0.216379,-9.059174,-13.599154,-9.591298,-3.83981,-9.47588,-27.284162,-37.293669,-17.073014,29.76271,68.878907,65.107237,17.71685,-37.195634,-60.820072,-46.351691,-19.152116,-6.208111,-10.413905,-15.099151,-7.969683,5.368674,11.254986,5.819398,-0.72217,3.942603,21.213569,40.527447,48.420218,37.816954,11.756633,-18.199833,-37.775353,-38.656946,-24.686273,-8.565554,-0.066311,2.470836,7.239555,16.292667,21.56383,15.894362,4.977127,2.638736,12.822536,21.29053,10.7214,-16.884316,-38.976626,-36.897372,-17.715942,-5.84098,-13.094551,-23.825889,-14.711043,14.013467,34.949632,24.135847,-9.674379,-32.415202,-21.185622,11.789859,33.879029,26.65377,1.284576,-18.469684,-21.358384,-13.331091,-2.687658,10.688573,29.015492,45.843361,48.695639,32.783393,7.200011,-14.988809,-29.491529,-39.71472,-44.890497,-36.069147,-8.248478,26.38378,43.979872,31.396335,1.352633,-18.035868,-9.953933,15.42644,31.498253,20.110024,-13.526555,-47.436585,-61.519226,-51.038216,-26.516174,-3.900674,6.180552,3.560707,-3.882695,-7.681449,-5.292502,-0.17218,4.152369,9.113364,19.095045,34.536709,48.639182,52.429081,43.175459,27.155005,14.182656,9.986088,13.325332,18.407488,18.630841,9.393661,-9.464881,-32.292173,-50.185811,-57.371288,-55.422867,-49.867321,-42.675558,-30.54622,-12.312821,4.223962,7.497768,-3.868764,-15.399597,-9.570829,14.894094,39.647246,45.033726,30.334075,12.988623,8.218655,13.282198,14.038667,3.987311,-8.197181,-10.548615,-2.336324,7.26511,12.731914,18.405787,28.949131,38.166368,33.329555,11.078101,-15.925545
19.309887,25.632888,16.174508,-1.209364,-12.703071,-14.232548,-14.520157,-21.981763,-32.337525,-32.994536,-18.963239,-0.215902,9.037657,6.033324,0.958573,3.180021,9.992667,11.615175,4.996645,-1.803028,0.009812,8.690725,14.270954,10.944382,3.388274,-0.336453,1.056103,2.245294,0.287099,-1.092171,1.864026,5.34663,1.710633,-8.88771,-14.990268,-5.75638,14.71272,29.011837,24.180242,5.657428,-8.977274,-9.289101,-1.942919,-0.611117,-9.002954,-17.318869,-15.163312,-4.336929,3.551164,0.588072,-9.352844,-16.261364,-14.934555,-8.331683,-1.734878,2.96961,6.253107,7.030723,3.096086,-4.382338,-9.494007,-6.821409,2.516876,11.766002,15.715125,15.57239,15.852963,17.618615,16.775262,9.517799,-2.003705,-10.926562,-12.497636,-8.644856,-5.429098,-6.665849,-10.601151,-12.309339,-8.417033,0.411283,10.307684,16.498121,15.539552,7.283869,-4.088379,-11.670872,-10.436911,-1.731099,6.935287,7.865729,0.206111,-8.722537,-9.825165,-0.955792,10.333281,13.241961,3.865793,-10.544234,-17.740454,-11.671089,1.930892,11.110303,9.012305,-0.253166,-6.824529,-5.523549,-0.443045,0.68702,-4.471995,-10.549026,-10.907681,-5.013433,1.568647,3.873474,2.755803,2.914491,6.752526,11.472616,12.283543,7.492412,-0.008264,-5.491741,-5.846177,-1.040445,6.084751,10.87424,9.291177,1.487647,-6.673718,-7.429259,1.720288,14.57727,21.144542,16.595327,5.042717,-5.579866,-11.204596,-13.320238,-14.303472,-13.899976,-11.597292,-10.26004,-13.815152,-20.46319,-21.237424,-8.892734,11.68312,25.185567,20.638341,3.608414,-8.92019,-6.5631,3.655963,6.310023,-3.876988,-15.486773,-13.401713,3.939164,22.789903,28.949466,21.390171,9.961959,2.42413,-2.329884,-8.068701,-12.703102,-10.198822,-0.417366,7.487504,4.766855,-5.245621,-9.072231,1.614927,18.804849,25.222042,12.825616
8.441167,6.634467,-0.425967,-7.42313,-8.838073,-4.927882,-0.721422,0.873267,2.892244,9.547979,18.596324,21.340567,11.97596,-4.253725,-14.661464,-11.67574,-0.521186,6.694756,3.610328,-5.333975,-12.135713,-14.899368,-18.188362,-24.744476,-29.971653,-26.448157,-12.72839,4.450149,16.78124,21.345087,20.216033,15.267082,6.324216,-5.19939,-13.713619,-13.397711,-4.718718,5.154201,9.587595,8.938898,8.370612,10.100756,10.37517,5.2749,-2.344607,-4.522949,2.600281,13.19482,17.231544,11.298665,2.424912,0.618708,8.550035,19.259388,23.149129,16.030361,0.943149,-15.530878,-27.279212,-30.548071,-25.033738,-14.664996,-5.957315,-3.323386,-5.385149,-6.968113,-5.369669,-3.741115,-7.12877,-15.556846,-22.602406,-21.606619,-12.466631,-1.288364,6.178285,9.354984,11.016493,12.557484,12.908735,11.68424,11.056484,13.037687,15.978069,15.905709,11.840451,8.10846,9.730848,15.872533,19.574981,14.830935,3.110888,-8.10614,-12.914424,-12.041977,-10.458543,-11.490798,-14.427696,-17.009661,-18.151154,-17.382632,-13.16783,-3.994116,8.427838,18.623082,21.58094,17.518402,11.451799,7.734671,5.814484,2.024414,-5.066554,-12.370545,-15.715967,-14.651672,-12.792491,-13.40447,-15.536806,-15.165362,-9.94254,-2.215831,2.91873,2.454298,-1.649881,-4.271676,-1.848523,4.372456,9.626298,10.428978,8.364247,8.799218,15.186918,24.534146,29.29891,24.612439,13.491454,4.014554,0.959127,0.979736,-3.031455,-13.093024,-22.917971,-24.236864,-15.598807,-3.771285,3.439765,4.365579,2.845742,1.886449,0.21421,-4.318548,-9.851049,-11.376625,-6.736658,0.001529,2.581513,-0.502548,-4.445402,-3.722053,1.886036,7.560737,8.869585,5.652714,0.805996,-2.980772,-4.222772,-1.804215,4.264443,10.438919,10.0428,-1.081114,-18.490886,-30.333888,-26.709363,-8.697999,12.096577,23.105954
-0.821968,6.211297,8.241253,1.917343,-9.027759,-16.391365,-14.323617,-4.507911,4.916271,5.911232,-2.974233,-15.646856,-23.6334,-22.730656,-15.527819,-8.150373,-4.695356,-4.458634,-3.968826,-1.21261,2.322604,3.598717,1.643698,-1.069239,-0.954829,3.037468,8.237667,10.811448,9.520665,6.888762,6.570904,9.579641,13.206055,13.749212,10.256408,5.394616,2.519618,2.038116,1.064532,-2.988434,-8.588942,-10.479412,-4.694208,6.442944,14.824882,13.232578,2.575489,-7.414251,-5.805148,9.578611,28.773553,36.602922,24.607754,-2.085303,-28.891691,-43.23676,-43.300907,-36.676935,-30.974358,-25.817836,-14.149356,8.391634,35.396507,51.639587,44.578235,15.618326,-19.258961,-40.901959,-41.154327,-27.880503,-16.838916,-17.757774,-26.664943,-30.544707,-19.405946,5.185663,32.048258,49.916167,55.333721,52.330281,45.772881,36.120305,21.005058,1.338696,-15.519981,-20.232273,-10.233626,5.828064,13.43822,3.816511,-18.163727,-37.132991,-39.301823,-23.353453,-1.02611,12.701062,11.037329,-1.108167,-13.386468,-19.192607,-19.215068,-17.181276,-13.52305,-4.333101,13.02239,33.741864,46.276775,40.82022,18.496188,-7.534717,-21.110976,-15.17654,3.159411,18.741155,20.18405,7.386943,-10.806494,-25.336602,-33.453797,-37.631544,-39.403064,-35.489158,-20.755955,4.882244,33.003728,51.078026,51.522616,37.404215,19.538205,7.547631,2.87937,-0.291289,-7.833866,-19.392493,-28.919907,-30.919546,-25.767138,-18.748397,-14.09219,-10.521986,-3.312198,9.044501,20.728488,22.275072,9.592069,-10.160491,-22.383046,-16.423121,5.088329,27.582638,36.083795,27.243556,11.453863,3.247289,8.546964,20.02688,24.439036,15.001799,-2.415566,-14.70086,-13.304607,-1.654172,8.290656,6.80195,-5.47702,-19.082665,-24.884548,-21.979022,-17.185686,-17.257907,-21.73546,-23.425077,-15.943897,-0.919487,12.241704,14.066791
9.728342,21.652563,13.544629,-8.836479,-22.722749,-12.145971,15.164185,36.590463,37.901414,24.129853,8.180202,-5.488109,-21.278445,-39.159795,-48.392069,-38.964884,-16.448399,0.613817,0.216366,-9.638345,-10.623429,3.830609,20.362296,21.393608,6.167302,-7.710307,-3.886164,14.730055,29.570035,26.439083,9.363396,-5.366877,-6.163094,4.396128,14.976757,17.049965,10.566536,1.01497,-6.327266,-9.479768,-9.599979,-9.273391,-10.303154,-12.121038,-12.578505,-10.914608,-9.218971,-9.425531,-9.025982,-2.42593,11.121454,22.250211,18.335057,-1.812095,-22.16524,-22.901304,-1.583602,21.403623,22.043058,-2.105629,-28.027872,-30.031194,-5.391129,24.005425,34.370404,21.737038,1.058667,-12.240119,-15.570556,-14.843584,-12.52208,-4.852811,9.773726,24.579014,29.715806,22.523562,9.696371,-0.680543,-6.492432,-9.905216,-11.219912,-8.1602,-1.193255,4.392112,4.55692,2.750117,5.92696,13.475801,14.023743,-2.619328,-30.931211,-51.37892,-49.232947,-29.837592,-12.119549,-7.423129,-8.450812,-0.799251,17.985549,35.501947,40.35507,35.603127,32.485431,33.528158,28.492306,9.637969,-13.874787,-23.460067,-13.579302,-0.927851,-6.18211,-28.317224,-43.098748,-29.933391,3.219255,26.497607,19.769512,-6.311675,-22.907712,-13.833601,9.816896,24.761811,20.143692,4.538848,-7.624193,-10.354977,-5.901497,3.605421,17.786372,31.555432,33.489733,16.141587,-12.643743,-33.277569,-32.164712,-15.110559,-1.444991,-5.010235,-21.751909,-34.991146,-30.715071,-7.945704,22.054991,43.340152,43.810295,22.372916,-8.159016,-27.349032,-22.002727,2.024665,24.303521,28.582913,16.93802,3.857848,-2.286357,-7.472506,-19.666763,-32.400174,-27.856605,0.896718,35.339208,45.801879,22.055857,-14.142865,-30.448595,-16.628097,7.23815,14.792827,1.29267,-15.133029,-16.850655,-5.537438,3.72989,2.252371,-3.827211,-4.293597
-44.157713,-63.421188,15.696767,91.435458,41.247905,-47.423157,-42.850147,9.48504,15.930112,-8.378512,-15.458073,4.011257,35.498656,37.920336,-2.401664,-19.046718,15.890424,21.437618,-23.787809,-26.389931,20.273903,13.55087,-44.118599,-52.654471,-13.608161,-2.665523,-12.331693,6.316638,37.384258,47.054552,41.786442,28.84397,5.496632,-9.175904,-5.086231,-11.449884,-35.760767,-35.775953,-6.584873,-3.274426,-29.069685,-22.993463,11.269998,16.004183,9.584383,31.598591,28.699464,-25.277104,-38.923651,15.281856,39.623729,12.383193,-0.625673,-7.944584,-20.969701,21.528655,77.431486,30.294748,-48.44641,-27.141122,7.344096,-28.020013,-11.123079,53.520268,-25.905837,-172.459024,-112.274404,75.71428,99.361087,-5.705881,-29.220858,7.536244,14.65037,39.270557,79.405607,56.019494,5.95113,2.806399,6.30094,-15.632918,-17.394914,1.167082,2.920377,-0.74563,-6.490838,-34.708719,-51.469063,-28.078757,-17.989222,-44.722663,-43.716669,8.330978,55.143714,60.492466,29.650083,-16.49237,-34.723657,-11.238242,1.107262,-17.893852,-10.149833,36.990109,52.801228,20.017566,12.296636,56.357657,77.638845,28.913471,-24.007509,-16.800984,-4.246317,-52.856183,-101.012751,-71.727911,-22.400784,-26.95141,-40.427531,-14.57177,9.34328,8.002043,16.011263,39.039768,56.275567,63.521868,45.194034,-3.596494,-29.931475,-0.992489,34.976212,34.183251,6.017596,-28.663981,-40.280665,-15.183739,-3.279987,-25.097995,-8.3281,45.613249,22.274412,-60.510954,-48.467387,47.448705,65.691874,-7.999248,-55.688865,-47.085244,-23.941495,-1.204045,7.116913,-6.255462,-14.075278,-7.625141,5.034937,38.887227,69.907718,46.624906,12.140238,25.777423,22.88122,-31.248749,-38.911841,2.996839,-17.839749,-56.601114,-1.09121,51.458298,-0.42546,-26.048601,37.370648,27.792252,-77.279885,-91.716548,-4.482004,16.317663,-32.3776,-19.719711
4.932618,-11.191515,-27.908604,-31.438572,-18.984184,-0.713841,11.226768,14.05186,14.165222,17.543628,22.754761,23.817786,17.891766,8.332095,0.730361,-2.302689,-2.266372,-2.568319,-6.38302,-15.148475,-26.526556,-33.520478,-28.369705,-10.085071,12.148656,25.524618,24.859845,16.248623,8.554459,2.901697,-6.530775,-21.094409,-30.715972,-22.294636,4.703182,34.038303,46.293026,35.968189,13.833206,-6.192801,-19.181583,-27.730514,-32.625841,-30.047943,-18.558987,-4.486538,3.552863,4.564254,5.820927,12.362375,18.881751,15.467656,0.919065,-13.111554,-13.112717,2.663724,23.259211,36.317166,37.588302,29.546685,15.006042,-3.982693,-22.224116,-31.594195,-28.37545,-18.599979,-12.644881,-14.234452,-17.49876,-15.932566,-11.234296,-9.889659,-12.197663,-9.679606,3.832116,21.458981,28.508404,19.167551,4.022768,-2.058578,2.728261,6.466868,0.684643,-6.735331,-0.431642,21.773188,42.314929,40.925715,16.076926,-13.796546,-29.747343,-29.328304,-23.258374,-19.381686,-14.988668,-5.014689,7.302457,12.311712,5.704076,-5.316319,-9.182854,-1.638784,11.045029,18.990825,16.816833,5.95124,-7.541822,-16.00883,-14.169391,-4.123285,3.62086,-1.762968,-19.307414,-34.006115,-30.589175,-10.333811,9.056673,12.862038,6.697241,10.378561,33.520262,60.815035,65.429895,36.91362,-7.008862,-37.281104,-39.929325,-24.525426,-9.502407,-3.850108,-3.996715,-3.791411,-2.189518,-1.191999,-1.084371,-1.112996,-2.905494,-8.998857,-17.138199,-19.428835,-10.202499,6.173622,18.270428,19.096184,12.604176,7.563854,6.968148,6.21431,1.140156,-5.847887,-9.702409,-10.272187,-11.930406,-15.437655,-14.241004,-2.281445,15.948245,27.41147,24.241853,12.778396,5.983544,7.944339,9.720372,1.881466,-12.23727,-19.828431,-14.705606,-5.678902,-5.911714,-16.001658,-22.067494,-12.022763,9.243308,24.085415,20.91349,5.828734
-6.724646,-8.30121,-7.202168,-3.408665,0.941834,3.151687,2.601347,1.985003,5.535732,15.296906,28.626047,39.477427,42.79254,38.325283,30.403774,23.687308,18.811935,12.198444,0.481287,-14.662779,-26.4737,-28.850931,-23.021798,-18.360731,-25.100342,-44.20345,-63.430961,-64.546189,-37.363123,10.287332,55.460191,74.819281,60.476806,24.927303,-8.564692,-22.465522,-15.734343,-1.441114,5.438405,-0.477459,-12.835512,-20.854746,-18.672666,-8.968564,0.790499,4.734565,1.785278,-5.845876,-15.596698,-25.20099,-31.057533,-27.794635,-11.593759,14.752151,40.417522,52.086125,43.472274,21.090309,0.453368,-5.373383,4.067415,16.396336,16.786218,0.619894,-22.128332,-34.534297,-26.067274,-0.641738,26.917966,42.444201,42.073348,32.439114,22.566754,15.643304,8.077435,-4.162222,-18.930858,-28.104702,-24.926134,-11.627851,0.378315,-1.012104,-18.221163,-40.797922,-52.770303,-44.993525,-22.521704,-0.91862,5.620949,-5.083939,-22.044149,-29.976661,-20.940448,0.26351,20.568006,28.859235,23.814366,13.757009,9.44801,15.904987,29.410536,41.315989,44.981766,40.234727,32.200337,26.005649,21.978611,15.335198,0.634548,-22.571263,-47.523252,-63.573104,-62.90658,-45.838171,-20.755955,1.284529,13.352319,15.915415,14.537495,14.310854,15.729475,15.202774,9.335791,-1.065525,-10.888798,-14.584369,-10.581559,-2.452685,3.990702,4.948378,0.637498,-6.102227,-12.519493,-17.038699,-18.060548,-12.748239,1.583296,23.768151,46.397404,58.373498,51.995373,29.422119,2.636262,-14.234246,-14.828925,-4.796138,3.278259,0.149869,-13.201013,-27.74297,-35.271652,-35.65912,-35.710896,-40.7599,-47.211887,-43.859155,-21.886246,14.936199,49.522614,62.221247,45.059319,7.990844,-28.045304,-45.62899,-41.301941,-24.287954,-6.095774,8.950347,24.039884,41.980673,57.902998,60.781971,43.423436,11.908221,-15.137689,-18.720261
3.23882,13.042203,21.795325,22.551597,11.864457,-6.572564,-23.516945,-30.688151,-27.085989,-19.312902,-15.11609,-15.912517,-15.577454,-7.042645,9.564891,25.459359,30.245519,20.821695,3.674566,-11.037681,-17.061039,-14.089318,-4.278329,10.493793,26.640688,36.121209,29.912075,7.44766,-17.952985,-26.956909,-11.357455,15.921197,30.363964,18.254369,-9.682716,-28.254983,-22.703879,-3.535637,4.528541,-11.155753,-36.632529,-44.177489,-20.129847,20.230045,45.823064,38.035711,6.734638,-20.377899,-23.303083,-5.495561,13.138592,16.353895,4.56581,-9.501929,-14.775135,-10.277277,-1.678725,7.02975,16.168093,25.403878,29.187052,20.216452,-1.471672,-24.299741,-32.698853,-20.919602,0.399079,12.699746,6.181205,-11.002283,-20.202294,-9.653364,14.562857,33.978829,33.91423,15.200016,-8.20061,-21.555566,-19.656814,-7.451156,6.363127,15.245572,16.397255,10.005752,-1.003059,-11.317674,-15.906708,-14.119805,-10.916062,-12.67068,-20.893089,-30.228114,-33.054743,-26.040228,-12.131125,3.190574,16.40055,26.426963,32.223338,32.182082,26.888751,20.935613,19.446087,21.802583,20.440574,8.430092,-10.931811,-23.903189,-18.336846,3.007579,22.478281,22.96406,4.294492,-16.31706,-21.074252,-8.929277,4.283149,2.901071,-12.318543,-25.778845,-24.408562,-11.970691,-4.877611,-13.976748,-31.837783,-39.289813,-24.620217,4.422171,28.027177,33.12301,24.153349,15.502081,14.834911,15.844698,8.04673,-7.8943,-17.501537,-7.124289,19.183371,39.843711,35.184951,7.179242,-21.479883,-29.131291,-15.606417,0.009143,1.532144,-6.849319,-7.271812,8.776518,28.010862,28.871453,6.405892,-20.237644,-27.435332,-12.315571,5.133314,5.633798,-7.37577,-13.004654,0.661956,20.273674,21.109869,-3.920596,-33.460953,-38.331402,-11.624824,23.959733,38.351395,21.47392,-11.344037,-37.197368,-44.991464,-38.473077,-26.154798,-13.112171
-5.33035,-14.358817,-11.888349,1.751472,13.575113,11.448703,-2.219334,-13.176564,-11.822683,-3.888603,-2.364098,-10.677687,-18.06289,-13.027645,1.723942,11.557055,6.833391,-6.012993,-12.366711,-6.209688,4.405963,8.616964,5.818217,4.82392,11.677678,22.081184,26.958314,22.690822,13.230561,3.529117,-5.254131,-12.893891,-15.985699,-10.817058,-0.235316,6.301978,2.361337,-7.206808,-10.843755,-3.65487,6.403711,7.592787,-1.966213,-12.617752,-15.141849,-11.110158,-8.918236,-11.425849,-11.829643,-3.404113,9.648263,14.96958,6.030882,-9.521991,-17.440675,-11.450648,1.922494,12.446232,16.89658,19.029272,21.306746,20.756496,14.216985,4.762363,-0.515752,0.782216,2.594227,-2.815659,-15.270627,-25.807127,-25.608236,-14.554897,-0.585863,7.874259,7.629468,0.447273,-9.579111,-17.024855,-15.97034,-3.774068,14.607595,28.231656,28.948797,19.117012,9.07873,6.120031,7.067156,3.268055,-7.664397,-17.41677,-15.778057,-2.948954,9.095256,8.525071,-3.929359,-15.656827,-15.205467,-3.744345,6.765239,6.00735,-4.840067,-15.19383,-15.745041,-6.646705,3.85088,7.477612,2.534535,-6.11131,-12.020178,-12.022691,-7.430726,-1.885472,1.719419,3.091,4.376182,8.333867,15.932842,24.932829,30.744058,29.420666,20.731687,8.675515,-1.327359,-6.306922,-7.237479,-6.956653,-6.966305,-6.646205,-5.444773,-4.870712,-7.214562,-12.164652,-15.778901,-14.035477,-7.450946,-1.087311,0.797631,-0.552863,-0.377611,2.737311,3.615258,-3.935503,-18.167236,-27.999719,-22.754254,-3.637814,15.861793,22.31098,14.99478,5.60261,5.444143,14.047787,21.023282,18.242709,8.486263,1.517056,2.874782,8.153136,8.509252,0.537596,-10.378825,-16.128773,-14.105151,-9.014348,-7.256576,-10.338403,-13.771705,-11.836943,-3.255628,7.298012,12.900215,10.102424,1.981285,-4.156784,-2.800877,5.074915
-7.933537,-21.861234,-39.203061,-45.994917,-33.709647,-10.119425,6.161258,3.473643,-11.413223,-20.640762,-13.355723,4.732629,19.182624,21.813086,16.67455,12.752497,13.480704,14.355624,9.517236,-0.749376,-8.980298,-6.600073,7.963631,25.746489,32.422608,19.969085,-4.569095,-23.01882,-21.781477,-4.891798,10.099153,10.659817,2.344085,0.941385,12.07281,22.567121,15.308287,-8.954231,-29.313544,-26.512463,-4.631293,12.605346,7.356169,-13.493809,-26.756744,-18.364157,2.306188,13.284844,2.617658,-20.849062,-37.12452,-33.406166,-14.04128,4.665392,8.964932,-0.129626,-6.947304,4.481168,32.429887,54.143671,45.676705,9.023597,-23.350209,-17.920706,23.101311,58.733588,48.785635,-3.441059,-52.8124,-58.997992,-27.639415,-0.569079,-7.243439,-33.348993,-40.969651,-13.894963,25.694495,45.728051,40.195148,29.533137,29.552294,31.417126,17.714164,-8.792374,-23.5034,-9.449632,19.114708,29.716538,6.90209,-31.576173,-55.129527,-51.599875,-34.260608,-21.697017,-18.629595,-18.4883,-17.637986,-18.854499,-21.266263,-15.298944,6.073226,33.613571,46.630624,34.655222,10.853127,-0.593224,9.825995,27.424574,30.678646,15.243947,-2.174365,-2.77907,14.926267,35.493316,43.113016,34.839897,18.597626,2.567333,-10.669008,-21.384894,-28.508694,-30.477835,-28.972518,-29.111414,-34.583476,-42.941522,-46.474705,-38.175595,-17.468313,8.79581,30.151947,38.074131,30.25825,12.116467,-5.224124,-10.643463,-0.725959,15.604579,21.36583,4.9482,-26.837046,-49.706386,-40.616556,0.134941,45.555589,64.187301,48.235153,18.929513,2.84661,4.872211,8.054381,-0.546142,-10.747924,-2.482999,23.613227,38.350147,14.323739,-38.272847,-75.330929,-63.423824,-16.562307,18.441718,13.127732,-13.287998,-19.93224,5.922332,34.466561,30.430208,-3.949111,-31.40522,-23.143123,9.497469,31.258792,24.313017,4.279592,-4.70399
-29.381142,-59.930441,-64.123138,-29.283494,34.766256,96.60496,121.412389,96.453433,42.654496,-1.809623,-14.477161,-6.803599,-7.670695,-28.496943,-48.636979,-39.378141,-0.669132,32.766279,26.448018,-15.251198,-51.479713,-47.938476,-13.650972,9.511549,-7.137155,-48.56871,-73.629639,-59.374905,-23.077512,-0.75182,-9.629908,-35.779793,-55.153708,-58.626514,-52.304815,-38.567636,-7.332216,47.746388,107.873596,133.582105,98.723726,21.431774,-43.486613,-49.250944,2.111983,63.320044,87.410368,70.789605,51.374204,64.904053,104.897801,127.170344,93.486358,9.655932,-78.627903,-124.807535,-115.896035,-73.862815,-31.49256,-9.928141,-12.928536,-31.755312,-50.990282,-55.82951,-43.087124,-26.872686,-26.963191,-46.395748,-63.750791,-54.42791,-20.053631,10.288038,12.931648,-1.05473,1.951918,36.015955,74.874051,80.453437,47.339009,8.079252,-7.132316,-4.224477,-8.941712,-24.236374,-22.403169,13.214364,53.7736,52.532707,7.177547,-26.875568,-2.370692,50.969709,50.908341,-32.397831,-116.208821,-81.074253,85.231675,242.830557,226.821159,24.000185,-194.771728,-234.219153,-65.57147,149.136945,220.394252,108.662409,-59.877986,-135.540051,-85.146735,3.561815,30.012489,-25.949059,-108.360392,-154.214268,-143.470796,-94.195284,-33.624144,16.312848,38.729694,26.88322,-5.095969,-26.385236,-14.841519,20.823163,49.030864,47.604951,26.045534,14.384883,31.748702,67.671739,93.024548,86.893535,53.371368,15.564351,-4.751047,-3.58331,5.22026,4.790709,-8.777369,-24.150949,-28.376749,-21.984714,-18.412434,-27.488106,-41.703454,-41.772288,-15.430071,32.027328,85.397652,131.903081,161.201755,157.59928,104.440821,4.817566,-105.720788,-178.359928,-189.950444,-161.045648,-131.565674,-120.482286,-114.030173,-91.595805,-53.613103,-17.839719,5.509414,22.815703,39.252364,44.03924,25.840966,0.263477,6.866562,68.330199,157.254259,214.800802,205.266266,145.735326
11.41917,10.039965,3.724232,-4.06661,-9.016731,-8.905729,-5.001793,-0.887492,0.358152,-1.537224,-3.99592,-3.80461,0.153532,5.785084,9.182658,7.500482,1.151802,-6.31346,-10.552923,-9.277021,-3.582051,3.041402,7.118051,7.19149,4.11441,-0.241433,-4.551387,-8.573414,-12.413928,-15.457112,-16.162295,-13.097095,-6.376329,1.821337,8.315217,10.907957,9.790862,7.233294,5.758347,6.240848,7.458833,7.458797,5.580314,3.375809,3.509662,7.396967,13.497868,17.826454,16.557743,8.901196,-1.96494,-10.761238,-13.550745,-10.29789,-4.686355,-1.362595,-2.680823,-7.353138,-11.899052,-13.61326,-12.626186,-11.415953,-12.226955,-14.597454,-15.186913,-10.284603,0.834345,14.40376,23.973322,24.51953,16.008026,3.77101,-4.749156,-4.754186,2.887193,12.379045,16.91972,13.081846,2.751342,-8.451516,-14.916823,-14.304786,-8.308857,-0.846727,4.670359,7.020892,6.964104,5.826336,4.299834,2.356991,0.02009,-2.031405,-2.773131,-1.849218,-0.292269,-0.098521,-2.775639,-7.949253,-13.224481,-15.592721,-13.448992,-7.736073,-1.336807,2.849273,3.711795,2.298161,0.567111,-0.381394,-1.120433,-3.080548,-6.791582,-10.697877,-11.67988,-7.093388,3.103912,15.754986,26.009514,30.00471,26.946377,19.247246,10.750925,4.360618,0.679989,-1.585807,-4.027545,-7.061503,-9.653975,-10.28582,-8.264955,-4.330309,-0.145175,2.828717,4.161455,4.401338,4.299605,4.022595,2.994345,0.444809,-3.831756,-9.123177,-14.085398,-17.384809,-18.196369,-16.285256,-11.822195,-5.294384,2.31835,9.338235,13.603681,13.312201,8.147783,-0.070141,-7.860161,-11.653682,-9.670068,-2.966638,5.049338,10.441009,10.860365,6.737756,0.881477,-3.221798,-3.378536,0.186936,5.116137,8.345211,7.814094,3.51849,-2.60047,-7.779457,-9.899559,-8.489576,-4.749758,-0.638834,2.395025,4.239578
-1.76235,-1.607559,-0.596629,-1.083079,-4.209299,-8.253036,-9.60097,-5.756838,2.174419,9.838073,12.783927,9.939869,4.504962,1.407828,3.305642,8.347882,11.541145,8.660313,-0.378197,-11.302117,-18.516768,-18.956994,-13.827749,-7.123958,-2.387258,-0.376481,0.685477,2.88501,6.559731,10.159584,11.912213,11.562683,10.512309,10.285265,10.881952,10.700377,8.184957,3.613968,-0.843779,-3.104181,-3.434887,-4.712102,-10.000988,-19.316068,-28.529704,-31.871322,-26.391186,-14.778605,-3.927265,-0.020394,-3.895858,-10.432329,-12.533305,-6.554178,5.134865,16.339967,21.953548,21.459956,18.376093,16.581987,17.037241,17.681569,16.182868,12.590023,9.245331,8.127906,8.396388,6.77766,0.703251,-8.668801,-16.529513,-17.853957,-11.378189,-0.719826,8.280743,11.658584,9.442326,4.376362,-1.057338,-6.33945,-11.996969,-17.541124,-20.863028,-20.020235,-15.598451,-10.889939,-9.140196,-10.222917,-10.155524,-4.52052,6.915924,18.696849,23.203144,16.663825,2.57255,-10.630429,-15.866937,-12.453125,-5.66183,-1.425446,-1.041419,-0.605922,4.492598,14.328393,23.40813,24.92886,16.554997,2.583962,-9.330066,-13.877291,-11.263317,-5.514787,-0.138043,4.494672,9.807829,15.69416,19.17773,16.900113,9.087538,0.700028,-2.116015,2.497144,9.823714,12.099777,5.169903,-7.59187,-17.84438,-19.321592,-13.164751,-6.703276,-6.693109,-13.114421,-19.241087,-18.031816,-9.042812,0.589057,2.264147,-6.201814,-18.095632,-23.226078,-16.701627,-3.378795,6.066876,4.22002,-6.594186,-15.986802,-13.934345,1.117706,21.117856,34.890863,36.626719,29.483893,21.883219,20.168288,23.862626,26.985259,23.618312,12.758774,-1.244488,-12.315648,-16.8802,-15.454833,-11.109085,-6.823701,-4.015685,-2.816183,-3.028898,-4.541635,-7.036368,-9.734903,-11.712307,-12.45934,-12.009202,-10.516079,-7.951729,-4.531355
6.996855,6.185342,4.025231,3.495179,6.803342,12.915746,17.633031,16.629088,9.243454,-0.207276,-5.14341,-1.751266,7.554532,15.240024,13.886957,1.776263,-15.425616,-28.237028,-29.561229,-18.981358,-2.261562,13.064811,22.344902,25.352397,24.311954,20.859771,14.834835,5.670468,-5.424593,-14.98589,-19.277602,-17.078042,-10.752936,-4.591036,-1.794355,-2.632415,-5.099553,-7.100912,-7.920425,-7.670438,-5.64725,0.176356,11.291827,25.718714,36.959606,36.834829,21.030853,-6.571738,-34.567986,-50.114197,-46.703549,-28.256708,-6.492934,6.714807,6.688104,-2.055293,-10.242205,-11.149738,-5.288161,0.829779,0.577589,-6.933587,-15.55785,-16.359879,-4.247054,17.859121,40.27707,52.293368,48.386019,30.909749,7.926828,-11.808883,-23.16141,-25.755166,-22.088247,-14.780461,-5.193057,5.963738,17.22775,25.91934,29.329134,26.677856,20.147826,13.892466,11.460445,13.338763,16.379028,15.675949,7.832794,-6.445172,-22.192851,-32.789397,-33.905816,-26.383515,-16.082127,-10.510404,-14.161349,-25.531943,-37.932526,-43.738818,-39.29777,-27.087596,-13.607706,-4.611881,-1.326574,-0.512205,1.899924,6.850618,11.426716,12.10094,9.028323,7.226595,12.941427,27.819129,45.937795,56.880199,53.088935,35.811491,14.580026,0.21255,-3.261856,-1.191569,-3.165179,-14.284869,-30.08307,-39.420754,-33.143406,-11.516067,15.502847,35.18173,40.418146,33.120141,20.664586,9.338374,0.639683,-7.004099,-13.85483,-16.910201,-12.757588,-2.510394,6.479034,4.883002,-11.137383,-35.512415,-55.187406,-58.761026,-44.346002,-20.593005,-0.238872,8.623497,6.932621,2.016863,0.945045,5.551207,12.561806,17.544553,18.528396,16.33024,12.242219,6.145949,-2.808252,-13.853354,-23.430852,-26.929924,-22.074623,-10.828551,2.110249,12.975655,21.430396,29.637061,38.912319,47.321842,50.715665,46.389564,35.916859,24.291232
1.418344,2.814342,0.758984,-3.64291,-6.815417,-6.16773,-2.81041,-0.552325,-2.048645,-6.072584,-8.786279,-7.654592,-3.831534,-0.543193,0.619917,1.309728,4.110775,8.952618,12.466996,11.336943,6.133793,1.289818,0.875533,4.497171,7.731659,6.736618,2.132947,-1.974733,-2.622822,-1.037211,-0.774003,-3.286518,-6.171033,-6.107003,-2.921356,0.084945,-0.142079,-3.193795,-6.248882,-7.700844,-8.468085,-9.324937,-8.216863,-2.052123,8.385201,16.770207,16.351519,7.173633,-2.944429,-5.802785,-1.072087,3.768018,1.986756,-4.8236,-8.686716,-4.470486,4.087867,8.34431,4.166898,-3.657107,-6.607078,-1.243857,7.644903,12.093119,8.258095,-1.04527,-9.615792,-12.642054,-9.094279,-1.4782,5.606864,7.677449,3.28592,-4.129223,-8.067911,-4.203273,5.393906,13.542952,14.063,6.934577,-2.348614,-8.071059,-8.664679,-6.428839,-4.19193,-3.014828,-2.594624,-2.539392,-2.493069,-1.592931,1.046997,4.866237,7.417214,6.157139,0.953012,-5.322112,-8.778487,-7.191552,-1.207537,6.294208,11.682482,12.139483,7.077634,-1.221343,-8.706019,-12.142106,-11.092346,-7.355145,-2.613818,2.816118,8.666162,12.884662,12.427849,6.543516,-1.313422,-5.939072,-5.192936,-1.932354,-0.727783,-2.941671,-5.665316,-5.491345,-2.495424,0.218379,0.593412,0.220278,2.297931,7.399481,12.024999,11.648711,5.015529,-4.58317,-11.873142,-13.252515,-8.658795,-1.098227,5.103245,6.448092,2.302356,-4.24286,-7.967622,-5.262602,2.678618,10.222925,11.436077,4.762475,-5.663669,-13.163995,-13.517612,-7.843666,-1.224711,1.68764,0.472808,-1.059802,1.234901,7.535394,13.581757,14.818328,11.091888,6.767007,5.754883,6.823035,4.829224,-2.964203,-12.62852,-16.863652,-12.826491,-5.66832,-3.213914,-7.302942,-11.58342,-8.536752,2.033736,12.605903,15.936312,12.204857
31.056569,36.530973,20.271939,-11.091215,-39.504384,-50.012484,-41.319452,-24.078505,-11.056448,-8.994862,-16.98481,-28.997295,-37.158329,-35.432007,-23.567938,-8.048431,2.92314,6.999832,9.656154,17.344449,29.231648,37.671562,37.350659,31.735185,28.101964,27.04197,20.501536,2.483261,-20.150071,-31.312127,-21.598531,1.192662,19.264766,21.796171,12.988633,3.96674,0.144432,-1.204325,-3.210873,-3.98013,-0.5397,4.958385,6.830689,3.361299,-1.04131,-3.127079,-7.394783,-20.996016,-41.501708,-53.892458,-43.949614,-14.650474,13.927586,23.045026,12.762732,-0.211513,-1.065789,8.827641,16.132264,11.449423,-1.075749,-9.164189,-5.118958,7.287802,16.796455,14.447485,1.118169,-12.27931,-12.529482,4.661802,28.805079,41.357084,31.600654,7.120063,-13.034999,-16.914642,-10.428032,-8.341018,-16.111945,-24.150893,-21.009063,-8.480375,0.84703,0.519082,-0.643396,9.919071,30.310934,43.224098,35.115218,12.476393,-5.279969,-8.002483,-4.844176,-10.229271,-24.142764,-32.047867,-24.401149,-10.44274,-7.938698,-21.018378,-33.67192,-27.523022,-2.973558,20.93086,26.9108,16.145057,3.729124,1.006699,5.879806,9.468187,7.81447,4.573594,4.453629,7.674052,11.252295,12.89731,11.845546,7.577838,0.402088,-6.783792,-9.923414,-8.412341,-6.624434,-8.56962,-11.423102,-7.022471,8.692769,29.049959,41.412451,38.622205,24.501244,8.229023,-4.617025,-14.34457,-22.664637,-29.215852,-32.942601,-33.962917,-31.793261,-23.504743,-7.479705,10.190182,16.813261,4.758361,-18.051205,-32.885919,-27.782702,-9.012995,7.150718,13.112846,16.949485,29.450585,47.340889,53.802356,36.610941,2.959224,-26.04418,-34.660389,-24.550329,-8.919767,1.420287,4.514737,3.278808,0.308718,-2.015031,-0.020792,8.428699,19.474156,24.742727,19.288188,7.001344,-3.480913,-7.583837,-7.683848,-7.49191,-6.412164
-9.894439,9.263483,18.964268,8.040316,-10.585795,-13.777334,5.27792,29.572833,38.528374,30.888659,22.662494,24.213667,26.468402,13.868919,-12.761942,-33.155305,-29.382835,-6.620012,11.89059,9.602889,-7.278629,-19.049558,-14.295546,0.163035,9.088572,4.696003,-7.784902,-17.101851,-16.277232,-7.803978,-1.482218,-6.313387,-20.866525,-30.682461,-19.386299,13.032888,43.979729,45.949875,14.17519,-25.456701,-40.035191,-21.405855,8.269875,22.321473,16.064417,4.613199,-0.745985,-5.047113,-16.20389,-27.092659,-20.50002,8.057605,40.915208,56.848225,54.211178,47.935735,44.897277,32.641476,-0.938956,-43.23748,-64.262101,-51.061915,-25.452075,-18.806753,-33.164968,-38.809598,-13.772246,24.327157,36.47215,9.589649,-26.474583,-34.484017,-13.270271,5.386337,0.701471,-10.496503,1.107549,34.682596,56.584654,42.22969,7.819126,-9.862895,0.961725,15.907441,11.268747,-2.105528,4.788023,33.470597,46.48845,11.212557,-53.999142,-92.726707,-72.140388,-20.480526,5.587167,-14.573749,-45.040876,-38.215297,10.500479,60.514489,72.548517,46.185322,10.658333,-9.620237,-11.242551,-0.385019,19.217582,40.968388,48.297405,26.352383,-17.534656,-54.169951,-59.581818,-38.383399,-14.926015,-4.128852,0.826504,10.75847,20.311079,14.927356,-4.824602,-17.530375,-5.525147,21.110853,34.330317,21.466085,0.03891,-5.083975,7.274283,15.012721,2.71048,-18.871973,-28.331358,-21.576145,-14.302372,-17.458576,-21.620744,-13.008394,1.92923,0.880407,-22.725399,-43.454713,-30.077103,14.329933,50.082936,44.272493,9.500309,-10.030562,10.038064,46.719935,58.813717,36.369242,10.226888,11.412,31.657346,33.848223,-0.706317,-45.99847,-58.173155,-24.537417,21.197829,33.526397,0.539684,-47.156868,-68.862588,-50.909892,-13.693887,11.408161,8.76825,-13.269437,-33.428116,-34.557071,-14.531987,13.674493,31.304599,26.697693
-2.672685,5.536523,10.675637,5.512895,-7.109389,-13.833356,-4.786836,13.162563,22.863924,17.56368,8.875777,10.218654,18.096787,17.725353,5.013152,-6.990227,-6.453685,1.181964,2.461015,-4.71309,-10.881246,-12.30837,-16.796998,-28.418619,-36.684446,-29.939195,-13.695762,-4.29043,-5.534666,-3.935535,8.984776,21.194371,16.861086,1.528683,-2.973548,11.528232,28.000979,27.971284,15.763428,8.707234,10.190537,6.902403,-7.000356,-17.847073,-12.623685,-1.063714,-4.623318,-26.001587,-42.472715,-33.238957,-4.015994,22.211137,32.551438,33.467351,35.089594,36.185823,28.262118,8.869741,-14.004294,-28.879515,-29.555255,-19.303302,-8.899865,-7.826561,-13.883076,-13.953377,0.066416,17.897769,20.527994,4.421035,-11.73567,-9.716959,4.93442,10.837177,-0.732546,-15.885406,-18.737288,-11.545487,-6.903811,-7.264625,-3.753859,6.275128,12.789354,8.45523,0.842361,1.260773,7.483549,7.759556,-0.11457,-4.931692,0.425299,8.164002,8.941975,7.676359,15.021871,26.718701,24.938689,3.586577,-19.213782,-22.453571,-8.915066,0.579647,-3.214967,-7.177523,1.716248,14.82191,13.066196,-5.421612,-21.002503,-17.460978,-1.853317,5.839299,-2.939178,-17.911901,-24.109288,-16.587145,-1.274758,12.26428,16.452692,9.250737,-3.272719,-10.165253,-5.899035,2.804433,3.919103,-5.764699,-16.443779,-16.033304,-2.439821,15.884105,28.511016,29.825626,20.211369,5.174278,-6.646683,-8.742792,-2.352089,4.714368,6.147093,2.724178,-0.665179,-0.75808,3.460382,12.850867,25.893529,34.636164,28.502782,5.65339,-22.106173,-39.404055,-41.28375,-34.378809,-25.940447,-16.775441,-5.896902,3.270179,5.747197,1.769009,-3.757552,-7.847686,-11.114132,-12.575204,-8.033287,3.143805,13.317634,13.798771,5.926088,0.012829,2.258311,7.299095,6.759264,1.677637,1.261612,9.742332,19.630727,20.674049
-23.949553,-23.741566,-6.517482,12.911728,21.034753,18.88602,16.425442,17.281997,14.400184,1.71818,-14.578182,-21.345638,-14.574923,-5.469209,-7.400763,-18.961858,-24.440118,-12.348905,9.841777,22.921727,17.216526,3.053484,-1.734376,7.714315,18.797149,17.365222,4.342818,-6.552657,-6.209699,-0.943849,-3.824802,-17.591309,-30.142758,-28.02187,-11.735521,4.936327,10.169956,5.801131,2.787112,7.264438,14.033315,14.057783,5.898847,-2.283557,-1.361631,9.922598,24.522112,33.201458,30.009516,14.098683,-9.897783,-32.034568,-40.704373,-30.572035,-8.51972,10.154374,13.909211,4.02663,-8.694121,-15.395999,-15.715218,-13.294243,-8.256053,2.197339,15.966338,23.238844,15.558432,-2.669943,-15.616728,-11.660812,3.62176,12.940848,6.255004,-8.117665,-13.182834,-2.727784,11.725787,13.990355,0.781793,-15.896307,-22.652953,-17.741496,-9.302241,-3.722999,0.460606,7.116092,14.99245,19.039563,18.248341,18.242196,23.924513,31.561459,31.704542,20.811962,7.311359,3.222536,9.799793,14.051959,1.607268,-27.173247,-55.339032,-64.33583,-50.748059,-28.334271,-14.38191,-14.619822,-20.656137,-20.319888,-9.394023,5.973647,16.460109,18.057031,14.204302,11.141283,11.990981,14.917729,16.031223,13.540521,9.319789,6.94635,8.393491,12.399195,15.832257,16.771978,16.517187,18.454764,24.307923,30.968342,31.442487,20.237799,-1.109881,-24.041392,-39.592109,-45.656086,-47.155245,-48.398315,-46.214967,-32.947382,-7.50641,18.212752,27.364108,14.566615,-6.877883,-16.739979,-7.764635,7.484934,10.846524,-1.37549,-14.548561,-12.061207,6.655875,26.137841,31.573221,22.618908,10.164666,2.743434,-0.193486,-2.166397,-1.72005,5.539393,18.177095,26.74762,22.994911,9.582603,-2.255502,-4.902549,-1.840486,-1.98312,-8.788162,-17.572218,-22.725989,-23.867012,-23.088344,-19.154912,-9.094645,3.806803
0.332182,-5.915876,-2.85041,8.951628,13.051363,-2.735365,-25.733397,-28.622384,-2.11129,31.564461,42.931626,26.100546,-1.748338,-25.078325,-41.507096,-49.34122,-39.407386,-9.524366,21.785237,30.494211,15.619854,0.45276,1.921931,9.939446,5.209006,-11.134021,-18.698838,-6.659134,11.957773,18.951872,13.326787,7.155403,6.541956,7.41769,7.130232,8.21474,8.988403,1.725367,-13.770344,-23.871763,-17.83784,-4.823084,-2.000912,-7.759462,-1.79861,22.834677,41.974814,28.244581,-10.052331,-34.806086,-24.542806,0.435557,7.615126,-5.358294,-12.825969,-0.807753,13.472257,7.511966,-14.433947,-27.558299,-19.390383,-3.47639,1.23457,-5.7099,-8.970386,1.489434,18.867672,27.982774,20.813505,3.778183,-7.651702,-2.460567,14.684415,26.481614,20.68135,3.865359,-6.971391,-5.996183,-4.413488,-11.898451,-20.496032,-15.938288,-0.667939,6.835566,-2.119387,-12.983615,-8.109829,8.134032,16.256098,9.955674,3.148628,5.878503,7.452314,-5.926638,-25.982077,-30.105361,-12.754434,6.098275,8.648089,2.016345,3.01879,10.1778,7.162494,-8.033888,-15.382831,-1.485534,18.130392,19.209102,3.967402,-1.089616,16.380072,34.820104,26.87595,-3.837616,-28.037182,-28.705868,-18.603188,-17.176675,-23.748099,-23.289942,-10.676471,3.680164,10.793188,13.367969,15.610712,13.304722,2.532192,-7.690862,-2.704593,17.338919,33.54316,29.334213,9.836748,-5.329046,-5.304811,2.167387,3.115676,-7.027372,-21.892115,-32.562397,-33.271422,-22.489406,-4.548892,10.03659,11.73714,2.460454,-4.458369,1.600618,15.870922,23.366271,16.425666,2.965248,-4.481231,-4.117371,-4.785043,-11.683565,-18.119154,-14.970218,-4.908416,-0.808534,-8.412055,-15.721565,-5.29674,23.387839,49.232698,50.206725,26.220929,-1.944891,-14.898168,-11.448416,-3.475587,-0.247868,-2.201952,-6.479237,-11.36266,-14.277375
23.494677,28.825023,15.275183,-12.762578,-36.580202,-40.027394,-24.893674,-8.569926,-6.428192,-17.531078,-28.026078,-26.954731,-16.443787,-6.223965,-0.966913,3.827122,13.467603,25.049291,29.895369,24.513107,15.806569,13.247507,17.389614,19.327279,12.26898,0.838551,-4.028545,1.215906,7.514925,3.457287,-11.280218,-25.695899,-30.27333,-26.420945,-21.149153,-15.478232,-3.5476,15.47904,29.683774,24.704584,2.34838,-16.349167,-11.471326,13.121943,31.802163,23.80645,-4.554003,-26.987132,-25.185208,-6.103382,9.042497,8.560276,-0.943653,-7.42907,-8.457477,-9.979073,-14.205926,-15.550088,-10.024424,-3.015487,-2.188583,-4.454215,2.797345,23.658534,41.426243,32.316765,-5.865233,-43.743796,-45.593394,-5.972523,42.248743,59.178807,36.254571,1.65552,-11.013239,4.273604,25.003302,27.762455,11.579554,-6.469687,-13.479455,-13.24393,-17.038989,-27.233799,-34.49909,-30.660881,-20.154109,-15.780068,-23.906141,-36.563587,-39.463983,-26.701689,-5.942247,10.766548,19.457243,26.139894,37.034898,49.307494,53.337636,43.720814,25.816422,9.941672,0.22357,-8.126179,-19.517146,-28.541014,-23.776887,-2.358255,22.04783,29.793446,14.868195,-8.276581,-19.554299,-13.84381,-4.2557,-4.861533,-13.691999,-16.099441,-3.821122,13.729445,19.528019,7.911463,-10.079169,-20.023557,-18.818063,-13.884641,-10.934462,-7.789305,-1.248721,4.800378,3.036004,-6.352991,-13.341103,-9.246739,2.513151,10.516367,9.277767,4.747848,4.467221,6.557714,3.409573,-4.969448,-7.826381,2.53527,18.098275,23.216553,15.844334,13.461363,31.645241,59.698912,66.643496,35.752938,-12.427051,-39.644913,-32.828699,-19.577157,-34.866386,-76.127274,-100.989611,-73.851008,-9.043832,40.30106,37.155966,-1.618589,-26.026342,-7.50179,33.568805,54.717242,38.521846,7.232525,-6.590561,4.332374,19.429262,17.946974,1.340387,-13.163356
10.17282,17.102469,25.762659,27.160538,15.244568,-5.491923,-23.312961,-31.08481,-32.865515,-36.165112,-38.496595,-26.249559,9.056744,54.360106,79.894339,64.653779,17.465148,-28.980736,-45.851686,-30.235484,-2.164933,15.793864,14.427823,-1.55158,-20.92314,-31.529069,-24.578588,-1.523514,22.155861,26.487328,6.310977,-20.155581,-27.623225,-10.548052,10.29048,11.536355,-5.175541,-15.245915,-1.348846,24.796416,36.444721,24.567932,8.162772,8.833813,21.997816,22.126687,-3.718755,-36.686505,-46.673709,-27.720877,-4.070218,0.444505,-9.27064,-9.05619,10.27524,28.509243,20.217885,-12.977086,-42.413549,-43.822616,-20.982606,4.849419,21.468274,32.672856,40.884415,35.509032,7.774558,-27.739141,-39.355873,-12.199743,30.358313,48.052085,26.767187,-6.833408,-16.995166,0.686986,17.766667,10.163789,-12.69393,-21.805954,-6.546266,11.179556,3.626495,-28.465327,-55.136411,-49.777661,-16.344653,17.894617,31.662026,26.700067,17.975119,14.367412,12.665255,6.510507,-4.827321,-16.934915,-24.617444,-23.280697,-9.937974,11.63877,27.175119,19.933834,-11.819487,-46.404613,-53.436618,-21.098037,31.123464,68.136106,68.031391,36.562498,-2.669862,-27.858452,-29.914065,-11.662605,16.027018,37.408574,38.945015,20.361964,-1.801705,-7.579013,5.752994,18.432158,7.577557,-27.702329,-63.247522,-73.161063,-54.221451,-25.518334,-6.485574,-0.013181,2.243447,3.989529,0.622688,-8.727286,-12.893669,0.775877,28.200682,47.241615,39.015274,8.89915,-17.776767,-21.495049,-6.671076,7.650585,11.640597,13.941944,26.598209,46.199756,55.509239,43.303044,17.360006,-5.137199,-16.722984,-24.024476,-33.471386,-39.357083,-31.754591,-13.93086,-3.672054,-12.449237,-27.31025,-21.666175,12.976654,51.2026,56.086614,17.795278,-35.004714,-64.736711,-62.021741,-48.393614,-44.095668,-41.972403,-19.584017,26.691545,69.776728,79.010642
0.397154,5.34876,3.228994,-6.4846,-14.098719,-11.087313,-0.905663,5.329847,2.361801,-4.299315,-6.862192,-3.94891,1.124585,6.467753,11.660362,13.838128,9.316529,0.031815,-6.257814,-4.935782,-0.520971,-0.129293,-3.129883,-2.26987,4.826608,10.593403,7.043681,-2.990429,-8.720087,-4.807864,2.402644,3.423654,-2.681228,-7.645367,-3.801627,7.546829,17.115657,15.640775,1.796547,-15.757548,-24.426279,-18.237236,-3.534932,7.125106,7.518591,2.863801,1.809217,5.706555,8.32504,4.830444,-2.510659,-7.982938,-8.549753,-4.884333,0.792286,5.251168,4.777234,-1.13235,-7.312664,-8.118606,-5.329827,-6.31725,-12.356591,-13.743001,-1.73628,17.431844,27.603496,22.315963,12.266727,9.656963,11.736909,7.456708,-3.201694,-7.351013,0.927536,8.739262,0.564287,-18.907091,-28.647512,-18.217274,-0.891874,4.769331,-1.346923,-4.015747,4.30634,13.996604,13.466219,4.732049,-2.214792,-4.861729,-9.507939,-18.301307,-23.267834,-16.523586,-1.383813,10.903108,12.868174,5.895659,-3.640139,-8.666786,-3.693703,10.604494,23.553526,21.263246,1.969741,-18.439581,-21.361727,-5.053823,14.987769,24.314183,22.508371,17.055412,11.453857,5.00493,-0.068162,0.312547,3.69857,1.442044,-9.186186,-19.032873,-18.57527,-11.392899,-9.030789,-13.946858,-16.140224,-9.165317,-1.373348,-4.451877,-15.642561,-20.459342,-12.448196,-0.942763,3.969447,5.598677,12.499863,22.122014,23.661302,16.717574,15.039585,25.70927,34.061459,20.847179,-8.833949,-27.026821,-17.173068,4.071851,8.309309,-8.071992,-21.570258,-15.188432,-0.418638,1.738064,-8.650407,-12.593328,-2.330868,6.25252,-1.896625,-15.784818,-11.466322,12.727661,29.352517,16.39564,-12.237327,-22.723408,-4.084837,18.504182,16.905514,-4.660316,-17.548952,-6.763523,11.813191,14.760518,0.731059,-11.872809,-11.059344,-3.499718
-0.234761,-0.658447,-0.426579,0.437645,1.246831,1.364136,0.852573,0.336683,0.291437,0.579989,0.674998,0.205982,-0.748127,-1.747393,-2.20424,-1.614374,0.079863,2.145004,3.273277,2.555998,0.41519,-1.633944,-2.377404,-2.000738,-1.627517,-1.876153,-2.232889,-1.956359,-1.195857,-0.766273,-0.940617,-1.034128,-0.431754,0.406685,0.504327,-0.153664,-0.278235,1.27012,3.959685,5.900223,5.666755,3.602889,1.364945,0.432138,1.046826,2.233133,2.60718,1.405732,-0.904815,-3.007364,-3.925635,-3.840093,-3.56054,-3.356409,-2.798315,-1.836815,-1.346015,-1.941044,-2.623124,-1.632209,1.053075,2.982084,1.89695,-1.230276,-2.905264,-1.09013,2.429288,4.270547,3.371917,1.691861,1.238794,1.661006,1.316804,-0.219987,-1.788153,-2.428105,-2.37599,-2.052829,-1.120792,0.685408,2.425657,2.724596,1.627374,0.715008,1.038275,1.761103,1.524363,0.551714,0.349404,1.369013,2.069923,0.8684,-1.695738,-3.558971,-3.580443,-2.509557,-1.54047,-0.909378,-0.421184,-0.510217,-1.692151,-3.149294,-3.036464,-0.731091,1.951635,2.610598,1.072825,-0.46694,-0.212874,1.112035,1.417313,0.01572,-1.54117,-1.411179,0.41484,2.284789,2.795569,2.052151,1.119765,0.708309,0.628817,0.336405,-0.283154,-0.73534,-0.448535,0.564536,1.610796,1.933709,1.408745,0.535909,-0.219633,-0.834698,-1.339241,-1.307811,-0.226449,1.529281,2.520683,1.498406,-1.214387,-3.920225,-5.188621,-5.037326,-4.397394,-3.765876,-2.778995,-1.036874,1.069618,2.563588,2.766976,1.869691,0.76049,0.393449,1.107301,2.303414,2.883173,2.310158,1.260745,0.91321,1.502215,1.97021,1.365109,0.223602,-0.073788,0.714125,1.151449,0.051802,-1.657111,-1.927722,-0.395585,0.854593,-0.078917,-2.252884,-2.933929,-1.214775,0.618967,-0.019727
-6.167825,-1.603484,4.676281,7.422767,2.949003,-7.836058,-19.567251,-25.870503,-23.700154,-15.34516,-6.547018,-2.110186,-2.351176,-3.155369,0.343094,9.293339,19.433898,23.707936,17.430507,2.196652,-14.493815,-23.833891,-21.378926,-9.847698,2.81046,8.589111,4.197481,-7.641845,-20.748039,-29.579325,-31.864933,-28.373586,-20.842571,-10.319095,2.676767,16.757677,28.93091,35.812057,36.119001,32.224391,28.936305,29.894376,34.234963,36.47068,30.309404,13.957559,-7.152138,-22.791222,-24.39716,-11.211484,8.446225,22.078347,20.980146,5.836832,-13.945711,-26.668334,-25.963896,-14.331852,-0.399231,7.682201,7.643947,3.468058,0.911383,2.101148,3.662774,-0.132966,-11.827385,-27.463053,-38.446204,-37.455938,-23.997691,-5.289486,8.394459,10.625081,2.943963,-6.761287,-10.340854,-5.373557,3.313854,7.56082,2.14729,-11.272158,-25.358205,-32.283704,-28.930221,-18.317415,-6.542701,2.07814,7.805983,14.200117,24.073171,36.134265,45.130915,45.456391,35.426676,18.899579,2.967969,-6.543213,-8.44045,-6.025246,-3.8243,-3.885321,-4.507177,-2.233768,4.655134,14.053787,21.077601,21.491698,14.894309,5.198455,-2.007988,-3.318474,0.198979,3.87721,2.813307,-4.666407,-15.780399,-25.007297,-27.476284,-21.827408,-10.916479,-0.22822,4.853816,1.441014,-9.726519,-24.529713,-36.767941,-40.12555,-30.453854,-7.803368,22.683102,51.869246,69.82806,70.044809,52.598994,24.466701,-3.532813,-21.746352,-26.05173,-19.271956,-8.995195,-3.177239,-6.04853,-16.472621,-29.334899,-38.806813,-41.457334,-37.564294,-30.219565,-23.091675,-18.29661,-15.527369,-12.722025,-7.667893,0.49308,10.717864,20.71333,28.312415,32.68689,34.621535,35.676305,36.815433,37.502353,36.010465,30.862195,22.411359,13.297692,7.154842,6.204492,9.354976,12.335962,10.133497,0.327313,-14.923074,-29.796163,-38.263068
15.537749,23.296917,17.963511,2.469996,-10.132662,-8.41791,6.105432,19.543245,18.40892,2.855059,-12.759227,-13.349392,2.035884,18.900647,21.459051,8.250786,-6.89128,-9.581148,0.358697,9.787645,7.185861,-5.287518,-15.506054,-15.32428,-8.245557,-3.235614,-4.074108,-7.483643,-10.301296,-14.096184,-20.566503,-25.353273,-21.136458,-7.674095,5.150679,7.766959,2.987225,3.416375,15.616881,30.611011,34.024096,24.263536,15.288627,18.926223,28.523743,25.995375,5.301609,-17.10669,-20.215886,-4.6712,5.427711,-10.085674,-42.060557,-59.455387,-42.620373,-4.979236,21.190656,18.217445,-1.416268,-12.170177,-3.127102,14.222481,22.481994,16.810636,5.647193,-2.187393,-6.002926,-9.278706,-12.036693,-10.455968,-2.675831,8.173952,17.226325,22.017777,22.39461,18.326367,10.299937,1.536785,-2.8909,-0.850608,3.804412,4.408532,-2.391667,-14.329364,-26.324749,-33.567862,-32.044585,-19.665331,-0.2786,14.807809,14.604645,0.964006,-9.452009,-1.182643,20.673035,31.607079,13.112226,-23.649888,-44.701352,-27.143642,15.557662,45.655713,38.662003,6.13248,-19.492704,-18.857678,-0.86081,13.639617,15.977938,13.429673,13.164471,10.982533,-0.407919,-16.82043,-23.621834,-12.95655,4.768062,11.020658,-0.270797,-16.359092,-20.959918,-12.325239,-2.604907,-0.653508,-0.652758,8.973339,27.524718,37.899335,23.344335,-12.616618,-45.440341,-50.243109,-23.941696,12.152205,30.85599,21.183771,-4.921634,-24.985049,-25.146331,-9.722144,5.55971,9.276319,4.409273,3.768958,15.467381,33.02324,40.659703,29.179836,6.276036,-10.071508,-9.094227,2.355818,7.640649,-1.62334,-16.508484,-20.601519,-8.430421,7.279251,7.758271,-12.427832,-38.699036,-49.409223,-35.413923,-7.099194,16.808043,25.963503,23.956309,19.542254,15.842822,10.059101,1.998709,-1.624801,5.348867,17.759734,20.067803,1.524921
3.724829,18.139181,22.420256,13.64238,0.880545,-4.205173,0.797783,7.283567,5.25175,-6.273511,-18.605646,-22.272026,-15.810346,-6.208449,-1.678845,-4.203226,-8.203538,-5.640805,7.059637,25.520541,39.881274,41.670038,30.180539,13.162143,0.692216,-2.908661,-1.907129,-4.0592,-12.581559,-23.125097,-28.461449,-25.64363,-18.295832,-12.426144,-10.953694,-12.486731,-14.220541,-14.446745,-12.036694,-5.171281,7.284533,22.560426,33.526228,33.466726,22.3226,7.79038,-0.745823,-0.015896,5.172685,7.608178,5.103284,2.216854,4.785193,12.994327,19.965357,17.262983,2.187243,-19.619128,-38.132692,-45.682097,-41.023508,-28.488917,-14.205862,-2.813246,3.752522,6.113559,6.8778,9.339331,15.053631,21.727042,24.135679,18.700155,8.033613,0.18738,1.654876,10.102002,14.717215,5.53691,-16.232281,-37.140407,-41.729277,-25.173351,3.072067,27.318739,37.208391,32.609927,19.734933,4.937774,-7.353957,-13.248018,-9.785223,1.30853,11.681294,11.522538,-1.002499,-15.922453,-19.333493,-6.857148,10.87537,17.426419,6.037716,-14.240713,-28.138347,-29.343344,-25.28393,-26.963702,-35.633358,-41.20253,-33.751727,-14.67783,5.191338,17.773566,25.480569,35.435127,47.73175,53.059337,43.9461,26.637871,18.074536,28.88742,50.381812,60.795657,45.618558,11.187223,-22.134979,-39.054944,-40.511477,-37.196439,-35.639825,-33.378513,-26.635013,-18.536908,-16.678787,-23.488067,-32.299772,-34.570514,-29.214333,-22.223411,-17.246023,-9.775932,6.455696,27.972123,39.970974,29.324363,-0.517731,-29.348052,-36.601706,-18.681144,9.582644,29.894989,36.367732,37.217622,42.496426,51.731595,54.142049,40.537208,14.277718,-10.045085,-19.16439,-12.655708,-2.021903,1.666637,-1.268941,-1.323592,7.014882,15.99745,10.968878,-13.19478,-43.866567,-61.418385,-58.386916,-45.586813,-37.605513,-34.438986,-21.903346,8.178607
-21.730942,-16.845602,5.531421,29.001108,35.991943,24.162877,6.546764,-3.418279,-4.402339,-4.415789,-8.927418,-15.437579,-19.311396,-20.327378,-20.117893,-15.632435,-1.128496,20.83474,34.632565,24.26316,-7.44267,-36.465721,-39.070425,-15.68587,9.750621,15.292616,3.148437,-5.73017,3.215907,23.008231,35.802265,33.911646,25.538855,21.021334,19.500154,12.611257,-2.090724,-17.14092,-25.089414,-27.243182,-28.822845,-28.608218,-19.858566,-2.982877,8.516397,0.939665,-21.433626,-37.083937,-29.636361,-6.50748,9.412041,6.140885,-4.416374,-2.333185,15.499171,31.928769,30.744448,15.58135,3.930675,5.551982,12.814014,13.191593,5.652823,-0.082514,1.905533,6.32308,5.643118,1.526037,2.218217,10.058077,17.323944,16.5114,10.245515,6.393058,5.474736,-0.552668,-14.949471,-27.45294,-25.430672,-12.544044,-8.573611,-26.119307,-51.755574,-57.737963,-33.435737,0.998676,16.651571,7.95079,-3.677511,1.885855,19.033819,25.803018,13.586509,-1.508456,0.275292,16.79054,27.014759,18.21644,1.893076,-1.541307,11.276205,23.455886,20.274463,7.149786,0.505121,5.27069,9.444089,1.987934,-11.154697,-14.847942,-5.527661,3.472678,-0.575708,-12.947434,-17.797538,-9.006158,2.365135,3.46453,-3.429362,-5.172236,3.547233,13.507266,15.356065,13.756473,19.231075,27.488651,17.055952,-25.275787,-80.367306,-107.595598,-84.142563,-29.587072,13.352271,21.170919,8.27507,4.152413,18.951489,36.831877,39.537719,27.612353,15.098806,9.867551,7.39807,3.451009,3.984616,16.001848,32.145781,33.512036,11.780023,-16.262778,-23.026184,0.230282,32.441603,44.113864,27.233757,0.562415,-13.505067,-12.2691,-10.650039,-19.733958,-33.326324,-37.222217,-27.526789,-15.171383,-12.479052,-19.244241,-24.603396,-20.838696,-11.78826,-6.730037,-8.57382,-10.983779,-7.130269,1.369735,6.450886,4.126619
21.223484,15.796123,-1.41866,-17.457413,-20.770408,-12.610749,-4.560978,-5.605217,-13.355761,-18.127175,-13.841682,-3.62298,4.390861,4.973285,-0.352576,-5.403061,-4.177944,4.872529,17.203884,24.837117,22.928263,15.126452,11.06155,16.258603,24.533214,22.753804,4.825554,-20.100591,-35.379708,-33.002824,-20.509766,-11.514405,-11.423061,-14.391397,-12.929694,-6.763151,-0.751039,2.879545,6.179253,9.544335,8.549491,-0.007622,-10.750922,-12.962683,-2.702544,11.395696,17.656358,15.487587,15.83431,26.021174,37.66215,34.210474,10.786205,-17.474725,-29.823905,-21.298558,-6.686956,-3.026091,-11.340275,-18.010896,-12.377617,0.860797,7.803663,1.127535,-12.880871,-22.079549,-20.265906,-10.522416,0.373222,7.90198,10.720378,9.03014,4.382818,0.207223,0.119666,4.663895,10.451762,13.222931,11.454835,6.765983,1.722833,-1.65601,-1.792561,2.021438,7.90523,11.163291,7.747544,-1.437767,-10.653258,-14.497166,-12.504095,-8.128305,-4.105711,-0.352912,3.661536,6.603887,6.973442,6.06055,6.726433,8.629511,6.956416,-1.742878,-13.160993,-17.69372,-10.948577,-0.195465,2.297935,-7.273045,-19.387881,-21.060598,-9.499196,5.582263,12.660147,9.289507,1.900484,-2.765228,-3.413055,-2.092682,0.291962,4.327839,9.460566,13.725968,16.370216,18.535172,20.16808,18.166828,10.186437,-0.134903,-4.976165,-1.31114,3.793268,0.144133,-12.899976,-23.685186,-20.630898,-6.138773,4.943186,1.566511,-11.208401,-18.313119,-11.980329,-0.090773,3.491822,-5.452721,-17.688305,-21.264107,-13.279562,-0.386018,9.726078,14.769944,16.755228,17.748088,18.290809,18.268142,17.045116,13.098139,5.735451,-2.200081,-5.49316,-2.432404,1.51519,-1.220524,-10.697178,-17.318091,-11.866062,2.916998,13.617729,10.253514,-2.755219,-11.772634,-9.232731,-1.003044,2.172669,-2.217499,-6.773724,-4.742019
12.736583,-7.97496,-21.280962,-14.384764,-7.930767,-8.369849,-5.786108,-6.814654,-11.353769,3.561161,30.051743,24.473513,-11.680984,-25.88883,-5.212332,10.688768,6.248128,2.548272,6.057753,5.644889,1.352856,-0.795787,-0.290306,3.162277,4.858318,-4.188744,-14.820542,-5.795348,17.135357,24.772412,9.792463,-8.220693,-15.741195,-12.080502,-0.69016,5.30956,-4.094051,-11.509538,0.658841,8.697856,-13.446115,-35.442138,-17.205756,14.931308,13.563285,-3.420338,7.786033,29.604559,18.166215,-11.100701,-12.350478,9.047829,14.089131,0.764087,-2.112799,11.010359,20.282026,15.165231,0.672716,-15.386881,-23.995293,-21.347525,-19.244085,-25.586923,-21.137424,8.078399,31.149227,16.014356,-10.424644,-6.958161,10.939047,9.773525,0.026027,-0.137405,0.21079,6.0448,29.577948,33.713372,-12.644903,-50.219384,-21.742052,15.356528,-4.425999,-32.356185,-10.112524,21.6998,18.154398,7.525005,12.027592,11.47463,5.681706,10.028351,10.421566,-1.907168,-6.962289,-8.691992,-29.486348,-43.785502,-13.320005,28.483209,25.814114,-0.422365,2.529642,19.053573,3.053839,-25.169791,-14.507393,16.412416,11.800708,-14.569065,-10.488944,6.932499,-7.824059,-23.328245,5.201521,32.191895,10.467409,-11.021296,6.591549,15.751961,-1.249706,4.127235,23.213373,3.955895,-21.189503,1.504762,20.133976,-19.369219,-51.937189,-18.557305,22.386712,14.525869,-7.521962,-10.252058,-10.619642,-11.92713,1.770895,16.667754,11.711322,1.488564,6.877819,16.886532,12.630945,2.107944,2.741527,4.757534,-11.746038,-29.388764,-16.530359,8.172202,6.991735,-1.348453,12.892257,18.086799,-6.740449,-12.084354,16.172098,14.286159,-23.012889,-21.163586,18.763606,20.995021,-9.2288,-10.334582,0.977255,-16.779631,-28.485689,-5.898263,5.068783,-11.399464,-5.562966,26.48378,34.060255,14.993716,4.551569,-1.359155
-6.984497,-28.473517,-18.380756,3.947304,14.168338,22.009684,28.94632,21.723262,6.749418,-2.177796,-3.225486,4.445092,11.224015,-4.443476,-32.428104,-34.640528,-10.815286,4.415156,4.601343,5.033974,0.540717,-13.852481,-18.53948,-3.157018,13.82616,16.139824,8.793578,3.664491,6.197048,13.138061,14.582324,2.930473,-15.31165,-21.066584,-6.086867,10.387189,8.119294,-2.816139,-5.433217,-4.461635,-1.253814,14.86713,27.814205,10.359286,-17.275863,-17.664067,-4.10856,-6.683246,-14.724907,-10.050064,-1.469773,2.261301,1.53559,-5.231556,-7.801157,4.473882,14.430692,10.281163,11.879965,19.760351,7.939693,-12.445651,-12.080567,-7.028346,-14.128256,-5.975853,19.392966,20.817776,0.212514,-4.557172,-0.979879,-12.14893,-19.811186,-12.639595,-10.326391,-9.045909,8.250453,25.374017,29.954966,35.071893,26.219384,-17.611136,-52.902544,-31.667985,7.536026,9.88905,-5.314142,-3.970222,0.637527,-3.226011,0.083317,10.071115,11.712712,10.520236,11.642267,-3.183332,-35.20133,-47.138758,-16.88967,25.340437,39.755115,26.009441,9.80509,4.301568,3.134347,-0.390082,-1.946448,4.143657,9.704108,0.398327,-17.862566,-22.201383,-10.182205,-3.096036,-5.993783,-4.142783,0.836712,-3.80447,-9.621313,-2.916308,5.831646,3.15199,-2.230204,2.42203,14.203217,20.615151,12.570251,-2.494593,-4.541156,7.776704,10.660284,-5.788643,-22.644229,-21.785823,-3.344355,16.779406,17.061639,1.950004,2.864266,16.993919,3.945002,-28.394719,-27.59043,0.258269,3.461455,-11.569591,-3.043602,18.833404,20.460112,4.422589,-12.271857,-19.44646,-9.205967,4.241829,-0.794312,-6.783024,8.447187,21.354631,16.666051,17.922157,17.878289,-13.575384,-45.10828,-29.04302,5.733421,12.927073,6.140219,5.560695,2.586348,2.777793,14.160641,15.178447,-1.40525,-9.476944,-2.195839,2.445029
-4.303261,-7.165039,-7.967245,-7.628895,-6.016943,-0.693556,9.18984,18.568685,18.880513,6.57229,-11.651097,-23.81596,-23.214042,-13.156347,-1.59948,6.867899,12.446712,15.581919,14.740878,9.992334,5.95545,7.564197,12.90361,13.777596,5.771079,-4.333806,-5.245463,3.908426,9.067149,-4.36927,-32.983567,-55.072628,-51.490101,-25.389365,1.358919,11.063598,6.667263,4.463247,13.73082,27.624692,33.834533,29.346159,21.017477,13.915606,5.006956,-9.105586,-22.225153,-22.284351,-6.263718,12.821266,17.986241,6.697162,-6.482376,-7.035039,2.668379,7.080755,-2.698912,-17.107653,-18.954992,-4.236503,11.988024,12.04635,-4.424472,-19.915833,-18.223148,-1.561373,12.844482,11.521039,-2.438514,-15.181321,-17.744873,-13.492306,-10.918435,-12.431652,-12.474262,-5.663587,6.076533,15.877087,20.066483,21.787584,26.007441,32.500227,35.562749,30.801292,20.724652,12.2502,8.76767,5.914852,-3.761924,-21.979644,-41.161992,-50.100662,-43.314068,-25.266584,-6.310002,4.878785,5.6556,-1.401446,-11.397639,-18.995545,-19.486548,-10.741184,4.565248,19.359149,26.476164,23.857957,15.863286,9.25201,7.502829,8.588244,7.80276,2.592405,-4.966718,-9.801095,-7.86618,0.636848,11.08609,17.321911,15.548909,6.50127,-5.56183,-15.854237,-21.33076,-20.764222,-13.904306,-1.802888,11.919429,21.451613,22.128822,14.107659,2.305273,-7.774036,-13.92666,-16.823463,-16.753167,-12.630555,-4.946814,1.888443,2.618701,-2.733421,-7.538111,-5.32021,2.402246,7.132132,3.398434,-3.692013,-3.293523,8.374999,22.115517,24.591637,12.622222,-3.348556,-10.708055,-7.874274,-4.219097,-7.525245,-14.315579,-14.424649,-3.903175,9.381416,14.068914,7.770032,-0.506115,-0.231377,9.713572,20.359214,21.659357,11.234925,-4.820589,-17.736027,-22.069744,-17.871085,-9.379089,-2.130327,0.277825,-1.652553
1.699385,11.148562,17.241167,13.425628,1.731192,-10.093855,-16.707631,-18.451027,-17.193519,-12.209853,-2.427881,8.799458,14.742661,12.50445,7.133115,6.085993,9.94264,11.111737,3.031974,-10.773549,-18.800163,-12.844119,3.826238,19.4122,23.323045,13.091889,-5.468693,-22.017715,-26.605288,-15.687933,3.127767,14.052834,5.997563,-14.666371,-26.566889,-12.915153,19.911564,45.569914,41.905348,11.911734,-20.300797,-33.557776,-27.675811,-17.93536,-15.448979,-16.75265,-12.129466,0.467756,13.243,18.744549,18.072301,17.409224,19.110279,19.517275,15.344516,8.960892,5.248297,4.668623,2.281304,-5.640877,-15.844634,-20.619635,-15.783948,-5.002995,3.855916,5.616939,0.826652,-6.658548,-13.502658,-18.308757,-20.59461,-19.488221,-13.638269,-2.510388,11.682936,23.27715,25.824941,17.576494,4.891976,-1.476148,4.377526,17.530074,26.481749,23.935523,12.76532,1.108661,-6.880354,-13.501632,-21.324863,-27.675179,-27.671857,-21.558835,-15.629131,-14.466376,-14.572124,-8.685729,3.8197,14.078175,13.359548,4.032876,-2.015357,3.59086,16.506244,24.954182,22.649721,14.028652,7.07982,4.343178,3.099174,2.22631,4.591478,11.390776,17.339204,15.163911,4.684627,-5.905085,-9.666179,-9.838216,-16.062832,-31.526092,-46.717681,-48.231303,-32.930767,-11.216057,3.948348,9.193286,10.818365,14.580477,18.400069,16.022179,5.896208,-5.77701,-10.822736,-6.506414,3.147523,12.125826,17.443975,20.091204,22.496056,25.516415,27.165976,23.871179,13.744823,-0.538264,-12.582628,-17.299993,-15.570689,-13.049692,-13.676965,-15.18604,-12.357833,-4.505358,2.146615,0.826829,-7.91062,-16.381565,-17.934341,-13.285152,-7.864969,-4.505928,-1.181027,4.00119,8.387609,7.744372,2.738939,-0.441958,2.817539,9.622791,12.826327,9.717037,5.07771,4.700077,7.862591,8.582734,3.860287,-2.06488
-15.350352,-29.408662,-25.475913,-2.944428,19.009996,19.615551,-0.775677,-19.364255,-14.508249,10.808653,31.865647,28.573571,6.102072,-12.507646,-12.029373,0.362721,6.371084,-1.713846,-14.234063,-17.657035,-9.906147,0.134737,5.083842,5.959426,6.189364,3.82781,-5.414291,-18.37597,-23.248035,-11.875423,8.633056,21.033304,16.109993,3.02148,-1.102309,9.287944,22.304301,23.082505,11.016547,-0.548291,-0.863991,5.99591,7.524398,-1.148685,-11.669777,-13.605279,-7.634293,-4.189656,-9.656819,-17.7301,-16.777539,-4.099735,10.296987,14.691625,7.96449,-0.968575,-4.664644,-5.022473,-8.677637,-16.931464,-23.255841,-21.075041,-11.632346,-2.257512,2.284261,4.419383,9.1206,16.478306,20.978756,18.170959,10.346116,4.530477,5.557305,12.158538,19.318249,22.660687,19.947117,10.376275,-4.549349,-18.830617,-23.453978,-13.710466,3.949756,14.663542,7.769779,-12.351013,-29.26476,-29.68417,-15.814885,-2.107801,-0.093606,-7.49535,-12.496499,-7.171845,5.097209,15.118925,18.136378,16.665779,14.434685,11.006692,4.355088,-3.239552,-5.81021,-1.765636,1.247197,-6.601191,-24.46721,-37.843287,-31.700816,-6.968828,18.405183,26.562801,17.13757,6.029773,7.264754,18.469693,25.674177,20.479224,8.914547,2.365411,2.908102,1.597689,-8.437678,-21.021585,-22.6749,-9.004385,8.077134,11.907649,-1.126607,-17.726877,-21.999228,-11.639547,1.606508,6.16767,2.417532,-0.5324,2.783644,8.164088,8.3329,2.767512,-1.609382,0.801281,7.209001,9.565704,3.852319,-5.420523,-10.204577,-7.180681,-0.306865,3.991513,2.785679,-2.196385,-7.779272,-12.243536,-15.190775,-15.95308,-13.335439,-7.068955,0.959267,7.311775,9.170352,6.535675,2.876977,3.346527,11.073971,23.944663,34.935422,36.739272,27.331288,11.55677,-2.784473,-10.638102,-12.088896,-10.321199,-8.475319,-8.530876
-0.259828,4.02372,0.856913,-5.087359,-3.535248,7.899854,18.008161,12.917794,-7.562345,-27.344236,-29.388652,-12.56424,8.017283,16.355641,9.213874,-4.801664,-15.754907,-18.994887,-13.492858,0.591159,19.276661,32.292743,28.812177,8.400973,-15.659035,-27.013665,-20.735148,-6.046153,5.012573,9.243212,11.670612,16.070909,20.054576,19.967793,16.865057,14.250734,11.271274,2.635382,-12.742101,-26.067152,-25.889069,-11.44033,4.500711,8.324024,-0.410474,-10.217823,-12.023001,-8.356581,-6.573194,-6.641415,-1.25282,11.064061,18.303631,6.299567,-22.161144,-44.617267,-39.609792,-9.453847,20.948208,29.103513,16.532808,3.741652,5.674025,16.086754,17.520101,3.604933,-12.706627,-13.895368,1.991455,18.700611,19.127015,3.270113,-12.279916,-11.96686,2.934275,16.280095,13.947987,-1.830095,-14.788067,-10.825447,8.131043,26.109773,28.584894,15.801835,0.75951,-5.331058,-4.267188,-6.878776,-18.97212,-33.577209,-38.449068,-29.910665,-16.684873,-9.379109,-8.543905,-5.782388,3.864589,14.1895,15.007613,5.700131,-2.103001,2.796617,17.516449,26.840783,19.118798,-1.176925,-17.683781,-17.8598,-3.464079,13.262342,21.183648,17.577708,6.979064,-3.66187,-8.547199,-5.218559,3.727964,11.492443,12.240457,6.727722,1.621017,1.920926,4.806667,2.769893,-7.021208,-18.35177,-22.211836,-16.323075,-6.662258,0.053785,2.828413,4.127961,3.623744,-1.993329,-12.189816,-18.948809,-13.686878,2.058814,15.784863,15.890514,3.478816,-9.329167,-12.263537,-6.021261,1.46906,4.720555,3.902779,0.119368,-7.475502,-17.091503,-19.901693,-6.060599,22.482573,48.388347,52.849417,34.251083,10.384848,0.036513,3.649948,4.798727,-9.242408,-31.435408,-41.722107,-28.713925,-2.011093,17.648333,18.378465,5.816933,-6.196881,-9.907259,-7.586191,-4.52162,-2.450898,-0.899755,-1.762121,-8.644378
-25.854817,-45.759014,-48.298357,-34.87783,-18.028821,-6.831255,0.862887,10.640448,19.699723,18.060101,2.740361,-13.553274,-12.816566,8.893988,36.17789,50.509622,49.201217,44.418051,44.099229,39.722586,17.837742,-18.189264,-44.800347,-41.02215,-12.549048,11.886832,9.728802,-12.820411,-29.88158,-25.364558,-8.979979,-2.174995,-12.664346,-27.496982,-30.311732,-19.871995,-8.288655,-4.233206,-3.914488,0.047761,6.068468,5.51131,-3.513973,-10.24941,-3.356195,13.404159,23.127855,15.441199,0.524714,-1.213145,16.436551,35.710846,33.012895,5.770019,-22.469697,-25.464113,-1.204671,26.413556,32.082524,13.136207,-10.799851,-19.148782,-8.789202,7.423874,16.071213,14.406356,8.326058,3.784664,2.389298,3.129377,4.525566,3.989934,-2.267064,-15.565922,-30.794668,-38.587889,-33.635028,-20.703081,-10.897772,-11.11413,-17.553564,-20.048839,-12.373604,2.130439,14.445716,18.161274,13.941468,7.457877,4.321851,6.299767,10.260859,9.903239,0.419738,-15.733465,-27.37419,-21.818614,3.134411,34.077547,51.414861,46.408997,29.042837,17.718161,20.809462,29.272868,27.623804,10.587959,-12.546267,-28.769752,-33.319214,-29.80572,-21.805778,-9.191723,6.150332,15.326033,8.522593,-12.9318,-34.2421,-40.340132,-30.923957,-19.576197,-17.344129,-20.103931,-14.947054,2.170806,19.266747,20.983461,6.473922,-8.501958,-7.77671,9.055164,27.613152,33.800637,25.631861,11.261824,-0.723415,-6.910699,-7.596157,-4.231576,0.404046,2.434973,0.301914,-2.649136,-1.647976,3.008049,5.633855,3.191963,1.391714,8.682103,23.596059,32.361843,23.295092,2.42717,-10.346432,-3.417273,11.33952,10.463345,-13.429586,-40.305283,-42.86246,-16.797577,13.117356,18.488656,-3.958134,-31.33291,-40.025314,-27.975418,-11.308075,-3.887015,-5.085491,-6.557159,-4.859581,-3.219788,-3.217958,-0.341262,10.015148,25.013978
4.858396,4.466005,1.823937,-2.983765,-9.623986,-15.960527,-17.796643,-11.998997,-0.56235,9.305299,10.454205,1.843407,-10.489566,-18.320477,-17.162054,-8.306196,3.349284,12.606427,16.118204,13.379242,6.810166,0.256707,-3.854594,-6.119246,-8.198411,-9.145404,-5.012887,6.371463,20.468593,27.873467,22.844395,9.779102,-0.35766,-0.875574,4.106535,4.8906,-2.484246,-11.612019,-13.04591,-5.205809,3.518935,3.713235,-5.232512,-15.091698,-17.910634,-13.772921,-9.180535,-8.932172,-10.999687,-9.558923,-2.044806,7.641168,12.769172,10.098904,2.697855,-2.893294,-2.146052,4.025909,10.386478,11.876323,7.822509,2.370403,0.595115,3.57495,7.085278,5.570278,-2.08128,-10.617509,-12.592111,-4.9433,8.069238,18.07871,18.836126,10.191157,-2.615712,-12.720822,-15.412675,-10.165525,-0.645924,7.22854,8.689556,3.194878,-5.28345,-11.430495,-12.659727,-10.393305,-7.600458,-5.534953,-3.238498,0.067751,3.053542,3.4795,1.149843,-1.205556,-0.63081,2.70859,5.59705,5.459674,3.407906,2.805059,4.76822,6.074382,2.633798,-4.891451,-10.069386,-6.592594,4.51512,14.445303,14.447795,4.513053,-6.124692,-7.573257,1.488022,12.946651,17.056849,10.743339,-1.159829,-11.308083,-15.45486,-13.697983,-8.629085,-3.82614,-3.134722,-8.710803,-18.096479,-24.168638,-20.271345,-6.593485,9.199321,18.678728,19.924743,17.551457,16.051299,14.849604,10.881486,4.581482,0.651024,2.004905,4.955814,2.956808,-4.820286,-11.072369,-8.357692,1.505344,8.483952,5.452288,-3.718535,-9.191183,-7.482205,-5.843895,-12.76217,-25.789707,-31.922117,-21.150742,2.004007,22.195927,27.995624,21.363632,12.572448,8.175667,6.141793,1.939457,-3.912027,-6.506882,-3.518731,1.350943,2.991882,1.362082,1.337799,6.088871,12.334021,13.436064,6.733378,-3.361053,-9.750959,-9.376807
-11.49074,-7.760395,-2.403933,1.225647,1.068143,-2.365339,-6.538511,-8.771117,-8.017989,-5.260516,-2.33974,-0.269605,1.560541,4.635794,9.641255,15.288259,18.735978,17.465056,11.260005,2.747022,-4.069503,-6.336911,-4.154934,-0.311245,1.893579,1.141934,-0.966547,-1.307734,2.026032,7.704062,11.511876,9.067911,-0.870029,-14.846541,-26.155819,-28.540574,-19.838932,-3.267516,14.43111,26.727035,30.552135,27.172959,20.485364,14.191681,9.83522,6.784359,3.732702,0.264673,-2.782659,-4.299443,-4.22668,-3.976089,-5.49278,-9.674262,-15.445856,-20.316701,-22.07078,-20.31349,-16.656934,-13.37057,-11.549316,-10.284394,-7.57785,-2.351392,4.0641,8.311479,7.24423,0.505623,-8.523678,-14.372527,-12.847873,-3.903925,8.038001,16.707805,17.901463,12.089985,3.95298,-0.844218,0.58491,6.619657,12.577349,14.234283,10.874942,5.68863,3.25463,5.962373,11.994939,16.396965,14.535271,5.518787,-6.878382,-16.520842,-18.908159,-14.119949,-6.665973,-2.321414,-4.100674,-10.115856,-14.783753,-12.582752,-1.86352,13.790062,27.512986,33.137883,28.679254,17.23135,4.902658,-2.770385,-3.712666,0.068516,4.192103,4.660158,-0.011103,-8.324972,-16.942379,-22.534953,-23.311508,-19.601761,-13.471451,-7.730764,-4.786304,-5.708538,-9.794487,-14.813735,-17.941019,-17.066792,-11.88262,-4.113964,3.341128,7.966565,8.982285,7.645324,6.273306,6.606514,8.603289,10.510954,10.199032,6.852739,1.829253,-1.987829,-1.980342,2.433768,9.25347,14.990775,16.748173,13.96218,8.706607,4.373949,3.577918,6.582459,11.19107,14.100214,12.842973,7.157954,-0.958338,-8.437966,-12.795835,-13.300424,-11.08318,-8.255762,-6.632431,-6.79485,-7.966519,-8.677886,-7.776641,-5.183389,-1.969055,0.270708,0.36436,-1.730637,-4.890881,-7.478318,-8.270641,-7.080741,-4.679548,-2.112604
7.505257,4.470003,-1.042199,-6.408059,-9.141947,-8.250644,-4.628322,-0.390809,2.330316,2.418448,0.164274,-3.016227,-5.273032,-5.093435,-1.90362,3.665094,9.952668,14.889855,16.860653,15.409457,11.388199,6.422631,2.012826,-1.146685,-3.186569,-4.482686,-5.022025,-4.318323,-2.015207,1.330832,4.073542,4.300685,1.229012,-3.870343,-8.095444,-8.641484,-4.746623,1.563548,6.620345,7.488975,3.94779,-1.384021,-4.943743,-4.835743,-2.264249,-0.701571,-3.342807,-10.668546,-19.883652,-26.644082,-27.826658,-23.372267,-15.970193,-8.970715,-4.175216,-1.114517,1.835004,5.606701,9.48029,11.781481,11.572261,9.787564,8.717348,10.14483,13.668979,16.719541,16.459225,12.177864,6.224552,2.535798,3.691485,8.711064,13.417502,13.33338,7.098664,-2.155577,-8.669112,-7.988952,-0.223165,9.761153,15.435473,12.896615,3.388609,-7.631662,-14.139063,-13.313423,-6.917945,0.417027,4.51996,4.173182,1.20269,-1.511709,-2.339251,-1.789686,-1.602982,-3.101161,-6.276965,-10.233513,-14.294174,-18.529896,-23.091805,-27.001266,-27.773768,-22.702043,-11.15892,3.88128,16.675506,21.837929,17.83031,8.284831,-0.07548,-1.766734,3.77376,11.787443,15.501046,10.935998,-0.124431,-11.132268,-15.098429,-9.267634,3.072565,14.844144,19.857013,16.652496,8.947726,2.57405,1.22806,4.046194,6.572086,4.236178,-4.215852,-15.700561,-24.717664,-26.719654,-20.617818,-8.955356,3.987895,14.588687,21.18449,23.799104,23.041618,19.359726,13.228895,5.84799,-0.617362,-3.815308,-2.630486,1.831348,6.60632,8.54148,6.219444,0.812075,-4.762926,-7.82501,-7.68935,-5.994891,-5.403951,-7.611657,-12.067215,-16.290989,-17.55498,-14.76368,-9.256234,-4.00031,-1.729734,-3.259875,-7.062382,-10.326938,-10.766179,-7.966386,-3.428126,0.665903,3.065945,4.30903,6.182436,10.126734
-11.538338,-30.530873,-22.218528,6.889526,29.104075,27.346058,9.55929,-7.444906,-17.106717,-20.828446,-15.768282,3.157045,29.266097,42.494752,28.349624,-4.959482,-33.875701,-43.018485,-36.486729,-25.57361,-12.020796,10.108612,37.743229,52.999479,40.949371,10.679675,-10.0866,-5.43857,9.63225,8.427485,-11.459524,-22.472744,-2.477792,33.365957,47.51173,23.956591,-15.791317,-43.359145,-55.959417,-67.186808,-75.964205,-64.625437,-29.71799,4.336158,14.463013,9.720457,16.178418,36.743355,46.637147,32.557224,15.73209,21.371834,39.261406,37.112911,9.891878,-8.717672,6.932424,36.277003,39.526852,11.676957,-13.728348,-14.009332,-6.317451,-16.357217,-37.443215,-41.533502,-22.875497,-6.814355,-11.551586,-21.839022,-13.454296,9.756826,21.048925,8.381326,-10.579471,-13.514948,0.764929,17.628106,25.470108,19.652788,-2.187605,-33.846725,-53.676599,-41.488073,-6.623559,15.594031,5.448035,-13.691383,-3.767081,36.67853,66.359566,50.355043,2.121107,-32.625436,-26.081545,7.762889,34.659014,33.491647,8.065214,-22.490044,-38.871176,-33.930731,-17.023537,-3.926104,0.966553,8.180423,24.813127,39.360404,34.867015,14.331188,-0.189931,2.962482,9.32255,1.011378,-15.127022,-16.920612,-0.416107,13.44489,9.462722,-1.108556,-1.834766,-0.526082,-18.986884,-56.662109,-84.001471,-77.937251,-48.777087,-21.76796,-4.707808,10.545736,22.635007,18.913043,2.151201,-1.866458,22.85387,55.298085,61.492318,40.681573,27.219055,42.643034,64.445203,55.188233,11.438226,-32.344291,-44.846507,-27.487407,-2.415519,13.52666,16.12814,7.88337,-3.230653,-5.757539,1.811499,2.701642,-19.517341,-53.352622,-65.237263,-39.803795,-1.974565,12.610491,0.347512,-12.496263,-10.314389,-6.608864,-16.735386,-31.148696,-31.176287,-20.057347,-17.575034,-25.709563,-21.527094,7.280096,37.738374,39.57322,18.715006,12.170116
1.243959,-6.485668,-10.815575,-8.750113,-2.942403,2.140568,5.043894,7.632543,11.411253,14.824289,14.519251,8.668251,-1.249489,-11.358505,-17.589474,-17.730579,-12.768785,-6.75622,-4.323907,-6.918722,-11.235861,-12.200117,-8.027508,-1.860254,2.148586,3.79336,6.624319,12.544284,17.980679,17.115208,9.033929,0.127594,-2.015785,3.078134,7.727708,3.921156,-8.269713,-20.451443,-23.525959,-14.98618,0.492611,15.634319,24.662179,24.532768,15.437009,1.944272,-7.781056,-7.148207,2.538329,11.717426,10.605217,-1.326216,-14.365304,-17.810241,-10.215453,-0.128562,2.998469,-2.232258,-9.305012,-11.526081,-8.214714,-3.49866,-0.943486,-0.9309,-2.583179,-5.81247,-9.961762,-11.623338,-6.517315,5.078949,16.013069,17.673411,8.695948,-2.653492,-5.995454,1.26478,12.229324,18.432283,17.994504,14.958264,11.875926,5.987743,-5.60669,-18.539924,-22.312473,-10.820842,9.198729,22.574529,19.674884,5.339834,-6.883174,-8.829234,-4.912562,-5.42299,-14.361172,-25.332391,-28.919787,-22.302427,-10.895028,-1.913243,1.935202,2.742931,3.756771,6.98716,13.212389,21.637196,28.455685,27.583812,15.58869,-3.235353,-18.202876,-20.541505,-10.954892,1.45129,7.779029,6.450032,2.132896,-0.737009,-1.890471,-3.217554,-5.037311,-5.913182,-5.456212,-5.331968,-6.618717,-7.277048,-3.816256,4.291081,12.856119,16.349192,12.806033,5.132147,-1.859685,-4.953777,-3.629624,0.543991,4.497262,4.681918,-0.323623,-7.394781,-10.447325,-6.286365,1.098035,3.76928,-1.457196,-8.40959,-7.444672,3.529072,15.17234,15.310094,1.530129,-15.621858,-22.382081,-14.311798,0.819505,11.448392,12.301396,6.646363,0.736021,-2.227055,-3.102292,-3.894301,-5.166631,-5.821567,-4.253385,0.383053,7.042917,12.385926,12.39772,5.846081,-3.482278,-8.894935,-6.202292,2.667496,11.560548,15.452986
0.112844,2.205791,-4.562623,-11.66644,-6.671915,8.399039,16.195965,5.798302,-10.870474,-12.722608,2.307574,12.839127,1.529401,-21.492803,-31.103538,-18.783662,-0.964124,4.918734,1.508652,2.204406,9.458339,14.027621,13.084951,15.561856,25.227226,30.005252,18.257687,-0.87719,-6.633611,4.350977,11.727698,-0.102224,-18.780123,-21.028157,-6.679498,-0.008243,-15.010116,-34.061168,-31.038713,-6.53197,13.85779,13.882663,4.577208,3.502198,9.042608,6.776013,-5.097903,-11.158525,-1.316949,13.777406,16.752895,5.994622,-4.236278,-3.07718,5.795883,11.936877,9.2173,-2.592433,-19.57101,-32.232558,-28.9183,-8.834669,11.022208,11.341611,-5.677927,-16.36645,-3.855173,20.75307,32.926133,25.690886,15.420039,16.392802,21.246486,14.019718,-4.900782,-18.245908,-15.394963,-5.667897,-3.771388,-9.954537,-12.56016,-6.612694,-0.529167,-3.005774,-10.889579,-14.777429,-11.974764,-7.745505,-5.484511,-2.32816,3.97669,9.398523,8.998888,5.083293,4.810769,9.704578,12.286949,5.75259,-5.759868,-10.459332,-2.567669,10.268377,14.931922,6.818154,-6.165223,-13.267898,-12.121978,-8.693851,-7.487827,-5.156013,4.424662,20.543505,34.101757,35.955076,24.518016,4.490171,-18.519687,-38.689455,-47.606142,-37.929123,-13.004437,10.775952,16.920134,5.023529,-9.111397,-10.391234,1.362936,14.992385,21.568743,20.572154,15.324473,8.525335,3.340885,3.264656,6.8857,6.213107,-4.3936,-18.54031,-22.714585,-12.519065,0.759742,3.297976,-4.916474,-11.788238,-9.643478,-3.959882,-3.907037,-9.361029,-11.755038,-5.511875,6.043156,15.758289,19.375273,16.483076,9.089685,1.8297,0.325392,5.285072,9.574398,5.46552,-4.950605,-10.755118,-5.40732,4.578407,7.503865,0.928201,-5.979846,-4.261923,4.867211,13.299402,15.625392,12.376472,5.913106,-2.661324,-12.062594,-19.433738
8.449546,18.488498,27.149531,27.565638,15.983183,-2.72742,-17.304467,-19.770403,-12.704007,-5.637312,-4.388237,-5.706685,-3.240783,3.146712,6.782971,3.182835,-2.974027,-2.363932,7.791152,19.347606,21.355388,11.614488,-1.29524,-7.350069,-5.02786,-1.33775,-3.016576,-9.113684,-12.495729,-7.802883,2.707302,10.967299,10.406297,1.845132,-7.269692,-9.57024,-4.400109,1.804414,1.942047,-4.720995,-12.126188,-14.101631,-10.802352,-7.604768,-7.753566,-7.589829,-0.494472,14.521013,29.440398,33.455774,22.751478,4.251544,-9.910425,-11.924074,-4.165704,2.498386,-3.119593,-22.654109,-43.802061,-47.359046,-23.311159,17.260848,48.351377,51.294003,32.350715,15.901933,18.260126,30.049221,27.808571,2.741392,-26.630902,-33.91419,-14.856934,7.086096,6.689107,-15.53092,-35.777756,-35.218179,-19.921868,-10.08715,-13.914219,-18.730124,-8.869645,13.331156,29.31333,25.397055,6.939591,-9.775615,-15.130418,-11.503397,-3.655232,8.981189,26.804123,41.094602,37.948022,14.034941,-14.91069,-25.990999,-10.883186,15.496663,28.585647,15.994313,-13.178062,-37.810727,-41.945352,-25.141367,-0.322664,16.983416,19.911912,14.080446,10.375075,12.281355,10.847503,-4.818809,-30.974262,-46.86752,-34.101218,1.008698,29.228786,27.029249,2.385839,-12.547555,3.737251,37.80254,55.093636,36.673237,-1.916514,-29.030853,-29.643238,-16.07965,-8.988371,-14.415183,-22.331318,-22.729208,-16.318498,-9.011905,-2.297052,5.808671,12.626264,10.241248,-4.106962,-20.510892,-23.866211,-9.313853,12.377747,25.802562,25.460714,18.430193,14.974323,19.307298,28.584028,36.827557,37.934285,27.929416,8.536319,-11.50969,-22.592389,-23.784106,-23.825061,-29.546943,-35.01021,-27.217889,-4.363804,16.155916,13.441878,-13.402086,-42.321347,-51.08482,-39.240445,-23.302585,-12.952406,-0.065998,25.126533,53.397284,61.516358,39.614885
-14.556422,-20.665244,-14.178591,7.109756,25.327356,21.640265,0.923339,-13.057196,-7.85528,2.843187,0.200869,-12.841944,-16.477203,-2.625738,14.220063,18.533836,15.507752,21.709604,38.857082,48.627541,35.852748,8.077464,-13.953486,-20.234136,-18.395,-18.263898,-18.28464,-11.607524,-0.364516,4.054394,-3.705996,-13.191591,-9.363003,6.990331,16.076544,1.061406,-29.046811,-45.485684,-31.727615,-3.798644,8.302415,-3.050363,-15.490739,-8.398759,8.944438,12.544196,1.312907,1.480958,27.213497,52.50566,39.698167,-8.57286,-45.469978,-34.404849,7.609848,33.842749,25.345511,6.29661,3.112339,9.142057,1.784824,-19.049994,-28.987299,-14.004138,10.514234,22.136667,19.87107,18.865641,23.992403,23.142267,7.227363,-15.466348,-30.127825,-32.020116,-25.311491,-12.053518,7.420592,24.9722,26.496418,7.428124,-20.034327,-39.753057,-47.085585,-47.074157,-42.432642,-31.298932,-15.109109,0.526744,14.981283,33.995843,55.94639,63.727819,41.432215,-0.914101,-29.857558,-22.175924,8.826135,27.615509,15.764811,-9.247219,-15.803011,6.519258,37.273505,48.539784,33.415881,9.830562,-1.59645,0.033744,-2.18455,-19.582656,-41.156653,-45.026525,-25.57988,-2.206718,3.093592,-8.501182,-17.005562,-11.924892,-5.618175,-13.603301,-30.093032,-33.650172,-15.04822,11.413184,27.16542,30.301073,30.293821,29.012133,18.665082,-1.664931,-18.556554,-18.819018,-5.166886,8.690856,14.123577,11.797125,3.310553,-11.160675,-25.124761,-25.510537,-7.425722,15.910564,26.459069,23.177466,22.074138,32.619767,42.156376,30.369138,-3.92756,-37.2711,-43.938093,-20.806104,10.362565,23.037425,8.966882,-15.287517,-24.386922,-10.007476,9.151199,7.439797,-16.845513,-37.312499,-30.952477,-7.350675,3.296382,-10.997327,-29.875161,-29.339815,-12.238958,0.897298,3.388377,8.303453,22.839815,34.355851,31.141828,23.714419
11.506264,15.899391,17.217476,21.143393,29.867225,37.936002,36.785472,24.108681,8.134814,1.146141,7.612306,18.895294,20.933759,8.250566,-9.730282,-17.237777,-7.745598,9.016418,16.026615,5.082968,-15.991781,-31.647624,-33.143752,-24.728416,-16.883151,-15.412173,-17.499517,-16.586472,-9.106868,3.131517,14.62664,18.812448,11.171599,-6.416972,-23.240952,-24.961606,-6.005164,21.748806,35.648234,21.820805,-10.428719,-35.34768,-33.975654,-11.331576,9.849669,12.283886,0.422007,-6.070802,6.36375,31.315451,48.980138,45.006898,22.803132,-0.887939,-10.8045,-4.294228,9.371457,18.348859,17.091443,8.140463,-2.758432,-12.484701,-21.729922,-31.103194,-37.254016,-34.39859,-20.651104,-2.342722,9.488997,8.149876,-2.820971,-12.708493,-12.29327,0.064527,18.823343,35.045343,39.610537,26.372191,-3.020518,-36.006776,-54.271787,-46.97223,-20.812278,4.71427,14.304271,9.386862,3.357294,5.582486,12.498708,14.831555,10.42011,6.320903,8.500235,13.410473,12.691032,4.613609,-3.020996,-2.462507,4.461585,9.187466,7.499616,4.014873,4.437887,6.63842,3.251885,-7.243427,-16.067806,-13.294267,0.282679,13.494205,16.927522,11.697657,4.781632,-1.399942,-10.655295,-24.264516,-34.901087,-32.99835,-18.293778,-1.532833,6.503509,5.332967,2.282107,1.661772,0.185966,-6.164369,-14.273391,-16.330648,-9.403144,0.817363,6.992607,8.287203,9.162587,11.703745,13.102552,11.683555,11.546902,17.164233,24.419094,22.220021,6.114945,-12.42493,-15.39833,1.622462,22.06836,24.380381,4.84821,-18.336558,-24.352343,-10.529079,7.668047,14.90934,10.296856,3.230061,-0.466273,-3.998317,-12.050828,-22.511872,-28.625016,-27.399991,-22.122996,-16.015915,-6.849131,8.981949,27.802241,37.658774,28.493972,3.084299,-23.495663,-35.859204,-30.01393,-14.510088,-1.896589,0.723308,-4.989817,-11.831588
6.113042,19.524777,36.866994,46.480747,41.705661,24.609898,2.043258,-18.207701,-28.312762,-23.488364,-8.5321,1.480828,-6.359326,-27.174382,-39.291615,-25.757502,5.738156,28.817401,25.669287,4.823685,-10.917313,-10.825789,-4.636978,-4.754386,-7.883552,-1.305171,15.167362,23.094027,6.787141,-23.626081,-38.66164,-21.034323,14.344018,36.053705,29.350459,8.814779,-1.554368,5.292015,16.603082,19.008391,13.171985,7.877346,5.550424,-0.419662,-14.872233,-32.666113,-43.416484,-41.497453,-28.859986,-10.445333,8.799985,22.574019,24.28287,13.521869,-0.443674,-6.262527,-2.352053,2.278143,0.785082,-1.447636,6.07298,22.815025,33.926069,26.200561,4.074683,-14.92648,-19.73542,-15.474313,-12.310028,-10.653212,-3.837546,6.755551,8.612384,-4.776572,-19.495794,-13.607921,14.516779,38.606673,32.490221,2.616235,-16.493823,-2.33475,26.885282,31.160121,-5.191986,-54.141672,-73.766253,-51.692035,-12.794289,12.974998,20.484212,23.544543,27.959556,22.595435,-0.64107,-27.671658,-32.900796,-8.678869,23.312761,34.063321,17.101297,-7.859582,-18.985669,-13.959609,-5.919298,-3.34731,-0.393008,12.602653,34.022151,49.958791,47.138451,24.805813,-5.035783,-26.433114,-29.15576,-14.33354,5.818666,15.470024,7.105842,-11.589281,-24.400432,-22.320511,-12.2802,-8.72516,-17.025195,-27.426185,-26.019213,-9.721692,10.867714,21.502938,14.815019,-7.103385,-34.952145,-54.60259,-52.23155,-24.785878,12.945217,37.610033,39.460145,33.779802,44.12196,72.415412,91.482009,73.298319,23.010916,-22.417996,-32.630711,-15.977936,-7.292288,-25.369638,-50.591627,-48.986169,-13.436663,26.695423,37.195592,13.324031,-21.029928,-42.559003,-48.363384,-46.971333,-39.894925,-21.058093,7.71573,30.568966,32.486861,16.485701,0.030909,-4.989973,-2.948897,-3.430039,-5.462178,0.660635,17.001227,30.850843,28.365484,11.921044
0.672893,5.39556,7.783086,5.945121,-0.040733,-8.059192,-14.908729,-17.794338,-15.64516,-9.646136,-2.736202,1.71873,1.497723,-3.380921,-10.595896,-16.588998,-18.296726,-14.689291,-7.287866,0.665668,5.969135,7.175584,5.279931,2.980204,2.96642,6.276167,11.702534,16.577561,18.407884,16.34659,11.638961,6.844056,4.359229,5.11608,8.122544,10.99633,11.132724,6.93372,-1.389792,-11.704901,-20.577645,-24.488401,-21.294949,-11.380715,2.140493,14.512794,21.432872,21.17446,15.512946,8.728229,5.070496,6.125701,9.7616,11.469013,7.388412,-2.884839,-15.622135,-25.007129,-26.691411,-20.557653,-10.819574,-3.320407,-1.781189,-5.49608,-10.0257,-10.416956,-4.756369,4.367215,11.489317,11.882978,4.72178,-6.307386,-15.296461,-17.736078,-13.082898,-4.714419,2.482464,5.130205,3.011469,-1.497694,-5.480936,-7.387005,-7.495784,-6.876443,-5.9072,-3.651808,1.394212,9.80699,20.211285,29.597438,34.833576,34.346453,28.84221,20.656559,12.293455,5.208326,-0.414972,-4.967384,-8.553223,-10.747159,-11.144967,-10.152955,-9.204148,-10.021534,-13.339771,-18.026413,-21.376045,-20.56934,-14.443221,-4.423327,6.041221,13.247963,15.152142,12.281844,7.179009,2.817795,1.031449,1.855189,4.004571,5.963393,6.856573,6.587543,5.349754,3.091626,-0.513962,-5.523659,-11.074944,-15.288605,-16.02838,-12.179542,-4.63291,3.775668,9.513226,10.156919,5.714035,-1.355609,-7.460035,-9.77094,-7.5914,-2.447985,3.029215,6.64383,7.613553,6.485377,4.244086,1.399653,-2.231114,-6.928264,-12.207696,-16.489085,-17.712209,-14.593122,-7.664431,0.7019,7.440689,10.454346,9.74228,7.266723,5.641826,6.49911,9.57197,13.034072,14.783886,13.773883,10.528169,6.606602,3.496474,1.738971,0.836359,-0.122645,-1.671136,-3.591009,-5.150529,-5.667463,-4.922428,-3.154169
0.83125,5.097654,12.148557,17.254535,16.636491,10.901006,3.805355,-1.466828,-4.041248,-4.149973,-1.983357,1.42093,3.261424,0.802666,-5.240945,-10.149714,-9.294678,-3.033671,3.074159,3.372386,-2.609923,-9.914843,-12.794168,-9.495643,-3.146676,1.214773,0.545243,-4.105511,-8.415036,-8.041908,-2.246972,5.157328,9.051252,7.938002,5.473754,6.386083,10.854888,13.84595,10.616575,2.236623,-5.392303,-7.830844,-6.062325,-3.610954,-1.28715,2.893174,8.396975,9.545409,1.185191,-13.016676,-20.938717,-13.381085,5.157048,19.356992,18.046931,5.386454,-4.161518,-1.462599,8.458539,13.522446,8.366857,-1.241478,-7.127594,-8.583024,-11.207926,-17.262435,-20.888433,-15.074235,-1.868551,7.496588,4.020893,-8.832477,-18.024925,-14.053508,-0.045406,12.3831,14.946373,9.311847,3.004064,1.072593,2.811814,5.083102,6.356959,6.87972,6.725216,5.696458,4.940394,6.633184,10.799121,13.476158,10.077776,1.178277,-6.491434,-6.468716,0.061349,4.744967,0.835359,-9.169107,-15.876965,-13.123118,-4.66788,0.004058,-3.992123,-11.984437,-15.291566,-10.633761,-3.034873,0.25068,-2.574528,-6.722575,-6.474995,-0.919764,5.745987,8.51721,5.820091,0.555221,-1.916608,2.632958,13.708796,24.844314,27.065266,16.075832,-2.669088,-16.939713,-17.56397,-6.233372,6.547209,11.280858,6.99538,-0.403497,-5.305288,-6.363771,-4.407641,0.27553,6.393058,9.031974,2.550485,-11.912,-23.877547,-22.053426,-6.431274,10.286674,15.335524,9.027444,2.940739,5.017395,9.589562,4.868377,-11.031213,-25.593081,-25.304463,-11.129856,2.841235,6.028414,2.904506,5.425823,16.153044,23.512224,15.537899,-4.614696,-20.491101,-19.583777,-5.797599,6.60258,9.027393,5.569044,4.75862,8.361943,10.906443,8.367758,3.42367,1.078103,1.839689,1.803042,-1.542752,-6.524587
12.421935,25.946857,33.259887,28.298388,10.691292,-13.538035,-35.002555,-45.790811,-43.107984,-29.707842,-11.370787,6.467848,20.682475,30.232261,34.773748,33.837119,27.422976,17.292773,7.348614,2.126619,4.073489,11.554845,19.315329,21.432043,14.926785,1.600158,-13.158977,-23.716198,-27.352557,-25.183064,-20.517427,-16.19351,-12.966958,-9.969256,-6.497229,-3.394039,-2.775685,-6.35259,-13.805667,-22.605525,-29.423044,-31.961091,-29.770104,-23.596352,-14.156168,-1.714506,13.000582,27.471117,37.299134,38.200077,29.10076,14.009193,0.730166,-3.380195,3.913001,17.867424,29.302681,30.124693,18.263767,-1.234394,-19.589638,-29.693447,-29.823188,-23.375791,-15.332336,-8.453014,-2.089268,5.818824,15.61995,24.606945,28.769975,26.266581,19.623923,14.533465,15.786539,23.319134,31.521206,32.664693,22.210542,2.229258,-19.580807,-34.657996,-38.806193,-34.298267,-27.583547,-24.476754,-26.358385,-29.939503,-30.394126,-25.26137,-16.20412,-7.554644,-3.038035,-3.255757,-5.659917,-6.699345,-4.257172,1.424523,8.67108,15.96582,22.69085,28.52949,32.414242,32.370652,26.754898,15.981579,3.163222,-7.198354,-11.756415,-10.27659,-5.518754,-1.130162,0.8098,0.709476,0.262916,0.322278,-0.184083,-3.235776,-9.436709,-16.549899,-20.429636,-17.962699,-9.779979,-0.369054,4.908708,3.884348,-0.413347,-1.658181,5.025626,18.858507,33.019024,38.709546,31.016294,12.436028,-8.519027,-22.729948,-26.089148,-21.387741,-15.284141,-12.775456,-13.381382,-11.893053,-3.060682,13.403158,31.409404,41.934045,38.983343,23.843402,4.541959,-9.181456,-11.97578,-5.951745,1.201226,1.592444,-7.687246,-22.891281,-36.237816,-40.801736,-34.443714,-20.531482,-5.469563,5.045011,8.71714,7.029767,3.593252,1.773422,2.939411,6.02499,8.355129,7.22794,1.566077,-7.077451,-14.755685,-16.787003,-10.278038,3.77557
-2.982784,-15.863631,-27.912597,-32.826327,-26.778211,-11.533774,5.850972,17.033655,17.537608,9.424025,-0.447065,-5.259851,-2.63247,4.500266,10.766858,12.453456,9.65224,5.19607,1.775546,-0.151357,-2.111924,-5.683325,-10.854371,-16.094987,-19.78473,-21.42534,-21.463646,-20.088088,-16.483187,-9.604986,0.059261,9.530576,14.56504,12.596278,5.16922,-2.37403,-4.233378,1.682253,11.912701,19.587355,19.264719,11.022057,0.694684,-4.113109,0.50398,11.745161,21.807973,23.181554,13.813862,-1.469768,-14.221069,-17.913596,-11.891977,-1.167297,7.433672,9.777559,6.470909,1.434391,-1.422534,-0.765576,1.992433,4.471409,5.254807,4.465323,2.904604,0.868271,-2.229145,-7.208896,-14.136315,-21.771657,-27.742973,-29.266373,-24.213823,-12.416201,3.211538,16.703148,21.196007,12.909292,-5.286282,-23.78705,-31.068879,-21.175142,1.209686,22.496215,28.601911,14.641781,-11.176468,-32.732609,-36.798492,-21.61565,2.962509,23.418835,32.076384,30.863724,27.226428,26.649394,28.576526,28.769599,24.954497,19.706622,17.547753,19.226634,19.33177,10.497717,-8.991089,-31.333284,-43.580627,-37.492963,-16.724367,5.184079,14.877608,9.117639,-3.757505,-11.956194,-10.737298,-6.040019,-8.123258,-21.046896,-37.623536,-44.670929,-34.211825,-10.851492,11.252049,19.415229,12.155962,-0.46093,-5.812387,0.850091,13.226998,20.150654,15.237694,1.71677,-11.042814,-15.442835,-10.875338,-2.369277,4.964957,9.975168,14.565887,19.667841,22.841845,20.264994,11.128045,-0.162769,-6.559577,-3.671469,6.929561,19.240881,27.523884,29.742831,26.962219,20.165374,8.492395,-8.855716,-29.055772,-44.796164,-48.24377,-37.115084,-17.383342,0.434933,8.782582,8.01479,4.459098,3.421803,3.740123,-0.762535,-13.95682,-31.0657,-39.86581,-29.530242,-0.152891,35.272142,58.724738,59.064816,38.806078,10.88696
-5.194924,-0.465238,-1.074698,-10.112087,-20.79457,-23.622274,-16.027638,-3.231056,9.280356,20.912216,32.247036,38.695358,32.016204,10.079416,-16.52971,-30.711124,-23.544086,-3.019974,12.406848,9.775664,-7.625561,-24.207118,-26.678757,-15.943451,-5.455738,-7.219804,-18.316642,-21.862658,-3.748068,29.945858,53.747917,44.630853,5.27775,-35.472493,-47.785038,-27.391962,3.293427,19.805149,18.989285,16.766048,25.494008,38.400837,38.331726,18.793944,-7.953832,-23.977334,-23.252447,-14.217541,-7.621607,-6.181426,-6.482442,-6.480492,-7.138209,-8.06893,-6.314985,-1.350685,1.831295,-1.707435,-8.949504,-10.609835,-2.516849,7.457685,7.315588,-4.666178,-16.856006,-16.924737,-4.944064,8.703914,16.558337,20.622277,24.657036,24.843552,13.763788,-6.563992,-21.493735,-18.153611,-1.449444,9.170209,0.707502,-18.442864,-27.301444,-14.870876,9.046193,25.491943,25.364209,14.894551,5.09972,0.394017,-1.736564,-3.967553,-5.76601,-5.621139,-2.946145,2.933959,12.381364,21.674645,22.204012,8.179306,-13.943881,-27.865601,-23.139041,-7.398841,0.960694,-6.869806,-20.613302,-24.302795,-16.254457,-10.227075,-15.836421,-23.549854,-15.113005,11.969108,36.870457,36.667604,12.807818,-8.589753,-3.935482,23.592346,48.917108,51.372031,32.538359,9.2035,-5.684419,-11.731441,-14.477077,-16.737269,-18.545502,-21.197437,-26.236427,-30.690602,-27.797735,-15.048583,0.645413,9.110999,8.190047,6.127212,11.559787,23.201245,31.57682,29.846346,19.952953,7.595999,-5.691993,-22.40606,-41.814863,-56.243318,-56.473415,-39.89879,-12.383782,16.491309,38.136862,46.432091,39.264218,21.80628,6.33923,3.994342,14.248503,24.355718,21.655619,6.16931,-10.734131,-19.612948,-21.852494,-24.021091,-26.530666,-22.497447,-8.389435,8.516195,17.116335,15.601781,13.24448,17.660679,23.792225,19.449057,1.05564,-20.308174
29.732187,29.37879,11.745926,-12.135668,-26.025757,-22.417339,-7.980817,3.232526,1.061344,-14.289232,-33.019143,-41.242422,-29.150593,0.537663,30.350211,38.795489,19.704691,-7.820529,-13.791564,12.887525,49.193132,57.535336,24.097654,-24.114598,-44.611555,-22.726543,13.273736,22.379491,-6.015816,-42.584503,-51.111919,-26.340237,4.22508,13.046814,0.747396,-10.119172,-3.917775,12.061287,20.344238,15.366907,7.57001,7.583238,12.849561,12.903129,4.195249,-5.4784,-7.366182,-2.100859,2.911801,3.683531,3.086787,4.40228,5.917924,4.679073,2.818385,5.406323,11.583583,12.398269,1.102076,-16.402015,-26.232596,-22.742715,-15.860388,-18.379205,-27.916418,-27.369397,-5.809635,25.114125,41.026082,31.103259,9.659214,-1.318455,2.311881,4.289988,-9.051372,-29.474901,-35.760682,-19.875597,2.44346,10.175284,1.760247,-4.406132,6.136311,25.687976,34.215404,24.261668,9.532342,6.872126,14.841629,15.927784,-0.519322,-23.267338,-30.631017,-14.530229,10.99002,25.121558,20.141162,4.298636,-10.80817,-20.066448,-22.37254,-15.31312,1.434624,18.753156,21.31487,3.073839,-22.489541,-32.867765,-19.178967,4.248087,15.112656,6.158445,-10.035794,-18.222363,-17.3001,-16.799154,-20.035546,-17.82463,-1.94989,19.497215,26.905294,11.037657,-13.798607,-22.404681,-3.944851,28.255249,51.923758,56.978636,49.34213,37.572151,22.531957,2.602723,-16.186275,-22.617137,-14.465455,-5.112265,-10.696018,-31.001051,-47.54273,-42.951863,-19.841134,2.668871,10.055277,5.921964,3.280935,6.648864,8.087524,0.928567,-8.296256,-6.462526,8.924737,24.271636,24.101994,8.007856,-10.032048,-18.268973,-18.787544,-20.838557,-26.461157,-27.839141,-18.996436,-4.904115,5.038079,10.239457,19.790712,38.081648,54.043172,50.563419,25.139529,-3.687311,-14.40658,-5.610811,3.002933,-6.490204,-29.773569,-45.420192
-18.161564,-16.590161,-12.848145,-10.16701,-4.208735,9.63568,25.04165,26.561174,6.326857,-23.050833,-37.171159,-23.663418,4.697299,23.313689,21.681446,13.205223,18.04727,38.532601,54.849609,45.832206,11.921982,-24.333206,-40.106243,-33.133249,-20.872354,-20.685773,-32.24246,-39.18266,-26.95044,1.472929,26.976315,31.18213,12.952488,-10.562756,-19.169317,-7.149909,12.849942,22.497478,14.328886,-3.379649,-16.433128,-17.690938,-10.46009,-1.773216,4.431917,7.14678,4.915942,-3.274128,-13.376828,-16.201444,-5.510121,13.903092,28.972945,30.721274,22.654581,15.477795,14.639043,15.601285,11.53156,2.538437,-5.219365,-7.913341,-7.629058,-6.897638,-3.800438,3.437846,8.675863,0.905827,-21.321893,-41.942818,-40.338974,-14.373221,13.527551,17.673194,-4.175053,-29.075509,-34.374194,-20.76634,-6.983003,-4.968791,-7.169509,-0.25584,14.798189,23.507844,18.062768,9.087273,12.190407,26.548949,34.490891,23.97435,5.02286,-2.139622,7.282294,16.751495,10.715098,-3.896224,-6.488176,7.883262,17.535595,-0.455959,-37.451811,-55.589845,-27.83683,28.520932,65.086189,50.081304,-0.935471,-43.413928,-48.757533,-27.177678,-8.799894,-9.80977,-20.982767,-24.631654,-14.831569,0.734467,12.624669,17.227888,14.251584,3.729387,-10.789598,-19.876352,-15.190289,-0.017874,11.32015,8.146437,-3.707184,-7.142709,7.387023,30.755642,44.363032,38.67825,20.47157,3.058874,-6.514886,-9.143447,-6.644859,1.250424,11.969677,16.967611,8.637208,-9.506301,-23.491001,-22.544365,-10.9336,-3.523353,-9.17686,-20.661617,-22.439675,-7.408521,15.684334,30.946043,29.481421,14.718492,-3.539902,-17.440146,-23.948447,-23.121815,-16.7398,-8.550707,-3.370918,-3.954164,-8.595578,-12.415372,-11.192055,-4.159527,5.944777,14.551855,17.519624,13.747326,6.824138,3.043903,5.747575,11.24335,12.022892,5.337837
1.599664,-2.033442,-6.730531,-6.340051,1.842513,13.001414,18.613573,14.909754,6.750316,2.166249,3.39913,4.658619,-0.653286,-11.484394,-19.281302,-16.764112,-5.525006,5.803904,10.27329,8.402218,5.4457,4.550667,4.031601,1.012282,-4.019351,-7.455289,-6.808563,-3.434534,-0.664814,-0.06838,-0.3732,0.176973,1.380104,1.498544,-0.287226,-2.533179,-2.891004,-0.671819,2.072946,2.123314,-1.924468,-7.808428,-10.804724,-7.558961,0.529184,7.889324,9.60901,6.166597,2.866122,3.899335,7.29662,6.940365,0.108119,-8.033465,-9.033167,-0.571781,9.944113,12.391617,4.29936,-6.820149,-11.557063,-7.745954,-0.725424,4.193564,7.010963,10.017522,11.813352,7.639201,-3.470878,-14.317155,-15.354702,-5.425184,5.346125,5.276371,-6.468797,-18.628769,-19.460106,-8.579167,3.572306,7.210491,2.580118,-2.248169,-1.097709,4.525078,8.843107,8.75692,6.024503,3.637656,2.306475,1.311564,1.239235,3.77507,8.533048,11.766875,9.765874,3.300958,-2.654555,-4.223377,-2.814191,-3.041957,-6.783656,-10.659431,-10.157036,-5.376761,-1.170439,-1.27022,-3.617172,-2.944201,2.232095,6.900771,5.059359,-2.712298,-8.907206,-7.12331,0.526608,5.467176,2.188907,-5.629586,-9.483029,-5.676671,1.141385,4.471956,4.208654,6.280292,14.065555,22.431403,22.411708,11.521729,-2.624544,-10.093818,-8.910039,-5.901349,-7.535083,-12.093644,-12.548404,-6.165201,1.309089,2.131838,-4.244228,-10.422846,-9.439627,-2.080351,5.07436,7.464256,6.384585,5.221749,4.417111,2.141764,-1.085805,-1.391158,3.486292,9.872662,11.255643,5.926703,-0.489698,-1.571363,1.944167,2.915128,-3.139879,-11.746602,-14.108332,-7.444157,1.485828,4.09704,-0.290937,-4.342684,-2.07601,3.82251,5.463495,-0.484694,-8.574037,-10.671625,-4.849543,3.13967,6.681497,4.906252
-13.545882,-7.597081,10.141441,28.758736,33.594755,18.84224,-6.312339,-25.441585,-29.877093,-25.555802,-24.210771,-28.747507,-29.715993,-17.242965,5.574063,24.049845,26.966859,17.760848,8.934013,7.163183,7.594753,3.652974,-1.452914,2.265505,16.836895,29.155651,22.948853,-2.172926,-27.118925,-31.12246,-12.287462,11.207,19.656396,9.462421,-7.522833,-18.611508,-20.937342,-18.766512,-15.127606,-9.507176,-2.169579,3.664887,5.825699,6.926448,10.934017,16.275302,15.637083,4.75766,-10.138252,-16.810823,-9.838301,2.978947,9.026358,5.152235,1.330882,8.95137,26.575297,39.194537,32.327718,6.419276,-22.933291,-38.548324,-35.439547,-22.504105,-12.400668,-10.305562,-11.414662,-7.787696,3.034914,15.573088,21.57796,17.418128,6.890856,-2.498688,-5.636459,-2.662762,2.855592,7.169914,7.705164,3.025435,-6.21331,-15.763012,-19.218577,-13.409026,-2.694493,4.043396,2.406319,-2.083967,0.514044,12.870865,25.516318,25.296003,8.807623,-13.463259,-26.394779,-22.680632,-6.469726,12.526575,25.803619,28.192345,18.410415,1.588865,-10.352524,-6.705304,9.837205,21.170614,9.274192,-23.873869,-54.351551,-57.75131,-32.886413,-2.029152,12.733089,10.611639,7.835319,15.223186,25.486299,24.665509,11.745578,0.940478,3.765414,13.878742,14.203078,-2.284437,-23.791661,-33.392231,-27.636664,-17.361446,-11.427506,-5.736385,8.027543,26.31189,33.307559,19.335809,-4.358923,-14.653092,-1.175296,21.766185,30.48901,17.314624,-2.767637,-10.681169,-4.387557,1.703669,-3.580792,-14.354647,-16.160876,-5.355391,5.123431,1.111943,-14.753953,-24.441752,-14.609343,7.496096,20.735157,12.170411,-9.779412,-24.972356,-22.370892,-9.067943,0.836852,2.887866,4.827137,13.261324,21.955937,17.43309,-3.375471,-24.37714,-23.118925,6.165568,43.543381,59.470549,41.148517,3.422023,-25.796782,-30.212653
18.624898,20.69369,16.817371,6.732254,-5.528487,-13.01796,-11.677685,-5.092448,-1.767315,-6.219145,-13.446216,-14.174843,-6.211894,1.165273,-3.625327,-20.660524,-35.713427,-33.033123,-10.911778,16.529825,33.147468,35.106795,30.812615,28.195633,24.966637,12.853274,-10.060019,-33.961908,-45.343935,-39.313989,-22.804984,-6.319135,5.554243,14.787982,23.102995,27.507036,23.981536,14.333811,6.823126,8.222695,15.35709,16.11795,0.872495,-26.014564,-46.669497,-43.972726,-17.691039,13.185525,26.085345,15.159458,-3.43182,-7.658092,8.059477,27.232928,28.804366,9.405959,-13.762836,-22.370643,-16.297546,-10.589377,-14.370175,-18.195806,-6.507328,19.490078,37.98559,29.547451,1.148151,-18.692164,-10.804282,12.326812,19.481926,-4.509282,-40.899191,-55.798378,-34.367236,6.188506,35.54769,37.46472,17.852234,-7.545177,-26.514974,-32.631518,-23.292775,-2.893023,14.355298,13.637081,-3.369996,-14.556543,2.121474,42.267929,73.918511,67.525834,26.522856,-15.376448,-27.704084,-11.029848,9.509102,13.791501,4.508183,-3.505056,-4.385626,-6.204558,-17.269701,-34.282195,-46.695657,-48.537188,-41.257108,-26.848344,-4.816308,21.176256,38.597279,34.89255,12.027201,-12.688109,-23.681538,-22.50007,-22.090707,-27.084579,-26.057868,-6.884719,24.388696,46.853789,47.878538,37.144112,33.040594,38.26042,36.225532,13.933396,-17.559803,-32.107165,-17.411249,10.934044,27.142119,22.841005,11.919047,9.382425,12.4249,6.383953,-14.694009,-40.179285,-55.983882,-59.416214,-56.779511,-50.131566,-34.051191,-7.334094,18.480333,28.831967,23.320391,16.741968,20.186692,25.816964,16.50735,-10.029842,-33.430425,-31.334036,-4.984279,21.326537,26.991976,16.535295,11.257029,22.698971,39.924345,43.673744,27.965857,3.919366,-14.65557,-23.204366,-23.392041,-15.181696,1.15718,16.587386,15.241723,-9.117461,-40.777859,-52.847373
-2.085891,-3.723449,-7.757449,-13.771262,-19.598443,-22.985149,-23.076247,-20.482895,-16.272568,-11.206476,-5.971027,-1.778467,-0.147656,-1.603674,-4.475335,-5.302664,-1.055505,8.412625,19.735791,27.906732,29.282191,23.507329,13.18723,2.001573,-7.074339,-12.407317,-13.487055,-10.709066,-5.417367,0.365586,4.975339,8.298882,11.791587,16.749202,22.093167,23.974863,18.331361,4.790076,-11.49771,-22.366699,-22.201047,-12.288933,-0.185483,5.799262,2.741315,-5.080691,-10.133147,-7.970361,-0.653082,5.474247,5.50498,0.176909,-4.919609,-4.192777,3.329186,13.356825,19.767818,18.854464,10.984417,-0.946829,-14.039102,-26.356361,-36.01561,-40.301838,-36.648391,-25.08012,-9.679742,2.972844,7.800574,4.645462,-1.774557,-5.493463,-3.67131,1.704218,5.951268,5.743641,1.836254,-1.447509,0.717514,10.399281,25.519073,40.827064,50.364301,50.127742,39.914859,23.642799,7.763462,-1.873069,-3.24003,0.643617,3.697229,0.962646,-7.927246,-18.676484,-25.765761,-26.618223,-23.053462,-18.94547,-16.375717,-13.905448,-8.580029,0.278856,9.213981,12.692018,7.398418,-5.05247,-19.361201,-30.443765,-36.339085,-37.702817,-35.028595,-27.040439,-12.358097,7.168509,25.327323,34.760169,32.357329,21.982188,11.587644,6.857961,7.000396,6.630003,2.061524,-4.053619,-4.564388,5.107802,21.225234,33.241346,32.045755,17.949343,1.050322,-6.877151,-2.149651,8.016195,12.263496,5.478957,-6.508633,-12.221722,-5.1679,9.68243,19.422452,13.745081,-6.588183,-30.40202,-44.865496,-44.588601,-33.738043,-20.578045,-10.338469,-2.765575,4.660222,12.386335,18.201435,20.523409,21.121191,23.37179,27.316342,27.083448,14.780071,-11.435438,-42.513306,-62.627901,-60.235855,-37.200201,-7.849715,11.82585,15.959576,11.640026,10.707566,18.223091,28.134035,29.851845,19.247838,3.437379,-5.423428,-1.637032
2.486555,3.488923,1.153896,-5.69822,-14.943023,-20.890475,-18.782302,-10.241215,-2.654037,-1.486629,-3.772876,-1.263019,9.272699,20.590322,21.754415,10.163728,-4.954884,-11.693091,-6.711359,3.699987,12.184227,16.987392,19.572821,18.891327,11.87228,-0.255774,-9.779195,-9.751461,-2.706814,0.930183,-5.529651,-16.749689,-20.75381,-12.133849,2.196355,10.935738,10.116412,5.241303,2.989184,3.731769,3.26218,-0.400533,-4.763326,-7.230365,-8.892599,-12.062741,-15.307674,-13.671342,-4.849807,6.269583,10.923016,4.610054,-8.407762,-18.331577,-17.031024,-3.243612,16.639473,31.556423,31.791045,16.255693,-4.276259,-13.571631,-3.632556,16.39189,26.831004,15.624191,-9.490863,-27.823752,-25.300855,-6.95639,9.703351,12.193288,2.978571,-6.385786,-7.875786,-2.624557,3.568555,6.826311,6.691311,3.934707,-0.224139,-3.09336,-1.629356,3.58498,6.738171,1.72486,-10.467639,-20.757947,-20.053089,-8.513912,4.094579,7.662696,0.97323,-8.29854,-11.886446,-8.418784,-3.086056,-1.225815,-3.0348,-4.166932,-0.663524,6.916389,13.806555,15.275461,11.031124,5.816905,5.308311,10.732726,17.355201,18.700181,12.643219,3.323071,-2.931108,-3.20815,0.446479,4.078676,5.08825,2.502417,-4.043303,-13.49439,-21.651403,-22.659757,-14.456736,-2.542724,3.751583,0.193858,-7.728189,-10.485155,-5.044096,1.353386,-1.12549,-13.659834,-25.968708,-25.1481,-7.604009,16.988031,32.811073,29.79866,11.136117,-8.76277,-14.462047,-1.152894,20.960316,34.235103,28.279497,9.111755,-6.56252,-7.315604,2.553405,8.821109,2.851304,-10.205393,-18.749491,-17.826521,-12.433659,-8.621566,-5.226814,2.783359,14.505388,21.05306,15.336303,1.528224,-8.570919,-8.610908,-4.125745,-4.361954,-10.143493,-13.437858,-8.960213,-2.238814,-2.944588,-11.627751,-17.275698,-9.891078,6.900307,18.889281
-10.197627,-3.001951,7.622291,12.215154,7.141058,-1.611409,-5.067063,-0.724146,5.629238,7.132673,3.386256,-0.114115,0.622736,2.737919,-0.538914,-11.783664,-24.867605,-29.160664,-18.871755,1.113288,18.485994,23.372497,16.35074,7.493084,7.002312,15.703504,24.284563,22.38277,9.065089,-5.674184,-10.338598,-3.226179,5.738559,4.670676,-8.684935,-24.854198,-31.620978,-24.68533,-9.845874,3.833382,11.446262,12.990966,9.051902,-1.278784,-16.929409,-30.858799,-32.624647,-17.182969,8.804143,30.846602,38.041977,31.01021,18.756825,8.733051,1.296032,-6.242584,-12.617852,-12.599259,-4.420196,5.430606,7.852356,1.653448,-4.383423,-2.122687,4.704477,3.641134,-10.543334,-25.877603,-23.617726,0.075745,25.987108,29.138088,4.705323,-25.685851,-34.946877,-16.507748,11.908193,28.483698,27.525481,18.998287,12.668161,8.33068,1.936854,-4.495367,-4.590533,1.724991,5.032259,-2.655797,-16.397237,-22.500632,-14.831377,-2.952282,-0.981789,-10.453197,-18.676885,-14.818849,-3.386478,1.929305,-3.987031,-11.096164,-7.055052,7.169222,18.750561,19.029879,13.10206,11.105322,13.678911,11.434527,-0.748634,-13.901538,-13.518415,3.432883,24.088552,33.108168,27.335868,15.127518,4.204973,-4.941299,-13.530816,-18.185218,-15.096773,-8.572339,-8.948936,-18.971906,-26.373764,-16.089893,9.586371,28.413267,20.263565,-9.60407,-33.88562,-31.318912,-8.488021,8.899428,4.472186,-12.981585,-22.154949,-13.01905,5.537028,19.234783,23.463696,22.664674,19.497919,11.138591,-2.710444,-13.45942,-10.511401,5.799284,22.322647,26.44798,19.40118,13.39717,15.970252,20.383845,13.668364,-7.190112,-29.772618,-37.718492,-26.548714,-7.421757,3.816949,0.359872,-11.623166,-20.326499,-18.668114,-9.007712,0.183558,1.972866,-3.207393,-8.119982,-5.44607,5.012294,15.611443,17.937842,10.926498,1.624513
8.580702,14.706108,9.228028,-3.975662,-13.352959,-11.16589,-0.468509,9.543186,13.358972,12.857153,12.290816,12.269449,9.916624,3.530682,-4.810848,-11.101164,-12.331063,-7.573682,1.668672,10.706121,13.029351,5.895395,-4.507866,-6.464691,5.260307,21.078142,23.824668,6.865888,-16.437354,-24.567378,-10.207225,10.976307,15.467888,-4.780459,-35.122222,-53.017186,-47.656233,-25.286183,0.456445,19.17383,25.982804,19.711871,4.107196,-10.427246,-12.171482,0.933899,17.128874,21.338921,10.842208,-1.639152,-1.861567,10.511432,22.470559,22.795267,13.589405,5.622346,4.923491,7.380163,6.274759,1.304155,-2.473444,-2.685252,-2.625594,-5.235018,-7.32234,-3.155161,6.643855,13.07048,7.469243,-9.033967,-26.652119,-36.769394,-38.410969,-34.880031,-27.361902,-15.248334,-1.989709,4.01823,-1.963416,-12.522456,-12.33329,6.346628,33.296303,48.049863,39.264121,15.788668,-2.188305,-2.451648,9.391259,18.339654,16.064963,7.470805,2.662154,5.088716,9.044716,7.744973,1.438736,-3.764372,-4.137499,-3.293414,-7.717549,-17.977631,-25.998566,-22.199302,-5.322299,15.277934,27.074484,23.820506,8.392502,-11.525467,-28.639009,-37.778646,-36.23506,-25.890173,-14.704049,-12.05659,-19.036311,-24.061651,-12.275982,17.785607,48.237214,56.261675,36.456491,7.540219,-5.208089,5.74568,24.463521,29.539818,15.550045,-4.314511,-14.275854,-10.873966,-1.89881,4.942409,8.069647,8.056949,3.288723,-6.787566,-16.5223,-17.538006,-9.215709,-2.288123,-7.883475,-23.228735,-32.064819,-21.627793,2.448264,20.864309,20.107287,4.831043,-9.600517,-13.885878,-11.239676,-8.599506,-6.253549,0.868542,13.742167,25.429227,28.140935,21.813575,13.50856,9.325419,9.267503,9.88618,8.907681,5.338519,-2.73952,-16.409125,-31.050556,-36.672128,-26.852755,-7.326288,7.376602,7.727765,-1.471038,-7.14486
-25.526383,-3.432037,11.279904,3.11473,-13.721142,-12.504375,11.610195,33.469793,27.727047,0.284633,-17.848568,-6.949858,19.4545,32.815499,23.449057,8.069045,4.858262,11.035593,11.284481,2.375294,-1.661155,8.901911,22.028405,16.889505,-8.103538,-30.075906,-28.785763,-12.555106,-8.96442,-30.414995,-57.188764,-59.448216,-31.506797,2.615992,17.139922,11.000321,3.2899,8.055721,21.055297,30.691532,33.61771,34.154181,32.853223,24.259915,7.795225,-5.861374,-5.353905,6.202788,12.6388,2.763451,-17.424329,-33.44731,-39.458396,-41.005965,-41.718393,-34.961803,-14.012857,13.375341,28.798752,23.971148,11.997438,12.405623,27.056224,37.560261,28.500354,7.533677,-3.342202,5.223383,18.38214,15.182067,-6.311,-27.1454,-29.524962,-15.253427,-0.480607,3.214519,-2.135688,-8.469396,-11.681136,-11.755621,-8.145739,-0.951786,4.376125,0.056127,-13.033706,-21.583754,-13.023736,7.631573,19.793011,9.714508,-12.072159,-20.731832,-4.739202,20.817658,30.912699,17.638083,-3.089934,-10.557766,-0.193752,15.791895,23.885467,20.487948,9.516587,-4.336007,-16.516988,-21.016619,-14.259987,-1.365673,6.310552,3.095236,-4.076216,-4.425889,2.316156,5.514412,-0.932197,-8.114631,-2.875884,12.607032,19.639801,5.491932,-17.692805,-23.988737,-4.372574,20.417583,22.752978,0.589606,-19.873886,-15.171615,7.960519,21.151529,7.492033,-20.796231,-38.961779,-37.435518,-27.246666,-20.878124,-16.37269,-4.229212,15.407278,30.05064,29.952479,20.098436,13.552186,15.979777,21.516221,23.077904,21.080799,19.26202,16.112335,6.188882,-10.198712,-23.840536,-25.905387,-17.160227,-4.312954,10.186132,27.980896,42.870925,36.60463,-3.932555,-64.153304,-104.298504,-92.488454,-36.012107,24.134932,51.034197,41.766694,20.10802,6.114029,-0.295838,-7.623431,-15.113394,-14.392238,-5.21793,0.442972,-5.477449
5.465609,3.631674,-7.976099,-22.31243,-25.626199,-10.549766,14.562647,30.87124,25.284208,2.439985,-19.196282,-23.460158,-9.747472,8.293778,16.300542,11.783612,4.513643,5.336756,14.652188,21.767702,15.92938,-1.627948,-16.983129,-16.058332,1.181848,19.283127,21.126276,3.96815,-18.292961,-28.889423,-23.819813,-13.642896,-10.761314,-16.565596,-21.626523,-17.067221,-3.820294,9.341066,14.928252,12.512073,6.694,1.971204,0.438251,2.465514,6.990582,10.931082,10.532384,5.109791,-1.092038,-2.420302,2.43827,9.294987,13.432966,14.339632,14.079545,12.011273,4.174266,-10.356404,-24.310628,-26.852176,-14.725907,2.968712,13.281172,12.422335,8.36797,10.014614,15.922249,16.22152,5.263927,-10.535829,-19.429201,-17.766572,-14.167753,-19.431182,-33.778246,-45.739133,-43.471383,-25.921689,-2.703811,15.498145,25.163721,29.560253,32.517446,34.024452,31.537705,24.331443,15.740302,10.852358,11.695279,14.532041,12.582485,2.659937,-10.527008,-17.897629,-15.253185,-8.72329,-9.104205,-19.717742,-31.293967,-31.178192,-17.744393,-3.23387,-0.327626,-7.136127,-8.675714,5.537241,27.637635,38.018682,25.870503,0.869462,-16.69719,-15.695726,-2.225092,10.363943,15.311567,14.632039,11.197299,4.327338,-5.310125,-10.923814,-5.110036,9.448828,19.188024,13.1985,-3.547362,-14.246383,-8.904431,3.552833,4.620139,-12.762094,-35.28648,-42.725885,-28.789004,-6.759207,4.954803,0.601191,-9.956626,-13.401563,-5.447749,7.990335,18.471868,21.646557,18.055658,11.178462,6.242348,8.715514,20.539111,36.676641,47.003956,43.760817,27.917833,7.898986,-8.098894,-18.320797,-26.421822,-35.394548,-43.370693,-45.192481,-37.384404,-21.535288,-3.594457,9.693966,14.50025,11.647732,5.478964,0.48195,-1.90165,-3.43957,-5.895549,-7.804307,-5.23949,3.54897,14.59294,20.425261,16.760037,6.969499
0.636765,-13.419897,-25.803589,-21.539851,-2.259054,12.866413,7.544657,-12.58218,-25.185277,-15.847556,6.02218,18.144233,10.050269,-6.94034,-14.370856,-6.885651,5.355231,11.777068,12.88857,14.612766,16.013644,9.268847,-7.244088,-21.391499,-18.079233,3.069783,25.339105,32.045067,23.075478,11.493655,5.996072,2.225725,-6.87958,-17.285016,-16.760487,-1.784848,14.267304,14.364792,-2.641255,-20.566061,-24.677543,-17.376823,-11.767312,-12.796585,-11.330177,1.294617,18.433133,24.012776,12.508335,-3.187285,-7.212905,-0.144007,2.887903,-6.801423,-18.81322,-16.572755,0.374825,13.902555,8.982611,-7.490918,-14.883713,-4.201948,10.977275,11.50905,-3.871379,-17.582529,-14.817314,-0.058786,11.16619,12.825641,14.227405,24.751298,38.717518,40.670834,24.282587,0.690619,-13.872579,-15.24483,-12.763969,-15.445409,-21.599004,-23.578297,-18.788125,-11.669766,-5.69017,1.815445,14.292325,28.037288,33.455182,24.611338,5.134339,-16.062858,-32.411513,-41.300757,-40.887038,-30.372314,-14.822233,-5.350857,-9.293937,-19.914768,-20.191188,-0.148032,30.758023,51.559846,50.523292,35.844944,24.795855,24.532049,26.294419,17.847736,-1.73769,-21.288029,-29.356243,-24.327035,-13.579,-5.717564,-4.566884,-8.017221,-9.927439,-4.243053,9.088387,21.124958,20.076641,3.974036,-13.718055,-15.479033,1.047974,17.771919,13.838692,-11.307349,-35.674464,-37.094306,-15.693986,8.187676,16.644418,10.598949,3.118544,1.502159,1.177417,-3.83064,-10.832819,-12.700462,-8.77409,-5.604711,-6.119064,-3.527333,9.445276,27.519346,35.073072,23.519626,2.598723,-9.69386,-6.972071,0.31445,0.135152,-5.741369,-6.061503,2.642385,9.894019,5.214732,-6.415954,-9.244017,3.034892,17.462764,16.228033,-1.598724,-17.803055,-15.334758,3.010663,18.781098,18.134141,3.991378,-11.167729,-19.319099,-20.81527,-18.120445
-3.131496,-4.804436,-2.153813,2.209096,4.059432,2.973446,2.685521,5.392709,7.40999,2.803054,-8.421566,-17.89538,-16.681287,-5.217585,6.370288,8.749027,2.998652,-1.618979,1.100835,7.446018,9.166206,4.07546,-1.234599,0.268256,7.094383,10.637008,5.117704,-5.954803,-14.133553,-15.292625,-12.662152,-11.072494,-10.698475,-8.137602,-2.369079,3.088636,4.787447,4.139711,5.41619,9.333695,11.097366,6.327191,-2.311389,-6.714493,-2.120496,7.315874,13.078183,11.621052,7.335916,5.985403,7.189136,5.384252,-2.219182,-10.952024,-13.301217,-7.24769,1.61665,6.228598,4.710455,0.211497,-4.270572,-8.65889,-13.287625,-15.968395,-13.71425,-7.016339,-0.308619,2.838275,3.726275,6.095409,10.049545,10.56366,3.462062,-8.059832,-14.934291,-11.041355,0.362547,9.904227,11.31715,6.512359,1.827066,0.846421,1.905112,1.706145,-0.396412,-2.151202,-1.162054,3.12184,9.377635,14.868357,16.023313,10.584828,0.803469,-6.391656,-4.906526,3.622336,9.791734,5.321438,-7.829805,-18.815457,-19.302481,-12.420231,-8.728807,-13.573121,-20.605513,-19.249607,-7.360042,5.887673,10.1866,5.242447,0.075381,2.107542,9.343104,14.158905,12.84083,8.996682,7.787619,9.377603,9.771216,6.818873,2.810811,0.572007,-0.876027,-4.698423,-10.875471,-14.809031,-12.465017,-5.63899,-0.289995,0.316427,-0.876642,1.065137,6.517294,10.68289,9.568003,4.938341,2.129269,3.592299,6.114109,4.792177,-1.306628,-8.292494,-11.665894,-10.321525,-6.479468,-2.965647,-1.376253,-2.066645,-4.378413,-6.474476,-6.092632,-2.627124,1.684511,3.582258,2.095932,-0.524979,-1.483249,-0.374682,1.207305,2.41822,4.103111,6.598255,8.004087,6.276069,2.750725,1.563992,4.304994,6.525072,2.025428,-8.68225,-16.170057,-10.753796,6.368156,22.356544,24.469097,12.196989
0.625191,-1.846566,-3.162356,-1.654008,2.387728,6.200282,6.227407,0.975949,-7.296349,-13.732335,-14.21933,-8.312947,0.641554,8.222578,12.094183,12.94385,12.651826,11.72875,8.670799,1.931212,-7.465714,-15.460064,-17.530881,-12.298747,-2.979786,4.745269,6.773497,3.217395,-2.367078,-6.152487,-6.68013,-4.898391,-2.19484,1.162739,5.51283,10.006033,11.906047,8.3674,-0.593847,-10.86806,-16.491598,-13.963615,-5.096633,4.163604,8.132423,5.411857,-0.667974,-5.251578,-5.808253,-3.397209,-0.73534,0.657871,1.483995,3.253487,6.299029,9.395097,11.18342,11.551941,11.24113,10.137666,6.536413,-1.0953,-11.157934,-18.081352,-15.615404,-2.335437,15.451227,26.875629,24.209613,9.128153,-7.989464,-15.751031,-10.459841,1.295161,8.312586,3.902116,-9.190805,-21.896575,-26.753704,-23.470678,-17.522577,-13.822831,-11.966395,-7.688304,1.150176,10.444073,12.434287,3.29447,-11.379761,-19.157409,-10.374818,13.044033,37.489195,47.214537,36.204493,12.75825,-6.966166,-11.181102,-0.666195,13.208633,18.268681,10.731955,-3.29244,-14.153873,-16.667289,-13.097363,-9.556769,-9.976779,-13.170411,-14.919085,-12.301455,-5.993414,1.111698,6.879924,11.257153,14.891585,17.05367,15.541065,8.991952,-0.757125,-9.007512,-11.454154,-7.632166,-1.372762,2.322735,1.342729,-2.047676,-3.491348,-0.477607,5.492752,10.186246,9.976298,4.313954,-4.442353,-13.114395,-19.572052,-23.019244,-23.188651,-19.865688,-13.360556,-5.116881,2.699309,8.609736,12.840096,16.639355,20.293014,21.841854,18.222467,8.307374,-4.821398,-14.854331,-16.316089,-8.648993,3.130943,11.979486,13.835819,10.115053,5.841649,5.236803,8.528928,12.398844,13.18245,9.754426,3.752938,-2.469725,-7.773236,-12.163151,-15.206701,-15.103379,-9.907417,-0.031676,10.497552,15.768491,11.799961,-0.483312,-15.560429
-9.212147,-14.747403,-14.960763,-10.332623,-4.424973,-1.374961,-2.953054,-7.295522,-10.228418,-8.240812,-1.0007,8.325668,15.095106,16.06541,11.160161,3.090353,-4.614001,-9.591776,-11.336151,-10.455484,-7.512381,-2.600959,4.038296,11.145658,16.423098,17.748851,14.817252,9.792809,6.155938,6.325112,9.761453,13.124501,12.621904,6.991024,-1.11305,-6.561394,-5.250351,2.714402,12.475265,17.111061,11.905917,-2.60081,-20.802606,-35.297059,-41.046236,-37.744099,-29.063763,-19.637702,-12.067934,-6.000192,0.381401,7.884861,14.92822,18.355194,15.818104,7.885366,-1.778804,-8.407018,-8.971675,-3.958736,3.090228,7.905866,8.120747,4.536045,0.348942,-1.00869,2.007371,8.206608,14.429238,17.315922,15.040795,8.171121,-0.621975,-7.746638,-10.228052,-7.011071,0.474705,8.789455,13.942653,13.303965,7.050396,-1.73134,-8.564528,-10.05894,-5.964244,0.516922,4.52956,2.536398,-5.330547,-15.073157,-21.044612,-19.314789,-10.136637,2.028707,10.977309,12.23977,5.505744,-5.364286,-14.599021,-17.594051,-13.030123,-3.028772,8.391933,17.394374,21.732062,21.001129,16.076607,8.447894,-0.091436,-7.498896,-11.713084,-11.31376,-6.358316,1.237287,8.27734,11.722959,10.227582,4.817051,-1.771792,-6.727546,-8.753001,-8.595186,-8.203818,-9.126932,-11.266728,-12.865467,-11.737051,-6.889994,0.596094,8.073609,12.892619,13.972044,12.306307,10.068907,8.949983,8.907062,8.230872,4.91115,-1.639712,-9.735839,-16.105161,-17.736805,-13.704342,-5.771967,2.607315,8.228775,9.742099,7.939709,4.683679,1.362272,-1.964459,-6.143751,-11.632154,-17.39237,-20.928172,-19.565388,-12.155523,-0.030678,13.472895,24.634132,31.065549,32.476892,30.145606,25.654454,19.886438,12.947068,4.897855,-3.451094,-10.452684,-14.40715,-14.666878,-12.222788,-9.29093,-8.13292,-9.870056,-14.010865
3.362437,3.301029,2.563841,1.296901,0.241682,0.490282,2.748337,6.565968,10.203489,11.470888,9.170058,4.185779,-0.682944,-2.301358,0.672199,6.508792,10.99914,9.783079,1.112288,-12.664732,-25.918997,-32.507831,-28.950985,-16.2243,0.790003,15.791908,24.038855,24.22244,18.431545,10.50973,3.90404,0.171046,-1.252063,-2.160798,-4.24669,-8.051333,-12.668612,-16.237779,-16.925622,-13.919428,-7.962113,-1.145793,3.997674,5.713474,3.933714,0.35043,-2.467466,-2.484939,0.645944,5.382481,9.193207,10.048486,7.602805,3.347226,-0.351002,-1.706236,-0.54781,1.708585,3.101355,2.481335,0.304554,-1.649333,-1.454107,1.63231,6.520391,10.745229,11.783889,8.479729,1.752414,-5.822599,-11.342405,-13.078836,-11.321662,-8.098791,-5.942213,-6.409922,-9.211578,-12.430769,-13.689415,-11.544798,-6.288631,0.29079,5.967203,9.247132,9.93526,8.842589,6.985627,4.928358,2.719082,0.346867,-1.786674,-2.869563,-2.200956,0.220753,3.609857,6.969112,9.88482,12.810377,16.451584,20.635384,23.625172,22.693449,15.869229,3.761274,-9.961587,-20.098584,-22.724047,-17.503122,-7.899487,0.983931,5.537874,5.621664,4.030033,3.90028,6.025705,8.128133,6.681429,-0.076579,-10.281674,-19.28175,-22.714859,-19.620867,-13.249042,-8.863588,-10.070735,-16.324951,-23.431988,-26.649782,-24.054319,-17.660862,-11.52482,-8.378322,-7.492956,-5.496315,0.476237,9.832241,18.27751,20.742488,15.425948,5.850316,-0.872343,1.401429,13.606366,30.605375,44.407462,49.242998,44.933655,36.25059,28.889882,25.140038,22.466747,16.000165,2.963538,-14.373109,-29.524227,-35.893167,-31.210901,-19.125892,-6.843542,-0.54572,-1.816515,-7.420398,-12.266942,-13.164075,-10.624504,-7.676697,-6.957708,-8.54303,-10.178145,-9.542232,-6.542662,-3.671897,-4.073679,-8.845143,-15.75441,-20.479453
-13.487205,-14.29695,2.660306,26.794856,37.089852,23.260572,-2.749196,-19.264986,-18.414182,-13.594904,-21.521046,-39.843516,-47.790118,-30.371906,2.201698,23.767284,20.34661,4.725662,0.791113,16.310793,35.510768,38.519586,23.695333,7.612889,5.11257,13.713362,18.565199,9.364599,-10.253019,-28.123056,-34.59228,-28.250183,-14.868632,-3.487463,-1.196539,-7.341022,-12.256605,-5.612177,11.11503,22.661827,14.756321,-8.548531,-26.099537,-20.985533,1.283467,19.307663,19.688308,9.845686,5.273044,8.779716,8.555425,-3.516594,-18.583479,-20.675021,-6.467978,11.492251,21.72629,26.715341,33.458673,35.916045,17.599028,-23.988468,-62.860959,-65.081317,-25.968879,20.147883,33.452263,9.914883,-16.641755,-14.103045,12.38049,28.729105,12.387006,-22.459974,-41.725403,-28.346304,2.057485,20.23095,12.680286,-8.629518,-20.943527,-11.468619,13.53223,34.849242,35.266201,14.040833,-9.66915,-11.272407,14.990387,45.410911,46.314731,9.041329,-36.890439,-51.373443,-25.549829,8.708516,14.302438,-10.01621,-30.259702,-18.474588,14.247902,31.550919,14.751377,-16.475659,-28.579855,-12.508462,9.174241,11.338844,-5.749503,-20.87994,-18.498838,-3.765233,7.972444,9.192438,3.885206,-1.710178,-4.950835,-3.747948,4.963119,19.040979,27.324142,19.035292,-1.862905,-17.075891,-12.655628,5.31644,18.131798,16.435077,9.080583,8.018231,10.203916,1.859908,-19.72054,-36.680023,-28.934722,0.544615,25.474081,23.285995,-1.573929,-24.222556,-26.051405,-10.301102,7.494023,17.544755,20.495276,18.930649,12.118667,0.75616,-8.994581,-11.331317,-8.688752,-8.724358,-13.358054,-16.129405,-13.133898,-11.59073,-20.72486,-34.939894,-34.440529,-8.234056,27.824112,44.538236,32.523001,14.642993,19.309749,45.006058,60.208401,40.826618,0.109416,-26.144395,-21.343844,-5.584353,-7.954199,-29.048461,-40.567854,-21.781523
-2.520508,-6.882804,-9.048584,-5.942661,1.927943,9.630882,11.509793,6.612782,-0.073227,-2.743395,-0.929951,0.567895,-1.912591,-6.006856,-6.15871,-0.687626,5.83386,7.788526,4.55944,0.023055,-2.982815,-5.372596,-8.45638,-10.078629,-6.549186,1.718962,8.821894,9.149918,3.688673,-1.16374,-1.146923,1.14784,0.212925,-4.77982,-8.388804,-5.554812,1.677489,5.956563,3.187722,-2.418232,-3.186587,2.825474,9.321329,9.137878,2.741471,-2.411069,-0.887028,4.311662,5.732884,0.830646,-4.940125,-5.043096,0.001938,3.478243,1.046849,-3.987289,-5.287786,-1.746904,1.350015,-0.519381,-5.274055,-7.233479,-4.528427,-0.904386,-0.029282,-0.717953,0.357859,2.984471,3.530755,0.858133,-1.076089,1.361823,5.420201,4.682669,-2.09209,-8.161282,-6.762244,0.298149,5.026191,3.480734,0.108901,0.780263,4.704431,6.295249,3.46776,0.092158,-0.327972,0.396186,-0.946687,-2.751655,-0.511684,5.288717,7.593903,1.483204,-8.267639,-11.901131,-6.24023,1.92981,4.667732,1.791216,-1.129217,-1.184358,-0.83666,-2.590072,-4.743332,-4.2454,-1.386297,0.979923,1.87493,3.102671,5.561702,7.155073,5.603689,1.676329,-1.941859,-3.922813,-4.766736,-4.846761,-4.191847,-4.060318,-6.060583,-8.665113,-7.210596,0.069171,7.59738,7.77791,1.173576,-2.371186,4.667266,17.104035,22.02653,13.848535,0.645861,-5.885838,-3.513991,0.505083,0.385441,-1.897474,-2.084068,-1.081869,-3.249065,-8.843776,-12.462686,-10.095702,-4.675966,-2.121343,-3.38013,-3.564707,0.675825,5.779866,5.46076,-0.822339,-6.256397,-4.464558,2.678856,6.871034,2.955661,-4.974627,-8.181052,-3.239694,4.316078,6.857593,3.663295,1.171616,4.376664,10.241266,11.425474,5.586357,-1.469825,-2.567666,2.745942,8.378855,8.825779,4.065426,-2.363461,-7.573562
-13.706873,-10.019666,-5.015003,-2.010379,-3.063577,-7.686295,-13.133602,-16.002467,-14.104967,-7.530102,1.586395,10.267422,16.079645,17.967403,16.26353,12.108384,6.761243,1.212312,-3.779939,-7.3963,-8.535146,-5.946177,1.207621,12.577468,26.091008,38.108557,44.457663,42.053117,30.383868,12.066918,-7.941712,-24.19779,-32.811224,-32.702833,-25.558511,-14.697517,-3.601434,5.144499,10.198541,11.317534,9.126194,4.977513,0.724098,-1.863954,-1.968379,-0.344672,0.956157,-0.076943,-3.715966,-7.669724,-8.049135,-1.884298,10.29172,23.664686,31.109136,27.076322,11.125367,-11.219464,-31.067661,-40.820531,-38.118603,-26.708199,-13.805898,-5.74545,-4.678166,-8.233944,-11.985364,-12.747523,-10.411953,-7.287249,-5.793485,-6.452057,-7.687691,-7.428063,-5.062152,-2.083623,-0.844534,-2.399057,-5.21003,-5.8951,-1.638052,7.448156,17.821926,24.439636,23.945335,17.001475,8.144325,3.178172,5.750618,15.267211,27.385497,36.638845,39.433965,35.581896,27.633079,18.770181,10.854668,3.915456,-2.788983,-9.158108,-13.467641,-13.153666,-6.727071,4.498133,16.174138,22.60414,19.547858,6.586874,-12.349043,-30.68946,-42.302875,-44.311339,-38.155951,-28.416018,-20.131653,-16.170757,-16.074614,-16.899149,-15.4004,-10.185267,-2.570326,4.255488,7.139771,4.7509,-1.764501,-9.485882,-15.215323,-16.855924,-14.022841,-7.822824,-0.196504,6.728262,11.09669,11.703231,8.397552,2.396569,-3.829752,-7.330018,-5.912089,0.766262,10.933101,21.497485,29.467828,33.153971,32.496825,28.513271,22.451365,15.343887,8.166247,2.173029,-1.222323,-1.22105,1.477109,4.588682,5.426828,2.793918,-1.772127,-4.588121,-2.236381,5.670469,15.4015,20.81088,17.041139,3.865486,-13.698753,-28.151225,-33.958125,-30.73148,-22.965826,-16.541232,-14.507682,-15.202461,-14.064048,-7.769267,2.467544,11.072918
5.932479,-0.299672,-3.117445,0.207876,8.647473,18.336495,25.475052,28.877018,30.168004,31.57692,33.262559,32.544425,25.878098,12.116039,-5.62722,-21.280762,-29.646924,-30.016422,-26.745553,-26.083258,-31.345167,-39.939169,-44.621462,-38.415781,-19.937381,4.623853,24.476784,30.456418,20.5642,1.246908,-16.43949,-23.378737,-17.587659,-4.929664,4.917035,4.599184,-6.454685,-21.85196,-32.233999,-30.885447,-17.572,1.556425,17.74012,24.657262,21.700231,13.61809,6.92234,5.431573,7.836922,8.877965,3.38987,-9.443675,-24.56078,-33.481311,-29.416868,-11.821369,12.655877,33.630334,42.78999,38.378084,25.505035,12.22468,4.17069,1.483646,0.062625,-3.989987,-10.231451,-13.368825,-7.021346,10.868328,35.052485,54.987465,60.892101,49.907704,28.106018,6.801339,-4.498311,-3.833828,2.570996,5.116967,-2.254806,-17.721631,-32.664079,-37.354407,-27.440538,-7.060261,13.241847,22.303849,14.250731,-8.781913,-38.201684,-63.401606,-76.444067,-74.773187,-61.206069,-41.858478,-23.303557,-10.144533,-3.725713,-2.254862,-2.202037,-0.387024,4.233892,10.089637,14.214219,14.500944,11.514902,8.5063,9.410709,16.075383,26.639668,36.315148,40.161632,36.025524,25.683307,13.533878,3.927916,-0.923932,-1.187105,1.901893,7.384826,14.682646,22.533035,28.153697,28.019082,20.206682,6.586134,-7.260229,-15.002884,-13.677322,-5.903223,1.793362,3.714781,-0.602205,-5.825918,-4.959722,4.632865,17.916842,24.573082,15.959934,-8.098858,-37.765653,-58.483463,-59.850479,-42.097295,-15.715822,5.456374,12.842691,7.54764,-2.071863,-7.3347,-5.257913,0.618388,4.60604,4.38648,2.941931,5.340294,13.229398,21.965332,23.284467,11.861695,-9.377597,-29.810693,-37.839289,-29.195166,-10.616315,4.239095,4.125536,-11.746346,-32.796631,-44.116697,-36.582075,-12.950248,14.239319,31.284333,32.25354
0.182378,14.748696,22.42617,14.694222,-1.161686,-8.818472,-0.89914,12.89212,17.773835,11.846472,7.78342,15.6052,27.769121,25.991087,2.832537,-27.704511,-43.828646,-38.133602,-22.665846,-12.481341,-9.052091,-3.297057,8.042373,15.797157,10.845691,-1.229241,-4.319358,8.342947,23.474849,21.486876,-0.245124,-22.704838,-25.871738,-10.805417,2.835812,0.49227,-10.968215,-13.359962,-0.501284,14.003724,13.571066,-1.074345,-12.920381,-9.248658,3.635469,9.051461,0.647694,-10.257614,-8.89887,5.348379,19.293046,22.439226,18.194417,16.130016,16.486328,8.283028,-15.075851,-42.08708,-50.298804,-28.725007,9.322011,38.082667,43.276004,32.345906,21.732095,17.887304,13.809303,2.417139,-11.997963,-18.780477,-15.022589,-9.876161,-13.090718,-22.321334,-25.6316,-16.411715,-2.005091,4.930785,1.461266,-3.29272,-1.427915,2.303741,-3.412496,-19.655111,-31.646538,-23.755586,1.228703,22.088624,20.365435,-0.488807,-19.463766,-20.319522,-6.317874,7.785962,14.312909,18.810292,28.448103,39.961102,43.510008,36.644854,28.589964,27.828724,28.984627,17.773399,-9.76522,-37.490908,-43.504183,-24.329906,-0.808864,2.95419,-14.899811,-32.658294,-29.697469,-9.609108,3.998943,-5.807536,-29.744795,-41.253848,-24.10513,10.618896,35.220921,31.796773,7.658604,-13.852626,-15.865615,-1.449822,12.70918,13.377044,1.439365,-11.798005,-16.016259,-9.124102,4.329439,18.48524,28.582159,30.300805,20.913059,3.634255,-10.70089,-10.63493,4.148396,19.063198,16.484349,-5.942155,-29.822113,-31.937577,-7.452561,23.55813,34.282986,16.214456,-14.157768,-32.563251,-28.855843,-11.796635,4.297151,13.189202,16.762193,16.526361,10.754671,0.596405,-5.847314,-0.36094,14.562324,25.522309,21.2631,4.553585,-11.3405,-17.604283,-18.436997,-23.419125,-33.791939,-39.865051,-32.59747,-14.975589,0.485906,4.722398
-0.762136,0.88244,3.484552,2.531832,-3.716039,-10.096391,-8.884456,1.282081,12.619803,15.751044,9.28424,0.451793,-3.354626,-1.690301,0.821865,1.142612,0.038834,-1.634991,-5.412317,-12.008116,-17.74557,-17.67311,-12.482887,-8.878291,-10.540754,-10.885937,0.626956,23.653368,42.175523,38.989911,15.130993,-8.743103,-12.673001,2.434096,17.26447,15.731021,0.793497,-12.121461,-13.670815,-8.406512,-5.071735,-4.703949,-2.144208,3.254162,4.371859,-3.943776,-15.50918,-17.85207,-6.905041,6.929941,9.704382,-0.75471,-13.091492,-15.54991,-7.901589,0.900625,4.337319,4.329705,5.971732,9.835896,11.959138,10.06413,6.753064,5.798955,7.327564,8.301742,6.737113,3.444015,-0.32938,-4.838279,-10.213393,-14.291898,-14.145197,-9.771323,-4.495828,-0.968153,1.731042,5.497331,8.763158,7.256115,0.023342,-7.408127,-8.202133,-2.091669,4.244578,5.370067,3.482681,4.557893,9.325182,11.469346,6.116806,-2.507903,-5.237942,0.328594,5.555891,0.447491,-13.806586,-24.787239,-21.842231,-7.131864,7.39273,12.314714,8.027445,0.853318,-4.472309,-6.807094,-5.890553,-1.709989,2.98808,3.178951,-2.43431,-7.247924,-2.38983,12.154268,24.699663,23.122091,8.529235,-5.075983,-5.77371,3.734929,10.459713,6.502653,-3.130883,-8.582656,-7.482935,-5.829511,-7.64343,-8.382404,-1.484227,10.688058,16.766674,8.702164,-8.226519,-20.240449,-19.355665,-10.632883,-4.870466,-6.435542,-10.248229,-9.57019,-3.786164,2.492339,5.794584,6.772508,7.305922,7.381471,6.350775,5.713669,8.021158,12.508679,13.893104,7.651596,-3.523431,-10.277934,-5.082706,9.617187,22.267086,21.824302,7.264066,-11.596534,-22.364214,-19.988132,-9.988239,-2.663797,-3.616761,-9.100072,-10.518363,-3.847118,5.532926,8.089056,0.537038,-9.751253,-11.775911,-2.379296,10.250983,15.034702
-12.10456,-11.200594,-4.126836,3.881619,7.39178,3.956194,-4.733342,-13.020556,-13.808541,-4.152029,10.055884,16.86825,8.887519,-8.055754,-18.755064,-13.122992,3.356618,14.999986,11.896317,-0.629485,-8.781112,-4.855726,6.49088,15.428079,17.380891,14.955909,11.771894,7.893839,2.093499,-4.185287,-7.924484,-9.04395,-10.950779,-15.24532,-17.748038,-12.419497,0.616133,13.125571,16.29078,9.303984,-0.911262,-7.888474,-11.354446,-14.196767,-16.146501,-13.535917,-5.514067,2.44779,3.906555,-0.226176,-1.390122,7.099948,21.403041,29.94858,25.106807,10.744702,-2.480081,-8.110191,-8.603725,-9.409721,-10.622419,-6.596324,6.110985,22.025496,29.479224,20.599351,-1.233005,-23.523958,-34.200802,-30.07639,-17.675174,-6.86448,-3.220524,-5.05583,-6.552797,-3.540674,3.128413,9.005651,10.320334,6.972396,1.899404,-1.839122,-3.112112,-2.328363,0.174885,4.817518,11.863098,20.062699,26.345804,27.063692,20.180112,7.12699,-7.142531,-16.613659,-17.968684,-12.756375,-5.902343,-1.801755,-1.68483,-4.411561,-8.830157,-14.296819,-19.056557,-19.845285,-14.875614,-7.177293,-3.097542,-5.798191,-10.546936,-8.277559,4.950226,22.548404,32.673538,29.31024,17.634494,8.236778,6.832374,10.339481,12.281048,10.156753,6.541341,4.113342,1.754369,-3.561696,-12.072878,-19.883727,-22.559554,-19.305475,-13.177228,-7.706175,-3.997331,-1.002581,2.13935,4.524295,4.091735,-0.313659,-7.139643,-12.132729,-10.787004,-2.062619,9.636257,16.79599,14.434903,4.385253,-5.857934,-8.844213,-2.351222,9.982482,21.884623,28.004212,25.714822,15.642282,1.459427,-11.77849,-20.643307,-25.084291,-26.592101,-24.787062,-17.394744,-4.783099,6.720974,8.9412,0.763226,-8.618975,-7.962632,4.086046,17.283974,21.30634,17.324693,15.377982,20.254643,23.548359,13.041718,-10.829361,-31.802191,-33.473011
-6.814479,-10.103131,-9.713663,-5.777726,0.379885,7.742352,14.770372,18.125708,14.253479,3.233049,-9.713475,-17.813176,-18.148566,-13.06838,-6.413036,0.508012,8.437667,16.653155,21.899687,21.752314,18.004267,15.091918,14.877898,14.186657,8.503832,-2.262025,-12.673542,-16.5483,-12.241843,-3.218306,5.39435,9.843778,8.370221,1.259101,-8.334022,-14.883987,-14.393642,-8.936851,-6.118513,-12.195647,-25.27863,-36.160809,-36.434708,-25.601182,-10.373702,1.763553,7.42721,7.258352,4.071718,2.478376,8.005582,22.606781,39.703485,46.512982,35.169472,12.33828,-4.769886,-4.338555,8.48326,17.651864,13.796976,3.578214,0.347694,7.552924,14.750845,10.624899,-3.272064,-14.888938,-16.855134,-15.310195,-21.286903,-35.379682,-44.886363,-37.381047,-14.79944,8.122537,18.331873,14.858605,5.142031,-4.914618,-13.73224,-18.533612,-12.765682,6.777405,31.531073,44.567928,35.472934,11.0502,-10.831294,-18.131836,-13.943026,-9.076895,-8.233126,-6.343808,1.919563,12.679806,15.822661,6.884723,-6.713304,-12.807125,-6.949023,3.638282,8.297318,3.760881,-3.564471,-4.785778,3.156319,15.519546,24.131272,23.159725,12.387384,-2.880408,-14.844702,-18.116872,-13.598989,-7.56752,-5.627833,-6.968676,-5.45212,2.660389,12.618255,14.523801,3.855853,-12.003169,-19.413682,-11.694102,3.519268,10.885894,1.8143,-17.450012,-31.72112,-30.39009,-15.482504,2.137086,12.878893,14.717116,11.553145,8.04634,6.93657,9.569801,15.992467,23.106585,24.366909,14.554835,-3.27985,-16.880074,-14.008238,5.028073,24.532093,25.729975,4.339111,-23.78453,-35.967908,-23.325073,1.222373,15.5903,9.456339,-7.122431,-15.314283,-6.832659,8.635439,14.457786,4.160362,-12.955552,-22.262172,-18.320134,-8.489149,-3.204156,-4.387121,-4.367504,4.28063,19.153466,29.173508,25.416231,10.397045,-3.827599
-1.296503,-3.081308,-4.555875,-4.731245,-3.509064,-1.701825,-0.334005,0.232756,0.636652,1.987821,4.824155,8.357859,10.690471,10.00683,6.008319,0.558723,-3.061005,-2.001105,4.273498,13.26874,20.48759,21.738502,15.472116,3.82046,-8.287668,-15.503934,-14.692447,-6.463096,5.140586,14.582093,17.390243,12.09136,0.665739,-12.555657,-22.910131,-27.344324,-25.432395,-19.142852,-11.626224,-5.694404,-2.703259,-2.263057,-2.764976,-2.350893,0.175875,4.878028,10.758949,16.235554,19.735051,20.174231,17.20701,11.250706,3.359458,-4.997017,-12.223761,-16.941755,-18.330058,-16.375171,-11.920037,-6.447683,-1.626425,1.251645,1.736889,0.39405,-1.428542,-2.183038,-0.841685,2.564599,6.866944,10.229392,10.995141,8.52207,3.591158,-1.839486,-5.440713,-5.503439,-1.655508,5.000766,12.342462,18.022889,20.264997,18.381152,12.907085,5.369426,-2.228063,-8.075248,-11.196673,-11.810135,-11.173909,-10.887744,-11.931415,-13.974574,-15.448054,-14.462727,-10.098314,-3.241373,3.670268,7.972481,8.394938,5.902475,3.113057,2.582213,5.062156,8.94241,11.322718,10.037338,5.235257,-0.629783,-4.45401,-4.650536,-2.274689,-0.24633,-1.162425,-5.249798,-9.978939,-11.717342,-8.331124,-0.903295,6.709596,10.269951,7.905082,1.328085,-5.307155,-8.123181,-5.94044,-0.780157,3.795812,5.236293,3.600412,1.12547,0.200136,1.336648,2.697385,1.546401,-3.451888,-10.814037,-16.80873,-17.700493,-12.14717,-2.113283,8.307829,15.338838,17.583871,16.402418,14.488695,13.762795,14.062103,13.468292,9.931348,2.990464,-5.601878,-12.746743,-15.75494,-13.864876,-8.623703,-2.985317,0.273506,-0.086031,-3.296518,-7.138005,-9.141166,-7.830606,-3.455065,2.098572,6.18048,6.691287,3.252372,-2.370567,-6.922397,-7.205928,-1.807784,7.923518,18.267955,24.794609,24.462485,17.047145
18.307574,12.046487,-3.015538,-14.807465,-14.838187,-8.064132,-7.920798,-20.759771,-37.038921,-40.187382,-24.177636,-0.336056,14.291631,13.894014,7.563429,7.160043,14.856547,24.254259,30.839546,36.422578,42.031782,40.950193,24.544348,-4.205913,-27.809169,-29.726575,-12.537283,3.380293,1.634354,-11.92484,-16.214452,-0.131661,22.860389,27.8808,4.750932,-32.029452,-58.934236,-64.979499,-55.592817,-39.172436,-17.124043,10.122276,32.837246,36.20322,17.579142,-5.303465,-9.602399,8.370016,28.178633,27.272655,5.871381,-13.619815,-11.623277,8.298449,26.197885,29.244106,23.144515,19.946304,20.705562,16.284348,4.011218,-4.114454,4.608696,23.923448,30.227845,7.713264,-31.243415,-56.211071,-50.20008,-27.143458,-14.937417,-23.359606,-33.991439,-23.680534,6.154663,28.980478,22.536953,-5.377256,-24.226693,-13.153492,17.269785,36.985606,27.8835,0.848221,-17.644804,-12.601058,7.19005,21.125206,17.182493,0.137415,-16.540164,-23.115054,-18.66049,-8.370973,0.685362,2.484419,-4.697587,-15.062706,-16.936895,-1.750595,26.153227,49.757455,52.360245,32.402937,5.509061,-9.107519,-5.126954,7.100868,12.219047,4.71641,-7.215537,-11.117144,-2.624014,10.86579,17.302011,10.216103,-6.842476,-24.173934,-33.610599,-33.552449,-28.134184,-22.29149,-17.502239,-11.99246,-4.866306,0.55194,-1.364139,-12.254499,-25.542137,-29.956049,-18.965819,2.627591,21.969523,28.786362,23.361502,14.606111,11.103252,14.447665,20.396762,24.510751,25.413163,23.564239,19.334866,13.646896,9.241811,8.859893,11.306115,10.963673,3.361761,-8.592747,-15.776083,-11.858457,-0.865414,5.736559,0.212256,-13.81601,-25.497053,-27.839527,-23.567423,-20.151143,-20.840589,-22.122062,-19.357102,-12.702546,-6.269033,-2.663957,-0.431919,2.81758,6.571681,8.260489,7.250952,6.020774,6.712033,8.092823,7.669383,6.287743
0.683585,0.369015,3.065907,7.550694,9.279807,5.106985,-2.508275,-7.170493,-5.084073,0.655507,3.294758,0.03714,-4.510104,-3.271045,5.256188,14.800098,17.390826,10.975847,0.578111,-7.332651,-10.345929,-9.965273,-7.685223,-3.130924,3.698416,9.965746,11.459326,6.744218,-1.013353,-6.902385,-8.627917,-7.730012,-7.004128,-7.587492,-8.672085,-9.195065,-9.024919,-8.689282,-8.621049,-8.712237,-7.960964,-4.418006,3.456568,14.190059,22.378378,22.247814,13.648049,3.98216,2.254552,10.041412,19.047635,18.946951,7.877934,-5.705649,-12.020529,-9.930291,-7.006656,-10.071837,-17.215809,-20.078148,-13.242164,-0.013036,11.191382,14.903249,12.305217,7.976987,4.834396,2.813561,1.101104,-0.166621,-0.743602,-1.643679,-4.585372,-10.02108,-16.141999,-19.895313,-18.894284,-12.847543,-4.063268,3.292768,5.67389,3.376349,1.337543,5.228262,15.438704,25.243028,26.255899,16.402299,2.061526,-8.05741,-10.624638,-8.801739,-6.665431,-4.57207,-0.894578,3.398353,4.630659,1.570651,-1.423332,1.154076,8.382348,12.033184,4.996784,-9.957055,-21.481497,-20.237528,-7.426629,7.392484,15.596657,15.386287,9.653078,1.204423,-7.957772,-14.278852,-13.294648,-4.606752,5.225429,7.514425,0.157645,-9.678508,-12.803037,-7.537782,-0.910479,-0.332216,-5.323936,-8.345675,-3.218926,8.320319,18.314951,19.742269,11.845997,-0.081538,-8.621486,-8.505947,0.436881,12.627831,19.66607,16.292625,4.982741,-5.849797,-9.38909,-6.406018,-3.229833,-3.922869,-5.704828,-3.055666,4.408626,9.954085,6.519879,-5.231562,-16.750615,-19.530666,-12.533777,-1.830448,5.81798,7.972873,6.013036,1.92145,-3.002081,-7.094865,-8.109764,-5.186968,-0.436802,2.605718,2.400862,0.787421,0.753011,3.296676,6.841857,9.245719,9.559115,7.816858,4.155407,-0.898505,-5.522373,-7.156788
-13.516098,-15.527241,-7.312508,4.520051,11.989134,13.209622,11.800711,10.927387,10.277923,8.627368,6.708543,5.81307,4.834148,1.131283,-5.33248,-10.738065,-11.694678,-9.573439,-8.543127,-9.54146,-8.722416,-3.294873,3.054919,3.609438,-2.418533,-7.567627,-5.148252,1.232947,1.189332,-8.317081,-15.983081,-7.542806,16.003317,35.760251,33.652122,12.278323,-7.503574,-9.410698,1.175318,5.616731,-4.537714,-17.394614,-15.932063,0.132094,12.672006,6.190353,-13.325538,-24.207647,-13.050287,10.645907,25.22345,19.896798,4.231514,-4.685843,-0.973582,6.160582,5.147795,-5.004102,-15.300907,-17.440261,-11.170427,-1.903855,5.531369,9.053869,7.602714,1.088305,-6.935427,-9.405534,-1.961669,10.630141,16.864356,9.596849,-5.585018,-14.989617,-10.617505,1.702249,8.963496,4.988729,-3.887613,-7.267972,-2.702724,2.842171,2.927146,0.057963,1.995881,10.762676,18.488783,15.910144,3.499959,-8.461179,-11.319452,-7.391788,-6.1269,-12.052005,-19.335733,-19.339101,-11.3567,-3.037722,-0.256064,0.342484,6.312427,18.169103,26.582432,22.471739,8.212823,-3.834432,-4.271272,3.812222,9.384304,6.094699,-1.802745,-6.014,-4.209031,-1.667655,-3.976044,-10.458852,-15.506729,-14.74932,-8.567732,-0.617262,5.00016,5.195909,-0.659167,-8.586094,-10.739644,-1.904171,13.262388,21.872084,14.972335,-1.710519,-11.940201,-5.792057,9.035738,15.217611,5.097802,-10.630835,-15.12106,-4.32864,9.29645,12.044444,4.29219,-2.135874,-0.074404,4.22183,0.468472,-10.626238,-16.472096,-7.786076,8.697267,16.183067,6.281758,-11.242522,-18.558301,-8.161201,10.434144,21.474692,18.051691,5.974543,-4.803331,-9.804036,-11.322601,-13.036305,-15.490454,-16.267812,-12.666643,-3.787286,8.493112,19.417432,23.186286,17.05434,4.582156,-6.117915,-8.772378,-4.039362,1.967185,4.031481
-5.50244,-7.144917,-2.560598,5.394909,10.330381,9.092849,4.425631,0.786614,-0.782089,-2.254455,-4.147309,-3.993416,-0.352536,3.391194,1.721997,-6.185662,-14.238203,-15.459208,-9.411709,-1.921709,2.373861,4.910285,9.231113,13.916205,12.815208,3.444096,-7.371596,-9.47826,-1.25505,7.267789,5.312326,-5.716648,-12.990569,-6.763434,8.066922,17.187584,12.977219,2.535358,-1.657951,3.136847,7.398444,2.231726,-8.481809,-11.988918,-2.292394,11.404949,14.095331,1.66809,-14.348012,-19.320159,-10.840283,0.097768,2.1478,-4.704484,-11.147196,-9.912955,-2.607005,4.387035,7.778222,9.101652,10.006683,9.036712,4.429806,-1.721751,-4.614762,-2.231946,2.127923,3.797484,1.906228,-1.042135,-3.990318,-8.900787,-16.001762,-19.531775,-11.995986,5.904996,21.978952,22.606272,7.045048,-10.136098,-12.696847,1.442459,19.0393,25.750995,19.743024,10.552785,6.502743,6.062371,2.054602,-8.129716,-18.963887,-23.016463,-18.522037,-9.931533,-2.674899,0.740579,0.187186,-3.69195,-8.980658,-11.851868,-9.019258,-1.534133,5.297888,6.936212,3.900759,0.122794,-2.108625,-3.551824,-4.214714,-0.943833,8.307764,18.428655,19.192117,6.202597,-11.386223,-17.604247,-5.787597,13.52363,22.678411,14.432829,-2.243909,-13.37154,-13.987476,-9.252201,-4.115837,3.32627,16.375228,30.86941,36.250674,26.350789,6.464656,-12.055794,-22.487825,-25.708404,-24.043624,-17.002712,-5.750128,1.501131,-5.35752,-25.489371,-42.935937,-39.981181,-15.401223,13.351864,27.536928,24.63143,16.630709,13.280996,11.944068,5.618708,-3.598115,-5.050442,5.891365,18.980537,19.431303,5.894155,-6.713285,-4.304753,9.65296,18.338379,11.730256,-1.807099,-6.314638,2.237251,11.463512,7.85723,-7.282271,-20.026352,-20.134394,-11.399815,-5.055749,-6.287884,-10.366819,-10.887212,-7.783213,-5.404578
9.602553,10.952663,0.387875,-14.234206,-17.915134,-4.736421,13.87745,19.302456,4.186316,-20.590869,-37.468088,-38.735371,-30.269221,-20.924034,-12.449023,-1.852312,9.211496,12.656706,3.900394,-8.888183,-9.688132,9.399663,38.344452,57.065409,53.276192,32.07987,8.84065,-5.312031,-10.267784,-11.840014,-13.631789,-15.180094,-15.699338,-16.1242,-16.361486,-12.620525,-0.325477,19.338965,36.963208,40.795858,26.362649,0.908909,-21.52629,-30.173536,-24.587137,-13.736347,-8.529088,-13.492467,-23.468161,-27.7567,-19.021959,-0.298886,16.035564,17.520415,1.977041,-20.020498,-33.197295,-29.337542,-12.465427,6.601301,20.323715,29.208659,37.378851,44.789947,45.320082,33.444444,12.493833,-5.161337,-7.934528,3.908286,17.241795,17.353474,1.424404,-18.812926,-28.138518,-21.968944,-9.731909,-4.525329,-9.938652,-17.402817,-16.127576,-4.737747,7.302997,9.129706,-1.475088,-16.978569,-27.391213,-27.718518,-19.453083,-7.410705,3.368306,8.964074,7.929948,3.080454,0.825988,6.206899,17.348935,25.843627,24.316699,14.069212,4.335961,3.235454,9.786922,15.534656,13.796431,6.203316,-0.387698,-2.352673,-2.930579,-6.911798,-13.140289,-14.454488,-6.083705,6.79424,11.75875,0.851611,-20.158312,-35.016633,-30.821547,-9.862366,11.824058,18.211011,6.866888,-9.928069,-17.086796,-10.070753,2.769158,10.155818,9.275498,6.865012,9.678914,15.679796,16.405908,8.018224,-2.230308,-3.057059,7.025442,15.400604,7.813797,-14.369738,-31.942009,-25.98857,1.151401,25.330921,23.572101,-2.127701,-25.808865,-23.81946,0.626066,20.947309,15.635242,-8.643114,-24.399447,-13.486737,12.644484,24.929437,8.249855,-21.570911,-33.821807,-14.775915,18.590467,36.865661,27.936141,6.65639,-3.865713,2.912429,12.820952,9.616415,-6.265852,-19.366224,-17.389376,-4.294084,5.497715,3.348641,-5.731969,-10.844402
14.301616,18.639426,6.23532,-12.001411,-17.819833,-6.857841,5.877473,3.975398,-10.310212,-18.751936,-9.831622,6.373234,9.776399,-5.492301,-23.729774,-25.99755,-11.674582,2.527392,3.692663,-2.569109,-1.119943,12.498051,26.136186,26.043408,13.586301,3.457098,6.491159,18.01453,24.259346,17.521065,2.569219,-10.357522,-15.398626,-13.494138,-8.633125,-4.9263,-6.078574,-13.419136,-22.381577,-23.518486,-10.923411,9.672659,23.908777,22.16732,9.304884,-0.808104,-0.459964,4.061454,0.748261,-13.46167,-28.263468,-30.214331,-15.871251,5.588536,21.049066,23.353874,14.235165,1.032096,-7.929135,-7.252482,2.135509,12.247032,13.24179,2.500736,-11.176649,-14.616208,-3.227108,13.486296,20.625238,12.324883,-3.170368,-12.72991,-11.32409,-5.007919,-2.193318,-4.291831,-5.941166,-2.877178,2.880667,6.298663,6.036793,5.875254,9.265352,14.060375,14.243863,6.991011,-3.137089,-8.112939,-4.697556,1.777231,2.439088,-6.149061,-18.18466,-23.961326,-19.069637,-8.335972,-0.803569,-1.072826,-5.608376,-7.079566,-1.660569,7.954979,15.735958,17.384405,12.502222,3.469461,-6.244167,-12.977534,-14.087964,-9.840071,-3.747488,0.388321,2.307483,5.318127,11.838167,19.731378,24.408127,24.333521,22.522322,21.422991,17.971147,6.725756,-11.301328,-25.657349,-25.571437,-12.288396,0.458367,0.332019,-10.439933,-18.265206,-14.552558,-5.893865,-5.598687,-16.631861,-26.840006,-22.744783,-5.581762,9.656968,10.984742,2.023273,-3.872745,0.268474,8.446494,11.417275,9.138985,9.957898,18.213461,26.735375,24.290229,9.142844,-7.69676,-13.435588,-5.970852,5.594992,11.307115,9.032149,3.176903,-2.217382,-6.679944,-10.425984,-11.235667,-6.18461,3.956214,13.491892,15.614049,7.440717,-8.121669,-24.293021,-33.895504,-32.56806,-20.923285,-4.559663,8.992682,14.944809,13.813613,9.608987
-0.439134,0.886256,1.790451,0.945019,-1.162997,-2.516104,-1.687823,0.592608,2.217924,1.885491,0.222566,-1.193153,-1.509087,-1.053857,-0.438428,0.236729,1.111192,1.899445,1.962599,1.071964,-0.21942,-1.141678,-1.465824,-1.491498,-1.402337,-0.965258,0.016082,1.196385,1.910772,1.864844,1.371272,0.846051,0.290344,-0.545989,-1.612258,-2.434603,-2.589896,-2.097587,-1.233617,-0.160991,0.99757,1.81444,1.695372,0.611762,-0.517945,-0.574122,0.547327,1.729936,1.83955,0.959585,0.155354,0.086046,0.252287,-0.171215,-1.067562,-1.419563,-0.670622,0.38557,0.435531,-0.769854,-2.046991,-2.082094,-0.807647,0.716398,1.5475,1.614044,1.294514,0.758976,0.062901,-0.400437,-0.120685,0.713986,1.066073,0.143903,-1.476174,-2.274133,-1.46643,0.078071,0.877099,0.552538,0.075168,0.324591,0.954175,1.048529,0.53491,0.251613,0.518597,0.33988,-1.314683,-3.649003,-4.295054,-1.871927,2.111013,4.520582,3.768834,1.226468,-0.648404,-0.998463,-0.835888,-1.004718,-0.921707,0.154747,1.326892,0.682113,-2.037272,-4.280207,-3.118463,1.262257,5.302809,5.675362,2.67598,-0.492387,-1.495236,-1.074294,-1.264438,-2.272609,-2.17639,0.235847,3.299655,3.955553,1.195207,-2.704439,-4.603764,-3.636415,-1.523739,-0.178309,0.205015,0.525805,1.042531,1.090862,0.442224,0.078035,1.009182,2.630895,2.998712,1.024752,-1.999376,-3.530943,-2.389345,0.101961,1.667641,1.455281,0.586917,0.511977,1.252859,1.508555,0.307932,-1.75382,-3.009926,-2.332257,-0.200057,1.729335,2.047063,0.72391,-0.964909,-1.581123,-0.731112,0.691287,1.40745,0.928365,-0.129383,-0.828581,-0.880855,-0.742363,-0.845171,-0.991872,-0.667645,0.186703,0.990648,1.187662,0.884533,0.626986,0.631772,0.527338,-0.03884,-0.766475
14.398856,14.027747,9.559373,5.804805,6.316414,9.495911,9.570342,2.037736,-11.219014,-22.140951,-22.49789,-10.841402,5.693656,16.652681,16.413583,8.430637,2.017534,4.445863,15.031196,25.996457,29.007592,21.598214,8.22593,-4.301431,-12.454431,-17.657427,-23.065389,-29.103864,-32.34633,-28.859033,-18.718343,-7.173029,-0.994904,-3.047559,-9.859142,-14.417893,-11.859555,-3.249831,5.60585,9.108049,6.293409,1.182142,-0.903349,2.288226,8.453439,13.020869,12.975064,9.040883,4.754373,3.554715,6.345625,11.201279,15.029958,15.684919,13.057158,8.695378,4.511769,1.528556,-0.587349,-2.963544,-6.285413,-9.732491,-11.039732,-8.023937,-0.733966,7.523602,11.653104,8.294074,-1.040523,-10.017054,-11.462949,-2.812446,11.159969,20.932427,18.770617,4.480059,-14.137536,-26.73244,-27.744871,-20.036674,-12.078426,-11.017311,-17.138721,-23.989376,-23.831428,-13.922647,1.317548,13.724433,17.444721,12.875597,5.728234,2.389108,5.390689,12.263035,18.107274,19.441165,16.306,11.395967,7.40191,4.932481,2.592054,-1.099165,-5.72515,-8.711608,-7.173641,-0.548484,8.107442,13.503999,11.600708,2.820837,-7.594523,-12.879123,-9.691728,-1.060095,5.326931,2.765452,-8.896284,-22.261999,-27.288917,-18.769427,-0.662324,16.389226,22.778189,17.018047,6.584018,1.755708,7.312056,18.685694,25.587109,20.102007,2.797825,-17.777675,-31.375147,-32.860919,-24.492763,-12.770347,-3.321247,1.877923,3.557073,2.65979,-0.655768,-5.779851,-10.252958,-10.605363,-5.313141,2.963243,8.612556,7.410913,0.336751,-6.829632,-8.24354,-3.102727,3.555928,5.418761,0.976719,-4.39363,-2.59338,10.050908,28.768715,43.120082,44.501733,32.298677,13.779962,-1.843682,-10.003506,-12.656957,-14.543422,-17.789325,-19.922537,-16.869646,-7.803421,2.929149,8.77819,6.297581,-1.924143,-9.309628
3.121403,-2.618628,-6.46349,-2.231154,7.978419,15.447162,13.874094,5.344208,-2.976442,-6.503203,-6.266522,-5.334872,-4.676188,-3.550535,-2.347675,-2.813344,-5.248367,-7.077744,-5.238446,0.613922,7.987819,13.908606,16.277375,13.632294,6.015185,-2.762016,-5.858308,0.26782,9.752063,10.569421,-3.235337,-23.294626,-33.964382,-28.714771,-17.085818,-12.871783,-16.821938,-15.267766,2.287478,27.419044,39.13701,26.651784,2.354197,-10.699688,-2.930895,13.17024,18.60497,8.589459,-4.547985,-6.910161,2.686255,14.531092,20.05341,18.359103,12.21832,2.55453,-10.367131,-22.676216,-27.876376,-22.976156,-11.471304,0.841732,10.997887,17.914507,18.361306,8.509007,-8.661568,-20.996747,-17.216533,-0.284506,12.783433,7.62053,-11.858937,-27.37255,-26.128958,-13.958789,-6.734118,-10.85475,-16.245293,-9.67736,8.283829,23.129245,22.796499,10.993357,2.472936,6.758325,19.021208,26.912074,23.914591,14.49044,7.475404,6.802527,9.140634,8.848398,3.612362,-4.479021,-11.887994,-16.644983,-18.578046,-17.317991,-11.22049,0.296687,12.707172,16.356265,4.04357,-19.163391,-35.602351,-29.095155,-1.989564,23.729896,26.04512,4.697824,-18.579887,-22.815593,-8.823754,4.719839,4.367897,-3.929082,-5.721221,1.495436,5.390992,-2.874811,-13.94343,-10.175414,10.970093,30.362175,27.863906,6.076851,-12.087607,-9.498696,6.811363,16.088217,8.53801,-6.045611,-13.340855,-11.067628,-6.445615,-2.083333,7.150942,21.836043,30.341456,20.847901,-0.861947,-13.781432,-5.482884,11.687698,14.675791,-1.553906,-17.127282,-12.527731,5.403683,10.97373,-7.300297,-30.109913,-30.124227,-6.973129,10.002822,-3.339278,-35.370929,-50.425673,-29.529611,8.31051,28.620906,19.524597,0.699379,-3.776097,7.149119,15.716698,11.373886,3.536191,6.690763,19.82651,27.373585,19.194765,3.151326,-4.906826
-0.575622,-3.727216,1.504871,11.660471,16.215373,10.163495,0.556193,-1.618686,5.246289,11.029096,5.46993,-10.101618,-24.511293,-29.143596,-26.037239,-23.096064,-23.72861,-23.78717,-18.272827,-8.19309,0.890237,5.634914,7.722395,9.68423,10.351051,6.657012,-0.493458,-4.569865,0.653972,13.744528,25.346745,26.022173,14.696488,-0.136556,-7.174426,-1.015243,13.914645,26.708219,28.011201,17.040684,2.131487,-6.303114,-4.93335,-0.224217,-1.251764,-9.290114,-15.432605,-9.982074,5.670035,18.01703,13.799729,-6.468747,-28.216823,-36.533447,-29.828352,-19.645914,-17.751938,-24.567614,-30.274387,-25.647417,-10.253165,9.429121,27.387254,41.528436,50.544872,50.48841,37.365311,13.550587,-10.369567,-22.584153,-20.018752,-10.998004,-7.182168,-12.47621,-20.015298,-20.104058,-10.657671,0.787564,5.396427,2.582589,0.392836,6.232536,18.004384,25.549918,21.272333,8.639234,-0.937618,-0.044491,6.603255,6.980556,-5.001916,-21.810899,-28.890781,-19.258011,-0.835556,11.560306,11.359986,6.233915,8.203432,18.670097,25.516042,16.620413,-4.660363,-20.165693,-14.85921,6.716169,24.105708,21.832494,4.91321,-8.446088,-8.838584,-6.887576,-20.007464,-49.40652,-74.386772,-71.970967,-40.746844,-2.495475,19.767116,22.458461,19.030197,20.539587,23.886152,20.246486,9.962894,3.183362,5.819533,10.690072,7.095565,-3.035501,-4.603564,12.672986,39.59783,55.679463,51.54762,38.32946,32.140957,32.972142,24.773025,-2.844567,-38.477024,-59.342484,-56.348413,-43.366149,-39.401878,-45.52408,-44.547039,-23.371784,9.404865,31.421007,29.793384,12.480726,-3.210939,-8.794005,-8.490414,-8.40462,-8.070739,-4.77642,-1.802793,-6.536633,-19.380131,-28.518903,-19.72477,8.139378,39.067709,52.362388,39.557006,10.644774,-13.991255,-17.781559,1.698469,31.380269,50.671808,45.048511,16.855498,-16.028877
10.377866,8.330719,2.788377,-3.269795,-6.648267,-5.893465,-2.092557,1.959294,3.594818,1.865017,-2.104904,-6.082682,-8.235976,-8.145128,-6.759273,-5.512617,-5.326017,-6.150009,-7.210157,-7.624457,-6.919822,-5.192774,-2.971641,-0.970737,0.161387,0.121832,-0.750981,-1.355666,-0.16132,3.931567,10.582835,17.58109,21.56488,19.779493,11.928522,0.860068,-8.619103,-12.32999,-9.204993,-2.051027,4.034874,4.724343,-0.885664,-9.688126,-16.411027,-16.706717,-9.560819,2.369151,14.482252,22.757529,25.488959,23.401717,18.493464,12.669315,7.07392,2.242393,-1.496486,-3.977015,-5.570929,-7.44478,-11.118956,-17.340228,-25.021451,-31.214173,-32.474537,-26.942394,-15.77172,-2.818877,7.386957,12.164628,12.060824,10.182375,9.949989,12.802726,17.379326,20.648083,20.110673,15.516843,8.951151,3.341658,0.522517,0.207756,0.500621,-0.548812,-3.510162,-7.25007,-9.853163,-10.049696,-8.129305,-5.757447,-4.893114,-6.567397,-10.282477,-14.31507,-16.641716,-15.913613,-12.003878,-5.96744,0.455319,5.532859,8.18456,8.368204,7.060981,5.783083,5.805822,7.405136,9.600939,10.630463,8.987447,4.46364,-1.457544,-6.173965,-7.251886,-3.726965,3.309279,11.155228,16.715897,17.844422,14.174813,7.149713,-0.647605,-6.505034,-8.560157,-6.459991,-1.510677,3.78394,6.731607,5.67975,0.894434,-5.46107,-10.399914,-11.758174,-9.472582,-5.639891,-3.204779,-4.026413,-7.565398,-11.112189,-11.491814,-7.171876,0.618999,8.527093,13.059325,12.610421,8.219874,2.643652,-1.521039,-3.329049,-3.641039,-4.005684,-5.244129,-6.838474,-7.520857,-6.493476,-4.232987,-2.198003,-1.660369,-2.602644,-3.598115,-2.834405,0.456641,5.245021,9.228089,10.297419,7.915416,3.440942,-0.78695,-2.915323,-2.558834,-0.685079,1.37011,2.924773,4.239587,5.942899,8.156075,10.093639
-19.220618,-30.533735,-32.65641,-31.529372,-33.37872,-35.255311,-27.127272,-3.873143,26.18524,46.295941,45.573577,28.630769,11.385948,7.364091,17.143843,29.557967,32.119514,20.844454,1.873694,-14.579255,-21.500241,-17.986523,-7.514672,4.972973,14.637304,17.554214,12.15507,0.481281,-12.903606,-24.145306,-32.022929,-36.143368,-34.134253,-23.012997,-4.845326,10.513314,11.942809,-1.478296,-16.84481,-18.294118,-2.757099,16.622738,24.380628,19.15574,13.949535,19.62552,30.829418,31.195996,12.250738,-15.798783,-33.781289,-32.438334,-19.305321,-7.534426,-1.472748,4.447839,14.702334,24.920559,26.690833,17.535018,3.18568,-9.382629,-17.889167,-22.478276,-20.594091,-8.415595,11.716588,28.498665,29.821449,14.376596,-6.357345,-18.50072,-17.540569,-9.744566,-3.707599,-2.455231,-3.464137,-3.805808,-3.273031,-3.109503,-3.663986,-3.995097,-2.810184,0.784722,6.403386,11.098796,9.854981,-0.269346,-15.412187,-25.880758,-24.135925,-12.22961,0.024198,4.914443,3.806306,3.504872,7.216143,11.696364,13.554143,15.182016,21.220705,29.778035,31.135594,18.065097,-3.707789,-18.526716,-15.637872,0.21743,14.015513,15.071463,5.04647,-7.276262,-15.669222,-19.347092,-19.02615,-14.552581,-7.605015,-3.547901,-7.04323,-15.896849,-22.07953,-20.256825,-13.542054,-8.691405,-6.528349,-0.334151,14.721873,32.58072,39.758677,28.520419,5.112556,-15.893118,-24.214016,-19.921358,-8.954257,3.689694,14.969021,21.031847,17.948189,6.840871,-3.945378,-4.932167,5.189143,17.289902,19.865878,9.694083,-5.193271,-12.586835,-6.495965,7.742046,17.287864,11.80253,-7.391702,-26.563911,-29.855812,-13.653441,8.232034,15.782899,1.464362,-22.319133,-35.697426,-30.96406,-17.925896,-9.590294,-6.043966,3.399484,22.516637,38.138047,32.761337,6.508192,-18.594241,-19.730375,2.758141,25.770453,27.911259,10.585654
6.834899,14.723057,14.496048,4.168931,-8.980279,-14.116819,-7.599801,2.432992,3.962426,-5.716571,-16.027474,-14.009068,1.118317,16.316629,18.745703,9.91513,3.529312,9.201111,20.934734,23.916373,11.611589,-6.870377,-17.289283,-15.586325,-10.113389,-9.661396,-13.13209,-13.114921,-7.189196,-1.496246,-2.300748,-7.458045,-9.506225,-6.127,-3.474199,-7.230819,-13.067998,-10.051636,5.760119,24.18405,30.22712,20.1807,6.17779,3.787737,16.163548,31.336608,34.264756,20.383422,-1.806498,-19.090278,-23.716449,-17.815342,-10.832963,-12.525591,-25.246015,-40.574474,-44.596875,-29.644629,-2.324464,21.326915,30.210267,27.403289,24.126838,25.473165,24.870101,13.9396,-4.629756,-17.879296,-17.077531,-8.389343,-5.918805,-14.650356,-23.766173,-18.996896,0.11545,18.406327,21.156182,9.74503,-0.555164,2.598208,16.299265,27.100064,25.556979,13.970836,0.772762,-9.246069,-16.885165,-22.310518,-20.872438,-8.036937,11.847574,24.594343,17.131249,-9.074029,-36.24231,-44.170105,-28.117428,-3.539389,8.086773,-0.370405,-15.089276,-15.687445,3.463558,27.032427,34.48742,21.268635,2.629303,-3.707767,3.667752,10.764806,6.909905,-1.545441,0.667399,17.321571,32.890455,27.961434,1.039815,-28.145885,-37.840506,-24.796085,-4.596149,6.251028,5.364146,1.876551,2.880487,6.092043,5.257761,-1.023883,-8.146897,-11.532437,-11.072551,-9.454893,-8.440349,-8.139329,-8.387663,-8.633493,-6.881962,-1.377355,5.488705,7.125094,-0.436901,-11.661466,-14.455216,-2.342353,17.230971,29.275679,26.575968,16.845743,13.280137,19.308919,25.151338,19.767737,3.889463,-10.729845,-14.088919,-7.707862,-1.373324,-2.315201,-9.254608,-15.931097,-17.881534,-15.172013,-10.748666,-8.245918,-10.517434,-17.4511,-24.059839,-22.757516,-10.222345,7.763116,20.292246,21.472446,15.827106,12.471872,14.610472,16.673492
-3.817858,-4.525199,-0.636738,5.278437,8.743987,8.565734,8.732378,13.437192,20.333597,21.368878,12.676121,2.402381,4.394635,21.246388,35.79295,24.848078,-15.500115,-60.432836,-76.773664,-54.922913,-18.86387,-2.25257,-14.988003,-35.322928,-34.823572,-8.202371,23.465633,36.815673,29.176656,16.680307,13.601275,18.258866,19.346463,11.550485,1.041042,-3.420792,-0.796393,2.468333,0.645548,-5.970327,-13.137885,-16.862226,-14.384984,-3.750893,14.07231,32.397066,41.232938,35.300888,19.597661,5.33396,-0.311174,0.201373,-0.74216,-7.331186,-17.165537,-25.252654,-28.775844,-27.538143,-22.036569,-13.370494,-4.483523,1.024905,2.447739,2.807585,4.452167,4.662188,-1.787724,-14.762927,-25.516862,-23.873791,-8.855698,9.578343,20.14616,20.373863,16.32454,13.969916,13.481812,12.025498,8.912372,5.413839,1.189078,-4.995556,-9.982253,-5.74278,11.1624,30.146953,32.072524,8.531472,-25.575957,-43.309401,-31.713769,-4.61938,12.722565,10.357429,1.765119,5.247851,21.406123,32.926903,25.430592,3.638271,-15.415828,-21.848931,-20.848964,-21.288376,-21.844766,-13.273394,6.374233,23.903713,22.034029,-2.201041,-32.372743,-46.715977,-36.80223,-13.081427,5.738041,7.942747,-3.678863,-15.435418,-13.153588,7.097409,34.425886,49.361104,38.966363,9.53852,-16.062719,-17.06731,6.569327,33.956968,42.668594,28.927654,8.811488,0.422714,6.180445,12.76284,6.803172,-11.115221,-27.806383,-30.997386,-20.629973,-7.845043,-4.307729,-12.418382,-24.324121,-29.284528,-22.638264,-9.268911,0.809379,0.924888,-6.807033,-13.650244,-11.98014,-1.637063,10.48022,16.568383,14.045228,6.900459,2.143926,4.546604,13.123798,21.571225,22.994556,16.121903,7.371027,5.176535,10.768692,15.499493,9.738467,-4.991319,-15.26241,-9.814777,6.32654,15.350525,6.242139,-11.440995,-17.151479,-3.034179
16.544909,25.446392,30.803349,29.48202,21.189391,9.279274,-0.59965,-3.550841,1.52229,10.822466,17.443584,15.198035,2.285506,-17.416027,-36.246123,-46.70447,-45.091814,-32.819565,-14.943678,2.789676,16.395482,24.322846,26.561328,23.480665,15.598913,4.355523,-7.174251,-14.843332,-15.468108,-9.11725,0.166431,6.195053,4.211393,-6.027129,-19.817741,-30.218109,-32.21353,-25.591376,-14.611728,-4.789346,0.867407,3.462336,6.57328,12.69828,20.565283,25.479037,22.627813,11.012349,-4.936824,-17.440989,-19.93533,-11.096677,4.366321,18.659865,25.560804,23.685527,16.377315,8.639538,3.524528,0.551485,-2.947342,-8.860479,-16.131904,-21.08128,-19.943533,-11.692731,0.951608,13.046765,20.338532,21.498999,18.257397,13.616375,9.69553,6.826962,4.369215,2.278894,1.914449,5.253113,13.074927,23.592799,32.746115,36.136334,31.340565,19.05665,2.410443,-14.912567,-30.301325,-42.591042,-51.289536,-55.713086,-55.041948,-49.330708,-40.453548,-31.78399,-26.360567,-24.669826,-23.83517,-19.252823,-7.960428,8.479058,23.830777,30.380684,23.765596,6.389302,-12.982745,-23.536158,-18.217908,2.369289,30.23999,54.174448,65.207973,60.393832,43.141825,20.630155,0.298573,-12.607046,-15.733316,-9.206129,4.836356,22.363898,37.775674,45.22724,40.993693,25.714047,4.845436,-13.548338,-22.829532,-21.362081,-13.345735,-6.220947,-6.151941,-14.382105,-26.707498,-36.277618,-37.801462,-30.460306,-17.877267,-5.546363,2.302566,4.38108,1.894706,-3.082155,-8.8324,-13.984144,-16.787842,-14.978234,-6.98529,6.151735,19.873142,27.567413,24.126258,9.481493,-10.452336,-26.549897,-31.566048,-24.358998,-10.399042,1.885982,6.529493,3.549148,-1.783075,-3.272679,1.488598,9.511825,15.064237,14.538318,9.741004,6.887191,11.783754,24.693872,38.90291,44.529631,35.311721,13.684921,-9.681347,-22.062376
3.655514,-0.295744,-6.716473,-12.344002,-14.060494,-11.289241,-6.697024,-4.469319,-7.213962,-13.68903,-19.134771,-18.221845,-8.72969,6.580864,21.306722,29.185779,27.847992,20.030695,11.458882,6.86003,6.846573,7.784584,4.705398,-4.768768,-18.202988,-29.397038,-32.082678,-23.909129,-8.183041,7.723665,16.318219,13.946187,2.556319,-11.537814,-20.998971,-21.011227,-11.288404,4.175402,19.169243,28.003244,27.744751,19.193059,6.377134,-5.167379,-10.722248,-8.447052,-0.286868,8.81743,13.242844,9.533754,-1.639138,-15.530943,-25.504028,-26.279558,-16.556003,0.386597,18.350092,31.149129,35.19349,30.472202,19.742374,6.747233,-5.358242,-14.640693,-20.166318,-21.566859,-18.96536,-13.281506,-6.421751,-0.841666,1.520194,0.31646,-2.938171,-5.750599,-6.222784,-4.286579,-1.721312,-0.885086,-3.001988,-7.194778,-10.95831,-11.765339,-8.698464,-2.988691,2.87492,6.788757,8.253755,8.357785,8.653739,9.871974,11.468404,12.296271,11.768497,10.481037,9.720905,10.236093,11.330016,11.171051,8.252823,2.925313,-2.323255,-4.330767,-1.621287,4.047735,8.292295,6.75266,-1.866811,-14.505521,-25.296155,-29.119359,-24.849871,-16.057553,-8.595512,-6.654034,-9.972299,-14.149677,-13.861901,-6.748095,4.757291,14.945625,18.651847,14.698587,6.57387,-0.079159,-1.328386,2.580536,7.852699,10.29975,8.630676,5.41752,5.004577,9.893166,18.289311,24.712264,23.394157,12.20467,-5.577908,-22.882506,-32.811603,-32.405708,-23.891149,-12.839085,-4.652675,-1.696278,-2.694403,-4.381789,-3.982938,-0.833085,3.675258,7.401437,8.904864,8.118998,6.095643,4.298123,3.998464,5.961841,10.247208,15.973589,21.222524,23.457,20.601131,12.340819,0.771018,-10.290873,-17.177217,-18.371396,-15.318126,-11.411917,-9.761908,-11.221832,-14.033206,-15.304461,-13.234182,-8.454266,-3.530573,-1.035442
-1.634484,-1.047542,3.61701,9.221785,11.700899,10.381179,7.814413,5.288157,0.475699,-8.644241,-18.429427,-21.136316,-13.534575,-2.307946,2.070809,-2.696209,-7.493984,-2.686802,9.070813,14.258559,3.892302,-14.944602,-25.726065,-20.011372,-5.30791,5.51984,9.503094,14.483098,25.385855,34.457342,29.088463,8.212836,-13.356098,-19.053804,-7.212346,8.560075,14.487418,9.064484,0.0108,-7.47558,-15.474027,-26.647092,-36.79042,-37.192994,-23.926777,-2.680749,16.006507,24.994336,24.025394,17.454951,10.680604,7.765438,9.434421,12.033579,10.276309,3.081511,-4.071162,-4.909149,-0.531914,1.074892,-4.444559,-10.230577,-5.459189,9.265285,18.407534,7.955864,-15.767366,-29.331245,-17.449879,7.871555,18.402279,0.527208,-29.053681,-41.29793,-26.002429,-0.703738,11.27709,6.272909,-0.002186,5.125278,16.167294,19.251666,11.943237,6.700918,13.974175,27.28294,29.643705,13.582387,-9.469162,-20.97217,-13.839191,2.534489,13.491183,12.110495,1.79339,-9.570337,-15.279998,-12.383931,-3.416071,3.452275,-0.157913,-13.772537,-25.681746,-23.536942,-8.520428,4.012704,0.840279,-13.435063,-20.448134,-8.572288,13.657932,27.08851,23.123838,11.571276,6.898935,10.808678,12.294738,3.601957,-9.013344,-13.052705,-5.453054,3.837241,4.306335,-2.740617,-6.805485,-1.416337,8.715355,14.137813,11.267374,4.525487,-0.252562,-1.262634,0.51888,4.495407,9.556877,11.490735,5.206918,-8.761991,-22.117539,-25.928662,-19.895176,-12.376213,-10.406055,-11.569116,-7.842639,3.144352,13.391214,12.625908,0.149875,-13.110616,-14.660194,-1.847253,16.423584,27.804297,25.785761,12.941666,-2.132207,-10.492619,-7.99215,2.217553,11.695417,12.927665,5.233459,-5.226803,-11.556244,-11.913594,-9.03007,-5.197756,0.138793,7.156661,12.061428,9.529983,-0.59746,-10.994358,-13.229452,-6.390044
5.456517,7.501338,9.28864,10.958716,12.406307,12.899159,11.337678,7.115357,0.943451,-5.136883,-8.816081,-9.066277,-7.063775,-5.63355,-7.345651,-12.439701,-18.085514,-19.762531,-14.148291,-1.754771,12.530567,21.686406,20.528399,9.118946,-6.569881,-17.445989,-16.214704,-1.723824,19.821567,37.681825,42.091203,29.518097,4.771193,-21.282557,-37.215123,-36.787963,-21.854284,-0.922348,15.662043,21.089079,15.000034,2.517709,-9.648375,-17.358284,-20.829064,-23.143021,-26.826507,-31.138013,-32.150324,-25.683025,-11.027901,7.309155,21.398805,24.372501,14.825965,-1.769138,-15.748297,-18.551805,-7.495304,12.792926,33.000135,44.124348,41.893769,28.286858,9.745377,-6.442578,-15.394971,-16.004933,-10.283027,-1.610146,6.941224,13.549001,17.799311,20.311364,22.052647,23.519173,24.092335,22.050658,15.550974,4.264531,-9.37134,-20.47443,-23.982223,-17.810894,-4.852864,7.897135,13.053148,7.284801,-6.457167,-20.693142,-28.260032,-27.07851,-21.475723,-18.939362,-24.412822,-36.160253,-46.329874,-46.105192,-31.994748,-8.808326,12.958664,23.711098,20.830287,10.038461,1.131687,1.127253,9.669396,19.860604,23.746767,18.345909,7.796601,0.121926,1.097504,9.839008,19.430324,22.163981,15.526975,4.464306,-1.872508,3.312812,19.215904,37.246223,46.123133,38.846955,16.94158,-10.657484,-33.050071,-43.40378,-41.796656,-33.566578,-24.922506,-19.081764,-15.312966,-10.901018,-4.050633,4.539861,12.323818,16.867776,17.404421,14.873395,10.726639,5.73232,-0.164766,-6.912527,-13.313431,-16.949314,-15.338148,-7.572724,4.727095,17.84426,27.526864,30.747821,26.748142,17.032872,4.600933,-7.096872,-15.155494,-18.072535,-16.338603,-12.433514,-9.893009,-11.552645,-17.769908,-25.79095,-30.977709,-29.450544,-20.587903,-7.655378,4.075898,10.645028,11.93708,11.584159,14.123179,21.27748,30.012138,33.950117
2.129122,1.909371,-1.683761,-4.966155,-3.616193,1.167095,3.068107,-1.356552,-6.860499,-4.524489,7.224117,19.45661,22.738659,18.631585,17.625547,24.774625,30.907002,22.148827,-2.005087,-24.255982,-26.295888,-8.954818,7.657807,5.100686,-14.470001,-31.969666,-32.220398,-17.982325,-3.20223,3.566727,5.102276,6.085318,3.339414,-10.134081,-32.426994,-48.846083,-44.212136,-18.516782,12.029078,30.26101,33.058321,30.477545,31.806023,35.307498,32.542585,20.517611,6.451465,-0.322892,0.78366,1.20529,-6.09081,-17.417557,-21.788707,-13.487242,0.58782,7.674758,2.855708,-5.786703,-6.740511,1.37195,8.046587,3.468132,-9.014136,-15.563846,-7.455625,8.227069,15.787878,8.452381,-3.861126,-5.939261,4.888029,15.032347,9.695585,-10.119956,-27.718284,-27.783225,-11.766746,4.37245,6.510307,-4.755903,-16.605327,-17.201253,-5.844219,8.084187,14.151128,9.15493,-1.314727,-8.200401,-6.800621,-0.77441,1.850296,-2.043953,-5.482017,2.406006,23.452796,45.029253,50.385693,35.340031,12.804697,-0.868328,-2.567621,-2.829504,-10.130961,-19.143789,-18.059421,-5.532319,5.315665,2.314922,-10.009655,-15.298684,-6.0105,5.963348,3.066279,-16.064181,-33.896519,-34.231225,-20.437626,-9.448958,-10.052746,-13.543036,-8.041859,3.413347,5.901822,-6.333542,-18.588105,-10.701396,18.554343,47.678929,54.756916,39.84309,21.900788,15.873704,18.013819,14.904822,1.904542,-12.372652,-18.493926,-17.202248,-15.261262,-14.207704,-8.754635,3.279033,14.404949,14.744248,4.466819,-5.007196,-3.414208,7.063798,14.566005,10.050775,-4.962735,-21.780662,-32.140059,-31.857887,-21.129694,-5.594249,3.960503,-1.350807,-18.077406,-29.588457,-20.938609,3.956839,23.62434,20.952657,2.549427,-7.699295,4.660585,27.795777,36.529812,20.652862,-3.793974,-12.665175,0.24442,18.537656,23.051328,11.76739
-22.647559,-7.995759,18.324795,33.606815,23.152286,-4.552752,-25.751885,-24.595444,-7.766256,3.860459,-3.157265,-22.389295,-35.613112,-31.067314,-12.682193,7.116056,20.617052,29.275517,36.727188,41.094502,36.778792,23.221741,8.935919,4.468154,11.433209,20.178992,19.273812,6.638768,-9.54166,-20.136928,-23.413102,-23.720626,-24.182927,-23.47386,-19.788802,-14.855418,-11.468166,-8.504228,-2.348424,5.376498,5.23773,-9.827278,-31.430494,-38.187049,-16.675646,20.372832,42.116718,29.790791,-2.541027,-21.344638,-8.634523,19.405507,31.143513,14.73641,-9.431281,-12.171854,12.437801,41.585207,48.512955,28.460147,-0.695796,-18.827511,-20.170309,-11.811272,-2.695567,2.038614,-0.223875,-9.448919,-19.715574,-21.075186,-9.709977,4.758672,7.137409,-6.069439,-20.571594,-19.250434,-2.157598,12.667032,9.647251,-6.647044,-17.548903,-11.910271,3.382651,15.260654,21.105723,27.921592,36.794236,36.159782,15.618589,-16.960954,-39.281387,-37.679291,-21.904474,-12.883923,-18.127984,-24.917209,-18.791076,-2.909687,6.535296,2.30488,-3.572424,5.028925,26.897548,43.232043,39.175693,20.513608,5.648834,4.083061,8.1901,6.557077,-0.180684,-1.436473,7.391381,16.839013,13.707424,-3.499073,-22.996782,-32.827663,-32.0908,-28.266443,-26.609005,-25.245024,-19.624553,-8.275941,6.689863,21.687539,31.736809,30.552719,15.230625,-7.550266,-23.282125,-21.577396,-6.633262,6.737638,8.406469,2.26271,-0.957855,2.404461,5.978197,4.154308,1.123062,5.359396,16.957734,25.602819,22.942819,13.140766,6.849981,5.976951,0.083086,-19.048445,-42.730687,-50.904248,-33.548101,-2.809015,19.160554,22.511822,16.289984,13.569679,15.459016,13.5238,4.870993,-2.147816,0.011266,4.903532,-2.649293,-26.979164,-51.735987,-53.89704,-27.338116,10.346827,35.144261,38.47494,30.6481,25.264197,24.328254,19.776251
-5.493469,4.572583,14.047344,12.660492,1.218266,-8.266573,-5.547025,6.491709,15.218565,12.293894,2.055011,-4.76861,-3.586403,0.182659,-0.635349,-5.664469,-7.878958,-2.814941,5.495149,8.636048,2.647494,-8.271482,-16.08568,-15.604637,-7.347617,3.912316,11.991366,12.143413,4.088586,-6.50003,-11.203675,-6.036864,4.061931,9.472576,5.902975,-0.484776,0.497464,11.186794,21.993403,20.652016,5.513104,-11.650906,-17.069609,-9.042766,0.144561,-3.179911,-19.577794,-34.809529,-33.006688,-12.154452,13.053794,24.015929,14.862877,-2.656752,-10.633536,-1.73943,14.948923,24.333593,20.684989,11.868382,8.604959,11.633088,11.837328,3.004226,-8.625478,-10.628033,0.02373,11.023937,7.145129,-12.209556,-30.857052,-32.506927,-17.705793,-1.996923,1.865205,-3.349137,-5.509446,1.03239,9.696958,11.703158,7.55168,5.071927,7.670567,9.302328,3.187447,-7.615877,-12.634078,-7.021176,1.808573,3.22453,-3.196479,-7.448725,-2.709472,5.06468,4.809267,-4.053779,-8.824257,1.307364,20.426008,30.713765,22.355889,4.743452,-4.760085,-0.890188,4.818074,-0.392737,-14.625283,-24.539236,-22.390131,-14.589957,-11.395644,-12.228339,-6.636474,9.993987,26.937873,28.638125,13.312912,-3.626789,-6.582264,2.831487,8.806102,0.778329,-14.359966,-21.360854,-14.849598,-4.278344,-0.810602,-3.74545,-3.329573,4.928582,13.664715,13.139241,3.970988,-3.628009,-2.930099,1.215917,-0.106569,-6.807043,-8.799163,0.822441,15.199394,20.081133,10.341085,-3.475806,-7.011013,1.640475,10.606512,8.908497,-1.015123,-7.649539,-5.17072,0.095775,-1.079853,-8.444203,-12.664973,-7.633564,1.393798,4.240518,-1.530749,-7.911953,-6.933336,-0.700042,1.882315,-2.718777,-7.561805,-4.157572,5.794079,11.204696,4.819115,-7.108352,-10.967591,-1.096292,13.56951,19.153947,11.508364,-0.556906
-4.408414,-5.562352,-1.279015,8.198026,19.312867,26.732919,26.197247,17.007202,2.630517,-10.983084,-18.400163,-17.304545,-9.328772,1.132889,9.245288,11.854527,8.472389,0.999938,-7.309887,-13.055528,-13.747536,-8.670217,0.5694,10.158635,15.238469,12.017976,-0.003837,-17.027728,-32.119386,-38.341026,-32.324951,-16.238313,3.145321,17.862033,22.71316,17.472875,6.197606,-5.647766,-14.21441,-18.539303,-19.589819,-18.27426,-14.26301,-6.641865,4.221875,15.378956,22.062444,20.437719,10.553882,-2.773058,-12.18601,-12.003141,-1.757034,13.365608,25.630775,29.472313,24.745103,16.389544,10.781448,11.26022,15.850842,18.684268,14.131536,0.88957,-16.655112,-30.644112,-34.132873,-24.978254,-7.027521,11.86807,23.698928,23.881329,12.924297,-4.267087,-20.766252,-30.472453,-30.330507,-21.240661,-7.437803,5.429817,12.81895,13.323837,9.157016,4.659335,3.522701,6.331323,10.048344,9.973059,3.057929,-9.590065,-22.83928,-30.420881,-28.776917,-19.291398,-7.337266,1.253458,3.87466,2.444146,1.483243,4.472134,11.207855,18.100858,21.102874,18.945143,14.122094,10.799669,11.253542,13.681963,13.283812,6.002959,-7.813232,-22.726551,-31.294797,-28.932386,-17.117172,-2.588951,6.971865,7.760834,1.794611,-5.257436,-8.574798,-7.573088,-5.664844,-6.712734,-11.077187,-14.523222,-11.086179,2.088389,21.58744,38.865404,45.226727,37.370682,19.677912,1.605926,-8.089448,-6.465839,2.429015,10.803067,12.321598,5.731679,-5.198023,-14.817504,-19.240879,-18.011336,-13.1421,-6.912055,-0.445795,5.953516,11.479024,14.150996,11.774289,3.881418,-7.092091,-16.737907,-21.361796,-20.488536,-17.132257,-15.37919,-16.973093,-19.572771,-18.271222,-9.516268,5.420364,20.218832,27.105719,22.008193,7.663988,-7.683349,-15.34692,-11.676892,-0.234307,10.825182,14.337508,8.838856,-0.774114,-6.931906
-4.631283,1.624123,11.201486,17.294413,14.998885,5.705888,-4.234374,-8.505868,-4.534567,6.152323,19.169271,28.506968,28.622053,18.034112,1.733846,-11.413334,-15.558802,-12.728603,-10.200262,-12.71068,-17.796561,-19.276586,-14.679525,-8.06285,-5.293079,-7.626735,-10.907709,-10.591915,-6.165295,-0.185421,5.695364,12.069862,19.088715,24.05705,23.210868,15.840637,5.610577,-2.65573,-6.86938,-7.902887,-6.803075,-3.363039,2.009907,6.322597,5.770275,0.03532,-6.298991,-7.922933,-4.387961,-0.480547,-0.478072,-2.896972,-2.3456,3.192171,8.411858,5.80357,-5.040076,-14.826382,-13.145496,0.015706,12.71856,12.516095,-0.525717,-13.477683,-13.990538,-3.2795,5.793297,3.723799,-4.409842,-4.737703,8.590975,24.879467,27.380111,11.865466,-7.794028,-14.149381,-4.981605,4.890262,1.076066,-13.513733,-21.842128,-12.470804,6.78804,17.002421,8.74014,-8.212984,-16.489696,-10.082332,0.972969,4.198528,-0.63449,-2.977743,3.814643,13.266682,13.404016,1.780086,-10.570562,-11.358254,-1.104792,7.565274,4.632225,-5.740862,-10.105306,-1.274959,13.407532,20.325052,14.584434,4.606414,1.480445,5.747713,6.950319,-3.565945,-21.347665,-32.173973,-26.716731,-10.469516,1.927341,1.723169,-5.741039,-7.905317,1.333221,15.998705,25.340855,24.58854,17.346556,9.040806,1.188042,-6.595938,-11.400538,-7.833568,4.513317,16.8497,17.955124,6.040737,-8.298497,-13.010104,-7.75153,-3.859021,-10.612463,-23.758302,-30.047883,-22.591863,-8.776249,-1.35776,-3.581765,-6.176005,0.560557,14.555547,24.235626,21.917468,11.908811,4.339937,3.43759,4.646643,2.637417,-1.367804,-2.16424,1.703122,6.215852,8.131549,9.585784,13.778431,17.75465,13.865259,0.373046,-12.270309,-10.259128,7.11886,22.646997,16.253968,-14.19954,-48.539495,-61.773924,-46.070677,-15.903932,6.772493
8.854527,15.537952,17.592073,9.780614,-6.692218,-23.998454,-32.199272,-25.523952,-6.457812,14.97656,26.636463,21.547458,2.806674,-17.351269,-24.633159,-12.100887,14.300615,38.66467,45.53382,30.97237,5.979051,-11.152074,-8.580126,9.503252,25.312006,20.776078,-8.146127,-47.311033,-73.94546,-72.817795,-46.767704,-13.855792,6.125417,5.117878,-9.589235,-23.040072,-24.328746,-13.054251,3.260657,16.87052,25.428801,31.516568,38.020886,44.473639,47.539492,44.410123,35.392334,23.445849,11.772021,2.177183,-4.55757,-7.659738,-6.714869,-3.38374,-2.173133,-8.19965,-22.882882,-41.282854,-54.195658,-54.170125,-40.838817,-21.106382,-3.995743,5.473724,8.372172,8.815028,9.394438,9.67106,8.715177,8.223455,12.039732,21.84701,33.424441,38.211279,30.07978,11.623008,-6.368902,-12.920894,-5.955697,5.73548,10.00514,2.165077,-10.538132,-15.222622,-5.291031,12.569667,22.918267,14.194449,-11.247951,-38.376164,-50.99674,-43.822555,-25.176621,-8.774182,-2.326141,-2.78896,-1.511487,6.385471,17.260442,22.727677,17.779869,5.448575,-6.013268,-10.273567,-7.572825,-3.036356,-1.063208,-1.562688,-1.286012,1.945741,7.026155,11.633877,15.858007,22.690373,34.028353,46.110922,49.894276,37.595711,10.293953,-20.61945,-40.5685,-42.249922,-30.689029,-18.453085,-15.067236,-19.735623,-23.44019,-18.079156,-4.162849,9.760419,15.002765,10.38958,2.666591,-0.336194,2.944809,6.858445,4.602258,-4.751987,-15.029397,-18.545594,-13.017967,-3.219162,3.937528,5.828807,5.746415,8.353746,13.835463,16.921013,12.050257,-0.359523,-13.001816,-17.541239,-11.963245,-2.352047,2.868575,0.947508,-2.623551,0.288847,11.788998,24.569824,27.546514,15.814352,-4.130216,-19.022367,-19.58604,-8.002326,4.541436,8.012122,2.279824,-3.368244,0.570263,14.265976,27.349288,27.285096,10.102553,-15.75389
6.467863,5.80101,4.590084,5.025244,6.368698,5.557474,0.488187,-7.024117,-11.631515,-8.445077,2.390973,14.539683,19.323364,12.142208,-3.419883,-17.346571,-20.020214,-9.315631,7.38222,17.986866,14.03543,-3.439372,-24.654718,-37.72439,-36.283837,-22.777948,-5.610102,7.129423,12.576559,13.541619,15.064019,20.265831,28.460435,36.128024,39.220117,34.968104,22.633808,3.78684,-17.468732,-34.907627,-42.173255,-36.120474,-19.514644,-0.607008,11.086931,10.506953,0.320852,-10.837927,-14.179627,-6.591507,7.562874,19.717909,22.831201,15.468088,1.805348,-11.710219,-20.206448,-22.236298,-19.160748,-13.363804,-6.848535,-0.797419,4.265053,8.198594,10.956225,12.221089,11.236722,7.30114,0.887384,-5.566129,-8.404132,-5.150148,3.08315,11.467498,14.439217,9.901102,1.218808,-5.049603,-4.25449,2.528415,9.343014,10.376545,4.927806,-2.105798,-4.822249,-1.965103,1.618122,-0.588253,-10.121874,-20.776951,-22.820513,-11.230336,8.903288,24.81245,25.023698,8.056959,-15.989884,-32.267746,-31.179621,-14.133416,8.66886,25.84886,31.693785,27.646633,18.751459,9.100142,0.051606,-8.35245,-15.309512,-19.033877,-18.434232,-14.572235,-10.079233,-6.9708,-5.075934,-2.733683,0.913731,4.408681,4.950797,1.118177,-5.223976,-9.786443,-8.949477,-2.496555,6.292469,13.139327,15.652777,14.340524,11.384801,8.734589,7.23847,7.06685,8.269129,10.466041,12.101254,10.649219,4.414913,-5.320136,-14.046072,-16.664097,-11.379663,-1.634678,5.914961,6.133978,-0.843927,-9.9255,-15.172604,-14.298215,-9.887676,-6.587126,-6.938718,-9.499419,-10.628639,-8.023649,-2.712651,2.124145,4.147992,3.794738,3.493743,5.147747,8.354748,10.935705,11.051441,8.800132,5.906508,4.05304,3.580653,3.649553,3.342851,2.36398,0.716064,-1.892142,-5.804562,-10.339139,-13.211633,-11.709546
3.89173,0.147008,-4.877992,-4.037077,3.039889,8.186365,5.008822,-1.694987,-1.224348,7.908747,12.741195,0.022816,-25.475066,-41.812909,-31.956862,-2.999825,20.018822,19.444663,1.338723,-14.151602,-15.12478,-6.988059,-0.802855,1.474057,6.352467,16.166634,23.058693,18.113558,3.512873,-8.415498,-8.42168,0.295939,7.245315,6.966806,3.642354,4.027679,8.789275,12.40919,10.169428,3.141028,-3.580451,-5.882291,-3.556952,0.06628,0.286036,-5.762437,-15.873819,-22.901542,-20.599692,-10.798006,-3.105036,-4.920497,-11.903578,-11.236657,3.808295,24.166263,32.621014,21.513994,0.80775,-12.454401,-10.913469,-1.515231,4.590283,2.741728,-5.186284,-16.496122,-28.154546,-32.561653,-19.752073,10.845575,42.957919,54.48348,39.462092,16.182118,8.941786,21.6884,33.551202,22.353688,-10.32001,-40.817968,-48.849886,-36.839525,-22.680462,-17.685536,-16.883026,-10.518529,0.937436,7.67653,4.252254,-3.010814,-4.081689,2.665459,9.682918,10.23781,5.344042,0.032774,-3.597911,-6.412098,-7.078664,-1.602081,10.138311,20.463934,20.415991,10.272424,0.519555,0.72191,9.1809,15.753012,13.958181,7.427882,3.737786,4.656807,5.076324,0.420312,-8.224118,-17.136934,-25.000541,-31.966612,-35.060423,-28.87651,-13.054198,3.328813,8.573166,0.283216,-11.731283,-15.732582,-9.591232,-0.226406,7.046266,14.829998,27.635145,42.181654,47.708583,37.059039,15.345221,-4.192625,-12.081055,-8.913249,-0.985602,6.940562,12.878881,14.147134,6.933015,-8.930471,-26.634844,-36.491538,-34.083989,-23.692975,-13.669441,-9.300993,-10.071187,-11.969221,-10.825382,-4.356424,6.29907,15.837684,17.444958,8.859275,-3.885009,-10.73832,-7.045277,2.128108,8.314123,9.572525,12.033133,21.030916,32.916439,38.085307,31.717167,18.866648,7.685308,-0.307087,-10.328318,-24.868112,-37.34786,-37.893357
-4.84128,-6.920777,-12.132377,-19.906845,-23.218793,-14.990078,1.196368,10.812379,3.075788,-14.858956,-23.069542,-10.566773,11.197467,20.618592,10.988102,-1.703643,1.501357,18.814954,29.325795,18.467084,-3.838156,-14.700414,-5.13092,10.703854,14.257616,5.022521,-1.043554,6.562604,19.392357,21.369433,9.022877,-5.40652,-10.325892,-7.930162,-7.595892,-10.49622,-7.71377,5.324723,18.456853,16.156468,-3.944486,-26.889157,-36.404326,-31.759923,-25.791884,-28.196192,-35.055024,-35.424629,-24.246018,-5.813318,13.069289,28.761439,39.407471,42.742391,38.996288,33.850527,33.605278,36.410177,32.348603,15.478471,-6.443603,-18.830923,-17.229589,-12.870878,-18.1583,-29.729419,-31.742081,-16.839401,1.756983,4.138532,-12.012703,-26.855947,-20.316584,5.218898,28.044393,31.185344,18.33575,5.05391,-0.455313,-2.820605,-8.119543,-14.082237,-14.664715,-9.781336,-4.603636,0.078886,10.38734,28.701658,44.470717,42.063753,18.771146,-9.700122,-24.891039,-24.21537,-20.180689,-22.588178,-27.315505,-25.043039,-15.912168,-8.946908,-7.597187,-3.344207,11.497931,28.797493,30.378552,10.547333,-13.361625,-18.676709,-3.488733,11.474603,8.600379,-5.002764,-7.328082,9.569405,28.24673,26.782238,5.793471,-12.048907,-8.819974,9.071796,21.392898,19.134446,12.010791,11.27649,12.929727,4.008145,-17.377967,-36.119918,-37.122172,-23.497711,-12.437173,-14.0901,-20.24523,-16.327845,-0.464055,14.39415,16.49057,8.079011,-0.144392,-3.397712,-6.30119,-12.387902,-16.001237,-9.053969,6.167896,16.454092,12.208377,-0.369689,-5.329146,4.895995,20.411393,24.567139,12.251987,-4.515378,-8.973635,4.129274,24.758599,37.847846,35.635478,21.180923,3.027035,-11.636945,-19.762437,-21.398858,-17.877369,-11.121738,-3.882997,0.27377,-1.813195,-10.674376,-22.754142,-31.82507,-33.044495,-26.31972,-15.694346,-5.478986
-10.91048,-5.095547,5.244996,5.004699,-10.731849,-29.442577,-33.206006,-17.130823,5.948901,18.821139,15.846551,5.065366,-2.962275,-5.268172,-5.632906,-7.210901,-8.945726,-8.545861,-5.975362,-2.651187,1.030999,5.15833,7.753857,5.346621,-2.45723,-10.267433,-10.961263,-2.931443,7.893984,13.957449,13.203233,9.60277,7.59953,7.908484,9.071558,11.055559,15.0763,20.031196,21.328301,14.884111,1.843889,-11.851999,-20.59807,-22.948065,-20.566762,-15.296579,-8.827062,-4.315225,-5.534408,-12.725016,-20.368183,-21.346352,-14.081705,-4.352244,1.089841,2.101185,4.944525,14.246307,26.368394,31.94332,24.929385,8.562799,-7.472271,-15.02637,-12.925244,-6.244232,-1.664243,-2.817332,-7.894192,-10.634441,-5.120806,8.001887,19.679016,19.069391,4.470426,-12.412923,-15.492332,0.275382,22.486395,31.849388,20.37158,-0.870928,-12.424414,-5.031988,12.149001,20.97318,11.21655,-11.205494,-30.854761,-36.177018,-27.360925,-13.781471,-5.734349,-7.824602,-17.339872,-26.550855,-26.972912,-14.325109,7.778362,28.596234,36.907249,29.698772,15.295339,6.620827,9.47438,16.997449,16.930401,5.409808,-7.216564,-6.393497,9.7986,25.328952,20.619645,-6.35392,-34.820894,-39.710582,-16.539518,13.144689,22.412071,4.896404,-20.620062,-30.918996,-21.57303,-8.37136,-7.325125,-16.577545,-19.714305,-5.179692,20.589662,39.966817,41.829554,30.605163,18.817626,13.651981,12.298388,8.664602,1.494862,-5.281807,-8.50349,-9.779716,-13.136771,-19.927122,-27.10936,-30.356807,-28.144122,-22.628301,-16.954658,-12.014609,-5.814547,3.93607,16.387601,26.77271,29.780795,24.47775,15.82149,10.543072,11.071199,13.796499,13.503178,8.813263,2.462423,-3.142826,-8.582441,-14.49642,-17.637009,-13.047477,-1.552789,7.132212,2.400155,-14.824309,-29.695682,-26.330738,-3.877896,21.457994,31.334779,21.816953
-12.498741,-9.136093,-4.917635,-5.280169,-9.406734,-10.881849,-5.163338,5.096661,13.091592,15.31498,14.510944,15.13608,17.397632,17.088511,10.99796,1.189141,-6.679603,-8.739513,-6.108887,-3.114238,-2.955353,-4.940263,-5.259309,-0.470016,8.724069,16.395099,15.03048,2.278731,-15.032165,-24.923304,-20.406711,-6.312506,4.965688,5.430915,-1.185374,-4.705392,-0.422689,6.015284,6.254683,-0.011134,-4.429376,-0.483896,7.736949,9.71732,1.279534,-9.318075,-9.96864,1.230605,12.635136,10.880525,-4.693284,-20.619034,-22.39874,-8.411213,9.16468,16.250278,9.095619,-4.256432,-12.665763,-11.190251,-3.086373,5.063465,9.006094,8.550193,5.736071,2.715377,1.289099,3.143387,8.995949,16.885495,22.026403,19.89109,10.573306,-0.104332,-5.088936,-2.761546,1.010424,-1.565585,-12.006145,-23.286539,-26.459484,-19.590306,-9.553758,-4.741339,-6.622729,-9.272001,-6.991376,-1.186259,1.251238,-3.889116,-12.561685,-15.606664,-7.379096,8.733988,22.906638,26.737265,19.415318,7.595662,-0.207398,-0.091947,4.754686,7.514417,4.493951,-0.782081,-0.639208,8.536598,20.970187,25.493609,16.099786,-1.402493,-14.096384,-13.871907,-4.533237,2.96566,1.654769,-5.693339,-11.223885,-10.69911,-6.688741,-4.27344,-5.605852,-9.252714,-13.223625,-16.659524,-18.571829,-16.928276,-10.640995,-2.033244,4.299278,5.795213,4.315666,3.472701,4.210586,4.383509,2.889149,2.655655,7.838122,18.06141,26.970646,27.703807,19.579518,8.561796,1.176012,-1.121185,-1.319202,-2.005731,-2.88098,-3.16698,-4.485457,-9.164298,-15.577979,-17.317736,-9.331198,4.755769,13.254011,6.598421,-12.201148,-28.19483,-27.222179,-9.0977,11.878954,20.139707,13.045636,2.078017,0.090977,7.896963,14.045658,7.79349,-8.635009,-21.591594,-19.725021,-5.347018,8.328147,10.620502,3.069039,-4.12791
-8.842628,-0.821734,18.307282,25.955922,6.315186,-25.302064,-34.277756,-6.220609,31.895832,37.644004,-0.594867,-49.855736,-67.403476,-44.118686,-8.440758,9.129032,6.83764,5.001576,16.705425,33.892765,41.359389,35.432832,23.853022,12.676744,1.569635,-8.202094,-9.69843,0.232751,11.922422,11.355787,-1.598048,-10.544965,-2.845083,11.966648,11.681491,-10.410469,-34.471969,-36.391276,-16.757409,0.194259,-3.254341,-17.453456,-20.321158,-7.903416,0.152547,-11.977203,-31.922794,-31.009386,0.777753,40.285032,55.841958,41.435809,19.932473,13.815722,20.483474,20.34152,4.146941,-15.24045,-18.931782,-3.969309,14.357641,19.067104,6.130726,-15.737421,-33.992319,-38.975156,-27.024747,-3.195343,19.238128,27.364375,19.876765,7.525673,-0.103248,-5.739111,-17.914636,-34.307517,-38.741315,-19.91007,10.533255,26.62443,17.083173,-0.419776,0.134844,20.841838,35.995219,22.931459,-9.666735,-31.074361,-24.063986,-2.9723,6.76089,0.228052,-3.992658,8.719499,28.109498,31.528662,12.77109,-10.019405,-16.46662,-7.012052,1.206376,-2.522577,-11.257629,-13.271053,-8.832857,-8.033354,-14.651516,-19.826909,-14.226965,-1.169721,7.588444,7.04173,3.846051,4.968467,7.275267,3.424953,-4.652485,-5.28594,7.712956,24.595043,29.79232,20.819416,11.040271,11.808933,17.139104,11.649816,-7.832931,-25.31737,-23.600182,-5.520592,7.883591,0.484005,-21.733488,-38.188751,-35.25652,-17.428234,0.628523,8.093426,3.485891,-8.258275,-18.966323,-19.1548,-3.391835,22.528551,42.579201,43.494317,27.696742,10.702323,4.70799,7.207897,7.513642,1.600061,-4.099169,-3.60968,-0.804209,-3.864129,-12.821389,-18.323644,-14.214204,-6.630042,-6.208481,-13.281567,-16.65265,-8.770564,2.947886,5.232042,-2.159498,-3.351461,14.234753,40.96302,51.400985,30.906246,-7.749951,-36.671929,-39.621631,-23.917581
-2.999847,-8.656729,-13.930393,-11.30921,1.499422,16.851489,22.787831,14.24346,-1.784241,-12.626685,-11.253012,-1.406965,7.200102,7.670352,0.754207,-6.761599,-7.491922,0.886096,12.8549,18.034759,9.878172,-6.403172,-16.031485,-8.241161,11.072003,22.688965,13.004032,-10.500941,-25.345861,-16.996898,5.825384,20.607018,14.81628,-2.462464,-12.929314,-9.671419,-2.218673,-2.514105,-10.731526,-17.494301,-16.949621,-12.546112,-9.310297,-5.344092,4.552688,18.332849,25.377497,18.610086,5.019395,-0.517182,7.566634,18.185409,16.120442,0.094757,-15.23553,-15.870183,-4.00528,5.319022,1.598973,-10.2082,-16.515347,-10.056538,3.9954,15.159576,17.679224,13.058924,5.728093,-1.068436,-5.972694,-9.164297,-12.384935,-17.32505,-22.149108,-20.870507,-9.08803,8.929102,21.367999,19.694014,8.103956,-0.004688,4.105199,15.478364,21.316871,14.664925,0.496797,-11.175453,-15.36716,-13.92951,-9.876511,-3.878928,2.883166,5.899271,1.035645,-9.140917,-15.919877,-13.203218,-4.348787,1.739458,0.8507,-2.481529,-1.726704,3.193979,6.526153,4.924921,2.120007,4.062521,11.266749,18.175575,19.570026,15.252612,7.994509,-0.38677,-8.471355,-12.387035,-7.867941,2.840335,9.011761,0.826593,-18.291789,-31.845262,-25.831194,-3.806211,15.886866,18.486516,6.667552,-4.776198,-5.863424,-0.171578,2.832218,0.232027,-2.546623,-0.846907,2.492483,1.368011,-4.954091,-10.580122,-10.336265,-5.606765,-1.310182,1.092873,4.754336,11.50187,17.476079,16.877998,9.319329,1.20965,-0.879548,3.094788,7.552657,7.815008,4.055097,-1.015703,-6.153775,-11.618571,-16.11522,-16.093351,-9.360515,1.378679,9.895654,11.638687,7.216646,0.97143,-3.040219,-3.533732,-1.784026,-0.347655,-1.812231,-7.176841,-14.255534,-18.176827,-14.902582,-5.022147,6.252022,13.308879,14.34731,11.49652
-11.481539,-18.202178,-12.326558,3.656345,18.832629,22.256575,11.57621,-5.327658,-16.894839,-16.980627,-9.034424,-2.383915,-4.223073,-13.973431,-24.125697,-26.221939,-17.00735,-0.44161,15.152338,22.291241,18.581826,7.967433,-1.376896,-1.585043,9.859578,27.362958,39.240667,34.596917,11.347795,-20.52266,-44.157553,-47.022298,-30.134726,-7.647543,3.895275,-1.315057,-13.602643,-15.987057,0.887712,29.502603,50.233582,46.912015,20.518463,-10.627313,-24.794822,-13.652783,11.800974,30.862152,29.976426,12.712041,-5.022551,-9.661053,-1.545115,6.38031,0.988798,-18.79,-40.636933,-49.303089,-39.515868,-20.18194,-6.562541,-7.421541,-18.06745,-24.76789,-16.352439,6.732292,32.849528,47.919607,45.048631,27.951537,6.851759,-8.716739,-14.602473,-12.002921,-4.641904,3.609099,9.350141,9.683709,3.227667,-8.121946,-18.683272,-21.354695,-12.051523,6.826086,26.808561,37.960227,34.88737,20.193877,3.026541,-6.463623,-3.325704,9.1366,21.348624,23.333576,10.926566,-11.523275,-33.742848,-45.827306,-44.101364,-32.592492,-19.229232,-9.787192,-4.330462,1.150711,9.579827,18.877542,23.055877,17.623805,4.496885,-8.340577,-12.697419,-6.769478,3.334311,8.687115,4.937305,-4.480929,-12.079218,-13.393157,-10.689594,-9.770144,-13.036495,-15.88917,-10.667516,4.978813,23.363901,31.29855,21.226731,-0.464919,-16.143958,-9.910104,19.028601,53.747667,70.737936,56.675578,18.028839,-23.679311,-46.918924,-43.917676,-23.488158,-2.424489,6.606798,1.628486,-10.716572,-21.87486,-26.514692,-23.271152,-13.035262,1.898225,17.104095,26.037696,22.915446,7.260489,-13.915956,-29.263568,-30.103189,-16.111354,4.815434,22.294131,30.035135,28.240679,20.840248,11.045807,-0.487635,-13.857197,-27.232872,-36.659409,-38.713293,-33.140645,-22.564387,-9.570309,5.493985,23.233196,41.500759,53.560686,51.328481,32.042457
7.751139,16.226146,19.949895,17.502398,11.227768,4.960468,1.289146,0.280806,-0.097595,-2.601196,-8.984707,-18.40963,-26.91205,-28.996102,-21.135933,-4.930228,12.909747,24.356427,24.948612,15.956836,2.51551,-9.970456,-17.912196,-19.451311,-14.238041,-4.452155,4.629821,7.177927,1.714059,-6.426734,-8.864623,-1.656391,10.789594,19.657997,19.612032,12.512095,3.805951,-3.215312,-8.409916,-11.069317,-8.087451,2.012413,14.012826,17.992454,8.711448,-7.344985,-16.392318,-10.209677,5.698713,17.535428,16.647877,6.93164,-0.854788,-0.781072,3.066996,2.153016,-7.350663,-21.069987,-30.406504,-28.803792,-15.438112,4.295485,20.575496,23.614351,10.324923,-11.31919,-25.983301,-22.278532,-2.612492,18.160606,25.052533,15.097066,-1.716642,-12.630691,-12.901875,-7.486844,-3.929551,-4.767771,-6.420635,-4.022981,3.541499,12.925504,19.6104,21.567226,20.089881,17.571871,14.797536,10.640915,4.418221,-2.095522,-5.981137,-6.730946,-7.320892,-10.319301,-13.27427,-10.288626,0.062159,9.717635,7.524614,-7.536987,-21.6977,-18.899198,0.79239,18.030079,12.83709,-13.431251,-37.483703,-37.18102,-13.93856,9.821497,14.690103,2.777752,-8.47316,-7.345738,1.507337,6.953977,6.58557,7.785328,15.323048,23.40498,22.852228,13.329046,4.158845,2.978156,7.53242,10.850454,11.364015,13.148721,16.21362,12.124684,-5.961869,-30.479243,-42.456145,-30.586071,-5.031001,11.588165,7.14123,-8.89304,-17.98897,-12.896491,-2.24543,3.189812,3.202229,4.560314,8.68018,8.909388,1.079102,-8.24606,-8.656592,0.319628,7.391972,3.440819,-6.302981,-8.236846,2.24041,14.065325,13.612725,1.381586,-8.813024,-7.104368,0.635243,1.249898,-8.178825,-16.294748,-11.855867,2.118221,12.35753,11.78479,7.049642,8.163185,14.826649,17.785519,12.826705,7.649337,11.252506,19.625308
11.450972,21.530606,28.406148,29.180822,23.330909,12.839226,1.175784,-8.22718,-13.236746,-13.547134,-10.441768,-6.059579,-2.511517,-1.130913,-2.060798,-4.309739,-6.287133,-6.629729,-4.939854,-2.03262,0.47926,1.051218,-0.9723,-5.046743,-9.75227,-13.476783,-15.009141,-13.769578,-9.75277,-3.465231,3.982645,10.799531,14.820626,14.376324,9.388599,1.940623,-4.336776,-6.027278,-1.93991,5.919671,13.22263,15.702201,11.66605,3.049772,-5.708566,-10.294573,-8.980886,-3.383559,2.877519,6.609987,6.901551,5.226302,3.918706,4.256233,5.572599,5.97418,4.014004,-0.006806,-4.113886,-6.056487,-4.984369,-2.164012,-0.199021,-1.288033,-5.710789,-11.541777,-15.737622,-15.859039,-11.362299,-3.77533,4.184395,9.917841,11.958285,10.305297,6.127507,1.13026,-3.113623,-5.678102,-6.522723,-6.365789,-6.190334,-6.575357,-7.231565,-7.098767,-5.043357,-0.747269,4.851028,9.969959,13.058222,13.791889,13.22821,12.927498,13.651696,14.644295,14.124444,10.706568,4.675496,-1.945198,-6.721659,-8.605913,-8.784948,-9.775342,-13.284938,-18.427827,-21.804215,-19.678677,-10.879826,1.688557,12.246003,15.511692,10.102552,-0.387985,-9.494759,-11.87459,-6.56794,2.623904,9.836955,11.024586,6.38192,-0.223771,-4.225169,-3.508807,0.461351,4.184765,5.010655,3.147119,1.328726,2.47932,7.192373,12.943451,15.630913,12.328397,3.290177,-8.148292,-17.594948,-22.061319,-21.215759,-16.812375,-11.033542,-5.138816,0.657301,6.284537,10.938653,13.162616,11.902756,7.621159,2.399159,-1.242832,-1.989821,-0.536994,1.170499,1.743665,1.746494,3.400757,8.570843,16.444903,22.834282,22.072288,10.655648,-9.683988,-31.75055,-46.10588,-46.093195,-31.668448,-9.598147,10.236555,20.253666,19.026823,11.291677,4.260085,2.733886,6.210141,9.786767,8.128603,-0.279863,-11.548422
-10.934098,7.284585,29.963366,35.621369,20.367486,2.967285,2.17127,13.708095,15.852209,-2.612621,-26.463374,-30.380039,-8.406139,18.721337,27.07887,16.262951,8.829043,24.13097,56.155682,78.066056,66.404726,20.218974,-39.903431,-87.342228,-105.029761,-92.254952,-61.967566,-31.516927,-11.880094,-2.478296,4.247556,13.231355,22.33047,26.919085,26.166917,22.430869,16.028004,4.931103,-8.940205,-17.29698,-14.257584,-6.561684,-8.717809,-24.225487,-35.681274,-20.724467,20.828207,61.533661,72.749808,53.918096,29.890448,19.820596,16.666823,2.495834,-22.28448,-36.474509,-27.008545,-9.299815,-7.504652,-17.82049,-6.880017,43.698973,99.482645,97.31254,14.80221,-93.004125,-139.284654,-90.306382,1.881737,54.406686,34.823251,-18.223328,-48.981843,-44.565287,-34.838048,-43.434305,-56.040297,-42.536253,0.424386,42.003479,52.548166,36.103431,21.41701,26.140335,39.44128,41.046239,28.733813,19.479016,25.917583,40.186293,44.713796,33.999117,19.14686,11.052208,5.554225,-9.811042,-36.166137,-56.343828,-51.445645,-23.532835,1.678119,-2.178367,-35.218895,-68.218198,-68.862663,-33.644263,6.298622,14.054898,-15.338922,-46.506027,-36.815961,19.304539,80.405791,95.805489,54.764478,-3.392777,-28.786503,-8.406371,27.278085,41.259484,26.847015,6.05449,-1.507634,1.183524,0.147887,-7.122747,-9.528239,-0.894512,8.978066,7.153059,-3.749935,-8.185406,0.416331,8.353356,-1.699407,-26.378293,-42.234787,-32.681904,-7.967004,7.306545,3.28223,-6.365284,-5.946436,0.247077,-4.616139,-23.136862,-34.849712,-20.008063,13.069658,33.493891,22.224203,-5.65994,-18.088999,-1.863406,25.335247,38.65788,33.992288,26.646454,26.783443,26.107995,12.467573,-9.498822,-21.412505,-15.177148,-5.863723,-14.244169,-38.94738,-53.413659,-33.87316,13.179997,55.806917,68.154655,53.09203,32.358383,18.702752,3.536741
-4.715604,5.574968,10.98283,1.648888,-17.652235,-28.380616,-15.727279,14.613379,39.662363,40.770235,21.033047,-0.216037,-8.994667,-9.563964,-14.773797,-26.928966,-33.06194,-20.474821,6.3775,28.202705,29.918416,14.573375,-2.59844,-11.032402,-12.551255,-13.426415,-13.733358,-8.102375,4.662203,17.257968,21.104429,15.603777,7.556994,2.318707,-1.058448,-4.791203,-5.794473,1.69877,16.637373,27.912358,23.869338,4.735097,-16.761623,-27.818899,-27.001598,-22.45506,-20.79512,-20.709276,-17.650507,-11.585569,-7.101419,-6.452246,-5.632915,0.898558,12.906955,23.799955,27.302871,23.169265,15.995527,10.230481,7.825747,9.387295,14.45731,19.402226,17.350923,3.636063,-17.743189,-34.944881,-37.625751,-25.899845,-9.746223,-0.103405,-1.208283,-10.286486,-21.303328,-26.93169,-19.255184,6.019048,42.68022,73.147947,79.223352,56.795799,19.620695,-12.697711,-30.268768,-36.145333,-36.270098,-30.623491,-16.863035,-0.138538,6.443156,-5.428465,-27.623323,-40.525897,-31.386271,-6.59382,15.372434,21.953112,15.777169,7.191245,1.602618,-3.025827,-8.143865,-9.22746,-1.370008,11.803527,19.209362,14.173318,3.132706,-0.443755,9.019379,22.748022,27.609207,21.078646,13.483725,14.705367,21.143037,18.903377,0.270708,-25.45297,-39.819873,-33.704249,-16.086912,-3.790335,-4.161975,-9.927232,-10.570317,-5.476258,-3.161004,-8.741456,-16.355502,-16.597299,-9.394138,-4.920687,-9.917658,-16.441163,-9.167304,15.123526,39.444187,42.377036,21.738191,-1.624095,-6.22202,6.246525,13.658613,0.389274,-23.025888,-31.18093,-13.228861,14.30589,26.552071,18.342055,7.884086,12.503294,26.828366,30.264177,14.01641,-6.465304,-9.727328,4.88932,15.105626,1.542765,-29.254025,-51.957705,-50.713369,-34.803198,-24.489074,-25.972991,-25.911718,-10.322273,16.83236,37.682489,40.397804,30.067887,19.319221,13.272033
17.375703,16.849508,10.241416,5.797634,3.96404,-4.528455,-24.661117,-44.487098,-43.352681,-15.771319,16.939398,25.047188,1.780477,-27.728548,-32.310783,-7.857945,19.523331,23.698799,7.142086,-4.451038,6.186603,27.872075,35.262622,18.964094,-4.547715,-13.394816,-4.989534,4.333062,2.039297,-4.990788,-0.996551,16.126195,29.113698,20.341049,-6.764848,-29.346574,-28.430513,-8.071284,10.01587,9.165893,-6.954691,-20.939791,-20.443878,-8.723664,1.798472,3.146217,-2.342633,-7.764066,-10.121915,-11.733904,-14.543931,-15.570056,-9.630243,3.679026,17.338409,22.790171,18.811389,13.509096,16.126448,26.52707,33.855835,26.960023,6.382394,-14.897952,-23.461759,-18.012035,-9.418138,-8.483029,-14.810636,-18.569984,-12.481744,-0.233227,7.93647,6.992328,2.53024,3.661177,11.617528,17.469247,12.227598,-1.683993,-11.149314,-6.044786,8.27334,14.381036,0.693767,-24.29861,-38.222346,-27.485695,-3.114337,9.12783,-3.599798,-25.220058,-26.195421,3.722043,41.221327,51.772694,26.167918,-9.140559,-20.580607,-3.418723,15.710994,12.236504,-6.782908,-12.443106,8.643848,35.195001,34.834989,2.960931,-30.133713,-33.234166,-8.945328,11.957563,8.374723,-8.035967,-11.830402,1.130177,8.269548,-8.186322,-33.773214,-35.784465,-3.925646,32.612878,35.223256,-0.521277,-38.849898,-42.528931,-11.423999,21.937638,30.882003,20.48774,13.788838,20.313828,26.712498,17.56611,-3.257832,-17.57055,-15.336804,-4.91361,0.118543,-2.091776,-3.093204,0.474483,0.540273,-10.359827,-25.618803,-29.503643,-15.821339,3.553475,12.145705,8.133003,5.311988,14.451954,28.377295,29.669542,11.973636,-10.881019,-19.177986,-8.597784,5.666651,5.941996,-9.182896,-24.23272,-23.407209,-6.038815,13.848001,21.286749,13.085146,-1.220315,-8.878708,-4.520742,6.532506,13.791705,10.750532,0.04749,-9.530348,-11.263449
8.215936,5.074046,-1.2593,-6.919528,-7.944335,-2.610702,7.398673,17.652928,23.107889,20.617313,10.56403,-3.189721,-15.02625,-20.175855,-16.96942,-7.625425,2.884053,9.393427,9.242241,3.649862,-3.05838,-6.011152,-2.695714,5.516909,14.177731,18.430848,15.901463,7.995094,-1.182739,-7.530451,-9.471536,-8.64702,-8.399334,-11.170499,-16.644176,-21.898391,-23.418726,-19.551051,-11.719354,-3.630723,0.936035,0.27766,-4.458139,-10.158051,-13.497075,-12.376573,-6.338212,3.882003,16.939032,31.031329,43.690015,51.802682,52.39435,44.035944,28.049326,8.537695,-9.106272,-20.561642,-24.487433,-22.829582,-19.33031,-17.160072,-17.133616,-17.577858,-15.84978,-10.454711,-2.358014,5.372271,9.372077,8.087606,2.831119,-2.918776,-5.586993,-3.687947,1.238703,5.577456,5.949994,1.482491,-5.434818,-10.487113,-10.153222,-4.132625,4.13265,9.341079,7.584906,-1.039285,-12.200036,-19.772616,-19.512045,-11.643124,-0.679176,7.440948,9.039522,4.802428,-1.032808,-3.746112,-1.283151,4.676748,10.348073,12.821283,12.116902,10.792638,11.486835,14.39427,16.760252,14.94298,7.565828,-2.695194,-10.273478,-10.271045,-2.015553,9.950865,18.32138,17.410981,6.623151,-9.234432,-22.877876,-28.697151,-25.481158,-16.26864,-5.911411,1.699606,4.988707,4.271908,0.574963,-5.009137,-11.027217,-15.20304,-14.8863,-8.635569,2.133558,13.020679,18.733996,16.371737,7.643976,-1.801632,-5.856622,-2.035686,6.684732,13.711711,13.237781,4.203861,-8.932474,-19.145884,-21.407016,-15.661042,-6.250598,1.557528,5.219285,6.040083,7.143853,10.129961,13.259824,12.760149,6.294131,-4.196047,-12.76946,-13.097314,-3.031743,13.16539,26.754709,29.575978,18.995237,-0.464532,-19.802959,-30.705619,-29.884065,-20.068246,-7.480633,2.16917,6.522582,6.793586,5.863311,5.984094,7.648534,9.970531
-2.725704,-1.112208,2.876577,4.764413,1.554625,-4.482511,-7.799695,-5.459345,-0.287127,2.340209,0.381024,-2.966267,-3.223248,0.287931,3.77768,2.932478,-3.065772,-11.097738,-16.65889,-16.641595,-10.825635,-2.048107,5.204454,7.945157,7.550343,8.791491,14.543791,21.32594,21.672047,12.226574,-1.24085,-8.687781,-6.135138,0.267258,1.671623,-3.071026,-6.685016,-3.419422,2.903214,3.402113,-4.065584,-11.134499,-8.963606,0.092693,4.590912,-1.624739,-10.663559,-9.545689,3.182146,14.091893,10.293103,-4.500541,-13.434349,-6.259158,8.354188,13.184729,3.027057,-9.731993,-11.126086,-2.851306,1.049044,-6.375964,-14.711807,-9.058179,9.70206,23.517532,18.017014,0.588084,-7.297902,4.493287,21.838462,21.972713,-0.233722,-25.930414,-32.878564,-18.75161,-1.044627,4.197957,-1.08259,-2.992634,5.656958,17.28572,20.074031,12.376928,3.662561,2.660788,8.107637,11.951415,8.872019,0.325766,-9.192003,-16.277427,-18.349998,-12.932202,-1.073217,9.075895,6.623261,-10.65279,-30.334722,-34.671984,-18.085927,5.762178,16.540637,7.242999,-9.487856,-15.229229,-4.526575,11.306093,17.933773,13.086348,7.024934,9.715675,19.89039,27.184584,23.405086,10.313504,-3.016426,-8.785463,-6.06262,0.428204,5.144511,5.311637,1.472546,-3.861988,-7.992076,-9.511783,-8.941075,-8.062661,-8.423094,-10.289806,-12.809485,-14.759793,-14.969433,-12.516813,-7.389468,-1.246644,3.14912,4.195251,3.329622,3.989207,8.052488,13.41189,15.641123,12.333859,5.554744,-0.205664,-2.276013,-1.743919,-1.434993,-2.594867,-3.80747,-2.713429,1.736777,8.475266,14.875373,17.77119,14.805236,6.148082,-4.61975,-12.1712,-13.204148,-9.045656,-4.209118,-2.128211,-2.568342,-3.384268,-4.109463,-6.590045,-11.615296,-15.896782,-13.975539,-3.900314,9.5027,17.976175,16.896656,8.982507
13.032011,12.179314,3.955136,-5.153008,-9.44503,-8.599309,-5.866816,-3.386133,-0.628972,3.062268,6.273385,6.996563,5.625951,4.983287,6.783001,8.873981,7.086846,0.056167,-8.38191,-12.171527,-8.546947,-0.566659,5.680966,6.278742,2.195538,-2.544411,-4.914693,-5.128029,-5.252179,-6.139167,-6.228053,-3.645491,0.793888,3.482572,1.600147,-3.341456,-6.410796,-4.343968,0.674071,3.242216,0.975257,-2.386285,-1.021447,6.076666,13.402149,14.653744,9.324754,2.584683,-0.975162,-1.830395,-3.018155,-4.659012,-3.382355,2.201997,7.507651,5.891917,-3.237139,-12.232459,-12.740447,-4.831614,3.075064,3.735048,-1.023239,-3.248059,1.114132,7.313013,7.809026,1.690517,-4.062385,-3.016303,2.799348,5.10342,-0.761126,-9.808824,-12.350319,-4.544856,6.961264,11.276129,3.846904,-9.237532,-17.053402,-13.689449,-2.834739,6.562512,8.825148,6.06115,4.644806,7.502333,10.337812,6.258204,-5.52221,-16.444459,-15.686468,-1.40476,15.783424,22.008124,13.459501,-0.075749,-5.507959,0.286288,8.365758,8.491878,0.235672,-7.825217,-8.863005,-5.272197,-4.367196,-8.380718,-11.462004,-7.327854,2.085978,7.894137,4.266797,-4.636552,-9.035895,-4.227348,4.462313,7.647581,1.759105,-7.743774,-12.30739,-8.294231,0.770503,8.417668,10.577223,7.454336,1.990191,-2.455513,-3.59845,-0.969226,3.961079,8.585059,10.62346,9.145192,4.568781,-1.627134,-6.8297,-7.745544,-2.59044,6.194787,12.212791,9.95393,0.455107,-8.533209,-9.493125,-2.87862,2.780982,-0.504732,-11.366462,-19.620901,-16.285357,-2.967292,9.223642,10.344444,1.064627,-8.51578,-9.054688,-0.627346,8.441918,10.468994,5.512441,0.010703,-0.521096,3.359637,6.797166,6.360076,3.148515,0.529698,-0.051342,-0.174639,-1.702272,-4.035381,-4.812074,-2.976602,-0.240641,0.894852
-9.526189,-3.936313,6.603321,13.612181,11.512238,2.200722,-7.004843,-8.967389,-1.406232,11.424607,20.701589,18.74146,5.631954,-9.494962,-16.049545,-12.325279,-6.864868,-7.42411,-9.538328,-0.084855,25.145043,49.738847,47.861446,10.409919,-41.318179,-71.450542,-60.866083,-22.803371,12.176655,25.070536,21.931927,21.369134,32.445315,46.045514,45.715852,24.540171,-8.195541,-34.754176,-42.974937,-35.192664,-25.448658,-26.756504,-38.338024,-45.004232,-31.832026,-1.54202,24.309759,24.942875,2.241343,-19.240466,-16.308346,9.702196,35.733116,42.096424,31.287241,20.521589,19.491131,20.92382,13.507129,-1.544749,-11.848435,-10.034293,-2.543347,0.199288,-1.924464,0.316067,10.952635,21.380321,21.276434,13.53336,11.908238,22.380076,32.043013,21.869529,-10.177433,-43.721009,-56.150957,-45.744465,-31.490374,-30.848323,-41.581929,-47.113436,-36.652881,-16.074888,0.815319,7.600122,9.012084,11.323206,13.388537,9.520104,-0.473265,-7.821939,-3.909836,7.413542,9.787186,-8.817362,-36.698743,-39.251288,12.009807,103.945055,177.480971,170.421878,75.786471,-41.977111,-98.345815,-65.00706,4.975323,33.172574,-2.102949,-44.987366,-27.250305,50.157896,109.90504,76.583295,-42.268554,-158.897015,-187.969487,-122.15595,-27.395701,26.817355,24.957201,0.157631,-11.785449,-3.284729,12.683829,24.861956,30.6888,28.19764,12.654411,-15.286516,-43.530807,-55.717562,-43.891942,-12.438811,27.665742,63.898657,82.761239,73.393859,37.480328,-5.567224,-29.506515,-21.157925,10.600326,44.643479,63.009128,57.355329,29.402564,-5.476017,-18.884176,9.316467,58.635011,67.205151,-12.129349,-143.516538,-212.667032,-128.525974,69.021457,220.147355,187.492537,-6.468067,-195.435499,-230.00386,-116.395738,10.348851,39.370535,-10.661865,-41.389341,-4.155032,49.083881,43.538349,-19.29692,-64.50333,-37.520736,32.596961,75.063319,64.147227
-10.041738,-13.346662,-11.916305,-1.195161,15.301536,26.313053,23.088747,9.208289,-1.856891,-0.035347,11.371667,19.83085,16.740745,5.009247,-5.920695,-9.995063,-8.020986,-3.229072,2.958877,9.503826,12.779308,8.632797,-1.842327,-10.902212,-10.757789,-1.547515,8.472076,10.781888,3.684939,-8.296847,-19.980869,-28.58169,-32.169878,-28.403354,-17.17771,-3.664523,4.154264,2.734446,-2.864617,-3.53802,4.634522,16.153861,21.326189,15.497644,3.256104,-5.709496,-4.486406,6.307351,19.852284,28.472247,28.672752,22.402882,13.943977,5.391319,-4.63767,-17.268851,-28.603498,-30.367656,-17.273987,5.834792,25.499815,29.840632,17.890762,-0.969117,-16.11792,-23.555256,-25.601266,-25.265853,-22.78112,-17.047534,-8.263054,1.895615,11.406719,17.770093,17.632491,9.096349,-4.487023,-14.788764,-15.009922,-6.397842,3.307168,8.446875,10.741735,14.592316,18.80377,16.666196,5.598088,-6.302844,-7.356813,3.700103,14.241328,10.942115,-4.908846,-18.454613,-18.01345,-7.729394,-1.258415,-4.810405,-10.471568,-7.261029,4.73439,14.726678,14.638722,8.091082,4.413593,6.70964,9.469424,7.360033,2.219103,-0.841002,-1.519847,-4.457464,-11.262327,-16.421321,-13.952562,-6.176513,-1.936669,-5.470289,-10.443755,-7.765694,2.348129,9.873315,7.258739,-1.047821,-4.169735,1.51176,7.928105,5.575542,-4.738908,-13.147115,-12.4774,-5.328705,1.272367,4.871944,8.12991,11.899421,12.393709,7.31369,1.728899,3.486718,12.43379,18.073677,11.089342,-4.016106,-11.373616,-0.392214,21.616088,35.2388,27.116609,1.424039,-25.685608,-40.620615,-40.916994,-32.467296,-22.0772,-13.327641,-6.857766,-1.906824,2.375556,5.510871,5.348793,0.638204,-5.448027,-6.163102,2.207718,14.791747,21.529097,17.501628,8.571246,4.807282,8.713853,12.38766,7.444765,-4.199869,-12.019967,-9.114344
1.495122,-2.159012,-5.059436,-5.495684,-3.04594,1.185339,5.20155,7.185701,6.375642,3.315751,-0.531247,-3.507895,-4.447274,-3.077576,-0.072546,3.228601,5.362111,5.394963,3.430577,0.654147,-1.235451,-1.003997,1.275802,4.10463,5.358448,3.594031,-0.975107,-6.525268,-10.714164,-12.085737,-10.788155,-8.079796,-5.017767,-1.407349,4.028913,12.219563,22.080067,30.039467,31.493565,23.544564,7.29087,-12.023937,-27.411513,-33.78763,-30.621801,-21.881029,-13.295004,-8.739864,-8.115625,-8.053837,-4.84001,2.575316,11.617818,17.839131,18.101328,12.911129,6.230818,2.877322,5.305185,11.97216,18.354792,19.848633,14.553763,4.143386,-7.567056,-17.149841,-23.366039,-27.114753,-29.848376,-31.859009,-31.8083,-27.817163,-19.197136,-7.423674,4.449068,13.542956,18.819357,21.470821,23.797455,27.400225,31.956777,35.367953,35.081019,29.642841,19.511554,6.779632,-5.802519,-15.805095,-21.652827,-22.749867,-19.485506,-13.253223,-6.282082,-0.987685,1.10755,0.30728,-1.251317,-0.842956,2.920026,8.745445,13.022183,11.96033,4.289177,-7.312822,-17.242957,-20.073145,-13.879262,-1.650531,10.226046,15.534318,11.64049,0.666194,-12.148426,-21.628463,-25.24673,-23.597997,-18.89104,-12.969747,-6.495072,0.255605,6.011726,8.182553,4.359439,-5.233518,-16.363061,-22.104097,-16.637818,0.681205,23.834784,42.689175,48.430653,38.659496,18.883668,-0.669362,-11.003906,-9.343438,-0.064654,8.829729,11.18947,6.455902,-0.699003,-4.311303,-1.694995,4.612461,8.82348,6.281872,-2.927531,-13.717965,-19.270736,-15.553125,-3.986081,9.486445,18.172273,18.618451,12.196634,3.473104,-3.212292,-6.442832,-7.925714,-10.358667,-14.794787,-19.565634,-21.528639,-18.612383,-11.67476,-4.230049,-0.190857,-1.219796,-5.555942,-9.123568,-8.147799,-1.523107,8.555557,17.953596,22.9181,21.862597
14.290987,3.740649,-10.714095,-17.87971,-13.880599,-4.466826,2.869772,6.436747,8.410734,7.409871,-2.589777,-23.33606,-44.252317,-47.988408,-27.101428,5.620675,26.480557,22.420246,3.034423,-9.689589,-3.321095,14.071962,24.383636,18.868489,5.60924,-1.502429,1.421263,5.36243,0.70079,-9.881456,-12.634266,2.857998,31.129868,53.157424,51.658934,25.32707,-10.233057,-34.63294,-37.057534,-21.8829,-2.990456,7.216658,5.638487,-1.55749,-5.550209,-2.571284,3.125777,3.295271,-6.462847,-21.739712,-32.051092,-29.506086,-15.850523,-1.224143,4.475419,-0.38896,-9.114015,-13.804455,-12.073734,-7.067674,-2.398002,1.376185,5.287098,8.905266,10.653072,10.972491,13.018183,18.513692,23.788666,22.529027,13.810939,5.794969,8.51805,21.959483,33.17036,27.971439,6.226703,-16.092866,-21.785697,-9.504461,4.905118,4.524864,-11.608472,-27.794419,-27.427167,-9.118303,12.072191,18.270415,3.952861,-20.262023,-36.95722,-35.691931,-20.354906,-4.944208,-1.319893,-8.804377,-14.871198,-7.338493,12.608751,29.759047,28.748647,9.423336,-12.316802,-19.762397,-11.021012,1.315977,5.221665,1.641132,0.841315,8.465657,18.623452,21.83019,17.156045,13.184218,16.680709,23.176454,21.260048,5.765644,-15.317245,-27.679647,-23.331951,-6.208166,12.738792,23.839191,23.087753,12.180288,-2.854397,-14.111852,-16.465099,-11.791158,-7.498085,-9.121873,-14.650825,-17.623459,-15.576187,-13.026557,-14.704843,-17.92778,-15.210679,-4.971634,3.876773,1.446071,-9.861558,-15.626943,-5.148735,15.262703,28.121646,23.956421,11.490789,6.83793,14.894315,25.090539,25.47177,16.737697,9.200087,8.083918,7.043777,-1.927563,-15.953128,-23.235083,-17.367074,-5.386642,0.990314,-0.464666,-1.374875,4.103909,9.677116,4.322118,-12.194481,-26.085804,-24.184068,-9.289764,2.703917,0.953885,-8.423501,-10.556451
-2.985284,1.108428,6.150484,9.06092,8.470152,5.85745,4.421267,6.470308,11.351494,15.604631,15.353894,9.194815,-0.611331,-9.582158,-14.04762,-13.511547,-10.603065,-8.738185,-9.364287,-10.943759,-10.432824,-6.031989,1.017933,7.061081,8.623364,4.971207,-1.353142,-6.42318,-7.765066,-5.954633,-3.806293,-3.897194,-6.451208,-9.252979,-9.583703,-6.535483,-1.788722,1.766881,2.39268,0.852395,-0.392206,0.532977,3.114863,4.770162,3.159868,-1.374977,-5.420544,-4.784395,2.078744,12.188795,19.444321,18.63163,9.281585,-3.495789,-12.019904,-10.954031,-0.756779,12.713063,22.114726,23.286469,17.444764,9.592192,4.55322,3.649356,4.347457,2.869576,-2.446213,-9.668846,-14.734704,-14.597908,-9.575903,-3.104992,0.832665,0.576541,-2.240152,-4.280083,-3.335175,-0.167331,2.066894,0.354754,-5.616564,-12.833487,-16.764935,-14.340189,-6.028993,4.349507,11.862466,13.199479,8.210397,-0.475587,-9.178023,-14.985512,-16.684085,-14.639776,-10.151724,-4.860382,-0.39347,1.944667,1.613344,-0.76783,-3.493192,-4.558049,-2.847592,1.044086,5.048145,6.915204,5.775562,2.871696,0.861097,2.068214,6.838806,13.141861,17.750044,18.264728,14.671543,9.41009,5.903319,6.467718,10.888067,16.496,19.666634,17.832137,10.869021,1.128636,-7.842308,-13.148614,-13.953646,-11.70801,-9.106941,-8.38036,-9.910693,-12.027334,-12.169408,-8.764785,-2.640023,3.056234,4.567209,-0.056696,-9.372676,-18.948451,-23.706188,-20.865377,-11.645771,-0.600869,7.043401,8.369848,4.202078,-1.81958,-5.745704,-5.649174,-2.301392,1.993174,5.277685,7.050957,7.917987,8.368942,7.96511,5.768312,1.658569,-2.734901,-4.586631,-1.803644,5.057584,12.531064,16.183144,13.602103,6.300085,-1.017733,-3.524441,0.36997,7.763183,13.084108,11.790603,3.384904,-8.32279,-17.795657
-3.727139,-38.475692,-48.221283,-27.857081,1.280649,19.342717,26.074615,30.639304,33.467056,26.789075,10.206815,-4.065229,-5.335644,1.718226,2.75894,-9.36073,-29.248057,-48.88511,-64.108592,-67.32049,-42.46066,19.93681,100.603734,155.137215,150.058416,94.767918,31.644761,-5.058426,-13.83244,-10.491536,-2.509776,8.295576,4.77444,-39.80556,-120.588702,-179.309718,-151.330305,-44.693228,46.489775,32.258699,-68.002908,-131.616997,-59.972145,107.637381,225.631268,191.004792,46.450798,-73.898475,-88.410979,-37.406453,-10.519928,-32.46696,-45.691876,0.444537,74.662966,98.003888,41.506888,-35.731624,-53.902572,-1.829904,56.803434,60.877609,16.794754,-20.388293,-16.40277,8.427166,13.427138,-10.815976,-35.63999,-32.581298,-5.798668,16.279882,13.611754,-6.754239,-20.722202,-10.384703,20.446964,47.400321,42.793551,0.923653,-48.179265,-57.459504,-8.074652,61.238467,80.714923,16.620651,-88.956844,-153.877816,-134.566854,-63.632994,-6.872719,7.999674,8.589492,27.663827,54.789714,52.401086,12.983833,-20.614418,-2.63499,58.066549,103.968424,93.59719,46.915372,17.408787,27.147795,43.889941,23.97081,-35.312157,-95.32779,-120.096224,-106.356976,-69.976006,-19.99273,39.26729,87.527441,92.132202,44.565617,-16.230359,-34.610575,3.198312,51.695607,55.477962,10.245964,-36.121501,-42.237815,-19.408902,-10.695785,-32.72029,-54.935689,-40.904123,3.430074,36.726233,33.977597,14.658557,10.900325,19.250804,2.895274,-54.507107,-113.560567,-115.263976,-51.789568,15.485478,21.314696,-25.351927,-44.37578,26.6358,153.881415,230.399338,181.397946,40.78321,-82.209221,-109.113732,-58.810496,-10.549936,-12.721939,-38.823391,-31.257827,25.240893,84.931948,92.989824,44.616463,-13.842302,-36.978624,-23.762233,-7.911147,-14.419301,-34.824402,-44.073944,-31.9508,-11.523929,-0.920633,-5.297783,-17.898084,-30.70867,-37.165158,-28.375725
15.83968,22.789255,26.365572,30.784484,34.406305,29.850255,13.103297,-8.869772,-21.607297,-15.279097,6.221632,27.704771,34.130588,21.375766,-1.505223,-19.311967,-21.688635,-10.339591,3.128061,7.585997,2.114314,-4.690469,-5.799482,-5.073363,-12.825029,-31.033476,-45.906625,-39.805006,-12.057078,15.437613,17.768484,-7.039676,-34.455728,-37.987642,-16.014034,8.388012,13.911052,3.601327,-1.404066,11.770168,32.735469,41.137549,31.451943,19.504398,23.28874,41.040663,52.261925,40.333745,10.868519,-14.240278,-19.359973,-9.292256,-1.401863,-6.639599,-20.262763,-29.691763,-28.191018,-19.699296,-12.640726,-12.097426,-18.084408,-28.15943,-38.549928,-43.190396,-35.439394,-14.153439,11.987068,29.094583,29.56852,19.048672,10.430607,10.494112,13.910306,11.808098,4.925549,4.737525,19.38614,40.43885,48.077974,31.883529,4.432591,-9.713205,0.151706,18.470634,19.419383,-5.477553,-38.663517,-56.12947,-52.328686,-42.046969,-38.773626,-37.056792,-20.716293,13.411565,46.052895,53.317793,31.898684,2.779006,-10.292608,-2.799609,11.269244,18.382218,18.741078,20.34282,24.736614,23.365864,7.884748,-19.207928,-45.529113,-58.454082,-52.834332,-32.332985,-7.469582,8.020925,4.820344,-12.621156,-25.503665,-15.43231,16.505097,47.610092,54.799137,38.535304,22.342327,26.592021,45.268944,52.285828,30.415337,-9.862866,-41.850083,-49.578962,-39.684371,-28.261329,-22.109689,-16.331718,-6.582993,3.090815,6.294151,3.302747,-0.532899,-3.769345,-10.847247,-23.198909,-32.486052,-27.523091,-7.703496,14.480848,26.041456,25.94166,22.555954,21.096785,18.327419,10.437783,1.175914,-2.409413,-0.509034,-1.071429,-7.886447,-12.911746,-5.77271,10.375273,18.851679,8.507751,-11.215256,-19.817264,-9.680717,5.554577,9.435668,4.414363,7.914567,26.738245,43.30928,33.919695,-1.811334,-37.285016,-47.274028,-34.524858
5.480339,5.8025,6.528321,7.141273,4.283024,-3.456199,-11.703983,-12.469573,-1.359278,16.851262,30.400273,29.629493,15.236801,-2.000923,-10.246574,-6.431847,2.047975,5.305474,1.034686,-3.040332,3.000944,20.375413,38.208446,41.653173,24.834883,-2.962541,-23.844088,-25.346957,-10.041246,7.372267,12.601077,2.929757,-12.219626,-20.851821,-18.911156,-12.540439,-10.986266,-17.473824,-26.523869,-29.577651,-23.049132,-11.216143,-1.776421,1.157911,-0.044428,0.072186,4.292238,10.323725,13.614204,11.986058,7.277329,2.71602,-0.682865,-4.585913,-10.202619,-15.223858,-14.727354,-5.832131,8.363339,19.922025,22.002289,14.537892,4.478444,0.209273,5.019791,15.216174,24.063476,27.490519,26.362743,23.931138,21.799441,18.717538,13.01165,5.387855,-1.435594,-6.023081,-10.494883,-18.461881,-30.011597,-39.086691,-37.211437,-21.42779,0.735158,14.958878,10.727979,-9.798162,-32.716372,-43.043646,-36.321451,-21.168214,-10.620026,-10.112894,-13.011407,-7.711382,10.30789,32.769128,44.808713,37.786906,17.227383,-1.312577,-4.86934,6.823252,22.23986,28.498729,21.673509,8.222205,-2.567571,-7.14769,-9.238433,-13.746114,-20.022819,-21.735267,-13.645473,1.636296,14.201827,14.988392,4.221154,-7.944753,-9.753913,1.944405,18.623772,26.916802,19.474595,0.674533,-17.211076,-23.544253,-16.436985,-2.351991,10.047048,15.77682,14.803353,9.433493,1.733915,-6.537679,-12.735109,-13.729771,-8.561606,-0.589021,4.040051,1.283111,-6.804831,-13.257214,-12.249748,-4.732293,1.925846,0.594302,-8.444455,-16.647186,-14.122217,1.398282,21.468967,32.748272,27.004097,7.018625,-16.152159,-31.615068,-35.42332,-30.737413,-22.808153,-14.413727,-5.69266,2.942564,9.286935,11.57585,11.913674,16.152944,28.764179,46.919488,60.091945,57.134668,35.648267,5.36902,-18.171401,-24.977692,-17.454555,-7.006052
12.47289,23.837648,18.939895,-2.047712,-22.78581,-26.842991,-13.855498,1.82901,7.355269,3.534493,0.449759,3.832014,8.898329,7.55763,-1.253826,-10.536588,-13.470032,-10.265612,-6.202077,-4.695699,-4.254061,-2.070039,1.31882,2.395895,-0.631464,-4.779626,-4.849219,0.854797,7.741178,8.496009,0.161223,-11.995713,-18.214091,-12.895408,-0.026327,10.592876,13.247552,12.187026,16.643556,29.679042,42.978362,43.917763,27.854617,2.700855,-18.591478,-28.942408,-30.308008,-28.029984,-24.835429,-20.820048,-16.556211,-13.26002,-10.18721,-4.837189,2.607807,6.978638,3.261822,-5.855999,-10.609469,-4.550075,7.116028,12.652752,7.695446,1.111756,4.586067,17.841838,27.844288,23.745168,9.710048,-0.051858,2.070975,9.135837,9.502056,1.312743,-6.669144,-7.959498,-7.370927,-14.027017,-27.499432,-35.591311,-27.760573,-8.322263,6.607415,5.173869,-9.072474,-21.990758,-22.411243,-9.877041,8.360011,24.185744,32.298713,31.238103,24.625226,20.632488,26.076909,38.504302,45.716106,36.251545,11.20554,-15.828546,-31.457724,-34.16407,-32.598193,-33.810597,-35.698167,-31.474207,-19.223698,-4.880411,3.586944,2.867102,-4.767096,-14.543345,-21.337139,-20.533703,-10.487829,4.421289,15.38074,16.540595,10.890101,6.904841,8.879671,12.484401,11.35,6.511901,6.369526,16.659638,32.854312,44.421576,45.277581,37.437936,24.855963,7.816456,-13.525104,-32.386977,-37.855567,-27.038104,-11.983266,-9.796926,-24.631708,-42.204345,-44.444612,-28.358598,-7.968776,1.932937,0.647617,-1.34706,2.677512,7.935998,5.991083,-3.080678,-9.684305,-5.423312,7.845193,20.504265,24.828843,20.789034,13.952044,10.41824,13.74532,23.399733,33.388245,33.75917,17.620443,-10.871346,-36.835039,-45.738557,-35.338777,-16.263311,-1.038636,6.138448,8.761767,10.038259,8.839872,3.690252,-2.54349,-4.876243
-3.762745,-3.166503,-3.554193,-7.327611,-12.043074,-12.254954,-5.388533,4.987433,12.264553,12.865789,8.809158,4.59385,2.493374,1.388061,-0.432437,-2.530857,-2.946183,-1.07586,0.904392,-0.100241,-4.945007,-11.111638,-14.679653,-13.400244,-8.10718,-1.606361,3.499541,6.081365,6.258153,4.635882,2.099125,0.066601,0.208289,3.206561,7.623185,10.421784,9.249794,4.584344,-0.380839,-2.182895,0.261973,4.977941,8.4233,7.713601,2.243777,-5.715427,-11.697699,-11.402489,-4.060794,5.816404,10.8958,6.732409,-4.197946,-14.45585,-18.138451,-15.495525,-11.070207,-7.905798,-4.664773,1.247061,8.88943,13.710454,12.590062,7.762823,4.46109,4.827004,5.477244,1.89474,-5.477599,-10.834572,-9.068888,-1.453625,5.48154,6.539654,2.640463,-1.007194,-0.722278,2.250497,3.754636,1.248738,-3.908396,-8.013244,-8.19332,-4.275212,1.624348,6.825873,9.687555,10.134633,9.008123,7.030219,4.53193,2.149731,1.19373,2.410467,4.08514,2.276449,-5.660922,-17.269632,-25.554722,-24.63528,-15.319662,-4.612046,0.806182,0.552673,-0.095146,3.598269,10.833466,16.360357,15.732665,9.059545,0.28924,-6.036527,-7.246005,-3.257979,3.546073,9.126867,9.933653,5.593126,-0.510205,-4.103588,-3.827611,-1.914183,-1.081304,-1.469701,-1.270419,0.102634,0.70857,-1.481445,-5.534874,-7.91214,-5.905921,-0.090147,6.681879,11.762841,13.576141,10.997884,3.785101,-5.65134,-12.254858,-12.034389,-6.216794,-0.568023,0.340095,-2.276332,-3.391357,-0.40065,3.902326,4.976692,1.901915,-2.207428,-4.560302,-5.512288,-6.33809,-6.010758,-2.512931,2.823357,4.984243,1.25255,-3.729711,-1.874464,8.313407,17.761321,15.560108,1.657167,-11.543038,-11.756697,0.161776,11.628139,12.397398,4.905791,-0.530969,1.185072,4.632383,1.963751,-6.554942,-12.71475
-0.508736,0.563558,1.201322,0.542563,-1.070487,-2.402403,-2.493638,-1.418166,0.052036,1.282905,2.091447,2.358631,1.746178,0.155148,-1.575978,-1.873121,0.192746,3.603787,5.785876,4.748609,1.043063,-2.550706,-3.538095,-2.009441,-0.367761,-0.745162,-2.827712,-4.382344,-3.831622,-1.973999,-0.93502,-1.581221,-2.377739,-1.031167,2.887945,7.217567,9.096297,7.387844,3.242889,-1.310535,-4.852462,-6.736715,-6.528846,-4.07385,-0.242773,2.987506,3.871563,2.473035,0.630092,0.132557,1.02509,1.857118,1.46644,0.191778,-0.751647,-0.767373,-0.40462,-0.476416,-1.070247,-1.663982,-1.962924,-2.183669,-2.44024,-2.252081,-1.063458,0.808674,2.166671,2.151838,1.332726,1.241,2.68039,4.637927,5.071708,2.848891,-1.089997,-4.431509,-5.328336,-3.743408,-1.315444,-0.040613,-0.819459,-2.84621,-4.233648,-3.477819,-0.693016,2.448217,4.131587,3.930885,2.97908,2.640914,3.130534,3.5346,3.050251,1.863708,0.667282,-0.385245,-1.774664,-3.593489,-4.881509,-4.483667,-2.557201,-0.730574,-0.393233,-1.031098,-0.781625,1.175751,3.195013,2.677918,-0.892267,-4.845195,-5.683671,-2.585663,1.701397,3.599913,2.214333,-0.011625,-0.016776,2.742363,5.892479,6.600764,4.201877,0.521343,-2.00759,-2.33253,-1.157975,0.141051,0.698075,0.440779,-0.366888,-1.582982,-3.195971,-5.013276,-6.425381,-6.52938,-4.631924,-0.870967,3.511246,6.631803,7.052682,4.756962,1.192256,-1.73605,-2.907953,-2.447785,-1.17192,0.223815,1.392019,2.001272,1.623476,0.273432,-1.048127,-0.844921,1.378896,4.102629,4.717723,1.954573,-2.5343,-5.336927,-4.374689,-0.894783,1.776343,1.531613,-0.583371,-1.798829,-0.772406,1.020862,1.120295,-1.023947,-3.367952,-3.496302,-1.178029,1.543052,2.614383,1.925061,0.919422,0.6887
-17.93972,-7.056987,16.666855,29.422955,14.463369,-19.64372,-46.808335,-49.073898,-31.886694,-13.64807,-4.354867,1.034149,9.434639,16.590393,12.025181,-5.252147,-22.295792,-26.154394,-18.623973,-12.526533,-14.103095,-14.463296,-1.562878,22.559119,41.813474,43.966835,34.075455,26.752302,27.512299,26.977167,14.722109,-5.682547,-19.877902,-19.715241,-12.124834,-9.111063,-12.628028,-13.861405,-6.707876,3.378946,7.082327,4.621754,5.999816,16.761299,27.901122,24.365191,3.025335,-21.803184,-32.681086,-26.733412,-16.586863,-14.794714,-20.761166,-24.251871,-18.964177,-9.247703,-3.696713,-5.350362,-9.902281,-11.432158,-6.943944,4.19146,21.291362,40.027296,50.770247,43.773079,18.806126,-11.209893,-28.613316,-24.52065,-4.568371,17.632863,31.303093,33.285283,25.481441,11.346553,-4.357956,-15.31995,-16.845671,-10.413306,-3.645872,-4.078958,-12.511747,-22.650994,-26.965925,-22.525633,-11.908189,-0.173825,8.21442,10.883296,8.369162,4.305709,3.369611,7.155716,11.830661,11.15141,2.780809,-8.820229,-16.697139,-18.535357,-18.466171,-21.102679,-24.470886,-20.39638,-2.988293,23.275858,44.677105,48.494569,33.344639,10.419312,-5.359182,-6.631054,1.875912,8.702725,5.838234,-4.930821,-14.527107,-15.266354,-7.752263,0.162197,1.057213,-5.211194,-11.966333,-12.643786,-7.0994,-1.139105,-0.121115,-3.312717,-4.633264,1.105285,12.713532,23.291974,26.442634,22.020706,15.709186,12.622699,11.360335,5.166735,-10.065653,-29.073379,-40.024749,-35.693961,-21.848901,-12.737356,-16.610427,-26.116881,-24.98857,-5.444453,21.876489,36.930924,29.685224,9.791255,-3.503359,-0.299418,11.801939,17.498116,9.750038,-4.502063,-12.485105,-7.156002,8.685563,26.294492,36.480127,33.041858,15.503333,-8.60855,-25.949594,-26.199672,-11.361653,4.655086,8.030348,-2.412407,-15.050773,-17.861972,-10.044539,-0.95798
-24.74571,-32.171157,-43.197068,-59.412726,-70.049229,-61.320173,-33.596418,-5.28276,3.818195,-7.814397,-23.012934,-24.99344,-13.578608,-0.840291,5.982268,11.989976,24.373742,39.809405,47.388907,43.703565,39.833617,49.674636,72.770594,92.168641,89.820233,62.045684,19.984159,-20.873284,-48.177054,-53.560901,-35.292784,-5.675386,8.809072,-14.5273,-70.021959,-120.190466,-124.636492,-76.858875,-11.155705,29.206567,30.330756,14.031637,9.549612,24.291301,43.226938,50.675857,45.261887,33.709298,18.292062,-2.448919,-22.999534,-30.13078,-18.361991,-2.327533,-5.838208,-35.763887,-70.841286,-80.85006,-56.05964,-14.164785,21.400418,44.403662,63.554171,81.836795,87.237353,68.366742,34.284673,10.233412,10.862912,22.639347,18.661294,-9.305005,-38.811162,-40.181388,-10.152076,21.859846,22.377923,-12.806537,-54.649046,-68.538519,-44.936009,-4.978703,20.146651,14.56188,-12.888343,-38.686954,-43.039036,-22.884847,7.99128,30.46326,34.286444,23.827775,10.769088,1.415631,-7.992558,-23.197116,-41.18877,-50.535649,-43.125845,-22.960089,-0.562166,20.15747,44.9984,76.867436,102.987438,100.711164,59.58967,-3.776815,-56.085407,-73.545277,-57.340984,-24.896593,9.091084,39.243537,60.339105,60.479871,30.672381,-19.185936,-60.464968,-67.869884,-42.293636,-9.456659,5.282464,-0.286243,-7.824763,-1.378763,15.231836,24.06601,13.437688,-9.451593,-25.591151,-22.202336,-3.997657,11.495399,9.125951,-11.102847,-33.752337,-40.934777,-28.887424,-13.325841,-15.640623,-39.582771,-61.367939,-47.806563,10.475123,83.494119,123.794321,108.048745,57.711218,17.323988,12.665248,31.561284,44.381675,37.794404,23.472494,15.59765,8.295352,-17.529242,-66.008486,-112.252015,-122.018861,-84.857615,-24.317364,24.95338,46.725565,48.489205,42.363732,28.722148,1.985103,-32.212143,-53.69246,-45.358631,-12.011067,21.927208,34.099793,22.441353
-30.130894,-34.421932,-24.587876,-10.314276,-2.781532,-5.534741,-12.322745,-13.511682,-5.218493,6.889851,12.344488,4.915033,-11.854628,-27.145998,-31.011691,-21.332528,-4.360373,10.642451,17.609303,16.024289,8.952265,-0.031712,-7.940825,-11.639234,-7.879222,4.310359,20.727655,32.365778,30.639233,14.332258,-7.617122,-20.955939,-15.915998,5.302811,29.436531,41.112836,33.167418,10.676992,-13.743658,-28.989153,-31.684179,-25.642991,-16.590066,-7.516864,1.719171,11.550293,20.453633,25.79397,26.506862,24.289696,21.658934,18.83957,13.081531,1.723165,-13.736061,-26.953623,-31.059593,-24.665304,-13.969126,-8.302566,-12.353058,-21.790704,-26.579699,-19.644901,-3.564684,10.767224,12.817232,1.270414,-14.521472,-21.949248,-15.344981,-0.500706,10.177977,7.733901,-6.400833,-22.026878,-28.52504,-22.740117,-10.163274,0.780838,5.850959,7.460403,11.058266,19.353422,29.760518,37.053849,38.366699,35.761636,34.091321,36.247706,40.163652,40.232255,31.891438,15.514962,-3.444484,-17.903341,-23.332868,-19.762546,-10.854057,-1.510791,4.074787,3.26085,-4.702805,-18.195484,-32.985571,-43.260213,-44.235052,-35.05874,-19.839647,-5.566273,2.04319,1.96063,-1.966569,-4.281432,-2.290581,1.661514,1.725825,-7.127519,-24.971754,-45.799754,-60.20343,-60.205586,-43.365798,-13.924246,19.346588,47.064938,62.741165,64.373866,54.06121,36.589053,17.996425,4.376492,0.508707,8.084126,24.202736,41.548005,51.165819,47.032681,29.812725,7.030224,-11.052465,-17.495795,-12.626054,-3.073092,3.331278,2.886361,-2.443322,-8.168093,-12.04642,-16.093386,-23.910166,-35.731129,-45.97446,-46.266984,-32.190468,-8.331429,13.066389,19.704359,7.792206,-14.89393,-33.97233,-37.921334,-25.215267,-4.268718,13.113307,19.445295,14.928543,5.012686,-4.694988,-11.610833,-15.463784,-15.607625,-9.908192,3.191531,21.36874,37.556809
-17.119077,-12.815901,12.084264,40.896644,51.362165,36.948767,11.670537,-5.940743,-10.909786,-12.370138,-18.588618,-25.9524,-24.625806,-12.337615,1.536128,6.480348,2.751041,0.339727,6.625233,17.396809,21.203559,11.571751,-6.222062,-20.103238,-21.970726,-13.974827,-5.541061,-4.564793,-10.279433,-13.82848,-6.852633,8.852861,20.631687,16.514301,-0.891556,-13.924218,-6.781203,16.251173,32.443476,23.506208,-3.976122,-24.354213,-20.23924,-1.005983,9.07644,-0.464126,-14.638715,-12.299266,6.952916,21.176688,12.200536,-12.082624,-26.422522,-17.516528,1.413245,7.888511,-2.369527,-11.256177,-1.779577,20.024931,31.386217,19.333001,-4.275206,-16.139729,-6.570805,12.369252,22.37119,17.965593,8.488399,4.607365,7.298012,10.073589,7.982354,1.618466,-5.946079,-12.654273,-17.434701,-19.563947,-19.996187,-21.625043,-25.414162,-26.56692,-18.025382,-0.150881,14.90646,12.522246,-8.798165,-32.600389,-37.604856,-16.555071,17.821644,44.482134,50.46807,37.193203,14.886691,-5.644744,-16.988711,-16.054818,-5.067643,8.781603,17.657803,18.688404,14.74117,9.542668,3.828767,-2.3032,-5.18128,0.299268,12.812658,21.874161,17.048008,0.318484,-13.974574,-13.900172,-3.078521,3.816128,-1.620696,-12.268759,-15.591398,-10.236063,-7.902595,-17.794588,-33.28409,-38.108461,-25.102785,-4.728863,6.798986,5.169525,0.631867,4.073975,14.543491,22.359335,21.526281,15.008616,7.984209,0.330409,-11.020447,-24.078886,-30.36298,-22.974509,-4.104296,17.130732,32.822771,40.098826,38.236712,26.591546,8.134732,-7.575736,-10.177144,0.645937,12.682368,12.797018,0.860461,-10.353485,-9.791893,-0.315574,5.538715,0.340156,-10.794352,-17.695963,-16.672523,-11.990785,-7.878454,-3.559738,2.298701,5.791334,0.847125,-11.67236,-21.560054,-18.658608,-3.774745,11.8419,17.616586,12.295707,1.761721,-8.228764
22.840766,30.536355,22.697571,3.049676,-15.461485,-21.76612,-15.230281,-4.083818,3.030732,3.309163,-0.767828,-5.571584,-8.85773,-9.713676,-8.288503,-6.22144,-6.127966,-9.495919,-15.252954,-20.97334,-24.958382,-25.935379,-20.969833,-6.183552,17.891003,41.928838,51.91773,40.705671,15.8422,-5.80613,-12.514819,-6.572764,1.348035,5.063734,8.017665,15.686853,25.80327,29.155918,20.171756,4.106056,-8.207536,-11.820556,-11.724362,-15.259904,-22.792551,-27.97025,-26.397289,-21.203571,-18.480507,-18.678356,-15.1677,-2.192781,17.130777,32.202149,34.229655,23.496003,7.923713,-3.999704,-8.402678,-6.11583,-0.397679,4.571224,4.799226,-1.353504,-11.255978,-19.212522,-20.713791,-15.71696,-7.649184,0.265736,6.91038,11.805466,13.271659,9.434259,1.0415,-7.714469,-11.803328,-8.677216,0.787464,13.468005,25.068521,30.799285,27.428731,16.477593,4.714926,-0.77771,0.715588,2.684731,-1.389505,-10.170482,-15.428714,-11.611597,-3.083665,0.088244,-6.447394,-16.121652,-19.032312,-13.565404,-8.053568,-10.282733,-17.54284,-19.564891,-11.090809,1.172155,6.022829,1.125217,-3.61428,3.060315,20.927579,37.866177,41.723001,30.969513,13.534362,-2.491604,-14.542101,-22.643727,-24.400403,-16.130028,0.878684,17.659407,23.381856,14.507946,-2.049975,-14.794886,-16.620777,-9.044761,0.596977,5.317039,3.120587,-2.43601,-5.695651,-4.072351,-0.822834,-2.05527,-9.692253,-17.572199,-16.379231,-3.723573,11.700951,18.040186,12.666062,4.768234,4.165562,8.998816,7.652939,-6.11362,-22.64695,-24.390369,-4.759715,23.480821,40.32353,37.458581,22.989885,8.629115,-3.096072,-16.057855,-28.300852,-29.481026,-13.909406,7.453968,14.447724,-0.62168,-22.325318,-27.340344,-10.018914,11.002275,13.450919,-4.082274,-21.698567,-21.407113,-6.393567,5.227006,2.789634,-5.838892,-6.323373,3.613445
2.672064,-6.368027,-13.26861,-15.065519,-12.065833,-7.216717,-3.81315,-3.233028,-4.222859,-4.071665,-0.713435,5.720159,12.860224,17.4677,17.253755,12.077469,3.97688,-3.798077,-8.154046,-7.324414,-1.484941,7.301186,15.779416,20.678421,20.000499,13.881773,4.521671,-4.918479,-11.943367,-15.957592,-18.315204,-21.0869,-25.294895,-29.790182,-31.60863,-27.711421,-17.084614,-1.863445,13.315945,23.47681,25.793185,21.010204,12.988884,6.618871,5.234618,8.924157,14.625361,17.945816,15.721015,7.910857,-2.249953,-10.013544,-11.88122,-7.798389,-1.404589,2.001076,-1.252016,-10.591592,-20.977267,-25.455181,-19.172496,-2.509065,18.622432,35.601271,41.440602,34.128258,17.13974,-2.878369,-19.546501,-29.160202,-30.964426,-25.866201,-15.166037,-0.491332,15.289569,27.579056,31.280261,23.596235,6.597598,-12.670691,-25.388295,-25.939011,-15.524618,-1.760441,5.897405,2.164376,-10.546652,-23.546641,-27.452141,-18.311051,-0.227516,17.241083,25.149727,20.657529,8.396161,-2.980879,-6.554536,-1.313037,7.846944,13.934062,12.642822,4.867075,-4.472418,-10.106581,-9.872574,-5.661007,-1.510848,-0.466811,-2.471285,-4.627038,-3.452716,2.514662,11.478831,19.206271,21.319575,15.702359,3.741274,-10.154208,-20.453923,-22.927407,-16.501135,-3.716167,10.464168,20.986662,25.041373,23.138879,18.284007,13.716503,10.661052,7.637086,1.896832,-7.953264,-20.076983,-29.848322,-32.582261,-26.779135,-15.519995,-4.798489,0.2561,-1.317522,-5.873803,-7.987385,-4.551784,2.85595,9.145107,9.609731,3.661686,-4.460911,-8.664942,-5.537988,2.919356,10.479292,11.035465,3.001878,-9.42158,-19.01905,-20.335266,-13.036889,-1.591627,8.224288,13.212966,14.193628,14.242876,15.5235,17.461412,17.718617,14.941423,10.693674,8.634926,11.374014,17.574947,21.980708,18.837621,6.398542,-10.983023,-25.111169
5.778319,13.169615,16.447383,13.065754,4.918269,-2.574165,-4.03713,2.028081,11.919297,19.000315,18.088125,8.900887,-3.890792,-14.042249,-18.070738,-17.352955,-16.434904,-18.854633,-23.723207,-25.850815,-19.597743,-3.750781,16.273113,30.876368,32.074483,18.806964,-1.946825,-19.20341,-24.610778,-17.330574,-3.996223,6.078271,7.089765,0.174444,-8.041105,-10.472532,-4.537927,6.338125,15.468684,17.70209,12.804202,5.187434,0.465328,1.499545,6.747997,11.856196,13.037597,9.631114,4.061842,-0.486279,-2.674397,-3.807376,-6.276455,-10.994107,-15.971694,-17.307647,-11.985652,-0.454711,12.955725,22.216136,22.97996,14.965438,1.874824,-10.912342,-19.225967,-21.761528,-19.76846,-15.453986,-10.499173,-5.667339,-1.406096,1.471369,1.865273,-0.752391,-5.494289,-10.113458,-12.124608,-10.238192,-5.025626,1.694528,8.232566,14.017059,19.370237,24.297583,27.453083,26.433795,19.516264,7.643283,-5.025966,-12.854897,-11.949396,-2.783466,9.684678,18.714906,19.650695,12.410836,0.983239,-9.594716,-16.505108,-20.28961,-23.158743,-25.999156,-26.685843,-21.341049,-7.827628,11.204787,28.401193,35.457689,28.312631,10.177936,-9.9589,-22.652971,-23.663443,-16.086105,-7.475502,-4.026092,-6.037707,-8.017832,-3.4067,9.55495,25.304219,33.980191,28.164344,8.632843,-15.15052,-30.516762,-29.548738,-14.143369,5.315818,16.811105,14.408155,1.624679,-11.688824,-16.574077,-11.139415,-1.423391,3.449588,-1.816725,-14.694988,-26.526878,-28.563637,-17.988635,0.277405,17.067114,25.09115,23.35312,16.975844,12.956409,15.162069,22.116691,28.816711,30.812204,27.33001,21.251881,16.328208,14.065932,12.757393,9.237698,1.75277,-8.465631,-18.141919,-24.525647,-27.387523,-28.780557,-30.818326,-33.424646,-34.083805,-29.97245,-20.801268,-9.927712,-2.524632,-1.920574,-6.843713,-11.856783,-10.980553,-2.044223
-2.040121,-3.168072,-1.59652,3.076797,9.073325,13.279168,12.987155,7.337895,-2.417036,-13.760049,-24.025908,-30.98931,-32.843893,-28.19811,-16.694335,-0.079126,17.279002,29.449051,31.572066,22.690309,6.809864,-8.88326,-17.845808,-17.68231,-11.009212,-3.101438,1.98389,3.998941,5.950334,10.910673,18.752324,25.487946,25.941862,17.859507,4.290577,-7.796109,-11.942918,-6.593443,3.782329,11.771468,12.183663,5.590299,-2.344074,-5.261273,-1.011902,6.568154,10.361516,5.214846,-8.10131,-23.134116,-32.058837,-30.974091,-22.397066,-13.216968,-9.640647,-12.786708,-18.045028,-18.564225,-10.291587,5.028175,20.929267,30.48113,30.663289,23.882352,15.806377,11.274817,11.221466,12.603381,11.087732,4.381631,-6.139168,-16.439042,-22.507013,-22.735344,-18.469725,-12.642636,-7.690808,-4.23671,-1.248573,2.717296,8.223192,14.457756,19.700095,22.273007,21.361917,17.339687,11.58803,5.975531,2.145949,0.775987,1.082153,0.956736,-2.053567,-9.212296,-19.334649,-28.757819,-32.91261,-28.838724,-17.19062,-2.368379,9.535459,13.885811,9.882107,0.719827,-8.502646,-13.731374,-13.876259,-10.622889,-6.555291,-3.120995,0.083478,4.356898,10.235458,16.600883,21.339534,23.023436,22.18571,21.013967,21.529636,23.609295,24.504458,20.513406,9.831504,-5.439628,-19.763413,-27.122202,-24.673666,-14.685703,-3.347889,2.894026,1.151285,-6.414291,-14.347754,-17.665501,-15.059012,-9.410601,-5.38973,-5.926658,-10.104102,-13.949915,-13.505681,-7.887346,-0.038517,5.458662,5.973338,3.149695,2.080137,7.649306,20.478759,35.399606,43.831783,38.839949,19.72927,-6.827277,-30.004231,-40.511637,-35.349842,-18.895474,0.039544,13.079209,16.069762,9.868869,-1.583669,-13.977235,-24.170173,-30.036223,-29.694157,-21.624008,-6.100176,13.250954,29.658558,36.051959,29.29645,12.999545,-3.539692,-10.279235
-3.072542,-14.4228,-19.603755,-11.624903,3.001955,11.483567,9.600677,6.018541,10.380105,19.809933,21.163301,7.285917,-12.216147,-19.501204,-7.351518,13.021029,23.810218,18.239359,4.663626,-5.257013,-8.73481,-10.76887,-13.852405,-13.277717,-4.241278,9.000574,14.759666,5.933798,-11.050666,-21.108712,-14.808942,2.463853,15.635755,14.058093,1.024304,-9.738827,-6.744163,8.987616,24.77288,27.013249,12.351731,-10.1742,-27.200007,-31.502429,-25.542606,-16.225335,-7.725864,0.068043,7.589947,12.746018,13.308877,10.715444,8.939142,8.960496,6.48997,-2.528597,-14.695193,-20.340658,-13.744897,-0.727264,6.738518,3.960876,-0.88279,3.275737,16.031058,24.428353,17.672196,0.730675,-9.784605,-3.522593,12.326374,21.159898,14.655476,-0.247184,-11.524762,-15.412444,-16.853666,-18.757473,-16.091999,-3.577629,13.329336,20.293348,9.198556,-10.980934,-21.947935,-15.273838,-1.371328,2.591189,-7.486808,-17.751166,-12.414318,7.179393,22.129848,15.405322,-9.502963,-30.592277,-28.069604,-2.784107,25.300791,35.637277,23.977166,3.021805,-10.707421,-9.80014,1.521787,13.686131,18.845267,14.082467,1.913267,-10.194193,-12.750023,-0.813184,20.026509,35.563533,34.004218,16.723826,-2.897078,-12.809396,-14.156671,-18.226684,-31.28005,-44.694321,-43.02605,-22.088105,3.750703,14.888905,6.711496,-5.990065,-5.939121,7.159533,16.680218,8.598586,-11.818617,-25.094748,-18.439768,1.062672,15.006984,13.350331,3.380022,-0.22428,8.669813,23.01127,31.634693,29.674018,19.727693,6.230737,-7.728181,-18.329337,-19.764291,-8.652344,10.198342,25.012233,26.184434,14.433513,-0.718748,-10.417792,-13.791036,-16.118913,-21.219641,-26.948653,-28.063627,-22.294603,-12.770073,-4.772592,-0.788548,1.183074,4.918576,11.768194,18.747394,20.525136,13.810639,0.680526,-12.087589,-17.581546,-13.694969,-4.283864
9.899131,15.701338,15.55994,9.032256,-1.112245,-10.319359,-13.095193,-5.340331,10.954271,25.300868,24.432643,4.003799,-24.909247,-43.19391,-39.59401,-19.511732,2.080116,15.145873,20.414449,21.84192,17.646204,2.881886,-19.628312,-35.921072,-32.941228,-13.729195,3.342776,3.244318,-9.122699,-14.129876,0.082505,22.965843,32.09645,17.813611,-5.556503,-14.627346,-1.470769,19.194371,27.096294,17.810155,5.083946,3.416727,12.00974,17.720828,11.700924,-0.567167,-6.757495,-2.637839,3.333793,0.261547,-12.825194,-26.380419,-30.75061,-24.824719,-14.257385,-3.919457,5.196701,12.27331,13.611751,6.28945,-5.773972,-12.72557,-8.181981,2.887791,8.024906,0.279521,-13.530191,-19.050253,-9.148738,8.486292,19.1422,15.992176,6.39051,3.244981,10.856083,19.940931,16.729846,-3.050198,-28.797087,-43.16187,-36.215369,-13.272369,10.035788,20.828544,18.786607,14.298591,16.992133,25.704064,29.852796,21.025432,2.843889,-11.626213,-12.669054,-3.380625,4.409607,3.024708,-3.867048,-7.333041,-4.464022,-1.087131,-3.210576,-8.663615,-9.939741,-4.705424,-0.22533,-5.283086,-19.038313,-30.562073,-29.913858,-17.740609,-2.835641,7.77485,13.499397,15.609958,12.452794,2.821863,-7.38127,-7.03663,8.342925,28.340043,35.172699,21.024657,-3.850094,-21.711537,-24.581251,-18.879428,-13.996502,-10.373618,-1.512421,14.423142,29.578376,34.476688,28.268867,18.087128,9.563207,2.006349,-5.876943,-9.547404,-2.866869,11.154644,18.721338,8.603274,-13.655534,-28.877652,-23.705692,-5.286194,5.749037,-3.379242,-25.19358,-40.900365,-39.245741,-24.877756,-10.013635,-1.627462,2.005941,5.168186,8.903576,11.627328,12.590604,12.574513,12.078301,10.960754,10.059229,11.219817,14.393328,15.729465,10.523196,-1.338368,-13.714142,-18.63383,-12.337999,2.524825,19.006998,29.242601,27.699241,14.707778
5.143442,2.734113,-2.205418,-7.931894,-12.217855,-12.916395,-9.105152,-2.502127,2.833506,3.51131,0.090753,-3.235697,-2.97186,-0.156539,0.914873,-1.970368,-5.691811,-4.861249,1.804151,9.031888,9.747099,2.430494,-6.554285,-8.2445,1.006087,16.256205,27.962116,29.362656,21.035551,9.380149,0.910252,-2.610351,-4.176643,-7.098131,-10.795468,-11.522612,-7.573771,-3.060823,-4.984856,-15.604374,-28.349904,-32.7972,-24.394105,-8.779388,3.890073,8.130028,5.919619,1.516674,-3.654227,-9.338803,-11.681275,-4.247657,14.002903,33.674413,41.507653,33.392516,19.052355,11.780664,14.120978,15.932393,7.113899,-10.056674,-23.370215,-24.419596,-16.946913,-10.617079,-9.206603,-8.120587,-3.065758,2.817252,3.223966,-1.712271,-4.191279,1.389293,9.985156,10.572089,-0.778296,-15.225234,-20.088878,-11.957704,1.045999,9.183443,10.336805,8.434386,5.693607,0.303113,-7.98855,-13.801081,-11.080777,-1.519042,5.306398,1.972565,-8.080749,-13.950267,-9.023558,2.686307,12.350257,16.142151,17.095219,18.30174,17.836517,12.407171,4.120308,0.089906,4.164932,11.10348,11.317214,1.368654,-11.900865,-18.307835,-14.283847,-5.166935,1.254875,1.710368,-1.857054,-6.248951,-9.896538,-12.608909,-14.613774,-16.512899,-18.690194,-19.492518,-15.109463,-3.60175,10.474625,17.780306,13.031453,1.937608,-3.112479,4.208393,16.900393,22.067242,15.499332,6.635828,7.559314,18.405576,26.321566,19.623324,1.100121,-14.592098,-16.14855,-6.246668,3.208964,4.044172,-2.098088,-9.352987,-15.493625,-21.963794,-28.014021,-28.86089,-21.458524,-9.965729,-2.310034,-0.908808,0.652878,9.618621,23.772485,32.013657,26.481861,12.420269,3.490661,6.977201,15.654121,15.96847,3.439501,-12.302255,-18.52087,-13.612373,-8.172619,-11.882925,-21.581867,-24.380789,-12.319685,8.008957,21.536353,19.585618
-8.916349,-8.728183,-8.150464,-15.272671,-27.710146,-30.531827,-11.993573,19.508278,38.996885,28.752177,-2.398466,-26.40724,-23.35928,-0.124821,18.677643,16.286372,-1.47044,-15.54378,-13.990604,-1.260032,10.145704,13.088149,9.842113,5.877968,3.300972,0.99038,-1.277154,-1.302104,2.72918,9.13914,13.322113,11.521389,4.20586,-3.933046,-7.503863,-4.862741,0.255564,1.968679,-1.990705,-7.704427,-9.131258,-5.068661,-1.019953,-2.952323,-9.685935,-13.359018,-8.391917,1.35505,6.351886,2.376787,-4.241006,-3.781966,5.407949,14.596727,14.120539,3.511762,-8.911786,-15.273299,-14.834132,-11.596851,-7.933124,-2.810571,4.565292,12.159027,17.276947,19.573431,19.954523,17.28694,8.943391,-4.194544,-15.262268,-16.699804,-8.400679,1.303581,4.061083,-0.021109,-3.627185,-1.318618,4.593886,7.717224,5.125914,-0.59223,-5.789949,-9.370816,-11.018299,-8.462561,0.18147,11.319944,16.370182,9.981097,-3.004188,-11.348163,-8.965171,-1.053264,2.482832,-1.65135,-7.579875,-8.712019,-5.866683,-5.007772,-8.508626,-12.000121,-10.741188,-6.301046,-3.9197,-3.878294,0.832174,15.777381,35.359202,45.079343,35.149406,10.987834,-11.044823,-18.19634,-11.141461,-0.42759,4.574617,2.378691,-2.810153,-6.862665,-8.356786,-7.416627,-4.470568,-0.789253,1.078265,-1.113207,-6.887454,-12.532923,-13.355189,-6.939287,4.87921,16.469155,21.217413,15.58518,2.006474,-12.018388,-18.816742,-15.842945,-6.895052,1.544119,5.093609,3.333267,-1.489369,-6.266774,-7.979749,-4.877285,1.684547,7.056645,6.76642,1.156843,-4.154638,-3.484778,3.387499,11.633028,16.917324,18.949902,18.894092,15.193143,4.906761,-10.183134,-21.439956,-20.390787,-8.127485,4.538401,7.804894,2.702366,-1.485239,0.972176,5.585756,4.04168,-4.68851,-12.563418,-12.11671,-5.302173,-0.642188,-2.689018
-8.705057,-26.896054,-37.064625,-33.214195,-20.574103,-7.919471,2.024742,12.650917,25.281671,34.197924,31.61363,16.588827,-2.647176,-15.220687,-15.627975,-6.132121,6.224005,13.824756,12.125744,2.835901,-5.787103,-4.92759,5.426984,13.895474,8.026835,-10.987441,-26.035639,-19.784143,6.704301,32.966861,38.030125,19.528938,-6.529442,-23.019914,-25.995964,-22.536348,-19.07175,-15.73974,-10.860035,-5.833806,-2.876667,-0.597826,4.033527,9.48583,9.703776,2.849294,-2.969283,2.409963,17.127118,25.882638,16.635269,-3.038848,-11.547054,2.582276,25.457013,30.890225,8.562674,-24.362202,-41.196599,-32.562099,-12.604002,-0.441131,-0.487609,-3.050336,-0.178481,4.91156,4.907502,0.038949,-1.689724,4.913983,15.19695,19.612396,13.504839,0.204024,-13.753038,-23.297607,-24.955629,-16.398835,0.827914,19.309854,30.102744,30.34055,24.51965,16.958611,5.563041,-13.16156,-33.306036,-39.130234,-20.419013,12.258942,32.536939,22.166275,-10.576547,-38.485858,-41.36695,-22.781385,-1.500009,9.863606,14.440692,20.949814,29.21828,29.402318,14.47647,-9.811614,-28.581029,-30.055377,-13.937403,9.698019,27.177741,28.351887,12.051592,-11.87509,-27.379047,-23.616397,-4.401768,14.513316,19.556769,11.123066,0.748482,-2.542046,-0.805251,-1.565291,-6.491395,-9.295822,-5.115891,1.73892,2.867474,-2.203636,-3.201364,8.873116,28.247423,36.592304,20.958282,-11.161724,-36.508293,-36.794382,-15.076847,7.940493,13.16235,-0.910044,-19.408381,-26.308904,-18.353393,-5.616699,-0.089232,-4.144789,-9.497093,-6.496838,6.138075,20.680729,28.525937,27.775166,22.45552,15.795409,6.912109,-4.734704,-13.785219,-11.715344,3.083896,19.978312,24.339631,12.342814,-4.338144,-10.638263,-4.307317,2.244643,-3.092116,-17.5605,-26.385093,-19.781467,-4.358716,4.129484,-1.972798,-14.618412,-19.772876,-12.371355
3.586139,17.293976,26.134689,22.86201,6.466552,-16.362411,-34.720367,-39.894521,-30.534168,-13.116279,2.607738,10.047402,9.658978,7.673515,10.73334,20.406804,31.594146,35.990236,28.099233,9.463251,-11.917872,-26.529705,-29.132122,-21.419073,-9.982322,-1.424844,1.659518,1.106154,0.223375,0.268906,-0.604354,-5.124538,-13.434053,-21.562354,-23.516721,-15.683854,-0.158002,15.829169,24.331734,21.915928,11.860079,1.635082,-2.533817,-0.022062,4.127012,3.405745,-4.907532,-17.425819,-26.964858,-27.664957,-19.023265,-5.885082,5.373395,11.338782,13.245483,14.782427,18.149424,21.865549,22.260323,17.347548,9.579417,4.7188,7.28069,16.10894,24.017498,22.48567,8.296655,-12.984746,-29.866387,-32.625561,-20.439028,-2.498807,8.17201,4.054593,-11.149258,-24.844726,-24.556826,-7.252631,17.860909,35.303867,33.931458,14.610808,-10.538413,-26.72809,-26.630401,-14.741088,-3.024874,-1.369451,-10.134555,-20.341897,-21.172008,-8.881747,9.777617,22.325639,19.920195,4.215823,-13.524656,-20.462531,-11.385757,7.737944,24.391976,28.723134,20.390679,8.04273,2.07997,6.419688,15.588743,19.259486,10.589988,-8.141739,-26.952578,-35.482588,-30.558212,-18.188869,-8.545976,-7.908202,-13.874117,-17.56793,-11.101169,5.568011,23.824166,32.434262,25.924775,8.88972,-7.164975,-12.182874,-4.867726,6.59932,11.055195,3.237416,-11.644172,-21.220467,-14.921071,7.86824,36.401711,55.072013,53.365872,32.475185,4.23184,-16.586574,-21.153142,-10.882025,5.089394,16.668763,18.784358,12.826445,3.55509,-5.322203,-13.315202,-21.849177,-31.289146,-39.287797,-42.05821,-37.496471,-27.398387,-16.696588,-10.092804,-8.655608,-9.103601,-6.458375,1.870613,13.661813,23.002288,24.204464,15.722723,1.327594,-12.16716,-18.903552,-16.965638,-8.629637,1.741382,10.266573,14.833034,14.807087,10.276704,2.063516
-9.505893,-9.171361,-4.779931,1.874046,7.911049,10.810344,9.503437,4.660194,-1.766534,-7.361461,-10.074469,-8.872665,-4.128813,2.38625,8.060048,10.506256,8.736171,3.764286,-1.859507,-5.483909,-5.95238,-4.314425,-3.092978,-4.51009,-8.843502,-14.071568,-17.109907,-15.825932,-10.445034,-3.374244,2.41232,5.266159,5.706079,5.676692,6.85621,9.312203,11.490074,11.48548,8.591367,3.93898,-0.229368,-2.081688,-1.373221,0.551803,1.857846,1.545362,0.040618,-1.296522,-1.270698,0.309523,2.621913,4.538923,5.432185,5.48131,5.369132,5.726741,6.792761,8.449771,10.422666,12.32876,13.524557,13.022703,9.798414,3.472877,-5.072616,-13.717394,-19.947551,-22.096668,-20.182477,-15.763895,-10.92667,-7.128819,-4.700345,-3.237827,-2.412546,-2.41767,-3.66107,-6.039007,-8.562773,-9.843465,-9.159096,-7.199577,-5.704105,-6.066663,-7.92701,-8.973185,-6.372976,1.031154,11.384553,20.510615,24.372731,21.681739,14.78132,8.097646,5.188741,6.473638,9.247589,9.917008,6.757954,1.144983,-3.614986,-4.883064,-2.694702,0.355769,1.214004,-1.220457,-5.244246,-7.691296,-6.378651,-1.744142,3.546428,6.617689,6.37406,3.92253,1.245178,-0.608123,-2.191789,-4.636431,-7.912198,-10.098422,-8.589021,-2.458109,5.994491,12.103266,11.86303,5.016553,-4.254754,-9.891748,-8.167286,-0.511991,7.270503,9.047529,2.835303,-7.582829,-15.19776,-14.726755,-6.388763,4.289427,10.527323,9.221414,3.079699,-1.659885,-0.248238,6.590025,12.780787,11.206508,-0.841881,-19.027513,-34.156663,-37.800792,-27.555629,-8.439431,10.350432,20.965884,21.019236,13.847134,5.307689,-0.255163,-2.077556,-2.084368,-2.323561,-3.023402,-2.719216,-0.036186,4.609397,8.922875,10.343525,8.004896,3.429239,-0.589269,-1.982541,-0.689555,1.725766,3.669343,4.8986,6.503863
12.117046,14.062973,13.584427,12.045312,10.24757,7.465169,2.237472,-5.624832,-13.637111,-17.444025,-13.731313,-3.23661,8.666783,14.825381,11.031654,-0.655892,-12.656667,-16.615364,-9.14518,5.420731,17.403998,17.921416,4.749867,-16.042296,-33.811366,-39.895415,-32.65071,-17.77923,-4.057068,2.378067,1.321529,-2.497169,-3.493487,0.773593,8.390148,15.076161,17.485708,15.274632,10.66604,6.277491,3.15951,0.541106,-2.773452,-6.735044,-9.572588,-8.887971,-3.419801,5.880896,16.186097,24.170132,27.429139,25.167383,18.111249,8.119228,-2.165665,-9.757591,-12.209341,-8.869633,-1.761013,4.895545,6.772658,2.137715,-6.660341,-14.257671,-15.564527,-9.231135,1.154377,9.181295,9.774987,2.578242,-7.831841,-15.081468,-15.290915,-9.499429,-2.583556,0.418179,-2.165248,-7.754479,-11.721191,-10.836245,-5.358031,1.609021,6.681133,8.512627,8.142441,7.432131,7.225941,6.916437,5.661836,3.883021,3.338292,5.385778,8.886425,9.902853,4.113809,-9.461344,-26.341381,-38.238095,-37.976183,-24.4948,-4.240856,12.449438,17.824189,11.674122,1.283522,-3.663293,2.301012,16.858477,31.725308,38.339918,33.267968,19.655872,4.178874,-7.768148,-14.894602,-19.052747,-21.895692,-22.417949,-17.693152,-6.2072,9.251575,22.066091,25.871734,19.365534,7.969714,0.577932,3.328841,14.836313,26.543763,28.281254,15.293168,-8.182584,-31.335943,-43.544984,-40.82264,-27.668117,-13.408449,-5.940557,-7.299476,-13.74435,-19.571106,-21.324229,-19.288674,-15.688503,-11.727927,-6.326747,2.324139,13.891155,24.518718,28.623725,22.884984,9.422224,-4.536742,-10.704582,-4.892274,10.288766,27.083037,37.445154,37.734394,30.150568,20.25885,12.716377,8.376525,4.64455,-1.591341,-10.959285,-20.852014,-27.337699,-28.08742,-24.020425,-18.503137,-14.859739,-14.145175,-14.758628,-13.963056,-9.979569
0.687,9.338047,16.85397,19.353905,15.881119,9.996795,7.436495,10.741823,15.912484,15.546735,6.378486,-6.75019,-15.633916,-17.325725,-16.199858,-16.189349,-12.848814,2.762897,30.157359,52.107932,46.824193,10.655019,-33.265807,-53.507152,-39.748476,-12.411838,-1.057981,-13.882385,-31.109404,-29.032511,-7.367639,10.840303,6.119888,-14.739516,-25.945316,-11.239877,18.618852,38.179291,34.215056,17.098728,6.197646,8.426574,14.283708,12.908744,5.823764,3.262194,9.710428,17.731775,17.329897,8.351888,0.382484,0.814792,6.21402,7.213949,0.161766,-8.950545,-12.371914,-9.860855,-8.137684,-12.157983,-19.514032,-24.233895,-24.050108,-21.683946,-19.515781,-15.853573,-8.241259,1.004095,5.535888,2.354511,-3.318545,-2.844296,5.913123,15.159183,15.00563,4.355326,-7.151707,-8.304928,3.08596,18.58621,26.928967,22.934965,10.357237,-1.590929,-4.210921,5.12919,19.867344,26.683758,15.118538,-11.202847,-33.186879,-30.358878,-0.239968,36.28982,51.834623,36.897768,7.446063,-12.436832,-14.535101,-11.794,-20.464709,-40.188748,-54.359408,-49.160626,-28.741424,-9.874447,-3.855754,-6.91068,-8.221989,-3.439872,2.842864,6.253847,9.46266,17.488926,28.677779,34.340426,28.216709,13.760999,0.234489,-6.763963,-8.209402,-5.902542,1.751042,14.999852,25.901777,21.84767,-0.703044,-27.930186,-38.443427,-23.372763,4.632999,23.979701,24.983791,16.793961,14.33995,21.242807,27.278802,21.087125,2.514108,-18.033493,-30.066633,-31.126351,-26.062654,-21.26806,-20.1956,-22.014842,-22.406863,-16.641221,-4.590627,6.723449,8.106395,-2.006471,-13.779711,-14.928753,-4.049047,7.744487,10.665028,9.489878,18.111341,39.351967,54.83511,41.450046,-0.542545,-40.611411,-44.796895,-10.448169,29.055517,36.781178,8.58836,-24.573575,-29.562126,-3.372247,27.637494,36.861682,21.784544,0.366994
-4.731577,-8.536434,-8.932282,-6.851321,-6.014357,-9.104064,-14.73363,-18.461529,-16.930538,-10.969253,-4.540134,-0.686493,1.217501,3.913772,8.101495,10.653202,8.069947,1.953161,-0.316669,7.518869,22.103326,30.347726,20.586655,-4.550801,-27.393753,-29.776651,-9.967055,15.062558,25.181855,15.41639,-1.033884,-7.267854,0.923539,13.025894,16.228349,7.82225,-4.571396,-12.466226,-13.851524,-11.814127,-9.055558,-6.06445,-3.671931,-4.281926,-8.773152,-13.392338,-12.205021,-3.610462,6.717985,10.836742,6.594826,-0.146676,-1.743954,3.319899,9.340705,9.989979,5.223941,1.070103,2.589374,7.535791,7.755374,-2.268928,-17.917562,-26.371348,-18.008958,2.758187,18.875934,15.389728,-5.455083,-24.564334,-23.504791,-2.582004,19.480309,24.727825,13.888718,3.638789,6.642661,17.328354,19.621451,7.042775,-9.0243,-12.793382,-2.900083,6.225691,1.97138,-11.383229,-18.269849,-10.815146,2.126757,6.377344,-0.481544,-7.345275,-4.393989,4.654038,7.773607,-0.098635,-11.084989,-14.27575,-8.186709,-0.600072,2.238486,2.16456,3.837389,6.533266,5.010224,-2.012349,-8.240059,-6.93298,0.410743,5.763641,4.947453,3.06954,7.447855,16.837868,21.063361,12.274901,-5.521757,-19.904272,-22.066214,-13.782541,-3.190683,3.504799,5.022108,2.46799,-2.443971,-6.355064,-4.911044,2.603324,10.2613,10.342634,2.31211,-5.216805,-3.668687,5.269121,11.274457,7.753377,-0.052979,-1.652532,5.264092,11.417307,7.196739,-5.276718,-14.415081,-13.018892,-6.448355,-5.006506,-10.270168,-12.660485,-3.496058,13.174118,23.393527,17.600075,0.078714,-16.242167,-22.427892,-19.455083,-13.021405,-5.785677,3.542228,14.905347,23.488086,22.951078,11.66057,-4.906692,-17.923758,-21.528482,-16.49273,-8.778034,-4.335486,-4.138939,-3.630013,2.465576,14.155154,25.291432,29.289015,25.391749
20.062176,17.675167,-3.905605,-25.029569,-25.617994,-8.505314,4.362855,-1.378366,-15.100091,-14.196951,7.72579,30.760931,28.775845,-2.784475,-41.645867,-60.309695,-50.377943,-25.627282,-4.893669,4.427713,6.895836,8.256682,8.426672,4.794284,-1.305057,-4.283456,0.070734,10.868188,24.54064,38.856877,52.211573,59.49931,52.419595,27.632892,-5.088481,-26.330406,-22.793659,-0.933918,17.081359,13.683543,-7.112698,-24.167326,-21.513827,-5.496171,1.623274,-14.74051,-45.345124,-65.157151,-57.008542,-26.984363,2.354552,12.081745,0.582824,-19.137262,-31.706014,-28.701532,-10.140058,18.050584,46.325014,63.987682,63.627901,45.834981,19.910615,-1.271286,-9.201039,-4.988799,1.896225,1.179503,-9.144973,-19.66906,-16.958719,3.051572,28.312411,39.607917,28.638243,6.714262,-6.770391,-4.799991,0.789851,-5.161733,-21.680793,-32.051674,-24.289126,-6.724056,1.186397,-7.863707,-20.576009,-20.261513,-8.037494,-0.843913,-8.666035,-20.566525,-18.377267,-1.007377,12.480648,6.399218,-10.659302,-14.691746,5.046984,32.74882,44.291973,34.093367,18.098245,11.659239,12.113855,7.306692,-3.999799,-8.854506,1.309878,15.869245,15.268792,-5.403522,-29.241264,-35.86728,-22.656804,-4.234026,5.779936,6.344076,2.465238,-5.115961,-17.324855,-27.00362,-20.983084,3.732694,30.886018,39.277036,26.415148,11.96483,14.425168,28.582909,31.880352,12.249077,-17.026049,-33.416252,-31.27945,-25.456606,-29.663711,-38.892905,-37.958206,-23.061936,-6.903244,-1.159103,-0.963858,7.050387,23.984959,33.993568,23.699886,1.391578,-9.531035,3.569837,28.055673,39.732804,28.060926,4.421526,-12.755395,-16.059346,-11.249057,-6.319722,-3.421872,-0.647616,3.37392,9.083483,17.026461,25.44813,27.830066,17.218951,-5.096241,-27.869315,-39.625269,-38.957711,-32.447385,-23.499039,-8.38971,13.824734,31.620294,28.276803
-26.696181,-46.71304,-53.446092,-41.474459,-22.111652,-13.049697,-20.169122,-31.870749,-32.461867,-19.092902,-3.177823,3.692212,1.466977,-1.823809,-1.364436,1.292895,5.85571,18.171924,42.544851,70.637654,83.99795,71.370325,41.749447,16.648769,9.095151,12.881665,13.204351,4.321662,-6.880064,-13.03018,-16.017609,-21.565368,-27.896894,-26.160125,-13.52188,-0.823125,-2.129773,-17.565049,-31.618851,-30.848257,-19.861272,-15.341026,-24.870168,-36.74057,-33.767531,-14.409449,4.615418,7.251472,-4.407762,-14.278173,-11.374977,-0.185378,8.385652,11.643256,16.484055,27.619415,39.513065,42.510366,34.360043,22.134768,13.303395,8.679126,5.734796,5.556509,12.090788,24.26289,32.778143,27.951075,10.05007,-10.295462,-21.815514,-20.862944,-10.658252,3.28383,13.61133,10.023681,-14.584236,-52.310652,-78.38604,-69.512259,-28.454747,12.939821,21.344252,-5.373747,-35.676858,-36.789752,-8.12336,20.254347,21.620684,0.950695,-12.914073,-0.522307,27.544222,44.120615,35.441368,13.765285,1.172373,5.486561,14.905461,14.050804,1.003491,-12.574957,-15.106404,-5.947057,6.402738,13.514342,13.099064,8.285321,4.093056,4.949815,12.885233,25.36037,34.739512,32.13283,14.214955,-12.527248,-34.445654,-39.049237,-23.413135,2.801369,21.974251,19.001807,-8.073987,-44.901784,-69.355172,-67.117195,-42.235494,-13.311725,1.531404,-2.534204,-16.856837,-29.014358,-31.176508,-20.898039,1.179154,30.217571,54.792297,61.276977,45.751027,21.558699,10.6786,23.749083,48.716393,61.763002,50.67439,26.264355,9.762683,10.296238,16.967673,12.786272,-6.765394,-31.137933,-48.418002,-57.036401,-62.127394,-63.852166,-54.762469,-30.380688,1.077635,23.712378,28.995927,23.023623,17.354269,15.04358,9.106067,-5.448882,-22.224456,-29.382992,-23.637388,-14.163218,-10.890704,-11.939868,-6.804287,7.981878,20.840607,16.777238
12.166345,15.899296,13.484196,0.809303,-17.912196,-31.663435,-30.377271,-13.036668,10.531483,26.008178,24.399038,7.862816,-12.604139,-25.27007,-24.998832,-14.70229,-1.202764,9.879027,15.98143,16.092991,9.200251,-4.642345,-21.754031,-34.564424,-35.730351,-24.020537,-6.476773,6.196162,7.942329,2.213576,-1.422957,3.582074,14.100091,19.74145,12.837264,-2.989319,-14.242732,-8.920051,11.693026,31.814961,33.011724,9.962149,-23.315245,-42.942527,-33.423287,0.032195,35.26331,50.036515,38.417677,13.754852,-3.331972,-1.478058,13.708784,25.913903,21.919842,1.281532,-24.982373,-43.82867,-48.984406,-42.586211,-30.399691,-16.509889,-2.258287,11.073191,20.10526,20.810136,12.272495,-1.299576,-12.754868,-16.650909,-12.296524,-2.855414,7.924716,17.822478,25.418855,28.377795,23.813342,11.316145,-4.420625,-15.088081,-14.501359,-4.147269,6.791069,7.969893,-3.891947,-22.000401,-34.503548,-33.556623,-20.972526,-5.988401,2.544085,2.734552,-0.192268,0.590834,7.770992,18.721081,28.860846,35.421615,37.928514,35.804088,26.766569,8.726556,-16.259283,-40.328621,-53.233416,-48.869795,-29.631902,-4.818615,15.59724,26.643774,29.21072,26.535724,20.561588,11.706471,1.378333,-6.608418,-8.285025,-3.605446,2.273025,2.930068,-3.11975,-10.060153,-9.478945,1.328017,15.145886,19.54165,7.319356,-16.287564,-36.607777,-40.885109,-28.494298,-11.094912,-2.47647,-6.963494,-16.502352,-18.703288,-8.275446,8.540972,20.232781,20.69729,14.176269,9.987817,12.480719,16.266451,11.714905,-4.321031,-23.026291,-29.386064,-14.764942,14.813272,42.397537,53.001433,44.664388,28.381226,17.526874,16.510257,18.528189,13.632641,-0.987727,-18.130122,-27.414983,-25.075824,-17.479209,-15.261602,-23.660512,-37.823547,-46.976838,-43.27151,-27.429933,-6.972592,10.196708,20.509679,24.232746,21.982428,13.17219,-1.603078
4.664122,7.950923,4.35966,-6.111722,-16.465794,-18.240404,-9.133323,4.225519,11.340774,6.759262,-4.928646,-12.665245,-8.330764,6.033184,19.537122,21.374092,9.855362,-6.102856,-14.258165,-8.889921,4.983161,16.223941,16.743939,7.402864,-3.911859,-9.688274,-8.92363,-6.911526,-9.503055,-17.382444,-25.42952,-27.37634,-21.285581,-10.980288,-2.478396,1.044726,1.222443,1.942956,5.002417,8.151102,7.315646,0.870355,-8.027869,-13.276922,-10.401358,-0.08019,12.229075,20.197861,20.944836,16.549197,11.932541,11.045906,14.290915,18.822986,21.101301,19.560416,15.4952,11.738977,10.281121,10.606059,9.971371,5.517667,-3.183502,-13.010976,-18.733643,-16.460447,-6.922144,3.948696,8.164778,0.953679,-15.37464,-32.034207,-39.024518,-31.792833,-14.672454,1.546098,6.455966,-3.383412,-22.636298,-41.178997,-50.724355,-49.232728,-40.302008,-28.780384,-16.634936,-2.470055,15.304336,34.889493,50.688412,56.858104,52.042063,41.216339,32.745304,32.630362,40.334441,49.433847,52.540365,46.548218,34.097527,20.369899,8.265151,-3.678976,-18.744135,-37.203418,-53.847913,-60.737026,-53.493906,-35.97198,-18.865542,-12.552153,-19.390809,-31.639747,-37.014257,-27.847765,-6.805276,15.260651,27.470369,26.511954,17.78355,9.703779,6.440008,5.296888,0.6354,-9.625437,-21.017226,-25.797724,-19.510617,-4.89315,10.346397,19.784003,22.892677,24.011733,27.000742,30.906381,30.888395,23.490708,10.99051,0.235385,-3.383923,-1.252187,-0.754961,-8.478474,-23.299058,-35.976106,-36.383206,-22.535547,-3.433927,7.320408,2.262277,-13.716059,-26.954833,-25.571256,-8.377996,14.826307,31.241052,34.308069,26.854998,16.617583,9.148832,4.597864,0.413762,-3.775649,-4.568773,1.782565,14.481161,27.051195,31.64184,25.151094,11.624966,-1.30286,-8.736163,-11.963189,-16.155787,-24.759072,-35.862994,-43.701675
-3.991772,-8.764394,-11.290968,-11.670451,-11.187514,-9.77174,-5.871012,0.920964,8.08774,12.133827,12.384671,11.984877,14.358226,18.811117,20.423085,14.889737,3.443512,-7.448531,-11.641555,-8.728362,-3.975132,-2.913592,-6.069512,-9.126008,-8.206347,-4.51928,-3.082342,-6.581696,-11.207487,-9.881253,-0.290243,11.045497,14.198199,5.967208,-6.209108,-11.588664,-7.2645,-0.71122,-0.538985,-5.88866,-7.053532,2.791471,18.173736,25.678181,17.898451,1.492182,-9.720047,-8.789613,-1.29159,2.730957,0.201965,-3.247425,-1.804934,3.138693,5.483605,2.60928,-1.5827,-2.268564,-0.164488,-0.288334,-4.731955,-9.047607,-7.323066,0.069251,5.730716,2.917172,-6.946784,-15.304115,-14.71216,-5.386525,6.114064,13.425351,14.982518,13.18263,10.740092,8.543,6.203978,3.470477,0.771717,-1.145444,-1.870465,-1.938695,-2.926193,-6.311605,-11.467671,-14.947261,-12.929412,-5.346702,2.678092,4.648156,-1.244517,-9.976195,-14.101439,-10.469751,-2.463254,4.178761,7.04541,8.186866,10.18711,12.35184,11.610869,6.933212,1.849675,1.714698,8.168926,16.524781,19.154065,12.170206,-0.616258,-10.30168,-10.179114,-1.58656,6.870868,6.356616,-4.780296,-19.579224,-28.171916,-25.468078,-14.249394,-1.78473,5.988481,7.395904,3.782617,-2.856957,-10.377451,-15.651223,-15.07831,-7.178145,5.280924,16.4136,21.137779,18.466967,11.476081,4.541232,0.577446,0.127146,2.020476,4.42598,5.697892,5.023539,2.740715,0.050102,-1.726587,-1.789792,-0.132139,2.386973,4.187384,3.779731,1.132747,-1.775489,-2.531639,-1.002056,-0.107394,-2.969679,-8.991292,-13.545456,-12.488994,-6.914488,-2.477076,-3.421633,-7.793924,-9.45861,-4.909771,2.751848,7.118192,5.178675,-0.058703,-3.378678,-2.573804,0.75136,4.519431,8.545123,13.057183,16.250893,15.105772,9.002612
3.63045,1.410211,-2.35998,-1.693693,2.091693,0.426034,-10.831992,-22.772408,-21.001307,-2.549261,18.17982,23.13001,9.13042,-9.817475,-18.237778,-13.735742,-4.625986,3.018776,10.658489,19.552312,23.692065,15.969749,0.315583,-8.390862,-0.324957,15.797569,20.091882,3.506462,-20.79133,-30.706916,-18.469369,2.405359,13.200645,9.446509,2.098892,1.871548,6.996038,7.777801,-0.148471,-10.814632,-15.694807,-13.068186,-8.024329,-5.302869,-4.937448,-4.704165,-3.992138,-3.602101,-3.250183,-1.643789,0.962484,2.385773,1.778943,1.848668,5.880997,12.71202,16.581206,13.08887,4.402429,-2.682827,-3.542699,0.545287,5.237886,7.902262,8.550443,7.472778,4.379125,0.356935,-1.409963,1.060709,4.88112,3.899509,-4.997168,-17.945766,-27.324024,-28.455273,-22.42246,-13.116714,-3.523867,4.494668,8.850206,8.25039,4.658123,2.519346,4.161455,7.180313,8.138269,8.063442,11.434454,18.605879,21.943723,13.157104,-5.2996,-19.61719,-18.257483,-5.064048,4.411942,0.373042,-10.234132,-12.548699,-2.023923,9.931514,9.58036,-3.011549,-14.691231,-15.027331,-7.337498,-2.188625,-3.030937,-2.653476,5.793588,18.281484,23.659473,16.731956,4.174762,-3.438643,-2.897191,0.389769,0.60898,-2.403711,-5.660229,-8.014465,-9.69563,-8.488,-0.806958,11.679434,19.680298,14.719349,0.129165,-10.074262,-6.028674,5.721862,8.134934,-7.431729,-30.730392,-43.000304,-36.386591,-20.15556,-7.592293,-0.432899,10.384276,29.726019,48.677702,52.878256,38.820717,18.250459,5.303454,1.782892,-2.267478,-14.306582,-29.079876,-34.496535,-25.898428,-11.366675,-2.223908,-0.843831,-0.423765,3.999634,8.042072,4.10927,-6.318935,-10.672635,1.518686,24.289486,37.497815,25.945375,-4.044585,-29.046936,-30.573692,-12.21677,5.671419,7.390351,-3.61609,-11.510488,-6.739688,4.609082
20.886469,30.242601,22.905592,4.75338,-7.796526,-5.713679,2.958335,3.003387,-10.328205,-26.580496,-32.637339,-26.253951,-14.861666,-3.903214,8.250422,22.513657,31.251117,24.176951,2.467116,-18.05644,-21.889629,-10.516699,0.011493,-1.242017,-7.048542,-2.236607,15.071571,28.089834,19.84676,-6.190047,-28.488457,-30.361474,-16.270227,-3.074453,1.330402,5.078612,17.597769,33.601762,37.428599,22.576184,1.180455,-9.451625,-6.915613,-5.154064,-15.126694,-28.929065,-28.051323,-6.84827,17.216162,20.300906,-1.947029,-28.363071,-33.007467,-10.406752,20.553806,35.92141,27.773445,7.440742,-8.079388,-10.377857,-2.595901,6.986588,11.940303,10.435926,4.751487,-0.732307,-2.785206,-2.314348,-3.654659,-9.472969,-16.514536,-18.211054,-12.474638,-5.390621,-4.84607,-10.357858,-11.753529,-0.289191,19.524171,31.971017,25.748859,6.545043,-8.057823,-6.66133,4.465571,9.055381,-1.043802,-17.258218,-23.837018,-13.987898,4.905169,20.585659,27.220885,26.469513,20.463997,8.276829,-9.310854,-24.785572,-28.038539,-16.782284,-0.566297,7.976987,5.556467,-1.3e-05,-0.55397,2.266667,0.16132,-9.580567,-18.509189,-16.174083,-3.566691,6.04259,1.488671,-12.561333,-18.901012,-5.658586,20.315117,39.052924,36.201322,15.655707,-5.600768,-13.531283,-7.710461,1.729839,5.101937,0.877408,-5.21523,-6.641051,-1.965589,3.807887,3.259399,-6.408612,-18.734434,-21.364163,-6.994201,17.3299,33.319021,26.945429,2.467364,-19.990702,-22.654125,-6.550584,10.545923,12.441879,-0.063771,-12.172773,-11.903475,-2.031958,4.757882,0.57649,-9.639829,-14.312238,-7.440112,6.216941,16.754438,18.049017,11.266094,1.751173,-5.686676,-8.961881,-8.490679,-6.308782,-4.848962,-5.075049,-5.218347,-2.082063,5.501434,14.451979,19.250771,16.44452,7.538938,-2.367342,-8.568824,-9.605665,-7.082942,-3.623811
-17.13546,-5.36165,11.988243,18.2165,8.573847,-5.006888,-8.577602,-1.95732,3.607276,1.768636,-0.628145,5.576388,16.570576,17.632605,2.092922,-16.716468,-17.971247,2.405617,24.883659,26.667931,6.509911,-14.713708,-17.907698,-5.894727,2.829136,-2.664546,-13.926441,-15.346123,-3.549111,9.674389,12.493134,6.108512,0.584017,0.99789,2.252188,-2.338793,-11.545448,-18.177698,-18.518892,-15.842996,-13.860925,-10.080002,1.174257,19.862576,37.359532,43.660551,36.036158,19.628158,1.321327,-14.530213,-25.056307,-27.554546,-22.171199,-14.658517,-12.886199,-18.931262,-26.023704,-24.926506,-12.726807,5.939178,25.213888,42.455454,55.391386,58.224959,45.218218,19.142533,-7.123536,-20.64892,-19.812913,-13.666974,-10.435421,-9.764622,-7.721537,-5.995007,-11.045109,-23.428399,-32.734226,-27.739581,-10.737987,2.874497,1.389253,-9.785733,-14.951942,-7.161224,4.159337,6.35346,0.420776,-0.066614,13.404298,32.645594,41.685046,34.540141,19.770567,7.933497,-0.055072,-8.89824,-17.252685,-16.944701,-5.338534,7.136758,7.497378,-2.916648,-8.051555,3.565212,22.953486,29.153553,13.100118,-11.993061,-26.413695,-26.124083,-24.106306,-30.613029,-38.666004,-33.426318,-12.640862,8.772557,15.932772,10.761627,7.376728,13.381052,21.89331,23.531589,20.457906,22.473999,30.5313,31.336314,12.742663,-18.64835,-41.094938,-39.966147,-22.426686,-7.543798,-4.968354,-7.94801,-6.46968,-0.946498,1.213173,-0.979025,0.803597,11.776927,24.018209,24.398882,11.474339,-1.263678,-1.482088,6.708584,8.554003,-1.313977,-10.81108,-5.901673,9.470462,15.314422,-1.086605,-28.358754,-41.78048,-29.546067,-4.1079,13.277821,14.933792,10.238677,9.528084,10.975469,6.124725,-5.804495,-15.033186,-13.165103,-3.310574,4.987566,8.338622,11.981905,18.97372,21.886219,10.319649,-13.845401,-33.619384,-32.653379
-6.243637,-7.855278,-10.611273,-11.676328,-7.154214,2.767377,12.473272,15.765494,11.911197,6.208871,4.423517,7.100973,9.610115,7.458999,1.133341,-4.388405,-4.786236,-1.043032,1.189621,-2.586955,-10.112505,-13.229329,-5.864415,8.114429,16.273355,9.009722,-9.704082,-24.435031,-22.854144,-8.020691,5.353104,7.125637,2.295132,3.670995,15.185668,25.764127,21.454208,1.786695,-18.790734,-25.831672,-18.621625,-7.784118,-1.809834,0.349392,3.372161,6.717307,5.502388,-0.964797,-6.031062,-3.273514,5.177368,11.125862,10.557228,7.846549,8.354867,10.058079,6.540046,-2.245513,-6.998541,-0.043846,12.974546,17.032725,4.57674,-14.853812,-24.761809,-19.919728,-10.76052,-9.152905,-13.824804,-13.463122,-2.648227,10.259929,13.20985,5.247301,-2.782766,-1.898642,4.705722,7.101302,1.67698,-5.075487,-5.626635,-0.323504,5.07689,8.2286,12.301569,18.768072,21.981998,14.473721,-3.08335,-20.382555,-27.072305,-21.981772,-11.591158,-1.497982,7.392289,14.491017,15.662891,7.415418,-5.995348,-13.70274,-8.816446,3.5042,10.893889,6.74746,-3.285713,-8.08459,-2.647461,8.091141,15.347992,14.034435,4.70936,-8.605257,-20.230222,-24.203748,-17.745886,-4.925636,5.193724,6.561344,2.056533,-0.459101,1.964151,3.860816,-0.66482,-8.396563,-8.99832,2.581146,18.466596,25.324424,18.672004,6.877793,0.337298,-0.314611,-2.420767,-9.227826,-14.052754,-8.821347,3.96788,11.819625,5.742517,-9.270257,-19.27149,-15.860571,-3.617615,6.560096,8.828736,5.734894,2.383884,0.631313,-0.39875,-0.826118,0.34316,2.613101,3.443971,1.273288,-2.223917,-4.115231,-3.676543,-2.437011,-1.15,1.204489,4.467915,5.200922,0.086488,-8.484344,-12.725172,-7.302877,3.944908,11.236363,9.187965,2.299945,-0.914173,2.09637,5.860125,4.582228,-0.594804,-3.679271
4.968462,-10.097022,-22.471923,-19.829838,-4.557255,7.690637,5.475099,-4.803149,-6.161504,8.175814,25.021147,25.254233,6.276082,-13.453911,-14.012845,4.052143,20.114329,15.336587,-8.550737,-33.002043,-42.152634,-35.501209,-22.55042,-10.068494,1.803513,13.098391,19.470615,17.140443,9.991857,7.397961,13.733744,22.561575,23.627123,14.791331,4.382469,0.972143,3.022717,1.042648,-10.315751,-24.706796,-30.053053,-21.16361,-4.914928,7.058608,9.379683,6.005199,3.671263,4.319254,4.679952,2.112895,-0.959536,0.685624,8.645899,17.458708,18.359624,7.237919,-10.636497,-23.992683,-24.539564,-13.588881,-0.292062,6.62461,5.566699,1.200049,-1.866398,-3.405397,-5.769879,-9.406807,-11.731492,-10.337549,-5.845558,-0.808162,3.120666,5.543187,5.529966,1.96295,-3.079513,-3.326623,5.907105,20.223775,27.446632,19.704577,3.838618,-3.708338,5.514085,21.336632,25.118809,10.660886,-8.20674,-13.094594,-2.059353,8.634655,4.076176,-12.059576,-23.314803,-21.531481,-16.551598,-22.283396,-36.876331,-42.701417,-27.319781,0.035886,17.282325,13.788474,1.438267,-0.23992,13.442967,28.65376,30.820543,21.07146,12.138238,11.013751,11.169598,3.350534,-10.182227,-16.848637,-8.965187,6.278886,14.49684,9.858373,0.020497,-4.608398,-3.170181,-3.497647,-10.409303,-18.332314,-17.161855,-4.03626,12.604997,20.675971,15.123621,1.341301,-10.20931,-11.978955,-3.859709,7.412996,12.848485,7.591874,-4.731983,-14.156532,-13.057096,-4.130774,1.203903,-5.803569,-20.993353,-29.645077,-20.326707,3.417447,25.534031,31.549118,20.224876,2.37657,-9.866692,-11.804046,-6.145789,2.301843,10.174942,15.318566,16.178255,13.108153,9.279466,8.215597,9.608245,8.543218,0.233987,-14.107951,-26.710831,-29.244368,-19.826736,-4.479733,7.921077,12.169593,9.211206,3.616074,-0.59144,-2.1161
3.724103,13.39605,17.436615,11.516523,-1.426891,-13.581598,-18.293234,-14.538431,-6.488673,0.649198,4.392238,5.346263,4.875937,3.251834,0.38042,-2.057517,-0.197901,9.08511,23.991297,36.53933,36.629884,19.297523,-10.267588,-38.318389,-50.373561,-40.119329,-13.330577,15.689117,32.497332,30.20007,12.045008,-11.710928,-29.896963,-35.757194,-29.137073,-15.278099,-1.474072,6.638965,7.527952,3.880691,0.372036,0.374269,3.740038,7.264845,7.575126,4.250669,0.614504,1.340026,8.584583,19.658512,28.136978,27.693489,15.942026,-4.217917,-26.218701,-42.85198,-48.753252,-41.553721,-22.18964,5.024967,32.843999,52.892441,58.893115,49.798594,30.55807,9.4545,-6.566018,-15.44174,-19.968691,-24.430498,-30.63533,-36.39368,-37.347608,-30.39283,-15.93554,2.458328,20.20384,33.634499,40.492581,39.421822,29.813962,12.661354,-8.415726,-27.487013,-38.590671,-38.828537,-30.110075,-18.081225,-8.733672,-4.884607,-4.849949,-4.129181,1.110167,11.11439,22.122489,28.702598,27.295601,18.604444,7.194489,-1.461191,-4.436377,-2.796791,0.04483,1.710818,3.060769,7.084988,15.18423,24.165455,27.244367,19.156521,1.526116,-16.507868,-24.133852,-17.398792,-3.541861,3.272507,-7.475462,-33.686355,-60.681224,-70.934452,-56.406461,-24.059911,9.561187,30.138741,34.388814,29.488015,24.847801,24.094338,24.049085,20.53252,14.469663,11.870445,17.550032,28.89634,36.363646,31.136399,13.333444,-7.016065,-17.79443,-14.920292,-5.805585,-2.821495,-12.331668,-28.953969,-40.1975,-37.421982,-23.420215,-9.928103,-7.33279,-15.725174,-25.104919,-24.31363,-10.628391,8.309477,21.43734,23.441699,18.002596,12.854907,11.988342,12.531893,8.922157,-0.227023,-9.662208,-12.0907,-5.434714,4.496832,8.944001,4.439801,-3.402463,-4.491234,6.551598,24.890391,38.897492,39.760148,28.846046,16.218391
34.846178,29.243434,9.760336,-13.642428,-30.236057,-35.947523,-34.246777,-30.42231,-25.126665,-13.615201,8.320494,37.282255,61.291213,67.101232,50.424888,20.348196,-6.553202,-18.282594,-15.923369,-11.318045,-15.626505,-28.440087,-37.123308,-27.640146,1.861221,36.447912,53.635369,39.905734,1.512747,-39.33336,-60.272054,-54.362105,-33.426524,-17.078098,-16.736747,-27.553412,-34.197025,-24.924466,-1.840039,21.055859,29.937568,22.880113,11.377055,10.548693,26.334447,50.233676,65.719114,60.909621,37.324443,8.141309,-12.015933,-17.300013,-13.103819,-9.729897,-13.204208,-20.850966,-24.740879,-19.511852,-7.743322,1.580019,0.202106,-12.443024,-27.970228,-34.522633,-24.934371,-1.665309,24.825698,42.752266,45.773842,35.346731,17.815381,-0.644678,-16.978461,-30.253464,-38.669157,-38.391347,-26.216348,-4.056633,19.342058,32.462904,28.929343,13.131897,-1.915186,-4.147058,7.51213,21.182423,20.972488,0.634674,-29.182492,-47.152732,-37.427049,-3.400732,32.523937,44.310016,21.677833,-21.51741,-56.839379,-61.688295,-34.94144,3.914962,30.665848,34.091248,21.734708,10.461819,11.090142,20.371513,26.195578,20.045769,4.939048,-7.974536,-10.249516,-3.895538,1.175804,-2.658146,-12.764489,-18.264731,-10.386069,8.425538,25.337091,27.645121,13.804728,-4.920721,-13.872198,-7.343814,6.89777,14.814473,8.640517,-6.218301,-15.913896,-10.394728,7.347669,22.844772,21.200388,-1.382451,-34.558307,-61.06747,-68.1081,-54.410806,-28.934229,-3.72824,13.075802,19.886951,19.866002,17.520836,16.198189,17.07015,19.062739,19.49988,15.748955,7.527016,-1.773622,-6.523454,-2.863608,7.579936,17.766278,19.926568,11.666481,-1.488371,-9.607509,-5.533095,9.801732,27.96297,38.739855,36.297162,21.359386,-1.036852,-25.021143,-45.36534,-56.928484,-54.82141,-37.240314,-9.209663,17.133988,28.249918,18.103292,-6.502178
14.482697,3.938875,-7.31641,-10.319444,-6.43905,-5.356891,-12.745725,-21.73856,-19.031891,-0.210478,22.539601,30.23436,15.51743,-9.500248,-24.914719,-22.487006,-12.429353,-10.373128,-18.802734,-23.422421,-8.734381,23.951679,55.638049,66.876096,54.754674,32.38917,13.415772,-0.154035,-13.925516,-27.935254,-32.060277,-17.224373,9.951428,27.239522,14.763545,-25.715453,-69.558646,-88.234013,-71.35802,-32.510376,4.34591,23.633084,25.784447,20.435154,15.418993,12.75027,12.426429,16.005807,24.176324,32.174029,31.419714,18.588495,2.441127,-1.795945,12.285143,32.967301,39.156336,20.463705,-11.935404,-35.927036,-39.724785,-30.909274,-24.214773,-23.491751,-19.496387,-5.267053,11.249298,14.493325,0.477756,-16.22023,-17.741553,-2.993407,11.771416,12.618809,3.639792,-0.506932,4.844656,7.600797,-4.524311,-24.802124,-31.172111,-10.744002,23.245158,42.706465,32.299363,3.224553,-19.940929,-22.399452,-7.820581,11.38597,25.997759,31.575936,24.837778,5.379387,-19.042895,-34.912932,-34.894138,-25.592732,-19.460459,-19.093442,-13.882144,5.324904,31.509121,46.479965,41.036583,25.682373,18.011409,21.883974,24.033876,11.957744,-9.72324,-24.894954,-25.874068,-22.003389,-26.213799,-37.074361,-39.379703,-22.733126,4.731753,23.793892,23.220926,8.49785,-7.209458,-16.307238,-19.252654,-17.781343,-11.183538,-0.220206,9.496034,11.982725,8.215125,5.910767,10.983883,21.023498,28.389279,28.043659,20.387922,7.932383,-6.804547,-18.824205,-20.084852,-6.578898,13.577051,23.737747,14.526963,-4.761184,-14.322811,-4.960235,11.119727,12.914419,-6.729524,-33.293833,-45.40528,-35.179599,-13.020674,4.995438,11.240549,9.052714,5.983176,7.567154,15.333775,26.088808,31.917789,24.685867,4.409286,-17.568552,-27.509523,-22.952996,-15.175898,-15.772657,-22.37774,-21.346021,-5.193913,16.290756,25.570274,16.594466
-3.900702,9.778435,11.309364,-3.307196,-18.654184,-17.177979,-0.036566,14.764692,14.963545,8.674522,12.12822,26.22053,32.774598,16.857875,-12.205659,-28.277705,-16.858793,8.8385,22.762271,13.689698,-5.912388,-16.978195,-13.896326,-5.131286,1.201216,5.58643,10.550793,12.402813,5.262702,-8.105575,-15.561289,-8.773082,5.665757,12.319287,3.975995,-10.674455,-17.673961,-13.350555,-6.439363,-5.953888,-10.855458,-13.25732,-9.05292,-2.023166,2.133615,2.475303,1.987665,2.393499,2.659713,2.237076,2.781397,5.257881,7.363963,6.346219,3.846929,5.088449,11.934993,18.734327,17.645428,8.055286,-1.504491,-1.993193,6.671002,15.865324,17.080355,9.045581,-3.106132,-12.976671,-16.136237,-11.046513,-0.5828,7.203931,3.734127,-11.412657,-27.578946,-32.377581,-25.027904,-17.633838,-20.740558,-29.326597,-27.148137,-6.02593,22.623823,38.802724,35.202015,23.526247,18.800687,21.652818,20.42769,9.179709,-2.889514,-3.56002,4.538845,4.895336,-12.15672,-34.471016,-39.276856,-19.158099,7.877205,17.225676,4.405719,-10.804636,-7.074651,15.121735,35.125745,35.106882,17.955029,1.772293,-0.327929,7.724232,11.91791,3.856119,-11.805231,-23.586081,-24.390372,-16.660226,-8.627097,-6.856236,-11.574187,-17.484641,-18.430464,-11.942571,-0.294041,12.083579,21.58949,25.841271,22.478321,10.05663,-8.420838,-24.244972,-28.396304,-19.934738,-7.794056,-2.047499,-3.255692,-2.434587,7.403299,21.535734,27.915313,21.10924,8.948203,3.34746,6.350402,8.809883,3.438778,-4.549826,-3.489344,8.996862,20.844291,18.849086,4.781956,-6.154539,-3.83123,3.652904,-0.828364,-21.814107,-43.198287,-44.575709,-23.93744,-0.481909,6.058723,-3.766928,-11.361297,-1.995348,18.731155,31.605565,24.793466,5.405933,-9.623083,-11.256545,-5.088795,-2.100131,-6.129241,-11.755292,-12.276763,-6.691613
11.875,15.79987,16.393933,15.857964,16.29223,17.186461,15.961722,10.704363,1.761997,-9.325927,-21.354864,-32.708367,-39.409821,-36.086035,-21.177439,-1.441474,10.893979,8.112524,-4.929626,-13.843927,-7.474826,11.596152,29.398241,33.547833,23.869369,10.57092,3.097026,1.836147,0.453499,-5.38397,-13.132126,-16.860856,-13.896546,-6.879625,0.036565,5.282855,9.457715,12.070128,10.774638,4.789659,-1.939433,-2.926191,4.381946,14.75515,19.082283,12.892677,0.648315,-9.246563,-13.741981,-18.350289,-29.859234,-46.007549,-54.299636,-43.253944,-15.342889,12.76479,24.750099,19.945071,13.26744,19.240925,36.663762,50.141603,46.582881,28.594805,10.551958,2.613072,1.037191,-4.838118,-18.028807,-29.173517,-27.112825,-12.3712,2.000942,3.195817,-8.99893,-23.020238,-27.424251,-20.69793,-9.88244,-1.648731,3.765882,10.38854,20.054492,29.028972,30.778417,21.89604,5.890136,-8.415203,-13.059395,-7.1881,2.104256,6.011275,2.242917,-3.072978,-2.678949,2.569013,3.221981,-8.600076,-29.025379,-44.218171,-43.292991,-28.569984,-11.886361,-1.453735,5.556177,16.677068,32.492768,44.081347,42.611356,29.543843,15.554148,9.813576,11.842483,13.864609,9.272336,-2.272151,-16.222967,-26.647563,-28.181965,-18.005025,0.581617,16.935013,19.396299,6.103446,-11.085196,-16.485194,-6.098678,7.843662,9.565067,-3.206765,-16.611345,-15.977891,-2.627355,6.503865,-3.301962,-27.815628,-45.904066,-38.870499,-8.46806,23.457317,33.295974,15.535959,-12.941843,-27.310543,-15.301423,13.622881,37.757106,42.274301,30.547948,17.895767,15.023049,18.221739,15.618335,1.51979,-17.0733,-27.895941,-25.163305,-12.735246,2.313131,15.606994,24.237949,23.671973,10.971661,-8.239104,-20.47783,-16.481916,-2.175139,6.321634,0.450776,-10.702905,-11.389211,0.840603,10.815092,3.71693,-15.985012,-28.648959
5.924441,9.561039,8.888959,3.390458,-4.329958,-10.061306,-10.693477,-6.265632,0.083485,4.253118,3.935459,0.090695,-3.845912,-4.423824,-0.567628,5.730652,10.809926,11.768589,8.222651,2.272869,-3.120308,-6.077152,-6.689994,-6.392377,-6.483139,-7.03091,-6.970694,-5.206811,-1.750014,2.066746,4.478472,4.570914,2.924868,1.095319,0.325757,0.521285,0.330493,-1.666663,-5.55669,-9.607566,-11.210964,-8.707556,-2.828998,3.352546,6.109585,3.393376,-3.679687,-11.211071,-14.629668,-11.28986,-2.004132,9.386218,18.104071,20.925861,17.643929,10.782901,3.92557,-0.235681,-0.992719,0.602957,2.887723,4.76472,6.159162,7.599896,9.39922,11.124716,11.766951,10.45057,7.124892,2.690266,-1.560852,-4.796766,-7.170928,-9.614576,-13.014035,-17.345148,-21.403985,-23.38993,-22.015418,-17.431007,-11.335082,-6.143704,-3.698671,-4.292936,-6.592178,-8.462634,-8.154698,-5.106058,0.071497,6.286482,12.760232,19.312261,25.944608,32.084807,36.150857,35.930461,29.717415,17.580005,1.93684,-13.05641,-23.129488,-25.734431,-21.132364,-12.156759,-2.804201,3.569241,5.506213,3.603267,-0.323448,-4.412394,-7.540874,-9.378616,-9.931963,-9.131305,-6.885164,-3.544605,-0.272326,1.227624,-0.297105,-4.502676,-9.062673,-10.623589,-6.808305,1.894088,11.711925,17.258932,14.573503,3.765964,-10.487726,-21.173951,-22.751421,-14.28968,0.032464,13.442134,20.560944,20.362368,16.260331,13.381499,14.927203,20.08554,24.827701,24.901092,18.832833,8.830901,-0.95572,-7.432593,-10.553357,-12.862242,-17.016546,-23.262936,-28.882082,-30.109038,-25.108163,-15.700426,-6.412743,-1.429227,-1.668939,-4.218722,-4.64464,-0.524405,6.470031,11.632826,10.803326,3.873802,-4.480662,-7.648125,-1.691203,11.500178,24.874313,30.462984,24.450731,9.669894,-6.164712,-15.288232,-14.554511,-6.913763
-6.386018,5.411456,18.965215,23.796244,16.483969,4.358644,-1.700424,1.780755,8.082479,8.947394,4.697778,3.514565,10.190861,18.060658,15.188083,-1.148789,-19.02166,-23.429586,-12.513633,0.623971,3.063428,-3.751106,-7.793199,-3.068993,2.261225,-3.004199,-16.864178,-24.461922,-16.315925,-2.110308,-1.292783,-19.706626,-39.911198,-38.207618,-10.305536,22.952497,35.976031,22.493344,-1.192166,-13.866864,-7.284063,11.792539,31.593076,43.826936,45.039591,35.645955,20.403664,7.114089,0.883891,-0.800779,-4.944253,-14.033462,-21.991273,-20.744843,-9.681936,3.463808,10.578168,9.44421,1.960395,-9.830556,-22.283529,-27.065534,-16.40748,4.98257,17.674019,4.721124,-27.031905,-48.467985,-36.712282,-1.02256,25.269653,20.382099,-2.847113,-13.438042,1.322783,22.847143,25.863333,8.944452,-6.472535,-4.945435,4.740926,4.830309,-4.655777,-4.696236,15.887006,41.416364,45.228462,21.994995,-4.755308,-10.641046,0.594899,3.396908,-16.168002,-41.962329,-47.040914,-26.045579,-0.910775,5.483249,-5.830258,-15.250321,-9.832278,4.015029,12.677338,12.598892,10.657808,11.614394,12.678534,11.222158,10.950169,15.353533,18.762996,11.406424,-5.499917,-16.425151,-8.751733,9.625359,16.914003,2.859958,-18.603884,-26.776979,-20.163719,-17.023335,-28.862988,-41.473721,-29.978675,9.333755,50.506325,64.309933,47.429339,20.001324,-1.447166,-18.39622,-35.454944,-42.182221,-22.97052,14.640708,34.750246,8.09773,-49.450458,-84.580858,-59.232362,8.477076,62.551029,67.326077,40.661171,27.049163,44.848249,68.519295,62.235035,21.731909,-23.441088,-44.825482,-43.100244,-39.316266,-45.730334,-53.210086,-46.699069,-25.430724,-2.925048,9.9164,15.591085,22.813409,33.196665,39.109331,33.614341,18.652321,2.156095,-10.33233,-18.725496,-24.226349,-25.337193,-19.566192,-7.874265,4.308127,10.731943,8.549903
-19.296302,-15.59758,-10.804409,-8.465762,-8.355447,-6.599494,0.61307,12.630127,23.093367,23.541108,9.743043,-13.883908,-35.551267,-42.913083,-31.068115,-6.123336,18.487548,30.676056,27.444844,16.288974,9.269655,14.010311,28.089263,40.855034,41.314111,26.343962,3.271754,-15.027994,-18.95104,-8.569781,6.842383,15.606887,11.715059,-1.552443,-14.735528,-19.373885,-13.848159,-3.811851,2.63816,1.076965,-6.446411,-13.677475,-15.30501,-10.812174,-4.215188,-0.318349,-0.815504,-3.4297,-4.558863,-2.910025,-0.827501,-2.065037,-7.894603,-15.039654,-17.567004,-11.586961,0.942807,12.660887,15.683323,7.531496,-6.432084,-16.250168,-14.283892,-0.876191,15.468048,23.737465,18.00117,1.553773,-15.317233,-22.312638,-15.881905,-1.095656,12.39523,17.110675,12.287196,3.245723,-3.405814,-4.756334,-2.995801,-2.527823,-5.492015,-9.516887,-9.568797,-2.367087,10.284007,22.079217,26.458666,21.34629,10.747256,1.924369,0.220108,5.358032,11.911531,13.480159,7.384061,-3.574565,-13.403829,-17.317216,-14.824102,-9.313902,-4.768164,-2.44475,-0.257066,4.723532,12.822339,20.390011,21.912048,14.200209,-0.532558,-15.265587,-22.328126,-18.335842,-6.439645,5.727408,10.985728,7.009103,-2.762627,-12.108295,-16.583406,-16.3582,-15.452169,-18.150589,-25.352801,-33.505809,-36.811559,-31.067933,-16.470712,2.413435,19.270949,29.371689,31.515215,27.715658,21.342245,15.245024,10.985676,9.175761,10.066008,13.564756,18.641866,22.857447,22.846927,15.894989,1.789949,-16.283706,-32.613383,-41.340002,-39.157841,-26.903376,-9.207927,7.573822,18.096512,20.122026,15.102143,7.12859,0.848831,-0.668727,2.820389,8.90217,13.958951,15.171389,12.013514,6.403452,1.396913,-0.804532,-0.255891,0.907567,0.20872,-3.017505,-6.658907,-6.997744,-1.503918,8.586711,17.92708,19.694107,9.925395,-9.160081
42.3264,57.561898,55.967778,36.412588,6.607175,-21.546639,-38.796397,-43.060321,-38.952914,-33.215709,-29.666863,-27.255464,-22.22847,-12.313321,0.52222,10.879016,13.632968,7.689614,-3.029355,-12.0789,-14.641435,-10.410693,-3.315173,1.518709,1.312337,-2.719026,-6.537848,-6.235313,-0.66972,7.863545,15.149983,17.617089,14.34049,7.453161,0.937079,-1.415303,2.160731,10.544668,20.161225,26.516653,26.237145,18.730171,6.620589,-5.411027,-12.940034,-14.069814,-10.342162,-5.669354,-3.872064,-6.334505,-11.267555,-15.045266,-14.711838,-9.984547,-3.443147,1.163704,1.323838,-2.688369,-8.024656,-10.964602,-8.969333,-1.917985,7.97527,17.277271,22.803685,22.841207,17.798985,10.130151,3.427745,0.800223,3.090552,7.947386,10.664319,6.802146,-4.700075,-19.983389,-31.759818,-33.433166,-23.464021,-6.995856,6.746822,9.98576,1.350318,-13.121789,-23.808326,-23.703838,-12.820821,2.197153,12.883005,14.679639,9.509375,3.500307,1.831934,4.792877,8.122946,7.288553,2.140283,-2.051204,1.571076,15.428692,34.039136,46.297404,42.530206,21.586444,-7.233288,-29.239663,-33.353394,-19.078685,3.281232,19.340128,19.757451,5.720602,-12.646363,-23.505829,-21.053878,-8.680789,4.119527,8.456367,1.589491,-12.164078,-25.135282,-31.51752,-30.421408,-25.126285,-19.748387,-16.118236,-13.016474,-7.855685,0.871807,12.295506,23.727239,32.301254,36.321161,35.5227,30.514995,22.223418,11.840698,1.049974,-8.096936,-13.906135,-15.909949,-15.071287,-12.966389,-10.488876,-7.15837,-1.734915,6.236407,15.217383,21.971368,23.413705,18.784889,10.503625,2.918451,-0.304426,1.597028,6.130626,9.208211,7.574087,0.389556,-10.818124,-23.364297,-34.621129,-42.467463,-45.164213,-41.430509,-31.148711,-16.200003,-0.382645,12.129583,19.057047,21.338471,22.217498,24.444718,27.634189,28.062964,21.541177
4.318388,16.197387,25.138204,22.216193,7.763853,-8.942779,-18.661219,-19.802278,-17.225073,-15.368815,-14.323249,-12.060107,-8.06997,-3.354338,1.911051,8.421693,15.057917,18.011475,14.276392,5.56547,-2.848719,-7.576942,-10.130365,-13.610491,-17.425327,-17.124796,-9.791396,1.912846,12.189129,17.721837,19.371401,18.648386,14.869092,7.397904,-0.675837,-4.066457,-1.622585,0.743824,-4.124909,-15.788796,-25.107681,-23.16081,-10.342207,4.687717,14.385298,18.57883,20.92837,21.677838,16.991372,5.673486,-6.351485,-10.88884,-6.422599,0.022207,0.827661,-3.998624,-8.238597,-8.29125,-7.906333,-12.619869,-20.913137,-23.686991,-13.787795,4.991252,19.995219,21.228109,10.440835,-1.179474,-3.752695,2.868823,10.2663,9.905701,0.706698,-10.412855,-14.709223,-9.041679,1.540211,8.278577,6.620063,0.468229,-1.610827,4.957517,15.80092,21.725624,17.893194,8.362571,1.216018,-0.077669,0.656521,-1.872696,-7.542144,-11.256798,-9.890882,-6.829045,-8.152531,-14.892335,-20.880245,-19.253545,-10.3349,-1.759686,-0.51014,-5.599247,-9.201762,-4.63161,7.384404,19.977383,26.516882,25.301827,19.033592,11.365177,4.567973,-0.5106,-3.815428,-5.949673,-7.874041,-9.8336,-10.667221,-8.96389,-5.191113,-1.945305,-1.20001,-1.46953,1.060442,7.649654,13.853781,12.971012,3.698534,-6.475675,-7.491377,2.5773,13.875439,13.59892,-0.732056,-17.634684,-22.459275,-11.917139,2.953436,8.528549,2.311744,-5.983557,-6.299639,0.807531,6.051809,2.870589,-5.312952,-9.810197,-6.757776,-0.517118,2.576958,1.536597,0.512693,2.684003,6.655116,9.166995,9.242279,7.97088,5.362264,0.147017,-6.474929,-9.224243,-3.694304,7.025774,13.193017,7.781139,-5.699766,-16.477507,-17.584044,-11.887139,-6.430184,-2.958156,2.99048,13.522747,22.269637,19.984434,5.947428,-9.136405
-5.092247,-16.287401,-21.577832,-14.13689,1.860406,14.465272,15.655054,8.721121,3.161804,3.42487,4.953015,1.832195,-4.046015,-4.286732,5.356798,18.068012,21.83458,11.894332,-4.359717,-15.278739,-16.280144,-12.226444,-9.80786,-10.052655,-9.176379,-4.891423,0.571822,3.839432,4.718772,5.669106,7.807934,9.320273,8.276835,5.619183,4.082258,4.658518,5.531142,4.771457,2.841955,1.436588,0.548581,-1.808687,-6.689408,-12.30866,-16.038618,-17.534892,-18.322184,-18.196632,-13.952846,-3.463393,9.510914,16.872376,13.990736,5.173781,-0.253842,2.458515,9.027223,11.786715,8.426156,3.39716,1.116467,0.474323,-1.995971,-5.006373,-2.302301,8.517472,19.149628,16.712885,-1.400259,-20.939718,-22.714534,-2.544687,22.293985,28.775045,10.682089,-15.515778,-27.587787,-19.170578,-3.724084,1.679085,-6.114104,-15.748743,-15.788443,-6.4326,3.489979,7.925275,8.666125,9.564464,9.676688,5.254309,-2.70673,-7.025087,-2.709594,5.182362,5.684836,-5.060851,-17.409659,-17.528492,-2.841582,14.278847,19.438653,11.281468,1.725088,1.834288,10.129906,16.120309,13.2438,5.233157,-0.349757,-1.516402,-2.153083,-4.446609,-5.040363,-0.548942,5.564018,5.245495,-4.482252,-16.774519,-21.870298,-17.512842,-10.094831,-5.658185,-2.873641,2.913334,10.592902,12.286488,2.930149,-11.63971,-19.2855,-14.230022,-2.703158,4.953594,5.590118,4.373603,5.895187,8.018868,6.387356,2.348009,2.362542,9.092775,16.609119,17.279134,11.805307,8.507205,11.705055,14.431718,6.502406,-10.963138,-23.60122,-19.197756,-3.004921,6.322253,-2.897844,-21.832217,-30.476434,-19.482981,0.274604,10.551784,5.437892,-4.205233,-4.790949,4.967395,14.418385,13.917707,4.396111,-5.693182,-9.757411,-7.449306,-1.633771,5.398864,11.634591,13.847521,9.524088,0.63462,-6.580403,-7.1784
-0.553878,13.971319,21.504521,13.216228,-4.941767,-18.901971,-20.158636,-11.146006,0.744723,10.247735,14.479906,10.518316,-2.23525,-17.18688,-22.707451,-13.012025,3.914248,12.536509,5.095353,-10.907715,-21.484337,-20.552799,-13.502513,-7.779565,-3.939262,2.061846,10.530532,16.271907,15.728987,12.451375,12.716428,17.135588,19.953908,17.174347,12.209848,10.880017,12.351681,8.904177,-3.917845,-19.483337,-25.436894,-16.901325,-2.169623,5.72238,1.808334,-7.428786,-12.178908,-8.831403,-1.72209,2.133666,-1.248757,-10.499531,-19.582602,-20.979927,-11.251481,4.413855,14.544906,11.265698,-1.208602,-9.595067,-4.511698,10.168942,21.881879,22.277821,13.695346,3.361068,-5.213023,-12.433319,-16.539715,-12.658754,-0.328967,11.378752,11.297902,-0.473117,-10.460149,-6.141007,9.219754,19.830816,16.012838,5.941972,5.651771,18.778136,30.481523,23.3563,-2.860805,-30.086855,-39.797571,-29.845531,-13.498946,-4.798255,-6.956398,-13.247758,-15.391598,-9.957218,0.538949,9.799713,11.648662,4.862263,-4.638254,-8.291419,-3.441436,3.512191,4.4648,-0.342106,-2.318467,4.426407,14.805362,18.730809,14.3833,10.950604,15.704986,21.635016,13.428859,-12.957509,-40.8257,-46.982112,-25.142637,7.699848,28.496145,28.80906,17.315334,5.928667,-1.153049,-4.853748,-4.261953,2.185505,10.290242,11.180476,1.677097,-10.011209,-13.364919,-9.196021,-9.117966,-19.585445,-30.908903,-27.303463,-6.976675,13.439849,17.198389,6.365674,-2.29553,1.06994,8.303631,6.571574,-2.39546,-3.735152,9.538083,24.210926,21.492403,1.44973,-14.536213,-8.533537,11.637069,20.671379,5.581615,-18.642114,-26.157075,-9.489518,13.244448,19.788914,7.346706,-7.723688,-10.073319,-0.205779,10.322385,12.899453,7.523696,-2.28919,-14.14086,-24.672682,-27.382667,-17.553639,0.526126,14.919316,16.848905,8.951668
-8.866328,-7.088546,0.734947,5.676981,-0.921871,-15.514696,-21.962885,-6.748149,24.745373,49.780249,48.695881,23.71031,-4.221868,-17.181472,-16.636412,-16.861118,-24.620134,-29.945569,-18.943311,7.159177,30.061836,32.451805,15.370203,-4.532329,-13.430758,-12.668396,-12.280434,-15.944499,-16.381169,-5.733491,12.93276,26.95968,25.937957,10.31633,-10.919683,-27.945901,-34.380186,-27.515892,-9.527999,10.302669,18.752474,9.173063,-10.161651,-21.332528,-13.216609,7.688101,24.481145,27.405554,21.838094,18.324997,18.138539,13.036474,-0.611701,-12.5055,-8.207312,11.981075,28.833935,22.98341,-2.846107,-24.247566,-19.988664,5.010423,24.088523,16.389149,-12.10483,-36.245217,-38.726501,-26.72463,-21.161264,-31.954619,-46.83273,-45.018129,-19.813247,14.2649,36.164551,37.968706,29.228791,23.698389,24.726283,24.885315,18.087922,8.703659,6.845163,15.684735,26.029098,24.986698,9.296292,-11.547886,-25.609958,-30.200285,-31.654963,-34.321165,-32.994178,-19.059339,6.359437,28.7365,32.51537,17.058576,-1.916703,-8.032229,-0.243465,8.323206,6.602963,-2.360463,-7.287532,-4.345524,-2.501298,-11.076459,-24.620399,-25.172384,-2.058458,32.657113,52.389503,41.394164,10.591136,-13.645846,-16.127937,-6.612204,-6.711029,-25.181742,-48.507952,-55.736826,-39.993984,-13.433858,7.618594,18.826408,27.545919,38.96609,47.130128,42.103024,24.148816,6.773534,3.510944,12.953627,19.575865,10.415732,-10.466749,-25.840224,-23.426365,-8.566026,2.087728,-1.587298,-13.468311,-19.543526,-14.097258,-5.523098,-6.040819,-17.655551,-30.015104,-31.609241,-21.016434,-6.175618,5.724517,14.902966,24.973643,34.762786,37.334638,28.0481,11.604244,-1.304039,-4.539498,-1.90294,-0.815515,-2.042049,1.374004,13.588915,26.386723,23.977141,-0.24987,-32.74543,-48.748555,-34.740786,-2.16187,22.656369,23.206731,7.215045
0.440179,3.099195,2.018901,1.920685,7.595976,18.053991,25.788,22.370638,6.024579,-15.365352,-29.190286,-27.721038,-14.224338,0.318686,7.116483,6.369573,4.176576,3.579716,0.674927,-9.046178,-21.562817,-24.403731,-8.071171,22.575753,49.635101,55.86304,37.786463,6.692975,-21.323412,-35.892749,-35.921681,-27.08526,-17.632458,-14.170051,-17.466437,-20.923109,-15.350167,1.951702,22.555938,33.23451,28.403766,15.973809,9.850015,16.430135,28.763232,33.581254,23.259695,1.332065,-21.669577,-36.348546,-39.865798,-36.426368,-33.625203,-36.13166,-40.194933,-34.7638,-11.460145,24.153076,52.806174,56.830922,37.232878,14.195718,8.448042,21.79611,36.941276,36.033254,17.450594,-6.070258,-22.673418,-30.811411,-33.754721,-29.970901,-14.423393,10.240685,28.703433,24.331823,-3.305927,-34.664177,-46.575896,-33.283179,-11.048145,-1.873481,-12.633938,-29.598715,-32.549928,-14.112137,14.030536,33.210935,35.925056,32.041005,36.505035,50.750633,57.989105,39.820883,-1.310533,-38.507629,-43.061981,-12.562199,24.760682,35.516172,11.24839,-26.837545,-50.927037,-51.089634,-37.073522,-21.511491,-7.900512,4.613576,11.812514,7.048561,-7.054879,-16.306957,-9.136765,9.25067,22.178749,21.578511,17.755881,25.249985,41.722506,47.251723,26.882311,-10.133385,-37.918526,-39.753641,-22.295754,-3.992913,5.294121,8.892412,10.873695,7.068145,-7.645625,-27.44779,-37.7797,-30.754086,-14.112121,-1.94574,0.862566,1.05513,5.117858,10.501458,11.237021,8.13844,7.787334,11.765473,12.906224,5.792676,-2.972842,-1.409298,10.621605,17.351858,5.404614,-16.550771,-23.374877,-1.136994,35.124961,55.753592,46.95868,22.226954,3.228462,-4.513529,-12.087911,-26.779466,-39.538732,-36.541376,-18.628134,-2.886924,-4.661221,-22.659436,-43.487583,-56.17132,-57.61776,-46.89166,-22.700801,9.608488,34.547379,38.72718
13.446999,-2.176438,-23.244804,-26.998108,-5.982335,22.399034,34.298,24.849104,11.03956,9.619923,17.482422,17.862022,3.284783,-14.094293,-17.546926,-7.038906,-0.112398,-11.334149,-35.275334,-52.714862,-51.23136,-35.489197,-17.439423,-1.58623,15.920796,35.706573,48.860053,45.660708,28.35456,10.890399,4.71802,7.310301,6.953519,-2.189501,-12.621179,-12.053521,2.230774,19.289077,24.634108,13.444331,-6.000272,-20.412299,-22.264476,-14.055587,-4.36354,-0.575424,-4.136509,-10.906388,-15.262883,-14.315356,-9.091958,-2.541844,2.911297,5.831623,5.025713,0.167339,-6.171301,-8.637709,-3.6075,5.775901,10.878106,6.035703,-4.273059,-8.689969,-0.746831,13.504233,21.263346,16.345122,5.116714,-1.557663,-0.386555,2.689962,2.253403,1.023525,4.87069,11.990419,12.028245,-1.206045,-18.738428,-23.161536,-8.099729,12.37768,17.913557,5.156728,-7.524256,-1.716882,17.045447,22.591122,-1.985586,-41.095696,-58.913035,-36.621467,5.946891,29.689826,16.699041,-12.453634,-23.466453,-6.831082,13.271704,8.782786,-18.882789,-40.264204,-31.359777,0.370682,26.929196,32.829537,30.141689,38.616914,56.948622,61.744734,36.338037,-5.715774,-32.135173,-26.227464,-4.154586,4.796152,-8.605274,-25.432455,-23.480451,-4.318599,9.136969,0.010236,-23.366066,-37.745068,-30.477458,-10.399702,5.326263,9.478862,7.206175,4.523956,0.949396,-5.238423,-9.811554,-6.056877,5.226109,14.098429,12.355566,3.378447,-2.358033,-0.713271,1.461281,-3.10141,-10.318533,-8.251048,7.444058,25.860186,31.89016,23.276552,12.722841,12.233213,18.793207,18.800647,5.553174,-11.66452,-17.796564,-9.262097,1.722691,0.016082,-17.161853,-38.12034,-47.837624,-40.011302,-20.164859,-0.235879,9.446927,6.295617,-2.798714,-6.104782,3.244556,20.010537,30.456407,25.425375,10.024924,-1.293897,0.181563,8.77244
20.974641,16.454444,3.159894,-5.489739,-2.085234,5.954897,5.820403,-4.930022,-16.105405,-18.297097,-14.063183,-12.737592,-16.947901,-19.661516,-15.460942,-9.555604,-10.801306,-17.627692,-17.287465,-2.065503,17.825585,23.348565,9.109484,-8.03599,-6.277924,17.125042,42.677665,49.074777,32.992338,7.5533,-14.014805,-27.711525,-33.235353,-27.208839,-8.05952,14.791584,24.432047,13.375786,-6.103308,-13.690964,-3.521814,9.047282,5.541983,-13.280306,-27.10685,-18.330499,8.54295,31.570354,33.594775,17.499379,0.440609,-3.697988,4.789751,14.662758,14.311868,0.030177,-21.964334,-39.427179,-42.329431,-30.928085,-16.181059,-9.692128,-11.908945,-11.992704,-1.143312,15.482012,23.38677,15.696434,2.117861,-1.905853,6.736449,15.889737,14.310472,6.697735,8.174285,24.480657,42.460266,43.058287,21.549748,-8.427442,-29.873498,-37.046964,-34.044501,-24.240463,-7.818171,10.144979,16.471624,1.743688,-25.064451,-40.059338,-27.094466,4.215463,26.672949,22.402728,-0.457891,-18.394531,-16.882749,-1.578241,12.756267,19.261492,22.390665,27.473445,32.07049,29.322045,17.024531,0.381676,-13.745728,-22.750637,-27.846846,-30.077925,-28.989436,-24.722827,-19.222315,-14.488592,-10.752267,-7.248386,-3.832166,-0.465477,4.336542,12.414352,22.390344,28.817987,27.075013,19.069722,12.044344,10.577667,11.19671,6.998374,-2.601215,-9.262169,-4.726334,8.4601,17.592008,12.269494,-4.629848,-19.390083,-20.481314,-8.444855,6.418412,14.155643,12.040436,3.181659,-8.572506,-20.777026,-30.764074,-34.634226,-29.778682,-18.524737,-8.132141,-5.63586,-11.433589,-17.68202,-14.124038,2.689856,25.014895,39.504226,38.775747,28.036709,19.475166,19.496963,22.323332,17.400752,2.674809,-11.637718,-13.831313,-4.01042,5.743874,4.917421,-3.915931,-9.097262,-4.408675,3.399714,2.948963,-7.881068,-19.175654,-20.201912
4.234211,11.203611,14.810075,10.739429,1.267455,-8.262484,-15.771069,-23.023917,-29.953808,-31.226923,-21.200132,-2.145004,14.965763,19.764843,12.290686,2.439984,-0.188324,5.185535,12.058717,14.759603,13.292396,10.817855,8.927566,6.979135,4.8108,3.496691,2.579547,-1.498781,-11.655764,-24.398091,-29.751757,-19.397318,4.102566,26.852002,33.838307,21.083906,-1.266529,-17.620424,-19.463579,-10.854284,-2.885623,-3.085786,-9.676871,-15.233326,-14.939541,-10.566077,-6.617623,-4.127722,-0.058312,7.043212,13.002843,12.129278,5.329423,1.320769,7.303608,19.348378,25.342976,18.919336,7.842418,5.001756,11.439553,12.979968,-2.639543,-27.403203,-37.623028,-19.875363,10.874113,24.393464,7.472985,-20.871689,-29.801848,-10.401492,15.395382,20.253045,1.18964,-20.121081,-24.35666,-15.088578,-9.373218,-12.877677,-12.228921,5.910209,33.966627,48.160638,34.214614,3.463759,-19.405212,-21.696693,-11.759303,-4.094717,-1.672129,2.997946,12.577739,17.904058,9.383428,-8.373815,-18.819976,-11.362429,6.506037,17.580232,13.80347,3.534846,-0.152891,4.956134,9.002013,3.0515,-10.200332,-20.098297,-20.301866,-14.83139,-11.965207,-14.340184,-16.485921,-11.330883,2.206554,17.885622,27.109631,25.17459,14.389017,2.612805,-1.960889,3.052288,11.731796,14.197523,5.276941,-10.232544,-21.400149,-20.995,-11.743184,-2.936356,-1.332476,-5.724524,-9.72141,-8.415389,-1.841055,6.668106,13.497489,15.904801,12.282153,3.600303,-5.254498,-7.606569,-0.44283,12.055351,21.52054,22.64453,17.144759,10.274718,4.196624,-3.889197,-16.787815,-31.784814,-41.561429,-40.769494,-30.628126,-16.389875,-1.349504,14.709742,30.648519,39.710419,33.466837,11.786644,-12.429502,-21.660446,-9.357862,12.740934,24.430128,15.586675,-4.71922,-17.778657,-13.69053,0.060617,7.93629,2.785835,-8.051098,-12.249301
8.9083,14.385782,9.865513,-0.472126,-6.404585,-3.266349,2.317382,-0.426244,-14.027867,-28.841367,-31.843533,-18.667223,3.210622,21.815628,29.750447,26.77759,16.38587,2.258067,-12.221017,-23.380023,-27.998743,-24.644433,-13.956889,1.548248,16.964628,25.406899,22.118398,10.247954,0.909439,3.748945,15.91102,22.837059,13.303282,-6.546409,-17.690008,-9.004513,8.566523,12.639839,-5.082742,-27.699285,-31.205933,-12.492967,5.68905,0.4315,-23.633051,-37.434353,-19.422939,19.416282,46.153016,40.28045,13.338316,-6.78908,-6.735419,2.017912,2.485122,-5.028992,-4.884138,10.987459,28.979243,27.081833,0.429013,-31.049045,-42.108902,-26.970824,-2.704955,10.236557,7.367848,-0.150511,-1.069977,4.658151,9.397128,8.11848,2.227137,-5.004701,-12.527363,-19.386107,-21.213875,-12.716052,5.294624,23.437692,30.625865,23.719058,9.620272,-1.985806,-6.720644,-6.213621,-2.947708,2.728635,9.904474,14.027626,9.830501,-1.767277,-11.749587,-10.684455,0.95273,11.58619,9.375641,-5.513945,-20.483393,-23.065403,-13.500129,-3.917867,-4.999516,-14.548943,-20.300437,-13.680468,0.695793,10.115586,7.567009,-1.066869,-4.040032,3.267114,13.863771,17.587672,12.476978,6.537603,8.714129,19.477851,30.577771,32.706467,22.41365,2.927088,-18.749511,-34.237502,-35.956786,-21.536168,1.69953,18.824022,18.077751,1.714165,-15.051264,-18.073008,-7.806142,2.053842,-0.356983,-12.606552,-21.531773,-18.209732,-7.197675,-0.179664,-2.277616,-6.994722,-4.770584,5.735192,16.651678,20.293349,17.274477,14.447041,16.285047,20.108095,19.678556,11.849134,-1.091809,-14.28541,-23.707338,-26.948137,-22.864419,-12.358198,0.778965,11.475381,16.808065,17.466336,15.445853,11.096251,3.626573,-5.661946,-12.422086,-13.044997,-9.040062,-6.032733,-7.571255,-10.783833,-9.46769,-1.503855,7.988057,11.653264
0.91947,-10.030384,-11.317187,0.827408,13.973951,11.803599,-7.81793,-29.248076,-34.057908,-18.360123,5.095197,20.104995,20.463152,11.659582,2.954102,-0.23078,1.900255,5.671815,6.893475,3.904044,-0.363105,-0.336614,5.921449,12.421395,9.879068,-3.507685,-17.456556,-18.836123,-6.191922,7.359293,7.856016,-3.939451,-13.315945,-8.330206,6.831341,17.210518,14.211546,4.005849,-1.847696,-0.837924,-1.074994,-9.050972,-19.814867,-22.028292,-11.417906,3.890294,12.126224,9.813158,3.45267,0.754202,2.695348,4.472982,1.973809,-4.324742,-10.519683,-11.956934,-5.017291,10.51377,28.36516,36.588508,25.732271,-1.018458,-26.999182,-34.612003,-20.81221,0.08035,9.971034,3.729916,-7.576705,-9.515657,0.663174,12.085221,12.592468,2.022534,-7.334774,-3.600784,11.48906,22.746455,15.932441,-7.201741,-28.740084,-30.875968,-13.087684,7.657515,14.530061,7.574018,0.991383,4.276868,9.980771,3.825298,-14.517333,-26.757559,-16.192587,10.097783,25.768505,14.475734,-9.945989,-18.519514,-1.854302,17.020943,9.542062,-21.879646,-42.029286,-20.885775,30.922782,70.323508,65.145293,24.515418,-15.172605,-28.889406,-21.883776,-13.067976,-9.840534,-5.882406,1.204019,1.494803,-13.0751,-32.457681,-35.709382,-15.936329,8.674391,14.207364,-1.071389,-14.376465,-5.229856,20.628568,38.581063,33.830535,16.544501,6.797948,9.93748,12.803233,3.367956,-12.573829,-18.473715,-7.91653,6.992689,9.224353,-4.86675,-23.339169,-32.28813,-27.719091,-14.401867,1.779602,16.47247,24.378739,20.340442,5.861348,-8.452909,-11.612259,-4.195275,1.473889,-4.637905,-17.498425,-21.174336,-6.317203,18.575851,34.884893,31.908159,15.773983,1.248381,-2.707085,1.636077,6.960956,8.724727,6.233138,-0.671052,-12.15433,-25.149643,-32.389637,-27.580456,-12.071853,4.900173,13.670941,11.952991,5.317872
-5.466087,-9.443183,-6.995913,7.445571,29.204089,43.284947,36.220311,9.327947,-20.676248,-35.390534,-29.395778,-12.021106,3.296652,9.417363,6.476343,-2.991834,-15.970173,-26.703204,-27.247196,-14.214525,5.459643,18.79211,18.712677,10.667416,5.749191,8.091149,11.391474,8.26472,0.228627,-4.372183,-1.532265,2.978029,1.359554,-5.168447,-6.815202,2.405885,15.637165,19.542468,9.372322,-5.176114,-10.655382,-4.764222,1.885505,-1.171882,-11.937672,-18.459907,-12.590917,1.10083,10.715617,9.507453,1.380717,-5.210097,-6.417232,-5.041689,-5.149335,-7.193968,-9.034065,-9.788463,-10.365553,-10.008738,-4.495395,9.770136,29.245965,42.406846,37.882656,15.153865,-12.81063,-28.881781,-25.382565,-9.539987,4.176885,7.103711,2.143056,-2.312119,-2.280854,-0.670427,-0.728075,-0.040758,6.258352,16.74006,21.563526,12.173222,-7.273583,-21.363082,-18.63338,-4.393204,4.236574,-3.14443,-18.555952,-24.333011,-12.564202,6.710254,17.336217,14.473812,7.461812,6.18773,8.721593,5.336557,-7.012066,-18.758182,-18.392942,-6.691437,3.417904,1.853987,-6.493777,-7.099263,7.421781,28.298131,39.151301,31.903968,12.826296,-5.812884,-17.134858,-21.923901,-22.495317,-18.295344,-8.734615,2.148323,7.177099,3.186327,-4.730887,-7.691759,-1.892469,7.67326,12.535317,9.261908,2.366445,-0.825076,2.404568,7.816772,8.678782,2.256974,-7.746154,-14.63694,-14.548935,-9.400072,-4.687286,-4.471143,-8.099021,-11.189698,-9.386147,-1.378212,10.69341,22.532656,29.12143,26.32363,13.386358,-4.877553,-19.329218,-22.247069,-13.571481,-1.399697,4.901574,2.954606,-1.210199,-0.204859,6.418836,11.353571,7.199263,-5.20859,-16.291265,-15.699949,-1.387773,18.187261,30.216417,26.686607,9.55746,-11.235062,-24.833298,-26.303609,-18.628045,-8.972708,-2.729306,-0.351729,0.876027,2.784775
-10.596595,-5.510451,3.670723,7.392032,1.407798,-8.405129,-12.382017,-7.35863,0.720227,4.229594,2.068987,-0.621483,0.425779,4.142284,7.153878,8.956325,11.712358,15.349056,15.619664,8.833173,-2.618116,-11.725886,-14.23793,-12.788277,-12.472777,-13.668473,-11.632173,-3.523707,6.479116,11.047343,7.86356,1.667026,-2.179965,-3.780433,-6.377586,-9.391136,-7.415077,2.238052,13.396511,15.929805,7.272119,-3.632717,-5.91733,1.01017,7.507338,5.968325,-0.001314,-0.96309,5.477434,10.994767,7.029758,-3.886542,-10.65711,-7.138396,0.34088,1.056642,-6.520755,-12.724337,-8.851541,1.65535,6.886876,0.496625,-10.874518,-15.264953,-8.460318,2.720194,9.353743,9.790839,8.961312,10.386196,11.642061,8.05946,-1.061788,-11.191117,-16.49371,-13.720513,-3.205835,11.306733,22.800505,23.37822,10.174635,-9.905229,-23.411565,-21.058844,-6.121398,8.542281,12.311598,5.506612,-3.166701,-6.163071,-3.011068,1.960661,5.023045,5.070786,2.245919,-2.636529,-6.941477,-6.900283,-1.568516,4.524344,4.934792,-1.605877,-9.042582,-10.357576,-5.427248,-0.732309,-0.982489,-3.025423,0.07651,9.651465,18.564002,18.874959,10.884616,2.586406,0.32562,2.069622,1.057247,-5.320972,-12.469379,-14.486411,-11.040521,-6.861276,-5.385977,-5.091724,-2.679819,1.852969,5.087056,4.733976,2.521012,1.776084,3.296561,4.95928,5.058344,4.431912,4.623147,5.118075,3.888124,0.562982,-2.376466,-2.38143,-0.045569,1.563441,0.611194,-1.623896,-2.986222,-3.472042,-4.799537,-7.259599,-8.552312,-6.648573,-2.952726,-1.172052,-2.84784,-5.190365,-4.229299,0.493926,5.553986,7.963057,8.538848,9.980619,12.314851,11.967047,6.13547,-2.83154,-8.777233,-7.716017,-1.747937,3.379772,4.027031,1.341357,-1.337074,-2.452796,-2.974639,-3.967891,-4.789346,-4.138418
-6.071917,-15.920814,-24.028006,-26.368842,-20.985278,-9.924863,1.338756,7.407377,7.120912,4.862866,7.308007,17.730709,32.53756,43.348068,43.4173,33.246791,20.508614,14.019919,16.631989,23.016314,24.281027,15.533652,-0.019755,-13.845684,-19.213029,-16.50904,-12.308349,-13.269347,-20.324035,-28.143552,-30.118606,-24.367383,-15.61353,-11.487513,-16.475826,-28.423009,-40.094242,-44.213253,-38.039704,-24.460124,-9.441018,1.960642,8.451078,12.813304,19.767172,32.53029,49.866802,65.5529,71.318549,62.192128,40.846802,17.168687,2.129231,-0.313575,3.072285,-0.573088,-19.710584,-50.032273,-75.591572,-79.689725,-57.545665,-20.552312,11.7635,25.923984,23.397176,17.083344,18.763814,28.57625,35.657838,29.118377,9.246283,-11.396868,-18.252795,-7.349613,11.109703,21.484858,16.03053,0.939284,-10.205372,-9.446302,-1.919324,-0.788137,-14.158083,-36.013417,-49.879282,-42.558712,-16.07122,12.866779,25.797437,17.117571,-1.917249,-12.950196,-5.628421,14.505869,31.371907,31.788246,15.610466,-5.204885,-16.739763,-13.450134,-0.693211,11.205542,15.210612,11.352245,4.240993,-1.959012,-6.216243,-9.457299,-11.977761,-12.632974,-10.384194,-5.966648,-1.432218,2.095696,5.875938,12.23457,21.41078,29.708823,31.242242,22.286908,4.667365,-14.808626,-28.569603,-32.858133,-29.276274,-22.595715,-17.04439,-13.964553,-12.021367,-8.97347,-3.327614,4.903327,14.078907,21.171672,22.718118,16.783098,5.074604,-6.728212,-11.69629,-6.204531,7.075866,20.593971,27.183627,25.124214,18.731829,13.914282,12.648589,11.473626,5.485009,-5.925158,-17.294527,-21.518573,-16.755639,-9.214772,-8.500654,-18.999076,-34.952969,-44.236876,-38.300041,-19.916159,-1.705167,3.889387,-5.037799,-17.997431,-20.568793,-6.253767,18.114058,37.796787,41.726327,30.600814,15.15683,6.697101,8.201591,13.279693,13.163521,5.207506
8.608942,15.595227,12.865379,2.29079,-7.212861,-8.982508,-4.803896,-1.279636,-1.633704,-3.146533,-2.403277,-0.347661,-0.067007,-0.758682,2.865886,13.568747,25.72844,29.409781,21.126631,8.801339,4.128389,10.146867,17.886228,15.918742,2.148844,-14.952896,-26.093029,-30.11397,-32.2656,-34.959146,-32.977275,-19.655555,2.697308,20.775901,20.918633,2.709062,-18.741326,-25.664844,-13.963968,3.341532,9.740852,2.520746,-4.470368,3.680424,25.191058,41.267386,34.987021,9.820632,-12.660554,-14.353432,1.352191,14.365021,9.741531,-7.571377,-20.261958,-18.124183,-6.961237,1.228651,2.594878,2.828082,6.285322,9.032158,5.373843,-1.675147,-1.574696,10.550075,25.065957,25.771812,6.796557,-20.641042,-38.94584,-39.700221,-27.579327,-11.566174,3.520399,16.211663,23.561672,21.91492,12.591373,2.917665,-1.00323,-0.878121,-2.711117,-7.357088,-8.559585,-2.581974,3.268204,-3.052067,-22.172552,-37.597332,-30.933057,-3.104084,23.381937,26.156095,5.979402,-14.288197,-13.545872,7.047614,28.07912,33.538707,25.262213,16.40661,14.824723,16.182647,12.2502,1.871758,-8.450691,-13.042081,-13.132679,-14.014847,-18.17044,-22.716625,-22.897945,-16.628659,-5.721467,5.785191,13.761698,15.69932,12.022429,5.919123,0.791729,-2.658203,-6.132671,-10.114984,-11.700161,-7.734183,-0.073784,4.469283,1.402462,-4.807412,-3.861404,9.040089,25.968957,32.469766,21.781134,1.957101,-12.034379,-12.777578,-6.101357,-2.924512,-7.380543,-14.185568,-16.50998,-13.889592,-11.235642,-11.571889,-12.214458,-8.831767,-1.631847,4.460603,5.909062,5.201078,7.958249,15.705148,23.029164,22.96678,14.780271,5.195437,1.437263,3.794375,6.113523,3.598773,-1.194279,-1.333011,5.80157,14.309159,15.415375,6.954159,-4.081947,-9.009478,-6.612891,-3.833524,-7.699185,-18.032346,-28.723296,-34.695517
-29.449696,-29.953974,-3.131058,25.382711,28.977763,6.777944,-18.814463,-28.034321,-21.661871,-12.846026,-8.030101,-2.85692,4.404055,4.129848,-13.335009,-39.953337,-51.427481,-30.894468,11.119897,44.727911,49.095824,30.268888,10.478954,3.717177,5.334246,3.59026,-4.642315,-12.62512,-14.483573,-11.64574,-8.0067,-3.42171,4.208419,12.338114,14.303399,8.194894,1.824827,4.918233,16.662971,24.609559,17.951229,0.187521,-13.845114,-13.215668,-1.062283,10.583915,13.384593,8.114945,-0.43794,-9.637127,-18.389791,-23.49454,-21.084384,-12.830689,-7.801558,-14.809173,-32.302287,-47.448606,-46.58626,-26.868608,2.005977,26.442724,38.880213,40.797408,38.491458,36.872733,36.006841,31.912067,20.652618,3.022159,-14.03445,-21.54753,-15.633109,-1.255141,11.334239,14.486414,8.294688,-0.911385,-6.242061,-5.084992,-0.457467,1.090256,-5.703154,-19.311332,-30.139208,-27.546682,-11.17192,5.440789,6.310405,-9.71473,-25.395301,-22.425014,-2.264911,14.272583,10.72997,-4.62961,-7.297887,13.929939,41.011969,45.096795,19.415691,-12.029884,-21.032698,-6.114275,8.373927,2.882915,-14.457941,-19.662381,-3.536938,16.799942,18.663825,0.414039,-17.883212,-18.34458,-3.589832,10.429885,14.225957,11.697868,9.380861,6.579042,0.115788,-5.979297,-3.074356,8.892884,17.198539,10.363284,-6.150311,-14.600923,-6.840309,3.749232,-2.732614,-27.352235,-47.892889,-42.296646,-13.146896,15.147476,22.336206,11.113837,-0.721765,-1.93173,2.8815,3.739319,-1.17015,-5.221843,-2.899264,5.195238,16.094183,27.923596,37.134307,36.425304,21.315651,-0.812574,-13.542837,-7.501223,8.019757,13.776287,1.58858,-16.858585,-24.304333,-17.984895,-11.062267,-14.541092,-23.249148,-23.523443,-11.837916,0.309532,1.455905,-5.024788,-6.173227,2.15846,8.549201,0.940087,-15.286896,-19.993405,-0.355723,33.271147
4.283686,-3.60414,-3.80011,0.178996,-0.939731,-8.508497,-11.722634,-0.195133,20.791444,32.048409,19.908177,-7.802777,-28.1,-25.482189,-6.327312,9.91024,11.480943,3.857019,-0.29745,3.536015,8.778382,7.674528,-0.168992,-9.87547,-17.873048,-22.568196,-20.095271,-5.367957,18.872327,36.972469,31.029306,0.237923,-33.046823,-41.77661,-20.815792,7.071671,14.327449,-2.947235,-22.12535,-19.988123,1.504631,18.428573,13.044323,-5.505967,-11.676357,6.988675,35.436086,48.448985,39.467111,26.770488,28.978344,38.561976,26.693774,-22.175597,-83.928651,-109.900424,-73.101443,1.218384,55.00976,50.364305,3.493723,-34.361532,-28.746902,6.855343,30.596667,18.622589,-12.080321,-26.30048,-10.525387,14.503125,20.064193,2.416749,-14.875508,-9.824855,12.438454,26.219041,14.907854,-10.643989,-24.76388,-14.767178,7.285818,19.893523,15.13989,3.975745,0.562812,5.628963,7.378259,-2.994946,-19.89563,-28.408565,-19.403401,1.632251,20.170935,25.601997,18.610995,7.539779,-0.504028,-4.521202,-7.20876,-9.858189,-10.843802,-8.7554,-5.472778,-4.66263,-7.030675,-8.306903,-3.416975,7.146783,16.320467,16.968577,9.197354,0.226036,-3.097589,-0.507611,3.46186,5.814986,7.210012,7.676324,3.433333,-8.695505,-24.11914,-31.556952,-24.050596,-7.499276,5.103246,8.33792,9.847559,18.563303,29.934582,28.446154,7.072446,-19.735718,-28.041103,-10.206505,15.335408,23.026873,6.828647,-15.679558,-24.919745,-19.70455,-13.209675,-13.045926,-12.635077,-3.728028,9.212999,13.829175,7.495342,2.540875,10.160541,24.165064,27.862851,16.573847,5.342731,9.324353,21.744056,20.753537,-0.441037,-19.629361,-10.740751,19.533402,31.517082,-4.201867,-68.235508,-106.638531,-85.898686,-27.358911,17.807995,23.179631,8.583199,7.774388,25.724982,37.370619,24.903867,3.045547,-0.125926,19.230398
20.867453,19.040267,9.918676,-2.597942,-14.369842,-22.058839,-22.139221,-12.425382,3.35594,14.419741,10.477776,-7.359653,-24.851252,-26.863844,-12.380198,4.149721,7.668872,-2.136607,-11.804338,-9.881906,0.653074,7.07475,2.353352,-6.832958,-7.999183,3.500135,20.560489,32.791825,35.956583,32.226376,23.908738,10.502876,-7.46132,-24.373148,-32.115827,-27.144251,-14.022537,-1.620481,3.740246,1.874556,-2.55902,-3.720897,1.584443,11.016648,17.0022,12.355042,-1.920337,-15.133981,-16.265027,-6.29642,0.785891,-7.870036,-28.880468,-44.268068,-39.607255,-18.759136,1.679322,11.387415,15.950099,26.156526,41.559926,49.938259,43.485993,30.287031,25.018452,29.858945,30.46504,13.580575,-15.224634,-36.643369,-40.04435,-35.029269,-36.934931,-44.550987,-39.669899,-11.271026,25.289465,40.229745,21.386129,-10.64893,-23.261135,-5.919116,20.330672,27.250031,8.75471,-16.652843,-28.938416,-25.71552,-17.500615,-10.309849,-0.02093,16.102033,29.267039,26.481797,7.114225,-13.053273,-17.009531,-3.631333,13.030467,20.313149,19.080489,18.363304,21.510218,21.809265,11.820398,-6.565318,-23.565066,-31.13272,-28.44867,-18.78245,-5.135032,8.633542,15.283636,8.197597,-10.047625,-26.123636,-26.963775,-12.835384,3.040766,9.116479,7.774386,10.733629,23.290187,36.670975,37.716361,23.822928,5.136574,-7.567154,-13.349198,-17.520519,-20.834161,-17.513083,-5.246765,7.277094,7.746866,-5.053895,-18.386252,-20.156804,-13.775664,-13.856551,-26.599941,-39.091089,-32.484971,-4.793433,24.323169,33.914404,24.011907,13.52709,16.429229,25.076888,20.986644,-0.027598,-19.219768,-14.305949,14.914825,44.165831,48.434545,25.767023,-3.376375,-17.622385,-12.59777,0.973355,11.497912,15.19238,12.960639,4.60374,-10.357602,-27.809111,-38.907959,-36.670823,-22.100986,-3.397401,9.940714,12.063651,2.43424,-14.067285
0.758412,6.184148,9.638205,7.926016,2.742792,-0.85486,-0.134835,1.990012,0.307531,-6.239724,-12.651009,-13.070339,-7.148773,-0.130561,3.209031,3.300987,3.736043,5.714974,6.529432,3.943121,0.245155,-0.000758,4.006393,7.554536,5.916383,0.493783,-2.46474,0.479031,5.340203,5.212357,-1.344063,-8.34038,-9.372735,-5.090653,-2.074165,-4.715204,-10.158772,-12.212667,-8.909195,-4.269724,-2.589571,-2.974696,-1.064909,4.6258,10.144281,10.656331,6.371062,2.476019,3.252999,7.460922,10.090676,7.889848,2.285433,-2.736115,-4.439592,-2.772934,0.782568,4.502306,6.724688,6.195044,3.000767,-1.14863,-4.256101,-5.670526,-6.014229,-5.715274,-4.48788,-2.604565,-1.751472,-3.41335,-6.487478,-7.841002,-6.080332,-3.889294,-5.070042,-9.103389,-10.267034,-3.647626,8.390564,17.403536,17.279908,10.516681,5.032374,5.242127,7.842431,6.843405,1.178339,-4.411794,-5.63473,-3.607484,-2.400061,-3.06349,-2.491333,1.370508,5.341395,4.199979,-2.261082,-7.623943,-5.700057,1.932133,7.065425,3.917992,-4.283522,-8.903492,-5.536674,1.356347,3.848035,-0.501364,-6.222895,-6.30125,0.141924,7.111107,8.162671,2.80837,-3.495023,-5.116909,-1.652648,2.151752,1.461493,-3.646734,-8.015718,-6.312814,1.548614,9.806585,12.030519,7.22897,0.646934,-1.803383,0.309571,1.935472,-1.223609,-7.282824,-9.888273,-5.285687,3.302835,8.977698,8.250509,3.866209,0.665972,0.001602,-0.663143,-3.232316,-5.837536,-5.144687,-0.931377,3.107458,3.406345,0.336095,-2.81023,-3.968012,-4.122733,-4.768738,-4.885724,-1.90458,4.318547,9.833453,10.034617,4.675233,-1.364655,-2.744345,1.116264,5.666115,5.817736,0.666064,-6.061574,-9.642693,-8.33472,-4.36744,-1.640522,-2.326697,-5.057609,-6.082007,-2.602826,4.391262,10.481372,11.458304
-10.338708,-17.468929,-16.664505,-6.76476,5.783396,12.712647,11.525795,7.093491,5.842512,8.92157,11.496717,8.514841,0.51362,-6.570068,-7.105907,-1.053442,6.159025,8.549197,4.45051,-2.723448,-7.778623,-7.848704,-4.086583,-0.10963,1.170737,-0.220851,-1.694257,-0.696379,2.649726,5.252563,3.618861,-2.772939,-10.315062,-13.641622,-9.802505,-0.817733,7.618788,10.398256,6.855232,1.065608,-1.757248,0.179064,3.711325,3.776525,-1.518384,-8.577884,-11.28289,-6.726525,1.811921,7.773243,7.387229,2.87369,-0.35237,0.633611,3.691779,4.579662,1.829437,-1.882843,-3.055054,-1.29499,0.519428,-0.342223,-3.576187,-6.47385,-6.751419,-4.145495,0.429388,6.137554,11.883759,15.293695,13.495027,5.939753,-3.793607,-10.08213,-9.95797,-5.75158,-2.640001,-3.37083,-5.620234,-4.813619,0.536635,6.66488,8.000864,2.838421,-4.545957,-7.609568,-3.604519,3.820359,7.93606,4.978106,-2.752299,-9.42635,-11.129564,-8.886752,-6.629979,-6.601343,-7.05947,-4.480887,2.328757,10.61862,16.093192,16.611047,13.468438,9.528874,6.704997,5.246253,4.614423,4.114262,2.699858,-0.750211,-5.940814,-10.107655,-9.668795,-3.937989,2.99177,5.138746,0.224563,-7.691432,-11.727383,-8.667095,-1.942004,1.80153,-1.095086,-8.384495,-14.411953,-14.784896,-8.910022,0.586974,9.63322,14.282511,12.499952,6.095529,0.644153,1.589763,8.847747,15.516422,13.526468,1.740368,-11.807939,-16.751373,-10.034979,1.413467,7.803131,5.928894,1.158819,0.424146,4.358084,7.170043,3.86246,-3.704156,-8.685092,-6.704989,-0.463933,3.389799,1.336953,-3.742027,-6.183018,-3.584405,1.219838,3.735758,2.478187,-0.187662,-1.241842,-0.284677,0.4512,-1.212929,-5.141795,-9.086805,-10.600555,-8.637738,-3.810931,2.239974,7.576368,10.580541,10.550315,8.03419
27.097273,17.740668,-18.664855,-55.717618,-60.461718,-28.614206,9.589579,20.761249,1.201754,-25.220083,-37.724639,-38.649016,-40.964855,-44.395898,-34.026689,-3.031259,32.090382,45.818701,30.824039,4.99442,-8.558372,-2.453432,16.131274,40.384372,68.670031,95.054756,105.180002,89.300339,56.202479,25.831215,6.727646,-11.88395,-40.745478,-69.537797,-75.704128,-55.400927,-34.998055,-42.2908,-70.06751,-80.626401,-51.51229,-7.901637,1.994708,-36.405281,-82.587299,-82.791761,-28.106842,37.776649,67.787348,58.69312,44.649104,52.30965,74.609346,89.389117,90.737138,90.280406,90.997691,73.851184,18.941486,-64.341395,-136.588265,-159.41736,-124.379831,-53.413739,20.283987,67.46992,69.028386,24.316204,-39.359788,-75.585375,-52.987553,13.710655,73.112548,84.413449,54.216218,22.500209,14.959507,17.799307,2.465112,-33.70528,-62.876536,-62.731213,-45.571102,-42.163456,-60.188464,-70.195153,-38.384914,32.05423,99.600938,123.750833,99.98862,55.079158,15.49209,-12.325279,-33.790728,-50.015003,-56.974711,-56.372434,-57.462154,-64.028714,-64.314394,-40.364457,11.370319,71.60055,111.887947,115.978796,88.409376,46.481972,7.82394,-15.883273,-20.063712,-8.454889,6.634864,9.929534,-6.231959,-34.859604,-57.997086,-59.029475,-34.497841,2.720735,31.077665,34.679009,14.96443,-10.325266,-22.577718,-19.475226,-15.939648,-25.707581,-43.075027,-47.398688,-27.609419,2.15244,17.187769,11.867463,7.28643,24.248385,52.999839,59.387574,24.551805,-28.118519,-53.496414,-31.470502,13.742637,43.025426,43.729879,34.461103,33.035116,33.044335,19.11689,-3.626763,-10.599898,8.40596,28.773539,17.325013,-23.257522,-50.504906,-31.027258,14.213195,27.132821,-21.821907,-95.172767,-124.92086,-84.898656,-17.127724,16.466428,0.098825,-25.979546,-17.324365,25.231629,63.211056,69.051385,54.723734,50.146935,63.321474,71.797125,52.589466
-0.259676,-0.597003,-0.727057,-0.49239,0.061281,0.683069,1.053836,0.983521,0.540046,0.016807,-0.250351,-0.101694,0.338306,0.741032,0.794053,0.415797,-0.182195,-0.631394,-0.651101,-0.235404,0.346768,0.739265,0.743715,0.450167,0.160872,0.160755,0.498501,0.937491,1.116981,0.813347,0.115876,-0.61295,-0.972907,-0.797766,-0.273691,0.182305,0.20467,-0.269784,-0.954832,-1.404499,-1.309733,-0.70016,0.083353,0.620324,0.682723,0.361684,-0.029529,-0.196295,-0.070353,0.160855,0.214965,-0.060058,-0.564427,-1.016399,-1.158422,-0.944801,-0.571524,-0.326722,-0.373343,-0.62622,-0.816693,-0.699703,-0.251471,0.291147,0.586677,0.436064,-0.053561,-0.51044,-0.527884,0.06516,1.071526,2.021837,2.441953,2.126025,1.249345,0.259435,-0.379385,-0.431202,0.013595,0.625851,1.039292,1.041796,0.657852,0.100087,-0.359558,-0.520126,-0.325135,0.135442,0.67481,1.080424,1.1837,0.914594,0.329206,-0.402125,-1.051378,-1.420343,-1.424567,-1.132687,-0.736936,-0.464363,-0.469836,-0.762474,-1.200666,-1.557373,-1.625024,-1.313022,-0.695363,0.013433,0.547488,0.709739,0.471267,-0.001083,-0.41378,-0.491436,-0.130066,0.526759,1.144724,1.373547,1.049879,0.308252,-0.477592,-0.902359,-0.768771,-0.211697,0.377692,0.589851,0.253612,-0.449118,-1.085678,-1.230611,-0.719534,0.256402,1.267114,1.889732,1.928205,1.480243,0.833411,0.280372,-0.021034,-0.070283,0.049169,0.255512,0.495626,0.711313,0.804776,0.665059,0.256012,-0.304729,-0.762087,-0.859123,-0.51704,0.071613,0.527707,0.519532,-0.000103,-0.724244,-1.161578,-0.954969,-0.143399,0.81813,1.315137,0.955812,-0.165153,-1.497883,-2.3531,-2.307267,-1.443751,-0.283691,0.539882,0.651612,0.118294,-0.648331,-1.181423,-1.238863,-0.898793,-0.436942
14.944808,24.819774,23.170948,6.497423,-13.747872,-22.706221,-17.438778,-7.601983,-2.184024,-0.253697,3.654742,9.520513,12.181434,10.407059,9.615618,12.811814,13.155279,1.28495,-20.400595,-36.585167,-35.328899,-22.034078,-12.426709,-12.912761,-13.961269,-5.35379,7.397248,8.526734,-6.677208,-22.907198,-21.221406,-0.790983,21.061049,29.414589,26.090438,21.52433,18.932551,13.880786,7.499344,10.059328,25.595941,38.882302,28.096002,-7.440246,-40.16749,-41.951187,-16.00932,6.544318,3.1555,-14.780145,-18.7027,-0.143404,18.878296,14.901069,-6.528068,-18.38397,-7.668935,7.207177,-0.253987,-30.237951,-54.431812,-48.143864,-16.657549,14.478463,29.307361,33.424736,37.561981,39.711752,30.639651,12.316932,0.377733,4.886964,15.492448,12.99162,-5.81794,-22.209059,-17.570907,3.222121,15.970898,3.917253,-24.553255,-46.412692,-48.051649,-35.266678,-21.765147,-13.573775,-6.77914,3.354316,15.62219,24.92266,27.620329,23.816322,16.73729,11.516451,12.508956,19.009109,24.425028,22.990846,17.807158,18.42142,27.496916,32.726529,17.810176,-17.109271,-50.79724,-61.191632,-48.448771,-32.681268,-28.719627,-29.749923,-20.67958,-2.65328,5.953907,-4.292698,-15.875302,-3.006662,32.61044,56.167664,38.008088,-7.311607,-31.434342,-5.340719,45.47928,67.102537,36.518995,-13.834964,-34.270417,-13.74136,10.739513,-0.369043,-43.09593,-75.078212,-62.652562,-15.329952,27.596606,38.293058,23.38848,9.358044,12.661588,27.06356,35.710363,29.823612,15.002916,3.087474,0.469738,3.300961,2.370153,-6.851395,-17.800607,-17.510247,-0.440117,21.864142,28.101933,7.588034,-26.910801,-49.555209,-46.081563,-26.824341,-14.2389,-19.305152,-32.596242,-37.401504,-27.303986,-8.846018,9.313009,24.193403,35.032225,37.808652,28.724931,12.45509,1.727884,5.500654,19.192595,29.454855,28.260551,19.847174
-3.918675,-4.492737,-5.073398,-5.220749,-2.657222,2.750191,7.646002,9.245736,9.215468,11.04774,13.757138,11.236494,0.060894,-13.663209,-18.715129,-11.113495,0.286451,2.869931,-5.961537,-16.756819,-20.048989,-17.308931,-17.18398,-22.345099,-24.493509,-14.627037,4.293575,18.884189,20.034462,12.944521,10.18205,16.405043,23.525373,21.890575,13.255642,9.380711,17.851636,32.051476,37.008852,24.409931,0.478929,-20.500423,-28.806375,-25.40704,-17.936133,-12.986492,-12.192906,-13.526712,-14.482643,-14.053203,-12.752069,-11.391898,-9.867795,-7.334614,-3.95699,-2.096425,-4.447356,-10.124738,-13.427764,-8.290279,5.205733,19.556873,26.174635,23.092303,15.942449,11.646671,12.157312,14.453836,15.060835,13.049408,9.333653,5.317776,3.020391,4.383407,7.952643,6.945721,-5.70177,-27.860303,-45.460399,-43.217914,-20.035873,7.868728,21.34769,15.631522,1.975723,-7.006474,-10.189949,-14.265477,-20.238279,-19.130056,-3.504458,19.869275,33.597904,27.019759,7.362428,-8.281555,-10.388918,-3.816366,1.85124,4.359615,8.357308,15.290448,18.889941,13.048542,1.477939,-4.660871,0.278399,8.419536,5.868852,-11.85921,-33.593993,-42.534436,-32.136249,-11.816283,2.517732,3.209523,-3.083512,-2.970806,9.978669,28.173419,36.423082,26.493225,6.071286,-7.565424,-4.23241,8.737498,14.000516,2.601971,-16.450374,-26.132355,-19.540058,-5.462777,4.079087,7.816685,13.002499,20.912263,20.981413,3.78799,-22.747317,-36.752773,-25.098676,0.509874,14.655764,5.310756,-14.044093,-20.831869,-8.270667,9.972956,18.096465,15.007123,10.338071,8.70364,5.023554,-3.984115,-10.650907,-4.819361,10.45148,18.715398,8.978361,-9.347535,-15.841474,-3.144981,13.577379,14.028299,-3.751263,-21.965594,-24.35785,-13.464467,-3.835895,-2.200056,-0.72037,9.321425,23.054303,26.523923,14.317839,-2.743702
12.314971,9.831185,13.502008,18.571219,13.566723,-4.38066,-23.707522,-30.848706,-25.738118,-20.539025,-23.31244,-28.007459,-23.749685,-10.714052,-0.934568,-2.405454,-7.502131,-1.834319,16.94389,34.406823,35.30996,20.741942,5.762728,1.524952,4.453003,4.415746,-0.826479,-4.035662,-0.200679,5.763504,6.042363,1.520615,1.331304,10.21766,20.512781,20.057456,6.64689,-9.090637,-15.907946,-14.012296,-12.661301,-17.446478,-23.510353,-22.222264,-11.87275,0.716134,8.229767,9.705135,8.732224,7.306458,3.941551,-2.503293,-9.511421,-12.783371,-10.698006,-5.840409,-2.256195,-1.88884,-3.51514,-4.272044,-2.075805,2.56705,6.669913,7.546392,6.38544,8.268092,16.810529,28.456701,34.03386,27.789022,14.124011,3.165679,-0.573408,-2.59231,-9.685301,-18.941315,-19.630302,-7.305078,7.427524,8.201604,-9.267991,-32.034417,-43.780515,-40.643976,-30.271735,-17.870633,-0.023756,24.629024,43.935648,39.988266,10.920153,-20.527965,-26.689397,-3.509906,24.979203,32.545679,17.606599,0.837929,-1.309186,5.854929,6.297725,-3.962566,-12.351028,-7.997354,2.70159,4.383773,-6.047597,-13.777425,-4.616081,15.31457,24.308335,9.704738,-16.910787,-31.999105,-25.028352,-7.243962,3.950016,4.531178,4.576513,11.903524,20.378414,17.101318,-0.942837,-20.945963,-26.045382,-11.817762,9.744212,21.954977,18.399745,6.958115,0.374756,3.383527,8.731097,5.581501,-8.126483,-22.049795,-23.095401,-9.162337,7.628473,12.587373,3.082539,-9.785746,-14.149002,-9.807988,-5.815505,-7.14612,-7.887281,0.132616,14.597369,23.16145,17.753442,4.958189,-1.248303,4.037952,11.481511,10.072903,1.316845,-3.093913,3.033498,11.707561,10.363106,-2.485185,-15.390115,-17.903197,-12.376476,-9.242583,-12.92481,-16.794112,-12.750047,-1.952598,7.113684,9.534742,8.821587,10.086141,12.076442,9.412089
-3.220149,-0.784568,2.781944,2.832054,-2.720594,-10.187665,-12.957548,-8.390629,-1.263391,0.974837,-3.374003,-7.891563,-5.360014,3.157919,8.558854,3.98874,-6.571586,-12.26397,-8.050569,-1.043458,-1.982613,-11.263932,-16.601965,-6.460197,15.649671,32.970757,32.131916,16.133988,-0.332754,-6.624809,-4.478495,-1.181386,1.217992,6.178253,13.558885,15.640921,5.906266,-10.026323,-17.046385,-6.435951,12.965404,22.47373,12.50917,-8.29506,-23.398903,-25.263338,-19.823453,-15.885493,-14.486787,-10.776169,-3.410235,2.591391,3.176567,1.697267,4.567327,11.58855,14.701375,8.233251,-2.263782,-5.125997,3.289771,12.87309,10.599442,-4.192812,-18.335452,-19.273938,-8.62788,0.662037,-0.400348,-7.207213,-7.8622,3.066789,19.246053,30.20135,31.550641,26.692667,20.55725,14.52293,7.612038,0.041294,-6.616189,-12.130543,-18.177512,-25.246129,-30.283381,-29.089342,-21.13723,-10.856579,-3.522676,-0.470712,0.990873,3.436925,6.235986,6.915341,4.767517,2.175311,2.28881,5.837924,10.315093,11.952379,8.528952,0.981457,-7.028573,-11.316349,-9.841337,-3.855571,3.54549,10.032705,14.933942,17.570726,15.794362,7.733958,-4.560113,-14.559198,-16.146863,-9.535854,-1.346575,1.953927,0.129311,-2.104626,-1.754763,-1.013415,-3.133691,-6.451192,-5.204895,2.852872,11.623622,11.924077,1.937476,-9.31544,-10.390519,1.003689,15.738371,22.249178,16.604947,3.728928,-9.159061,-18.07254,-21.861454,-19.656208,-11.51515,-1.121142,5.073245,3.403081,-2.906172,-6.824539,-4.953462,-0.6571,0.843065,-0.732671,-0.528851,4.83106,12.19688,14.883067,10.239,2.764896,-0.778589,1.649881,6.145059,7.909132,6.052801,3.049318,0.848823,-0.880641,-2.75917,-3.601941,-1.627116,2.555646,5.415709,3.647654,-2.460066,-9.224238,-12.937036,-12.651419,-9.889475,-6.501749
3.329217,2.862306,-0.531635,-3.998744,-4.606042,-2.151162,0.848647,2.056912,2.052196,3.808808,9.211853,16.283822,20.382171,18.437286,11.76535,4.337416,-1.496271,-6.781911,-13.158276,-19.178177,-20.905989,-16.688318,-10.184015,-7.049159,-8.377861,-8.820469,-2.514876,9.476869,19.116686,19.419526,11.655007,3.540659,0.760726,1.784414,1.471143,-1.873268,-4.922491,-4.420992,-1.475662,0.680473,1.744058,4.409815,8.763783,9.121368,-0.595246,-18.123183,-31.926763,-31.115023,-16.191741,1.222149,9.434899,6.588883,-0.092479,-2.727564,1.158951,9.415772,18.496174,24.349086,22.687125,12.36531,-0.68251,-6.085533,1.057828,13.274561,16.882388,6.826127,-6.369698,-7.189567,7.201756,22.270096,20.671096,0.32311,-23.92233,-36.098791,-34.016612,-27.41992,-24.079453,-21.612169,-13.715767,-1.01732,7.970898,6.676215,-1.706457,-7.98348,-7.144926,-2.514968,0.107265,-0.022384,1.482807,7.902084,17.337805,25.203828,28.977863,29.189121,26.754162,21.43354,13.423398,4.897692,-1.531986,-5.554957,-9.065048,-13.093567,-15.944537,-15.141392,-10.518056,-4.303164,1.564126,6.747195,10.606483,10.448495,3.667476,-8.084234,-18.462326,-21.658113,-17.979503,-13.31494,-12.899653,-16.314521,-18.805463,-16.511574,-9.488432,-0.309194,8.54514,15.291235,18.303194,16.798732,12.21236,7.615614,5.133498,4.749693,6.274741,11.164409,20.170592,28.987792,28.960006,15.094066,-6.579966,-22.240441,-22.809513,-12.571223,-3.722519,-2.829107,-5.058377,-2.714934,3.201267,3.636056,-6.014216,-17.660699,-18.221245,-4.993476,10.071016,13.151687,3.571098,-6.691934,-7.841483,-3.02037,-2.254118,-8.1521,-11.996407,-5.234763,8.443981,16.207384,10.999008,-0.12905,-4.758699,-0.332767,2.855885,-5.160861,-20.378371,-27.192623,-14.648624,11.408209,33.291466,37.631816,25.833238,9.810706
-28.524401,-16.714047,2.466351,12.713575,10.335707,4.545916,3.328344,4.778873,3.796581,2.174898,6.610055,17.579962,25.795652,22.535631,10.296243,-0.981914,-7.069617,-13.572372,-24.915795,-33.842998,-27.858931,-6.220395,15.096595,19.412274,8.115702,-1.233209,3.999112,16.641484,18.929056,4.092883,-15.813416,-24.069992,-17.136441,-5.664311,-0.501435,-2.395106,-5.702722,-7.166816,-7.028662,-3.856401,5.797263,20.474036,30.601658,27.058345,12.782844,1.643457,3.359415,11.782532,11.487094,-4.179971,-24.701945,-33.460064,-25.185579,-10.130262,-1.804535,-3.496667,-7.746292,-6.559851,0.52578,7.880081,10.45965,7.999656,4.240988,3.466796,6.751165,9.881929,5.77902,-8.13358,-23.93538,-27.40646,-11.742408,13.05953,27.954249,23.996806,11.735567,8.650627,18.15619,25.206501,14.618042,-9.597207,-27.646605,-26.374615,-13.521514,-6.78709,-11.858164,-16.687723,-8.243324,10.109167,22.12103,17.583129,2.699451,-9.342786,-13.380186,-13.856537,-14.145139,-10.979115,-1.8875,6.961069,6.713306,-0.643644,-1.134974,14.293315,34.487791,36.116937,9.4581,-27.315795,-43.880036,-27.928145,2.934777,19.999083,11.829905,-7.349432,-15.037643,-2.753558,18.571673,31.210278,25.878268,6.84498,-13.267437,-22.272846,-15.539152,1.325997,16.200296,19.381819,10.910298,-0.945874,-8.639667,-11.723903,-13.753563,-14.966376,-11.484202,-2.534552,4.863066,2.178229,-9.744091,-19.441515,-16.616938,-3.642915,7.173007,7.383422,0.693126,-3.391603,-1.308411,2.269604,2.859441,2.634107,6.286402,13.090258,17.076716,15.235433,11.784782,11.893552,13.577935,9.992956,0.056988,-7.448282,-3.821133,7.187651,11.458,0.585232,-17.121409,-25.105841,-17.370124,-5.270717,-3.981194,-14.634762,-23.122663,-16.529353,2.137568,17.184151,16.573646,3.008704,-10.542657,-13.708554,-6.299824,4.411526
8.87694,5.765302,5.287697,8.231279,9.925514,5.793671,-1.931425,-5.645429,-1.604901,4.149166,1.595895,-11.50235,-25.877654,-30.165566,-22.760433,-12.395754,-7.450168,-7.334665,-5.726137,-0.051595,5.522844,6.621102,4.782533,4.502165,5.778895,3.48924,-4.550223,-11.866498,-9.219066,3.775226,15.848232,14.802468,0.006736,-17.233189,-24.763186,-18.956409,-3.779625,15.296917,33.331757,44.068915,41.769939,27.899109,13.277785,8.993312,14.380088,17.303348,8.485548,-6.908331,-15.69591,-14.10583,-13.827932,-27.225867,-49.061548,-58.625729,-42.19173,-9.93521,13.402896,13.929998,0.924245,-6.877333,-2.897394,3.538973,3.194264,0.176918,5.425079,19.959782,30.498282,23.689272,1.571833,-20.092516,-27.506439,-19.758777,-4.785228,10.653005,23.587349,30.293828,25.543527,9.518555,-7.465703,-11.960223,-0.444198,16.703347,25.559398,21.467064,10.192369,-1.520077,-12.51591,-23.466561,-30.49047,-27.195065,-13.476751,1.348119,7.036756,3.052444,-1.80327,-0.436421,4.404032,4.505737,-3.091809,-12.488272,-16.063779,-12.659462,-7.09055,-3.206764,-0.20348,3.957429,8.08062,8.8194,5.478688,1.624478,1.329408,5.028441,9.706611,11.961831,9.739923,2.276652,-9.042951,-19.073516,-20.583866,-10.305563,6.708391,20.873643,27.021936,27.90959,27.608701,23.59204,9.318687,-14.379198,-34.257994,-35.482616,-17.869537,2.029737,7.304583,-2.512229,-13.499122,-14.95795,-10.590061,-10.123739,-13.627964,-10.069934,7.272558,28.788789,36.89667,25.81132,8.274373,0.368128,3.000588,3.022227,-7.816173,-20.573556,-19.69163,-3.482916,11.586834,9.21062,-7.677032,-20.357488,-16.393304,-3.886486,-1.117082,-14.296944,-29.808859,-29.442512,-10.244636,13.467867,26.515784,27.698569,27.167351,31.921514,37.517462,34.533946,20.459434,2.824077,-8.820478,-11.81778,-10.722895,-10.554604
-16.063115,-17.870265,-11.027453,-0.733793,7.599868,10.879382,7.301394,-3.074964,-15.148254,-19.434287,-10.450905,5.055891,12.239274,3.898754,-9.232614,-8.143264,12.703563,35.755184,35.871931,5.901479,-35.006669,-59.185406,-55.078519,-33.757109,-13.827954,-3.52714,2.325234,11.960818,27.0763,42.564134,51.757041,50.278337,37.423683,17.170632,-2.345518,-13.501176,-15.212171,-13.129591,-12.424322,-11.667268,-6.28327,2.457253,5.842594,-2.053425,-14.520139,-17.148126,-4.266741,12.511804,15.525076,0.236774,-19.958277,-28.788891,-23.796602,-15.407644,-11.658855,-9.006132,-0.15015,12.92266,18.706707,9.342521,-9.589194,-24.396132,-26.12312,-15.632059,1.888,22.151006,39.872454,46.720933,37.722631,20.332943,11.414062,20.164853,35.35926,34.672029,8.835445,-26.396304,-45.516716,-39.347908,-22.487986,-14.587149,-18.447579,-20.296434,-9.874631,5.292315,8.411704,-6.496451,-27.073387,-35.510209,-26.053165,-8.204258,5.218913,10.225903,12.300047,18.243327,29.330522,40.963899,46.475273,41.183553,25.1484,3.757586,-15.041352,-25.74075,-28.162428,-25.378452,-19.673232,-11.950753,-4.663711,-2.390576,-6.986885,-13.062891,-11.579997,0.323653,14.669333,19.972925,12.912471,0.786035,-7.525875,-10.190106,-10.352561,-8.188356,0.36052,16.005396,31.302072,37.142016,32.615547,24.160559,14.548003,-1.984106,-29.210581,-56.603565,-65.327783,-49.630611,-26.48637,-16.497255,-16.167029,1.509844,52.144718,110.045373,124.153594,69.644582,-20.581189,-83.016355,-83.32894,-45.315843,-19.557178,-28.753002,-49.202043,-43.452549,-2.769494,46.345594,71.633945,63.216358,33.930162,1.978574,-19.87513,-23.38274,-5.579497,23.693638,41.34358,28.318832,-9.572287,-43.193364,-47.363955,-25.690124,-4.770676,-4.137311,-16.23769,-18.166028,0.551159,26.715957,39.36594,31.696901,14.388194,0.769093,-5.717759,-8.965959
4.064023,5.971424,4.622852,-0.386986,-9.335652,-21.762906,-33.423371,-36.246776,-24.732356,-3.162222,15.813561,22.033108,17.171191,12.017172,14.563201,22.255497,26.319303,21.699384,10.824973,-1.231003,-11.948037,-20.491634,-24.557539,-21.848569,-14.768486,-10.014686,-10.833432,-11.314908,-2.041282,17.704118,36.136071,39.816495,27.307007,9.612312,-2.527913,-8.416625,-13.077313,-16.927995,-15.136232,-7.665599,-4.175468,-13.319306,-28.31199,-29.714323,-6.921133,25.661053,39.560106,21.35419,-12.099951,-30.369183,-20.05277,4.247654,18.832653,16.082819,7.838987,6.941946,11.837938,11.887587,3.53987,-4.733091,-4.267112,1.85344,2.760493,-5.52857,-13.728296,-9.534826,7.766096,25.392467,29.308772,16.409467,-5.176017,-24.685413,-35.369298,-34.784074,-23.558958,-6.688188,6.207825,6.653251,-4.183979,-14.252593,-10.828358,6.773552,25.546846,30.958073,20.803337,6.475812,0.656919,4.690145,8.716784,3.641077,-8.472156,-16.70272,-13.347244,-2.322129,5.246069,3.143726,-3.706956,-5.790968,-0.528573,4.895548,2.97681,-3.714057,-4.46982,6.347679,20.250537,21.750179,5.166022,-17.662412,-28.245085,-19.466209,-1.225931,11.450493,13.232907,9.885531,7.285619,3.572284,-5.942766,-19.004884,-25.945296,-20.076207,-6.010336,4.627638,4.915216,-1.90221,-7.979646,-8.780623,-4.130778,5.490882,19.267877,32.252505,35.635153,24.919467,7.116059,-4.192911,-2.802351,3.405004,2.277462,-7.390422,-14.254344,-9.084501,2.499791,5.771922,-5.387508,-20.691235,-25.224962,-16.046757,-3.442201,3.159511,5.418195,9.828807,15.174359,12.187063,-3.301036,-21.741632,-28.737914,-21.118722,-9.5976,-4.387129,-2.50145,6.519166,24.012289,37.090865,32.899714,14.755451,-0.506561,-1.249502,6.972413,10.141073,3.268072,-5.199706,-6.065185,-1.51575,-1.215895,-8.61009,-16.000216,-14.551622
-0.956482,-0.929738,-0.524012,-0.773138,-2.249732,-3.945912,-4.464256,-3.757211,-2.692245,-1.110169,2.227849,6.990246,9.823147,7.520125,1.850331,-0.775826,3.740085,11.269174,12.88537,5.295297,-3.803655,-3.180519,8.880953,21.101624,20.568593,6.960488,-6.60463,-7.724396,1.604968,7.05276,-2.40651,-22.351559,-37.189479,-35.829371,-22.095759,-9.771118,-8.492771,-15.142381,-18.364777,-10.384198,5.743429,19.427965,22.04622,13.607539,1.577659,-5.582884,-3.828586,5.812751,19.708795,33.42125,41.810997,39.980728,26.726883,7.502743,-8.039738,-13.764615,-12.661609,-13.320168,-19.928501,-26.917505,-25.224283,-13.520683,-0.804724,3.625673,1.037279,1.055944,8.231612,14.160305,6.473717,-14.842544,-34.012636,-34.895157,-18.181555,0.052647,7.071025,7.164502,13.942847,31.001308,45.063232,40.417747,17.349827,-7.534838,-19.07327,-17.978362,-15.841623,-18.919224,-21.498602,-15.80774,-4.058719,3.471472,1.466588,-3.547471,-1.381092,9.129903,18.837498,19.423899,12.6481,6.815438,6.217877,7.285351,5.236924,1.258988,0.537158,4.318154,7.031573,2.494629,-8.669951,-19.495688,-23.90371,-21.765823,-16.839915,-11.867454,-7.267961,-3.391693,-1.286463,-0.270738,3.296787,12.307608,23.637701,28.463402,19.740419,-0.173756,-19.870156,-27.400175,-19.195272,-1.931035,13.150507,18.085362,12.609411,3.069452,-2.733595,-1.169793,5.141939,10.468318,11.424617,9.30119,6.975372,4.435929,-1.22258,-11.14078,-21.559821,-26.834917,-25.099214,-19.189693,-11.736961,-1.751173,11.57314,22.868831,22.699302,8.517298,-8.340672,-11.197646,4.208288,22.747143,24.160142,4.80312,-17.341139,-21.057487,-3.948588,15.995913,20.246464,8.210206,-5.347686,-8.571618,-4.312926,-3.364564,-9.760277,-16.429053,-14.891562,-5.675266,2.903077,4.545172,0.841671,-2.518501,-2.65349,-0.952527
4.168899,9.087745,12.288207,12.332469,7.439981,-3.195154,-16.119718,-23.586659,-19.704224,-7.376301,2.792807,2.515569,-5.405221,-9.812603,-3.185318,10.183147,18.752845,15.559216,4.191709,-6.441161,-11.087811,-10.868527,-8.948254,-6.448838,-3.23993,-0.389388,0.554498,0.315036,1.697482,5.795617,9.926243,10.877732,9.375845,9.167854,11.306421,11.573697,5.611156,-4.2841,-10.190247,-7.402156,-0.388868,2.131454,-2.554261,-8.215214,-7.704329,-1.774101,2.306563,0.082925,-5.040556,-7.11707,-5.605737,-5.173161,-8.040984,-9.834362,-5.035201,5.158199,13.357662,14.549878,11.48063,9.834252,9.932736,6.433057,-3.329975,-13.695394,-15.979458,-8.624835,0.620371,3.404958,-0.381518,-4.133176,-3.536187,-1.251691,-2.066769,-5.896476,-7.964763,-5.179145,0.30852,4.68371,7.471808,10.892707,15.11397,16.877177,13.830921,8.279671,4.534116,3.213368,0.660702,-5.20547,-10.634789,-9.982647,-3.424637,1.83317,-0.635309,-8.823739,-14.26196,-11.329996,-2.880557,3.781905,4.742668,1.910518,-1.10212,-2.97043,-4.058449,-4.183433,-3.103513,-2.3503,-3.963211,-6.722049,-5.933911,0.860403,8.975,10.313271,2.985134,-5.087587,-4.578426,4.032329,10.595298,7.657857,0.217586,0.265123,12.019092,25.666496,27.494073,14.624133,-2.566716,-12.096125,-11.775622,-8.314061,-7.887169,-10.526547,-12.974929,-13.347315,-11.23632,-5.886318,2.148029,7.959379,5.057284,-6.234596,-15.491161,-11.548073,4.116744,16.838612,14.385664,1.364912,-5.843558,0.999632,11.197181,7.735557,-11.008562,-27.181957,-23.20354,-2.381104,14.431612,12.543289,-0.412898,-4.52279,8.712717,26.910982,31.435439,17.737072,-1.667082,-12.437448,-12.268027,-8.63557,-6.835181,-4.718158,0.907855,7.027052,6.911836,-1.072627,-10.261722,-12.482968,-6.567453,1.267938,4.634234,2.813131
17.068964,-0.374735,-27.593834,-36.941247,-15.64453,19.284608,38.155444,28.08396,1.533593,-22.382624,-37.503338,-47.867256,-51.715416,-38.59994,-5.643599,29.952481,42.475236,22.614739,-13.026576,-38.056933,-38.340625,-17.275089,14.220878,45.288531,64.063872,59.442577,32.118008,1.108113,-9.900098,3.219632,19.051509,14.116092,-9.499904,-25.753591,-14.771605,14.086791,33.013345,25.843656,1.637948,-20.142739,-29.612953,-27.812971,-15.965018,5.103408,23.876945,18.49259,-20.24479,-67.892042,-80.433942,-37.497873,31.537988,71.861811,55.071091,3.201775,-38.606382,-46.653435,-31.858243,-15.382804,-3.529429,9.206815,21.914696,24.606421,14.900217,7.196822,16.904013,38.377854,47.276786,27.790984,-7.839375,-31.879317,-30.66872,-16.09563,-7.750705,-10.27078,-12.879018,-7.378549,1.355735,4.896714,5.128525,11.922541,27.276628,37.715808,26.949187,-4.577397,-35.652835,-41.253004,-14.156071,28.352658,57.203953,52.347269,16.160946,-29.265537,-58.499361,-60.442139,-43.161541,-22.419838,-6.429218,6.666737,17.56223,17.904489,-0.501706,-29.305086,-43.793278,-25.798177,14.664766,46.15433,46.100506,20.954779,-5.595928,-19.253606,-23.327679,-22.584258,-10.304686,20.112745,55.423016,67.118805,41.632518,-0.542013,-24.453426,-18.052325,-1.550814,2.393598,-1.924679,6.71963,31.123545,44.568079,22.464454,-23.134044,-53.312665,-47.253095,-26.110781,-24.769214,-46.937775,-60.58244,-38.914024,5.647336,36.551694,35.948739,21.040287,17.360873,27.428485,33.66215,25.263914,9.847499,-1.800415,-9.885358,-17.077887,-15.254786,4.649419,30.020943,30.263121,-5.500761,-43.604031,-37.092418,14.529815,52.646494,21.179244,-64.324917,-125.753735,-105.15623,-25.775271,39.218525,48.705977,26.651333,15.011887,18.191971,12.554102,-2.550126,5.009746,48.918058,89.69216,81.786347,49.731626,77.934798,197.300412,301.507773
-1.343598,-2.329688,1.055473,6.230314,8.206037,4.708146,-1.826376,-7.105079,-8.702804,-6.705814,-2.205891,3.059734,5.869744,2.752107,-5.977502,-14.104727,-13.952306,-4.425912,6.284977,7.892125,-1.542018,-13.231265,-16.40568,-8.888045,1.744477,6.956665,5.72058,3.709061,5.418757,8.950159,9.016685,3.910939,-1.779847,-1.521358,6.492228,16.787676,20.257766,11.007205,-8.470902,-27.518143,-33.694231,-21.847597,0.959219,19.904406,23.904546,14.420232,3.104824,0.276125,5.56621,9.924082,6.188862,-3.336983,-9.951577,-8.060546,-0.574326,4.856245,3.683609,-2.046997,-7.096814,-8.543451,-7.694982,-7.560329,-9.347024,-11.358946,-10.793434,-6.614775,-1.100999,1.521033,-1.155889,-6.63444,-8.647826,-2.513722,10.085147,22.021248,26.776741,23.368381,15.273275,5.718294,-4.254376,-13.060937,-16.451539,-10.934017,0.494724,8.628528,6.461029,-2.975035,-9.210575,-5.617958,3.247235,6.898455,0.663912,-9.745786,-15.449529,-13.739727,-8.422469,-2.577305,5.18777,15.902298,24.812739,25.031757,17.003966,10.506543,13.867551,22.372372,21.552507,4.003693,-19.528429,-29.528695,-18.740072,-1.218968,1.637443,-16.788499,-41.974994,-53.504287,-44.266994,-23.864358,-5.962635,3.957743,8.418529,10.13254,8.716255,4.828847,3.331452,8.976437,19.61841,26.700383,24.066545,15.251468,10.386688,15.664316,26.66179,32.364747,25.413519,8.619114,-7.456663,-12.808369,-5.354472,7.578865,14.474254,8.319372,-7.389046,-20.91239,-22.252041,-12.447215,-2.824231,-4.099708,-16.135642,-29.058625,-34.196052,-32.376973,-30.570774,-31.814368,-31.133837,-22.29331,-6.539723,7.907416,15.114418,17.8648,23.229114,32.855812,40.139253,37.857066,27.019223,16.36848,13.337224,17.020732,20.47542,18.451813,11.477915,3.143878,-4.314323,-10.654503,-15.332396,-16.785024,-14.503023,-10.496784
-0.99762,0.77842,1.46935,1.10068,0.329058,-0.251115,-0.497593,-0.497149,-0.125741,0.932057,2.51743,3.333693,1.255835,-5.101483,-14.538048,-22.850924,-24.861304,-18.034635,-5.180784,6.224269,8.429099,-1.025746,-16.528485,-26.96956,-22.64655,-2.149807,25.646177,46.379282,49.052891,33.18407,9.343644,-7.475939,-7.35589,8.476882,28.936484,40.620622,36.33434,18.917526,-1.770574,-16.036648,-20.395786,-18.453221,-16.661234,-18.680217,-22.727324,-23.638812,-17.619129,-5.714445,6.700609,13.843359,13.606925,8.585424,3.398944,0.678158,-0.916686,-5.011194,-13.597803,-24.219526,-30.805027,-27.825809,-14.738631,2.728601,15.647795,17.329126,7.409339,-8.127744,-20.800934,-24.537645,-18.393521,-5.751323,8.702777,21.61204,31.446479,37.255151,37.587987,31.141509,18.801921,5.041234,-3.331345,-1.08569,11.241199,26.137519,32.506999,22.120968,-4.83338,-38.899857,-66.128068,-75.727601,-65.875308,-44.080307,-22.026693,-8.35268,-4.022416,-3.054918,2.260341,15.432354,33.155744,47.606448,51.83572,44.422385,30.207104,16.751815,9.156652,6.963389,5.33482,-0.405152,-10.291572,-18.83002,-18.759461,-7.08583,11.008152,23.787792,19.954904,-3.093938,-35.376069,-58.245266,-54.734253,-20.442088,31.962232,78.136675,94.877635,73.022936,22.691559,-32.413669,-68.239498,-73.148509,-52.686752,-24.051615,-4.475973,-1.252294,-9.42127,-17.62312,-17.188088,-7.909433,3.041773,7.396497,2.080664,-9.081285,-18.933648,-22.452172,-19.648364,-13.992586,-8.322784,-2.19863,6.852669,19.431659,31.588304,36.484386,29.773747,14.439748,0.521582,-1.155151,12.866174,34.974791,50.864289,49.558275,31.876433,10.556664,1.099988,9.582572,26.671456,33.173966,14.068857,-28.820286,-75.238766,-98.293206,-82.224805,-33.892427,20.499621,51.784105,46.371409,14.252145,-18.980073,-30.343418,-15.049123,11.374769
17.403989,22.032787,17.10804,2.621712,-13.576905,-22.911309,-23.796553,-21.280823,-19.400217,-15.954281,-6.531317,7.152477,15.766161,11.184239,-3.88948,-17.241671,-19.039177,-11.354872,-4.605106,-5.094384,-8.109331,-4.436128,7.548544,18.531469,17.796011,5.003128,-8.788013,-11.725444,-1.936067,12.063724,20.111384,18.471258,10.391044,1.321058,-4.934539,-6.680737,-3.836984,1.514708,5.209204,3.849876,-1.437321,-4.989073,-1.738818,7.202246,14.67709,13.851683,4.658253,-6.081581,-10.804701,-7.52077,-0.63996,3.612813,2.399268,-2.306842,-6.4471,-7.750343,-7.401315,-8.308858,-11.602448,-14.69616,-13.354969,-6.564276,0.605417,0.290099,-10.408667,-24.642517,-30.103878,-19.700451,1.555956,20.840353,29.050984,27.834005,25.222445,25.62079,25.850432,21.256202,13.544009,9.959445,14.321573,21.045285,20.27668,8.806837,-6.09945,-14.776401,-15.699148,-15.994781,-21.567612,-29.159515,-30.258899,-22.081686,-11.923744,-9.156984,-14.336531,-18.607957,-14.201188,-3.449203,4.253723,3.485379,-1.51584,-2.706368,2.332408,8.947151,12.695146,15.108329,20.359908,27.65001,30.006597,21.970924,6.933851,-5.215042,-7.72467,-2.709547,3.136012,6.612774,9.664912,13.421697,13.631452,4.676791,-12.15143,-26.934449,-29.662542,-20.337856,-9.277472,-6.773109,-12.958604,-18.454281,-14.768851,-3.422644,5.440014,3.31286,-7.751359,-16.256973,-11.724284,4.82977,20.329584,20.782455,5.115037,-11.435111,-9.636578,15.262842,46.491938,58.939038,41.8335,9.200756,-12.965333,-10.67982,6.649679,18.026611,12.192696,-4.107415,-17.607008,-24.291306,-30.919632,-42.265173,-51.4386,-46.295504,-24.695871,-0.030987,10.506962,2.471812,-12.203513,-17.432611,-7.21413,11.938025,29.627624,39.823099,41.496744,35.362886,23.371065,10.620824,3.991366,6.208436,11.958609,12.212904,3.389463,-8.705606
-1.104878,-1.279859,-4.975831,-11.526228,-16.429985,-15.81426,-10.142779,-2.76404,4.347127,11.752673,19.259026,23.363299,20.039858,10.024419,-0.576396,-6.212918,-7.527407,-9.367913,-13.172694,-13.450895,-3.853755,13.538268,27.119822,25.627122,9.111991,-10.637494,-20.69288,-17.699351,-8.696767,-3.036222,-4.573436,-10.723612,-16.635895,-18.822632,-15.844853,-8.007679,2.201922,10.262235,12.156435,7.914559,2.39485,1.685088,8.035435,17.958805,25.158211,25.534924,19.996124,13.034106,8.623167,6.97844,4.891449,-0.674483,-9.095496,-16.32823,-18.982507,-17.997348,-17.502073,-19.624631,-21.234676,-17.200583,-7.170239,2.255192,3.735207,-2.335717,-7.049068,-1.98709,11.236926,21.648653,19.677435,6.693411,-6.712191,-11.386158,-7.559799,-2.307943,-0.65341,-0.634501,3.016205,11.831289,21.291582,25.129995,21.03096,12.035447,3.200836,-2.532687,-5.665859,-8.334374,-11.554929,-13.949563,-13.019861,-7.986606,-1.520581,1.89193,0.042542,-4.546988,-6.998522,-5.303269,-2.607859,-3.52628,-8.408745,-12.378593,-10.59524,-3.646612,3.361251,6.760887,7.846087,9.743151,12.14649,11.309045,5.677362,-0.374879,-0.491654,6.049813,12.452119,11.283493,2.554417,-6.305196,-8.393826,-3.976329,1.229527,2.979522,2.071398,1.288113,0.863557,-1.49853,-6.779617,-12.589958,-15.504928,-14.371055,-10.417156,-4.907983,1.742423,8.356785,12.141461,10.963441,6.155163,1.605242,-0.412594,-1.405004,-3.713613,-6.22612,-4.831134,2.287208,11.212245,15.710705,13.847075,9.623336,7.402429,6.095089,0.718535,-10.269803,-21.074136,-23.553558,-15.810426,-4.511952,1.724912,0.404476,-3.876514,-5.490973,-3.286971,0.030627,2.314953,4.138875,6.74405,9.458997,10.293631,8.673929,6.45501,5.82203,6.729496,6.922567,4.316477,-0.999844,-6.915891,-10.889197,-11.367524,-8.409876
0.951868,3.638474,4.140868,1.359055,-2.358115,-3.774846,-2.314215,-0.269773,0.332117,0.00773,0.414607,1.528413,1.512031,-0.482531,-2.60491,-2.385427,-0.022695,1.664934,0.849068,-0.860959,-0.575329,1.793315,3.024006,0.636251,-3.630602,-5.545169,-3.289641,0.627491,2.716621,2.556134,2.316181,2.844139,2.11576,-1.513284,-5.765637,-6.047445,-0.896199,5.580073,7.793104,4.594789,-0.084951,-2.32629,-2.372644,-2.871706,-4.272127,-4.02725,-0.667634,3.215946,3.744715,0.905605,-1.070044,0.802421,3.939236,3.164238,-2.285942,-6.768406,-4.462441,3.419613,9.384912,7.773595,0.668494,-5.137444,-5.920179,-4.057061,-3.429257,-3.952668,-2.411498,2.027554,5.488492,3.789175,-1.913424,-5.663212,-3.230161,3.053522,6.845831,4.677086,-0.687654,-3.752595,-2.200525,1.241985,2.257533,-0.579231,-4.675655,-5.960296,-2.296606,4.796057,10.924144,11.614178,5.646617,-3.463535,-9.66474,-9.108105,-3.342794,2.269267,3.518576,0.756611,-2.405878,-3.111159,-1.473268,0.702601,2.210341,2.871441,2.475814,0.612077,-2.121957,-3.716193,-2.584041,0.295955,1.961677,0.61052,-2.330674,-3.807102,-2.520482,-0.03076,1.516784,1.916747,2.564339,4.117008,5.520968,5.5736,4.579602,3.68136,2.92387,1.012746,-2.701562,-6.784287,-9.001932,-8.74119,-7.332904,-5.968924,-4.296627,-1.717884,0.737483,1.281002,0.329535,1.159929,6.167327,12.789582,14.859058,9.053745,-0.729346,-6.768663,-5.425302,-0.606267,1.228339,-1.445961,-4.071941,-2.247976,2.516408,4.53338,0.834738,-5.252733,-7.978708,-5.526315,-1.339993,0.49741,-0.288772,-0.983205,-0.023047,1.230905,0.974049,-0.197809,-0.090681,1.859766,3.504582,2.69481,0.288975,-0.594885,1.6278,4.805488,5.217804,1.657552,-3.212243,-5.591884,-4.181612,-0.944437
27.53923,29.903393,31.306763,33.805758,36.30315,34.051445,21.352086,-4.105544,-38.257743,-71.359722,-92.312635,-94.143324,-77.357283,-49.252878,-19.830803,3.089699,16.770791,23.257812,26.731268,30.523768,35.508196,40.29762,42.534042,40.220645,32.512072,19.988861,4.646206,-10.393525,-21.641468,-26.478043,-24.362585,-17.217924,-8.533653,-1.59438,2.041032,2.773172,1.824116,-0.247187,-4.019662,-10.142509,-17.592096,-22.942786,-21.781887,-11.727318,5.029549,21.828266,30.818066,27.615013,14.261683,-1.72895,-11.9017,-12.096312,-4.888288,2.474712,3.293282,-3.745482,-13.423784,-17.346606,-9.545646,9.403049,32.425461,50.021585,55.615251,48.766486,34.436391,19.160127,6.879266,-2.861806,-13.434029,-27.643112,-44.724842,-59.821763,-66.28595,-59.422101,-39.490001,-12.258798,13.245428,28.702364,30.219573,19.967854,4.879972,-6.987093,-10.590995,-6.34449,0.524517,3.385919,-1.572757,-12.870141,-24.558755,-29.850764,-25.199418,-12.17234,4.034138,18.231118,28.295615,35.413656,41.48902,46.011354,45.261096,34.984779,14.802833,-9.180051,-26.24304,-26.957568,-9.494817,18.133436,41.949077,49.906398,38.785114,15.522823,-7.858568,-22.189194,-26.470427,-27.035661,-31.457378,-41.85804,-52.633392,-54.312292,-40.76742,-14.535113,13.653888,30.922583,29.795296,12.272337,-11.961622,-31.547763,-39.462462,-35.373375,-23.672825,-9.513789,3.983537,15.816152,25.434317,31.550486,32.769375,29.341738,24.038208,20.780088,21.723343,25.153171,26.249253,20.58838,7.881857,-7.085271,-17.40658,-18.955753,-13.544361,-7.696449,-7.634245,-14.088896,-20.980208,-19.352802,-4.066208,21.506931,46.36384,58.09542,50.427629,27.050307,-0.792109,-21.246604,-28.673722,-26.008166,-21.552592,-22.84409,-31.87842,-44.569535,-54.131523,-55.509759,-47.780405,-33.426246,-15.839759,2.581402,20.386575,35.699255,45.388412,46.140265
5.743616,6.062086,3.04619,0.041966,-0.28387,0.434055,-1.542086,-6.421128,-9.338839,-5.795107,2.197915,7.310481,4.799526,-2.102002,-5.890385,-3.181609,2.214271,4.661028,3.153789,0.848957,-0.682496,-3.840781,-10.403552,-16.534359,-15.341711,-5.050004,7.432515,12.998407,9.90291,5.110246,5.792651,11.137087,13.919514,9.275987,-0.1096,-7.845094,-10.859858,-10.942592,-10.293017,-8.213364,-3.325067,2.730899,6.247181,6.200598,5.903459,8.412982,11.395003,8.894131,-1.035043,-12.032839,-14.623505,-5.908026,6.939685,13.357774,9.096234,-0.927923,-8.428976,-9.230125,-5.335885,-1.388286,-0.365944,-2.143799,-4.605277,-5.470325,-3.92012,-1.460416,-0.918254,-3.484946,-6.468148,-5.062209,2.476179,11.576693,14.54294,7.952045,-3.275875,-9.880647,-6.674495,3.011107,10.986514,11.79358,6.689313,1.019425,-1.301951,-0.599492,0.307831,-0.322423,-1.48633,-0.903247,2.158969,5.583091,6.103687,2.64114,-2.099605,-3.968604,-1.801122,0.865439,-0.610413,-6.454248,-11.456382,-10.398613,-4.194242,0.604153,-1.064811,-7.058725,-10.525099,-7.720927,-1.852232,1.429312,0.929288,0.563266,3.405921,7.318121,7.990654,5.155798,3.335069,5.817302,9.915048,10.196611,5.725129,1.544191,1.963298,4.374128,2.301866,-5.583808,-12.283621,-10.177179,-0.631278,6.756782,5.074159,-1.918103,-4.601623,0.680984,7.247203,6.337708,-2.292726,-10.26852,-10.564953,-5.079371,-1.132356,-2.268053,-5.015355,-4.67074,-1.635785,-0.130709,-1.835675,-3.513268,-1.72032,2.118846,3.432324,0.848961,-1.406977,1.408934,8.330638,13.289244,11.93363,6.294313,1.830953,0.930587,0.897954,-1.669622,-6.183664,-8.897188,-7.703847,-4.538414,-2.570063,-2.136108,-0.641908,3.657426,8.869693,11.051575,8.192835,2.122193,-3.349936,-5.649544,-4.881196,-2.871607
-2.128021,-9.615438,-20.551904,-24.321525,-16.125735,-3.589277,2.244264,0.861018,2.808162,15.111392,30.187737,33.588766,21.841515,7.691377,5.308721,13.704829,19.324036,14.241615,6.07533,6.421891,13.044356,10.171318,-11.593749,-40.314204,-52.742173,-39.011163,-13.270019,1.9993,-0.647712,-8.893076,-7.5568,4.445602,15.602296,16.5427,9.001006,0.665447,-4.334116,-7.19077,-9.286446,-9.581076,-7.711177,-6.298609,-7.539791,-8.848278,-4.920879,5.382894,16.562106,22.291279,22.094078,20.088074,17.987492,12.656278,2.078396,-8.754523,-11.397247,-3.667437,6.927961,11.182234,8.025644,4.113169,4.314465,5.796467,2.998991,-4.018652,-9.589206,-10.63459,-11.288222,-16.898254,-25.159579,-26.845841,-16.420851,0.419953,11.948472,12.300237,6.077814,1.240439,0.033192,-1.404542,-6.197182,-12.506176,-16.440756,-16.533959,-13.465661,-6.979218,3.828917,16.725988,25.756483,26.964211,23.736361,23.516298,28.332248,30.944429,22.811165,5.194642,-10.428583,-14.243624,-8.776868,-5.83504,-13.228274,-26.431008,-33.888617,-28.897922,-14.940881,-0.603364,8.245266,10.937436,9.496116,6.386581,4.332614,5.503993,9.049482,10.389517,4.938792,-6.935187,-19.493931,-26.446623,-25.453798,-17.81081,-5.508217,9.312412,22.360404,27.561046,21.865452,9.339629,-1.583991,-5.78589,-5.364694,-5.179753,-5.87775,-3.414284,4.500649,13.799984,17.671034,13.89851,6.608394,0.649609,-3.489631,-7.679084,-10.860576,-9.141782,-2.14731,3.450531,0.08283,-10.809686,-17.823937,-10.934868,6.657255,20.078042,17.136731,0.391994,-15.775695,-19.40967,-11.265412,-1.368204,2.749006,2.923609,5.947389,13.937708,20.413574,16.382852,0.336508,-18.079964,-25.277481,-15.990859,1.016867,10.452621,5.212434,-6.162131,-8.052209,5.234456,21.922021,24.010266,6.425366,-16.567759,-25.332906,-14.473519
13.081561,2.359683,-21.986599,-38.021126,-30.646795,-7.068398,12.046521,14.162002,4.502307,-4.346632,-7.034871,-6.772925,-5.732319,-0.504453,11.01725,22.780348,25.79896,19.959635,15.794145,21.489459,30.604616,27.270913,4.59992,-25.287566,-42.220631,-37.683607,-21.003401,-6.6876,0.183327,3.651993,5.656367,1.660124,-10.108344,-19.638313,-12.093274,14.215401,40.767081,44.512335,21.278507,-9.17363,-23.044823,-15.915802,-4.431227,-5.727003,-18.468817,-25.888315,-15.511682,7.244628,25.232997,26.462253,13.192065,-3.527777,-14.541045,-17.23002,-13.409308,-6.838603,-2.684846,-5.202001,-12.539419,-15.072969,-3.056632,21.751429,43.730661,45.690468,24.624394,-5.564285,-27.048148,-32.275099,-25.051975,-11.145679,6.973626,24.89598,31.23964,15.38869,-17.274642,-42.555393,-36.544849,0.143461,39.95531,53.31,35.93091,9.962358,-1.149535,4.292149,9.182484,-0.185581,-19.629887,-34.738085,-37.805774,-32.927949,-26.360644,-18.077332,-5.844803,6.292795,9.738446,2.629952,-5.228067,-2.739807,8.732903,16.448417,11.974184,1.633429,-2.243951,1.888218,2.613471,-7.916146,-20.14164,-15.839289,9.19592,36.711229,44.13837,28.80925,9.281873,2.477936,5.055514,1.713131,-11.20353,-18.082019,-3.499565,25.148956,41.366755,27.561491,-4.866031,-27.18017,-23.66051,-6.47373,0.168707,-13.288753,-34.020064,-43.647664,-37.722847,-26.564538,-20.348422,-18.297238,-13.429961,-4.193599,2.588566,0.709169,-5.93211,-4.992245,12.491136,41.793491,65.930316,68.364789,46.665192,15.361436,-5.492154,-7.106829,1.184333,2.630714,-8.352865,-19.397342,-14.192362,6.741063,22.638403,13.23167,-17.525427,-42.177703,-36.859726,-6.589222,19.13124,16.377748,-9.469151,-30.826005,-26.559313,-1.368236,21.887395,25.020534,8.267768,-14.5941,-29.254158,-28.626307,-13.517068,8.524841,25.310793,26.529625
1.094296,4.60792,12.890164,18.995185,15.268448,1.882519,-12.131623,-17.143548,-11.996516,-4.417769,-2.69917,-7.766007,-13.620563,-14.559426,-10.671839,-6.232594,-4.156689,-3.425498,-1.690727,1.245433,3.62062,4.562466,5.01458,5.286684,3.144766,-3.716531,-13.008004,-17.336206,-10.280846,6.568278,23.558644,30.855945,26.599459,17.414353,11.627258,12.604559,17.888355,22.634056,22.49959,14.577613,-1.207432,-19.731823,-31.334429,-28.460726,-13.706598,-0.036294,-0.249507,-14.809314,-30.812355,-34.19093,-23.043284,-8.397107,-2.092571,-5.08497,-8.279054,-3.866859,5.853531,11.421044,6.927391,-3.273034,-8.542037,-2.116205,12.548328,24.779041,25.837281,16.089818,4.250129,-0.462517,3.699554,10.280399,12.050483,9.151186,8.841693,16.226466,26.120996,26.546787,11.707094,-9.879184,-22.698549,-20.21247,-11.478372,-10.196616,-18.658264,-25.831833,-22.133882,-12.624913,-11.420328,-23.071538,-33.888734,-25.564068,3.343491,33.127079,41.791981,26.507639,4.602658,-5.223739,0.328986,10.815003,15.857447,13.513064,6.8296,-1.861263,-9.993837,-11.723913,-2.236783,13.018633,18.00411,0.706093,-31.098041,-52.570538,-43.879308,-9.690786,24.728764,36.751393,24.852754,5.341672,-5.431835,-3.48935,5.105349,13.386256,18.183348,19.199204,18.01438,18.198058,22.489364,27.391369,23.006638,2.570144,-27.077738,-48.031862,-47.530817,-30.975065,-16.209362,-14.66149,-20.764221,-21.285387,-12.171578,-2.15008,0.04013,-2.867518,-1.403951,6.838591,13.538745,11.316957,4.74365,4.983379,14.431741,22.186301,17.822369,6.253829,3.2464,15.322324,29.092602,25.159505,1.438014,-22.291919,-25.279683,-8.336958,8.045498,7.239253,-6.062747,-13.813834,-6.876301,5.159246,6.829658,-4.411475,-15.528959,-13.050017,2.347218,17.312678,19.554156,8.129694,-8.41808,-20.744415,-24.468894,-20.133658
-2.787047,0.383698,4.561052,6.792198,7.168961,7.89337,9.153238,7.874702,2.308362,-3.02607,-0.086806,12.899432,25.773866,24.053465,4.01253,-21.364305,-33.981309,-28.402655,-16.223407,-12.108286,-17.728917,-22.042244,-16.461673,-5.663333,-1.0129,-5.813138,-11.475874,-8.917146,0.409079,8.205673,11.662703,16.460986,25.855977,31.981098,24.2122,5.667326,-5.571601,3.34105,21.737364,24.62563,2.397126,-24.256405,-25.456855,2.732929,31.042619,28.59279,-2.257534,-28.844247,-25.754445,-2.721608,9.410704,-3.689145,-24.412197,-27.10854,-10.048001,4.168776,-1.346725,-16.230014,-16.8405,2.681354,21.996106,19.519024,-0.512834,-12.541413,-0.185942,24.33224,34.481087,19.198707,-6.836052,-21.815672,-19.651616,-11.144405,-6.814512,-5.595223,-1.743839,3.267617,2.115729,-5.847053,-9.790873,0.445948,19.380177,28.194426,14.366148,-12.989464,-30.138684,-21.454449,5.874711,29.544796,32.946088,18.101684,0.342748,-7.066329,-2.995559,3.900115,4.906998,-1.247419,-8.542878,-9.97416,-4.241794,2.757421,3.019767,-6.14917,-19.123328,-26.374717,-22.341922,-9.555874,4.127696,11.68153,10.94058,4.706281,-1.248491,-0.952233,7.86103,20.126422,24.67271,12.670411,-12.560493,-35.086691,-38.756855,-22.043922,-0.0623,9.578897,3.340638,-6.11157,-3.939466,11.797181,29.292058,35.692793,28.988324,17.59633,10.407439,8.947315,8.588347,5.126008,-1.172457,-7.15356,-10.776444,-13.105174,-16.948284,-23.664313,-30.556171,-31.178531,-19.671776,3.063375,26.90096,37.950344,29.081328,6.378286,-15.216175,-23.720231,-18.64447,-9.009268,-4.184074,-6.873158,-13.35506,-18.001158,-16.655894,-7.610136,7.623776,23.379934,31.53935,26.952487,12.390454,-2.583842,-8.784393,-4.057675,6.542389,16.018189,20.140073,18.056075,10.80545,0.933887,-7.302925,-9.836354,-6.371792,-1.422977
3.927574,5.32048,0.568229,-4.781329,-5.604088,-3.058412,-1.674529,-2.274238,-0.936813,4.554816,10.30363,10.907277,7.100601,5.287849,8.602081,11.559348,6.638255,-4.97819,-13.055675,-10.080319,-0.616805,4.001749,-0.752769,-7.827587,-8.073106,-1.022814,6.629833,10.939119,13.960228,16.1612,11.06635,-6.721415,-29.164989,-37.30436,-20.768065,7.720164,22.846662,12.940021,-8.044237,-17.095569,-7.502283,6.765201,10.650861,5.352162,2.453232,5.517491,5.498465,-4.128949,-14.757881,-11.909259,4.745961,18.169072,13.929451,-1.739705,-9.955306,-3.554404,4.292453,-0.655261,-11.892311,-8.314734,17.077699,42.678422,39.503108,5.078092,-30.937984,-37.6752,-15.229251,8.243389,8.93708,-9.24614,-24.518409,-23.665982,-12.581215,-2.857227,3.627496,12.366823,23.209574,27.300934,18.509979,2.740216,-8.262703,-10.210341,-8.878783,-9.689811,-9.879194,-4.174589,5.215517,10.056552,7.94975,7.111301,14.890761,24.184566,17.988375,-9.767842,-41.949497,-52.125957,-31.380179,2.051328,21.514923,17.998774,5.299809,1.332295,8.86319,16.115985,12.597031,-0.032505,-12.182303,-16.752709,-12.900849,-2.518965,12.070245,25.9796,31.309955,22.958086,5.005389,-11.362348,-17.795835,-15.704096,-12.465782,-12.218097,-12.573731,-10.21092,-6.762222,-6.740135,-10.421594,-11.670433,-4.467467,9.370979,20.778202,22.155255,14.675757,6.427001,3.837423,5.634418,5.226946,-1.462371,-10.813542,-14.218837,-6.441882,8.124231,17.875535,14.12913,0.016178,-11.287839,-8.950223,3.97295,12.234667,3.107058,-20.175502,-40.276047,-41.429705,-23.129755,1.285444,17.915921,22.880047,21.097651,18.179574,15.863835,13.940378,12.86133,12.525571,10.338927,3.516132,-6.176936,-12.224587,-9.787928,-1.694007,3.767079,1.300981,-6.454705,-12.939049,-15.017931,-14.630383,-13.903722,-11.455243,-5.147278
0.020925,-21.037329,-38.177192,-36.321765,-15.456538,8.551265,18.649861,11.477545,-2.345714,-10.746908,-10.810618,-7.40912,-4.665484,-1.73373,3.538265,10.007589,14.282201,14.992066,13.554273,10.710135,5.045092,-3.113687,-8.028656,-2.522548,12.744674,26.13347,24.491073,6.699614,-13.957275,-22.520579,-16.909539,-8.497936,-8.599504,-16.433733,-21.581246,-16.766996,-5.649277,2.435371,3.141211,0.503685,0.600417,4.621523,9.438734,13.07794,16.749251,21.050586,22.664337,17.324711,5.923063,-4.496005,-7.245815,-2.870612,1.729215,0.939054,-4.09089,-8.152833,-8.927468,-9.467179,-13.466603,-19.546725,-21.823332,-16.258635,-5.391934,3.886849,6.771309,4.074193,-0.235475,-3.639085,-6.316243,-8.446902,-7.947235,-2.09502,8.755936,20.113846,26.73935,27.027832,23.599663,19.536934,14.673077,6.371289,-5.855119,-17.179788,-20.053293,-10.937273,5.194619,17.518277,17.566373,5.972567,-8.266339,-15.482029,-13.318984,-8.112576,-8.545112,-17.191006,-27.483114,-29.077621,-17.258906,1.920002,15.882671,16.097957,5.691348,-3.276042,-0.982448,10.776513,20.217885,17.034659,2.622665,-11.119621,-13.265308,-4.083598,6.05465,7.407455,-0.017337,-7.689362,-7.680062,0.239535,9.854939,15.064003,14.29114,9.578768,3.537804,-1.816127,-4.5169,-3.159565,1.189375,4.69612,3.922943,-0.384513,-3.553001,-1.788564,3.449189,6.479454,2.963683,-5.817279,-14.207711,-17.209706,-14.110284,-7.857137,-1.9521,1.754789,3.135227,2.875369,1.798622,0.433744,-1.385689,-4.438024,-9.196391,-14.81139,-19.114136,-19.65213,-14.721659,-3.916656,11.204658,26.315195,35.099927,33.009828,21.792775,9.761301,5.552369,10.177489,15.584492,12.36932,-0.480437,-13.970893,-17.743351,-10.211647,0.230123,3.794625,-1.620625,-9.879578,-13.87661,-12.107549,-8.256133,-5.952217,-5.35926,-4.615337
-3.190196,-9.872212,-13.818519,-12.880629,-8.315512,-3.162337,-0.34079,-1.075397,-3.573959,-3.493461,2.41474,12.096748,18.801881,17.581633,10.975455,6.431719,7.463192,9.229242,4.906463,-4.413713,-9.248266,-2.56997,10.983429,19.614618,17.696602,11.258155,8.476114,7.656272,-0.69369,-19.208585,-35.64703,-34.139323,-14.058638,6.557471,8.839323,-7.665876,-26.226476,-31.995677,-25.555629,-16.278745,-7.163393,7.318873,27.817247,41.140116,31.502147,1.014984,-26.462024,-26.455969,1.543972,33.284687,43.735561,29.647691,7.787561,-5.630057,-9.488518,-12.209668,-16.974461,-17.302085,-7.061661,9.302849,19.626791,16.496132,4.792282,-3.627616,-1.630056,7.042582,11.848456,4.745642,-13.055724,-31.170874,-36.775347,-24.276935,-1.252665,15.626563,13.848877,-3.155731,-17.891095,-14.661212,5.149216,24.102578,25.723474,10.291412,-6.707873,-11.12867,-3.712979,3.151927,0.489534,-7.608168,-9.797713,-1.350521,9.71374,10.973161,-0.559313,-13.831275,-13.646323,4.171218,26.982449,35.136128,19.284339,-10.223552,-30.962521,-27.210524,-3.526278,19.27916,22.482979,5.55998,-14.455173,-19.115486,-4.720442,15.983537,26.459981,20.302224,4.218722,-10.130685,-15.907085,-14.148581,-10.070482,-8.061045,-9.352546,-12.224113,-13.240651,-9.30156,-0.418964,8.772917,11.400813,4.074073,-8.880471,-17.547322,-14.275348,-0.566376,13.775872,19.17795,14.86421,9.104799,10.451958,18.426076,23.427041,16.725022,0.499034,-13.227314,-14.648402,-6.65391,-1.700379,-7.656961,-18.296093,-19.944711,-7.571497,8.18558,12.077865,1.423176,-10.542915,-9.589544,3.365971,13.772175,10.805388,-0.022085,-3.860557,5.473105,17.950924,18.734907,4.483891,-14.194934,-25.185205,-25.954958,-21.166135,-13.127302,0.369006,18.24219,30.880738,27.428791,8.418739,-12.271587,-20.220653,-14.030088,-4.429899,-0.991723
-0.390478,-9.512751,-11.644537,-2.974004,7.518922,8.23906,-0.643173,-6.900344,-1.23225,10.929867,15.920014,8.791315,-0.699576,-0.916659,6.139532,6.591875,-7.8001,-27.803861,-35.345456,-22.666275,0.073052,16.24211,18.622802,12.353427,5.212108,-0.302301,-4.624106,-5.500485,0.566643,11.486755,18.384655,14.16674,2.124354,-6.747799,-5.48026,1.704461,4.96061,0.078315,-7.618717,-10.085448,-5.1064,2.63913,7.212902,6.316195,1.437997,-4.337648,-7.832143,-7.125139,-3.652591,-2.439581,-7.679066,-16.872057,-21.078897,-13.37126,2.870521,15.986555,17.420024,10.031115,3.85068,4.458168,7.783575,6.911347,1.636376,-1.399764,2.186471,8.119632,8.155118,0.220986,-8.398446,-8.721038,0.342476,11.024494,14.551305,8.804563,-1.265679,-8.837427,-9.916103,-4.571451,3.823168,9.824525,8.281718,-2.066629,-16.536357,-26.972563,-27.593155,-19.198149,-8.057965,-0.813934,0.145621,-2.306157,-2.625436,3.101782,13.649699,22.637324,23.216483,14.517698,3.6018,-0.445793,4.554843,11.364981,10.774554,1.433808,-8.81227,-11.579824,-6.621886,-0.861996,0.167182,-2.15738,-2.86409,-0.00187,4.019502,6.663751,7.939703,7.952436,4.451145,-4.119741,-13.696392,-16.48388,-10.083359,-2.647322,-5.054619,-17.235237,-25.661898,-17.589766,3.265342,18.925847,16.392251,2.129167,-5.465996,2.910792,17.548063,22.090192,12.761604,1.544436,0.614226,7.803721,10.394579,1.463476,-11.599694,-15.957609,-7.853674,4.320726,10.30418,8.08423,2.989174,-0.39095,-2.404562,-5.166653,-8.518429,-10.844768,-12.092042,-13.355773,-13.6113,-9.512946,-0.117018,9.571265,12.311713,6.560878,-0.80641,-1.04553,7.491288,17.732547,20.884393,14.107153,1.59753,-10.021811,-16.125071,-15.277795,-8.863532,-0.782851,4.002273,2.935131,-1.561037,-4.141277,-2.005905,2.237814
17.133262,0.29548,-12.040102,-10.167332,-2.23107,-1.100624,-6.953711,-8.738834,-0.973615,8.474438,10.524451,9.160679,16.415774,33.733899,45.877616,37.962775,14.496418,-5.131172,-9.842018,-8.799771,-16.680127,-32.410303,-40.253015,-31.718988,-18.040846,-15.330539,-22.142588,-20.820895,-2.440562,18.027356,18.721181,-0.164739,-13.689546,-1.612424,26.006673,39.552577,24.047061,-5.159812,-22.705471,-21.63755,-14.649923,-11.180038,-4.84256,11.624854,27.687462,23.446657,-2.143113,-22.161348,-9.850226,27.130092,50.366317,32.302593,-11.774737,-39.518647,-26.938274,8.794566,32.498441,29.140696,12.908865,3.003918,1.176082,-2.946728,-12.341679,-18.50499,-16.732186,-15.993399,-26.860759,-43.435205,-45.92336,-23.725361,9.535984,29.043957,24.845684,9.889344,2.148582,4.556583,6.467551,1.191381,-4.963932,-2.621951,7.136457,14.069983,11.91463,5.10367,1.245882,1.197372,0.116152,-3.889082,-7.00358,-6.135179,-3.630728,-2.557151,-0.28916,8.056104,19.781528,23.873055,14.143887,0.113334,-1.450499,12.896461,26.441976,20.709893,-1.593697,-18.20621,-13.62346,1.385931,1.950798,-20.632091,-46.993717,-50.870372,-28.275293,-0.692048,9.703423,2.387814,-5.986388,-3.400524,6.112509,11.804153,9.936177,4.141802,-3.568197,-14.733956,-26.314931,-27.422525,-10.559843,15.410314,30.436634,24.807791,11.699815,12.957663,32.835595,51.340597,46.689616,20.856104,-2.532678,-5.599207,4.097225,5.029452,-10.341815,-25.659274,-20.953981,1.565509,17.500762,6.523887,-25.173709,-51.104422,-51.304313,-30.26015,-9.079671,-3.676929,-12.299698,-21.327373,-18.862044,-2.548364,21.064957,40.567138,44.576663,28.449255,0.03003,-23.007903,-26.265659,-11.520258,4.818573,8.213945,0.673262,-2.838412,7.316568,23.29769,28.214671,15.889568,-0.859968,-3.432155,12.383465,31.650523,35.750974,20.657179
19.454026,12.62992,-1.096927,-14.792866,-20.79551,-15.278681,-0.724762,15.332875,24.607174,22.785867,11.823026,-1.51862,-9.84319,-9.364549,-1.669769,7.861831,13.731683,13.63882,9.411061,5.182874,4.227425,6.614176,9.202474,7.900016,0.656044,-10.776026,-21.464901,-25.976367,-21.504318,-9.602206,4.494667,14.549812,16.46797,10.155445,-0.835053,-11.501729,-18.04677,-19.464182,-17.317644,-14.12447,-11.562668,-9.673851,-7.428177,-4.033803,0.102662,3.515289,4.783773,3.710396,1.609347,0.429515,1.346439,3.904651,6.406162,7.292039,6.467761,5.50809,6.494934,10.299516,15.610044,19.519844,19.353697,14.462336,6.687284,-0.854782,-5.785321,-7.800808,-8.374849,-9.119768,-10.146005,-9.782594,-5.978538,1.635399,10.657658,16.816513,16.448223,8.939223,-2.559936,-12.716442,-16.927938,-13.744292,-5.371762,3.854138,9.873848,10.673573,6.591116,-0.567151,-8.655447,-15.801842,-20.466277,-21.460008,-18.346012,-12.03204,-4.877026,0.198108,1.31808,-1.058956,-4.23296,-4.914053,-1.435951,5.020807,11.152976,13.778778,12.018504,7.813477,4.388808,3.81485,5.532484,6.994409,5.940554,2.512592,-0.537881,0.139332,5.705347,13.73478,19.451217,18.897364,11.820915,2.129313,-4.559055,-4.655179,0.950598,7.43978,9.236014,3.60738,-7.71683,-19.865109,-27.971905,-29.896231,-26.776824,-21.400829,-15.923864,-10.744035,-5.198252,0.811915,5.889113,7.873843,5.732695,1.001241,-2.612171,-1.472912,5.372055,15.15128,22.80407,24.05627,18.094512,8.032248,-1.125472,-5.608814,-5.007202,-2.076121,-0.546412,-2.560059,-7.449142,-12.489589,-14.861022,-13.339714,-8.662317,-2.598381,3.323153,8.420936,12.510412,15.164032,15.447584,12.522797,6.681171,-0.111348,-4.815116,-4.889184,0.110382,7.981141,14.824012,16.994786,12.936819,3.874832,-6.931493,-15.838762
-10.121724,0.264369,19.873409,29.501544,16.811379,-7.62347,-20.101371,-9.03608,13.931896,29.228411,31.072526,29.302304,31.776662,32.398907,20.580024,-1.671772,-19.058901,-20.38113,-11.289677,-5.98045,-9.463413,-13.87937,-12.374035,-9.975217,-15.74061,-27.358525,-31.005015,-18.802885,-1.084917,4.275496,-6.672534,-18.999349,-17.225649,-3.831413,5.265325,1.644124,-5.529357,-2.456847,11.22087,22.69431,22.971833,17.518216,17.476964,24.707165,30.616471,28.419584,20.520606,11.730823,0.698917,-15.74752,-31.402146,-31.954443,-12.308933,11.451539,15.018509,-7.222657,-33.020945,-34.317245,-6.988551,25.2454,36.256819,22.596752,1.891564,-8.806401,-7.558668,-2.133409,2.158661,4.585258,3.093019,-6.063819,-20.947384,-31.52992,-29.456292,-18.395871,-9.79082,-8.087049,-5.438601,5.669116,18.614312,18.171888,0.623077,-17.705736,-16.800615,4.601628,28.337763,38.388259,36.801477,34.531428,32.039432,18.322143,-9.127739,-32.061461,-28.096015,1.234248,27.265475,23.616907,-5.27759,-30.68191,-32.823394,-20.331894,-14.002504,-18.333652,-18.039556,-2.318665,17.130328,19.529167,2.782842,-11.470785,-3.8396,17.863356,26.579019,8.08385,-21.437169,-33.066419,-16.532106,10.820116,24.989348,19.450502,6.265356,-1.87999,-4.499841,-8.21985,-14.772413,-18.553435,-14.62703,-4.909019,4.726206,10.800319,13.787564,15.049553,14.880628,13.339623,10.473096,4.944964,-5.110265,-17.670449,-24.778266,-18.602181,-0.88062,16.074786,20.429313,12.456035,3.150211,1.463347,5.565539,7.865018,5.696433,3.191618,3.071703,1.42597,-6.091516,-15.473825,-17.054463,-8.245305,0.732165,-1.924608,-14.016612,-20.139128,-10.239069,6.279137,9.841559,-5.906793,-24.542091,-23.876676,-0.741072,24.961923,31.434178,17.135287,-0.117639,-3.847602,4.9776,12.620042,9.456591,-0.936759,-8.234871,-7.030927
-12.895851,-10.088493,3.169109,23.078873,35.220922,28.041717,8.179118,-3.376696,5.944147,24.402337,27.96281,8.118066,-17.456738,-24.912384,-11.173441,4.258824,3.420196,-10.599447,-21.273458,-20.520718,-15.706512,-15.20699,-15.306542,-7.523883,4.955142,7.262253,-7.713926,-26.045179,-25.813253,-2.561346,24.48623,33.83765,24.570187,13.33887,11.702132,13.760369,8.194777,-4.028877,-10.794908,-5.980261,2.17323,3.118522,-0.927084,1.297756,12.214817,18.59739,6.998336,-17.6268,-34.642052,-29.384304,-7.531959,13.829373,24.921241,28.434671,28.525804,22.247587,5.587518,-16.347516,-31.454279,-33.278003,-26.939572,-20.611047,-15.169558,-6.415126,4.828957,11.18302,9.121303,5.797368,10.49458,21.247652,25.813356,16.924973,1.013557,-11.927433,-22.204489,-36.117426,-48.168862,-38.105857,5.261756,60.605105,85.946573,59.921463,6.005261,-31.423661,-33.211391,-19.870509,-19.240609,-30.091133,-27.525208,-0.597122,29.147644,33.15042,11.337444,-9.344845,-10.331294,-2.338702,-4.158445,-10.717356,2.168515,39.82423,70.567222,58.387908,8.85017,-32.983027,-35.568519,-19.764337,-31.350186,-77.914896,-109.848095,-74.540236,17.816138,96.430336,100.749374,40.197778,-22.109284,-37.601635,-13.735303,9.849021,11.077244,1.25579,-0.812944,6.23971,12.735035,17.631201,28.265758,41.382539,37.630032,3.913233,-43.569101,-68.998037,-52.530413,-10.808437,21.487421,26.260655,13.205249,0.037333,-8.609052,-18.232236,-27.536431,-25.014567,-4.732482,21.488494,34.168173,27.122365,13.048961,7.294049,10.660477,11.609586,2.611101,-10.915052,-18.468819,-16.783171,-11.215722,-7.189346,-4.389996,0.193693,6.777778,12.101948,12.213194,4.109532,-12.979507,-33.823776,-45.075119,-32.919296,1.878118,38.056142,49.225315,28.870068,-1.959478,-15.226044,-3.772912,14.006473,16.885548,3.797626,-8.551953,-7.596591
0.210894,8.153913,20.787358,23.780837,9.397275,-12.957928,-24.632176,-16.253431,3.206297,16.192784,13.781069,2.121781,-6.663573,-7.175703,-3.558009,-1.901178,-2.637653,-1.094253,5.8888,15.241385,19.535427,13.262901,-2.089685,-18.274399,-25.96677,-22.038351,-12.543196,-7.914675,-13.486417,-23.868328,-27.293436,-16.527396,4.134662,22.590324,29.235519,23.556568,11.840738,0.531281,-7.304805,-10.748052,-9.287967,-3.5812,3.420924,8.100429,9.353873,9.273775,10.3729,12.988721,15.875022,18.166926,19.249015,17.163855,9.569126,-2.207547,-11.494335,-11.440452,-2.718819,5.761656,5.678099,-1.774249,-7.68208,-6.305774,-1.986424,-3.528503,-13.023251,-23.013005,-25.246675,-19.70205,-12.879118,-8.844213,-5.685417,-1.698906,-1.32325,-10.561236,-26.537348,-35.863193,-26.899591,-2.959286,19.55569,27.045187,21.141333,14.624856,17.154174,27.354076,37.657284,42.671961,40.74693,30.658778,12.12016,-9.253042,-21.809517,-17.402257,-1.166737,11.652438,10.537782,-0.311753,-8.648503,-9.137565,-8.042617,-12.453373,-19.012273,-17.788889,-6.835496,2.015425,-4.575083,-24.832074,-41.36614,-38.647302,-18.990751,0.595785,6.247058,-0.267507,-6.294277,-2.344209,10.286926,23.571721,30.6777,29.369912,20.979622,9.316512,0.114953,-1.696536,3.741549,10.460338,11.748714,6.172442,-2.027992,-7.864283,-9.392748,-6.781363,-0.347107,8.017918,12.542823,6.515155,-10.118492,-27.537671,-33.349535,-23.820713,-6.334291,9.651584,21.624116,31.893324,38.556939,33.809422,14.144201,-10.505659,-22.998676,-16.19926,-1.291171,3.841706,-6.522585,-21.582212,-28.301438,-26.010121,-23.787091,-25.752791,-24.574853,-11.893716,8.445307,22.540586,22.145446,14.169616,11.750789,18.059113,23.118811,17.26301,3.949384,-3.989549,0.552184,11.373085,17.332765,15.048373,10.267713,8.008578,5.62888,-2.294604
-4.420739,-11.864347,-14.729757,-9.622721,2.268188,16.037486,26.401312,30.530614,28.400627,21.327181,10.840357,-1.011452,-11.010637,-15.568584,-13.102487,-5.876447,0.99036,3.175275,0.471182,-3.390878,-4.540863,-2.980988,-2.877455,-8.506737,-19.444984,-29.672614,-31.939032,-23.879729,-10.492872,-0.561723,0.121532,-6.937329,-14.575892,-15.864742,-9.065455,2.278832,13.451398,22.589121,30.951423,39.720983,47.020447,48.452101,40.847246,25.65297,8.622381,-4.092312,-10.051255,-11.387138,-12.047909,-14.259602,-17.381883,-19.698552,-20.81922,-22.051159,-24.471648,-26.971193,-26.649195,-21.523538,-13.00655,-5.539277,-3.302424,-6.663525,-11.405791,-11.480093,-3.153837,12.503981,30.286865,43.724194,48.059982,41.912649,27.525943,10.077927,-3.846012,-8.719548,-2.854927,10.166433,22.948335,28.315747,23.4111,10.892736,-3.596141,-15.495198,-23.568149,-28.823135,-31.82197,-31.523991,-27.001472,-20.055846,-15.364975,-16.998801,-24.044008,-29.776815,-26.204331,-10.860621,9.957439,24.91482,25.91346,14.349758,0.14267,-5.768284,0.631171,14.308172,26.063094,29.803142,26.13412,20.00997,15.499948,12.721863,9.21739,3.568389,-2.758624,-7.042136,-8.332199,-8.460842,-9.952429,-13.159353,-15.802895,-15.489514,-12.463948,-9.432928,-8.375832,-7.727283,-3.396182,6.691058,18.863795,25.152132,19.690866,4.782582,-9.257982,-11.340638,1.592158,21.575063,35.223141,33.494606,17.735882,-2.520025,-17.472741,-23.707734,-24.48466,-24.64596,-25.632235,-25.103139,-20.659999,-13.261978,-6.762507,-4.316027,-5.601743,-7.686956,-8.310712,-7.814186,-7.620656,-7.243601,-3.757682,4.891889,15.96315,22.209414,17.543437,3.465584,-10.261588,-12.594748,-0.408322,18.482209,31.896264,34.013761,30.350524,31.844556,43.079774,55.822576,54.86855,31.874835,-5.284597,-37.004182,-47.400564,-37.426098,-23.637671,-23.150384
2.893279,6.558946,2.684748,-6.745137,-12.870138,-9.043526,1.808152,10.292457,10.772289,6.917897,6.401911,11.463739,16.632759,15.818791,9.700556,4.583573,4.726038,7.748883,8.144976,3.706063,-3.087995,-9.3294,-15.025598,-21.163172,-26.010391,-25.700312,-18.956683,-9.592458,-2.895414,-0.127134,1.844704,5.370361,8.339063,7.229494,2.99281,1.388126,6.066866,12.586222,11.758137,-0.024536,-14.964774,-20.043282,-9.553454,8.998191,21.714387,20.663068,9.552686,-1.61191,-6.061833,-4.542816,-1.93293,-1.443662,-2.277703,-1.639725,2.016583,7.38587,10.982912,9.422045,2.21196,-6.786148,-11.237752,-7.227342,2.736874,11.017288,11.273527,4.291729,-2.675972,-2.757123,4.034351,10.731973,9.474813,-2.060403,-18.94626,-32.344313,-34.838196,-24.771529,-7.787237,5.743525,7.302989,-2.91476,-15.107333,-17.569004,-7.174033,7.660981,15.476665,13.559221,10.366071,15.485614,27.936205,35.990947,29.121511,9.112395,-11.512785,-21.276867,-18.550652,-9.170707,1.66721,12.464435,21.33931,23.094744,13.792179,-2.343576,-14.086102,-13.62961,-4.944683,0.438319,-3.816458,-12.283025,-15.132002,-10.390951,-6.083586,-9.663432,-17.887336,-19.877739,-10.026645,4.647103,11.468779,5.288301,-6.969354,-14.454807,-12.965524,-6.635513,-1.16446,2.017806,4.899293,8.879296,13.493909,17.937968,21.394897,21.669059,16.116009,6.029606,-1.247103,2.013028,14.710354,25.423305,22.878481,8.023424,-6.494008,-9.90935,-4.73279,-2.723041,-10.518583,-22.326867,-27.951736,-25.23107,-20.971346,-19.958315,-17.447029,-5.924273,12.372556,24.401791,19.938704,3.783983,-8.996544,-9.744453,-4.763564,-5.594913,-13.48177,-17.505938,-8.513844,8.816206,20.813997,20.332936,13.777166,11.744943,15.895702,18.392623,13.392104,4.871477,0.803226,2.033556,1.029648,-7.608424,-18.6688,-21.34798
1.794755,3.650065,5.304382,6.842908,7.625122,6.386232,2.728795,-1.910544,-5.341507,-6.55247,-6.030106,-4.221601,-0.656063,4.592429,9.107624,9.315815,4.308527,-2.264374,-5.431236,-4.239095,-2.833796,-5.471668,-11.114431,-14.197654,-10.859031,-3.232054,3.164363,5.364865,4.888236,4.049216,2.49338,-1.039086,-4.624547,-3.579541,3.762672,12.259541,14.274371,8.089114,0.274315,-1.505519,2.988292,6.919145,4.979985,-0.50012,-3.277003,-1.48231,0.337095,-2.243392,-7.371452,-9.37193,-6.394542,-2.841798,-3.196307,-5.599702,-4.179591,2.5203,8.260395,6.061512,-2.868445,-9.658252,-7.63165,0.327053,5.685842,4.329807,0.468803,0.324058,4.229542,6.913836,4.702825,-0.059198,-2.535806,-1.437539,0.400874,0.820764,1.297983,4.055848,7.813675,8.490434,4.122885,-2.630279,-7.627408,-9.553232,-9.75128,-8.702723,-5.099897,0.749826,4.682819,2.446232,-4.268797,-7.979059,-3.334995,6.066658,10.878028,6.328598,-2.352689,-6.000935,-1.834753,4.202979,5.286329,1.589823,-1.18533,0.253531,3.07809,3.182829,1.357106,2.099375,6.629335,9.766108,5.519593,-5.19314,-14.419284,-15.133868,-8.062401,0.058551,3.763552,2.957388,0.437533,-2.211588,-4.849691,-6.316022,-4.346875,1.169397,6.405655,6.863735,2.407789,-2.266909,-2.708343,0.657614,3.751148,3.963199,2.624916,2.202464,2.571235,1.528107,-1.400184,-3.411142,-1.674989,2.639327,4.939724,2.140058,-3.705514,-7.205529,-4.787123,2.183591,8.820109,10.471561,5.502725,-3.965417,-12.853306,-15.451509,-9.163068,2.633877,12.054662,12.729562,5.341822,-3.13272,-6.2953,-4.397789,-3.211345,-6.993857,-13.262379,-14.972451,-7.641603,5.998587,18.113265,21.974043,16.435117,5.696235,-4.117916,-8.499772,-6.526958,-0.936724,3.698027,4.076422,0.564695,-3.327972
16.891015,28.302887,26.525551,14.125092,1.641818,-1.001085,8.157523,22.474725,32.216733,31.31683,20.394841,4.531703,-11.381764,-25.117487,-35.4762,-39.533095,-33.419884,-16.953723,3.37458,18.116135,22.783808,21.452573,21.373389,24.290103,24.575558,16.571532,2.422162,-9.088316,-11.386936,-6.261209,-0.722011,0.51545,-2.387044,-8.349048,-18.570427,-33.597062,-48.55378,-54.509204,-46.110691,-26.795779,-5.278494,12.23862,24.844271,32.795901,33.904443,26.29519,13.434906,3.183457,0.574287,3.194451,5.28822,5.198284,6.223491,10.10186,12.860916,9.80363,3.271564,1.608212,8.785032,17.610907,16.7441,4.690032,-6.123886,-1.543568,18.648981,38.96385,42.238046,24.530107,-3.360472,-26.707585,-37.89088,-39.019633,-37.499524,-40.008212,-47.884376,-55.362014,-53.004719,-36.190544,-11.690996,6.277763,9.162161,2.946542,1.779624,12.432761,27.393445,34.660597,31.818839,26.777225,25.202584,22.514433,12.159996,-1.05186,-2.652171,13.629837,33.935091,36.109985,14.17901,-13.270452,-21.986604,-7.178806,13.355219,19.76271,9.127436,-7.004336,-18.49011,-24.094197,-24.825141,-18.011649,-3.292981,9.553706,7.257966,-9.753549,-22.595967,-12.94901,13.696742,29.809276,14.098998,-24.833494,-56.743024,-60.109348,-40.014027,-16.150188,0.25059,12.204583,23.360941,28.120563,20.127694,5.588531,-0.056915,9.700317,23.25301,24.148193,10.744989,-2.702989,-4.304661,2.182245,5.728925,5.015756,9.608237,23.516426,34.907531,28.596619,6.602859,-11.08423,-9.028206,5.214378,10.35274,-2.825832,-21.257059,-27.038932,-19.361372,-13.131588,-17.687085,-24.564686,-20.04519,-4.649336,7.100598,6.105799,0.450254,2.952577,11.306077,8.940337,-12.274726,-36.774782,-39.710178,-15.950292,11.618253,16.231267,-3.423415,-22.386469,-17.219599,9.88896,36.284299,43.884981,34.556161,22.023349
-0.06506,13.225881,22.595374,22.200364,12.485892,-1.679631,-14.45426,-20.907432,-18.50212,-9.393802,-0.567397,1.520825,-1.728638,-0.782892,11.95404,31.244145,40.792254,28.606509,0.506494,-23.788772,-29.180393,-18.90931,-8.955332,-10.005254,-17.245131,-18.326149,-8.792366,3.262492,7.646048,4.108261,1.654677,6.799746,15.347533,17.301791,8.714497,-3.314965,-7.741873,-0.468889,12.406228,21.141621,20.909038,14.30216,7.219737,3.387435,2.041055,-0.691126,-8.404346,-20.861151,-32.448679,-35.023691,-24.756555,-7.53622,3.832956,0.667308,-12.048432,-18.696197,-8.221357,12.955057,25.125059,14.768049,-9.939575,-25.091285,-14.346846,14.012602,34.846246,31.396427,11.494957,-2.346448,2.485555,16.771098,22.497242,14.455248,4.8159,6.166345,14.589719,14.083138,-2.823565,-23.810488,-29.566901,-15.999303,0.777423,2.871768,-9.481384,-20.012385,-17.082698,-7.315346,-6.088508,-17.609104,-29.486246,-27.808772,-13.207863,1.738976,8.963743,13.220267,22.007727,31.703828,29.857145,12.250239,-7.223653,-8.669991,11.760529,35.361178,38.499636,15.808728,-15.358243,-32.357876,-27.226588,-10.290886,2.251244,1.973474,-8.161752,-19.027672,-22.244166,-14.604545,0.564254,15.655109,24.366285,26.377971,25.729,24.035285,17.205829,1.418702,-18.133696,-28.274847,-20.700873,-2.805956,7.791623,0.988303,-15.430435,-24.970717,-20.543906,-10.456358,-6.330338,-8.917967,-9.155716,-1.585526,8.18731,11.42694,8.184644,6.775845,11.598264,16.260474,12.203509,1.899294,-1.59718,9.957991,28.112169,34.707488,20.549632,-5.382504,-25.729171,-31.125625,-25.267604,-16.390947,-8.226716,-0.348101,6.474832,9.478774,8.133449,5.518395,3.7864,0.732017,-6.127937,-13.022443,-11.548205,1.0838,15.862708,19.72441,9.765656,-3.270084,-7.440472,-3.376828,-2.459771,-11.557007,-23.33836,-24.396007
-12.610866,-0.272974,21.655767,37.308641,36.748967,24.267948,10.758022,1.26027,-6.59361,-13.399258,-13.12001,-1.305605,14.256384,17.132395,-0.407699,-26.05226,-37.554505,-25.056328,-1.094295,12.854494,7.886625,-6.295847,-15.251472,-15.481472,-14.396388,-17.710942,-21.637193,-18.823865,-8.769077,1.158077,4.732245,3.867883,5.182651,11.486346,19.16837,23.74277,25.297119,26.797545,28.375208,25.916769,16.192452,2.015872,-9.197136,-12.074252,-7.885355,-2.644555,-1.321904,-3.892444,-6.124561,-3.6938,3.704977,11.204408,11.956492,3.052261,-10.794942,-20.413981,-20.621835,-15.672408,-14.877043,-21.907379,-29.544926,-26.889139,-11.954275,4.706047,10.453183,4.063662,-2.920297,1.175345,15.462044,27.605756,27.032724,15.506798,4.296872,2.312643,8.31426,14.091573,13.32687,6.543929,-1.242092,-5.864973,-6.88916,-6.673769,-7.553754,-9.34247,-8.765729,-1.966211,10.832583,22.716094,23.837891,10.077845,-11.440768,-26.795198,-26.71934,-14.070367,0.06989,6.96193,6.030415,1.084663,-6.202002,-16.334246,-26.126645,-26.659304,-10.898196,16.13489,37.526676,37.882515,17.646758,-6.683944,-17.46065,-11.174403,0.776779,5.360187,0.624903,-4.749686,-2.823272,4.651616,8.994191,4.890249,-3.700811,-8.158013,-4.538901,2.80895,6.722569,4.927768,1.29656,0.039334,0.41927,-1.555061,-6.815503,-10.4753,-6.601546,4.72116,16.385811,20.794433,16.702322,9.00482,2.506402,-2.617957,-8.864453,-16.450189,-22.033681,-22.329141,-17.473265,-10.023974,-1.855704,6.237788,12.193776,12.449407,6.009137,-2.114475,-4.093819,2.857075,13.018929,17.988286,15.288476,9.330994,3.919044,-3.175854,-15.414558,-28.503664,-30.739559,-15.497813,8.095192,21.076771,13.250934,-5.81455,-16.692206,-10.487505,3.126662,8.808286,3.628015,-0.811357,6.249598,20.950641,28.880763,21.424661
22.011821,28.207543,19.35281,-2.353334,-21.825656,-25.547313,-15.524923,-6.875112,-11.317099,-24.797816,-32.425237,-24.142204,-3.637193,17.313298,29.982613,32.726837,27.121257,15.124921,1.3761,-5.916852,-1.60942,8.296112,9.600079,-4.953786,-24.225759,-26.799027,-3.685235,28.170684,38.578228,12.699846,-32.806769,-62.879334,-54.079247,-13.45258,29.380344,46.921509,32.718434,1.337693,-25.944957,-36.107115,-30.160742,-18.565519,-11.247525,-9.514259,-5.941995,7.241224,28.49792,45.956308,47.488765,32.623065,13.854345,5.347501,10.369471,19.98495,23.105258,16.307115,4.00659,-8.314922,-18.379816,-25.236877,-26.723599,-21.61033,-13.335891,-8.303421,-8.857726,-9.89225,-5.290244,2.332089,1.62751,-14.78997,-38.31256,-48.535394,-32.304175,1.626505,29.016247,32.494636,17.203182,3.663993,5.756118,17.07201,19.420421,3.630728,-19.540936,-29.410233,-15.441108,12.947132,35.736012,40.439564,31.193921,21.458608,19.356205,20.615377,15.101775,-0.802103,-18.735019,-25.137881,-13.813148,7.259913,20.956997,13.840421,-13.31856,-45.241803,-62.229827,-53.498962,-24.500978,6.9444,23.079717,18.181978,1.1143,-13.104453,-15.138261,-6.501213,5.050119,13.412915,16.858789,14.774538,5.502396,-9.717622,-21.646731,-16.413506,11.706437,50.362746,75.092338,68.53875,34.69869,-6.449138,-37.874823,-57.272176,-70.042314,-74.643396,-60.654895,-23.598137,21.995393,50.278349,47.505192,25.677428,9.845971,12.146192,21.469646,20.035313,6.764191,-0.813316,10.97402,31.770188,34.742956,5.711446,-38.094517,-61.688749,-45.521476,-4.213409,27.702432,27.434543,1.504012,-25.13052,-33.759338,-25.573243,-14.876664,-13.271647,-20.9528,-29.724676,-30.785237,-19.880091,1.308686,25.745617,43.80794,48.899002,42.581739,33.409807,28.673276,26.77386,19.13076,0.839281,-21.222862,-32.726815,-25.375562,-5.650071
13.589725,22.069703,13.979451,-3.773122,-14.916121,-12.894592,-7.174317,-9.065151,-16.134927,-16.160719,-5.312998,4.514249,0.460138,-13.295602,-19.038843,-7.593486,9.505938,14.653127,7.323435,4.800189,17.949198,33.359125,27.346808,-3.154933,-31.795945,-30.082633,-0.084534,26.643228,23.739367,-1.618918,-18.655426,-8.072009,18.327249,33.097327,22.551934,-2.741426,-22.792941,-26.870677,-17.173853,-1.279643,12.738835,16.181035,3.179821,-21.129383,-39.700077,-37.285066,-16.385208,4.279456,9.534452,3.399177,1.851919,11.786705,22.428882,19.547373,3.860384,-9.741615,-10.340436,-2.658556,1.99075,1.910345,5.929706,18.077153,27.849349,21.135993,-0.911602,-19.783228,-18.782615,-1.14985,14.272408,13.927925,2.050617,-7.967651,-9.883034,-8.292348,-8.332159,-7.902436,-2.890716,3.735133,3.565681,-5.967437,-16.291762,-16.891194,-8.012316,-0.375767,-1.744547,-7.189042,-5.301775,7.556042,22.651795,28.94868,24.723903,16.970861,11.169181,5.437309,-4.354767,-16.921166,-26.153868,-28.507297,-26.306686,-22.360665,-14.122815,2.986525,26.111175,42.244702,38.43975,15.229561,-11.773582,-24.801744,-18.421378,-1.67702,12.140362,16.111213,11.291003,1.662044,-9.242249,-17.219669,-16.796307,-5.407474,11.377156,21.386607,15.571786,-2.709923,-19.050055,-20.188394,-5.870065,11.171302,17.036805,8.611991,-5.590573,-15.158792,-17.135973,-15.847195,-15.272976,-13.801889,-7.147832,5.057378,17.51141,24.271846,24.079337,19.79106,13.841327,6.508362,-1.061032,-4.745597,-1.261029,5.98601,7.771867,-1.790235,-17.558862,-27.15566,-23.346921,-11.284325,-2.234385,-1.279987,-3.397759,-1.586621,4.108522,7.998003,7.609161,7.287687,11.435147,16.916474,15.877437,6.186308,-4.391673,-6.838582,-1.96917,0.551459,-5.267056,-13.441354,-13.020227,-2.11972,8.68147,8.301905,-1.974539,-10.32929
1.196929,1.821966,3.088656,2.89527,-0.565618,-6.129636,-9.883481,-8.525579,-2.466328,4.527691,8.564617,8.318167,4.981383,0.573917,-3.135754,-4.695446,-3.346476,-0.053404,2.467782,1.911827,-1.020281,-2.800265,-0.540851,4.766002,8.968369,8.778805,4.630758,-0.590585,-4.876243,-8.211567,-10.573228,-10.295082,-5.778629,1.377065,6.444363,5.882096,1.277152,-2.046476,-0.67713,3.29146,4.863226,1.867935,-2.824168,-4.888936,-3.363327,-1.056502,-0.61369,-1.434481,-1.055442,1.250498,3.46445,3.528544,2.042148,1.40489,2.56707,3.588248,1.857313,-2.697415,-7.142348,-8.205295,-5.086711,0.207231,4.705194,6.442938,5.296191,2.740603,0.853089,0.802713,1.78098,1.7283,-0.310375,-2.677554,-2.682768,0.032881,2.452409,1.404269,-2.351443,-4.435024,-1.963308,2.390969,2.84291,-2.666075,-9.220914,-9.752236,-2.949725,4.85823,6.378901,1.183533,-4.166495,-3.676402,1.616316,5.442552,3.776027,-0.871686,-2.91833,-0.348423,3.258648,3.188653,-0.994748,-5.078881,-4.743314,0.22231,6.097787,8.87898,7.493762,4.042087,1.585743,1.628522,3.096545,3.454725,1.163893,-2.603374,-4.911647,-4.17049,-2.169082,-2.322436,-5.593445,-8.832366,-8.056623,-3.275646,1.02233,0.85779,-2.455036,-3.720158,-0.179411,4.82523,5.601505,1.045778,-3.649678,-2.857892,2.900621,7.503663,6.221577,0.836326,-2.923008,-2.097189,0.75981,1.514968,-0.403036,-1.896873,-0.480506,2.946531,5.918891,7.524692,8.336543,7.848482,4.02318,-3.522981,-11.005171,-13.057975,-8.350944,-1.46847,1.816174,0.611868,-0.923583,0.556872,3.093172,2.006431,-3.64231,-8.937414,-8.262083,-1.647209,5.240938,7.270022,4.726875,1.577372,0.11988,-0.989025,-3.394962,-5.539564,-4.095417,1.374565,6.784741,7.50415,3.395572,-1.116886
-4.685728,-16.408933,-22.13192,-18.411799,-9.793979,-5.235151,-10.279112,-22.089885,-31.904021,-32.567277,-24.13063,-12.504338,-2.960299,4.764885,14.763984,28.467724,40.368655,41.202605,26.50979,2.603009,-16.50675,-19.646693,-7.648637,7.181881,11.358692,1.589402,-12.668045,-17.727729,-7.779628,10.044311,21.939975,19.282681,5.54903,-7.519832,-10.630689,-4.727712,0.88576,-2.132667,-13.230507,-23.60921,-24.564667,-15.634126,-5.053779,-2.201428,-8.963138,-17.808597,-18.267465,-6.117905,12.578982,25.853653,24.826182,10.135963,-8.741396,-20.005066,-16.639728,0.459899,24.214086,45.597601,57.566014,57.315117,46.834509,31.860443,19.16561,12.847627,11.616558,9.35683,-0.659267,-20.490835,-45.133816,-65.101117,-72.220543,-64.340562,-45.66968,-23.178939,-2.513998,13.439515,23.243583,25.40501,18.914323,5.295247,-10.520884,-22.323571,-26.476503,-24.090206,-19.351324,-15.450483,-11.956549,-6.132295,3.263149,13.76552,21.167567,23.883419,25.100336,29.898699,39.554959,48.613294,48.330355,34.162051,10.620433,-11.410645,-23.077252,-24.279613,-22.441413,-24.297995,-28.491425,-26.481261,-11.617718,11.981519,29.936092,28.634476,7.885832,-16.443467,-23.623866,-4.831806,28.453811,52.174221,48.003255,17.630984,-18.569766,-37.343901,-29.971657,-7.569049,9.108154,6.197528,-13.809796,-36.14125,-46.339682,-40.322527,-24.629014,-8.80857,2.018194,8.29247,11.739152,11.560824,5.458683,-6.024633,-17.273254,-20.889014,-14.046267,-1.746959,6.788854,5.927797,-1.355637,-6.066974,-1.33281,11.241934,22.97168,26.220162,21.91044,19.26727,27.435135,46.062962,63.37912,64.223822,42.036226,5.139414,-28.0185,-41.286719,-31.551313,-9.959724,6.700298,7.501513,-6.659761,-26.034347,-40.31004,-45.219119,-42.912286,-37.23238,-29.0443,-16.045622,2.997303,23.884912,37.205276,34.093953,13.60415,-14.257633
10.252357,10.030739,0.49295,-15.137956,-24.554675,-17.095738,3.843443,21.942487,24.060619,14.382002,9.682867,19.795497,35.526281,38.830598,24.022896,4.833021,-1.951505,2.553396,-0.685014,-25.887137,-62.354655,-80.940356,-61.922975,-15.179135,28.384261,44.683577,35.100684,19.232059,12.643157,13.678924,10.508429,-2.540942,-17.944659,-23.583616,-16.449424,-6.611018,-7.32469,-21.116508,-35.720687,-34.686789,-13.459509,14.556422,29.211262,22.725673,7.952041,6.028876,24.35498,47.329726,50.735548,26.134677,-9.851151,-31.362988,-27.829725,-11.873981,-3.617934,-9.46022,-17.652675,-13.199157,5.812431,27.326057,38.232376,35.847617,27.470803,21.551333,20.398754,19.294155,10.236903,-12.302852,-45.27341,-74.676449,-82.546829,-61.761516,-25.759697,-0.086053,0.161118,-14.916865,-20.395757,-3.076967,24.156768,36.608215,25.088506,5.470562,0.023112,12.760258,27.243703,27.749608,17.095124,10.139699,13.040892,15.554019,5.859862,-12.075605,-21.822377,-14.61438,-0.146694,6.340583,4.041161,7.019433,23.543647,41.198268,39.026617,13.638329,-13.569189,-19.446162,-6.09228,1.199187,-16.124449,-47.24698,-63.582487,-50.597259,-22.264714,-2.786261,0.124624,-1.708652,2.592274,8.765162,8.181381,6.023081,17.387924,42.309479,54.12809,24.655818,-37.521558,-83.652199,-69.499639,-3.41513,57.486051,63.355753,20.452266,-20.324863,-20.840513,6.388985,20.532283,4.788809,-14.712367,-4.3733,32.063407,54.651152,33.398478,-15.502154,-45.976637,-31.421467,9.37375,36.312333,30.785842,8.888694,-3.819279,-0.857987,5.437892,5.19543,1.95181,1.406719,-1.839857,-18.285132,-46.049012,-67.591791,-67.934507,-51.866148,-37.196082,-31.938226,-25.010827,-3.143965,27.783868,45.83422,38.69748,20.364761,16.792272,36.421073,60.340724,63.358228,40.693303,10.172476,-9.255972,-14.911064,-15.088548,-12.977577
-4.640536,9.501648,19.987181,19.35807,12.378322,11.291906,21.112028,31.700031,27.142875,3.52684,-24.322335,-35.518453,-22.741454,1.287567,16.683435,14.808459,3.73053,-3.053177,-1.037871,3.009334,1.726278,-2.526561,0.164202,14.867224,33.086134,38.111685,20.082159,-13.994419,-45.215312,-57.904419,-50.562529,-33.513458,-17.714133,-6.741169,1.485968,7.800736,8.687623,0.205397,-15.947743,-30.810278,-32.767007,-15.186056,17.583352,49.898305,62.644244,46.924588,14.020948,-9.881974,-4.630777,24.240503,48.163846,42.030496,9.733427,-18.909461,-18.848748,3.969502,19.893227,8.580359,-19.55893,-37.558177,-33.96186,-24.040455,-27.170146,-39.228714,-35.569763,-2.634795,40.063254,56.084762,29.930751,-15.911801,-43.520644,-35.785457,-7.572917,15.554456,22.809039,20.788985,17.410002,11.375707,-1.479809,-17.737926,-27.673385,-25.711051,-15.290705,-2.980753,8.043925,16.457308,18.741473,12.365834,2.872629,1.72323,12.90082,24.876544,22.151252,5.384736,-6.270021,2.168552,19.895622,19.222708,-11.397609,-49.181533,-58.54096,-29.949645,9.11035,24.589965,12.02536,-3.495185,-0.936843,12.18839,13.575161,-1.651389,-12.442375,1.929158,34.047875,53.790163,40.49481,3.755429,-29.316972,-41.992847,-38.505041,-30.719137,-23.173191,-14.681579,-8.246189,-10.558785,-20.56855,-25.327921,-12.846145,12.616175,33.184678,36.246659,26.831656,18.9143,17.787836,15.937976,6.003277,-7.762127,-14.623999,-11.186149,-4.943306,-3.486963,-4.721259,-1.145155,8.516197,16.664231,16.444828,10.0943,5.009369,3.898417,2.837022,-1.174506,-5.196771,-5.361241,-3.767123,-5.829969,-11.107206,-11.713593,-2.680647,9.355211,12.568402,4.493167,-5.111995,-8.305852,-11.051296,-24.827218,-46.717512,-55.623943,-34.280497,7.636938,39.477501,40.756734,21.50201,7.725341,10.518474,16.81258,11.180748,-1.808719
4.667431,3.8458,6.140193,11.129166,12.767465,5.5902,-8.39217,-20.71541,-24.452029,-19.747364,-11.223051,-2.238767,6.039551,11.204718,9.352714,0.439363,-8.52704,-9.605026,-3.656636,-0.42018,-6.257963,-14.037908,-9.768362,9.625417,29.100368,30.118351,11.715292,-7.188939,-8.339407,5.874487,16.381205,10.33458,-4.360609,-9.529079,1.224994,15.082115,14.71636,-3.063335,-25.182695,-36.223093,-31.272107,-16.139851,0.303595,11.407668,13.576704,7.108605,-2.541107,-7.722483,-5.698899,-1.54336,-1.273981,-2.867138,1.959176,15.345725,26.361697,21.490361,2.248487,-12.512757,-5.731622,18.041489,36.041023,31.18679,9.209742,-10.096217,-15.55683,-13.842747,-16.34243,-22.741431,-22.568261,-11.319095,0.94404,0.096788,-15.498419,-32.338067,-35.098832,-19.869083,5.422094,29.28163,42.587677,39.871352,21.418876,-3.5733,-20.338395,-20.398265,-10.247372,-4.394306,-8.292144,-11.496265,-1.050526,20.264925,34.160939,27.009661,6.076833,-8.193233,-4.657123,8.261808,15.502962,13.652129,11.87767,16.697475,22.082804,17.357172,0.972821,-18.225827,-32.105965,-40.152661,-43.817724,-39.552569,-23.519249,-1.970334,10.209982,5.339209,-6.433298,-8.049062,3.370709,12.358165,4.956482,-12.029543,-18.095679,-4.702879,13.322449,16.224489,4.434662,-2.303667,8.899756,26.663731,29.824356,15.242412,2.329148,7.768029,23.236481,25.686109,7.425831,-13.05206,-14.059949,1.784069,11.010696,-0.562015,-19.526811,-21.606393,-1.893324,19.321342,21.146202,5.138306,-10.847579,-16.892181,-20.618919,-31.690569,-44.940772,-46.168202,-32.135419,-16.220181,-10.909971,-10.821445,-0.440614,22.451962,39.431218,32.571684,8.8788,-4.053827,11.237474,40.719051,52.878907,32.836602,-1.798142,-19.872132,-7.969246,19.207572,36.35025,30.692609,8.227524,-16.917315,-34.205244,-39.67625,-33.848958,-20.840979
-3.714671,-4.234948,-4.213499,-5.556928,-8.328056,-10.028322,-8.600019,-5.240313,-2.79699,-1.538846,1.468042,7.370269,11.338633,6.475698,-6.84244,-17.854117,-15.036309,0.600947,14.669606,14.478395,4.07328,0.941041,16.162796,40.001541,50.393289,36.062838,8.620005,-9.975743,-10.265644,-2.95196,-4.199361,-16.978131,-29.568999,-30.556422,-20.864151,-9.625639,-1.975715,4.458996,11.301451,12.979399,2.902077,-15.162591,-26.875179,-21.474641,-4.477497,7.009313,2.222458,-12.155918,-19.991579,-12.986608,2.291832,13.846931,17.214169,17.00909,17.79689,17.64936,12.344027,3.32679,-2.121407,0.660822,7.36026,8.720953,0.426906,-12.567625,-21.566923,-22.341183,-16.978509,-9.141157,-0.017261,10.374796,19.932832,25.103017,25.228774,24.475429,27.529206,33.302241,34.424095,24.345989,4.912779,-14.196745,-24.388178,-26.329339,-28.461225,-37.027202,-48.283892,-51.804032,-41.889555,-24.647294,-12.246883,-10.008758,-10.83102,-4.062557,10.692945,21.26602,16.282949,-0.28073,-10.904628,-2.375334,19.73607,36.76837,36.910961,26.803703,21.834011,27.240048,32.678736,26.090262,9.079029,-5.237478,-8.485938,-6.200579,-8.235475,-13.476605,-9.876365,8.813758,30.746494,35.314738,14.855265,-16.526115,-37.338266,-39.201882,-30.467868,-22.063117,-15.842427,-9.321374,-6.637932,-16.854985,-39.331588,-56.627389,-48.882174,-16.055453,18.727913,31.193163,19.55612,3.48387,1.048671,11.428598,21.845999,26.397632,31.302271,41.289536,47.936536,38.229521,13.731562,-5.687943,-1.882544,19.955479,34.661452,23.361796,-6.747451,-31.182116,-34.563603,-24.516614,-19.332834,-26.240555,-35.484431,-34.237209,-21.49013,-7.12467,0.625021,2.663193,4.233663,6.796163,7.527779,5.153673,2.492585,2.253082,3.070355,2.265835,1.369025,5.412375,15.314874,23.373582,19.705974,3.788252,-12.72964,-16.837259
11.922801,21.466582,24.079553,23.141027,21.984335,16.206767,1.138253,-16.52583,-23.466311,-17.033767,-9.459242,-10.635023,-14.088893,-8.03262,4.245887,6.448254,-6.943276,-19.952765,-15.216595,2.545145,13.381037,9.555651,4.241757,9.915902,18.898946,14.264721,-5.325132,-22.26783,-21.408207,-5.865474,10.904725,20.597915,22.154562,15.198852,0.786822,-13.164384,-16.887654,-11.629494,-9.60422,-16.297771,-19.633354,-5.246783,20.473842,33.110659,18.906456,-7.141958,-17.939881,-4.688725,16.106782,23.888282,14.508234,-1.669987,-14.282227,-19.799151,-17.91719,-8.880268,3.991616,13.560117,13.871639,5.334622,-5.602867,-10.877728,-5.68759,7.538459,18.558586,16.051511,-1.468149,-22.576221,-33.757502,-32.326292,-25.237843,-16.51322,-2.46151,17.905989,34.082941,33.246895,16.959646,1.36051,-1.338962,4.378464,6.88001,4.475301,5.934953,15.395714,24.381434,21.639569,6.101478,-13.364927,-27.440765,-31.640617,-25.70955,-14.286441,-7.430581,-12.983507,-25.220857,-26.867282,-8.060273,19.697653,34.829528,30.034699,18.589675,14.985466,16.72666,11.113489,-4.646066,-18.722743,-20.22407,-11.756058,-3.008216,2.168331,6.114234,8.064194,2.748653,-9.85726,-19.655269,-16.335805,-1.959427,10.785545,12.554341,6.019271,0.197243,-0.255356,2.175614,3.651423,4.29096,7.116667,13.138002,18.525619,17.261897,7.558152,-4.273289,-8.428108,-2.267688,4.596812,-0.880642,-20.127657,-39.044476,-41.281083,-24.533635,-2.114587,10.491226,8.530107,-1.178981,-8.212265,-6.158368,4.025789,14.711978,16.917321,8.526907,-2.193873,-3.629552,7.816824,24.811067,37.216737,40.124023,33.227589,17.187423,-4.493501,-22.330894,-26.747776,-19.527523,-14.310019,-21.114406,-33.034346,-33.569155,-16.585784,6.261323,19.081289,17.590077,8.595883,-1.269604,-10.055923,-15.641421,-14.085648,-5.645364,2.682999
-2.534799,10.627159,21.84913,22.950414,13.084825,-2.109134,-15.631476,-22.679609,-21.388057,-13.233186,-3.351477,2.014376,0.881393,-1.929496,0.326588,8.214929,14.572828,12.607124,4.534494,-0.299376,3.492109,10.380816,10.309067,1.305296,-7.183935,-5.055654,6.040747,13.634536,8.054985,-6.866681,-18.021546,-16.835333,-7.114091,0.571381,0.117417,-5.618846,-9.828254,-8.632404,-2.720871,5.305863,12.761781,16.423348,12.904421,1.592072,-12.893415,-22.64362,-22.112066,-12.407517,-0.262212,7.328865,8.29529,6.556401,8.177955,15.332715,23.012478,22.410702,9.485593,-9.013364,-19.522153,-13.862337,1.960991,12.423731,7.099431,-9.520434,-23.082045,-23.278431,-11.627586,3.403894,15.597472,23.337287,25.33524,19.072744,5.652151,-6.99901,-10.479774,-6.13316,-5.15141,-15.452138,-30.172366,-33.390604,-18.350478,3.418132,14.289144,10.340322,4.830925,10.879605,24.579974,29.466977,16.836388,-3.153566,-13.013363,-7.606787,1.644883,1.616185,-7.941012,-16.804237,-17.780477,-13.027646,-7.289668,-0.366965,9.790337,19.24337,19.388965,8.123637,-4.370315,-5.489547,4.829842,13.265224,8.808342,-3.946979,-10.606153,-4.620315,5.349761,7.024132,-0.470274,-7.152813,-6.238674,-2.306877,-3.340686,-8.808981,-10.896884,-6.898753,-4.312767,-9.867593,-17.137971,-11.881363,8.710801,27.670879,25.053525,2.396167,-15.490229,-6.845479,21.455508,39.430106,26.020463,-7.804551,-30.596317,-23.452011,1.738825,17.140817,8.632844,-11.83654,-21.780397,-12.241259,4.905367,11.233043,0.612363,-15.935885,-21.86775,-10.576074,9.215846,21.643762,17.529843,1.910803,-11.030667,-10.949371,-0.123382,10.397117,13.033971,10.952061,12.275826,18.245231,19.991034,8.816785,-11.766596,-27.32552,-27.022347,-15.165458,-6.234453,-8.781554,-16.510765,-16.341728,-3.651955,12.657382,20.039522,15.008856
4.934178,5.364861,2.63986,-1.268582,-3.304607,-2.086821,1.224129,4.298129,5.287099,3.316582,-1.56581,-7.954044,-12.816667,-12.949902,-7.818085,-0.951391,2.328993,-0.657879,-7.514624,-12.664504,-11.662239,-4.115471,6.454908,14.648294,15.697284,8.238276,-3.462179,-10.534687,-5.47601,10.554831,26.6306,30.476378,19.702334,4.318349,-3.192026,-0.505086,2.805255,-3.392587,-17.835752,-28.742511,-26.550762,-14.126077,-3.157458,-1.385292,-5.360877,-6.211877,-0.580835,6.238112,7.626167,3.612181,-0.041542,0.463767,2.616845,1.713335,-2.362128,-4.460798,-0.318463,8.194562,14.95383,15.983296,12.808789,9.569144,8.137975,6.930636,3.809289,-1.128639,-5.868044,-8.601924,-8.855713,-7.08052,-4.208893,-1.769343,-1.491807,-3.946336,-7.723915,-10.603902,-11.608313,-11.388597,-10.484704,-8.032776,-3.093175,2.947793,6.499629,5.175724,0.814386,-1.744386,0.77159,7.028689,12.726274,14.759829,13.331557,10.444963,7.456102,4.625854,2.314858,1.391065,2.08311,3.104742,2.626193,0.085016,-3.34533,-6.025738,-7.154757,-6.815739,-5.445971,-3.861403,-3.440252,-5.299092,-8.879179,-11.961884,-12.792185,-11.948309,-11.235578,-10.528912,-6.723662,2.984296,16.703273,27.72122,29.661861,21.896161,9.75641,-0.220141,-4.87351,-4.996672,-3.065687,-1.42417,-1.790483,-4.595756,-8.007869,-8.778126,-5.553709,-1.209708,-0.387825,-3.982446,-7.202439,-4.629785,2.996139,8.772189,7.330212,1.327268,-1.549177,2.083277,7.087474,6.322021,0.02236,-3.969051,-0.010528,7.560293,8.935712,0.81951,-8.737091,-9.135218,0.415163,9.727644,9.178534,0.335123,-6.660166,-5.369396,-0.263517,-0.756385,-9.701864,-19.846099,-21.677712,-13.15309,-0.902997,6.925148,7.574575,4.112091,1.185999,1.358849,4.151396,6.651778,5.175804,-1.437446,-8.703262,-8.054654
2.789559,10.791256,13.584738,8.984911,-0.082594,-7.203824,-6.681709,2.471282,15.523457,24.810896,24.57293,14.680339,0.809073,-9.056666,-9.537734,-1.089343,10.386073,17.151312,14.155022,1.78847,-14.515194,-27.292768,-30.778054,-23.382111,-7.968413,9.771114,23.76769,29.756064,26.517907,15.991186,2.346239,-9.668649,-16.575352,-17.469787,-14.124814,-9.762048,-7.141404,-7.128806,-8.675409,-10.192287,-11.244958,-13.142783,-17.747777,-25.240381,-32.618937,-34.478629,-26.093565,-7.004962,17.43683,38.087505,46.789062,41.092803,25.839206,10.361974,2.914752,5.819077,14.442375,20.619867,18.192096,6.949787,-7.582886,-18.219007,-21.10234,-18.131254,-15.186348,-17.498386,-25.478521,-33.977214,-35.530119,-25.393766,-4.973255,18.626007,36.577075,43.219128,38.794213,28.547054,19.101809,14.613729,15.014378,17.048628,16.98087,13.035529,6.190372,-0.75797,-4.899641,-4.581465,0.072895,7.325837,14.289146,17.563768,14.209273,3.057616,-14.132579,-32.569385,-45.971382,-49.384798,-41.846255,-27.193359,-12.23282,-3.10216,-1.931176,-5.878406,-9.191743,-7.013178,1.490223,12.642144,20.650539,21.247147,14.207841,3.237797,-6.499997,-11.446011,-11.319931,-8.545807,-6.126306,-5.583667,-6.303526,-6.472013,-4.686963,-1.018204,3.111482,5.9185,6.276984,4.102572,0.079664,-4.785637,-9.333389,-12.142333,-11.560675,-6.238348,3.968631,17.348512,30.587912,40.026178,43.271946,40.2096,32.785923,23.780385,15.41691,8.679175,3.567781,-0.194467,-2.749339,-4.304211,-5.57714,-7.785696,-11.851033,-17.287374,-21.774672,-22.119615,-16.295887,-5.261974,6.874259,14.788437,14.92887,7.626714,-3.162004,-12.395067,-17.060002,-17.710273,-17.375677,-18.721247,-21.653107,-23.272685,-20.31653,-12.262837,-2.622689,2.855641,0.065152,-10.189082,-22.012511,-27.767529,-22.8774,-8.876206,7.424161,18.173367
-1.235615,-0.320288,0.233794,1.13004,2.598927,3.56134,2.096996,-2.887681,-10.095421,-15.901936,-16.470753,-10.663588,-1.564607,4.860612,3.460925,-6.428253,-19.998615,-29.65189,-29.780363,-20.467212,-7.507411,1.394223,1.747082,-4.735703,-11.30353,-10.681654,0.117849,17.843819,35.034378,44.466716,43.021498,32.649086,18.300457,4.687004,-5.825224,-13.125097,-17.812364,-19.880377,-18.760469,-14.44305,-8.362073,-2.954753,-0.054574,0.562122,1.118386,4.094071,10.078243,16.985521,21.436342,21.370587,17.848498,14.460826,14.56936,18.384822,22.232009,20.864737,11.396686,-3.975327,-18.63527,-25.454056,-21.421136,-9.809667,1.731505,5.986607,0.690603,-10.256022,-19.624347,-21.74062,-16.08906,-7.302186,-1.759293,-3.294661,-10.956298,-20.142028,-26.015232,-26.618562,-23.550455,-20.00449,-17.90985,-16.444424,-13.00566,-5.776253,4.209719,13.210898,17.163585,14.626361,8.122441,2.812201,3.299586,10.685984,21.823341,31.230087,34.378551,30.237693,21.561298,12.950638,8.102244,7.98294,10.852961,13.767728,14.350781,11.737382,6.407646,-0.547045,-7.959151,-14.603438,-19.021679,-19.719061,-15.924234,-8.446962,0.169651,6.648266,8.717024,6.473246,2.315168,-0.710446,-1.133511,-0.284515,-1.484423,-7.542425,-18.191138,-29.341568,-34.970946,-30.701326,-16.858625,1.062907,15.064428,18.981376,11.916134,-1.317828,-12.995443,-16.8014,-11.094506,0.688314,12.451364,18.974506,18.399851,12.444262,4.680283,-1.671215,-5.021929,-5.317102,-3.169675,0.782693,5.797822,10.565148,13.132915,11.66788,5.684325,-3.192047,-11.674456,-16.382319,-15.571294,-9.893785,-1.729095,6.356052,12.870571,17.543583,20.45522,21.088003,18.27201,11.201615,0.70926,-10.384343,-18.414393,-20.922851,-18.21696,-13.245597,-9.741384,-9.82584,-12.699906,-15.303346,-14.450567,-8.942534,-0.240862,8.624602
-20.668221,6.351269,30.592544,33.370574,20.421561,12.879153,20.649652,31.13228,26.47581,7.132048,-7.445498,-1.192983,20.425661,36.879126,33.829326,14.445102,-8.270378,-24.578295,-31.696232,-29.792429,-20.670962,-10.316063,-6.870344,-12.251736,-18.39689,-16.314608,-8.316473,-6.210023,-15.199022,-24.262299,-18.542268,-0.564941,8.152846,-8.240388,-36.916576,-45.436827,-16.559761,30.315123,57.259398,46.411501,16.211133,-1.347552,5.371386,20.448257,24.024945,15.847603,12.119457,23.176195,40.351386,45.858612,31.688788,6.232641,-15.383194,-24.152368,-21.554452,-15.775857,-15.668556,-25.173886,-39.380218,-46.232796,-36.235248,-12.986584,7.754915,12.374655,2.570583,-7.878613,-9.124205,-4.588239,-2.745274,-3.510889,1.427486,14.329402,23.68463,16.480057,-3.432553,-15.959965,-7.12904,13.040691,20.618363,5.600232,-15.732748,-19.527435,-2.144156,16.058762,14.894291,-2.727316,-15.30718,-7.284466,15.826086,36.598209,44.481834,41.854085,34.734728,24.020756,7.83952,-11.867139,-29.652086,-42.38826,-50.570149,-53.145812,-45.476558,-26.146802,-3.638104,9.165074,8.802179,5.773156,11.694837,23.896662,27.913726,16.534311,1.524182,1.245955,17.372153,29.333001,15.342404,-22.845441,-59.27927,-67.71717,-44.190063,-6.806224,22.296975,32.458441,26.477644,14.581557,8.406603,15.054482,30.254651,37.631164,21.323533,-15.894257,-49.245959,-52.121241,-21.701834,17.635534,37.846348,32.18861,15.420915,2.946588,-3.892212,-10.629967,-14.77654,-6.242432,16.698852,38.630893,39.861126,16.812777,-14.799453,-37.101895,-45.517794,-45.14146,-37.595187,-19.758617,3.855554,16.379545,4.968579,-19.230182,-26.592539,-0.758498,38.258519,50.242267,16.836528,-36.378131,-63.744567,-44.247652,0.816352,33.702077,38.209749,29.057718,28.079773,38.907442,47.490237,41.909333,24.860402,6.627075,-7.940645,-20.919713
-13.219044,-15.985456,-9.743819,2.329776,14.455581,21.954738,21.727081,12.499323,-2.709891,-15.580689,-17.615884,-8.193645,3.972557,9.516126,8.122615,7.427863,11.972739,16.082818,10.509825,-4.656914,-17.236279,-15.102527,0.475075,16.066982,20.339131,14.480511,7.485059,3.837892,-0.499344,-9.838464,-20.356939,-23.263355,-15.67852,-5.142513,-1.721818,-7.255904,-14.525577,-16.560576,-14.243849,-13.462042,-16.370933,-17.995648,-12.064505,1.247806,14.636043,20.416707,17.266705,10.633375,7.529093,11.033669,18.622269,24.60435,24.394147,17.771379,9.01104,3.686817,4.492664,9.389061,13.347739,11.885606,3.729722,-8.429216,-18.916274,-21.96009,-16.111276,-6.964587,-3.758085,-10.458674,-19.741127,-18.452502,-1.757581,18.633723,23.418183,4.991167,-23.026565,-37.554333,-27.865174,-4.855474,11.189058,10.172478,-1.252178,-10.095771,-10.150793,-4.212794,2.774735,8.63186,12.531216,13.054696,10.362198,8.198431,10.052783,13.233748,10.437786,-0.462875,-10.674859,-8.755856,4.898503,15.781476,10.719671,-5.963449,-15.739658,-6.383467,13.829765,24.981364,16.959994,-1.244856,-13.483649,-13.502755,-7.388507,-1.993696,3.345824,11.817495,20.101302,19.36374,5.692576,-13.686516,-26.399375,-25.745361,-14.637583,-1.199751,6.645504,3.707798,-10.024775,-26.700542,-33.851588,-25.583666,-10.537377,-3.646255,-7.50017,-6.614628,13.553346,43.244924,52.711469,25.492083,-17.395078,-35.837865,-15.022764,16.496175,19.799374,-7.736092,-29.139055,-13.421159,25.633665,46.100669,29.462419,1.984843,-0.931796,19.403359,29.511845,12.973552,-2.668089,17.893751,61.883677,69.630878,2.453413,-100.890465,-153.08873,-107.853367,-10.025461,52.088126,38.358906,-10.22368,-28.597486,-2.029879,27.630957,21.84768,-7.677651,-19.905017,-0.099578,22.546447,14.819695,-17.019904,-35.308889,-18.172727,14.518566,26.962253
10.772685,-0.532271,-15.991823,-21.541215,-11.86444,2.793043,8.318845,3.052836,-1.655918,2.675138,9.906288,7.230705,-7.065479,-19.304533,-16.26441,-1.934661,6.139432,-2.760057,-19.966555,-27.75777,-19.680054,-6.356363,-0.849157,-2.651922,0.051444,13.683414,29.591998,33.393432,21.636327,5.604963,-1.797368,-0.077943,0.028586,-9.408279,-23.366897,-28.78252,-18.418374,1.393468,16.632829,18.502364,10.868909,5.943794,12.637357,27.875437,38.471831,32.476827,10.557056,-13.190225,-22.991763,-15.645602,-3.416025,-1.898692,-14.430406,-28.879568,-30.235417,-15.906195,2.05316,9.426922,3.354428,-6.777552,-10.413884,-6.1605,-1.286162,-2.855879,-10.74395,-18.712708,-20.579617,-14.734563,-4.034807,6.900117,14.116425,15.717736,12.587775,8.121948,6.440489,9.879458,17.595734,26.239455,31.891043,31.875136,25.780027,15.566111,4.598717,-4.162062,-9.542006,-11.782499,-10.961555,-6.488165,1.17415,8.588674,10.361341,3.124274,-11.320181,-27.062559,-38.182418,-41.680074,-37.291793,-26.432017,-12.685928,-2.281805,-1.114434,-9.107972,-18.072498,-17.567606,-4.621222,12.649437,22.278729,19.770447,11.863049,9.036901,15.0803,24.635093,30.26379,30.289992,28.882471,29.386761,29.334554,22.94708,8.194155,-9.404376,-20.400583,-19.135253,-8.56434,1.820958,2.947013,-7.736273,-25.387573,-41.805047,-50.164807,-46.801826,-30.579729,-3.360535,27.330493,47.756587,44.649831,16.810592,-19.255767,-38.702839,-27.859209,3.397983,29.53019,31.45728,12.138081,-8.993476,-15.990952,-10.123931,-4.782914,-9.225966,-19.065707,-22.043698,-11.029996,9.449447,27.886273,35.077135,29.480431,16.323867,3.514499,-2.515788,0.221598,8.487641,16.179267,18.60206,15.085399,7.821227,-0.930896,-9.660733,-16.406946,-18.96337,-17.70061,-17.032117,-21.543221,-29.69432,-33.046187,-23.970226,-4.43047,14.262401
-3.475887,-8.364803,-15.432287,-23.69154,-28.990362,-26.845994,-17.05738,-4.834753,3.318966,4.865673,2.319963,-0.273753,-0.931067,0.349503,3.823585,10.092376,17.165731,18.978495,9.716438,-8.561378,-23.563417,-21.102394,1.485716,30.037225,43.82659,33.533215,9.70541,-7.437376,-7.236874,2.656807,6.816198,-0.143288,-8.443392,-6.261556,4.51593,8.968321,-3.646961,-25.829037,-37.826954,-27.83937,-4.153319,13.87124,15.162882,5.252218,-3.519523,-5.986768,-5.984562,-6.93293,-6.031787,-0.115201,6.147725,3.151431,-11.252649,-25.773584,-25.765139,-9.004354,11.522778,21.610809,20.21929,17.631512,20.855756,25.031659,21.166739,9.4552,0.519294,2.617594,10.939008,12.672593,1.954753,-13.236853,-20.057879,-14.451814,-3.828094,2.602405,2.968598,1.294004,-0.252257,-4.213264,-12.698883,-22.162479,-25.640568,-19.887251,-8.811415,0.311433,2.989136,-0.017513,-4.402409,-5.104842,1.070237,12.531944,21.776891,20.012463,6.236528,-8.481068,-9.339136,6.826742,25.616056,27.747533,9.01847,-14.179846,-21.312526,-9.075474,5.867206,5.934832,-7.960867,-18.338498,-11.576448,6.791387,18.838664,14.355631,1.141101,-5.111274,1.637019,12.764788,16.432813,10.576574,2.709655,-1.187751,-3.874229,-11.475855,-23.00082,-28.596992,-19.896756,-1.11886,12.242585,7.266956,-13.484453,-33.144914,-35.159853,-17.594567,6.122156,20.064141,19.571477,13.139492,11.863349,17.947889,23.793391,21.545572,12.121381,3.973386,3.513102,8.200021,9.880645,4.213042,-4.601071,-8.758373,-5.377336,0.962132,3.658712,0.481326,-6.011192,-12.822843,-19.0157,-23.506528,-22.677503,-13.061149,2.854664,15.408119,14.894004,0.955807,-15.836565,-22.88044,-16.486966,-4.075442,4.11897,4.914856,3.803035,7.668223,16.980024,25.42348,26.513845,19.772985,10.440351,3.962789,1.467618,0.33279
-25.170141,-2.875631,8.936347,0.836099,-13.706073,-17.244232,-9.858958,-5.985385,-12.121175,-15.590173,0.309116,33.742017,62.900288,67.749806,49.03268,23.668223,5.133646,-6.81265,-18.064088,-28.361013,-31.8618,-26.992163,-20.238186,-18.483405,-20.77655,-20.436304,-13.694001,-3.009164,7.927496,18.684569,29.463193,36.644637,35.070122,25.110639,14.011967,7.944552,4.684892,-2.682937,-15.288872,-25.426825,-25.791822,-18.960161,-13.846047,-13.14311,-8.803885,6.890908,27.814511,36.040448,19.260745,-15.472413,-46.90227,-57.590697,-46.090066,-23.725112,-3.437292,7.499183,8.232444,3.025675,-0.491539,4.164033,16.583183,29.299212,35.374565,35.08595,32.38438,25.649813,7.526288,-21.961957,-45.438805,-39.465031,-0.158039,46.194914,64.713172,45.789746,13.860674,0.348363,11.209714,25.280114,22.354543,5.425793,-8.183005,-11.647315,-15.948141,-31.959307,-53.689101,-65.937579,-64.751465,-60.964108,-61.377626,-55.549062,-30.769113,2.381454,12.242397,-17.430921,-58.097843,-56.043192,12.119098,107.751372,161.122848,135.717079,59.621074,-5.76187,-22.720476,-1.720329,22.498065,27.993057,17.500782,4.36618,-1.939714,2.901491,19.906257,41.886658,50.867763,30.671212,-13.918271,-55.93877,-70.334019,-58.364077,-43.211357,-41.298699,-44.29517,-33.886986,-9.768727,6.049711,-4.56452,-31.964923,-47.946434,-37.346546,-13.168282,2.364932,5.345681,11.251046,29.928356,48.807174,47.27163,23.932169,1.300871,1.061621,20.185308,36.237869,33.307864,16.321135,-0.208191,-9.626462,-13.524519,-9.694171,9.048645,39.438168,58.821289,42.864338,-5.248165,-50.62676,-58.719248,-30.387789,0.528351,5.269259,-10.141163,-17.235782,-2.44117,16.775512,15.446444,-6.494742,-23.643194,-16.562911,4.112367,10.392244,-9.436969,-36.561238,-42.459009,-19.337334,13.508198,30.623142,22.655616,-1.275705,-26.114962,-40.630486
-15.622528,-15.15015,-1.120535,19.173642,30.571891,24.210758,6.882474,-5.380304,-3.481223,6.206889,10.164606,3.063715,-7.428153,-11.082938,-7.463549,-5.274834,-10.232704,-17.086632,-16.002085,-5.498836,4.176709,1.915358,-11.581333,-23.931099,-23.782522,-11.9508,0.523027,4.098358,-0.547504,-4.614333,-0.22556,12.723509,26.814585,32.695415,25.57856,8.96618,-6.770237,-11.101892,-1.337343,14.881291,25.792005,25.283254,16.849479,8.227451,3.271658,0.073877,-3.858045,-7.150331,-6.851138,-3.897444,-3.592339,-9.484476,-18.160217,-21.965989,-16.95015,-6.857947,0.977016,2.286064,-2.425904,-11.085715,-22.008324,-31.886115,-34.497419,-24.86585,-5.458701,13.885073,24.203795,25.285644,23.963204,24.770867,24.310196,16.234822,0.653239,-13.771479,-17.843096,-10.656727,0.585613,8.494737,11.412581,11.634859,10.398747,7.015023,2.383228,0.429444,3.972528,9.946397,11.105907,3.770242,-6.901325,-10.857818,-3.089094,10.562564,17.912555,11.19255,-5.977256,-21.68451,-25.959785,-19.021049,-10.209534,-8.45975,-13.058647,-14.053723,-3.097653,15.49765,25.932051,15.577253,-10.551034,-31.558434,-29.381662,-6.674339,14.976974,15.858087,-2.816999,-20.999784,-20.422085,-2.107578,16.52818,20.255105,10.159844,-0.026607,0.762408,10.764705,19.385074,19.045152,12.164699,7.421837,10.346146,17.627945,20.143841,11.83041,-3.547855,-14.444167,-11.808695,1.253355,10.581844,3.694464,-17.363686,-36.616258,-38.927232,-24.352854,-7.08759,-0.385611,-4.058588,-7.617404,-3.905003,3.300981,5.673714,1.430797,-2.780049,-0.458701,7.39932,14.911479,18.926597,21.003792,22.25067,19.934211,11.66073,0.9133,-5.495351,-6.249021,-8.411918,-18.395941,-31.406412,-34.186174,-20.198327,0.65069,11.150011,5.61034,-3.857404,-1.897704,11.496718,20.651389,12.927573,-5.521862,-15.581019,-5.907095
-10.735138,-13.149348,-11.927959,-6.952912,-0.302965,4.475643,4.320361,-1.275183,-9.495545,-15.497612,-15.186865,-7.802848,3.399262,12.940165,16.336926,12.722595,5.185998,-1.361409,-3.361237,-0.739069,3.349117,4.874764,1.745087,-4.802438,-11.045714,-13.171392,-9.574156,-1.630507,7.356732,14.146565,17.120897,16.553223,13.710152,9.653969,4.638652,-1.604125,-9.088088,-16.989923,-23.692923,-27.377653,-26.731774,-21.379904,-11.924038,0.258433,13.284842,25.078225,33.795084,38.354817,38.843585,36.467941,32.922798,29.435896,26.057217,21.691811,14.912884,5.044029,-7.222019,-20.098271,-31.669319,-40.842769,-47.594764,-52.357259,-55.067059,-54.691636,-49.720556,-39.380509,-24.72719,-8.748179,4.775299,13.061711,15.708955,14.805819,13.696029,15.138666,19.94295,26.804415,33.292796,37.260532,37.780117,35.137331,30.085863,23.043559,13.883602,2.492185,-10.332631,-22.377036,-30.453318,-31.759347,-25.502322,-13.845485,-1.484444,6.158436,5.371487,-3.949601,-17.945954,-30.26818,-34.76534,-28.159272,-11.466534,10.458297,30.979836,44.337491,47.708036,41.874734,30.411712,17.930584,8.220344,2.996677,1.620645,1.758933,0.666459,-3.399637,-10.184879,-17.323489,-21.276674,-19.027256,-9.78058,4.228909,18.378281,27.548714,28.334458,20.387713,6.192321,-10.498877,-26.52073,-40.287559,-51.43459,-59.622864,-63.625234,-61.563171,-52.228872,-36.497478,-17.63123,-0.003881,13.068352,20.968239,25.739947,30.350041,36.421056,43.003866,47.238469,46.427399,40.059842,30.380715,21.140199,15.418386,13.994467,15.248066,16.454807,15.427068,11.395507,4.779615,-3.604527,-13.02912,-22.628549,-30.859789,-35.455994,-34.310299,-26.864203,-14.955713,-2.287947,7.365455,12.108092,12.684589,11.509682,10.66736,10.361695,8.976426,4.681141,-2.682845,-10.962104,-16.901174,-18.379341,-15.997316,-12.737742,-11.82042
-1.821477,2.689432,8.845205,11.053825,7.344009,1.741997,-0.529365,0.672366,0.529915,-4.222883,-10.647051,-12.935254,-9.672623,-5.630334,-5.475571,-7.371927,-5.113632,3.303023,11.551253,11.376743,2.534571,-5.867715,-4.956057,4.242962,12.306188,12.199293,6.592526,3.452135,5.848817,8.529199,5.098718,-3.358695,-8.912776,-5.9407,2.143604,6.452473,2.211518,-6.487034,-11.513942,-9.070561,-2.587158,1.762401,0.981594,-3.349722,-7.982541,-10.827557,-11.192391,-8.901466,-4.424772,0.453854,3.313652,3.121267,1.306079,0.362086,1.441766,3.646462,5.554457,6.815682,7.88095,8.651032,8.298559,6.739603,5.614876,6.855377,10.017426,11.696999,8.43295,0.41144,-8.152984,-12.745044,-12.552804,-10.406424,-8.854724,-7.140322,-2.893285,3.415881,7.141779,3.978308,-4.217997,-9.64084,-6.116261,3.487417,8.830256,2.358902,-12.108297,-22.116101,-18.509891,-4.284775,8.877552,12.356608,7.960917,3.811358,4.608922,7.516139,7.157423,2.509659,-2.516668,-4.240961,-2.855799,-0.633626,1.455328,3.56426,4.434061,1.899915,-2.862815,-3.789126,4.181895,17.225848,23.525719,14.878448,-2.981656,-14.448791,-10.016379,3.170693,8.843828,-0.459414,-15.19518,-19.690729,-9.571241,4.037525,7.540022,-0.589615,-9.992832,-11.39483,-6.170789,-2.367192,-4.161583,-8.254003,-9.953614,-9.160293,-8.256848,-6.290161,0.850395,13.506468,24.429028,24.982826,14.961155,3.626602,-0.209221,2.609078,4.248375,0.768989,-2.814161,0.216507,8.253078,12.003193,5.696213,-5.138779,-9.602166,-4.283674,2.719309,1.765908,-6.476548,-11.808997,-6.977211,3.323112,7.721661,1.218152,-9.509036,-14.198606,-10.169647,-3.525212,-0.339498,0.318191,3.181389,8.592633,10.631921,4.308257,-7.350739,-15.587383,-15.216321,-9.848753,-6.874349,-8.376474,-8.825967,-2.038214
3.067368,4.006992,4.712929,3.366424,-0.673228,-5.60924,-8.562228,-8.348307,-6.545952,-5.507533,-5.617308,-5.12306,-2.76653,0.118698,0.871297,-1.204347,-3.567547,-2.987289,0.924084,5.313571,7.243098,6.63148,5.674918,5.848154,6.380167,5.894313,4.71516,4.591905,6.131635,7.382744,5.655351,0.559331,-5.362807,-9.138211,-10.03945,-9.514552,-8.917075,-8.017906,-5.900724,-2.770354,-0.317201,-0.269293,-2.795225,-6.22437,-8.028058,-6.253764,-0.844116,5.771874,9.785189,8.900634,4.846077,2.452626,5.136021,10.966319,13.97135,10.109062,1.766222,-4.422765,-4.410415,-0.742478,0.74341,-2.321717,-6.404693,-6.583539,-2.493859,1.253581,0.408441,-4.247816,-8.078248,-7.710865,-4.045434,-0.36757,1.301934,1.289078,0.557227,-0.617494,-1.920565,-2.105954,-0.054317,3.388699,5.745958,5.66485,4.697323,5.424617,7.912003,9.033142,5.920115,-0.455401,-6.024468,-7.956665,-7.426089,-7.555361,-9.188153,-9.707729,-6.281097,0.448193,6.560282,8.567371,6.399598,2.792982,0.453408,0.217426,1.373764,2.750799,3.243631,2.095741,-0.460897,-2.906454,-3.517063,-2.131662,-0.459023,-0.17987,-0.972675,-1.035698,0.374078,1.667048,0.847494,-1.575661,-2.56711,0.014089,4.427725,6.305836,3.144598,-2.852479,-6.756351,-5.593673,-0.853744,3.374046,4.194915,1.809835,-1.606648,-4.112911,-5.114264,-5.06482,-4.67758,-4.278317,-3.44416,-1.222243,2.844663,7.642525,10.796335,10.624809,7.862319,5.008348,3.722601,3.200019,1.536742,-1.538784,-4.062146,-4.295818,-3.181869,-3.420454,-5.983386,-8.408777,-7.402513,-2.954964,1.088673,1.123834,-2.019815,-3.844329,-1.339026,3.301765,4.833676,0.821646,-5.239918,-7.073342,-1.784778,7.305021,13.815518,13.939775,9.02391,3.251737,-0.475531,-2.294035,-3.765193,-5.395455
1.429211,3.566225,1.636863,-1.626436,-2.287047,-0.657229,-1.246128,-6.606516,-12.695187,-12.374119,-3.881234,5.723596,7.085622,-1.538093,-11.982381,-14.234769,-6.147003,5.409285,12.326511,12.848571,11.178286,11.020316,11.323395,8.763302,3.100834,-1.46978,-0.657464,4.940499,9.832675,8.662227,1.116533,-7.99544,-13.233748,-13.11185,-10.631706,-9.670618,-10.943157,-11.467087,-7.94078,-0.496962,7.115664,11.078285,10.823629,8.499232,5.646152,1.702936,-3.462649,-6.627016,-3.119075,7.056773,16.206454,14.642256,0.772952,-15.500948,-21.358702,-13.58253,-1.56328,2.836577,-2.460684,-8.809151,-7.627656,0.011067,5.873737,5.293082,2.713646,5.543379,14.290796,21.234083,19.11016,9.198765,-0.560491,-4.430127,-3.935251,-4.117729,-7.014948,-10.603671,-13.075977,-15.277777,-17.70563,-17.121482,-9.169356,4.993849,16.896283,17.965457,8.685265,-1.037455,-1.638557,6.559855,14.358412,13.724554,5.589624,-2.519993,-5.13045,-3.609398,-2.665986,-3.956654,-4.579362,-1.548085,3.634134,5.669919,0.54324,-10.308027,-20.505153,-23.152183,-15.593287,-1.344822,11.913253,17.173441,12.763078,3.393829,-3.516081,-3.390662,2.734139,10.127883,14.320711,13.223857,6.781694,-3.384405,-13.201567,-16.674356,-9.992782,3.563331,14.146094,13.179139,1.758374,-9.618924,-10.887106,-2.005819,7.859404,10.425879,6.22005,1.816839,0.664791,-0.849913,-7.382838,-16.641432,-20.154181,-12.727898,0.615236,9.020284,6.955342,-0.571905,-4.474527,-1.759396,2.468029,2.712458,0.330308,1.263349,7.460112,13.171196,11.199931,1.681271,-7.40356,-8.82996,-3.706615,0.730543,-0.03594,-3.188699,-3.318234,0.118865,2.34725,0.246683,-2.631551,-0.142528,7.888141,13.722934,10.063584,-0.518898,-6.806498,-0.790886,12.586583,19.176689,9.675894,-10.640856,-26.667108,-27.538927
30.052596,49.156635,41.655467,0.769117,-50.456106,-76.231115,-60.323279,-21.685937,4.618233,2.948224,-9.388944,-6.220177,13.990473,25.852229,9.287844,-23.336117,-39.13533,-21.555989,11.955359,30.830102,24.090264,7.756947,2.900151,12.428109,20.730142,12.664962,-9.246829,-25.424319,-16.996723,14.325524,43.411316,42.673041,9.664548,-27.827652,-38.346147,-18.568302,4.789583,5.177757,-16.07222,-34.800898,-32.948724,-17.047143,-7.856416,-15.830142,-29.029209,-24.342536,8.989084,54.628557,78.792781,60.48842,15.531255,-14.351503,-2.978726,31.128249,44.058632,15.739409,-28.132239,-47.623853,-33.8642,-12.626022,-6.269701,-6.791059,6.647592,33.767611,49.874637,35.531909,-1.252987,-35.978683,-52.888556,-53.61052,-46.531763,-36.550396,-25.20702,-13.785034,-3.20044,5.966586,11.946631,13.647252,14.835325,21.094037,29.415664,26.931036,7.734427,-12.169189,-8.034918,21.77265,46.693114,36.269361,-2.107749,-28.35408,-14.523448,23.918225,46.697943,32.800458,-1.215872,-24.284667,-23.679045,-12.531099,-10.634922,-22.982669,-36.202544,-33.244493,-11.583549,12.37452,18.570781,4.156414,-13.239313,-15.271792,-3.049298,6.612736,2.771212,-8.717145,-16.462222,-17.350861,-13.664477,-3.28523,16.833661,38.597787,45.270784,30.706345,8.446625,-4.681665,-7.928977,-11.129897,-14.702501,-8.377887,8.122217,16.460507,1.287324,-26.992785,-42.515553,-34.034807,-13.221358,6.092151,22.304698,34.498738,32.146982,11.783726,-4.491549,11.170685,50.388025,66.229105,27.323024,-37.119132,-65.476624,-35.131639,12.595967,24.238285,-5.360363,-36.660632,-37.890641,-15.188781,7.326674,17.350492,15.67774,2.594465,-20.907696,-42.834327,-46.650411,-31.211421,-13.666271,-7.559438,-6.506265,3.457926,21.972342,34.600126,32.684367,23.176504,17.388896,18.368452,22.725783,27.293775,28.180738,19.561725,2.061282,-10.943018
-15.180027,-24.288002,-21.35246,-8.008543,5.091577,10.206272,11.040591,16.367169,26.412533,30.279583,19.114947,-1.22099,-14.624019,-11.626606,1.424508,10.812143,9.878159,2.64535,-4.526828,-10.278819,-16.189435,-20.99315,-20.531452,-13.364124,-3.972143,0.745331,-2.657005,-11.989221,-21.459196,-24.607374,-16.777518,1.889044,24.130737,38.075256,35.675397,20.445579,5.469188,1.441663,6.366114,8.675589,1.150152,-10.263862,-13.589753,-5.569746,4.291817,5.634356,-0.133432,-2.776305,2.458635,8.319524,5.158907,-6.620993,-17.38892,-19.665548,-14.282898,-5.54421,4.361852,13.507828,17.258305,12.468454,3.254024,-2.736172,-4.086949,-6.212676,-10.422556,-8.908198,3.436907,16.683347,14.952234,-1.485917,-13.082126,-5.810574,8.654104,7.95209,-8.96295,-18.354208,-4.605035,15.452046,12.922186,-13.792447,-34.765308,-26.385353,-0.515555,13.179601,5.558637,-4.743395,-0.66947,11.169119,14.05406,6.308454,1.489125,7.244225,15.863144,17.622465,13.489666,9.153203,4.202829,-4.067594,-10.151158,-4.339899,11.454728,21.256782,13.657397,-3.436597,-13.588431,-13.237138,-13.428875,-20.817845,-27.002316,-21.609781,-8.699414,-1.928589,-6.190177,-12.54631,-12.00394,-6.356493,-1.682712,2.267615,9.421752,17.604931,19.644923,14.771974,11.531269,15.8248,21.587803,18.78782,7.361416,-3.377453,-8.222842,-11.650891,-17.77889,-21.553121,-15.765618,-3.243049,5.172888,4.701921,2.045097,4.452052,9.299969,9.614145,6.121469,6.481532,12.445791,14.991818,6.295933,-7.898256,-13.770619,-6.357181,4.330393,5.464087,-4.441168,-16.239562,-22.011134,-21.865606,-19.346374,-14.510881,-4.482679,10.258804,22.762324,24.216353,12.173648,-5.690475,-17.010068,-15.761231,-8.276566,-6.349354,-13.078181,-17.678828,-7.467321,15.638701,34.645697,35.372995,21.807641,10.347614,10.546942,16.176752
0.719161,5.400617,7.788588,5.576588,0.716127,-3.439385,-5.433761,-5.071662,-1.113226,7.398566,16.850358,19.148271,9.599868,-5.530463,-13.101252,-7.312797,2.072165,-0.279797,-16.26268,-29.033477,-20.449853,7.098462,30.542321,29.842233,9.181528,-8.879175,-9.26586,0.364026,2.288476,-7.60243,-14.94412,-6.470731,11.242205,18.028529,4.087764,-17.782249,-26.452989,-15.54936,1.945781,10.847226,9.847115,7.873146,8.929018,7.241857,-1.658922,-11.035873,-9.631157,3.019269,13.619298,10.008962,-4.254215,-14.132865,-10.800302,-0.519134,5.530567,5.915606,8.63207,17.227803,23.226954,16.088255,-2.061774,-16.81491,-17.431928,-8.434304,-2.523187,-4.59724,-7.463435,-3.586878,3.978041,6.298832,1.786265,-1.053922,4.142111,11.069432,7.459417,-8.377084,-22.898596,-22.136198,-8.357909,2.391842,-0.673206,-10.783346,-12.872066,-2.315772,10.133043,12.412781,5.701641,1.514683,6.3616,14.214395,15.704402,10.90828,8.585446,13.186111,17.232655,9.781671,-9.1039,-25.941822,-27.028687,-12.2989,5.237636,12.578667,7.557225,-2.322517,-8.618415,-8.004707,-1.969284,5.809636,10.849861,9.265287,0.752575,-9.572449,-14.293574,-10.157103,-1.270433,4.73815,3.594296,-2.766899,-9.237442,-11.986492,-10.016896,-4.44799,1.841652,4.60125,1.004354,-6.281765,-9.130221,-0.740067,16.499005,31.130304,32.223322,19.155281,1.45689,-10.574267,-13.926365,-11.782498,-6.966344,0.638111,9.970946,15.164014,9.48801,-6.234861,-21.135966,-22.673361,-8.499047,10.392406,19.003738,11.417888,-4.525903,-14.672051,-10.80184,2.895942,13.802979,11.307251,-4.700528,-23.567215,-31.831456,-23.253391,-3.183517,15.960105,24.012163,19.363129,7.87897,-2.891201,-8.243764,-6.885128,0.155588,9.509668,15.42223,12.581511,1.073173,-11.820067,-16.663044,-10.119088,1.833946,9.49715
-7.531173,-12.042676,-10.775358,-3.021109,5.406463,9.123561,9.513445,11.703137,15.968626,15.709632,6.072692,-7.516986,-13.172036,-5.65091,7.14912,13.015305,9.105432,3.538405,3.235879,4.217485,-2.450671,-16.489291,-25.135004,-16.806348,4.082473,19.684963,16.755677,-0.221024,-15.109241,-17.183607,-9.648115,-2.297233,0.229152,0.730583,2.573237,4.740145,4.622395,2.741547,2.027865,3.343201,4.458916,3.949826,3.664736,5.518546,7.3115,4.569254,-3.103393,-10.016173,-10.569508,-6.129709,-3.296103,-5.339453,-7.962944,-5.116973,2.784217,9.180889,9.657734,6.886686,5.679847,5.482312,1.371295,-7.363237,-13.37503,-8.991451,3.482968,12.695707,10.549258,1.213694,-4.170482,-0.375234,7.13275,10.141065,6.985035,1.735606,-3.379417,-10.23266,-18.669027,-22.321862,-14.812442,0.519791,11.361749,9.185987,-0.940824,-6.348628,-1.877621,4.562926,2.930561,-5.519995,-9.463622,-1.702004,11.851197,19.530299,17.662394,13.107372,12.294341,12.11286,4.926966,-9.275384,-20.317629,-19.057353,-8.450603,-0.427271,-2.387208,-9.77035,-12.924099,-8.757216,-2.971972,-1.620925,-3.668765,-3.327901,2.200051,9.722583,14.399972,14.789104,12.798685,10.499844,8.774683,8.195081,8.768587,8.243461,2.928886,-7.644472,-17.684343,-19.451612,-11.770288,-2.632809,-1.38885,-8.620206,-15.488417,-13.497168,-3.290066,7.287005,12.317349,12.585333,11.363703,8.540933,1.576674,-8.593539,-15.838282,-14.699805,-6.596397,1.818046,6.17458,8.262155,11.752282,15.980442,16.161926,9.601664,-0.310378,-7.271786,-8.130163,-4.702733,-0.552327,2.087527,2.162193,-0.917257,-5.7422,-7.710555,-2.431241,8.243231,15.367331,10.717975,-4.114245,-18.119403,-21.424915,-14.603195,-6.432875,-3.345068,-3.238156,-0.238692,6.628418,11.945622,10.809188,4.833821,-0.092452,-0.741333
1.203612,5.806803,7.427577,4.020451,-2.179215,-7.189864,-9.264897,-9.942002,-11.498391,-14.159186,-16.076053,-15.431998,-11.859582,-5.992655,1.357342,8.907233,14.321485,15.175234,11.229293,5.395414,1.631277,1.548208,3.387384,4.572831,4.935966,6.835365,11.924402,18.186531,20.656274,15.360496,2.853426,-11.631023,-21.282372,-21.757046,-13.843127,-3.351853,2.196867,-1.162309,-10.19851,-16.318444,-12.709035,-0.910719,10.006546,11.855305,5.256213,-1.390716,-1.119954,4.185307,6.491134,1.31576,-6.853225,-9.747236,-4.836471,2.243456,5.037819,3.979706,4.644402,8.825833,10.278275,1.610695,-15.357229,-28.799458,-27.856051,-13.369404,3.747714,14.216981,18.361594,21.834317,25.857349,24.921482,14.684615,-0.527287,-10.783507,-10.923994,-5.718317,-3.720444,-7.494504,-11.733033,-10.534349,-4.23417,1.994262,4.578619,4.35662,3.340136,1.421868,-1.977694,-4.540811,-2.342813,4.617271,10.276323,8.165966,-1.014819,-9.382932,-10.115389,-4.360428,1.160133,2.177215,0.266034,-1.743703,-4.807981,-11.551253,-20.100071,-23.501577,-17.10941,-4.732802,5.292717,9.926988,14.32475,23.298662,32.291805,30.833042,15.817765,-1.988937,-8.127424,-0.583387,7.699448,4.153624,-7.939408,-12.864007,-1.674388,15.357715,18.577245,0.759563,-23.7346,-33.101817,-20.159759,1.347328,11.940438,5.827344,-5.590849,-7.842452,1.271691,10.715242,8.905447,-4.043305,-16.551063,-17.187798,-6.034201,4.958525,3.090146,-12.459641,-28.362575,-28.326381,-8.232417,19.094976,34.837961,30.82707,15.65698,4.609259,4.545528,9.627518,10.880892,7.074676,4.251155,6.090355,8.49176,5.489586,-1.728462,-5.348099,-1.163971,4.647815,1.905868,-10.927045,-23.390239,-23.834878,-12.098791,0.590708,3.842285,-2.043702,-8.902689,-10.713942,-8.09997,-3.898136,1.599594,8.464234,12.452415
10.910112,12.686937,11.073997,8.371281,7.501088,9.713131,13.388858,14.918544,11.188616,2.044648,-8.996386,-16.445709,-16.069311,-7.700026,4.199253,12.78899,12.760425,3.577912,-10.042854,-20.900499,-23.695056,-18.223387,-9.23571,-3.034784,-3.189129,-8.379393,-13.8239,-15.056068,-11.104133,-4.719213,0.267003,2.092478,2.1078,3.035543,6.194431,10.240935,12.500022,11.557085,8.643905,6.503231,6.796558,8.524251,9.023365,6.684472,2.815528,0.725161,2.616796,7.033292,9.35778,5.327671,-5.18118,-17.304633,-24.201521,-21.7068,-11.042717,2.428009,13.246953,19.404855,22.702695,25.989056,29.860297,31.670837,27.618651,16.084293,-0.562141,-17.141687,-28.879137,-34.173009,-34.932371,-34.443783,-34.556322,-34.327153,-31.033624,-22.667178,-9.994165,3.350829,12.848002,15.814124,13.021929,8.121178,5.248723,6.441055,10.587671,14.571531,15.682526,13.497991,9.892612,7.33172,6.940594,7.929519,8.709744,8.530659,8.042865,8.256078,8.962824,8.325663,4.297084,-3.273445,-11.877863,-17.94484,-19.64707,-18.441036,-17.731419,-19.561505,-22.199271,-21.018747,-12.345052,2.793413,18.327373,26.91765,25.10798,15.825116,6.193544,2.342391,5.233706,10.61449,12.832195,9.284468,2.067985,-4.095573,-5.608526,-2.369386,2.765456,6.492156,7.298979,5.880445,3.896994,2.404352,1.102712,-1.382281,-6.637553,-15.460182,-26.93962,-37.977739,-43.899448,-40.544207,-27.099746,-7.750955,9.667987,17.920146,14.946989,5.371372,-2.573284,-2.706068,5.042046,15.268516,21.803537,22.533689,20.376635,19.803099,22.180007,24.202962,20.893265,10.503813,-3.119902,-13.013844,-14.454756,-8.676981,-1.77547,0.28316,-3.635684,-9.236733,-10.580823,-4.945141,5.17089,14.179886,17.553697,14.580762,7.972217,1.319106,-3.205601,-5.390412,-6.153835,-6.667574,-8.107058,-11.528081
-2.103934,0.124293,6.502694,12.652564,11.55395,1.586612,-10.487516,-16.309456,-14.938811,-12.97202,-15.335947,-18.340635,-14.201977,-1.712488,10.661012,13.980717,9.443977,7.008194,13.033358,21.691367,20.901877,6.409128,-12.107716,-19.932397,-11.504586,4.921436,15.848479,14.495241,4.810244,-4.10135,-6.095192,-1.756685,3.466945,4.040228,-1.291256,-8.262767,-10.443997,-5.298583,2.546858,5.093546,-0.956432,-10.275956,-14.049578,-9.004871,-0.263613,5.117207,6.025866,7.132194,11.331988,14.793648,11.349271,1.028771,-8.143152,-8.123575,0.192239,7.28064,4.350263,-8.24449,-21.72638,-26.842129,-20.724486,-7.466819,5.857534,13.340304,12.523067,5.112494,-3.891322,-9.04519,-7.942794,-2.417455,3.700596,7.89671,10.160543,11.787522,14.054017,17.865579,23.10148,27.13835,25.016375,13.431826,-4.310343,-18.685564,-21.495759,-13.702006,-4.693268,-2.971326,-8.22695,-13.477065,-14.151408,-12.929959,-14.818277,-19.324862,-20.074617,-12.486919,0.188378,9.980642,12.356924,9.430274,5.270344,0.595293,-5.982312,-12.74783,-14.126665,-6.623188,6.055788,16.052474,19.557153,20.105706,22.828506,27.000539,26.490144,17.677849,4.881246,-3.644055,-4.429457,-1.94458,-2.896032,-8.832712,-15.373155,-17.814698,-15.81449,-12.283596,-9.210411,-6.038699,-1.907405,1.938682,2.827573,-0.548734,-6.483394,-11.261149,-11.649353,-6.987931,0.260296,5.952116,7.232082,4.920848,2.732915,3.458598,6.045104,7.243295,6.121144,5.538457,7.937877,10.544799,7.15864,-4.045069,-16.003173,-18.581067,-9.531225,2.130053,5.380694,-0.751685,-6.256643,-1.720967,10.80328,20.000155,17.609991,6.605798,-3.250855,-5.991072,-3.805559,-1.898234,-1.900139,-1.753822,-0.330119,0.564863,-0.812318,-3.178373,-3.845044,-2.507536,-1.638853,-2.915921,-4.81016,-4.71865,-2.474019,-0.240289
8.892502,-6.993613,-28.658792,-35.341438,-19.041798,7.757298,25.712755,26.849082,17.807698,8.429553,2.139855,-1.897617,-2.3172,3.680499,13.813106,19.918449,16.491015,7.784413,2.957678,4.503135,5.068021,-2.558791,-14.976351,-21.037626,-14.731207,-1.913074,6.948971,7.843382,4.31372,-0.429868,-7.391746,-16.065252,-19.232787,-9.162283,10.568069,24.244375,18.862092,-1.423883,-18.973657,-20.81798,-10.113116,1.169371,6.597287,7.884976,5.34962,-6.335872,-27.8526,-44.754049,-36.303741,0.8331,41.865138,53.68221,27.454536,-11.473871,-28.397796,-12.398707,16.742523,31.857736,23.86859,4.111592,-12.137788,-18.211471,-13.87725,0.908052,23.937679,44.819688,48.45217,28.628077,-3.653113,-28.803988,-35.818475,-29.34233,-20.633465,-15.147197,-10.769157,-5.152932,-0.13199,1.741292,1.296628,0.735326,-0.437566,-3.891882,-7.194624,-4.25487,6.482782,17.023725,17.250644,7.200235,-2.480433,-4.548933,-5.733825,-17.793154,-38.410644,-47.778476,-29.608067,6.784419,32.107629,27.377993,4.44409,-8.070424,2.732781,21.483856,25.797248,13.986506,5.271648,13.919644,30.918588,35.629439,21.168722,1.115679,-9.07972,-10.012443,-12.654323,-19.251399,-18.887912,-4.663506,11.851513,11.487963,-7.690237,-24.299706,-17.537378,6.431055,19.165231,2.643644,-28.195046,-40.7639,-21.290881,9.397255,18.658143,-2.738716,-31.762333,-38.342133,-15.491707,16.588871,32.602115,24.769885,5.190435,-8.903958,-9.447003,-0.135296,10.127416,14.738379,13.044938,9.516692,9.425617,13.741182,17.7965,15.946974,7.890681,-0.714347,-4.625879,-4.816383,-6.214172,-10.041262,-10.89011,-3.135556,10.848123,21.173403,19.674935,7.316279,-8.075875,-19.583038,-24.92019,-23.9634,-16.670131,-5.577584,2.228896,0.122661,-9.809097,-16.43071,-10.458276,4.941291,17.150695,18.075109,12.251107,9.007869
5.816498,-2.696246,-13.413991,-12.031928,6.141644,28.849941,38.327029,29.088461,11.734082,-0.678754,-6.231831,-11.613961,-18.95763,-21.208806,-12.972937,-1.739151,-2.202992,-18.287108,-35.38308,-34.772182,-14.773554,6.638939,11.645483,1.757018,-5.904292,0.234243,13.521707,19.24193,13.536465,7.248781,10.875858,20.527908,22.662012,11.219135,-4.421113,-10.199505,-3.28758,5.773139,6.043721,-1.971396,-8.619886,-6.73238,1.776973,10.17094,14.389712,14.617081,11.450346,3.840903,-8.234566,-20.908349,-28.157704,-26.652289,-18.485305,-9.480771,-5.194604,-7.336654,-11.88951,-10.460372,3.54909,26.773017,44.186435,39.680025,11.904788,-21.053061,-36.247204,-27.035057,-8.508356,-0.39413,-5.855214,-9.977631,0.667392,20.615225,30.867741,20.555674,-0.675655,-13.540864,-9.611042,2.273131,8.916272,7.397999,4.418121,4.430524,3.980194,-0.943613,-6.495441,-4.763194,4.521601,10.848671,4.587215,-10.184901,-18.429119,-10.549653,6.686819,17.679137,14.826309,4.884128,-1.393221,-2.280533,-4.770734,-12.67866,-19.457441,-15.501778,-1.055311,11.524454,9.80605,-5.544892,-20.893379,-22.664157,-9.576035,7.414395,15.705398,11.206116,-0.161734,-8.669065,-8.088062,1.163716,13.706897,23.120575,25.077215,18.261121,3.831639,-14.812984,-31.62076,-38.817577,-30.94655,-9.91058,14.296563,29.825205,31.639516,24.439718,16.898028,13.34157,11.450685,7.295588,0.80569,-4.615038,-6.598479,-5.978471,-4.433624,-2.127812,0.679295,0.971229,-5.027918,-15.954084,-23.540751,-19.850795,-6.838837,3.594459,1.222754,-11.25099,-20.389502,-15.973797,-1.447123,10.426278,11.075932,3.560747,-2.899605,-2.978391,1.795023,7.96894,14.123793,18.729846,17.337632,6.215053,-10.506016,-20.723884,-14.988697,2.554382,16.308049,14.109216,-0.470165,-11.738897,-7.48015,10.027454,27.952246,35.498663
-2.769456,-6.99714,-3.412635,10.973961,26.373041,29.48496,18.399168,4.842959,0.533916,4.018933,3.662025,-7.515637,-23.267588,-31.085755,-25.082486,-10.108408,4.858923,14.05849,16.141178,12.57422,7.955894,9.355985,19.985542,31.974787,29.665597,4.965328,-30.55433,-52.804772,-46.981099,-21.183375,3.080478,12.327923,10.470008,8.063659,7.562575,2.977875,-8.274169,-19.047968,-20.245435,-11.56856,-0.92921,5.38357,7.545758,6.71954,0.078248,-13.720367,-26.043909,-22.302185,1.650401,30.547486,42.861388,33.569021,19.314618,18.215178,27.989926,29.408647,11.225345,-14.269256,-24.674936,-13.493464,3.174254,6.736174,-2.668598,-9.682579,-5.691266,-0.050199,-6.434011,-22.859204,-32.073782,-22.652658,-4.366258,1.939789,-11.572936,-30.106607,-32.038859,-11.74271,15.507459,29.808744,24.946781,10.880497,1.703848,3.582603,12.608864,20.465129,20.808843,12.697718,0.911591,-6.925068,-5.917975,1.568805,7.296403,4.362381,-6.295637,-16.539159,-18.120467,-9.511804,2.996762,9.816656,4.654674,-10.371836,-24.261037,-23.59703,-3.629793,25.011812,42.662022,37.089184,14.748456,-5.688263,-11.646973,-7.170525,-4.509678,-7.824833,-9.09861,-0.551697,13.247496,19.738111,13.549129,2.390338,-4.172701,-7.70066,-17.357588,-33.917893,-43.568943,-32.482822,-5.473088,15.6978,14.681199,-2.402902,-15.598869,-14.410673,-7.113636,-6.054226,-9.742159,-5.779595,9.711274,23.268112,19.819156,4.140064,-0.619567,21.196716,57.100211,76.507348,61.673213,25.393457,-3.374348,-8.8911,-1.19445,-1.108667,-16.992014,-37.920315,-47.000257,-37.956144,-18.994771,-3.924414,-1.49692,-11.272793,-26.064965,-37.109809,-38.898341,-31.581122,-19.509462,-7.055234,4.243885,14.49863,22.700358,27.025667,28.20905,30.459696,36.596419,42.422439,38.564049,20.031767,-6.497862,-26.747502,-30.962452,-21.557647
2.212956,-3.591959,-7.956066,-7.722676,-5.872631,-8.282187,-15.136115,-17.478238,-5.29684,19.921754,42.599729,45.726653,27.034664,1.476977,-13.406828,-14.034178,-11.688491,-17.448781,-28.39314,-30.479421,-14.557473,12.39595,32.731534,33.713203,17.004942,-5.534427,-22.39433,-28.090627,-21.935281,-6.24435,12.458449,23.70447,19.520311,2.662833,-13.537434,-16.519992,-6.487632,4.114827,3.781745,-6.363461,-15.029913,-13.95772,-6.459573,-1.983557,-4.013312,-6.026602,-0.045158,12.821232,22.535676,20.862705,10.347084,1.652076,2.702191,11.579885,19.931906,21.94255,19.035297,16.410409,16.305214,15.179414,7.127251,-10.036577,-31.277158,-46.334212,-46.311009,-30.618124,-8.782304,5.612859,5.223003,-5.094511,-12.749663,-9.069789,2.619613,10.457256,5.836625,-8.005555,-18.848083,-16.649928,-2.204498,14.242682,22.061306,18.306297,8.380881,0.061949,-3.185097,-4.008653,-7.008043,-12.627543,-15.148483,-7.577648,10.556685,30.622384,41.53901,39.887287,32.650461,28.801999,28.72563,23.985932,8.39856,-12.738018,-27.3179,-30.378962,-30.121834,-37.180748,-49.268696,-51.039429,-31.879101,-1.489263,16.899683,10.554762,-8.173153,-14.446893,2.155198,26.193867,33.08817,15.239821,-10.858199,-22.648172,-13.388302,4.998629,17.683839,21.431642,23.189749,28.13417,32.599099,28.514352,12.309385,-11.319511,-32.682053,-43.110032,-39.854467,-27.943403,-17.010727,-13.163231,-12.289252,-3.738645,16.212331,35.523945,35.76878,13.150641,-12.879771,-17.405957,2.585436,23.226608,20.094661,-2.795374,-16.136332,0.977569,35.600867,54.293925,39.954515,8.571069,-12.841403,-18.157822,-23.916137,-40.631819,-53.240216,-38.693743,0.461991,31.256044,24.642385,-10.81495,-37.730311,-31.98895,-7.93419,2.852202,-8.448041,-18.941883,-5.835999,22.631797,36.597928,21.755353,-3.337149,-11.323805,0.075158,7.77005
37.207866,32.074837,5.901377,-19.302963,-23.572379,-8.663336,5.463568,2.923596,-11.998538,-21.953445,-17.113699,-5.125526,-0.160945,-5.569413,-11.086114,-7.117198,1.977475,2.16409,-13.02899,-32.523126,-37.230461,-19.449224,8.596872,26.086859,22.943438,7.864516,-1.594218,4.485959,21.288881,35.997674,39.215263,30.206348,14.308509,-1.391861,-9.894768,-5.87546,9.992329,27.397066,30.593555,10.84304,-23.628361,-51.879107,-57.002767,-39.611518,-14.71176,3.606205,12.38407,15.271514,12.495246,0.726325,-16.715158,-25.54189,-13.067889,14.379622,32.447045,22.563065,-6.074851,-23.525746,-10.824928,18.208535,31.011806,11.70609,-21.881574,-38.672805,-28.111586,-8.497264,-2.237323,-9.360184,-10.758557,4.897115,25.151673,28.507897,11.295559,-6.500103,-3.514999,19.151086,39.752106,39.680133,21.460647,2.840235,-2.962845,1.6979,5.091344,-1.21855,-16.361709,-32.477534,-39.727127,-31.418289,-9.548519,13.076476,20.361413,7.375088,-12.640317,-19.423133,-5.962667,14.08284,21.13378,10.280004,-5.856648,-14.079902,-15.362442,-19.192336,-26.509951,-25.526798,-7.641687,17.085773,27.136498,13.452375,-8.525911,-14.616907,1.995161,24.427683,31.855011,21.079894,5.685386,-2.605347,-5.34376,-9.085866,-11.938636,-5.020842,13.005618,29.345964,29.768007,15.917852,4.707622,8.741059,20.840765,21.753836,2.482903,-24.787598,-39.595406,-34.713778,-22.242401,-19.07002,-29.240347,-41.688429,-42.913924,-29.124417,-6.59724,16.241374,34.553585,46.320371,49.422868,41.719678,23.780305,0.505465,-20.29692,-31.228984,-28.743473,-15.550683,-0.427408,6.192687,-0.406324,-14.263078,-21.642167,-11.229123,15.976433,45.492832,58.620575,45.496565,12.346052,-22.301447,-39.724393,-32.89093,-9.77135,13.848442,25.865651,24.410146,15.312168,4.964734,-3.695937,-9.697242,-11.719699,-9.558692,-7.078678,-10.567536
-3.312825,-3.046386,2.410709,8.122764,7.820613,1.013971,-6.268881,-7.893202,-3.584134,1.872986,4.051228,2.255638,-1.647071,-5.574863,-7.693482,-6.354238,-1.653361,3.225209,4.316202,1.477028,-0.734338,1.615892,6.354844,7.218111,1.801327,-4.729486,-5.8718,-2.514821,-2.245551,-8.921164,-15.723362,-11.946217,3.466354,18.395879,19.571475,6.654165,-7.94258,-12.641729,-7.262954,0.606682,6.283498,11.255009,16.690991,18.662543,13.059461,3.018107,-3.125533,-2.220823,-0.981335,-7.242357,-18.411647,-23.049546,-15.042309,-2.471532,1.225313,-6.366817,-13.393314,-8.212792,6.330179,16.625427,14.912035,7.602945,5.456161,9.293828,9.979415,1.875135,-8.729972,-11.425315,-4.948498,1.878241,2.346519,0.257444,3.103086,9.783026,10.499067,0.015984,-13.367281,-16.263882,-6.461676,3.717916,2.000221,-9.02039,-15.093196,-7.461834,7.061633,14.676048,10.391781,2.019173,-0.781311,2.462525,4.773644,1.922665,-2.69571,-3.476007,0.238618,4.429986,6.261529,6.901663,8.258841,9.230609,6.858868,0.336724,-7.714201,-13.745061,-15.664331,-12.846643,-5.926506,1.965407,5.303654,0.45767,-9.292725,-15.105696,-10.979225,-0.291827,7.793447,8.385263,5.316348,4.807118,7.064338,7.053252,2.988371,0.147075,3.777602,10.408524,10.370954,-0.160606,-12.96969,-16.493079,-9.246918,-0.957085,0.163367,-2.554103,-0.033875,8.828902,14.403526,9.050417,-1.336355,-3.288001,7.065014,17.569536,13.806079,-3.18241,-17.282272,-15.851476,-3.971103,2.622841,-3.355062,-13.031609,-13.479918,-3.66297,5.144601,3.538833,-5.486302,-11.534867,-9.319372,-3.023305,0.880853,1.432615,2.248698,5.317138,8.788676,10.524565,10.771551,10.015953,6.590712,-0.638632,-7.71877,-7.203096,3.501683,16.825447,20.898344,11.438314,-3.741438,-12.965734,-12.184463,-6.968177
4.37454,4.676724,5.500885,7.169722,8.976518,10.066424,10.228589,9.836617,9.145919,7.826656,5.337483,1.823455,-1.427185,-2.637932,-0.957857,2.550719,5.371335,5.339507,2.507631,-0.46879,0.016163,5.785978,14.956814,22.331678,22.159863,11.725999,-6.431091,-25.185497,-36.254634,-34.617078,-21.423882,-3.59683,9.872302,12.906794,5.633975,-6.15195,-15.104834,-17.293118,-14.503578,-12.114518,-14.067447,-18.915581,-20.42445,-12.749196,3.708201,20.803644,27.568769,18.441374,-1.520593,-19.102883,-21.995617,-7.90747,13.427033,27.347943,25.346925,11.595183,-0.297063,2.088388,20.194158,43.140453,55.720736,49.340554,27.473876,1.956222,-16.156061,-23.525724,-24.243365,-23.795432,-23.440923,-20.066013,-11.07661,0.896569,8.46049,5.146204,-8.646698,-24.931563,-33.659537,-30.064991,-17.830105,-5.676023,-0.504222,-2.796621,-7.583019,-9.325808,-6.07123,0.381259,7.442471,14.228228,21.057563,26.984043,28.70459,22.845738,9.903383,-4.226523,-11.553557,-8.158383,1.894624,8.735728,3.884921,-12.991694,-33.179457,-44.70962,-40.406597,-22.147534,1.429547,21.324315,33.45291,39.221857,42.024241,43.311375,41.467298,33.791607,19.363518,0.416608,-18.387705,-31.78159,-35.675149,-28.608533,-12.913009,5.049667,16.758204,15.73416,2.018989,-16.591069,-28.630996,-26.48839,-12.094985,3.955225,9.887505,1.472959,-14.783753,-26.652349,-25.492073,-12.466871,3.165473,11.933291,11.43893,7.111894,6.313091,11.364697,17.696577,18.47053,11.204338,0.283715,-6.847359,-6.245498,-0.793853,2.63601,-0.508925,-8.441142,-14.836683,-14.648492,-8.532514,-1.891231,0.457043,-1.021037,-0.890796,6.125213,19.799982,33.657944,39.617843,34.134821,20.743077,7.071946,-0.94912,-2.887563,-2.845078,-5.121137,-10.481864,-16.036688,-18.363624,-16.839985,-14.28072,-14.504229,-18.987237,-25.304518
0.276785,-0.443773,1.840663,7.368312,14.466433,20.658103,23.91402,23.143063,17.975299,8.615292,-3.719006,-16.227059,-24.887194,-26.240522,-19.687847,-8.464987,1.904609,6.95997,6.093867,2.601473,0.86119,2.832169,6.635293,8.271741,4.949476,-2.756802,-11.549571,-18.037149,-20.953722,-21.22134,-20.238858,-18.344557,-14.958218,-10.011696,-4.879525,-1.549259,-0.697123,-0.674744,1.29591,6.598712,13.746458,19.525495,21.843782,21.567281,21.421056,22.855327,23.974226,20.9115,11.812853,-0.215627,-8.393404,-7.366068,1.970834,12.280746,14.898899,6.358973,-8.947412,-22.130226,-26.345492,-21.194303,-11.759873,-3.779734,0.503533,2.486266,4.087836,5.069601,3.580235,-0.943308,-6.024285,-7.923708,-5.507172,-2.142534,-3.047134,-9.967702,-18.24578,-19.789182,-10.174005,6.211717,18.127682,15.82104,-0.789519,-21.077097,-31.151406,-24.043436,-4.516181,15.163,24.70068,22.664733,15.621859,11.192211,11.578843,12.994577,10.668733,4.173732,-1.981106,-2.740773,2.566884,9.48622,12.437219,9.554083,3.852352,-0.116804,-0.686949,-0.309435,-2.604583,-8.318818,-14.232843,-16.074693,-12.544817,-6.500201,-2.149517,-1.009521,-0.575949,2.970907,10.60645,18.83928,22.216556,17.678824,6.846444,-5.608629,-15.674077,-22.248724,-26.190253,-27.7818,-25.734754,-18.978791,-9.222873,-1.057516,1.341803,-1.808933,-5.264321,-2.778391,7.28273,19.76936,26.38833,22.414513,10.782196,-0.083514,-2.950129,2.70241,10.928856,14.812889,12.151118,6.387395,2.411621,1.554677,0.643253,-4.080557,-12.143901,-18.071032,-15.816308,-4.551365,9.591275,17.769569,15.266357,5.08083,-4.801457,-8.07039,-4.963356,-1.322282,-2.929459,-10.197688,-17.736178,-18.919988,-11.345945,1.410566,12.878022,18.627313,18.8465,16.771458,14.884527,12.479527,6.648773,-4.385976,-18.615214,-30.559112
-9.739086,-0.571646,12.931061,18.533144,10.400627,-3.526309,-8.176663,3.57147,22.760279,32.348348,23.790854,5.153116,-7.680864,-7.181517,-0.517941,-0.028441,-9.205119,-19.685705,-21.478428,-13.903104,-5.268626,-3.174814,-7.326625,-11.906995,-12.617377,-9.615236,-4.871228,0.388595,4.799728,5.936348,2.94713,-0.482035,1.119803,7.80728,11.929081,6.095216,-6.646869,-13.817968,-6.918466,7.765826,14.985711,7.646489,-4.754864,-6.989179,4.360341,17.740558,21.334351,16.934796,15.573528,21.009261,23.122893,10.798916,-11.675424,-26.515373,-22.165988,-7.406852,-2.054025,-14.582941,-32.990206,-39.233554,-29.337052,-15.36627,-8.50775,-5.354032,5.726053,26.993202,45.18242,44.866126,25.466529,2.168036,-9.42385,-6.934374,0.410932,3.418216,-0.004543,-7.506879,-16.902262,-25.493475,-27.631789,-17.930155,1.427541,19.379738,25.199222,18.948279,10.528829,7.863475,8.476712,4.852663,-3.637781,-8.399273,-2.987836,6.17271,5.004151,-11.27171,-29.818801,-32.471552,-16.004903,3.349147,7.660526,-2.448635,-8.754937,2.97052,25.663592,38.336626,29.758391,10.905134,1.826582,8.657389,17.833573,13.726152,-2.124561,-13.564337,-10.781268,-3.495077,-9.266126,-30.254868,-46.936721,-38.215238,-6.017714,24.02666,27.636544,5.509111,-19.566949,-27.214509,-17.819706,-6.535226,-3.447622,-4.051977,1.220201,13.075283,22.76659,23.959251,20.708752,21.545437,27.976401,32.198876,26.328427,11.1273,-5.898175,-18.966715,-27.636199,-32.339977,-30.146443,-18.106824,0.041145,13.988885,15.735416,7.454836,-1.063962,-2.547736,1.602543,5.181522,5.043316,3.37559,3.03709,3.082151,0.011152,-7.67339,-17.388999,-24.346801,-24.281071,-15.061648,1.684861,19.010823,26.693748,18.605956,-0.40501,-16.935872,-20.88396,-14.945166,-10.481708,-13.551235,-17.321055,-10.562145,7.312688,23.022208
18.005324,8.21139,-6.640984,-17.115814,-20.234385,-21.877491,-28.344034,-36.920964,-37.008819,-21.36881,4.755355,26.739333,32.544083,21.170235,0.506619,-20.394574,-35.432597,-40.267682,-31.958798,-12.889533,6.579206,13.978396,6.279831,-5.372776,-5.434738,10.144982,28.913371,34.193337,22.061443,4.936457,-1.466952,7.049122,21.98912,33.295539,38.135292,38.181375,32.130874,15.700983,-10.096538,-34.287947,-43.432421,-34.272163,-16.87807,-4.314383,-0.782681,-1.360927,-1.58321,-3.373922,-10.04155,-18.451529,-20.471189,-12.942232,-2.980008,-0.47965,-6.388475,-11.682715,-8.889397,-1.751226,-0.472614,-8.215648,-15.962453,-12.544122,2.512357,19.101953,28.70916,32.551865,35.710433,36.455866,26.733088,4.587877,-18.034244,-24.650511,-11.691407,6.757676,13.541756,5.707019,-5.422589,-10.07057,-11.256061,-17.774013,-29.114279,-33.017832,-20.047482,2.836059,17.568543,14.129358,1.257366,-3.80923,5.589116,19.496631,24.052747,17.098196,9.245745,11.172957,22.707703,34.470823,37.300415,28.170373,9.060874,-15.782341,-40.083098,-56.053876,-58.573869,-49.648523,-36.70418,-25.172761,-14.003313,-0.042189,14.283644,20.821209,14.815334,2.345287,-4.36345,0.219822,8.698268,9.030102,-1.665287,-13.396039,-13.662394,-0.026126,18.497777,31.117302,34.234661,31.046946,25.173113,17.317064,7.815507,-0.307858,-2.872924,1.209079,8.423974,13.431392,12.577586,5.051024,-7.410189,-20.482337,-28.162909,-26.665998,-18.814148,-12.830426,-14.136543,-18.22319,-14.406626,1.000122,16.398655,13.556969,-12.74621,-44.648707,-54.210364,-29.287369,13.245911,41.491433,37.18881,11.391561,-7.61935,-1.497705,22.497156,40.990569,37.680059,17.040063,-2.855996,-8.587934,-1.976701,5.381105,5.224272,-0.822777,-6.18431,-7.995633,-9.259889,-13.21033,-17.812991,-17.479384,-9.862764,0.695223,7.456599,8.249528
-4.610344,-4.823879,0.128754,6.206901,6.475877,-1.424972,-11.486212,-14.454063,-7.268036,3.464163,8.298575,4.854054,-0.342708,-0.218849,4.01356,4.113681,-4.968162,-17.778538,-22.873787,-14.568733,1.068556,12.493363,14.024041,9.923305,7.790131,9.779087,11.443788,8.216837,1.034434,-5.072465,-6.624435,-4.548259,-1.887515,-0.440253,-0.400977,-1.922698,-5.055224,-7.974197,-7.169188,-1.139373,6.461071,9.248017,4.826114,-1.643784,-2.075187,5.871376,15.525903,17.410892,8.624492,-4.39195,-12.269139,-11.242687,-5.289071,-0.873646,-0.797138,-3.223714,-5.419495,-7.01126,-9.298668,-12.241977,-13.185485,-9.073868,0.023501,9.748723,14.231137,10.80546,2.647433,-3.37176,-2.315065,4.483295,10.566731,10.271513,3.853166,-3.22301,-5.941202,-4.25817,-1.857115,-1.141351,-0.636725,2.267168,6.988054,9.518905,6.815388,0.52529,-4.459189,-4.895405,-1.897946,1.124824,2.153668,1.543691,0.234498,-1.435728,-2.780257,-2.092729,1.43968,5.270974,4.672653,-2.300751,-11.502486,-15.802511,-12.099568,-4.498945,0.236678,-0.050649,-1.231235,1.463478,7.303217,10.629378,7.228138,-1.033811,-8.309404,-10.561588,-8.346945,-4.385662,-0.004868,5.089753,10.37184,13.490012,12.411467,7.90304,2.997002,-0.018171,-1.478958,-3.053059,-5.100365,-5.850954,-3.179174,3.031968,10.120242,13.900426,11.071294,1.619087,-10.17898,-17.596166,-15.962206,-6.68406,3.313613,7.233142,4.27172,-0.186825,-0.488011,3.385297,6.197134,3.592,-2.887777,-7.435957,-6.350601,-2.070179,-0.554728,-4.956814,-12.277395,-16.293401,-13.598179,-6.775497,-1.786721,-2.114536,-5.084544,-3.92749,5.783151,20.828399,31.477404,29.16104,14.431732,-2.437102,-9.716005,-4.188157,6.664197,12.40596,9.488972,3.342878,1.267127,4.353767,7.026956,3.839605,-4.594674,-12.708093
17.319016,55.408556,36.897289,-41.522033,-117.474949,-118.03367,-32.235793,75.240263,124.199763,90.4903,18.332981,-31.147521,-35.752601,-18.449512,-9.86749,-15.389389,-18.681227,-7.511459,11.963444,24.585272,22.603304,10.333139,-2.763914,-8.945909,-4.195953,10.319982,26.140489,30.812357,18.600495,-1.666472,-13.239665,-8.237249,4.080769,8.289888,0.819758,-6.666433,-2.811656,8.263562,11.417102,-0.527427,-16.863802,-21.023986,-10.431244,-0.156167,-5.641719,-24.652489,-39.265281,-35.232663,-16.805999,-1.618312,-2.803692,-17.603358,-31.986631,-33.553371,-19.604919,4.074429,28.737244,46.942222,54.670344,52.233509,43.37152,32.142091,20.189768,7.62716,-3.546698,-8.570608,-4.088456,6.950449,16.064122,15.923128,6.12373,-7.705754,-19.358943,-25.438413,-24.333783,-15.059574,0.336065,14.070327,15.957907,2.404529,-18.067332,-30.59274,-27.051869,-13.427385,-3.491691,-5.284993,-14.427751,-20.490051,-18.395957,-12.160494,-7.803192,-4.684093,4.120754,22.43377,43.14576,51.525639,37.925883,8.136203,-19.09052,-26.394432,-12.040451,8.58344,16.083246,3.7628,-16.709232,-25.837503,-13.736071,11.132014,29.500899,27.81797,8.752643,-12.74756,-22.661009,-17.872907,-5.451052,5.618471,11.60032,14.743259,18.857396,24.37505,26.587514,18.33571,-3.946151,-34.654565,-59.323166,-63.175123,-42.683708,-9.785503,16.787343,26.330876,23.29547,19.993179,23.114236,28.549259,29.004474,23.944129,19.238826,17.31285,11.241178,-7.884434,-37.660571,-61.464035,-61.733513,-36.75994,-3.434411,16.953759,15.388153,-1.078731,-18.79414,-28.197401,-26.696103,-16.114399,-1.298735,9.975993,10.880203,3.002616,-1.341623,11.430931,41.786322,73.122589,84.488158,68.117151,34.15647,-0.873181,-27.716202,-45.75117,-54.326488,-48.417395,-25.564991,5.588974,28.561208,32.873565,23.035603,12.040307,7.106612,4.2774
-50.338796,-53.835225,-33.064823,0.716282,27.432827,34.651343,26.721508,17.91143,16.860136,18.94818,14.658202,3.616016,-3.360651,2.093855,13.13616,13.658359,-1.508598,-16.592005,-10.445855,17.787087,43.886324,43.389909,18.69428,-4.235475,-6.825205,0.714751,-5.579815,-30.172923,-48.930213,-37.552258,-3.109506,21.663175,15.880065,-6.394317,-16.526812,-9.03729,-7.525106,-30.179476,-59.848572,-60.38446,-22.11198,20.979046,27.583564,-2.64513,-27.913711,-13.015277,30.268545,59.007874,50.196627,24.488699,16.462177,31.824991,44.754091,34.527792,11.565139,0.777798,7.781319,13.843739,3.915796,-12.815053,-17.786119,-10.227972,-6.182799,-10.553086,-5.651234,20.277762,41.020391,9.568606,-82.356612,-173.389596,-180.737639,-85.855866,38.142723,95.339358,61.213236,-0.356143,-13.3609,29.439596,70.224018,62.00506,22.838347,7.263839,35.892222,70.699818,63.156157,13.492024,-30.215655,-28.68986,5.918053,29.367346,18.185406,-8.748241,-21.471217,-19.777024,-32.367193,-76.782556,-130.012395,-145.938896,-101.107646,-19.391811,49.255219,72.449429,58.507705,40.89769,43.879054,62.805832,74.068316,61.23119,31.406301,7.347298,4.106905,13.686506,13.590913,-8.579367,-39.820578,-52.978167,-34.261443,1.664369,25.437359,21.080815,-1.355979,-20.282911,-25.477653,-23.4958,-22.977965,-21.55424,-11.578839,4.379042,11.127096,-2.405619,-27.155922,-40.04255,-27.561908,-0.371137,18.104777,16.199027,4.271111,0.656262,10.957271,24.024187,26.875298,19.394755,12.310198,13.090562,17.77351,17.744084,11.768974,7.815952,12.238879,19.622347,16.557643,-3.163851,-28.407902,-38.411933,-22.74509,6.362615,23.450258,13.516902,-13.378799,-32.238336,-28.30775,-11.033681,-1.819927,-9.299612,-20.238642,-16.607791,1.432942,14.812229,9.182024,-5.440251,-4.830158,18.768527,41.671952,30.602082,-19.727708,-74.980163
0.786471,-1.132994,-1.439662,0.841565,3.369889,3.144608,0.179714,-2.33396,-1.610887,1.743114,4.861891,6.294253,7.598471,10.862109,15.172643,16.464748,11.36896,1.090158,-8.923449,-13.472044,-11.944934,-8.321849,-6.94742,-8.335487,-9.136107,-6.122017,0.071499,5.38856,6.366739,3.240132,-1.143777,-4.856943,-8.276283,-11.692536,-12.782064,-8.243379,1.535561,10.790105,13.091723,8.027761,1.982815,1.363375,5.678732,8.554954,5.487733,-1.014523,-4.990752,-4.492548,-3.322488,-4.970795,-7.060189,-4.207322,3.92528,10.179233,7.445105,-2.328182,-9.114921,-5.624256,4.453266,10.644254,7.567007,0.648313,-0.677213,6.104931,14.172968,15.41978,8.916473,0.522747,-4.375944,-5.760394,-6.831618,-9.180049,-11.52912,-12.264759,-11.244054,-8.843597,-4.98198,-0.433025,1.883334,-0.913567,-7.556411,-12.30614,-10.436359,-3.729318,1.201624,0.719011,-1.098533,2.812609,13.234578,21.995825,19.897804,6.799294,-7.508713,-12.75053,-7.593674,0.775835,5.414004,6.418744,8.791897,14.964202,21.028537,20.692973,12.158456,0.398085,-7.295827,-7.741153,-4.124864,-2.480678,-6.09503,-12.856729,-17.441769,-15.966245,-9.005892,-0.796253,4.073688,3.40314,-2.143188,-9.998809,-16.632339,-18.51149,-13.986521,-5.25634,2.337538,4.696651,3.330858,4.281937,11.314336,20.331012,22.183906,12.200158,-3.696539,-13.76355,-11.679551,-2.140333,5.19175,6.198398,5.338035,8.524124,15.113998,18.569033,14.275623,4.653804,-4.055137,-8.361279,-9.284175,-8.506105,-5.497805,0.201051,5.537715,5.528952,-0.963095,-8.65672,-10.628103,-5.395179,1.846204,4.893647,2.119409,-3.895529,-10.472338,-16.578601,-20.920768,-20.94934,-15.572257,-7.806191,-2.420245,-0.460715,2.072057,8.71898,16.926413,20.200964,16.178113,10.298862,9.574215,13.714546,15.100288,8.33566
-12.395624,-17.397347,-13.327747,-3.300164,4.536868,3.967129,-3.700074,-10.446473,-8.307574,3.650386,18.209429,25.806511,22.333734,12.256061,4.436783,4.374185,9.595501,12.116165,5.70715,-8.376653,-22.087279,-26.971347,-20.738763,-8.580363,1.525233,5.219245,4.463979,4.638397,9.005731,15.531538,18.660592,14.248057,3.271222,-8.751489,-15.93611,-16.211647,-12.208124,-8.500738,-7.777636,-9.051063,-9.055185,-5.347335,1.512545,8.316231,11.617795,10.259517,6.18082,3.027354,3.578799,7.714057,12.242518,12.789566,6.680515,-4.924884,-17.107211,-23.697115,-20.89053,-9.753713,4.087837,13.547179,14.085733,6.127501,-5.548167,-14.835268,-17.657732,-13.621864,-5.341112,3.619223,10.627622,14.723121,16.248862,16.039757,14.750295,12.534852,9.083596,4.017303,-2.443047,-8.925018,-13.077169,-12.73804,-7.532169,0.332722,6.990983,9.22444,6.552212,1.447303,-2.598377,-3.682621,-2.694154,-2.182662,-3.940684,-7.398481,-10.146028,-9.990495,-6.669451,-1.80853,2.579992,5.477528,6.881495,6.783019,4.550522,-0.310145,-6.694074,-11.505867,-11.374343,-5.452561,3.144842,8.954592,7.993093,0.86302,-7.485769,-11.323617,-8.262714,-0.694572,6.438628,9.50647,8.484144,6.067541,4.816478,5.042677,5.145535,3.686314,0.987808,-1.244786,-1.712577,-0.791839,0.019491,-0.124612,-0.284318,1.52273,6.326113,12.843541,18.08373,19.414924,16.285639,10.197992,3.20117,-3.558167,-9.990977,-16.126452,-21.330373,-24.566583,-25.295076,-23.844932,-20.740181,-15.799555,-8.328036,1.368777,10.59883,14.914762,11.046973,0.048884,-12.262949,-18.631922,-15.30632,-4.749502,6.223351,11.545939,10.189541,6.257745,5.04593,8.573903,14.349135,18.120261,17.86988,15.394329,14.218191,15.991971,18.800781,18.896574,14.144261,5.956948,-1.987202,-6.930004,-9.130456,-11.048338
-1.896766,1.668224,3.070382,6.233509,15.973365,28.038887,30.961898,20.134413,5.031819,-2.47382,-3.910163,-11.086876,-26.544042,-35.135935,-21.534983,7.542013,26.922262,20.323698,-2.063726,-16.872198,-13.574376,-1.650146,5.096183,3.097425,-3.473693,-11.484364,-18.36039,-16.961677,-0.290272,26.5265,45.667341,43.225482,23.53293,2.292303,-12.346232,-25.365166,-40.876037,-50.039769,-39.592106,-10.374149,19.500088,32.305048,27.518805,17.738883,10.675878,0.989692,-18.090935,-39.171978,-42.762911,-17.821774,21.717416,45.6018,35.728682,5.175751,-14.439252,-5.548086,18.366437,30.407487,21.205636,6.285838,3.139466,9.422263,9.96255,0.086166,-8.531911,-6.629699,-2.014383,-8.029136,-22.809249,-30.305029,-22.308101,-9.96175,-8.546902,-17.630441,-23.774509,-19.277217,-9.194514,0.145947,9.864898,21.166338,27.077901,20.256474,5.978608,-1.929285,1.14908,5.377836,2.241083,-2.542825,1.09336,10.428708,12.922238,5.288012,-1.179786,2.216905,8.884037,9.020373,6.761497,13.012311,23.415192,18.220244,-9.852699,-39.051962,-41.470459,-17.311796,6.38917,10.616637,4.211355,3.778286,6.942268,-1.064719,-19.976612,-29.991573,-18.039023,4.116003,15.81741,12.59153,4.859754,-2.238611,-13.051865,-24.731442,-21.918858,1.995239,27.661796,27.887243,1.762793,-21.590098,-16.777152,9.970499,32.138056,33.557047,18.651008,-1.647748,-20.339276,-29.709614,-20.267348,6.246329,30.031905,30.830948,11.313526,-6.194009,-6.871468,1.951944,6.166157,4.509581,4.182847,4.130524,-3.595863,-15.82525,-15.909251,2.646413,19.830908,9.349653,-26.736003,-55.875675,-51.191308,-20.575957,6.451579,13.410366,8.566294,5.735147,6.479217,5.671854,4.633961,8.815673,15.727454,15.195546,3.733092,-8.273438,-7.885409,5.824156,22.367914,31.648471,30.285821,18.729176,-0.424875,-19.386456
9.798266,6.556647,-5.630268,-16.588653,-14.428043,2.354238,21.86727,29.024521,19.070463,0.81408,-13.043361,-17.552253,-17.152074,-17.310705,-17.009282,-10.621834,3.890157,20.506691,29.462239,25.499815,11.864427,-2.688174,-10.00719,-7.015229,3.081666,12.541091,13.604648,4.321542,-8.757902,-15.0859,-9.485766,2.396056,9.006553,4.010459,-7.853905,-16.332312,-16.153654,-10.837435,-6.651894,-5.201945,-3.643428,-0.848021,-0.133536,-4.414391,-10.581171,-11.647068,-4.957364,3.977228,7.617243,5.340192,3.950358,8.916984,17.335526,21.507645,18.471908,13.224557,11.627701,12.449069,9.122604,-0.897788,-11.403736,-13.832497,-7.116493,1.162502,3.567437,0.608812,-1.5471,0.349071,2.849774,0.889804,-5.544417,-11.536364,-13.152803,-11.329695,-9.832986,-11.248207,-15.793967,-22.017647,-26.098721,-21.291345,-2.316492,26.513476,49.197712,48.874847,23.700942,-9.278972,-28.677525,-27.543033,-16.380114,-8.174573,-4.019453,3.826359,17.163281,26.054703,20.721734,5.929328,-2.041436,5.932548,20.159883,22.854054,9.098451,-7.333142,-10.429655,-0.472683,7.694151,3.414456,-8.024634,-14.516472,-13.678443,-14.389559,-21.726071,-26.681273,-16.429557,6.76365,23.396065,17.079745,-5.953169,-22.657873,-18.81762,-4.40515,-0.214701,-11.791252,-22.092804,-11.843136,16.594116,40.02138,38.90467,17.494084,-2.200621,-3.992575,8.032711,17.713561,15.155443,4.41846,-4.657313,-7.817518,-8.287967,-10.277599,-13.791604,-15.625916,-12.859939,-4.407147,8.651722,21.836882,27.274617,18.625115,-1.46851,-20.034456,-23.151395,-8.70728,10.571098,18.02045,7.557971,-12.169596,-26.789613,-28.162881,-18.35367,-4.861127,5.638074,9.828844,7.759284,2.846934,0.755675,5.123658,12.946978,15.803419,8.028894,-6.037687,-14.728078,-10.349305,2.642882,11.954189,9.974977,0.952062,-4.685703,-1.894681
1.762207,6.0259,8.078131,5.463792,2.165482,4.306392,11.749505,16.230644,9.731526,-5.889538,-19.626176,-22.399766,-16.145586,-10.63899,-12.049017,-16.581747,-16.037461,-7.988675,1.413577,4.49075,0.077117,-6.192536,-8.205871,-4.456107,2.444886,8.905398,11.934435,9.484026,2.067813,-5.421301,-5.847744,3.712987,17.575578,25.350882,21.57529,11.107192,4.178835,6.317055,13.816642,18.682259,16.455299,8.569964,-1.271888,-10.57476,-17.648223,-20.239642,-17.132392,-11.04188,-7.709653,-10.577907,-16.989206,-20.957172,-19.516237,-14.964956,-10.591388,-6.035747,1.192541,10.150108,15.05392,11.186618,1.256011,-6.243253,-5.503153,1.195177,7.42074,10.480924,13.152396,17.564031,20.140336,15.262063,3.514634,-6.564289,-6.852225,1.200432,7.828502,5.674063,-2.424799,-7.524653,-5.284911,-0.39844,0.137272,-3.769357,-4.943377,2.204238,14.20544,21.136398,16.250351,2.1514,-12.297988,-19.982358,-20.166836,-16.669842,-13.326026,-11.568911,-11.055195,-11.154716,-11.595868,-12.270649,-12.640081,-11.026658,-4.728816,7.862067,24.043844,36.150772,36.178336,22.893666,4.367626,-7.920066,-8.550224,-1.800022,4.193171,6.027657,6.729379,9.261946,10.631534,4.795449,-8.473995,-19.978341,-18.857727,-4.434981,11.192517,13.903114,1.039648,-16.421872,-25.048454,-21.324269,-12.513227,-6.543404,-3.225675,3.55888,16.31344,28.858274,31.78779,22.140427,6.473417,-5.577921,-9.731334,-8.81657,-7.582256,-7.61588,-7.671512,-7.280704,-8.040457,-11.010668,-14.167195,-13.674874,-7.639764,2.049586,11.479512,17.392085,17.944122,12.322214,1.652084,-9.35438,-13.665393,-7.373958,5.421183,14.644588,12.964232,2.919974,-5.40284,-4.336265,4.021355,10.652903,9.210163,1.922428,-3.862892,-3.71929,0.199359,2.794287,1.637395,-1.684928,-4.617371,-6.33981,-7.233875,-7.101671
-3.797849,-7.04528,-8.533039,-9.382627,-10.091273,-8.190611,-1.097141,8.812775,14.457644,11.322242,3.547786,0.224367,4.782266,10.083816,6.335018,-6.57358,-17.227289,-14.591939,-0.331045,12.862171,14.962235,8.303115,2.564557,2.301652,2.609358,-2.567549,-10.972091,-13.795092,-6.396227,5.487581,11.573725,7.65022,-1.238312,-7.321216,-7.472496,-3.681736,1.196297,5.530697,7.461789,4.674105,-2.390361,-8.582149,-8.064129,-0.839677,6.554769,8.03682,4.322179,0.502006,-1.849815,-6.959274,-17.511788,-27.229244,-24.783849,-6.679422,15.937888,26.259546,18.135303,2.01954,-5.960157,0.278322,12.68075,19.065071,14.833149,4.730893,-4.116853,-8.314868,-8.210797,-5.152401,-0.685668,2.885095,3.672168,2.450069,2.110623,3.828767,4.850365,1.644578,-5.09014,-10.398221,-10.706398,-7.939546,-6.437982,-6.684159,-4.6718,1.621075,7.459891,5.905557,-2.983719,-10.425751,-8.428001,0.295898,4.737987,-1.45886,-11.733141,-13.355911,-1.70821,14.456874,22.510708,18.717049,9.992763,4.417304,2.996709,1.593431,-1.694467,-4.10128,-2.847506,0.714734,3.251983,4.03129,4.768603,5.144905,1.542001,-7.648402,-17.032666,-17.903135,-8.055314,4.230465,8.369438,3.12179,-2.367486,0.028404,7.180517,8.384549,-1.148412,-13.421871,-16.151631,-6.798341,4.494764,6.435839,-1.112663,-8.121078,-6.547633,1.175743,6.567877,5.706464,2.790602,3.387972,7.028358,8.592463,5.861533,2.67679,3.35882,5.923112,3.637554,-6.164869,-16.925559,-18.604471,-8.508617,5.219221,11.764486,8.420547,2.1116,0.636099,4.184751,6.568397,3.686026,-1.472377,-3.068741,-0.116036,2.181434,-0.889138,-7.257769,-10.172203,-6.320866,-0.039542,1.733363,-2.198534,-5.80945,-3.241891,3.726854,7.280843,2.647718,-5.936947,-9.505139,-4.093447,5.096148,9.55896
-4.63174,-5.729898,-0.472145,7.117189,10.502046,6.603269,-1.550229,-7.833092,-8.449621,-4.591805,-0.398164,1.094908,0.002069,-1.644983,-2.327441,-2.032819,-1.427921,-0.891125,-0.678613,-1.529643,-4.229211,-8.163157,-10.758012,-9.230343,-3.38525,3.561564,7.492806,6.94838,4.033784,1.75981,0.911333,0.039944,-1.64424,-2.355277,0.432407,6.372853,11.465371,11.65725,7.043894,1.764026,-0.485419,-0.192997,-0.691553,-3.439185,-5.75168,-3.920021,1.927663,7.188784,7.471898,3.342152,-0.385666,-0.077127,2.715946,3.119869,-1.589224,-9.054664,-14.403713,-15.044704,-12.403322,-9.331931,-6.832573,-3.864012,0.206372,4.063619,5.822903,5.426251,4.868898,5.832314,7.561947,7.585082,4.495167,-0.378011,-4.247094,-5.544581,-5.010466,-4.228341,-3.588287,-2.083811,1.025934,4.867232,7.568763,8.051016,6.867591,5.283792,3.950276,2.819936,2.096002,2.51196,4.187097,5.518415,4.034086,-1.122053,-7.748631,-12.149041,-12.338137,-9.481106,-6.050029,-2.987975,0.686977,5.44772,9.220688,8.674225,2.750715,-5.553679,-11.381274,-11.990595,-8.499754,-4.096644,-1.18863,-0.365029,-1.194524,-2.856158,-3.843402,-2.182302,2.816346,8.942682,12.226392,10.560507,6.071627,3.18484,4.055852,6.342293,5.9222,1.610738,-3.363776,-4.703594,-1.473298,3.049123,4.659906,2.034884,-2.460719,-5.066179,-3.583163,1.127218,5.65072,6.145215,1.171674,-6.594037,-11.762265,-10.504554,-4.153078,1.767364,2.696659,-0.745105,-4.022708,-3.967872,-1.978544,-1.531383,-3.307526,-4.144408,-1.211928,3.841506,6.152224,3.023566,-2.994535,-6.907697,-6.374109,-3.072405,0.547143,4.206595,8.569426,12.182338,11.734628,6.177357,-0.64659,-3.152491,0.020152,4.38205,4.705456,1.033972,-1.640716,0.270891,4.266285,4.521454,-1.039158,-7.741335
19.553892,28.895103,33.184754,31.756641,26.71491,20.88038,15.552689,9.951797,2.662016,-6.383695,-15.275712,-21.458114,-23.787793,-23.402381,-22.56423,-22.522593,-22.382643,-20.102882,-14.810362,-8.341732,-4.446971,-6.021519,-12.449776,-19.221798,-20.358833,-12.136311,4.337655,23.349123,37.457007,41.308813,34.282027,20.640062,7.255086,0.1294,1.46638,8.754365,16.345663,18.712985,13.57594,3.056526,-7.856093,-14.548537,-15.586545,-13.201017,-11.199646,-11.894038,-14.332735,-15.13186,-11.235743,-2.501335,7.841097,15.195312,16.603683,12.591522,6.582661,2.36873,1.451528,2.102308,0.750965,-5.282299,-15.600652,-26.609308,-33.594946,-33.640384,-27.388239,-18.398194,-10.509283,-5.099248,-0.311603,7.068375,18.444438,31.438578,40.843779,42.002714,34.13198,21.017854,8.501217,0.697731,-2.12473,-2.523647,-2.886589,-3.240281,-1.785485,2.489593,7.747122,9.991277,6.200858,-2.772042,-12.241961,-16.940986,-14.95477,-9.131528,-4.815455,-5.781458,-11.620691,-18.437415,-21.907515,-20.021055,-13.558574,-4.608658,4.996659,13.92585,20.645344,23.247242,20.549441,13.481184,5.015848,-1.843265,-6.397311,-10.530722,-16.264731,-22.684006,-25.427296,-19.924629,-5.981158,10.512842,20.963974,20.338914,11.148299,1.467861,-1.689351,1.906893,5.984873,4.036837,-3.883459,-10.133005,-5.708843,11.273994,32.313163,43.891488,37.627841,17.00503,-5.019796,-15.797328,-12.316584,-2.617251,1.604053,-5.145499,-17.986885,-26.358283,-23.266887,-11.192004,0.162505,2.08558,-6.008634,-16.389595,-19.627028,-12.299712,0.51445,9.687315,9.446568,1.651416,-6.219484,-7.307194,-0.630826,8.609518,13.441702,10.40911,1.669427,-7.248054,-11.746291,-11.000778,-7.43494,-3.8114,-0.685376,3.630874,10.718538,19.498611,25.889539,25.347537,16.568357,3.423605,-6.786663,-8.025632,0.017012,11.146954
5.881672,-8.929158,-21.165628,-28.096096,-31.820462,-32.62211,-25.791828,-7.101109,19.471633,41.993052,49.865162,42.246335,26.703952,10.956952,-1.842564,-9.967519,-9.268405,3.10642,20.657375,27.366911,10.598493,-24.232021,-54.1842,-57.281072,-32.212824,0.143025,14.904494,3.47056,-22.067728,-41.468835,-42.012372,-24.581548,0.674693,21.935478,31.180264,27.042207,15.349678,6.102697,7.165271,18.933609,34.573638,45.28716,45.526378,34.680348,16.452022,-2.089597,-13.078833,-13.46127,-9.364418,-11.849617,-24.541777,-35.923326,-28.65975,-0.243108,27.620112,25.96663,-11.570942,-57.681838,-74.321899,-48.557735,-4.365627,22.039145,17.060678,-1.165616,-5.843972,10.88895,34.282827,45.768122,39.557903,21.049423,-3.90233,-31.438259,-52.859851,-53.541305,-25.390407,20.08781,56.406731,63.440865,44.073194,18.932743,6.115487,7.684149,13.965735,15.838234,10.116727,-3.297735,-22.754432,-41.115911,-45.659842,-28.453207,1.631716,21.584485,13.644255,-17.290682,-47.615446,-57.074098,-45.674342,-28.678462,-17.86475,-11.006212,0.870285,20.34469,40.860898,55.140968,61.826366,62.362807,54.90384,35.81248,7.625893,-18.104938,-29.123871,-23.465845,-10.461782,-0.828934,2.398632,2.573389,1.678366,-2.881864,-13.398004,-26.457126,-34.772593,-33.992802,-26.00672,-15.575238,-5.825023,1.717789,4.587666,0.251373,-9.398151,-16.610742,-13.499876,0.542251,18.636512,33.940192,45.560368,55.466519,60.998154,54.079306,30.074399,-3.849491,-31.991597,-42.865164,-37.801918,-26.570349,-16.469726,-8.196328,-1.805354,-2.344525,-15.214607,-35.882721,-48.469863,-38.947814,-10.397577,17.587077,27.241609,20.231686,15.082333,26.175693,46.623658,54.106286,34.365181,-2.372385,-29.89249,-31.079189,-13.639801,-0.357718,-4.604965,-17.159843,-17.948104,0.470701,23.346459,28.618214,10.213703,-15.493476,-27.133459,-20.677507
21.143689,38.733828,37.597469,22.833923,8.337455,-4.660744,-26.96644,-58.471983,-76.749697,-59.351117,-16.122565,11.8235,-7.051249,-58.119156,-92.010416,-73.617111,-14.95896,41.840578,67.538817,65.704554,54.747074,43.155668,29.36509,18.003916,21.495615,40.273562,50.605485,24.514547,-35.548558,-89.084611,-91.396784,-35.71955,39.731237,84.712039,74.820364,21.729531,-42.611926,-85.312724,-83.781679,-34.301252,40.481299,97.586334,100.486906,48.549121,-20.737878,-62.799702,-61.036949,-32.530049,-4.056866,11.476471,15.465677,9.982474,-6.745216,-31.318382,-50.326389,-51.40729,-37.302427,-22.778668,-16.253673,-9.569615,9.927042,40.089446,62.961822,64.45079,50.182629,37.618812,34.714012,32.102255,17.822233,-5.18296,-21.211313,-20.347289,-9.923317,-5.507316,-13.654679,-26.969625,-34.821804,-34.519213,-30.451206,-25.735532,-18.718085,-7.476538,5.53499,14.916424,16.845664,11.003909,-0.201046,-11.979028,-17.722302,-12.826784,0.594002,15.341363,27.740808,42.124206,61.880702,76.156587,63.007199,13.703282,-46.803408,-72.911517,-40.314662,25.00176,65.722224,45.465766,-18.254361,-73.941481,-86.156547,-62.915654,-36.52395,-25.757227,-22.420717,-11.076614,7.764609,18.999264,13.118963,-1.797877,-9.280748,-1.206399,17.011662,34.324016,42.494916,37.95381,21.703678,1.377506,-9.882647,-3.025105,16.270654,30.062757,24.973554,6.021095,-9.041374,-9.24867,-1.406822,-0.227003,-10.210817,-20.863125,-19.577022,-5.609004,10.577904,19.170745,18.680265,12.580185,2.886568,-10.119197,-24.074516,-34.589864,-39.775215,-41.587072,-40.56138,-31.40617,-7.826287,27.200451,58.573441,69.277516,54.025042,22.62703,-8.953405,-29.742089,-38.04416,-39.21273,-41.174964,-48.650984,-56.679341,-49.895355,-14.284468,45.06388,99.649874,117.643872,92.323668,48.616089,18.15809,8.903433,2.965842,-16.24344,-41.521066,-51.646282
-8.421964,-17.248489,-24.374891,-26.306257,-22.368762,-15.006624,-7.540101,-1.187641,5.66693,14.783398,24.501601,29.552286,25.446764,13.426518,0.493802,-6.18844,-5.069355,-0.316774,3.31818,4.735304,5.375424,5.328433,2.639707,-2.90793,-7.058443,-4.499474,4.43791,12.199114,11.002755,1.386278,-7.819301,-8.954539,-3.972505,-1.844131,-7.514687,-15.207187,-14.283964,-1.423946,14.613114,21.089326,13.38561,-1.63658,-13.356744,-16.720698,-13.80371,-8.564719,-2.846593,2.307675,4.272088,0.74234,-5.89556,-8.629982,-2.478464,9.117445,16.323695,12.371554,0.419835,-9.86456,-12.229803,-9.234118,-7.519403,-9.027328,-8.532143,-0.18934,14.6014,27.021177,28.674311,19.286317,6.750321,0.087079,2.297011,9.014087,12.9217,9.482336,-0.252854,-10.986385,-17.146913,-16.699847,-12.212144,-8.346769,-7.740264,-8.881702,-8.048534,-3.451929,2.617776,5.892982,4.294262,-0.165266,-3.602556,-4.181949,-3.742013,-5.658065,-11.107252,-17.161484,-18.402966,-10.988267,3.7367,18.994792,26.656633,23.212963,12.791353,3.923324,2.270235,6.037501,8.811,6.910295,3.114039,2.434186,5.003207,5.106708,-1.677157,-11.660224,-15.734586,-9.688348,-0.123587,2.128364,-5.501083,-13.632322,-11.399433,0.490089,9.775756,6.653087,-4.251403,-8.520018,1.356639,16.390092,20.164512,6.660391,-13.258622,-23.672848,-19.828635,-10.654659,-6.26702,-6.361743,-2.840445,8.039839,19.760156,22.897662,16.079102,7.034311,3.15376,3.696555,2.732214,-2.073628,-6.4536,-5.540157,-0.305322,3.985022,4.583954,3.761753,3.859161,2.46988,-4.553968,-15.613738,-22.080752,-16.896951,-3.580915,5.961594,3.621912,-6.364347,-12.489148,-8.771508,-0.432871,3.599125,1.677343,0.637372,6.355432,15.644462,19.322255,12.532045,0.128546,-8.478619,-8.262032,-1.434159,7.062908,14.321274
3.195295,4.668309,6.363633,8.586317,10.893104,11.41086,8.016315,0.479154,-8.653569,-15.649793,-18.418044,-17.898768,-16.568993,-15.43964,-12.596691,-5.035172,7.683068,21.479807,29.802203,28.330224,18.378068,5.930039,-2.953793,-6.394318,-7.004152,-8.311747,-10.919663,-12.111566,-9.152565,-2.822865,2.593526,3.164437,-0.661434,-4.044386,-2.275299,4.197679,9.24712,6.210166,-5.520826,-18.571865,-22.749637,-13.440508,3.885297,17.301345,17.600949,5.556291,-8.799965,-14.313262,-7.516036,5.107816,13.009728,10.412342,0.676717,-7.13317,-6.158459,2.704002,12.013322,14.238634,7.740949,-2.516775,-9.52544,-9.753752,-5.105147,-0.315456,1.334909,0.234801,-0.779134,0.662933,4.61123,9.196009,12.250811,12.436681,9.293106,3.035533,-5.069661,-12.187786,-14.56955,-9.850503,0.484301,10.930928,15.117671,10.362686,-0.031754,-9.025443,-11.19421,-6.901544,-1.713709,-1.431218,-6.949569,-13.437088,-14.616958,-8.430849,0.938335,6.543204,4.617339,-2.289821,-7.793815,-7.52647,-3.016673,0.019791,-2.489186,-8.398606,-10.51434,-2.918027,12.9491,28.035342,32.045475,21.462729,2.595752,-12.993505,-17.011872,-9.991257,0.431253,6.622327,7.125598,6.687038,10.520251,18.321108,23.681269,19.617931,5.326536,-12.020937,-22.371226,-20.64738,-10.685877,-1.839824,-1.125454,-7.622784,-13.85706,-12.803748,-4.289981,4.833024,6.838852,0.097698,-9.347072,-13.026716,-7.479544,2.742468,9.203513,7.214642,0.158183,-3.447245,2.316056,15.004461,25.194717,23.991087,10.297351,-8.321381,-21.811027,-25.421208,-22.465415,-19.98273,-21.529076,-23.737487,-19.725191,-6.138236,12.72286,27.65016,31.885225,26.583892,19.464581,17.751009,21.648527,24.216592,17.887718,1.954579,-15.665395,-24.234751,-18.887973,-4.941144,5.891498,4.435597,-8.933389,-24.597577,-30.806296,-21.932102
-19.686092,52.912701,98.636588,86.277856,36.414615,-10.107963,-33.323254,-40.018614,-41.95196,-43.298204,-47.414707,-59.100559,-70.782088,-57.601431,-3.803521,65.169079,94.552646,58.061032,-3.303819,-18.278563,33.502488,90.919727,75.662608,-16.861174,-105.933185,-109.806434,-30.52952,55.074922,81.120222,52.605365,18.185126,3.085015,-11.171297,-44.572881,-79.956182,-81.594445,-42.9637,2.947736,24.24356,26.151395,35.55242,58.420292,69.987378,50.125909,13.32971,-9.198024,-10.609194,-15.032193,-39.662176,-65.07912,-57.397375,-15.140302,22.75429,22.032337,-5.511853,-18.541908,0.206698,22.72166,14.069135,-20.648619,-42.537446,-29.501132,-3.691373,0.679572,-13.973144,-9.432626,36.640649,94.668964,111.316109,69.279401,5.991703,-30.034897,-30.14185,-23.575381,-31.573131,-39.490455,-20.922191,20.991364,50.373612,38.252825,-4.259017,-38.738856,-40.745616,-21.05495,-7.145351,-12.324803,-27.533984,-37.597396,-36.885593,-28.754727,-17.573642,-6.712567,-0.369333,0.220346,3.321234,22.610597,60.653421,98.247377,106.654457,73.932412,17.647418,-30.395439,-51.019187,-48.525046,-38.336763,-29.721453,-22.415686,-15.145709,-10.570378,-10.267488,-9.419882,-1.343442,12.526975,20.572745,11.578498,-12.498506,-35.326517,-38.615559,-17.122429,16.570226,41.239966,43.005498,25.822894,7.741045,4.950538,16.925072,27.048964,19.633676,-2.861225,-20.669324,-16.065939,8.120785,29.778077,26.950067,-3.826234,-45.861455,-75.119971,-74.827688,-43.821385,1.94667,35.603848,35.19536,2.336094,-34.021725,-39.406144,-5.819195,38.365213,54.718453,32.634682,-1.14159,-11.802727,7.527212,31.638613,32.52465,7.445335,-23.096196,-39.304866,-37.994534,-26.646598,-10.1568,11.198506,34.235528,50.563011,53.737436,44.66841,27.491552,3.864107,-23.937714,-46.409342,-51.003758,-36.677477,-19.217883,-15.039841,-20.345774,-14.083988,14.279162
-9.324591,17.3097,50.971802,72.125299,67.550106,35.60681,-13.390683,-57.154823,-67.153954,-27.534178,42.871646,92.336608,74.341466,-6.260163,-88.307437,-106.243975,-53.165578,10.966452,19.668454,-31.296803,-79.765205,-63.401812,13.8076,85.194736,89.516401,30.064531,-34.704393,-52.471949,-22.367616,17.540871,35.994597,33.434877,25.927886,17.628435,-1.964925,-36.611057,-68.99849,-73.434733,-41.094892,10.650277,53.276309,68.68282,57.152473,30.313916,1.603639,-17.867821,-21.07342,-8.366045,11.111509,24.921219,26.626052,19.595618,11.526501,6.503659,3.324449,-0.012655,-3.064931,-4.875246,-6.74082,-10.576575,-15.061031,-16.253095,-13.619881,-13.805415,-25.344806,-48.205817,-69.612959,-72.229814,-48.072829,-5.578155,36.101424,60.093517,61.61394,48.243549,32.067033,20.327218,11.693235,0.91213,-12.566909,-21.070258,-15.481809,3.491312,22.33724,25.769569,11.807645,-5.60113,-10.599919,-1.52139,8.610529,7.458824,-3.100795,-10.260269,-5.268833,7.854557,18.608078,21.437249,18.134698,10.946691,-1.500099,-18.995367,-33.782863,-35.048188,-20.841191,-2.489257,5.827935,1.196169,-6.71086,-8.206385,-4.422266,-3.884054,-10.69265,-19.785365,-24.000362,-22.064134,-17.081321,-9.715153,2.297326,17.015511,25.36927,20.201416,7.683862,4.750832,21.696156,48.721599,63.235808,51.554416,21.845365,-4.981117,-15.371235,-13.017288,-11.146167,-18.580886,-33.387627,-46.065199,-45.96853,-27.398493,4.681711,33.218104,38.606182,16.257538,-14.789352,-26.25363,-8.061984,19.964261,27.939894,7.914363,-17.700024,-21.880034,-3.827052,11.045949,1.961049,-22.16669,-33.192503,-17.086743,9.381717,17.761663,-0.234182,-24.662803,-30.183096,-11.881324,13.689616,28.905932,31.077267,28.643059,27.597717,26.204918,21.005876,12.555699,3.459746,-5.550933,-13.891659,-16.999243,-8.859703,9.033084,23.990232,21.553862
2.092831,-0.683571,-1.682963,-2.693146,-6.274939,-10.274024,-8.839563,-0.458254,7.36074,5.050329,-6.796056,-15.380517,-8.988136,8.399267,19.319017,11.623978,-6.799919,-15.234471,-2.522001,20.138189,30.547978,18.418705,-5.325801,-21.734932,-23.063854,-16.753902,-12.552669,-10.515172,-4.00616,8.291235,18.140624,16.980307,6.576999,-2.667692,-3.709444,-0.206783,-0.413576,-5.799765,-8.936807,-3.244447,7.789267,13.681885,8.897522,-0.641428,-4.166376,2.162669,11.939311,16.627973,14.645718,10.856939,8.467673,4.490315,-5.339551,-18.915793,-27.945165,-26.704387,-18.920816,-13.925917,-16.039786,-19.58742,-15.521352,-1.924802,13.751224,22.753286,23.312799,19.750441,15.125321,8.025071,-2.368196,-10.897119,-9.961141,0.903975,11.99398,12.87523,4.151641,-3.279952,-1.755567,3.288004,0.362585,-11.95293,-20.691204,-13.55857,4.062048,12.693828,1.514541,-16.334828,-16.501596,8.051239,35.981517,39.009591,13.013575,-16.722055,-22.635741,-3.710372,16.202169,16.913421,3.257388,-4.255176,4.198262,16.694255,15.347899,-2.255272,-21.805119,-30.262028,-29.165824,-27.92425,-28.561783,-23.221562,-7.185021,11.10942,17.655231,9.283145,-1.962027,-2.502448,7.477539,15.273483,11.10904,-1.083759,-9.324759,-7.265296,0.460849,5.462466,4.793166,1.899285,1.133104,4.186531,11.078483,21.075891,30.941226,34.610897,27.949845,14.105764,1.600094,-4.392951,-7.288474,-13.567224,-22.89638,-26.961136,-19.653758,-6.190775,1.128606,-3.566451,-13.181266,-16.255239,-10.199317,-3.029761,-2.132242,-4.914568,-3.347666,3.874189,7.946741,0.603845,-14.217146,-22.832422,-16.546629,-1.685298,6.840313,1.200995,-11.70752,-17.979823,-10.128899,7.827954,26.494109,39.387231,44.870067,42.811804,32.768669,16.385152,-0.248439,-9.131519,-6.591668,2.922304,9.797453,6.836784,-5.052045,-17.930584
3.411279,-8.41942,-26.880808,-34.383638,-19.174094,10.625256,33.521614,35.210108,20.531621,4.84583,-2.999144,-5.889359,-8.546915,-8.461581,-0.635501,11.235552,14.680684,2.740076,-14.672267,-18.860415,-3.194457,17.417263,21.258208,3.355798,-19.045794,-25.951058,-16.908064,-10.195756,-19.507395,-35.313853,-33.687396,-4.202888,34.313921,49.58428,28.303084,-8.922184,-26.762703,-9.309928,25.716389,46.310646,37.545568,12.300003,-7.136014,-13.194971,-15.562101,-22.173683,-24.834813,-9.243698,22.229433,44.981206,35.130083,-2.86003,-36.898212,-38.907104,-13.791076,6.776915,-0.676276,-26.531865,-40.256029,-24.43322,7.93811,30.021081,29.662306,17.48275,9.705727,10.168696,12.079413,11.970702,14.123669,20.293973,22.042529,9.715777,-12.431334,-26.944517,-22.458208,-8.51847,-5.604847,-20.320966,-35.837974,-30.75225,-5.0344,17.835797,15.787476,-8.195255,-29.861136,-29.099383,-8.212536,14.368467,23.760625,19.322454,9.361903,1.530383,0.179047,8.230642,25.523888,44.42147,51.392006,37.193468,6.204161,-25.515125,-41.794072,-36.379421,-14.256887,12.883414,31.759266,32.899625,16.971556,-3.373767,-12.658378,-7.750644,-2.595714,-13.509304,-38.847646,-57.377335,-50.424599,-23.657576,-1.894696,-1.360598,-12.061043,-12.057021,3.608947,15.773447,6.00037,-16.964827,-23.457254,3.23283,45.380734,68.320103,57.153912,30.134349,14.595309,15.796203,15.493851,-0.786634,-23.226513,-28.946137,-9.899588,17.068073,29.039757,20.759444,5.787824,-2.98834,-7.663517,-18.330599,-36.524353,-50.937836,-49.584207,-32.187592,-8.705905,11.385467,24.768031,30.569005,26.354107,11.382978,-7.914518,-20.075997,-18.248065,-6.488682,4.750002,8.461455,5.257046,-0.769458,-7.044625,-12.269082,-13.997821,-10.115645,-2.937133,1.433582,0.342566,-0.214497,8.883922,27.915189,44.278243,43.533216,24.874921,3.496543
20.388162,19.580391,7.100035,-9.178059,-19.448173,-20.254272,-15.176824,-8.748679,-1.841605,6.433179,14.211645,16.691061,10.971491,-0.213309,-10.574542,-15.524091,-14.577922,-9.365673,-1.366001,7.363824,12.721675,10.431683,0.492835,-11.268698,-17.516339,-15.505099,-8.4522,-1.227908,4.10536,8.149036,11.129531,11.965139,10.50407,8.882987,9.127817,9.947358,7.654688,0.905933,-6.668345,-9.854576,-7.580934,-3.946681,-3.142271,-4.449956,-3.399081,2.503516,10.488923,15.324099,14.394093,9.21055,2.630736,-3.916279,-10.145991,-15.23465,-17.729431,-16.900671,-13.153356,-7.132311,0.268808,6.38341,6.791808,-0.745181,-11.831581,-16.951329,-9.822478,5.459941,17.142625,16.735302,6.779843,-2.79839,-5.126127,-1.653379,2.619445,6.42015,12.284421,20.124274,24.073739,18.174636,4.355869,-7.892093,-10.968304,-7.017082,-4.817425,-9.224183,-15.442673,-14.604734,-4.034533,9.273193,15.24194,9.827067,-2.31688,-12.773327,-15.974201,-11.947166,-4.656894,1.38396,3.832244,3.329936,1.957977,0.418096,-3.066711,-10.047567,-17.747708,-19.064125,-8.613813,10.72673,28.528987,35.227225,29.751448,18.439993,7.384263,-2.277012,-11.300715,-17.376019,-16.532137,-9.769967,-5.069516,-9.579582,-20.049001,-24.071966,-12.922929,7.917493,23.297679,23.734606,14.44393,8.116141,10.425024,15.219359,14.003362,7.087522,2.639539,5.492368,10.181433,6.980278,-6.534493,-22.316676,-30.361995,-28.361006,-21.809033,-16.307231,-12.440386,-8.397012,-4.667171,-3.365226,-3.569381,-0.633243,7.872587,17.129762,19.121303,12.608598,6.68242,11.495306,25.367494,33.799941,23.712357,-1.640481,-24.055628,-27.843098,-15.06728,-2.14365,-1.715045,-9.857371,-12.322014,-1.934578,12.977833,18.376317,10.580269,-0.234783,-2.800711,1.789127,2.145417,-8.338938,-21.74656,-23.540296,-9.410753,8.706933
1.757941,-0.610779,1.027543,7.50793,13.307786,11.001544,-0.568454,-13.733279,-18.990516,-14.378785,-6.72684,-3.554707,-5.395704,-7.344608,-6.814735,-6.840758,-10.660364,-15.369848,-14.097053,-4.749695,6.132305,10.389438,7.94145,6.676907,12.059968,19.489013,19.694922,11.0627,3.265993,6.650332,19.483707,28.505639,22.6788,4.549787,-13.140641,-20.530913,-18.194311,-12.49435,-7.13704,-1.929623,1.847935,-0.616223,-11.789602,-25.587864,-30.613619,-21.153304,-3.725347,8.80122,9.328793,1.849112,-4.654213,-5.412306,-1.944298,3.13848,10.095115,19.491173,27.610362,27.572596,16.472271,0.402089,-9.473508,-6.863561,3.539601,9.995588,3.960861,-12.804686,-30.094956,-37.555573,-31.989378,-18.270612,-4.352602,4.832025,9.925929,15.037048,23.467022,34.766475,44.770234,47.808087,39.451559,18.902214,-9.437551,-36.376128,-51.61033,-49.657408,-33.867263,-14.420646,-1.024498,3.690337,4.240962,6.192892,10.175989,11.71641,6.381443,-5.261231,-17.365477,-22.836082,-18.019217,-4.957214,9.708106,18.562643,18.151336,11.456458,5.427926,4.771894,7.622399,7.961807,2.802339,-3.732411,-4.575163,2.043194,9.703919,10.038002,1.426662,-9.388411,-14.179973,-10.624768,-2.668846,4.816141,9.909245,12.56681,12.209839,8.305069,2.54973,-1.847303,-3.900607,-6.284575,-11.369505,-16.531199,-15.805679,-7.308498,2.581209,4.677243,-3.171538,-13.345552,-16.49176,-11.191093,-4.202534,-1.673322,-2.2489,0.13801,8.165577,17.731676,22.352831,19.06244,9.577654,-2.039382,-10.686255,-10.645933,0.995285,18.936442,30.101084,24.154349,5.283857,-9.326958,-6.305233,8.600672,14.935584,-0.924086,-30.000223,-48.623612,-41.917976,-17.501171,4.359798,11.441802,8.094229,5.050585,5.745227,5.503613,1.576758,-1.311574,2.547722,10.782293,14.25342,7.782034,-3.240726,-8.784075
-0.404543,1.853018,8.215975,14.794217,14.818601,5.632249,-7.214538,-14.527258,-12.540728,-6.257722,-2.982058,-3.759964,-3.199007,2.254465,8.392849,7.828591,-0.239396,-7.702525,-6.558875,1.236361,5.46063,-0.450109,-11.213213,-15.130972,-6.948748,6.633618,14.56017,12.687922,6.140388,1.74458,0.787558,0.030476,-2.359351,-4.586883,-4.892711,-4.859098,-7.099059,-10.492389,-10.127452,-3.085728,6.891984,12.225137,9.323768,2.755096,0.986795,8.126438,19.961527,27.614681,24.691058,11.623912,-5.343212,-18.562789,-23.323844,-19.794989,-11.98412,-4.753845,-1.102602,-1.532222,-5.136824,-10.350384,-14.499128,-14.020471,-7.180319,2.710666,8.266397,4.376248,-5.79535,-12.47905,-8.428288,3.64066,13.705599,14.7834,9.777119,7.459339,12.452359,20.430065,23.175124,17.013612,5.580813,-4.449231,-8.632763,-6.248737,0.672952,7.757285,8.994865,0.472939,-14.718003,-26.768732,-27.069378,-16.6989,-5.677962,-2.718019,-6.584993,-8.935122,-4.995954,1.012614,2.204572,-1.223028,-1.552334,6.63257,18.645304,24.043473,18.220222,7.293925,0.615518,0.32496,0.482917,-4.054831,-10.753575,-12.949259,-8.654381,-3.073473,-1.824491,-3.838231,-3.014227,3.685691,12.05173,15.400112,12.028314,6.200352,2.189078,-0.459021,-4.55416,-9.590619,-10.903311,-5.331438,3.694192,8.549848,5.235182,-2.219035,-5.949665,-2.600294,3.176925,3.600319,-4.312298,-15.768991,-22.565124,-19.939184,-9.578318,2.906683,12.531143,17.302755,17.546834,14.403189,9.420451,4.724454,2.153915,1.514492,0.265237,-3.881461,-9.586388,-11.928258,-7.060508,2.899759,10.618761,10.237647,3.241757,-3.251595,-4.327709,-2.398586,-3.467285,-8.82009,-12.368407,-7.52824,4.143064,13.192978,11.948114,2.791767,-4.582125,-3.829614,1.735704,4.078507,0.19902,-4.90887,-4.950129,0.049025
-8.377672,-3.932278,3.028675,7.58178,8.328094,8.097977,9.577162,11.25706,8.851624,0.855082,-8.286074,-11.613711,-6.489167,2.555042,8.232492,7.550728,3.970924,2.651854,4.450702,5.505171,2.517165,-2.89425,-6.205231,-5.925997,-5.873141,-10.311254,-17.448345,-19.710716,-11.792176,2.233402,11.635449,9.796034,1.439585,-2.306958,3.710301,12.477594,12.166088,-0.592122,-16.058679,-20.714463,-10.692877,4.7913,12.997512,9.498631,0.38475,-5.613503,-5.159612,-0.482467,5.999822,14.445687,24.431807,31.040666,26.76975,8.724597,-16.323277,-35.059489,-37.005733,-22.201997,-0.861357,14.33546,16.88896,9.545466,0.137672,-5.610339,-7.849251,-9.850048,-12.186132,-10.811797,-1.995889,11.183314,19.267964,15.235253,2.701319,-6.644831,-5.08716,2.652573,4.884249,-3.111376,-12.922079,-12.66093,-1.693785,7.261802,2.069494,-14.650298,-27.694738,-25.271417,-10.184002,5.922369,16.57207,24.894699,34.258765,39.33639,31.097952,10.1329,-9.769086,-14.637854,-5.458396,3.106499,-0.445822,-11.919342,-17.752554,-11.696039,-1.288706,2.691984,-0.798911,-4.11648,-3.135553,-3.142271,-10.095193,-19.45663,-19.018769,-3.840593,15.583269,23.53096,16.148727,4.655705,0.933402,3.775023,2.824646,-5.768296,-13.069555,-9.089284,2.8697,8.829778,1.560889,-9.317613,-8.538375,5.237797,16.082329,9.101508,-11.118397,-24.480423,-17.633327,1.562696,13.93507,10.764689,1.685901,0.844525,9.572439,16.480994,13.234041,5.26664,4.270901,12.631855,19.651016,14.144421,-2.273387,-17.172098,-21.429273,-18.121763,-16.334868,-18.868582,-19.437013,-12.127593,-0.441891,5.798014,1.992523,-5.391829,-5.876013,3.277706,14.117204,16.870936,10.269497,2.006175,-0.357617,2.579001,3.622817,-2.312087,-12.108868,-17.136863,-11.506695,2.409833,16.005824,21.448654,17.227669,8.094307
-5.963323,-7.540684,-3.342647,3.855976,8.730004,8.19069,3.265819,-2.678104,-6.32169,-5.398472,0.637529,9.369572,15.454522,13.958933,4.953906,-5.667014,-11.011498,-9.121107,-3.849776,-0.171669,0.453273,-0.124571,-0.253841,-0.298565,-1.097967,-2.231697,-2.823096,-3.166004,-4.034992,-4.456839,-1.943003,3.877388,8.939207,8.148705,1.624185,-4.092208,-2.654492,4.676225,9.879744,6.93064,-1.572724,-7.635453,-6.911718,-2.807728,-1.37964,-3.998031,-6.665493,-5.801795,-2.464487,-0.07134,0.336455,0.635557,1.876583,2.219434,-0.286143,-4.182107,-5.675639,-3.075569,1.545918,5.702902,9.817043,15.369901,20.416474,19.649031,10.540768,-1.866636,-8.691363,-6.270657,0.000934,1.894025,-2.679739,-8.482034,-10.250393,-8.845791,-8.818831,-11.408651,-12.598266,-8.671543,-1.65719,2.628783,1.352878,-2.467604,-4.25994,-3.291079,-2.286498,-2.605478,-2.080079,1.599195,7.011181,10.320032,10.110385,9.093906,10.29461,12.877371,13.253067,9.906642,5.421621,3.098857,2.863019,1.870248,-1.364424,-5.178795,-7.599861,-9.446301,-12.958211,-17.632545,-19.223021,-13.970371,-3.200507,7.289682,12.29664,10.963614,5.909394,0.259336,-3.587269,-3.609803,1.022846,7.975763,12.02315,9.062136,0.050615,-9.886898,-16.298292,-18.353586,-16.833611,-11.061822,-0.087798,13.137903,21.33566,18.944268,8.367676,-1.606807,-4.314149,-1.088852,1.988816,1.794833,0.662977,1.545153,3.403275,3.294068,1.553835,1.770468,4.80659,5.573332,-1.319272,-13.185637,-19.72353,-13.717772,0.218868,10.038855,9.265007,3.173708,0.905445,3.70248,4.135323,-3.007072,-12.494361,-14.065638,-4.978894,6.070445,8.742585,2.616036,-3.363477,-2.249069,2.981778,4.126779,-1.598923,-8.261403,-8.561413,-2.143934,4.869972,7.315154,5.769947,3.917156,3.375846,2.807034
1.40488,16.173951,20.870548,12.552958,-0.736441,-5.407704,5.06239,21.516471,25.830185,9.471167,-15.154214,-25.203922,-10.642764,15.278802,30.925755,29.683834,24.249683,27.032037,31.745142,20.825801,-8.800596,-34.217587,-27.659492,10.328576,44.106356,34.521772,-21.435106,-83.947067,-104.533345,-67.862573,-2.124998,48.245838,58.489533,36.084505,5.072211,-16.814013,-26.708607,-28.987497,-25.448311,-14.627882,2.241877,18.641587,27.486103,26.898884,19.699352,8.292588,-6.596941,-20.496122,-21.844695,-0.60201,36.243743,61.491532,48.268012,-1.304451,-50.86144,-60.198433,-24.416241,19.846459,30.868773,3.778516,-27.314741,-28.702336,-2.865911,19.361657,18.285695,7.471459,12.327738,33.703472,43.811418,20.870875,-20.79619,-44.170712,-31.658331,-4.969885,1.266227,-20.342377,-44.212878,-44.855827,-25.890084,-10.236601,-7.601338,-2.946294,20.063231,53.149199,70.100086,57.655942,30.615395,12.381026,7.231478,0.053135,-18.344426,-36.079026,-36.158976,-21.45263,-13.418139,-24.313186,-39.323521,-33.870544,-5.558243,20.444333,21.147589,4.197889,-0.907666,21.216631,52.488283,61.75372,39.639583,6.595742,-12.676467,-15.14167,-15.683806,-22.830423,-27.218332,-16.714079,3.313997,12.254252,-2.336746,-28.184167,-38.718355,-19.525961,17.159604,43.685798,41.253173,14.393953,-14.87403,-25.455423,-12.606134,10.242963,23.271777,16.14933,-4.727964,-23.648426,-30.396049,-27.724218,-24.604816,-24.32626,-21.852895,-12.37274,1.642981,14.679595,26.669278,41.591953,56.442115,57.62258,35.158124,-0.120146,-21.155231,-11.853522,13.250129,23.185926,5.366171,-20.08271,-25.543623,-11.12364,-5.59872,-29.751332,-66.613305,-76.996497,-43.522676,9.780081,45.742144,54.169218,53.690269,55.613902,41.163638,-12.184516,-85.436777,-116.643557,-58.786461,61.973458,157.00998,152.216802,54.616691,-58.60595,-113.50167,-97.949085
-2.142177,-7.057568,-12.449935,-16.616986,-17.543769,-13.792545,-5.542228,4.937409,13.972085,18.247118,16.728855,11.469395,6.549187,5.597457,9.393542,15.183874,18.331402,15.356922,6.40353,-4.570017,-12.09638,-12.55358,-6.38067,2.28026,8.227081,8.334886,3.150248,-3.951759,-9.256641,-11.025343,-10.120274,-8.760224,-8.555207,-9.3483,-9.618401,-7.945495,-4.285546,-0.073981,2.819338,3.363699,1.857896,-0.64448,-3.34945,-6.225312,-9.550038,-12.954546,-14.925947,-13.413328,-7.261922,2.567175,13.008628,20.309034,21.990957,18.083667,10.849952,3.293235,-2.470514,-5.92616,-7.695421,-8.517158,-8.585857,-7.688951,-5.803512,-3.414659,-1.137314,1.038891,4.082253,9.28309,16.935385,25.347594,31.151106,30.993703,23.616642,10.880655,-3.064911,-13.992506,-19.718755,-20.739121,-19.077674,-16.36986,-12.720219,-7.201232,0.497819,8.741985,14.225632,13.893202,7.191126,-3.071389,-12.07019,-15.756989,-13.237214,-7.110261,-1.556865,0.472435,-0.977782,-3.294206,-3.470727,-0.384967,4.446023,8.063201,8.214986,4.836392,-0.161063,-4.488716,-7.149961,-8.886096,-11.112761,-14.254661,-16.861198,-16.300299,-10.634082,-0.363685,11.248642,19.640816,21.374888,16.070806,6.700563,-1.91549,-5.54569,-2.599692,5.219431,13.890273,19.100706,18.319664,11.961403,3.134251,-3.911192,-5.940845,-2.486017,3.733436,8.060963,6.334794,-2.708308,-16.396785,-29.161616,-35.224864,-31.532615,-19.314526,-3.403466,10.262916,17.507052,17.565395,12.787234,6.850337,2.758841,1.783316,3.66781,7.524023,12.508304,17.798854,22.147058,23.723396,20.745823,12.657545,1.00639,-10.800273,-18.986629,-21.367307,-18.564336,-13.656363,-10.403082,-11.09406,-15.308175,-20.29017,-22.650861,-20.327373,-13.661155,-5.055657,2.46438,6.886012,8.119164,7.764589,7.97325,10.08413,13.782732,17.211278
3.18416,-9.192904,-13.227596,-1.211377,17.006564,20.784642,-0.275853,-32.042795,-45.976943,-27.0217,8.650001,27.101921,10.576149,-22.8737,-36.488654,-12.251753,31.07506,58.883278,57.004197,42.572803,38.53618,43.733925,35.43404,1.412236,-38.455277,-49.894847,-22.736457,14.812722,24.089534,-4.782443,-45.640168,-66.43881,-60.403061,-44.929189,-35.700253,-30.193208,-17.515811,3.277962,21.497156,29.110267,29.155988,27.532048,22.712083,10.473946,-3.039138,-1.912842,20.559577,47.734518,52.401901,25.771957,-11.147597,-28.920533,-19.733981,-1.559812,6.187696,3.960212,5.260621,13.967434,17.440948,4.323935,-17.649191,-28.506306,-19.395421,-2.569421,4.192089,-2.013228,-9.468837,-9.899147,-8.808977,-15.180955,-26.72114,-32.16186,-27.068791,-19.766385,-17.730146,-13.541821,7.385857,44.232404,73.21718,69.016418,32.400745,-8.882087,-27.934161,-23.065113,-11.923366,-6.180811,0.358025,17.265619,38.30165,44.14307,24.284222,-9.348201,-33.709694,-36.844154,-25.619555,-13.50339,-6.190695,-1.09581,3.700163,5.73526,3.339569,-0.426793,-2.058778,-3.42336,-9.324686,-19.243092,-25.168151,-19.902244,-5.748374,7.612258,13.247729,12.395886,9.824253,7.390386,4.811797,4.471441,10.576781,22.15198,30.576354,27.899629,16.619493,7.205202,4.841725,2.341373,-10.193783,-30.232774,-42.25778,-34.450501,-13.022207,3.584695,4.047851,-5.617044,-11.483378,-7.334919,2.042299,10.104051,14.987725,15.374331,5.920276,-16.308455,-41.001619,-47.120643,-22.156428,21.746358,55.331927,58.039782,35.121776,8.885067,-3.935394,-3.558911,0.940201,4.303151,6.687086,7.144358,2.303895,-7.264639,-14.50734,-13.99891,-10.51587,-14.167807,-25.72215,-31.44044,-17.209195,13.121194,38.10944,39.370756,19.333203,-3.766661,-16.116394,-19.283044,-21.37934,-23.378292,-19.312558,-8.022697,2.134757,3.636605
1.618638,1.898569,0.73596,-3.027239,-6.562888,-5.465622,0.331092,5.580735,6.333648,5.702987,9.876716,18.238938,21.054876,10.09321,-9.677204,-22.913746,-20.003033,-7.821927,-1.548311,-6.744424,-13.418803,-9.41523,3.532802,11.272904,4.598989,-9.100542,-14.488661,-6.515191,4.274869,5.571173,-1.294167,-3.525303,6.312977,19.822866,21.690364,7.510123,-10.326108,-15.218656,-3.113254,14.25047,21.400653,12.905552,-3.812312,-16.551289,-18.124598,-10.350856,-1.291483,1.225983,-4.127443,-10.338921,-7.363254,8.183388,27.552864,35.541018,23.815489,-0.588472,-20.641673,-23.939779,-12.550572,0.709278,4.518171,-2.532605,-13.673015,-21.232784,-21.330389,-13.594767,0.28383,16.129837,26.935642,25.984737,12.4072,-6.367865,-19.099236,-19.201624,-9.624814,0.563156,4.727935,4.114706,4.967696,10.563656,16.817241,16.486042,7.562149,-3.688101,-9.013526,-7.003789,-4.122758,-6.382833,-11.496316,-11.347167,-2.236767,9.657078,14.789419,11.01223,5.197831,3.791571,4.756052,1.661199,-5.711874,-9.440289,-4.279768,2.899569,-0.366791,-15.410149,-26.859525,-18.313011,7.276595,27.571708,23.677391,0.696451,-17.620996,-13.95422,6.220533,23.617428,26.028226,16.504294,3.487729,-10.00337,-24.074394,-33.865083,-31.439116,-17.244797,-3.864972,-3.003294,-10.500406,-10.20235,5.569185,24.398685,27.544347,13.451845,1.170762,7.825901,27.356213,37.292508,25.70376,5.08494,-3.711333,3.049814,8.799802,-1.252025,-21.242842,-32.093742,-24.529938,-8.540129,0.725589,0.615256,0.043585,3.950827,5.582178,-3.515807,-20.475449,-32.939987,-32.699759,-22.825231,-10.561819,1.732243,14.445565,22.749363,18.233997,1.31746,-13.062614,-8.629421,13.169822,32.410274,31.824389,15.579941,3.003393,5.184593,13.45443,13.005847,2.75114,-4.422877,-0.083105,8.19969,7.721709,-1.34621
13.992861,6.722593,-3.621074,-8.231764,-7.907078,-9.847819,-15.660699,-17.372432,-7.963857,6.724898,11.254815,-2.555474,-24.18162,-32.426986,-15.379082,18.182132,46.583868,53.132343,37.151256,10.986512,-10.83528,-20.54242,-19.646223,-15.70307,-15.674808,-19.700162,-20.533465,-10.725623,8.392908,25.836058,30.655236,22.423754,10.78332,4.684104,4.135391,3.643969,1.286306,0.460089,2.309805,0.950508,-9.2484,-22.630395,-24.220696,-6.632847,17.335777,24.588053,6.340458,-20.528199,-30.780803,-18.786141,-4.713516,-10.446827,-32.374159,-43.186269,-21.936246,21.258655,53.885011,53.486394,28.261915,4.854726,-0.600384,4.472814,3.70771,-6.072824,-11.599652,-1.041741,19.368963,29.809883,17.538657,-8.999486,-27.572055,-23.037676,-0.733541,19.629204,22.150542,7.513053,-10.100303,-17.203473,-12.66676,-6.987555,-10.88752,-24.042043,-34.265971,-28.223518,-4.423687,23.299137,35.769294,23.991818,-3.078629,-25.426223,-27.697797,-10.373011,12.550338,26.142954,25.718729,17.571617,10.658864,8.362781,7.610331,4.257328,-2.072338,-8.26089,-11.235552,-10.105962,-5.494191,1.289493,7.43634,8.545777,2.1167,-7.843062,-11.794711,-3.399291,11.936063,19.621414,9.757887,-11.50403,-26.824403,-25.353123,-14.120545,-9.359985,-16.563765,-22.344042,-9.027502,23.281254,52.448396,54.261334,26.0463,-10.801221,-31.075682,-26.87823,-9.488942,5.433806,10.855414,8.316895,1.132011,-7.859264,-13.623993,-9.979234,3.260849,16.452032,17.891079,6.623274,-5.274199,-5.618667,3.950399,10.000496,3.630291,-8.434324,-11.922692,-2.968405,6.11308,1.230486,-15.396585,-25.451357,-14.292418,11.421666,28.445154,19.820871,-8.008486,-31.437405,-32.287999,-13.714188,5.330966,9.683636,1.488895,-4.489662,2.776038,19.552184,31.873946,29.936049,17.417443,6.747502,5.942764,11.039808,11.723997,3.33228
13.163989,24.663581,24.455793,5.101171,-20.88521,-31.175627,-17.949225,2.874237,10.411632,3.751115,2.024393,18.664216,41.652237,45.269288,20.211098,-14.130794,-29.992799,-19.802419,-0.189753,10.108887,9.565956,8.930037,13.188337,15.996777,11.781982,5.552225,4.991179,6.255635,-4.135958,-30.261194,-54.918517,-53.449665,-20.26076,22.24138,43.101619,29.356231,-7.209244,-44.792747,-67.325794,-67.346959,-43.149886,-1.661666,37.668274,51.781778,33.952197,2.847098,-14.385358,-9.447263,0.913524,-1.596847,-11.676715,-5.64992,27.471859,66.848554,78.140528,50.274803,8.465525,-11.898193,-1.067301,18.757697,20.663734,0.938161,-21.748581,-29.777689,-23.218165,-13.687726,-8.195842,-3.9136,3.172314,10.350036,11.475177,5.270463,-3.31391,-9.807122,-15.353227,-23.989849,-36.719674,-49.99485,-58.793034,-58.776121,-45.920243,-18.00626,20.168224,54.150292,66.885189,52.075489,20.976628,-5.574192,-13.245117,-3.626409,10.312314,16.315914,11.184488,0.586993,-6.487066,-3.89686,7.507012,19.912459,24.389436,19.433741,13.625711,16.997227,28.184642,32.39485,15.860619,-16.834585,-42.767123,-41.233894,-14.689366,12.574231,17.515554,-0.642304,-22.529305,-29.58656,-20.658073,-8.609122,-4.361833,-7.199498,-9.578341,-7.560494,-4.343297,-5.119824,-11.159265,-19.109161,-23.864282,-20.891753,-7.652341,14.150448,36.88137,49.687863,45.621874,27.077673,3.78145,-14.843117,-25.274746,-28.865011,-27.376142,-21.039792,-10.320394,2.443967,14.135997,22.726956,27.156763,26.216573,19.400071,9.357343,1.912997,1.860088,8.653744,17.273786,23.357206,26.149232,25.851098,19.94894,4.965506,-17.544323,-38.98479,-50.030616,-48.82024,-41.219558,-32.847077,-23.166715,-9.381178,5.366914,11.640097,3.801814,-11.129448,-17.919196,-7.665659,13.173464,29.069162,29.726958,17.354268,1.597876,-9.401829,-12.343976
7.121328,-4.586539,-25.600849,-38.561974,-30.841843,-8.846276,8.714355,11.47249,7.48139,10.768723,22.141328,27.317266,14.594561,-10.262341,-30.343913,-36.450869,-34.450153,-33.023872,-29.701656,-14.860432,11.414343,33.185826,33.906231,15.536442,-2.525201,-4.320965,6.924023,16.319505,16.868524,15.75395,20.833387,27.252713,23.302681,7.940428,-4.494752,-0.829798,13.258709,18.007877,2.858152,-19.678045,-27.161562,-12.500825,8.06183,12.792213,-3.301688,-26.237837,-39.894736,-40.127328,-32.068193,-19.408609,-2.095123,16.272689,25.18907,16.213521,-5.834798,-24.655238,-27.141894,-14.888025,-0.234535,7.15351,7.606868,6.789093,7.885069,10.483712,14.48694,20.714314,26.783426,26.063464,14.532723,-1.597825,-8.654093,1.470158,21.533335,34.088124,27.220895,4.993508,-17.241656,-26.531269,-21.251807,-8.919994,1.713003,5.829767,2.624634,-6.352639,-17.840276,-27.231259,-30.149161,-24.707731,-12.824153,0.194388,7.820904,6.097681,-2.570559,-9.488274,-6.10586,7.258445,19.582299,18.531558,3.139206,-13.951838,-18.479276,-8.415674,5.751594,14.336506,19.045359,27.701159,39.918757,42.882719,24.732026,-9.329267,-38.37042,-45.041051,-31.817262,-16.071662,-10.248794,-10.166709,-3.795774,11.664273,25.318631,25.178386,11.87552,-2.368028,-6.815625,-1.503943,6.02989,9.558907,7.482452,0.074651,-11.534076,-22.185805,-22.681769,-8.191712,12.809485,22.544769,11.128224,-10.774052,-20.445186,-6.697859,16.600877,23.522496,3.183233,-28.009897,-42.415969,-28.243289,0.922512,22.390638,26.636148,21.657854,18.159815,15.897517,7.402066,-7.686064,-17.650675,-10.965985,8.390041,21.797755,14.053323,-10.450398,-31.151009,-31.004973,-12.140901,7.517407,11.452139,-2.110203,-21.497917,-32.520195,-27.286117,-5.911382,25.156377,54.452456,68.389483,58.440287,28.696643,-4.640837,-24.324359,-24.824551
7.300676,14.864417,24.05919,25.112618,11.522589,-10.781434,-25.86755,-22.058632,-4.482012,8.212207,1.691355,-19.05172,-33.751605,-27.184603,-5.308016,10.04972,3.269282,-18.865784,-33.849147,-26.026902,-1.426496,20.001124,25.044542,18.103134,12.152871,12.685408,14.054099,10.827355,7.698743,13.88861,28.779942,38.30042,29.160969,5.013625,-15.845879,-20.169479,-13.951359,-13.736634,-25.230201,-35.531787,-29.188035,-8.67037,6.547532,2.410226,-12.598411,-16.945808,-1.4241,19.920931,26.42017,14.807911,1.807907,2.854441,13.443808,15.738786,1.724795,-15.814553,-17.923169,-2.005783,14.430569,12.701113,-7.585831,-29.405822,-36.031743,-24.931541,-5.437056,12.461702,24.218849,28.589943,24.867483,14.393645,2.22879,-5.892049,-8.268019,-7.034328,-3.470473,3.65146,13.433541,19.135961,13.389201,-1.857645,-13.991365,-11.89688,0.945516,8.724112,0.067968,-19.457095,-33.652294,-33.059727,-22.81857,-13.022069,-5.510185,5.678548,22.041249,34.484744,33.077748,20.555848,10.991915,13.397502,20.070778,15.022668,-6.540054,-30.729424,-38.624306,-25.396467,-3.684635,10.699385,13.009645,9.085248,4.817148,0.49293,-4.922,-8.897811,-8.444749,-6.408445,-9.963108,-20.769519,-29.319839,-23.002453,-0.592701,23.684139,32.646633,22.461301,5.480567,-2.643001,2.83455,14.207647,21.303183,20.572003,15.011369,8.477622,2.575589,-1.75564,-2.667892,0.675893,5.398514,6.104535,-0.216204,-10.822158,-19.323865,-21.270828,-17.757549,-13.997873,-14.731354,-20.589524,-27.922097,-31.588199,-28.37956,-18.708217,-5.612268,7.73461,19.572382,28.918832,34.298135,34.396277,30.510472,27.229665,28.673625,33.095165,32.351271,18.888411,-5.599869,-29.124973,-38.47357,-30.393664,-14.175657,-3.309158,-4.457655,-13.664222,-21.657678,-21.779119,-13.610566,-1.285262,9.96441,16.149866,15.714829,10.145568
-7.129244,-15.125545,-10.899839,4.961212,18.077706,6.711868,-23.796399,-34.261057,-10.279588,14.465471,18.142417,14.126345,6.549738,-9.684557,-18.688064,-11.061325,-1.603268,10.492726,33.671125,41.003536,13.512878,-12.982546,-12.905531,-10.298195,-12.684646,-1.150267,9.966367,0.370635,-7.030435,0.221468,-2.911189,-12.796122,-1.696323,13.593902,2.925686,-17.668336,-24.669372,-19.061935,0.132021,20.606936,8.842395,-23.085577,-22.02867,9.355701,25.31455,26.066265,29.02889,16.861224,-7.463513,-11.394227,-6.247262,-17.983175,-16.291097,20.767482,49.660951,42.896888,22.393314,-8.169175,-49.734873,-61.965033,-32.434776,-14.689029,-29.621801,-30.378871,4.289408,39.905067,47.216662,26.668237,-1.944499,-12.071726,-4.648087,-6.023564,-12.613615,1.449138,24.570905,29.740958,24.328619,16.414816,-6.620247,-32.157893,-33.75561,-24.450248,-21.551555,-3.931124,31.018822,43.109029,24.15891,10.969684,10.859681,-1.727928,-24.525842,-33.582926,-28.868942,-24.685605,-17.560317,2.409791,22.217355,17.221003,-5.683835,-8.82407,16.107346,31.751859,19.487843,3.695116,-2.860653,-12.644527,-22.127038,-18.932065,-10.921001,-3.35561,12.858315,28.734749,24.640753,8.412913,0.565937,2.452524,4.01583,-4.547066,-23.313269,-28.037657,-4.447004,12.264123,-3.131153,-13.713115,0.12285,-1.59274,-20.08226,-3.36717,35.343016,30.106047,-9.238734,-21.648718,-6.262896,4.654165,11.545254,15.272804,4.153599,-7.225391,-3.464984,-2.141943,-8.378154,-1.697565,10.432926,4.55965,-7.050224,-5.589661,-3.836368,-10.22647,-10.342301,0.840069,15.464637,27.507699,27.24576,11.772777,-5.630624,-21.661759,-38.472832,-33.070166,1.424011,19.123156,1.155069,-4.116159,17.615857,19.638209,1.117813,3.884487,11.023187,-12.831021,-33.510529,-18.12416,-1.720394,-3.186608,7.811667,26.523989,19.021565,0.136539
8.836488,6.171951,-4.136425,-3.378472,0.807806,-10.12392,-21.29522,-17.194576,-16.49211,-20.084303,3.843798,43.2713,43.380116,4.511961,-17.747951,-7.166326,5.619643,6.257446,1.04934,-7.838811,-15.268248,-14.306996,-8.530218,0.720078,17.565264,31.127029,25.256415,6.726643,-5.232484,-5.45348,-3.292897,-8.13588,-14.231854,-5.413718,9.039028,-3.02397,-32.412551,-31.439914,-3.621445,0.057103,-19.500238,-18.393052,1.992797,14.53556,23.943297,32.07638,23.996391,19.018057,38.895735,44.95595,7.993305,-25.96782,-25.876054,-26.912554,-36.102671,-15.899205,18.152891,16.134226,-7.359573,-10.319228,-6.603449,-18.866494,-24.005281,-10.171506,-4.160239,-8.61217,3.476126,23.761873,19.267101,1.547713,9.959186,35.65608,31.472676,-6.627478,-30.931934,-19.22027,-2.655248,-3.500122,-0.955861,17.799014,25.297766,4.986908,-12.293821,-1.380308,11.265388,-1.462406,-15.05082,-4.082567,3.341697,-18.263452,-36.26452,-22.589939,-5.929799,-5.538422,5.497516,28.359167,25.712771,3.02996,0.860036,11.577516,2.927841,-9.748081,-0.496525,13.607881,14.255707,10.71583,4.672654,-7.558051,-11.726721,-6.503795,-12.929647,-24.812301,-13.75579,12.473274,21.594012,9.843292,-4.39634,-9.468111,-2.448504,6.953454,4.443749,-0.783445,5.935577,6.009123,-16.446021,-30.969528,-11.965907,15.27172,22.434855,13.570416,-2.079534,-14.781516,-7.081191,13.955213,17.72499,3.750603,-2.463429,-1.721583,-8.672743,-12.745989,-1.395363,13.498966,18.723163,11.793228,-8.027497,-28.381674,-27.585101,-8.892105,5.414744,12.727252,19.58113,13.03468,-10.938175,-21.105203,2.078435,25.684569,13.289783,-13.72668,-10.281497,15.403006,14.971276,-14.255361,-24.423133,-5.42347,1.178738,-11.420686,-4.855792,17.357466,9.928977,-19.399282,-13.651616,29.668313,48.849312,16.727468,-23.682332,-28.146094
-20.071615,-21.596169,-14.224681,-4.123072,0.497953,-2.963085,-8.709993,-7.490885,4.901277,23.151914,36.134375,35.746816,23.298565,8.084652,-0.341925,0.624757,5.908154,8.423822,5.564707,0.716646,-0.992627,1.803661,5.274706,4.203148,-2.747565,-11.299723,-14.915957,-10.154362,0.631469,11.249,16.178486,13.78136,6.159761,-3.189267,-11.359852,-16.411833,-17.042708,-12.982175,-6.005874,0.090517,1.679842,-1.607008,-5.843973,-5.571713,1.345438,10.950858,15.484662,9.429549,-5.578923,-21.325899,-28.921516,-25.29787,-15.004535,-6.028773,-3.390357,-5.858975,-8.073207,-5.588449,1.7357,10.456097,16.828761,19.174811,17.559058,12.219557,3.379118,-6.983469,-13.792171,-10.76264,4.733341,27.750464,47.058935,51.900222,39.440221,16.844506,-4.023528,-15.12254,-17.038976,-16.382615,-18.543945,-22.512763,-22.32734,-13.526893,1.59509,14.938703,18.963023,12.702193,2.053209,-5.738627,-8.223787,-8.977624,-13.084772,-21.36681,-28.847849,-28.861582,-18.958859,-3.245461,10.785568,17.853665,17.948996,14.636998,10.935268,7.014981,1.643896,-4.755041,-9.185554,-8.673817,-3.822687,0.6445,-0.391296,-7.517098,-15.392116,-16.753671,-8.739071,4.017925,12.560224,10.698819,0.149001,-10.636763,-13.009096,-4.658995,9.059261,19.759045,22.521699,19.024695,15.224699,16.028344,21.440646,26.94782,27.275064,20.286899,8.264491,-3.84192,-11.512579,-13.031155,-10.026085,-6.266396,-5.465113,-9.077428,-15.173251,-19.252573,-16.967107,-7.313752,5.954105,16.120069,17.642576,9.754345,-3.240846,-15.260698,-22.709457,-26.300917,-29.146368,-33.061617,-36.532022,-36.146188,-30.051963,-20.102788,-10.590847,-4.655547,-1.634115,2.232265,10.383934,22.871356,36.237075,46.194254,50.515085,49.673451,45.17266,37.691835,27.072822,13.99035,1.208082,-7.362731,-9.321048,-5.764048,-0.653043,1.986766
10.52401,-3.863243,-18.916194,-15.812262,5.967819,25.988893,24.960845,6.90541,-5.03251,4.715897,25.739702,33.259809,16.397374,-9.712369,-21.469592,-12.802394,0.402808,0.832164,-10.415534,-17.450877,-10.084477,4.546487,11.865125,6.980092,-2.235249,-7.691326,-11.124053,-18.563391,-27.914414,-27.777571,-10.730085,15.251392,32.34856,30.031364,14.303518,-0.735451,-7.941049,-11.252971,-16.066434,-19.667926,-14.046164,2.95013,22.416717,31.8533,26.928801,14.827633,6.473355,6.430956,9.985773,8.508978,-2.794068,-20.703078,-35.542702,-37.454297,-23.929819,-3.080972,11.594541,12.307249,4.06927,-0.302007,6.474741,18.146612,21.480718,10.85809,-5.085698,-12.298864,-5.803913,6.14539,12.014864,8.844812,2.830362,-0.249285,-2.016534,-7.886283,-18.79238,-29.346444,-34.119223,-32.878678,-27.721559,-16.952521,4.098721,34.296918,61.114344,68.014265,49.585821,18.343447,-5.497243,-11.628317,-6.639331,-3.885252,-8.232132,-12.44707,-8.184364,1.860621,4.870637,-8.74134,-33.860659,-53.36321,-52.605123,-31.863027,-5.571574,10.035612,9.462271,0.570051,-3.427458,4.994463,22.29235,37.477039,41.184811,32.942954,20.993722,14.883277,17.04852,20.873222,17.268376,3.869087,-12.033802,-19.999375,-16.144954,-6.360386,0.020502,-0.914947,-5.687571,-9.60286,-12.797006,-18.372532,-25.209137,-25.763306,-13.904347,5.241991,16.360634,7.784061,-15.574994,-35.117493,-35.711254,-19.235281,-0.017788,11.945874,20.073028,32.075879,44.646915,42.58587,16.234089,-22.212009,-44.58858,-32.09325,5.601889,38.310278,42.997885,23.172137,1.513142,-4.333016,3.053834,8.187397,1.301511,-12.501632,-20.945875,-17.86842,-7.569836,1.790581,6.139833,6.679151,5.937502,5.194469,5.429758,8.109431,12.91754,15.200126,8.080996,-10.7142,-33.761887,-47.100117,-40.808224,-18.352245,4.327505,10.761425
-9.858733,-14.049594,-9.374512,-2.017372,-0.661688,-5.098137,-5.814089,3.613649,16.314533,17.96635,3.335618,-15.932567,-22.533144,-11.648923,4.643478,11.50967,7.374696,3.641122,9.618363,21.129029,25.769274,17.593813,3.585946,-4.9497,-5.081317,-4.254643,-10.219229,-21.279496,-27.932186,-23.47006,-11.490509,-2.371333,-2.82896,-9.448865,-12.415044,-5.307017,8.816581,20.781354,24.3676,21.678951,19.316532,19.820941,18.433641,9.565241,-4.272619,-12.528429,-7.504911,5.596452,12.109754,2.766412,-16.101856,-29.034961,-27.765938,-18.904475,-14.521298,-17.363671,-18.42763,-9.162991,7.159739,18.684643,18.220687,10.254006,4.399549,4.85891,8.573393,11.72983,13.871011,14.698541,10.922358,0.574819,-10.433533,-11.094125,2.369671,19.360586,24.303024,13.562414,-0.592936,-5.015909,-1.767858,-4.793293,-20.62766,-37.505501,-37.779237,-19.401774,0.065398,2.700496,-9.873182,-19.272489,-11.685039,7.782195,23.004556,24.990062,18.361402,11.698821,7.229557,2.623946,-1.032231,1.19408,9.953183,17.621599,15.879638,5.567935,-4.562492,-8.689741,-9.614028,-11.920716,-13.256076,-7.438161,4.109797,9.882646,1.538725,-12.883153,-15.077869,2.018316,22.820582,23.903757,-0.024061,-28.842219,-37.422083,-20.814008,3.290977,15.140818,11.619384,3.931443,1.618905,3.731206,4.78381,3.803323,4.050831,6.275403,6.785615,2.934472,-2.764673,-6.115942,-6.807091,-7.548065,-8.353255,-5.380129,2.907174,11.239266,12.686126,7.697132,4.242027,7.399909,11.870428,8.382008,-3.502431,-13.420294,-12.758745,-5.592963,-3.035578,-8.054423,-11.489893,-5.578907,3.204696,1.159521,-12.836598,-21.300076,-7.341183,22.432651,40.959379,29.301672,-1.946195,-24.315859,-22.735921,-9.301589,-4.209086,-8.978736,-5.912924,15.885669,41.470194,43.385689,12.928791,-27.490953,-45.715189,-30.893189
5.617808,17.450934,22.614015,14.558948,-2.462378,-16.874605,-19.629586,-10.295422,5.028764,19.038348,25.658533,20.290738,2.363936,-20.612325,-34.623036,-29.584381,-10.127981,6.173391,4.488542,-12.471766,-26.547611,-21.915012,-0.345135,21.51975,28.769191,20.584759,7.000521,-3.169515,-8.624948,-11.409481,-10.993848,-5.439064,3.052737,7.651512,3.923637,-4.15392,-7.574261,-1.9404,7.861815,13.365641,11.659701,7.579004,7.649933,13.867604,23.567238,32.646449,36.309049,28.072441,3.177946,-33.11764,-62.268157,-63.40381,-32.494631,9.498542,31.546811,19.294161,-12.13463,-32.795389,-25.972142,-1.947141,14.917069,10.759105,-6.799778,-20.044811,-20.057477,-12.869002,-8.924524,-9.890485,-7.425744,6.245703,28.435283,46.882869,49.681997,34.607274,10.560204,-8.7067,-13.478981,-4.045603,9.805796,15.956171,9.331183,-4.036943,-12.653034,-10.467228,-2.454284,1.183852,-3.78217,-11.364948,-12.914144,-7.616608,-3.287659,-6.191446,-12.212976,-10.854702,1.663949,15.680531,16.876836,1.850914,-16.885382,-22.700675,-11.16964,6.162864,13.754738,6.471937,-7.857343,-18.042625,-19.503786,-15.163702,-9.34636,-3.177274,4.421954,13.512602,22.241838,28.302383,30.01024,26.332467,17.535034,6.517943,-1.797123,-4.152425,-2.175948,-0.692932,-2.25064,-4.349374,-3.208534,0.443096,1.303686,-4.064301,-12.305192,-16.632786,-14.728284,-11.047277,-10.238579,-10.257076,-4.91682,6.543266,15.536488,12.610992,-0.78296,-12.10754,-10.923795,-0.51166,6.232226,2.209535,-5.614626,-5.31025,4.522452,12.082111,6.438336,-8.36557,-16.627144,-8.629352,7.828841,15.782613,8.128013,-4.244892,-4.405193,11.862737,30.867184,34.451668,17.466244,-8.234427,-25.652369,-27.204367,-18.335926,-9.133819,-4.15086,-0.279936,6.910448,16.173562,20.493312,14.095546,-0.576545,-13.503377,-15.689163,-7.67702
-11.7358,-46.950419,-56.698286,-44.375334,-30.296452,-22.416587,-10.359212,12.333859,32.337131,31.781744,14.667758,6.814883,25.824442,58.180373,73.38284,58.651194,32.098503,19.623997,25.154327,29.642674,17.028022,-6.188994,-19.862366,-14.136545,0.194057,4.288796,-9.360453,-30.176574,-38.925648,-23.648074,9.023266,34.74453,27.226764,-18.962231,-78.045988,-110.159461,-95.275561,-51.358595,-16.17036,-10.688011,-23.060726,-28.000556,-15.449818,4.788526,21.433654,33.255299,39.151944,28.116266,-6.970786,-45.899972,-46.694872,12.516736,100.357846,153.722392,137.967685,79.317609,31.965662,19.68567,20.992222,9.890076,-6.089979,-1.290351,23.325196,31.757096,-2.353077,-56.183426,-79.964284,-57.104002,-24.665997,-24.902306,-49.447856,-50.998591,-10.563598,27.66434,4.947041,-75.963188,-143.892707,-135.755455,-66.975189,-11.735229,-17.734812,-56.719238,-63.748757,-10.296311,75.667791,153.264119,208.126401,239.161153,226.405239,141.770929,-0.962879,-128.005299,-161.599486,-97.454318,-12.529499,12.840465,-26.019274,-64.819718,-49.868964,3.796249,38.091275,22.948193,-12.640205,-19.192956,17.660092,67.559874,92.442624,80.168215,42.123314,-7.521886,-58.584855,-96.712783,-104.60635,-79.772744,-44.554096,-27.649672,-33.797898,-38.800185,-19.331681,16.526483,35.695294,17.917669,-18.644189,-34.360965,-9.118072,37.940697,69.993543,69.603309,51.259147,39.818217,42.595014,45.63157,33.901837,8.771287,-16.900715,-36.461004,-55.226007,-76.353907,-86.672218,-65.686364,-12.67332,40.609942,54.057073,20.723008,-20.158148,-19.165471,32.324249,91.514931,107.557515,71.825335,19.833557,-13.645805,-29.841188,-49.983989,-73.584329,-70.82939,-23.891613,36.819673,56.318119,18.269774,-30.300192,-31.276416,12.589383,35.612183,-12.953658,-100.82916,-139.612704,-81.703505,23.310213,79.363058,45.063633,-27.779462,-56.331046,-13.942947,52.594513,82.427961
-0.085694,-0.04503,-2.017784,-2.384708,2.500733,10.730096,15.476593,11.997279,2.826997,-5.25745,-8.806116,-10.435995,-13.634311,-16.788889,-14.588031,-5.229972,5.939815,11.425899,9.300058,4.271228,1.239365,-0.159233,-3.323491,-8.440998,-11.060759,-7.621527,-0.541742,4.171121,4.023477,2.760514,5.161398,10.561405,13.375025,9.918773,2.941088,-1.561108,-0.91834,2.249245,4.155528,3.950815,2.864792,0.915698,-3.216937,-8.901662,-12.35785,-10.58543,-5.759254,-3.474388,-5.78493,-7.615851,-2.143684,10.261741,20.358182,18.707084,5.575678,-9.036605,-15.361692,-12.804253,-8.47352,-7.962123,-9.265307,-6.197296,3.455874,14.545287,19.335486,14.877566,5.42354,-1.800789,-2.742453,0.898298,4.05362,2.922857,-1.959422,-6.434657,-6.619634,-2.80661,0.384765,-1.537528,-7.735163,-11.725891,-7.360472,4.351616,14.941827,15.932262,6.949208,-3.842942,-7.586162,-2.85918,3.980027,5.922337,2.045367,-2.747698,-3.662544,-0.764302,1.969108,1.24729,-2.525442,-6.282757,-7.288046,-4.897577,-0.338675,4.150796,6.011653,3.46387,-2.827549,-9.12995,-10.767937,-5.996453,2.006329,7.575271,7.581278,4.137172,2.115001,3.972318,7.323945,7.788133,3.895033,-1.385175,-4.08117,-3.560254,-2.717332,-3.871055,-5.401873,-3.469798,2.849845,9.073316,8.96973,0.985675,-9.412047,-14.247815,-9.99757,-0.205404,8.253031,10.904763,7.954805,2.202258,-3.886978,-8.857555,-11.289878,-9.69153,-3.933017,3.700254,9.59614,11.278442,8.945397,4.918473,1.862315,1.205209,2.400773,3.171297,0.959023,-4.787705,-11.283325,-13.964041,-10.346937,-2.64521,3.888816,5.605328,3.337269,0.553802,-0.843526,-2.092155,-4.864506,-7.932405,-7.584715,-1.518189,8.316303,17.097661,20.958242,19.098837,12.810287,3.7952,-5.920425,-13.406161,-15.856475,-12.976028
7.692599,17.347533,17.347733,6.583688,-5.455164,-8.073064,-0.802181,6.095804,3.108602,-7.84838,-15.733413,-13.017,-4.091529,0.136099,-5.010834,-12.697851,-12.586795,-2.548895,9.272629,13.69946,9.862546,4.373116,2.629291,3.247898,1.567945,-3.364131,-7.505307,-7.325324,-4.353349,-2.599214,-2.343955,1.092369,11.145958,23.709133,29.121319,21.371464,4.642367,-10.187904,-15.451238,-12.534971,-8.186084,-6.445695,-5.457879,-1.861091,3.435838,5.315568,0.231795,-9.115138,-15.590833,-14.011316,-5.524858,3.940489,8.895399,8.005377,3.699116,-0.734201,-3.528298,-4.893253,-6.037519,-7.740837,-9.260346,-8.404237,-3.261303,5.436031,13.730799,17.04656,14.111774,8.28469,4.507074,4.74295,6.673335,6.98275,5.376951,4.582961,6.318184,8.169844,5.527506,-3.166437,-13.738581,-19.509302,-17.277935,-9.922633,-3.260011,-0.886084,-2.232419,-4.828032,-7.185326,-9.020566,-9.581972,-7.237549,-1.377341,5.81437,10.398515,9.901416,5.430811,0.610265,-1.352851,0.351623,4.264714,7.88048,8.839893,6.107259,1.0767,-2.69416,-2.188554,1.661559,3.790483,-0.325306,-9.038239,-14.352789,-8.88509,6.249046,21.032745,25.029159,16.742834,4.431942,-2.394718,-1.904791,-0.244707,-3.631443,-11.272239,-16.62771,-15.005826,-8.763371,-4.626833,-6.579043,-12.197204,-15.844487,-14.481382,-9.728924,-4.825658,-0.819386,3.675274,9.669764,15.89456,20.004071,21.001427,19.770684,17.383461,13.707806,8.173488,1.509179,-4.043269,-6.512421,-5.888606,-3.849433,-2.166267,-1.806882,-3.278436,-6.768579,-11.17355,-13.495451,-10.644675,-2.817809,5.317682,8.017192,3.747424,-3.220192,-7.068988,-6.196622,-4.120783,-4.555651,-6.520551,-5.471282,0.674408,7.866368,9.500819,3.719403,-3.793061,-5.012346,2.572596,13.674228,20.473543,19.450887,12.981295,5.394348
11.466711,11.643177,5.312478,-2.933113,-6.278676,-1.550151,8.652147,18.578348,23.185459,20.190276,10.372678,-2.867092,-14.886307,-22.213489,-24.318282,-22.982716,-20.274686,-17.806815,-17.51598,-21.08039,-26.840002,-28.19635,-17.946715,4.033773,28.401144,43.384496,44.220948,34.544975,19.468092,1.02129,-17.316302,-25.088733,-11.103274,21.049665,47.715815,43.150301,6.35558,-33.283813,-42.175068,-15.237648,19.988114,32.455831,17.665743,-3.477257,-12.176835,-11.416915,-16.19597,-30.028655,-38.842065,-29.333718,-7.302814,7.794693,5.178466,-5.747965,-7.913843,3.547785,18.031944,24.210677,22.370044,19.900803,18.943905,14.254923,3.421625,-6.322387,-5.826193,3.066369,7.192959,-3.27686,-22.281833,-32.934429,-25.044564,-5.574457,8.859899,8.290542,-2.611228,-11.078577,-8.653775,2.364975,12.136213,11.667717,-0.010557,-14.363746,-19.115996,-8.187265,12.195457,28.10634,30.407613,22.880324,16.996378,18.893017,23.379652,21.555939,12.057758,1.76657,-4.27744,-9.785289,-21.226518,-36.763677,-45.596627,-40.105195,-25.911047,-16.449243,-17.825013,-22.265905,-18.060617,-3.595076,11.390278,17.72437,16.369611,14.544387,15.169214,14.057033,7.749652,0.514156,0.674711,10.955569,25.126585,34.590452,36.104926,31.901029,24.43916,14.160786,2.334895,-7.244177,-11.937242,-14.441425,-20.304426,-30.401415,-37.939517,-34.984606,-21.613565,-7.014359,-1.177949,-6.338707,-16.357806,-22.600022,-19.431081,-6.231719,12.259451,26.772351,28.101993,14.830125,-3.26475,-12.367796,-7.049892,5.540516,15.142822,20.294446,27.550611,38.75734,43.685595,30.137467,1.094881,-23.161313,-24.026535,-4.855915,11.0337,3.820973,-23.044525,-47.516413,-51.479692,-36.362067,-17.443463,-6.599517,-2.889726,1.953356,12.4647,24.571009,29.280855,19.981843,-1.492485,-23.133699,-28.421153,-8.943663,25.142514,49.467362
1.576422,-14.780071,-11.849379,9.080106,22.68199,9.359916,-19.340821,-31.035178,-8.197739,31.028139,50.420265,32.181692,-6.69307,-33.303814,-30.443571,-8.654231,8.927589,8.768426,-5.812153,-23.807812,-37.218159,-42.432429,-36.252097,-16.314797,12.954696,37.923037,43.808145,27.68654,2.985605,-11.013689,-5.723957,10.204285,20.690261,18.02268,8.603866,4.077025,8.840505,17.143635,20.47624,14.87135,1.070124,-18.254647,-37.520667,-46.275652,-34.842776,-6.280932,20.402439,25.98468,12.298718,2.582899,14.817337,36.623649,34.929901,-4.994581,-55.65402,-71.432155,-38.112265,9.027007,22.665039,-4.610083,-34.093277,-27.656899,8.386674,33.728432,23.611891,-4.264761,-16.21251,-5.0475,6.604117,3.290235,0.901731,22.793387,59.57512,70.621865,32.601778,-24.893231,-46.642983,-14.364053,30.952705,36.322538,-2.341298,-39.188591,-36.761112,-10.04652,-2.274137,-25.700661,-44.59654,-22.799487,25.206493,46.413714,12.047643,-45.665629,-67.996067,-34.142813,19.927131,46.084425,35.039442,15.729445,12.73274,19.207008,14.931622,-1.552704,-11.370219,-3.292622,9.75942,8.670041,-4.966185,-10.663592,2.368391,18.795354,16.130924,-5.012654,-19.546178,-8.749293,15.155271,22.033474,-0.982701,-34.633442,-49.732726,-38.47978,-18.488442,-8.46855,-7.548872,-1.778573,14.111848,28.611818,28.093591,14.517184,4.077615,8.806751,22.864016,28.684748,15.749385,-7.716981,-21.391453,-11.320853,16.352948,38.617196,34.214834,2.938356,-31.809354,-42.068685,-20.813028,10.332405,20.748751,0.193805,-31.567966,-45.346962,-32.151055,-10.763349,-5.875498,-20.995888,-35.135349,-25.796103,6.913248,39.70371,48.161358,28.713775,0.599928,-11.562666,2.184161,30.618081,51.759711,50.82493,31.305559,10.078916,0.527197,-0.60212,-8.545262,-31.332841,-56.484408,-60.562725,-34.23868,4.134948,23.916425,12.667186
-5.905112,0.957151,7.464252,4.477574,-8.648774,-21.232089,-21.305998,-8.317208,5.688129,8.138033,-1.652768,-12.689764,-13.859265,-3.855301,9.930277,19.866726,23.597838,22.493669,18.143134,12.372747,9.017221,12.107317,20.666028,26.958929,22.572693,7.025505,-10.865286,-21.185501,-22.016992,-19.635843,-20.383158,-24.058241,-25.881151,-23.268308,-18.485309,-14.539013,-10.632557,-3.544601,7.064755,16.790709,20.800228,18.814922,14.420735,9.976575,4.204868,-4.248131,-12.358131,-14.134154,-7.12004,3.844484,10.665453,9.572245,3.81346,-0.838295,-1.700703,0.315867,4.049446,9.294128,14.154331,13.684133,4.206248,-10.515542,-19.736776,-14.872634,1.432681,16.690826,19.982943,11.717431,1.626788,-2.202649,-1.001305,-1.930279,-8.59441,-16.594108,-18.589636,-12.440208,-3.296752,1.946729,1.168415,-2.20872,-3.913809,-3.184887,-2.354123,-2.902365,-2.803475,1.668198,11.161115,20.270417,20.188804,6.083435,-16.693261,-34.03224,-32.859105,-11.980782,15.798555,33.137998,31.341492,15.673027,-1.179593,-10.175016,-10.989067,-8.197665,-4.965278,-1.361622,2.762433,5.811136,6.277721,5.262481,5.586111,8.378398,11.652018,12.597665,10.286965,5.401889,-1.569331,-9.925361,-16.462117,-16.101811,-7.371818,3.110324,4.637977,-6.790359,-22.463773,-28.256978,-18.963839,-3.964136,2.859455,-1.900991,-8.223409,-4.87324,7.678601,18.504164,19.3096,13.252517,9.470755,11.125253,12.074572,5.690869,-5.902566,-13.711854,-11.965562,-3.691762,4.226183,8.976062,12.534262,15.703546,15.005703,7.321541,-4.201238,-11.726186,-10.602322,-3.805204,2.281411,4.654772,4.32862,1.511591,-6.016392,-17.828046,-26.824247,-24.643749,-12.061834,-0.541868,0.049746,-5.655492,-2.126954,18.248529,42.372895,46.778447,22.195682,-14.532363,-35.562055,-28.725995,-7.424652,5.672488,1.88603,-8.17046
4.343001,0.516499,-3.688441,-1.006761,9.890234,19.845639,17.346729,1.64251,-14.700678,-18.201218,-8.396231,2.553124,3.733574,-3.614043,-9.985089,-9.699759,-5.831223,-3.677738,-3.560395,-2.765543,-2.037827,-5.22462,-11.453888,-12.107784,-0.151439,18.369009,27.137096,16.740517,-3.31324,-13.51879,-5.232393,10.805563,18.097709,13.057934,6.103975,5.486397,6.087459,-1.897712,-16.405573,-22.31739,-9.28886,13.196532,23.516042,10.738153,-13.84796,-29.53132,-27.601441,-16.986596,-10.298747,-9.428432,-7.376115,-0.795369,4.837364,3.782336,-0.200654,3.265593,18.596398,37.467554,46.187038,38.719962,21.15014,4.168949,-6.868836,-14.175548,-21.803549,-29.530634,-32.535372,-26.441984,-12.663177,1.040069,6.218193,1.593486,-4.499535,-1.42416,12.312686,25.852354,26.630034,14.562848,2.886061,2.581863,7.812273,1.265041,-24.34006,-53.462975,-60.869829,-37.925807,-2.534207,18.946707,17.48419,6.681402,4.457015,14.38113,26.450134,31.254905,27.758029,18.432505,4.143867,-11.800024,-19.1735,-8.700796,13.784901,27.656846,18.338427,-3.990744,-13.465348,1.419508,22.421819,21.887086,-3.929239,-29.488277,-30.319684,-12.082192,-2.094525,-14.141834,-31.432997,-29.476896,-9.173756,3.198193,-10.113421,-34.050639,-38.068218,-13.781831,14.909999,22.268158,12.885394,14.430774,40.162356,69.05317,69.160204,35.485496,-4.00294,-20.275135,-13.198524,-5.07916,-10.167198,-19.908721,-19.363938,-9.268981,-4.035859,-10.634821,-18.533988,-14.15695,0.554512,10.762373,8.453198,2.300454,4.804797,14.737096,18.608946,8.630361,-7.26699,-16.060037,-15.427932,-13.352737,-13.829928,-10.538016,1.720537,14.689455,13.545449,-3.343792,-18.474156,-14.266857,4.8094,15.799125,4.288559,-17.646419,-25.22408,-10.111693,10.631076,16.322414,7.661157,4.127363,17.845979,36.991568,39.227809,18.342863
