0,1,2,3,4,5,6,7,8,9,10,11,12,13,14,15,16,17,18,19,20,21,22,23,24,25,26,27,28,29,30,31,32,33,34,35,36,37,38,39,40,41,42,43,44,45,46,47,48,49,50,51,52,53,54,55,56,57,58,59,60,61,62,63,64,65,66,67,68,69,70,71,72,73,74,75,76,77,78,79,80,81,82,83,84,85,86,87,88,89,90,91,92,93,94,95,96,97,98,99,100,101,102,103,104,105,106,107,108,109,110,111,112,113,114,115,116,117,118,119,120,121,122,123,124,125,126,127,128,129,130,131,132,133,134,135,136,137,138,139,140,141,142,143,144,145,146,147,148,149,150,151,152,153,154,155,156,157,158,159,160,161,162,163,164,165,166,167,168,169,170,171,172,173,174,175
-2.695996,-4.36515,-1.938048,1.47336,1.601753,-2.335521,-8.005472,-12.681865,-14.127043,-10.921965,-4.349817,1.337962,3.260528,3.856805,7.522412,13.481412,15.733618,11.253424,4.364405,0.370091,-1.267718,-2.691131,0.141327,12.750773,28.634213,29.736253,7.527743,-21.722153,-32.562474,-20.557061,-6.708096,-8.492872,-17.007026,-12.570105,3.561402,8.187684,-10.612768,-32.987523,-30.586487,-3.211188,21.276965,23.348229,14.573173,17.383763,32.275374,37.943768,22.081035,-0.839982,-8.041959,3.141525,13.645157,6.95035,-12.81883,-28.287385,-28.491587,-17.904297,-9.239248,-11.030987,-20.991106,-28.402488,-23.329071,-6.111738,11.850791,18.655625,13.573749,6.579627,6.431833,12.086757,16.982394,18.329761,18.480329,18.665586,16.232365,9.456247,1.51753,-3.095454,-4.225608,-5.170519,-7.241059,-8.578479,-8.59794,-10.065915,-14.68997,-18.969332,-17.505631,-9.926055,-1.81104,1.764619,1.448301,1.283799,2.958437,4.419474,3.837167,3.005789,5.68052,12.663602,19.048772,17.28113,4.512195,-12.411661,-20.995481,-14.63113,-0.232269,7.839657,2.411227,-9.712913,-16.638275,-14.472534,-8.478105,-2.915018,4.676915,16.746002,27.679675,28.064243,16.837937,4.474547,1.681838,7.436124,10.935916,4.243456,-9.607805,-20.722169,-22.099529,-15.020596,-6.96669,-5.104152,-9.952898,-14.180832,-9.304307,4.537261,16.68094,16.287272,4.292432,-7.509757,-9.52718,-3.487591,2.733476,5.702992,7.765541,9.534161,7.021382,-1.316313,-8.926734,-7.581124,1.196471,5.758864,-2.459743,-17.723079,-24.698032,-14.154663,7.518179,24.41405,25.657513,14.07674,1.87617,-1.35602,3.44188,8.091292,7.212909,3.491688,2.631492,5.388183,7.419399,6.232479,4.13094,2.546034,-2.551559,-14.931802,-29.340812,-34.348527,-25.756127,-12.426139,-5.16252,-3.522978,0.738586,9.051835
-2.545764,-2.499989,-3.474429,-4.540323,-1.990996,7.105035,21.03133,32.859367,34.346531,21.814701,-0.380438,-21.757339,-32.134622,-28.277303,-16.02184,-6.16436,-6.815617,-17.557588,-29.595527,-31.901104,-19.066898,4.649953,27.893286,39.477549,35.230059,19.848335,3.016947,-6.929243,-7.252583,-0.649412,8.034185,14.940148,17.973107,15.752567,7.016962,-8.138088,-26.323557,-40.851047,-44.989688,-36.67055,-20.766705,-6.380602,-0.549723,-3.117756,-7.08281,-4.494927,6.690791,20.464698,27.297946,21.837908,7.522837,-5.682974,-8.622688,0.533667,15.610537,27.667365,31.490631,28.108712,21.957663,16.004062,9.500869,0.126416,-12.051947,-23.005162,-27.346109,-22.786744,-12.266838,-1.708567,4.566936,6.580968,7.243482,8.397625,8.438563,3.984328,-6.002486,-17.857184,-25.346557,-24.703365,-17.923852,-10.986642,-8.313833,-8.525192,-5.668556,4.838961,20.905631,34.276403,36.962913,28.147576,15.251274,7.76342,8.934768,12.667765,8.666369,-8.303049,-32.984967,-52.886443,-57.64194,-46.671762,-28.83765,-14.741057,-8.526486,-6.100209,-0.669479,10.031038,21.634692,27.855184,27.149299,24.594793,26.843664,34.804343,41.28614,36.581489,17.566181,-7.858835,-25.587293,-25.975146,-11.52752,5.075866,11.225226,4.425211,-6.244021,-8.388498,2.771792,20.013616,29.826281,23.311728,3.235912,-18.268235,-28.987328,-25.14405,-12.734913,-1.688763,1.50524,-3.202094,-11.998008,-21.621128,-31.080632,-39.72493,-44.769668,-41.901859,-29.13422,-10.215505,6.4122,13.294495,9.94331,3.840632,5.008492,18.097499,38.258979,54.197767,56.117822,42.498015,20.780104,1.942811,-6.57082,-4.490416,2.88807,9.293351,11.221582,8.653935,3.434737,-2.5418,-7.967393,-11.898056,-13.727459,-13.668848,-12.986764,-13.203764,-14.64711,-15.71716,-13.897496,-7.951209,0.53434,7.731725,9.977731,6.118429
6.621276,16.700305,16.419954,4.405888,-12.082735,-23.188652,-24.243759,-18.766609,-14.473473,-16.101669,-21.311277,-22.968316,-15.552868,-0.136607,16.07295,24.926829,22.908039,12.953133,1.794227,-4.550692,-3.83283,2.225987,9.694002,14.513153,14.036971,7.99986,-1.175341,-9.282274,-12.638078,-10.624235,-6.324546,-4.085357,-5.468352,-7.090474,-2.922339,10.085773,27.624726,39.265138,35.38394,14.812229,-13.053124,-33.927202,-38.129274,-26.710055,-9.691305,1.768366,2.828856,-3.496409,-10.860122,-15.311143,-17.137153,-18.028301,-17.342171,-11.784852,0.976372,18.516467,33.90049,40.379428,36.510585,27.003491,18.446649,13.842267,10.981489,5.993314,-1.621411,-7.6603,-7.205709,-0.207987,6.98912,6.310017,-4.945767,-20.993209,-31.668377,-30.552279,-20.12698,-9.417616,-6.181417,-10.547342,-15.665483,-14.567228,-6.825206,1.147741,2.419663,-3.433535,-9.287678,-6.706454,5.992669,21.238816,27.957518,20.964722,5.96564,-4.377018,-0.36243,16.849205,35.752196,42.976888,32.983321,11.543474,-9.200869,-19.741975,-19.238095,-14.495213,-13.541802,-19.237986,-27.609845,-31.497538,-26.188619,-12.789948,2.703522,13.478778,16.095801,12.177417,6.865625,5.275362,9.171668,15.828239,19.761518,16.371264,5.274069,-8.907645,-19.07968,-20.0967,-12.149442,-0.67892,7.286945,7.884932,2.880187,-1.944031,-1.310013,5.393666,13.321583,15.357689,7.133708,-9.469743,-26.675906,-34.951534,-28.61123,-9.671609,12.431871,25.53475,21.640531,2.207913,-21.65947,-35.0208,-28.055072,-2.728227,27.546923,45.765557,42.013979,19.871152,-6.051601,-19.942242,-15.209351,1.759925,16.906473,18.708164,5.822151,-12.967258,-25.6828,-25.34468,-13.626875,1.722293,12.714051,15.596752,11.477684,4.018863,-3.146728,-7.574692,-8.042642,-4.600769,1.103245,6.152809,8.059814,6.933752,6.009054,9.293144
-3.891785,-7.816084,-7.157634,-2.042495,2.949364,3.059488,-1.521769,-5.009226,-1.298939,9.329631,18.762377,17.27675,2.62299,-16.347621,-25.728994,-17.942669,1.27078,16.883068,16.868254,2.45137,-12.706463,-14.023983,1.55032,22.935475,34.444644,29.099074,14.070161,3.598016,5.86485,15.618863,19.099044,6.738316,-17.810076,-40.365877,-48.079566,-39.747568,-25.517403,-16.738365,-15.664707,-14.596625,-5.017717,12.254179,26.031687,24.509333,7.115472,-12.838219,-18.160736,-2.407283,23.65253,39.958243,33.357412,8.588539,-15.284312,-20.116504,-2.98764,22.047724,35.674271,28.336697,6.319642,-15.146098,-24.784943,-22.92803,-18.256589,-17.929175,-20.73074,-19.271551,-8.50806,7.892637,19.54307,17.98992,4.199133,-11.870916,-19.232947,-14.399708,-3.262125,4.837748,5.24091,1.220364,0.017542,5.793918,15.984637,24.000237,25.325939,21.232036,16.875039,15.891147,16.69491,13.90687,3.520129,-12.9297,-28.884296,-37.416347,-35.971197,-27.428601,-17.187543,-9.274356,-4.711742,-2.742377,-2.784818,-4.794893,-7.925909,-9.533005,-6.346551,2.748077,14.947865,24.882444,28.355306,25.324319,19.412929,14.351126,10.65915,5.753269,-2.582317,-12.780925,-19.766615,-19.151316,-11.631144,-3.161444,-0.063921,-3.053169,-5.771564,0.07278,16.738298,36.510476,45.890304,35.365454,7.229368,-25.000142,-45.480205,-46.526833,-32.732102,-15.998602,-6.048735,-4.20324,-4.886482,-2.5105,2.934201,6.509277,4.119732,-2.348659,-5.662694,0.632332,16.018395,32.409561,39.956185,34.437016,20.055804,5.485795,-3.201307,-6.63301,-10.083531,-17.602863,-27.810256,-34.970178,-34.015067,-24.743836,-11.532145,0.714383,10.186023,17.91007,24.227689,26.08092,18.5915,0.194624,-23.319053,-40.276078,-40.053021,-20.510706,9.962922,37.647301,52.077678,51.63476,42.39722,31.993489,23.835793,16.086778
-2.063423,-0.466329,0.772908,0.726872,0.28913,0.943067,2.219096,1.38019,-3.420047,-9.901323,-12.719565,-8.49659,0.571309,8.766477,12.291284,11.839775,9.784787,6.381167,0.480804,-6.234976,-8.161203,-1.189222,10.932566,17.943279,12.680315,-0.917524,-10.998156,-9.737132,-1.319887,2.881994,-3.333795,-14.647018,-20.358814,-15.561072,-5.052031,3.114846,5.917691,6.264436,7.121163,7.252919,3.759394,-2.55965,-6.431253,-3.381222,5.002744,11.894016,11.322474,3.300609,-6.620136,-12.156992,-10.830628,-4.959592,0.800559,3.174093,2.650102,2.692355,6.022145,11.126857,12.956297,8.105503,-0.616413,-5.96421,-3.63216,2.584249,4.352893,-1.986233,-10.807173,-12.925059,-5.585049,4.640665,9.301853,6.953921,3.07426,1.789674,0.327541,-6.510482,-17.577808,-24.108678,-18.810753,-4.979336,5.722154,5.177095,-2.770261,-6.801158,-0.275566,12.379612,21.157965,20.556744,13.213004,4.963163,-1.151702,-5.20644,-6.77925,-3.715368,4.809497,15.423208,22.178915,21.042105,12.277751,-0.988383,-15.065542,-26.17424,-30.45291,-25.975425,-15.463005,-5.47173,-1.150809,-1.700975,-2.018724,1.007026,5.045475,6.015472,4.172656,4.407727,9.714869,15.938189,15.199697,4.95641,-7.896655,-13.34051,-8.319482,0.628234,4.880735,2.591099,-0.786772,0.200982,5.041805,8.980369,8.995046,6.22549,2.753347,-1.794215,-8.753433,-16.286971,-19.029296,-13.304445,-2.137506,6.419682,6.71517,0.99705,-2.843218,1.045612,10.967207,19.178645,18.356401,7.255181,-8.397383,-19.697087,-20.350455,-10.991338,1.000173,6.928416,3.989292,-2.090904,-2.467926,5.608709,15.035603,15.380743,3.847878,-10.795062,-16.220793,-8.75179,2.933318,6.658731,-0.997945,-11.718014,-14.399973,-6.305188,5.007601,10.119476,7.138213,2.596932,3.873789,11.450049,18.478538,17.339727
-16.30095,-13.922617,1.799974,16.44818,14.172623,-5.544654,-25.957669,-29.233864,-14.203704,3.291309,7.840375,0.630369,-3.248129,7.039103,24.897387,32.742036,20.839426,-1.974233,-16.811639,-12.881575,3.466163,16.527373,16.170103,5.020878,-6.795975,-11.646491,-9.294335,-4.378368,-1.189556,-0.838199,-1.931052,-2.873332,-3.578857,-5.30387,-8.705867,-12.02653,-11.952294,-7.238291,-1.267111,0.473106,-3.51737,-8.00895,-6.138192,2.393609,9.888354,9.0647,2.265674,-0.138438,8.153974,20.358173,22.323094,8.165575,-11.356042,-18.000661,-3.886834,20.547019,36.382329,33.092695,15.681695,-2.816618,-13.456335,-16.15393,-15.509314,-14.954668,-15.064147,-15.044441,-13.851681,-10.437212,-4.831801,0.438706,1.449287,-3.124271,-9.33454,-10.726937,-4.635648,4.620205,9.40727,5.70475,-3.514924,-10.987043,-10.518564,-0.623882,14.700146,27.286382,28.456686,15.037134,-6.037336,-20.513838,-17.687489,-0.582624,15.51935,16.747456,3.702624,-9.680349,-10.658131,-0.306038,9.118571,8.68733,2.764955,3.304488,14.979033,27.912531,26.500503,5.41701,-23.734616,-41.90919,-38.784336,-20.207211,-1.001645,8.499288,9.024149,7.236863,6.216567,2.392862,-8.192017,-22.110478,-29.054952,-21.388753,-3.010147,12.56428,14.103541,2.959271,-8.643225,-9.412319,1.192304,14.324814,21.267559,20.42531,15.859637,11.546233,8.712099,7.456364,7.911395,8.495614,5.1113,-4.769873,-16.657302,-20.331658,-9.44331,10.108908,23.655436,21.249952,7.144917,-5.380867,-8.230403,-5.830999,-7.799488,-16.214818,-22.700813,-18.526107,-5.583022,4.588813,2.518293,-9.821985,-21.578071,-23.644054,-15.877687,-4.885945,3.211836,7.084585,8.820677,10.381159,12.036736,13.363503,14.660551,16.972161,20.627693,23.612122,21.721186,11.672346,-4.515279,-18.433822,-20.660758,-9.334065,6.487993,13.631904
-8.318787,-14.574163,-11.257067,-2.782812,-0.742979,-11.564041,-28.500168,-36.973979,-28.140857,-6.7091,14.707065,27.87168,34.299214,38.801754,40.342056,32.298324,12.336735,-10.623672,-22.497754,-17.707107,-4.775836,3.243532,2.569699,0.320942,2.42732,3.771663,-5.714193,-25.709523,-40.984264,-35.889164,-12.184722,11.411234,18.549341,11.035158,2.731822,0.312449,-4.020189,-18.390725,-34.754127,-33.718146,-7.576003,26.622842,42.544384,32.729106,16.516949,17.53336,36.580759,51.433581,43.131901,17.393469,-3.329395,-6.229452,-1.279677,-6.991344,-27.39056,-47.275114,-49.376312,-32.161372,-9.377503,4.648765,5.991107,-0.623098,-9.075234,-14.869879,-14.410994,-6.720097,2.832605,4.247898,-7.644675,-25.283623,-32.657537,-19.52165,8.582531,34.674271,44.135192,34.602377,14.962891,-2.257075,-7.702112,1.256188,19.29576,35.127704,38.109706,26.017855,6.619249,-9.361048,-16.722521,-16.92769,-12.6118,-4.480103,5.047711,8.562465,-0.78207,-19.103398,-31.056585,-23.744063,-1.548432,16.252664,14.603948,-2.300626,-17.107341,-18.887752,-13.056951,-11.243944,-15.547687,-17.22198,-10.004233,0.602179,4.452783,0.31265,-2.565084,3.127797,13.141731,17.766843,15.217478,13.941721,20.391403,28.629835,26.268425,9.82927,-10.017719,-20.047193,-18.179583,-12.58338,-8.991805,-3.921839,7.615726,21.514424,26.64973,17.862635,2.946571,-5.846676,-5.250694,-2.780001,-5.767149,-12.584906,-16.64024,-15.885678,-13.947292,-12.106576,-5.342238,9.737265,25.181203,25.651744,4.955785,-23.839558,-38.709456,-29.801882,-8.303154,6.388086,6.037971,-1.745085,-6.190086,-6.22671,-8.546012,-15.359591,-18.455255,-7.354968,17.923921,44.055406,54.683049,43.565671,18.939398,-3.29157,-10.949925,-3.180177,10.286659,17.198977,12.291998,0.646852,-8.237673,-10.068367,-9.047353,-11.193642,-15.643638,-14.93568
6.820043,1.151602,-9.325761,-19.05135,-24.759362,-26.958917,-26.005496,-19.049904,-3.513917,16.468236,30.064408,28.99469,16.549643,5.003112,2.940827,6.873332,7.408085,2.564728,1.136274,10.762111,25.313425,28.970871,14.514107,-5.731555,-11.403072,3.166586,21.14827,20.645449,-1.522383,-26.458623,-33.752413,-22.345176,-8.928977,-7.941051,-17.387392,-25.150294,-24.918499,-21.336659,-20.327232,-19.90618,-14.270523,-4.389968,1.170353,-2.043318,-5.70369,3.451703,26.870917,49.188746,52.783642,36.014015,14.259353,3.154307,4.010172,7.27791,7.104276,7.51809,13.47134,20.424102,17.7513,2.370411,-15.362141,-22.286872,-17.290128,-12.088466,-16.773689,-27.698811,-32.232628,-24.100034,-10.499901,-3.027241,-4.350614,-6.780944,-3.141455,4.641749,9.565394,9.674118,10.380994,16.05141,22.334148,19.876209,5.40703,-13.292086,-24.538758,-23.554255,-15.054557,-6.537781,-1.538478,0.395095,0.337157,-0.233807,2.817842,14.456589,33.363112,48.193386,45.247773,22.325218,-6.488389,-22.626455,-20.349196,-10.897502,-8.777078,-15.649237,-20.005517,-12.392386,2.084974,8.741921,-0.111929,-16.196717,-23.834423,-15.898108,0.381614,12.514661,15.006569,11.75583,8.790367,7.850944,7.384429,6.805003,6.980192,7.138155,4.294481,-2.689617,-10.087187,-12.757049,-10.649498,-9.596817,-14.140448,-20.903846,-21.544751,-12.673419,-0.671762,5.191843,3.53574,2.352536,9.064035,21.081341,28.320986,24.50716,13.578279,4.140452,-0.071933,-1.610835,-2.152832,1.907361,13.736954,27.56302,30.406636,14.965584,-10.693951,-29.306852,-31.011419,-22.090547,-16.193865,-18.680392,-22.28405,-18.120425,-7.610153,-0.579115,-2.441125,-6.899637,-3.540148,8.862,19.636723,17.741109,4.2957,-8.049622,-7.855037,4.3574,17.90464,22.610155,16.635142,5.335002,-4.776382,-9.991539,-9.540879,-4.735071
3.495187,-7.234381,-16.493343,-15.026258,-2.71831,9.274024,8.57133,-5.422264,-19.375057,-18.242996,-0.237357,20.67986,27.641722,16.376546,-1.6829,-10.747243,-4.431637,10.790363,23.274759,25.503123,17.007577,1.939181,-13.348756,-21.517635,-17.532554,-4.063804,7.516085,5.630892,-9.477883,-23.707873,-22.246128,-5.621661,9.565679,7.92007,-7.798871,-19.558618,-14.130842,2.591831,13.558295,10.759904,2.965772,2.117979,6.709549,4.562247,-7.935126,-16.169179,-3.118369,26.507603,45.311721,31.402664,-5.096112,-30.0563,-21.839663,4.65618,15.047516,-5.03101,-33.429989,-37.094972,-9.792226,21.751656,29.261628,13.975515,1.460282,8.513203,23.066441,20.612511,-4.114225,-29.112466,-30.128312,-8.428328,11.238816,8.997795,-9.099474,-20.424084,-12.454218,4.573069,11.609144,3.020448,-8.2077,-5.932716,11.874468,31.803551,38.183573,25.826583,1.817064,-21.554087,-34.764589,-35.239271,-27.332972,-18.642432,-13.99488,-11.352502,-4.333723,9.828566,25.056707,30.677855,21.699664,4.190209,-10.192909,-14.34279,-9.611418,-0.891107,9.13858,19.164188,24.787913,19.408941,2.225019,-16.177913,-20.19785,-3.868121,21.175542,34.365596,24.408699,-0.59017,-20.944238,-23.215082,-10.930196,0.905155,0.732637,-9.668377,-18.335516,-14.827316,0.509054,16.857482,21.258367,7.797897,-18.532737,-44.713037,-56.679868,-46.673854,-17.853132,16.154578,37.843488,36.376147,15.554158,-8.051417,-17.525288,-9.231202,5.078112,10.859063,6.264772,4.148629,17.315146,42.262083,59.948672,54.524795,30.571458,9.47144,7.571403,19.08581,22.228879,2.148892,-33.657167,-63.023432,-70.42939,-59.159896,-43.492272,-32.217166,-22.138075,-6.565142,13.242472,27.16166,25.852962,9.648637,-12.042511,-28.446787,-33.815647,-28.007955,-13.712311,5.514024,25.517309,41.822228,50.715988,50.29383,40.886084,25.271025
13.410786,20.198332,19.467007,7.733025,-10.632733,-24.891944,-26.207115,-15.097748,-0.410884,9.047705,11.335301,10.239241,9.21159,8.141872,5.625483,1.991137,-1.498864,-5.265287,-10.817655,-17.066349,-19.361356,-14.235234,-4.418794,3.274686,5.836706,7.760562,14.648858,23.962842,25.431436,12.592638,-7.778999,-20.838541,-18.880718,-9.124672,-4.553344,-8.442843,-11.083265,-2.640159,13.48714,23.1998,17.417071,2.463311,-6.998439,-4.101573,3.478617,3.100691,-8.557249,-22.176546,-25.68254,-15.558584,1.592752,16.479964,24.370975,25.909176,23.341972,17.508089,8.089004,-4.211554,-15.943688,-21.319974,-15.506233,0.43973,17.145594,21.324206,5.810216,-22.890568,-47.598844,-52.86506,-36.176157,-8.267655,16.447394,29.530954,30.6646,23.833541,13.846765,5.649208,3.535124,8.262272,15.105271,16.804025,9.840668,-2.291028,-12.365449,-15.56931,-12.210189,-5.557285,1.126608,5.128198,4.008879,-2.705043,-11.300917,-15.364555,-11.288111,-2.079793,5.57102,8.178286,8.240572,9.601507,11.392361,8.531896,-1.524326,-14.236247,-21.591785,-19.787349,-12.041572,-3.926353,2.311499,7.666181,11.989175,12.303703,6.558959,-2.314853,-7.953466,-6.362769,0.814913,8.920045,14.736876,17.342058,15.825906,8.92458,-1.783779,-9.970739,-8.740334,1.962485,13.188501,14.041303,1.745305,-15.45948,-25.64714,-23.491973,-13.856933,-6.277794,-6.394445,-11.911014,-15.481223,-11.124609,1.063771,15.110091,23.793468,24.016333,18.46031,12.125778,7.337186,2.630424,-3.323734,-7.857479,-6.143637,2.495545,11.453611,11.925117,1.689472,-12.081958,-19.501241,-16.98709,-9.131107,-2.557657,0.212778,0.485109,-0.664511,-3.393189,-6.032517,-3.999536,5.502596,18.115495,24.400897,18.988808,6.650323,-2.587975,-4.327795,-3.953702,-8.958218,-18.628074,-23.716623,-16.8266,-1.367108,11.351815
1.504985,10.371862,15.123189,9.922775,-1.763416,-10.836899,-12.119523,-8.29924,-4.337912,-0.762626,4.901327,11.12531,10.856703,-0.381893,-16.445257,-24.258709,-17.05367,-2.141874,6.599443,3.50847,-3.667358,-3.762648,4.796528,13.012174,12.530519,5.110885,-0.380776,1.212869,5.875555,5.915435,-0.984683,-9.518781,-12.739501,-8.813141,-1.826171,2.772533,2.862208,0.783492,0.970717,6.085134,14.113367,18.956742,15.254138,3.95709,-7.30451,-10.928239,-6.946829,-2.906965,-5.251404,-11.601966,-13.214813,-5.32226,6.58035,12.115835,7.034348,-2.780203,-8.485901,-7.741116,-5.632221,-7.141159,-10.995669,-11.880045,-7.238889,-0.053575,4.992453,6.490718,6.83355,9.008359,14.010005,20.541116,25.316607,23.490571,11.306664,-9.016198,-27.313246,-31.426431,-17.832504,3.621251,17.334749,15.514978,4.149467,-4.444857,-4.072306,0.951387,2.71966,-1.091781,-5.825321,-6.267219,-2.625395,0.132264,-2.354037,-9.835572,-17.900143,-21.227361,-16.811516,-5.741074,7.066997,15.598799,16.769703,12.485294,7.447744,4.750129,3.989606,3.665303,4.258653,7.625572,13.440837,17.704475,15.882505,7.253779,-4.497464,-14.579865,-20.028016,-19.818097,-14.297983,-6.130131,-0.554084,-1.699765,-7.389182,-9.6204,-2.861389,8.352586,12.843719,5.329562,-6.304008,-9.004773,0.364872,10.957573,10.621374,0.382792,-7.159304,-3.704859,4.572126,5.586241,-2.277448,-7.3652,0.156777,14.354606,19.131509,7.283415,-10.467506,-17.708102,-10.596876,0.099165,4.276721,4.369565,8.743885,16.712151,16.63722,1.061714,-20.640324,-29.822781,-18.680345,1.211766,12.214352,9.394646,2.563795,1.179141,2.672349,-1.442212,-11.430161,-17.0841,-10.779576,1.578652,6.825112,0.747315,-6.289993,-1.824824,13.245591,25.024823,22.140542,7.850864,-4.687969,-6.963423,-2.231573,1.113263
1.512651,-4.116856,-13.431095,-21.066886,-20.600125,-8.730319,11.393015,30.573193,38.291699,29.114707,6.715806,-17.296551,-29.793605,-24.706458,-8.161635,5.050933,3.236541,-11.020604,-21.567202,-13.274891,12.09388,35.403189,37.626218,18.508652,-3.245855,-8.93426,2.19556,14.875671,15.968983,7.414851,0.22098,-0.953627,-2.666185,-11.655964,-23.186137,-24.675455,-10.800926,8.60075,17.880398,11.33743,-2.533017,-11.706078,-12.525472,-10.060999,-9.600475,-11.237323,-12.519193,-12.751337,-12.405864,-10.250319,-4.489906,2.979527,6.608167,3.717811,-0.584797,1.94176,12.824017,24.34045,28.404146,25.899911,24.154981,25.636778,23.254903,9.69823,-10.587209,-23.124252,-18.614643,-3.870114,5.102055,0.170184,-11.310375,-16.156194,-9.936859,-0.200353,2.902657,-3.78648,-15.719077,-25.650374,-27.318383,-17.302604,1.743113,19.05535,21.743062,7.339126,-10.54991,-13.675016,1.749698,19.955638,22.36504,7.867357,-7.360063,-10.206551,-5.709383,-7.836399,-18.199298,-21.337317,-4.476474,22.867258,36.200905,24.05013,2.992297,-0.222879,20.080494,40.518842,33.851948,-1.16861,-38.373425,-50.947894,-35.723691,-10.862751,5.448317,9.773433,9.379264,10.134099,11.775633,11.885395,9.332069,3.103753,-8.264945,-23.140411,-34.473824,-34.803502,-24.379059,-11.755501,-4.508249,-0.870202,7.020392,21.982924,36.68816,40.977966,32.50915,18.148954,5.803011,-2.412114,-8.556901,-13.643001,-16.799179,-18.323414,-19.828375,-20.241612,-14.819717,-1.428462,13.260095,18.021881,9.495835,-2.219576,-3.788751,5.918368,14.069943,9.165823,-4.516908,-11.136288,-1.606743,15.643644,23.80176,15.239219,-2.543614,-16.902526,-21.71597,-18.113597,-8.314478,5.751971,18.034807,18.712044,3.939537,-16.183579,-24.648922,-14.949889,1.121419,6.165818,-3.298081,-13.443281,-9.998065,4.903521,15.824035,12.48916
7.147234,13.703336,18.923224,13.422821,-4.447591,-22.276069,-23.512011,-5.539234,14.843365,17.381573,-0.355093,-20.444791,-24.230385,-11.752634,0.860027,1.415181,-5.651418,-7.950721,-1.98167,4.076314,3.919645,3.272937,11.827879,27.399763,34.495153,21.436425,-4.572173,-23.837716,-24.963265,-15.042153,-8.021477,-7.549729,-6.321512,-0.831828,0.559311,-10.883065,-27.948628,-30.107227,-5.826526,31.227206,53.26515,46.02297,21.969601,4.614309,2.981282,5.50194,-1.84711,-16.820835,-23.988135,-14.481699,2.225158,8.371381,-2.452946,-18.427804,-22.045919,-7.605426,13.953359,25.470651,17.583466,-5.379174,-29.678799,-41.344127,-34.304548,-13.588816,8.355737,20.651729,21.852772,19.507988,21.276405,26.376579,26.585726,15.969024,-1.327996,-14.100533,-14.97319,-7.570342,-2.448541,-6.191637,-14.809699,-17.678077,-7.801196,11.185012,27.125722,28.411601,12.69711,-11.14514,-29.070026,-31.518658,-19.809249,-4.702401,1.730102,-5.066425,-18.893834,-27.173656,-19.699896,4.043336,33.749068,54.406917,56.065334,40.388961,18.541711,1.662664,-7.702569,-15.078601,-25.33508,-35.630436,-38.206919,-29.697213,-15.495132,-3.481638,5.234521,16.531307,33.432859,48.481611,48.99474,30.340957,1.917532,-21.362484,-32.214622,-34.092656,-32.753565,-28.73843,-20.212346,-10.350884,-6.855536,-12.357097,-18.340474,-12.45137,7.794077,30.972674,42.431177,37.300385,21.771374,4.03653,-11.837404,-22.653081,-21.851995,-4.260736,24.44653,47.542985,50.404028,33.490779,10.107256,-8.075917,-20.067922,-29.60981,-34.915922,-29.943121,-15.815986,-4.920872,-8.40326,-21.061456,-24.563403,-8.585239,14.585451,21.413781,3.4103,-21.846413,-28.50541,-9.315223,18.26135,31.877773,26.198461,13.51646,6.559805,5.986524,5.145432,1.786918,0.19923,2.891003,5.388768,2.09542,-5.166895,-8.358523,-3.244712,4.854301
-14.241971,-20.045522,-12.102322,2.426095,9.780906,5.12244,-2.354413,-0.724122,10.646137,20.770507,19.75369,8.755343,-3.513026,-11.186167,-14.972789,-16.568806,-13.935601,-5.121474,5.147099,7.109335,-3.785767,-20.066261,-28.186465,-21.587715,-6.650722,4.460494,5.574205,0.734915,-1.623523,3.081313,12.565842,20.62474,22.256046,17.593883,12.453588,13.930826,22.86221,30.250816,24.09019,2.573402,-20.334885,-26.021366,-9.868712,12.657321,20.639995,8.042194,-12.272325,-24.123492,-24.175985,-20.822043,-20.361801,-19.793206,-14.366522,-7.144084,-5.735481,-10.562893,-12.283029,-3.884381,8.536851,12.58278,6.567646,3.32684,13.01742,26.202455,21.788054,-6.193271,-35.810109,-37.749613,-7.896157,26.594192,36.502359,21.611003,7.498429,12.934729,27.642835,26.568331,2.0493,-25.617072,-31.33381,-13.495555,5.823038,7.161723,-5.614166,-12.940351,-3.756912,12.674668,18.684856,7.571495,-11.007822,-22.286205,-19.65565,-7.505097,5.158979,11.794331,11.174298,6.499856,2.330269,0.767719,-0.08186,-2.969993,-6.78991,-7.119363,-3.080191,-1.5953,-10.611003,-26.916044,-34.677413,-20.878542,7.781422,27.776301,21.563323,-4.090044,-25.384559,-26.100483,-11.170163,4.692689,16.250883,29.722409,46.965372,55.906104,42.87598,12.056835,-14.481387,-18.851882,-5.365638,7.343634,9.254031,7.599461,11.775348,16.897742,9.618284,-11.433463,-29.719446,-30.14316,-19.461949,-19.250946,-37.589536,-55.232133,-46.374737,-10.677038,23.083895,28.038354,8.635367,-6.499256,0.987096,19.15353,23.048613,6.310732,-11.860984,-11.186292,5.560199,18.034055,14.446579,4.530255,4.12363,12.768663,13.846524,-2.634147,-23.61805,-24.740942,2.041155,36.619888,48.808411,27.422815,-9.512727,-32.300267,-25.885213,-0.176763,22.125129,25.878671,13.588857,-0.914203,-6.723271,-4.656894,-3.829744,-10.539282
11.46906,9.974188,4.111912,1.205159,3.355591,4.265338,-2.919075,-16.19141,-25.577633,-23.73021,-13.829026,-5.826874,-5.935406,-11.265712,-14.188383,-9.844373,1.11947,14.78485,26.302322,30.689162,24.767839,10.647736,-3.89318,-11.14529,-10.265113,-6.851179,-5.072345,-2.102471,7.399528,21.963389,31.675764,27.886638,13.216671,-0.582005,-4.868962,-2.123066,-0.93855,-5.366539,-11.905307,-16.228187,-18.995913,-22.758282,-25.520375,-21.667211,-10.205751,1.28799,4.148817,-0.856379,-3.85893,2.173005,12.448313,15.924605,8.806695,-0.84312,-2.987104,2.671685,7.649291,6.240267,2.339787,3.130215,8.619931,10.98304,4.358489,-7.698537,-16.204985,-16.30053,-10.385242,-2.680778,5.701672,14.614366,20.589682,18.757832,9.592439,0.51523,-1.845927,0.196494,-2.031583,-12.269579,-23.128353,-23.326209,-10.210118,7.143671,17.35688,17.06318,10.950588,4.131908,-2.134457,-7.30297,-8.155811,-1.958104,7.87544,12.809789,7.621871,-3.767451,-12.764766,-15.581422,-15.938499,-18.139737,-20.246885,-16.617703,-6.254675,4.511456,8.937116,7.496995,6.408272,9.28238,12.98421,12.757474,9.157926,7.196255,9.001899,10.374472,6.478442,-0.591299,-2.846795,4.140407,14.52876,16.737642,4.78488,-15.497209,-31.196471,-32.473177,-18.837732,1.984004,19.515622,26.160404,20.887095,9.542328,0.631018,-1.457081,0.066843,-1.623268,-9.035421,-17.192947,-19.156551,-14.005612,-7.867377,-6.804144,-10.108994,-11.784587,-7.885181,-0.772173,4.036961,3.642657,-0.53943,-5.425002,-8.461823,-7.318585,-0.076748,12.079042,23.312854,27.126679,23.112919,18.031392,18.088757,20.659714,16.281889,0.310158,-18.909026,-26.047545,-13.846695,8.787842,24.454234,22.560842,6.875074,-10.487117,-20.339947,-21.711028,-18.737222,-15.232224,-12.447611,-9.954186,-7.06623,-3.898503,-2.117302,-4.180558
-9.4439,-14.917535,-10.848833,1.598413,15.5499,23.372418,22.031541,14.654322,7.360906,4.295557,4.98494,5.837402,3.975195,-0.156364,-3.499709,-3.405708,-0.067912,3.663841,4.587574,1.330689,-5.296114,-13.484941,-21.541593,-27.886286,-30.565547,-27.676274,-19.033268,-7.590741,1.35017,3.375259,-1.655531,-9.115066,-12.942798,-10.368703,-4.041107,0.477804,-0.099416,-3.390579,-2.89775,6.534768,23.861679,41.723689,51.303302,48.273783,35.211214,18.960075,5.584066,-2.897821,-7.909354,-11.358648,-13.554173,-13.737141,-12.032567,-10.231587,-10.267578,-11.929458,-12.434295,-8.757278,-0.749336,8.028446,12.888458,11.892573,7.447633,3.960094,3.534585,3.698784,-0.496166,-11.576984,-26.231122,-36.624489,-35.760112,-22.731511,-3.73527,11.897963,17.56523,12.92361,3.066634,-5.319676,-7.759105,-3.572921,4.784373,13.364908,18.327404,17.340829,10.782221,2.071998,-3.772204,-3.218513,2.951497,9.558322,10.474238,3.439067,-7.557842,-14.637129,-11.717617,0.754976,15.767532,24.436201,21.769349,9.219819,-7.340533,-21.85136,-30.845385,-33.188606,-28.356701,-15.970732,2.568217,22.359821,35.973063,37.525968,26.988015,10.855479,-1.997256,-6.377699,-3.976677,-1.170696,-3.372521,-10.706339,-18.476937,-21.663772,-19.279903,-14.82221,-12.691584,-14.004258,-15.54086,-12.605256,-3.132695,10.465247,22.997248,29.959852,29.891722,24.238209,15.700632,6.937105,0.35211,-1.899987,1.214097,8.169817,14.544522,15.01284,6.822791,-7.875827,-22.999379,-32.352936,-33.4199,-28.216746,-20.828387,-14.026898,-7.907534,-1.348236,5.59674,10.957558,12.48351,9.875138,5.229748,1.190361,-1.283234,-3.146575,-5.208406,-6.031395,-2.394377,7.545109,21.233963,32.152955,34.114328,26.103652,13.324507,3.117604,-0.986842,-1.842117,-5.343934,-13.901033,-22.632752,-22.266625,-7.022834,18.856571
11.089738,17.632072,3.530574,-22.887795,-38.995678,-31.568297,-9.25721,9.448597,15.981119,15.70867,15.69618,15.706951,13.299087,11.691981,15.977516,22.803087,21.02873,6.232958,-9.91061,-10.934804,4.055889,17.208811,12.17721,-6.36757,-18.644638,-14.046884,-3.325938,-3.776943,-17.080608,-28.125389,-25.101209,-13.69795,-7.222706,-7.151904,-1.243893,17.698562,37.720842,38.426848,14.568057,-16.555657,-33.057573,-30.013367,-19.975174,-14.958761,-13.772963,-8.443502,2.106562,10.205472,10.449206,7.431371,9.897372,19.794687,30.412695,34.509129,30.800829,21.846117,9.364778,-4.906907,-15.406173,-14.771996,-2.088866,13.226743,19.010896,11.841719,-1.128959,-11.859647,-20.106548,-30.581681,-43.514805,-51.753611,-48.076691,-32.826792,-12.537809,7.045931,23.64742,35.045605,37.578633,31.00413,22.446329,20.65563,25.000892,23.725573,6.814554,-20.199281,-39.049398,-37.049224,-20.491141,-7.358737,-7.550053,-13.235956,-9.606924,7.406301,26.555524,33.39217,24.193755,7.479143,-5.359911,-8.455169,-2.179289,10.077006,23.359556,31.208776,28.009175,13.300981,-6.718727,-23.145965,-30.527153,-29.961946,-27.332893,-28.621366,-35.057202,-40.661504,-34.997408,-11.618896,23.509374,52.900661,60.235645,44.378203,20.183757,4.132874,-0.466345,-3.079835,-11.996523,-23.753798,-27.784176,-19.359053,-4.860423,5.670913,8.214918,5.748034,2.525042,0.976174,3.296243,11.048348,20.404014,21.369605,7.637868,-12.139401,-18.706093,-2.993208,19.379101,21.01238,-6.815045,-40.660556,-47.465236,-20.53972,12.055052,17.935259,-4.138147,-24.041142,-14.987144,17.050921,41.719607,38.352291,15.755123,-2.217368,-4.435404,-0.465513,-3.09252,-10.382685,-9.558432,4.160201,18.584989,16.882993,-3.36983,-26.237084,-32.67965,-18.591539,2.277185,12.103261,5.369156,-7.304431,-10.702405,-0.734321,11.008189,9.316975
-17.955289,-17.915913,-11.566024,0.652812,16.8579,32.39158,42.2108,45.349034,44.836933,41.59157,30.401076,5.78421,-27.305387,-52.228503,-54.276154,-35.85036,-15.093358,-7.747417,-12.383333,-16.011309,-12.483663,-9.976949,-17.459646,-27.70714,-21.077142,10.621687,47.965762,58.060876,27.459676,-21.354904,-49.356083,-37.136038,-0.883008,26.404989,26.556813,8.479687,-6.997727,-9.013415,-2.46498,3.152974,5.002939,6.317565,8.957189,10.719876,9.727622,7.927771,8.114204,9.088308,6.727363,0.405662,-4.046714,-0.192838,10.419499,17.763104,13.093693,-1.187186,-12.900385,-12.060858,-1.036925,7.861571,4.804697,-8.100375,-19.750017,-21.600623,-15.500923,-10.225786,-11.391775,-15.856452,-16.003799,-8.450177,2.402648,9.111722,8.307859,2.624531,-3.380636,-7.576168,-10.199173,-11.070767,-8.913272,-3.790317,1.458696,4.015869,5.201399,9.967268,20.869058,33.129351,37.584874,29.697432,15.097461,4.922209,5.123246,10.787186,11.440157,1.816223,-12.839545,-21.811886,-18.731932,-6.647161,5.579664,11.001783,8.896568,2.452667,-6.570141,-19.769941,-37.849395,-54.508568,-56.581588,-33.85112,8.583643,48.56321,61.573171,41.194512,5.653917,-18.093143,-18.649216,-8.434162,-7.169532,-18.541873,-26.138901,-13.574457,14.04553,32.602704,23.907856,-4.244077,-25.34653,-20.938773,2.056867,20.772617,20.309185,6.147204,-5.226266,-3.582011,8.656244,23.351242,34.662691,39.430915,34.414883,18.269544,-3.580013,-20.184692,-24.420569,-20.291009,-18.298739,-23.112141,-27.979697,-22.835241,-6.518121,11.333197,20.312259,18.611629,11.279288,1.797396,-10.674422,-25.086272,-33.446613,-26.520795,-5.396259,15.607003,20.615164,7.128357,-12.041398,-22.034142,-19.840732,-14.164459,-12.839029,-13.000013,-5.073468,14.53437,36.754388,46.879818,38.092324,17.764535,0.707568,-3.420543,3.482232,12.545542
3.524873,8.444979,11.400046,9.581714,3.135274,-4.663812,-9.524115,-8.905936,-3.396221,4.106266,10.437382,13.737623,13.620073,10.449131,4.92384,-1.524098,-6.281751,-6.274466,-0.053589,10.199523,18.83156,19.78662,10.880249,-3.940637,-16.570968,-20.097073,-13.83012,-4.137064,-0.074994,-6.755205,-21.270479,-34.311762,-36.468887,-24.764982,-4.818469,12.774831,19.166073,12.464812,-1.759045,-14.436303,-18.380297,-11.725457,2.050327,16.680186,26.317398,27.892224,22.078294,12.880301,5.918589,5.703132,12.911045,23.334052,29.736334,26.099334,11.746356,-7.614356,-23.031683,-27.725979,-21.049758,-8.265301,3.438109,9.476517,9.611771,6.145365,0.835113,-6.378014,-15.792416,-25.449919,-30.747924,-27.292823,-14.906432,0.861949,11.649668,11.871529,2.758847,-8.408039,-13.399677,-8.605456,3.027543,14.746614,20.837918,19.723331,13.45765,4.990536,-3.892585,-12.323455,-18.80036,-20.676478,-15.817848,-5.059346,7.166904,15.288876,16.546591,13.156971,10.583858,12.995099,19.480012,24.194948,20.554893,6.383157,-13.841588,-31.299641,-38.027927,-31.430969,-15.315415,2.788674,15.954786,21.168986,20.024507,16.872942,15.726698,17.61298,19.785245,17.358895,6.684757,-11.450349,-31.053875,-43.657081,-43.275142,-30.417518,-12.168793,2.071392,6.40384,1.729363,-5.709739,-9.1797,-5.855963,2.368867,11.604654,19.262709,24.937208,28.568383,28.408421,21.524763,6.917008,-11.676339,-26.539455,-30.626849,-22.720082,-8.718983,2.420055,5.132928,0.976459,-3.322049,-1.775871,5.910278,14.281441,16.678312,10.380703,-1.744011,-13.838258,-21.083779,-21.719814,-16.145347,-5.168379,10.100847,26.611456,38.486964,39.27558,26.651989,5.747636,-12.59984,-18.534399,-10.191121,4.592421,13.712965,9.572717,-5.456724,-21.027208,-26.583854,-18.852769,-3.556736,9.324346,12.535717,5.486269,-6.983857
2.682148,15.883961,29.429548,37.085914,33.9365,18.220859,-4.838612,-22.370032,-22.855515,-9.051181,1.326682,-7.274913,-30.392516,-46.588507,-39.6816,-15.299074,6.230975,10.735625,1.362993,-8.583011,-9.331696,-1.170479,8.085997,9.874029,2.273483,-6.464656,-4.22671,11.353353,27.296721,28.429672,16.162158,7.876084,14.4843,24.636225,18.50142,-5.304174,-25.856464,-25.270533,-9.503892,2.502769,4.179984,5.317783,11.984749,15.178621,6.267629,-5.261276,-1.926903,15.092243,21.935917,0.842498,-34.641949,-52.295047,-36.943952,-5.435968,14.638631,13.268169,1.34521,-7.447307,-10.074463,-11.224916,-14.892673,-21.371568,-27.553049,-26.844987,-12.710064,12.844157,36.085629,42.350711,31.042463,16.036078,9.834574,11.264624,11.486292,8.000149,6.677469,10.606309,13.67329,8.859654,-1.035453,-6.284371,-3.154689,1.032548,-2.264352,-11.154252,-14.921088,-6.719489,7.928687,16.042421,9.428864,-8.213035,-25.113107,-31.580293,-27.243257,-19.409952,-14.577233,-11.683531,-4.380877,9.798813,23.745884,26.029109,12.627756,-7.20765,-17.963857,-11.719025,4.37575,14.559912,9.313184,-5.567263,-15.177677,-11.288242,-0.751159,3.574532,-0.801009,-2.763609,7.316978,23.202532,29.100951,19.940053,8.797526,10.345717,21.572107,25.674968,13.975374,-3.651503,-12.837779,-12.475059,-12.228424,-16.46859,-19.646999,-17.993755,-16.284041,-17.571091,-13.866942,2.476887,20.344017,15.750172,-17.594638,-52.261391,-52.676644,-15.311439,26.539463,40.389544,27.936426,14.862759,15.186375,17.998818,9.370109,-5.636617,-11.297507,-4.63572,1.404408,-1.403571,-3.770258,6.317249,22.246272,22.83316,-0.892275,-31.079924,-41.11399,-24.902754,-1.729613,7.935902,4.759661,4.649453,14.99557,24.82418,20.911734,7.57234,2.879873,14.788883,27.982609,20.627502,-7.568458,-31.309819,-27.452049,-2.539681
-7.122574,-0.652699,11.815532,16.437253,4.299564,-17.009051,-29.077713,-20.71677,0.979786,18.561211,22.052737,16.997149,14.858261,18.137377,17.784119,5.389497,-14.678626,-27.733633,-23.451672,-6.597859,7.824881,9.550651,2.261818,-1.91533,4.173237,15.647662,21.372506,15.463501,2.420208,-8.453564,-12.398975,-12.407966,-13.865876,-17.424555,-18.132382,-11.472326,0.643371,10.652847,12.230525,6.156153,-0.796238,-2.725213,-0.366846,-0.211179,-7.833249,-21.49587,-31.770209,-28.02129,-7.198182,21.860837,42.88672,43.420209,24.722239,1.654524,-8.839676,-1.711966,12.243822,16.685499,5.047444,-13.581944,-23.513536,-17.296708,-1.883327,9.09532,8.384291,0.767729,-2.89627,3.674412,16.70513,25.743541,22.018907,5.242158,-15.590121,-28.013234,-25.175402,-11.742845,-0.985959,-3.977496,-19.760376,-35.943874,-39.702408,-28.515307,-10.238402,6.244901,18.577797,28.836956,36.337332,35.924218,24.627139,8.05873,-2.555859,-0.55611,9.875318,18.076447,16.751381,7.133843,-4.064063,-10.793412,-11.11041,-7.37173,-4.983413,-9.280538,-20.177204,-29.200791,-25.249867,-6.800825,12.58327,15.440839,-0.330334,-15.979247,-10.120106,16.846187,40.312488,36.680659,9.467513,-13.807544,-11.648269,8.248692,19.115514,6.384452,-16.380837,-24.586982,-11.380873,5.787442,6.842245,-8.186054,-21.476965,-19.299626,-6.028955,4.208656,4.397785,-1.269311,-7.315305,-13.810134,-20.481603,-19.395443,-1.236046,29.574675,51.82132,45.69714,14.418347,-16.282615,-22.585181,-5.075748,14.613027,17.61502,4.980395,-8.492124,-12.596722,-9.804062,-6.771219,-3.654657,4.53306,18.067248,28.620406,26.905832,12.209485,-7.428873,-23.196723,-31.406607,-32.167414,-25.98641,-14.42637,-2.650417,2.605894,-0.448345,-5.73055,-5.214582,2.117231,8.957658,8.044902,0.556777,-5.24388,-3.223711,4.415771,10.504424
6.930257,9.143335,14.073553,22.240339,30.860537,34.975934,30.856605,19.36534,6.548523,0.426642,5.72246,20.066922,34.582032,38.902783,27.582188,3.674179,-22.963912,-41.600131,-46.90342,-41.50756,-33.398274,-30.166538,-34.135523,-41.49341,-45.60778,-41.847199,-30.476131,-15.887777,-3.183244,5.155379,10.166556,14.606092,20.177945,26.03584,29.55959,28.555355,23.022966,15.156459,7.738593,2.306685,-1.503703,-5.084012,-9.294326,-13.473603,-15.674166,-13.789031,-6.695424,5.225304,20.185914,35.318468,47.022699,51.575698,46.326679,31.266249,10.023221,-10.813284,-24.303044,-26.546465,-18.819352,-6.900545,2.220702,4.255204,-0.376389,-7.67381,-13.351081,-15.80001,-16.577296,-18.245748,-21.49119,-24.001445,-22.158844,-14.268138,-2.67014,7.177456,10.237941,5.505616,-3.080069,-9.240335,-8.647267,-1.746883,6.948366,12.468573,13.04519,10.960983,9.978002,11.493054,12.669912,8.315249,-4.706204,-23.886655,-41.313627,-47.996514,-39.47435,-18.803649,5.223389,23.439727,31.567706,31.881896,30.417123,32.013898,36.848518,40.770121,38.867563,29.410786,15.26513,1.934128,-6.116674,-8.124678,-6.954107,-6.688672,-9.885461,-16.402151,-24.237802,-31.269308,-36.34163,-39.057989,-38.907877,-34.911318,-26.331894,-13.851415,0.004702,11.867995,19.392456,22.564262,23.350213,23.87917,24.584368,23.850609,19.545141,11.260651,1.418536,-5.831262,-7.286683,-3.032038,3.336024,6.875431,4.409089,-3.538712,-13.226704,-20.12854,-21.561742,-17.82032,-11.348489,-4.880715,0.012345,3.145458,4.980198,5.847861,5.811802,5.068307,4.245956,4.140094,5.082506,6.607276,7.84449,8.34268,8.500736,9.054778,9.97286,9.851184,6.695334,-0.194005,-8.717296,-14.453199,-13.37476,-5.146697,5.591305,11.504004,7.410977,-5.512596,-19.485552,-24.660937,-15.84111,3.196497,21.136647,25.933476
-12.531599,-14.477772,-13.648575,-9.786363,-4.304452,-0.049469,0.482168,-2.892832,-7.82712,-11.452025,-12.864951,-13.604673,-15.410357,-17.383292,-15.713814,-7.003421,7.425233,20.511178,23.698488,13.731124,-3.608991,-16.580879,-15.680393,-0.740526,18.77864,30.667769,28.588295,15.721457,1.016965,-8.269882,-11.358772,-12.49894,-15.405231,-19.072582,-18.77084,-11.047862,2.080309,13.726818,17.142168,10.918508,0.14485,-7.220285,-5.713916,4.487233,18.348011,29.343047,32.795895,27.532787,15.831581,2.330885,-7.764919,-11.018556,-7.783928,-2.36235,-0.396226,-4.763737,-13.072896,-19.213586,-18.228328,-10.609756,-2.139892,0.938242,-2.680356,-8.363197,-10.136923,-6.812389,-3.736307,-7.956831,-20.783151,-34.71983,-38.402434,-26.032586,-3.244491,16.232505,21.026539,11.226401,-1.592702,-3.666778,9.948857,31.688238,47.870886,49.498819,38.414813,24.225086,15.457235,12.97033,10.943745,3.681118,-8.483758,-19.479195,-23.243362,-19.279766,-12.947051,-10.537088,-13.877753,-19.216582,-20.880846,-15.955906,-5.881716,5.677974,15.799555,23.036038,25.89606,21.825185,8.926436,-10.695394,-29.679548,-38.771065,-33.076864,-16.189211,1.755392,11.087018,9.232516,1.650859,-3.465326,-2.028386,3.323163,6.62442,4.494292,-0.869975,-4.036964,-1.497014,5.226709,11.151649,12.300697,8.820164,4.141946,1.454445,1.076884,1.058577,-0.044351,-1.313971,-0.452375,3.54045,8.903163,12.497827,12.703235,10.856108,9.682898,10.21423,10.311475,6.46572,-2.675624,-14.418181,-23.733851,-27.201404,-25.66624,-23.221246,-23.428005,-26.133732,-27.593189,-23.593217,-12.751392,2.655605,18.519241,31.328965,39.164525,41.127855,36.728081,26.401717,12.575189,-0.438584,-8.478383,-10.145041,-7.592805,-4.508439,-2.944048,-1.949266,0.629043,4.920413,7.743121,4.974849,-4.271167,-15.634308,-22.057217,-19.223034
17.158576,3.142361,-15.814091,-25.887367,-17.968621,5.389971,31.396464,45.591548,41.117856,22.195644,0.076265,-14.776053,-18.501757,-14.313026,-8.585912,-6.234064,-8.455623,-13.374162,-18.017759,-19.932444,-17.923991,-12.374545,-5.414877,-0.517162,-0.982381,-7.728541,-17.873189,-25.585728,-25.233287,-15.009142,1.435115,16.663319,23.55357,19.341441,7.21209,-5.386008,-10.648177,-4.420354,11.674678,30.964611,44.970784,47.665846,38.613649,23.171465,9.364238,3.061555,4.441075,8.199251,7.546798,-0.738816,-13.881508,-25.1302,-28.686074,-23.725336,-14.49695,-6.722791,-3.507047,-4.107719,-6.138014,-8.596193,-12.512536,-18.561211,-24.305157,-24.534184,-15.370459,1.152939,16.648753,21.627983,12.895374,-3.083867,-14.364452,-12.60962,0.07173,12.427958,12.965298,-0.489556,-18.385626,-26.410417,-16.439463,7.167259,30.773024,41.388539,35.409104,19.755767,5.512389,-0.056896,3.120246,10.565728,18.048082,23.692708,26.273206,22.933045,10.16726,-11.910567,-36.296152,-51.303985,-48.095362,-27.943319,-2.746596,12.640718,10.75083,-3.668863,-18.232932,-22.993267,-17.538053,-9.386723,-5.679408,-6.050023,-3.352364,8.391727,26.309719,38.90843,34.969196,13.891928,-11.663229,-23.942779,-13.168054,14.717334,41.765888,50.315563,34.473103,2.636591,-29.631223,-49.853351,-54.285646,-46.277423,-30.938653,-11.74295,8.629864,25.790642,33.653918,28.136311,11.328505,-8.321124,-20.981313,-21.932048,-14.19834,-5.078617,0.382212,3.247543,8.553204,19.250668,31.870028,38.109324,31.361081,12.765345,-8.445253,-20.939097,-19.119788,-6.85947,5.551626,8.76739,0.617677,-12.993618,-22.641302,-21.826699,-10.963539,3.336481,12.75097,12.453384,3.873361,-6.547568,-11.813583,-9.292551,-2.804201,-0.06748,-6.731,-21.017543,-33.33499,-32.116443,-12.378605,19.331034,48.01335,59.87147,51.628624,32.238714
-1.258815,16.773339,37.41062,51.772119,48.754273,24.039072,-11.65845,-36.749432,-35.858714,-14.256901,6.53157,9.053095,-4.637056,-18.161522,-19.261831,-10.273321,-0.966647,4.265688,8.330844,12.658532,12.509519,4.072496,-7.188619,-10.797454,-4.704706,0.018617,-8.346028,-26.730311,-38.784822,-32.811991,-14.556278,0.75701,6.742642,11.520163,24.684653,43.601123,56.628833,57.392764,49.915229,38.626243,19.777134,-10.734126,-42.924013,-54.90894,-35.346089,-0.548125,17.977987,5.239537,-22.219673,-36.198304,-28.397637,-16.476305,-18.957834,-31.277458,-32.321725,-11.671684,17.412099,34.345099,34.310234,28.945889,26.861672,22.507799,8.347226,-8.609687,-11.952577,1.630752,13.566218,4.227382,-20.360639,-31.417722,-10.47182,26.125894,42.684882,23.618653,-9.108297,-21.292038,-5.030832,13.841032,6.407705,-27.040579,-58.356446,-61.253997,-34.620272,2.219184,30.108892,41.95714,39.275525,25.977411,8.608064,-2.995385,-2.253025,6.478367,11.434273,6.955108,0.326702,1.64219,8.842207,8.562449,-6.015037,-22.745131,-21.742688,0.889693,25.684228,29.535159,10.321481,-12.446893,-21.011417,-17.948626,-18.110781,-25.97887,-28.585784,-13.740524,9.845374,17.839083,-2.563459,-35.026643,-47.939313,-25.809793,15.66374,46.015156,48.67428,31.867146,14.262318,5.164857,0.668827,-4.695924,-8.435823,-4.086954,8.465479,20.717346,24.326404,19.839655,14.807885,14.087102,14.329322,9.023938,-2.437332,-12.794711,-14.581589,-8.716288,-4.362416,-10.208612,-26.386332,-44.739093,-55.746728,-54.268884,-39.747156,-14.129998,17.469726,44.496194,53.426055,37.300993,4.597764,-23.619345,-29.2788,-12.428996,9.284831,17.38269,9.408083,-0.717293,1.631355,16.888044,31.995097,34.126638,21.916426,3.782619,-11.589096,-20.455891,-21.112965,-10.654475,11.231181,35.556295,45.493372,29.150853,-7.512818,-42.050624
-0.011491,-2.26322,-2.306156,-1.177981,-1.741135,-4.084745,-4.408179,0.383294,7.831892,11.393341,7.268899,-1.291651,-7.520394,-8.469985,-7.486088,-9.026924,-12.362238,-12.061406,-4.925522,4.905781,9.080777,3.417735,-7.428704,-13.981364,-10.464645,0.555793,11.279855,15.712652,13.897195,10.312554,9.035161,10.417163,11.710692,10.269674,6.084746,1.528057,-1.090506,-1.644966,-1.991771,-3.83556,-6.958651,-9.567691,-10.146005,-8.689041,-6.191756,-3.378015,-0.271795,3.215544,6.819304,10.151726,12.853028,14.016622,11.805154,4.629375,-6.687175,-18.328511,-25.934916,-27.977703,-26.387768,-23.672019,-19.938977,-13.421149,-3.718141,6.51938,13.809039,17.253024,18.79267,19.986142,19.60621,15.45138,8.272664,2.625665,2.919093,8.836304,15.357129,17.455214,14.390889,9.331137,5.416417,2.851,-0.361897,-5.657023,-12.247871,-17.706588,-19.657999,-17.249868,-11.859184,-6.647508,-4.653303,-6.375044,-9.1658,-9.679756,-7.272169,-4.582816,-4.359682,-6.104288,-6.640232,-4.026278,0.054269,2.561252,3.241142,5.238902,11.042252,18.601636,22.561137,19.483581,11.256054,3.196285,-0.51781,0.749756,5.016341,9.191008,9.483155,2.510478,-11.379315,-25.557972,-30.222536,-20.700826,-3.182522,9.413415,8.939831,-0.328842,-6.126126,-0.498579,12.58597,21.830897,20.025619,10.313814,1.644795,-0.746394,0.287528,-1.768382,-9.432197,-18.319237,-21.352474,-15.470159,-4.480902,4.188766,5.636138,1.101756,-3.860839,-4.717779,-1.747867,1.154415,1.080879,-0.957585,-1.841801,-0.420992,1.307174,1.382812,1.111986,3.57804,8.771567,11.82314,7.829551,-1.592644,-8.267487,-5.377899,4.8476,12.603531,10.198091,-0.287727,-9.477321,-10.235993,-3.885979,2.759249,5.059601,4.303641,4.664132,8.101315,12.807017,15.517779,14.11934,8.353302,-0.451183,-9.534437
9.528963,16.391948,6.582522,-6.063818,-3.719304,12.743916,23.235492,11.826555,-13.903584,-30.966359,-26.721127,-11.704745,-5.45045,-13.470342,-22.177706,-15.346195,8.726871,37.339489,56.365815,59.473856,47.010353,22.482409,-6.425973,-27.067043,-28.692166,-12.957216,4.670009,7.202554,-9.195659,-32.803906,-47.334523,-44.160844,-25.636088,-0.971798,18.70364,24.416902,14.474149,-2.067338,-10.274719,-2.179117,14.461664,22.751185,13.683949,-4.296464,-13.704011,-4.895145,16.429777,36.412254,43.975502,34.75039,10.032463,-22.111407,-45.755204,-44.947007,-18.949434,11.898644,21.938463,4.959237,-19.498906,-27.631972,-17.11938,-6.901964,-11.389237,-21.132077,-14.577782,13.089285,40.005623,40.014416,11.472691,-20.933579,-32.147644,-19.724374,-0.136079,12.031861,15.799987,17.326997,19.785293,23.19556,28.842703,36.578827,38.476116,23.3371,-7.395194,-33.033879,-31.716532,-6.899631,11.14383,-3.342425,-40.984274,-64.99319,-51.297172,-15.161492,7.221172,0.114197,-16.850375,-16.610647,0.794236,10.168174,-4.144141,-25.583908,-23.661045,9.5564,49.649993,67.643346,60.294238,47.179123,41.939164,35.984415,14.100553,-20.573026,-45.747261,-44.777644,-25.77664,-11.568495,-13.541471,-21.047592,-17.135479,0.597295,18.860733,25.780359,23.368999,21.105659,21.197241,15.275664,-3.622098,-29.257334,-45.474637,-41.540472,-23.107605,-7.464919,-7.809636,-21.347731,-31.933028,-25.050645,-2.164249,19.028748,20.644755,3.641879,-9.400412,5.818306,49.23311,90.721279,94.308471,51.448862,-9.331304,-47.291249,-45.058467,-20.309875,-3.82199,-8.230402,-19.212571,-15.415064,6.137981,25.76326,21.078641,-9.829052,-44.658521,-55.698358,-33.866614,3.158705,25.736492,17.497827,-10.68078,-30.633581,-22.477455,7.488437,33.555487,35.4371,16.518682,-2.049,-3.490961,10.316654,25.565677,32.831281,32.826983,27.819059
10.944669,15.310753,15.854984,8.95348,-3.721507,-15.725087,-21.386074,-20.593418,-17.757777,-16.376957,-15.334958,-10.76741,-1.073876,10.418997,17.716943,16.910101,9.154606,-0.175336,-5.085571,-2.795072,4.450783,10.788884,10.817891,3.66388,-6.323287,-13.161781,-14.03404,-10.797875,-6.999809,-3.940079,-0.199578,5.185309,10.163416,11.286093,7.867715,3.567642,2.91964,6.300558,9.107617,6.514852,-1.139198,-8.287778,-9.658801,-5.488635,-0.833947,0.095405,-1.796732,-2.254868,0.863401,4.927744,5.759119,2.782048,-0.164729,0.608136,4.217032,6.284083,4.082558,-0.733991,-5.101473,-8.915697,-14.421079,-20.94103,-22.439664,-13.031461,4.684126,19.015847,19.255801,6.531491,-6.903063,-9.972176,-3.399634,2.921338,2.10478,-2.512001,-3.028454,2.359432,7.183477,5.338117,-0.77498,-2.938921,2.903748,11.917384,16.341822,14.133152,9.716139,7.256891,6.258181,4.817449,4.385167,7.692166,12.033293,8.564909,-8.270584,-31.345259,-44.425506,-37.321949,-16.474747,1.346977,5.623415,0.746529,-1.793056,2.717597,8.323112,7.284613,-0.343419,-7.45337,-8.31323,-3.819344,1.285998,3.786317,3.402402,0.999221,-1.78374,-1.398351,5.819814,18.417687,27.851484,25.088034,10.4093,-5.212609,-10.478621,-4.980938,1.629992,1.481879,-2.904183,-3.228514,3.223817,9.94338,9.375181,1.948523,-5.410268,-8.469624,-9.992294,-13.822776,-17.612597,-14.932929,-4.585058,5.478046,5.908844,-3.379841,-12.678515,-12.887589,-4.618523,3.954468,6.516131,3.745684,-0.177901,-2.989153,-4.544667,-3.723698,1.39737,9.563651,15.208077,13.80344,7.711455,4.244499,7.191327,12.181556,12.121455,6.082809,0.275526,-0.171932,2.123549,0.487391,-6.587268,-12.898725,-12.214756,-6.247174,-2.517462,-4.896866,-9.119191,-8.907028,-4.375819,-1.548212,-3.777417,-6.716205
18.240147,29.93706,23.735977,-0.236937,-27.463784,-41.499977,-36.495332,-18.328071,4.007901,25.35964,42.684547,50.062053,40.422901,14.291308,-15.8121,-33.973487,-35.370581,-30.086347,-30.506311,-36.357884,-35.570087,-20.529794,0.209086,10.202843,4.381014,-4.144994,1.183566,21.153648,39.699312,41.614232,27.714933,11.022465,1.631136,-0.17702,2.901489,12.085069,27.899312,41.704909,39.034766,14.605239,-19.356473,-43.892394,-51.407518,-49.023043,-44.016732,-32.090183,-5.649948,28.398813,47.060678,32.50654,-7.233124,-43.390065,-52.647088,-35.356697,-8.285435,14.509917,28.691361,31.773804,18.821427,-8.329972,-33.077377,-35.367463,-14.133931,7.8084,7.866071,-8.833224,-12.87656,15.755702,62.125734,89.781222,78.582311,43.728915,15.840823,7.70081,6.119887,-5.811011,-26.702406,-41.062437,-40.458636,-32.95606,-30.583195,-33.512518,-31.526896,-18.947929,-2.604168,6.205217,3.618268,-5.58593,-15.547333,-23.265732,-25.510111,-17.82676,-0.914477,14.7482,16.839862,5.802938,-2.450387,7.283663,31.286028,48.678402,42.780377,18.393287,-3.914721,-8.672368,2.138588,15.969439,23.582043,23.436006,16.38863,2.795535,-13.361435,-22.497364,-17.246123,-2.375483,7.427054,2.338393,-11.82473,-20.342022,-16.489638,-8.692965,-9.827611,-21.95519,-34.338695,-35.790708,-25.994327,-13.671,-5.98151,-2.176573,3.084377,12.89046,25.349007,35.581888,38.697802,32.09495,17.578631,1.818535,-7.406222,-7.262461,-1.647777,4.243943,10.235663,19.720986,31.600795,36.677884,25.368724,-1.011952,-29.250148,-45.779437,-47.787355,-41.730842,-33.109329,-21.55,-6.523426,6.299509,8.835432,0.602361,-8.684299,-8.55136,1.885214,14.882528,23.698186,27.867099,28.911237,25.295064,15.396391,3.624047,-1.67466,1.658697,5.18861,-0.421638,-12.533726,-18.02094,-9.16061,5.75356,11.384608,3.101206
4.436572,6.022732,4.360364,0.547918,-2.682044,-3.468972,-2.299367,-1.088637,-1.058006,-1.711899,-1.825785,-1.133421,-0.761641,-1.922423,-4.260109,-5.654293,-3.908306,1.050072,6.481048,8.60445,5.712827,0.057849,-3.480574,-1.354157,5.265385,10.928868,10.306437,2.889331,-6.326207,-10.991152,-8.678722,-2.498895,2.178763,2.495907,-0.117439,-2.321608,-2.462683,-1.708693,-2.034729,-3.635365,-4.586773,-2.944993,1.05177,4.941894,6.160115,4.269017,1.276732,-0.158376,1.004095,3.383887,4.43779,2.628205,-1.325412,-5.05969,-6.401549,-4.879347,-1.829539,0.755847,1.645345,1.102038,0.565506,1.4803,3.933546,6.115589,5.406503,0.698918,-5.915611,-10.056972,-8.42015,-1.81787,5.131731,7.748204,5.09873,0.299499,-2.780853,-2.941147,-1.887063,-1.583502,-1.967738,-1.435781,0.840262,3.624558,4.74917,3.240762,0.133819,-2.635492,-3.852906,-3.612138,-2.697895,-1.696934,-0.636803,0.756292,2.507737,3.981123,4.058203,2.073872,-1.149504,-3.391793,-2.699549,0.681973,4.162625,4.931545,2.396643,-1.476917,-4.10669,-4.323514,-2.597534,0.050443,2.66845,4.083159,3.051856,-0.394776,-3.985519,-4.653186,-1.643782,2.18529,2.978798,-0.032369,-3.626902,-4.151077,-1.542024,0.879033,0.523012,-1.45761,-1.829147,0.631547,3.728169,4.658559,3.269773,1.716114,1.382487,1.385784,0.477083,-0.688004,-0.412622,1.157405,1.489445,-1.133862,-4.714782,-5.314671,-1.932568,1.708761,1.363323,-2.335629,-4.231358,-0.912042,4.62464,6.035271,1.199678,-4.818253,-5.324076,0.307189,5.911076,5.628599,0.366308,-3.831963,-3.089859,0.28047,1.465199,-0.61306,-2.357476,-0.612245,3.012843,4.107553,1.055905,-2.875788,-3.477259,-0.531585,2.260151,1.936952,-0.417654,-1.541847,-0.24987,1.352422,0.880478,-1.225557
14.004386,13.31128,1.110618,-18.165629,-32.078012,-29.778546,-11.895804,9.596855,22.292029,24.155111,22.898376,24.990371,27.194758,20.838458,4.01957,-13.188291,-18.179342,-10.251285,-3.134752,-11.026002,-32.306185,-48.898931,-42.927441,-13.78075,21.526143,43.833919,46.474595,35.622345,19.810027,2.468319,-15.438197,-29.368482,-31.932075,-20.575564,-2.502102,10.208498,10.740554,2.360653,-6.322764,-9.51192,-7.426982,-3.314975,0.386596,2.655127,2.742894,0.467662,-2.438018,-2.832193,1.135796,8.468966,17.057173,26.016944,34.676321,39.255828,32.986408,12.281901,-16.74269,-39.904646,-45.350383,-33.094059,-13.99122,0.498179,6.776159,7.832636,6.017049,-0.113387,-11.256842,-22.115684,-23.801181,-12.72677,3.912724,13.20545,8.02195,-6.16808,-15.667969,-9.932113,9.979458,32.209001,42.627672,34.526132,13.145431,-7.740792,-15.344987,-7.415745,5.51391,8.213008,-6.133792,-28.643968,-40.591699,-28.703116,2.693899,33.430226,42.429838,23.881687,-8.466127,-32.248284,-33.5787,-16.370764,3.284491,11.991275,9.554438,5.932335,8.708953,14.599449,14.111269,4.04091,-6.721,-5.72736,8.779501,24.011753,24.55916,7.926867,-12.916732,-22.494419,-17.131744,-6.085657,-0.382732,-2.91489,-9.285605,-15.090517,-19.43589,-22.223044,-21.793133,-17.420812,-12.092923,-9.335773,-7.05297,1.890157,19.97882,37.542534,39.507568,22.032232,0.143023,-5.062292,12.178434,35.689112,43.455543,28.894609,4.522789,-13.680383,-21.314986,-23.720612,-23.657024,-17.133674,-2.799271,9.865665,7.938751,-8.775437,-23.744086,-19.966214,0.598194,17.369221,12.13689,-12.296451,-35.823709,-41.332039,-28.516262,-8.653315,9.09544,22.463096,29.95106,26.925965,11.877259,-6.225438,-12.783555,-2.332506,14.143161,20.064505,11.244371,0.149684,1.006288,12.967952,20.988279,13.183187,-5.599437,-19.195899
0.136327,2.530795,9.856271,19.261796,23.023447,16.002712,0.835798,-13.924593,-19.785922,-13.25762,2.033505,16.036052,17.182278,1.387699,-21.51132,-32.985008,-21.921265,3.257654,21.122737,18.054709,1.475908,-9.655418,-6.310381,2.57701,4.836809,3.316652,13.036784,38.946733,62.34301,56.289953,15.531632,-33.730889,-57.972518,-49.214052,-30.336785,-27.263734,-39.74848,-43.435457,-19.910741,19.733608,44.067179,32.839388,-2.953939,-32.337174,-33.477839,-10.863367,13.978321,25.230043,25.131249,25.889002,32.684103,36.786541,25.719788,-0.769237,-26.45593,-32.01424,-13.655417,12.02874,23.290716,14.203181,-0.058697,0.202947,17.511121,33.229896,25.914731,-6.815774,-45.075484,-64.458271,-56.096632,-30.499031,-5.176057,9.025258,11.328272,6.262783,-0.766362,-4.592866,-1.556479,7.536028,16.785556,19.963424,16.431881,11.071774,7.942357,5.557131,-0.181702,-9.363338,-16.743679,-17.791967,-14.338832,-12.323223,-14.228559,-15.533473,-9.382698,6.200325,26.291364,42.816138,48.782478,40.127439,17.385766,-11.712691,-33.024099,-34.087233,-14.704663,11.065146,25.842679,23.155681,10.831034,0.916175,-2.10338,-2.642019,-6.001387,-12.171249,-17.961964,-22.334007,-26.740828,-30.670456,-29.850013,-20.758716,-5.951279,6.966014,11.92395,9.072181,3.119091,-1.314471,-1.906661,2.001915,9.609022,17.748437,21.802733,19.292467,12.22264,4.881618,-0.068445,-1.935808,0.613145,8.951874,19.311316,21.463685,8.459674,-10.791753,-14.356106,10.12326,45.169647,53.02848,12.712531,-52.59801,-91.344241,-71.578054,-12.633671,33.584801,32.517532,-3.879692,-36.124685,-39.070585,-20.67043,-3.277539,3.987157,9.097419,18.644906,25.345618,17.972227,-1.148043,-15.295063,-10.911965,8.044297,25.415156,29.655313,22.176229,10.832473,0.530009,-7.462563,-10.915948,-6.981869,2.150011,8.201284,4.846459
-4.631042,-8.033332,-7.580794,-0.70217,10.355253,18.378474,17.338901,9.276983,3.406167,6.600396,15.041162,17.087424,5.354152,-14.951488,-30.706337,-33.21519,-24.617705,-12.627098,-1.775581,8.028638,15.94809,17.532508,9.961732,-2.040595,-9.246589,-7.731601,-2.952955,-1.846419,-2.689327,3.098631,17.93012,30.59963,26.449683,5.149575,-15.950584,-19.624826,-8.381239,-1.963059,-13.802139,-33.446544,-36.888089,-14.583706,14.978019,23.261596,2.488098,-24.912836,-29.238121,-4.20658,27.333925,37.686703,21.695977,-0.937821,-8.095277,3.328215,18.459226,23.21382,18.29246,14.423741,17.249974,20.569013,15.003443,0.659271,-11.769978,-12.985122,-6.199183,-4.108935,-14.420408,-29.969599,-35.065533,-21.998978,-0.108922,12.597719,6.595131,-11.101369,-25.428107,-27.826567,-21.219207,-12.466695,-3.887471,5.693841,14.101112,15.052641,6.461868,-3.386553,-2.478146,11.138839,25.475491,27.477261,18.396985,12.305657,18.045382,26.408927,19.856861,-5.137994,-30.201618,-33.171775,-12.604817,9.959874,13.355207,-0.814111,-11.965314,-4.825856,14.619379,28.516142,27.951002,19.525266,12.282722,4.570754,-11.439901,-34.619696,-50.82266,-47.176367,-27.587202,-9.743563,-6.529928,-13.736813,-17.583532,-11.27138,-0.408992,6.824146,9.65086,11.954666,13.034823,7.202822,-5.704713,-14.073182,-4.395788,22.000574,46.244704,49.297434,31.166279,10.060641,2.231962,5.471793,4.538145,-8.942577,-25.641644,-28.624928,-11.918125,13.268649,29.957992,30.414801,19.416426,5.758685,-6.015588,-15.594655,-22.354939,-24.21149,-20.943362,-16.157042,-14.217262,-15.77418,-17.627542,-17.005974,-14.728541,-13.426239,-13.452507,-11.88775,-5.91773,3.611398,12.733731,18.271656,20.596422,22.364778,24.981675,26.754609,24.531245,16.962281,6.20856,-3.331112,-8.033677,-7.345862,-3.722634,-0.492888,0.532926,-0.141557
3.835028,11.922916,12.675015,4.221316,-7.399411,-13.496923,-10.226948,-1.699483,3.664644,0.437938,-8.513158,-13.133948,-3.885233,19.048985,42.934008,50.405209,33.418715,1.390339,-25.141184,-31.233695,-19.861351,-8.056022,-10.234695,-24.641913,-35.816395,-30.167216,-9.141847,12.427869,20.254186,12.869145,1.188776,-2.806224,3.177437,11.000145,10.756787,0.314468,-12.402416,-15.709889,-3.661087,18.565741,37.46381,40.50741,25.537765,3.048502,-11.282635,-8.925015,4.157102,12.194122,3.538631,-17.997361,-35.370435,-33.3275,-12.848609,9.07021,14.897736,2.658787,-13.234958,-17.092042,-7.261105,4.072517,5.453906,-1.572751,-5.93016,-1.276185,6.237212,5.94258,-3.452715,-11.188963,-6.716396,7.513942,18.07681,15.206977,2.971895,-6.354844,-6.05983,-0.35312,3.614104,5.247444,9.047029,15.335637,17.248398,9.525158,-2.287953,-6.042746,2.346976,11.756959,7.065182,-12.701215,-30.851026,-29.881293,-10.500548,8.712714,10.757984,-2.924456,-16.072703,-15.920786,-5.061138,4.608114,6.105432,2.793843,1.176793,2.431303,3.055831,1.592862,1.091272,4.271957,8.968819,10.743602,9.146769,8.613345,12.099114,15.747151,12.303956,-0.049761,-14.222537,-20.943477,-18.351495,-13.484315,-13.977267,-19.325478,-21.260893,-12.615702,4.730283,20.675377,25.372512,17.410024,4.720615,-2.234441,0.756058,8.266147,10.504425,3.127194,-7.536778,-9.953735,0.60651,15.657785,20.705727,9.98229,-6.807284,-14.020463,-6.490656,5.128037,6.440323,-4.513309,-15.433025,-14.523057,-4.747446,-0.713653,-11.344771,-28.216715,-33.302824,-17.907158,7.940627,25.469717,25.174894,13.954044,5.698947,7.210977,13.918359,17.147056,12.940991,3.825768,-5.336542,-11.048095,-11.71361,-7.345373,-0.142675,5.956137,8.254422,7.854695,7.645178,7.204885,1.670117,-11.846821,-26.872044,-29.840752
-1.188222,-3.308729,4.528343,17.302874,23.599142,16.937692,2.135106,-9.899065,-12.571352,-8.070742,-2.684151,0.139743,1.381196,2.78666,3.749783,2.299927,-1.939312,-6.78069,-9.395706,-8.827082,-6.729174,-5.867699,-7.509375,-9.70376,-8.452728,-1.724072,7.249382,11.80895,8.432313,1.242908,-1.696142,2.630747,8.268567,7.007658,-1.604433,-9.382482,-9.497579,-4.976152,-4.371265,-9.647381,-12.377005,-4.488715,9.646184,16.458766,9.484614,-1.51712,-1.51567,11.114861,21.700627,16.931753,1.697654,-6.310563,1.792352,14.948703,15.423391,-0.057333,-17.326305,-22.521909,-17.106365,-11.656441,-8.797146,0.039868,18.836841,34.424965,27.383906,-3.918692,-36.243516,-43.164353,-22.248194,3.544705,11.602446,2.459667,-5.397481,0.277382,12.114055,14.329571,2.003979,-14.936463,-24.615848,-24.52966,-18.838367,-9.549122,4.356496,20.12457,29.500949,27.246867,18.765056,14.840233,18.637162,21.832322,15.813218,3.745197,-2.891349,0.258905,3.100828,-7.233537,-29.069824,-45.067416,-40.221646,-18.557645,0.9799,4.777528,-2.008669,-3.10012,10.042482,29.23657,38.787663,31.271446,13.423007,-1.709399,-6.451205,-3.03271,0.888344,-0.390615,-6.846995,-14.480825,-19.923376,-23.400651,-27.172172,-31.073443,-30.599173,-21.123283,-4.581927,9.73315,13.352466,7.902024,4.297538,11.157984,24.900003,33.329186,29.224745,18.258791,11.928144,14.017714,16.813845,11.314481,-1.213874,-10.157544,-7.408102,3.955471,13.298198,12.743138,2.575266,-11.610862,-23.74105,-28.883942,-23.874418,-10.294848,3.42161,6.740088,-3.268039,-17.860369,-24.688775,-20.254687,-12.532784,-10.563749,-13.587942,-12.820127,-3.142894,10.191899,17.886375,17.271631,13.851615,12.960553,13.548642,12.029219,9.487598,10.919053,17.032547,20.834597,15.631339,4.868626,-0.272354,5.430354,13.054131,8.661762
6.764934,12.535169,10.016404,-0.440792,-11.346452,-14.935371,-9.833964,-0.964813,5.956152,8.686606,7.908763,4.661335,-0.177819,-4.745565,-6.73528,-6.015042,-5.505058,-7.969815,-12.239674,-14.195046,-11.958459,-8.497051,-7.412106,-6.920788,-0.762695,13.35622,27.841442,30.752372,18.37722,0.622296,-8.086738,-3.062025,7.057461,11.099728,7.62268,4.538659,7.559814,12.213325,9.220036,-3.593919,-17.44885,-21.359018,-13.120022,-0.467646,7.367571,7.180519,1.329773,-6.957645,-15.217866,-19.928573,-16.992189,-6.455613,4.69341,7.649253,0.969074,-6.908304,-6.136676,3.764253,13.107794,12.419379,2.379036,-7.55383,-9.511675,-4.511983,0.6617,1.854576,1.080082,2.354451,6.290864,9.998241,11.124665,10.103354,8.253934,5.396749,0.762317,-4.298479,-6.222174,-2.709949,4.257969,9.655496,9.648754,4.377572,-2.904845,-8.39425,-9.406815,-5.136006,2.380486,7.962272,5.886614,-5.126524,-19.135137,-26.435632,-21.268626,-6.763807,7.670522,13.88532,10.342251,1.231518,-8.153047,-14.634148,-16.963115,-14.386668,-6.545443,5.385154,18.152932,27.428179,29.652048,23.679075,11.600766,-1.805894,-11.373118,-14.563842,-12.744754,-9.225628,-5.910425,-2.21964,2.655151,7.395383,9.636769,9.336882,9.554633,12.588167,15.905184,13.786989,3.962103,-8.530847,-15.819964,-15.599465,-13.394508,-15.340488,-19.903097,-19.107364,-8.633096,5.299578,11.437687,5.864401,-3.241802,-4.616704,3.392406,11.201559,9.328709,-0.628379,-8.074355,-5.667276,2.886968,8.162529,6.223425,2.053126,1.864929,4.714061,4.07458,-2.971637,-10.961347,-12.05081,-5.458023,1.502717,2.336406,-0.612312,0.943409,10.551891,21.331587,22.548679,11.518643,-2.511952,-7.167982,0.66407,11.613231,12.755788,-0.376255,-19.855745,-32.080793,-28.336466,-10.629406,10.409276,22.711783,19.958072
-2.833299,-0.568766,4.430168,8.818274,8.200936,1.727035,-6.096456,-8.696025,-2.91612,8.397172,18.676667,22.069917,16.212347,2.416755,-14.985897,-29.223364,-32.991477,-22.719183,-2.584106,16.482536,24.070388,18.439287,7.75123,2.428478,5.563981,10.723684,9.192727,-0.899176,-12.796328,-17.886674,-13.449651,-3.729555,5.346847,11.036222,13.510423,12.754782,7.847402,-0.496325,-8.460289,-11.980322,-11.095924,-10.193759,-13.152279,-18.802493,-22.024188,-19.082002,-10.901453,-1.019567,8.253873,16.333551,21.831693,22.009666,16.278351,9.072623,6.692949,10.292834,13.578535,9.485258,-1.036125,-9.049014,-7.823375,-1.76607,-2.629037,-15.806752,-31.978487,-34.691844,-16.994678,10.42687,28.586839,27.578689,14.517533,5.037047,8.064924,18.855854,25.280645,19.409912,3.45909,-13.412993,-22.675147,-21.802943,-14.551452,-7.241408,-4.067433,-4.601863,-5.3156,-3.855982,-1.943666,-3.590488,-10.216339,-18.12282,-21.579028,-18.333759,-11.303878,-4.637193,0.85315,7.260704,15.080627,20.9717,21.274654,17.043278,13.752735,15.195277,18.658152,17.567179,9.035374,-2.267334,-8.407065,-5.830015,1.874187,8.261832,9.819388,7.321123,3.112717,-1.022843,-3.375223,-2.011344,2.755806,5.753885,-0.67047,-19.091102,-41.394668,-52.57842,-42.655884,-16.259294,9.747622,19.527245,10.831563,-4.354793,-11.356187,-5.659437,4.634103,8.391607,3.290558,-1.822044,3.599629,19.970595,35.51224,36.586459,20.548758,-1.587222,-15.283118,-15.165835,-7.814756,-2.888501,-2.892726,-2.392078,3.640166,12.675993,16.987196,12.577178,4.337816,1.480131,8.012612,18.128202,20.968356,9.966158,-11.637756,-33.157396,-43.978077,-40.342695,-27.051387,-13.431144,-6.49483,-6.208804,-6.688844,-2.525101,5.521947,11.249777,9.760878,3.231354,-0.742098,3.203402,12.641073,19.772033,18.962042,11.31376
18.648256,15.740552,2.695366,-11.12263,-14.397856,-2.856015,16.576408,30.074681,26.6172,5.725601,-22.449773,-44.252989,-51.016264,-42.801208,-25.851183,-7.299677,8.132674,17.882633,20.07265,13.855834,1.642668,-9.917454,-12.983335,-4.375094,10.748569,21.666421,20.274161,8.232491,-3.497288,-3.31112,10.909178,28.940209,35.774289,23.898443,0.148693,-18.926085,-19.798319,-2.533817,19.404287,29.857533,22.321161,3.979807,-11.361573,-15.032455,-10.026145,-7.278071,-15.438923,-33.033366,-49.368894,-52.975239,-40.338885,-18.048873,2.682613,14.110348,16.269733,14.930581,15.840896,20.233461,24.673479,24.48971,17.60046,6.011346,-5.504461,-12.173356,-11.695041,-5.344762,2.640648,7.230745,5.536622,-1.050349,-7.23408,-7.1431,1.237239,13.854441,22.850053,22.189842,12.496021,0.987119,-3.916907,0.696079,9.658972,13.623834,6.475831,-9.702629,-26.150965,-34.128075,-31.254825,-22.439988,-15.029247,-12.632503,-12.890204,-10.69998,-3.578224,5.839398,12.31288,13.023346,10.342863,9.681138,14.244857,21.419023,24.204351,16.855412,0.246541,-17.443924,-25.537438,-17.796911,3.333822,27.950982,44.323201,45.198676,31.098409,9.171518,-11.149583,-22.993988,-24.900457,-20.525799,-15.733971,-14.850112,-18.232142,-22.552422,-23.547976,-19.366686,-12.131169,-6.498631,-6.153911,-10.782212,-15.840238,-15.450974,-6.457016,9.189008,25.32739,35.134538,34.971693,26.211368,14.169682,5.017849,2.504901,6.181433,11.922923,14.427938,10.399404,0.648554,-10.24338,-16.721677,-15.839325,-9.133147,-1.28479,3.563299,4.956746,6.056737,10.232441,17.17696,22.128604,19.3159,6.98609,-10.362985,-24.838079,-31.008292,-29.822438,-27.047167,-27.40962,-29.606656,-26.895517,-13.213226,10.275518,34.096615,46.343228,41.067102,22.43658,1.341047,-12.622773,-17.169155,-16.768817,-16.788923,-18.033279,-16.574791
4.831557,5.477363,3.802841,0.414305,-2.949038,-4.469328,-3.533389,-1.330865,-0.234387,-2.256239,-7.572933,-14.146331,-18.771794,-18.915978,-14.155784,-6.300804,1.811779,7.969205,11.562915,13.342977,14.319562,14.767965,14.113181,11.697776,7.698913,3.344103,0.16783,-1.127687,-1.264127,-1.874129,-4.195456,-7.952519,-11.327357,-12.12446,-9.314313,-3.814344,2.092004,6.279757,8.112689,8.583533,9.182543,10.409601,11.151683,9.50177,4.463068,-2.77829,-9.110824,-11.30101,-8.18199,-1.673887,4.198105,5.759265,2.031001,-4.609304,-9.938936,-10.613973,-6.335301,-0.045413,3.968152,2.834407,-3.038477,-10.160845,-14.063784,-11.978108,-4.457436,4.98401,11.923673,13.499442,9.852444,3.783562,-1.05998,-2.327588,-0.179126,3.078806,4.630734,3.0241,-0.873491,-4.410979,-4.85442,-1.205736,4.997668,10.436783,11.903332,8.1967,0.862448,-6.688512,-11.135252,-11.064478,-7.549627,-3.212931,-0.477389,-0.197825,-1.51749,-2.885613,-3.353349,-3.132966,-3.044457,-3.392551,-3.302842,-1.203226,3.79632,10.683133,16.566821,18.193088,14.056874,5.651201,-3.143638,-8.284347,-8.002264,-3.830839,0.491575,1.524969,-1.639068,-6.89471,-10.657973,-10.314396,-5.893872,0.109834,4.534964,5.632676,3.997152,1.81199,1.097417,2.291506,4.149568,4.911964,3.762559,1.448626,-0.3736,-0.51887,0.706725,1.641144,0.48245,-3.288104,-8.302573,-11.972421,-12.002979,-7.782369,-0.78829,6.186912,10.470898,10.759422,7.548414,2.65872,-1.755531,-4.157799,-4.137692,-2.370313,-0.15843,1.205107,1.00984,-0.574401,-2.607808,-3.886088,-3.626823,-1.97153,0.026811,0.99759,0.128704,-2.203633,-4.487781,-4.855241,-2.171005,3.197067,9.391179,13.866164,14.545332,10.732065,3.36933,-5.381325,-12.954732,-17.214358,-17.037149,-12.555256,-5.060797,3.393048
-4.060119,12.34242,21.722849,18.283029,6.743197,-3.938851,-8.608994,-7.766798,-4.117042,0.193609,3.308015,3.377895,0.537108,-1.53612,1.77838,10.653089,18.694196,17.665269,5.1987,-12.152516,-23.809528,-23.464238,-13.17463,-0.163463,9.706157,15.247996,17.622467,16.185266,8.214147,-6.51636,-21.828397,-28.058205,-20.721126,-6.061901,3.916595,3.270703,-1.793834,-0.26659,10.221321,19.365583,15.362797,-0.728016,-14.351601,-12.364346,2.881528,16.193405,15.75734,4.489505,-5.388965,-6.597107,-2.822408,-1.17413,-2.430469,-1.52883,3.6524,7.721021,3.700929,-8.01396,-18.665732,-19.028776,-7.260749,10.448836,24.828599,28.583704,19.408473,1.519285,-15.61554,-23.248563,-20.532166,-14.839497,-12.918576,-12.38539,-4.95085,11.073044,24.911327,23.855854,9.063087,-3.585032,-0.840845,12.446913,19.172162,10.481973,-4.497139,-11.650079,-10.126766,-11.563918,-21.532332,-29.020424,-19.820317,2.853909,18.868557,14.547285,-0.359595,-4.907528,6.360412,16.833371,10.496813,-5.695364,-10.008333,4.91753,20.386565,14.597574,-8.01472,-19.61229,-2.6223,27.001626,36.46146,13.060606,-22.76772,-41.991126,-37.111183,-22.813712,-12.281445,-3.442329,9.121265,18.632176,13.064305,-3.826704,-9.67181,11.082283,43.569959,53.644842,24.768901,-22.178585,-50.127898,-43.148471,-17.359322,2.712797,9.624097,11.329851,12.213281,6.970834,-5.784205,-14.342947,-7.077502,8.677404,11.32366,-7.766856,-28.997648,-24.543642,8.077205,40.603965,44.978484,23.214503,0.363205,-7.925996,-10.295449,-19.572197,-28.400891,-17.255462,13.926323,35.294867,18.51651,-25.345868,-51.465923,-29.913404,18.14736,41.616082,16.204688,-27.982368,-39.771403,-3.006653,47.161265,63.074585,32.808703,-13.071096,-36.931616,-28.845686,-7.125786,6.682254,6.649404,-0.273848,-6.745808,-10.391993,-10.74453,-7.151627
-7.563547,-10.579102,1.164014,16.148584,18.700039,7.978486,-4.790937,-13.327254,-20.459732,-25.862046,-21.167685,-3.344419,14.972032,17.999432,6.868081,-2.206718,-0.170198,3.874631,-1.878506,-13.475074,-16.417935,-5.727722,8.287909,14.539647,13.116974,9.823551,6.31698,1.966266,0.587559,6.654496,15.444384,15.278205,2.458297,-12.271922,-16.643076,-11.598738,-7.428436,-8.379834,-8.685511,-3.85205,1.982459,3.467783,2.704023,4.774049,8.440172,8.306166,4.8491,4.398612,7.46105,4.91317,-8.642725,-23.160804,-23.008385,-7.309364,7.63752,8.202068,-1.296503,-7.355365,-5.39421,-1.912192,-1.489589,-0.650923,3.609776,7.022702,4.974499,1.274365,3.180421,9.699177,12.097034,6.801965,0.874073,1.247851,4.33132,2.292747,-3.738503,-4.592748,2.610697,8.821729,5.608059,-2.529481,-4.849929,-0.391936,0.661965,-7.550314,-17.371022,-18.437998,-12.278577,-8.844644,-10.435627,-7.798925,4.719842,17.277874,15.203509,-0.659856,-12.3883,-6.278658,10.275701,18.593856,12.32407,4.047577,7.083036,17.412598,19.546263,7.623163,-6.918583,-10.954397,-6.821869,-7.59469,-17.31997,-23.92902,-15.318786,3.021285,13.382884,7.763434,-2.920287,-4.545916,1.299551,1.030766,-10.312411,-20.687585,-16.826295,-2.26625,7.468586,5.991001,4.490008,15.892471,35.876797,45.747453,33.606549,7.942435,-11.401088,-13.164245,-4.15584,-0.862723,-13.155574,-34.621677,-47.237781,-37.24692,-9.225015,16.047132,20.609745,6.873413,-6.052272,-3.90945,8.272292,15.343354,11.73448,6.315229,8.034955,13.323649,11.956142,1.872476,-7.861119,-9.259043,-5.737082,-7.307479,-17.588468,-28.633114,-28.650978,-13.391157,9.852941,28.137184,32.882766,25.636634,14.871152,7.393016,3.784144,2.322561,4.087228,9.984878,13.800269,5.04257,-16.982123,-36.385282,-35.382358,-15.747817
5.248544,2.221269,-5.119988,-13.172392,-16.719601,-13.361505,-5.947613,-0.270383,-0.136771,-4.635198,-9.826608,-12.383241,-11.361839,-7.33738,-1.205634,5.661501,11.004072,12.768693,11.077907,8.547035,7.99151,9.756972,11.526849,10.6686,6.526736,0.664107,-4.413452,-6.503285,-4.562711,0.408498,5.13272,5.879073,1.778186,-3.73268,-5.874529,-3.585818,-1.037914,-3.178895,-9.810518,-15.069907,-13.404388,-5.560165,2.147661,4.394633,1.842091,-0.610831,0.402478,3.636366,5.495773,4.031181,0.224488,-3.509609,-4.77261,-1.652488,6.126111,15.217172,19.036777,12.676196,-1.389464,-13.667595,-15.520712,-7.112964,3.228865,7.736312,6.315851,4.454343,5.376963,6.406554,3.461583,-2.953038,-8.400867,-10.650249,-12.540665,-17.243607,-22.272388,-21.068111,-11.248274,0.911491,6.465523,3.84569,0.691035,4.745573,14.657163,21.89888,21.321432,17.058653,16.385776,19.500328,18.640912,8.270804,-6.33084,-13.538201,-8.508579,0.599081,1.301334,-9.247392,-21.10665,-22.814488,-13.98899,-4.95317,-4.370822,-9.519058,-10.184484,-1.191052,10.981733,14.771023,5.69416,-9.042941,-17.660189,-14.423106,-3.223678,7.757058,13.335177,13.637289,11.364637,8.701971,6.754529,6.055436,5.95159,3.810969,-3.254198,-14.376568,-23.044387,-21.138016,-6.575747,12.899766,24.815192,22.303211,10.058706,-0.091932,0.100775,8.628154,16.558326,17.140938,11.168236,4.026516,-0.971666,-5.22191,-11.351788,-18.800897,-24.011353,-24.556955,-21.732869,-18.475293,-15.610436,-11.454466,-5.251145,0.267045,1.084807,-3.186793,-7.523945,-5.516244,4.566169,17.800643,26.630628,26.846874,20.14011,11.731316,6.059425,4.323737,5.112302,6.592093,8.011067,9.395092,10.074202,7.89137,0.617809,-11.087252,-22.220762,-26.14177,-20.11154,-8.452102,0.664441,2.453158,-0.440231,-1.534703
0.825869,3.284471,6.918454,8.086438,3.36842,-7.434771,-20.253114,-28.782617,-28.416667,-19.312083,-6.305788,4.334035,8.975903,8.549794,7.0209,7.774799,10.873069,13.380147,12.422088,8.334767,5.078379,7.265139,15.996452,26.936424,32.557411,27.308264,12.010999,-5.938805,-17.064456,-16.022907,-5.176835,7.051149,11.910722,6.107507,-6.3655,-17.441691,-20.726302,-15.607056,-6.992843,-1.265444,-1.705152,-6.746382,-12.029303,-14.292131,-13.932103,-14.353163,-18.850544,-27.637894,-37.32431,-43.088611,-41.719793,-33.228732,-20.114805,-5.317481,9.25142,22.551538,33.293986,39.48858,39.616067,34.636914,28.821475,27.92828,35.341652,48.780202,60.350205,60.632684,44.551437,15.181649,-17.24459,-40.738174,-47.980596,-39.732253,-23.294901,-7.460085,2.443457,6.264593,6.980133,7.060915,6.259799,2.335274,-6.254796,-18.145406,-29.235067,-35.110213,-33.815294,-26.891248,-18.060248,-10.742554,-6.301586,-4.074535,-2.697781,-1.326141,0.234281,2.219236,5.315109,10.022539,15.435701,18.805824,16.87134,8.415445,-3.881156,-14.151499,-16.721366,-10.058447,1.65603,10.87875,11.713216,4.161771,-5.53814,-8.991729,-1.433694,14.837756,31.853864,41.225474,39.499738,29.829748,18.909753,11.625483,7.508328,1.648719,-10.689036,-29.329541,-48.02652,-57.931302,-53.317608,-35.531744,-12.422425,6.281812,14.427909,12.165221,4.545756,-2.466383,-5.505623,-4.603312,-1.388976,3.251594,9.916706,19.333808,30.345202,39.287925,41.667001,35.077226,21.183681,5.146846,-7.273081,-13.0014,-13.121206,-11.642982,-12.557399,-17.225265,-23.734328,-28.381711,-28.062191,-21.98327,-11.858167,-0.836401,7.921438,12.252601,11.388152,5.965444,-2.133526,-10.175513,-15.352506,-15.826148,-11.541197,-4.243214,3.428822,9.257797,12.33955,13.043406,12.267249,10.735941,8.942195,7.621639,8.027475,11.346863
-15.962487,-29.934923,-45.085205,-50.427002,-36.877168,-5.267407,32.287859,59.522356,66.540109,55.708392,38.588373,26.747161,23.905045,25.187358,23.021916,13.966115,0.801301,-10.94947,-17.996863,-21.010772,-22.13797,-21.646261,-17.643702,-9.291556,0.121892,4.266632,-0.908265,-12.182119,-19.679512,-13.960911,5.513935,27.790187,36.88623,23.26375,-8.27054,-40.620636,-55.42514,-45.254254,-18.284989,7.629084,16.920188,5.83092,-16.532701,-35.255682,-39.089693,-26.030448,-2.419411,22.303403,40.865765,50.367081,51.29369,45.340678,34.063228,18.947192,2.119017,-13.387643,-24.248609,-27.986374,-23.926921,-13.466384,0.441961,14.303752,25.132713,31.08528,31.494651,26.522266,16.903953,4.092871,-9.453082,-20.524418,-26.393349,-26.542632,-23.553788,-21.978854,-25.392757,-33.46309,-41.336859,-42.256051,-31.939137,-11.756942,11.589257,29.720877,37.061944,33.251141,22.353917,10.088919,1.27775,-1.225195,3.42912,13.939633,26.38898,34.615255,32.640023,18.599166,-2.501447,-20.105308,-23.8621,-10.552128,12.775956,32.31557,35.845107,20.351233,-6.352225,-31.024654,-43.382769,-41.508296,-30.942321,-19.087607,-9.832761,-2.449659,5.198916,12.74314,16.534114,12.735247,1.364621,-12.560461,-22.1116,-23.395157,-18.311,-12.857962,-12.374376,-17.516181,-23.996907,-25.960403,-20.080178,-7.314511,8.455003,23.135164,34.127755,40.250547,41.035172,36.895629,30.149132,25.237866,26.695503,35.578229,47.241826,53.134028,46.304401,26.892828,3.081686,-13.951745,-17.805978,-11.533051,-5.436134,-9.4452,-25.828236,-47.779445,-64.777211,-70.292751,-65.794899,-58.290088,-53.980605,-53.504201,-52.367787,-45.47587,-31.331232,-12.366603,8.13335,28.834371,49.796075,69.256169,81.653015,80.064933,61.972216,33.362309,6.660152,-7.066983,-5.85285,2.006491,4.883216,-2.481143,-14.539957,-19.715971,-10.598739,9.041465
-7.646589,-5.508561,6.985555,22.466306,31.19107,30.091867,23.587939,16.54167,8.832089,-2.230729,-15.91342,-26.768676,-29.537521,-23.865625,-13.542071,-2.428949,7.3948,14.182465,15.609087,10.642381,1.386868,-8.354711,-16.137352,-21.265117,-22.380956,-17.005536,-5.364471,6.416407,10.007271,3.365592,-5.832617,-7.309746,1.328608,12.858979,19.325621,20.279874,20.214874,19.557185,12.577994,-3.551051,-20.363712,-23.513152,-8.285689,12.82421,21.087263,10.093127,-8.622892,-18.7014,-15.269418,-6.50494,-1.178724,1.012533,5.222823,11.045968,11.049862,0.682789,-13.622016,-19.542019,-11.947718,1.409481,8.184064,3.941208,-4.815698,-8.818697,-4.946727,3.037284,9.870362,12.575983,9.999998,2.117586,-8.109649,-13.714152,-7.859357,9.224964,28.182367,36.998599,30.40291,13.237939,-4.692152,-16.312774,-20.45848,-19.617044,-16.530082,-13.055203,-10.725811,-10.933896,-14.298167,-20.108581,-26.163383,-28.852659,-24.252517,-11.067759,6.361606,19.17113,20.762024,14.084954,11.123299,22.540824,46.147043,66.115138,65.491219,41.134337,6.951497,-17.779266,-23.948886,-17.799501,-12.253849,-14.216721,-20.312072,-23.680412,-22.928837,-22.974854,-27.304637,-31.353565,-25.991897,-8.592987,10.816793,17.272563,6.386124,-8.949646,-10.055037,7.924358,29.151273,32.078505,11.826483,-13.949955,-22.796253,-10.130034,7.560967,11.829574,1.733933,-7.844558,-5.462189,3.783316,6.641587,0.391179,-1.982938,12.56991,39.002581,55.664401,45.136607,11.900849,-21.861848,-36.672821,-30.439138,-14.614115,-0.375495,8.508401,11.511622,6.044801,-9.64082,-29.409868,-39.646941,-30.366181,-6.451155,13.855335,13.682044,-7.615675,-33.104168,-41.662759,-24.570202,8.207575,36.312316,44.43144,32.453967,12.955076,-0.629333,-4.181627,-2.811193,-2.271566,-2.005855,2.632106,12.366886,20.562759,19.345717,8.557107
7.175377,1.251216,-15.027067,-38.097572,-58.314192,-63.683694,-46.276254,-8.386444,35.741476,65.416897,64.624812,32.362431,-15.269247,-53.982259,-66.175966,-51.694643,-26.650372,-10.976507,-13.792828,-27.358632,-33.862285,-19.589718,14.310452,52.229904,74.779488,71.478975,46.535711,14.662829,-8.826528,-16.247665,-9.29591,5.038583,19.992484,31.886364,39.420695,41.538119,36.559459,23.519328,4.328162,-15.548823,-29.18294,-32.184615,-26.01723,-17.960841,-16.974217,-27.586769,-45.878829,-60.866175,-61.139453,-42.595632,-11.702007,18.42392,36.474182,39.62093,33.380092,25.253217,18.008711,8.668121,-6.081999,-23.568851,-34.675343,-30.699339,-11.704725,11.754652,26.202693,26.08294,18.070592,14.341548,20.442865,29.090766,26.502927,6.297936,-21.933995,-38.564974,-30.583378,-4.459991,17.33931,14.77079,-11.862935,-40.834285,-47.019566,-24.039366,9.25636,24.775821,10.483674,-17.383371,-27.058616,0.990619,55.208793,100.183465,104.809695,67.666624,17.692718,-10.628661,-6.17333,10.913638,9.065629,-24.733198,-71.494247,-95.512676,-75.351143,-23.531354,22.426367,30.221001,-1.40873,-42.914874,-59.386288,-39.113546,-1.347384,22.11611,14.561192,-12.636944,-31.691525,-23.274246,7.439509,36.640553,43.194466,26.146446,3.744032,-3.860444,7.761336,24.499967,27.120842,8.39975,-20.733236,-40.360362,-37.293836,-14.106597,14.790434,35.037565,41.622159,39.014236,34.32388,30.93435,27.859012,23.609816,19.263705,17.211908,17.301335,15.168719,5.44793,-12.590257,-32.393081,-43.701145,-40.066485,-24.233444,-6.707669,1.664269,-2.638228,-13.866448,-22.167475,-21.648706,-14.983928,-11.042386,-17.473966,-34.024107,-51.775835,-59.078794,-49.936901,-28.691912,-7.359746,2.774309,-0.601475,-8.841345,-8.429334,8.945817,39.62991,69.775005,84.691727,79.056351,60.378314,43.100637,37.837203,43.965287,51.067659,47.690517
-5.289341,2.761243,12.447462,15.623252,7.869975,-7.059859,-19.627728,-22.006864,-14.341306,-4.342662,-0.534442,-4.945251,-11.490236,-11.345604,-0.676349,15.769818,28.040977,28.372018,16.63566,-0.052007,-12.55999,-15.335332,-8.481669,4.061774,17.639534,28.613235,34.264659,32.41055,22.117203,5.11822,-13.762282,-28.258416,-33.571452,-28.521889,-15.598851,0.642356,15.2958,23.988592,23.389123,12.282418,-6.923681,-27.817129,-42.185433,-44.2388,-34.069857,-17.505423,-2.137661,7.466826,11.577967,12.925883,12.729833,9.196527,0.140954,-12.817358,-23.02441,-22.689371,-9.218447,11.559516,28.718671,33.998067,27.744835,17.978673,13.296942,15.709546,19.596725,17.563782,7.781693,-3.956452,-9.431949,-5.726248,1.720394,3.7796,-4.006638,-17.011277,-25.32015,-22.564894,-11.817732,-2.958736,-3.573647,-11.529005,-16.24777,-8.091526,12.197178,32.567784,38.671966,25.506537,1.78503,-16.869318,-20.291532,-11.294031,-2.090498,-2.931932,-12.924537,-20.995143,-16.073318,2.472622,23.315762,31.999961,22.630192,2.531552,-13.930553,-16.964668,-8.589856,0.295838,0.029632,-9.422071,-18.841714,-18.2242,-5.815961,9.970963,17.193033,9.840683,-7.58799,-23.69294,-28.520393,-19.905462,-3.493497,12.379375,22.113587,24.653431,21.663244,15.065386,6.50805,-1.51386,-5.23099,-1.397872,9.868153,24.066709,34.697508,37.492162,32.987843,25.208683,17.686942,10.498752,1.038946,-12.293949,-27.181774,-38.311668,-41.5923,-37.819241,-32.166662,-29.611595,-30.300345,-29.25424,-21.081427,-5.720703,10.065124,17.283522,11.873768,-1.628343,-13.288811,-15.408678,-8.255638,0.964906,5.011586,3.36619,2.810763,11.032642,28.600247,46.407064,51.410123,36.61569,7.464438,-20.744977,-32.886674,-24.18651,-3.076298,15.225434,19.499147,9.800121,-3.706885,-8.937994,-0.794693,15.551532,28.869239,30.052603
-15.766853,-16.036352,-0.159774,24.976309,40.854946,35.116228,13.273068,-8.766852,-21.218775,-25.928756,-26.749776,-20.678884,-2.95064,21.705182,39.167979,39.483885,26.687155,11.925735,-0.38645,-14.048822,-28.662674,-32.903825,-16.821901,10.835963,25.475675,11.559459,-18.401857,-35.214925,-23.690595,2.284399,16.902811,10.260662,-5.371123,-14.339723,-14.87252,-14.402591,-14.015074,-6.496575,9.293541,20.570844,14.742449,-0.826383,-2.152617,23.311839,56.381642,61.686686,25.651164,-25.707531,-51.391765,-36.750487,-6.315314,5.139037,-9.746838,-25.667167,-15.372325,19.258325,49.276547,49.375023,22.738139,-5.330627,-15.404654,-12.295677,-15.485833,-34.312497,-55.920078,-58.822831,-36.810241,-6.953293,7.16561,-0.921993,-15.291898,-15.676292,1.659681,22.94222,35.032173,39.982365,48.810434,63.497788,71.033728,58.146753,28.789643,1.955573,-8.64414,-8.760358,-14.58723,-31.932242,-49.085732,-51.38241,-38.8729,-25.957803,-24.865273,-33.322975,-38.949895,-32.032569,-11.9424,15.096198,39.020368,47.593298,32.882245,1.951138,-22.249517,-19.172625,6.932255,28.229743,22.600268,-0.53487,-10.73512,5.98329,28.193031,24.861725,-3.776827,-22.698582,-4.415409,33.586449,45.516799,11.949375,-33.338668,-39.780206,1.267547,45.140596,43.748051,-1.940112,-46.674297,-53.227244,-28.725899,-6.844375,-5.188145,-11.510644,-8.827657,0.070487,0.687639,-8.738381,-13.5287,-4.360326,8.084019,7.857533,-2.643594,-4.759554,9.775844,24.799027,20.24025,1.106105,-6.037128,11.803797,32.787636,24.269418,-14.645809,-46.165184,-35.000408,9.980061,43.961912,35.261255,-1.86026,-26.535414,-16.671697,12.246138,30.722297,27.366729,13.210293,1.669426,-5.47081,-11.88551,-16.286937,-15.358239,-13.305224,-19.562215,-34.499107,-43.63574,-32.160091,-3.771831,20.484489,23.692045,9.741844,-3.502215,-4.232028,4.187982
-1.149894,-4.575211,-6.438555,-4.41793,1.051212,5.866514,5.058382,-2.48871,-12.029227,-16.378996,-12.062741,-2.330452,5.930943,8.33154,6.322449,5.0415,8.230321,14.866414,19.90915,18.129939,8.242694,-5.405281,-15.194237,-15.810905,-9.009437,-2.718854,-3.994328,-11.933903,-18.148209,-15.228368,-4.602056,5.058232,7.444927,5.290477,6.129905,12.075734,16.174321,10.456447,-3.483479,-14.373761,-12.714734,-1.085003,8.513902,7.332656,-1.601367,-7.992379,-5.715773,1.818791,7.071132,6.798421,3.883226,2.188153,1.948887,0.802192,-2.307877,-5.807301,-7.544707,-6.560272,-2.57474,4.594948,13.6168,20.350626,20.14092,12.518263,2.606609,-3.697421,-5.995358,-9.561229,-18.556369,-29.944084,-35.457475,-29.760804,-15.807311,-1.789301,6.410552,9.113417,10.17251,12.232579,15.231909,18.181541,20.568262,21.73488,20.235112,14.972935,6.758522,-2.068228,-9.5485,-14.9481,-17.737711,-16.988576,-12.846079,-7.958792,-5.646914,-5.852429,-4.138306,3.521114,14.828483,21.660469,17.857603,6.170745,-3.861454,-5.382917,-0.761917,1.877133,-2.134911,-9.45486,-13.238013,-10.69482,-5.144033,-1.419785,-1.001844,-2.12489,-3.140157,-4.011621,-4.611414,-3.346795,1.156379,7.478675,11.905134,12.013156,9.064712,6.208925,4.794001,3.410167,0.602244,-2.619113,-3.968806,-3.24651,-3.218633,-6.319275,-10.873194,-11.67118,-5.009498,6.859209,16.66666,17.911666,10.20214,-0.577374,-7.133108,-6.22751,-0.312719,5.348949,6.967827,4.241461,-0.822086,-6.114643,-10.217019,-11.807303,-9.761602,-4.797874,-0.46092,-0.786452,-5.826259,-10.104304,-7.247209,2.926562,12.779887,13.800352,5.521252,-3.521179,-4.609786,1.910157,7.393531,4.985674,-2.42259,-5.520221,0.680347,11.049627,15.929313,11.362456,2.383039,-3.533626,-4.476493,-4.549029,-7.490195,-11.863518
26.361818,45.239675,37.243625,5.815192,-23.211254,-27.898901,-13.249361,-4.035005,-15.049672,-33.574515,-35.078775,-13.661569,9.281715,9.011963,-13.959038,-33.95434,-28.108988,0.560982,29.901986,43.901447,45.664418,46.14121,47.363285,42.454085,29.352804,16.522253,11.523084,8.860202,-3.899459,-27.712578,-46.301237,-43.758112,-25.341302,-14.224659,-25.283132,-46.417369,-50.783093,-26.848832,8.278741,27.074161,19.523689,-0.402041,-13.548198,-14.696254,-11.095847,-7.673822,-1.018231,11.3148,22.132763,21.237027,9.611464,1.222346,7.757547,24.501346,35.417096,31.719052,21.17443,17.058575,21.18143,22.327046,11.498441,-5.672011,-14.784521,-9.118702,3.438478,10.131115,6.399772,-3.13564,-14.018605,-27.108007,-42.857864,-54.595094,-52.8325,-37.154154,-19.926074,-14.447673,-19.809349,-20.754226,-4.369947,24.54175,46.979704,48.656018,33.608335,18.121031,12.703592,12.457639,5.639307,-10.488182,-24.848335,-23.922021,-6.354869,15.067791,25.609989,21.573349,11.228325,4.726624,5.018767,8.395582,11.130925,12.765322,13.019873,8.780243,-2.640902,-17.402872,-25.548073,-20.316636,-6.603976,2.547796,-0.673265,-10.343332,-13.597742,-5.497844,5.288719,6.69307,-2.94141,-13.816661,-16.755511,-12.711975,-8.37216,-5.36908,1.02935,11.616709,16.786243,6.082764,-15.955377,-29.246721,-18.068435,9.899015,29.157299,22.711202,-0.179466,-15.263017,-10.186831,4.399838,11.105217,7.821516,8.247937,21.635087,38.428846,40.221447,21.449949,-3.915032,-17.976961,-16.920845,-10.725598,-8.27742,-8.402723,-6.231082,-2.690501,-2.591605,-5.27061,-3.679092,4.480756,9.29443,-1.565932,-25.359881,-42.08533,-33.905218,-5.083712,21.448294,27.606044,16.63896,4.822511,0.952275,-0.74385,-8.193225,-18.730263,-23.292365,-20.029212,-16.65732,-17.423567,-13.729408,5.651168,35.880314,54.806075,45.359404
4.22849,7.663732,8.419664,5.291352,0.519211,-2.109821,-1.132499,0.936189,0.162239,-4.647032,-10.557749,-13.208416,-10.605665,-4.297037,2.572257,7.685478,10.172476,9.829967,6.775617,2.056115,-2.120692,-3.616187,-2.145783,0.359746,1.455796,0.362269,-1.51007,-2.103879,-0.704312,1.530392,2.820087,2.411276,1.025212,-0.173909,-0.885062,-1.823651,-3.558735,-5.38218,-5.684577,-3.703479,-0.758159,0.710841,-0.343836,-2.177926,-1.833944,1.629936,5.716888,6.724912,3.567123,-0.841558,-2.275536,0.665564,5.162592,6.878963,3.992322,-1.320199,-5.061637,-4.893059,-1.744809,1.45564,2.374405,0.892759,-1.287442,-2.362293,-1.905668,-0.95903,-0.823391,-1.749691,-2.739525,-2.528513,-0.675128,2.220875,5.003206,6.360089,5.074958,0.838698,-4.493251,-6.980803,-3.459502,4.609985,10.725436,8.488834,-1.728971,-11.831219,-13.121922,-5.036015,3.880498,4.533219,-3.287783,-10.759596,-9.45361,-0.149729,8.377953,8.84965,2.645749,-2.691198,-1.947477,2.916671,6.062195,4.440503,0.402032,-1.497424,0.987622,6.389242,11.219723,12.212717,7.897874,-0.224745,-7.641017,-9.490472,-5.001711,0.765046,1.110474,-5.379193,-12.71471,-13.450924,-6.772276,0.43491,1.165354,-3.872998,-7.166695,-3.043115,5.867757,11.603999,9.558455,2.935018,-1.50979,-0.845792,1.901101,2.313174,-0.290519,-2.834464,-2.548198,0.165389,2.793272,3.50714,2.372372,0.555705,-0.667694,-0.259093,2.124026,5.3724,7.191929,6.027445,2.771002,-0.135464,-1.55659,-2.950386,-6.130297,-10.137944,-11.479394,-7.980065,-1.693348,2.946395,3.744905,2.596977,2.413575,3.17522,2.222721,-1.633483,-5.659495,-5.886744,-1.843504,2.563546,3.294014,0.560541,-1.749629,-0.69629,2.613241,4.781016,4.137396,2.15822,1.101086,1.244463,1.030921,-0.557107
-17.93252,-21.128369,-0.107888,39.405109,72.77845,76.414742,48.162376,7.522428,-23.104092,-35.157253,-33.114155,-22.977519,-7.515679,7.60193,10.263059,-8.441926,-40.734279,-63.551045,-57.713473,-25.588562,11.825334,34.248898,36.305925,24.191273,4.778694,-16.878879,-31.92609,-28.206544,-2.305863,31.00301,47.776033,36.717072,10.274708,-8.300691,-7.983362,1.924922,5.345202,-2.982867,-14.836364,-19.671783,-14.110166,-1.302602,13.634602,24.574168,24.507004,10.748194,-8.982063,-20.377736,-16.234922,-4.434233,1.817028,1.225193,6.554138,26.346694,48.37173,48.175955,16.07444,-28.782735,-55.306501,-49.912936,-25.74818,-4.349664,5.326874,6.979805,3.005807,-9.494825,-27.214659,-34.390708,-17.64734,13.61364,30.628012,14.879741,-19.083081,-36.763563,-19.904877,15.550129,39.376448,39.415479,28.612476,23.088325,22.63993,17.060146,4.791824,-4.397737,-5.48237,-7.488284,-20.074757,-35.504489,-33.905566,-8.902232,19.734477,26.195068,8.617801,-9.217967,-7.788989,4.523564,4.714499,-11.808455,-22.194068,-4.502492,32.063587,54.372871,42.356252,10.498925,-11.557012,-13.467532,-11.054451,-20.420073,-35.609505,-38.344081,-24.216131,-8.8787,-6.590713,-11.477775,-7.510949,6.830829,14.019686,0.775865,-21.642917,-28.61834,-12.070463,9.283269,13.200895,1.455177,-3.272709,13.143964,38.038471,47.522241,35.51478,20.127647,21.067582,37.120902,49.660006,44.137554,22.150353,-6.233552,-33.914577,-56.220355,-64.886659,-52.355464,-24.423357,-1.482102,0.139921,-12.918772,-17.253469,-0.359607,22.449799,23.846941,-4.129524,-39.998498,-55.813742,-45.556896,-26.252039,-13.669223,-4.681452,12.825566,38.070923,53.845203,46.851907,25.869642,13.66765,21.250018,35.186147,33.344595,10.735118,-14.196282,-19.405953,-2.649189,16.506636,16.622005,-5.334244,-32.542714,-44.43903,-33.686203,-9.943469,9.929271
-5.542331,-5.545323,3.035964,12.047263,10.619621,-1.784248,-13.121131,-11.356284,2.051781,13.589347,12.52519,1.899707,-6.527196,-6.208004,-1.701682,-0.75347,-3.93621,-4.966834,-0.197536,5.696849,5.046041,-3.619656,-13.859199,-18.268531,-14.991698,-7.082132,1.999883,9.985526,14.129403,11.457738,2.451432,-7.114876,-10.356169,-5.434864,3.743603,12.648818,19.572079,22.96581,18.298082,2.037679,-20.292254,-33.992679,-27.594565,-5.692588,13.782535,17.011785,7.452277,-0.238464,2.275788,9.26773,11.14238,7.768846,6.986098,11.028928,10.664193,-3.056466,-24.000743,-34.016519,-22.878007,-1.36272,9.776193,2.950224,-8.558443,-7.573088,5.99606,15.383605,7.493315,-11.382693,-22.769761,-16.246697,1.220357,15.397788,19.624753,17.223329,12.621088,5.619463,-4.40606,-13.011477,-13.794923,-6.5281,1.501494,3.824446,2.139089,2.912755,7.855998,11.154476,7.19836,-1.588584,-7.27778,-5.903139,-1.470303,0.175071,-1.186474,-1.171606,2.047471,5.001403,4.301659,2.022179,2.957281,7.381306,9.726933,5.563837,-2.525803,-8.373709,-10.207455,-11.84391,-15.30892,-15.884611,-8.107761,4.390353,9.704591,0.8973,-14.03436,-19.449842,-9.628745,4.526701,8.705954,2.703217,0.348821,11.207592,26.478462,27.420157,7.481086,-17.947128,-26.353765,-11.214265,12.164218,23.406409,16.829202,3.472729,-3.631825,-2.370162,0.449652,0.144992,-0.440093,3.6082,11.457318,16.281244,12.257656,0.406463,-12.477066,-19.523633,-18.336291,-11.593287,-4.8171,-3.154384,-8.28324,-16.940133,-22.781179,-21.022676,-12.157071,-1.265909,6.308246,8.65137,7.397349,5.525339,5.692598,9.630771,17.104444,24.558519,26.139175,18.303064,4.30895,-6.974718,-8.39344,-1.252669,5.727056,4.71805,-3.897478,-12.443729,-13.694163,-7.332694,0.804519,4.806091,3.4729,-0.162837
-0.765825,6.603693,-7.383885,-26.702284,-21.67027,0.32154,15.548215,18.798619,11.470151,-4.521756,-12.213797,2.659158,20.729496,10.889651,-16.678221,-16.383658,18.505805,33.410101,2.36824,-21.299512,-1.16687,19.268508,10.628249,5.509722,7.855496,-14.408532,-37.880985,-24.563445,-11.075849,-28.112115,-30.033642,-3.069257,0.820429,-12.435093,10.863932,46.748837,39.005435,8.88264,-2.736799,-3.671435,1.535523,20.284395,30.691887,22.219678,18.014197,14.168698,-7.259768,-21.303385,-13.264456,-14.094817,-22.419285,-11.499956,-11.540247,-44.381255,-50.650872,-10.135026,5.720469,-12.854005,4.840677,48.198246,45.676004,13.847824,7.286809,5.25635,-17.892957,-25.816449,-3.11995,12.332429,7.102238,6.701705,19.866727,27.762996,15.133931,-5.199203,-2.774057,18.539039,15.492972,-14.609559,-22.869758,-5.586244,-8.343675,-27.675146,-24.641807,-10.943775,-14.670076,-16.604461,-1.044337,5.906754,-6.264753,-13.570709,-5.371664,7.329541,14.648152,11.952382,7.655274,16.770345,28.056994,20.754661,11.764182,22.06848,25.723929,1.946691,-16.181366,-5.588932,3.238236,-11.204084,-25.060053,-18.017953,-3.45025,-1.597856,-12.189283,-16.198159,-4.607438,2.107477,-10.947438,-19.775381,-6.411989,1.936641,-11.855531,-15.648111,9.898403,32.83979,27.541842,11.257791,6.146557,11.599861,15.407228,6.676307,-10.27629,-14.049731,0.5642,9.355849,3.198498,5.230405,19.814563,17.071029,-9.510356,-25.255352,-12.312346,4.323833,1.050867,-14.206961,-23.201399,-21.454346,-16.868125,-15.537141,-12.327589,-1.422366,7.799011,5.444984,3.445746,14.721387,27.134489,27.514081,22.33102,14.649796,3.036441,2.113101,11.552856,-1.37237,-32.552747,-29.234528,4.417126,6.30775,-14.014279,2.134277,23.740943,-7.27535,-35.573645,-0.052391,31.011127,1.594079,-18.218816,7.97812,10.778247,-18.601572
-13.161768,-10.51851,-3.549971,1.55391,1.062605,-2.438971,-3.047754,1.556644,7.025958,6.89549,-0.088318,-8.23561,-10.961054,-7.73685,-3.832426,-3.183073,-3.157583,1.892285,12.030323,18.814041,13.209671,-3.218376,-16.767327,-13.437916,6.771101,28.0573,32.469079,16.102355,-7.97668,-22.450458,-20.850694,-10.432371,-1.985139,0.859463,1.681459,3.077516,1.978938,-5.315433,-15.370847,-18.371919,-8.335068,8.808603,19.760133,17.142087,6.829873,0.833677,3.798594,8.61571,5.892842,-4.266927,-12.214146,-10.293674,-2.106569,1.387884,-5.85911,-18.518524,-25.852758,-22.301354,-10.90429,2.264812,14.134115,24.274825,31.057414,31.43852,25.147958,16.750556,11.331789,8.476359,2.495964,-10.455188,-26.512727,-36.557905,-34.436171,-22.096956,-7.03129,4.027759,8.6881,8.267979,5.935436,5.362557,8.715701,14.052234,15.601918,9.008338,-2.969969,-11.687011,-11.217217,-5.087189,-2.379246,-6.650748,-10.783388,-5.004873,10.4163,22.96755,19.922371,1.782422,-17.687147,-24.659439,-17.276397,-4.734182,3.327131,4.675952,2.965422,1.706669,1.631377,2.593341,5.294806,10.131742,15.551543,18.718803,17.487248,11.240019,0.850569,-10.562241,-17.321505,-14.555957,-4.057568,4.615441,2.358723,-8.902436,-16.388764,-10.142206,4.194065,9.891089,-1.803666,-19.739317,-23.791662,-7.796957,12.188944,15.194591,-1.054302,-17.657524,-16.060516,1.729815,17.292098,17.857335,9.380953,6.494106,13.900989,22.427251,22.429088,15.436243,9.373784,5.781449,-2.237891,-18.200738,-33.200521,-33.369589,-15.760267,7.085703,19.625718,17.49319,7.25648,-4.717119,-17.649819,-29.901709,-33.175184,-19.709011,4.848804,21.910108,18.017769,0.760646,-8.234281,2.484877,20.667475,24.359612,7.70694,-11.801937,-13.279993,3.930076,20.295633,18.702829,2.622912,-10.16374,-8.683601,0.710974
4.721682,19.753609,34.106513,34.402985,16.354297,-9.628127,-26.847304,-26.660179,-14.303553,-1.28968,6.069372,9.557083,12.23831,12.221835,5.259326,-7.684577,-18.435029,-18.755739,-8.666312,3.661442,9.995975,8.779444,3.967293,-0.627411,-3.984477,-5.907415,-5.430203,-2.71192,-0.751173,-2.463209,-5.922644,-5.247985,1.791482,8.669717,6.04752,-6.244381,-16.156192,-11.764914,3.674942,12.743912,2.506838,-19.392685,-30.771593,-18.050509,9.025009,27.927941,27.231501,16.727138,13.199537,19.837038,23.844431,14.070163,-3.733852,-12.9427,-5.974873,6.284533,7.247236,-5.409705,-16.219528,-9.266673,13.242338,31.924017,29.32729,6.414604,-20.118468,-34.935992,-36.834356,-35.479372,-38.264681,-42.263628,-38.542736,-22.457978,1.331935,23.220081,36.504366,40.588417,37.837989,29.56588,16.545428,2.666515,-4.782817,-1.259737,8.356191,11.852617,1.422715,-16.422953,-25.280327,-15.501447,4.338664,15.358645,8.699486,-4.46331,-5.945353,7.399508,18.909811,11.921968,-8.403998,-18.424626,-3.058187,24.289501,33.782365,11.560923,-23.879158,-40.585316,-26.577935,-0.758213,9.560161,-2.191417,-18.087254,-18.48358,-3.142819,11.897624,14.099696,6.101246,-1.599235,-4.004585,-4.151708,-5.167383,-5.381125,-2.802532,-0.311826,-2.125529,-5.987905,-3.478172,9.482754,24.822732,28.675438,16.016597,-3.395715,-14.859275,-12.848398,-3.869675,2.935355,4.629356,3.584452,1.643566,-1.078023,-2.508549,1.773648,12.680477,23.477724,25.045963,15.569998,2.241206,-7.878409,-15.895977,-26.739613,-37.968147,-38.137625,-19.857578,7.657578,24.078224,17.983983,-1.092336,-13.240052,-9.521703,0.484165,2.606661,-4.533129,-9.517829,-3.803673,7.569052,12.973403,8.515416,1.083568,-2.272597,-2.950032,-5.684777,-7.963046,-0.581729,19.09822,38.418904,39.165441,17.013191,-11.800098,-25.575698
0.874068,3.842968,5.072364,2.900074,-0.559682,-1.314493,2.094563,6.587004,7.373388,2.741108,-4.158221,-8.183243,-6.694303,-1.489766,3.030168,3.323198,-1.051062,-7.611212,-12.942808,-14.99374,-14.134573,-12.239753,-10.644937,-9.024114,-6.34063,-2.526453,1.531045,5.842933,12.099818,21.162528,29.671738,30.933533,21.221671,5.371584,-5.756119,-5.209317,2.704775,6.416014,-0.770636,-13.250539,-18.818235,-11.529064,2.26853,10.986663,9.578429,3.065727,-0.928994,-0.914638,-1.60506,-6.649625,-13.73019,-17.626346,-16.483006,-13.15375,-10.575198,-7.8157,-1.98674,6.799782,14.096956,15.178803,9.499624,0.627833,-7.234037,-11.429686,-10.166605,-2.094649,11.492568,24.559244,28.812813,20.250495,3.471259,-11.295834,-16.020686,-10.143491,0.902334,10.916486,16.243867,15.489519,8.510402,-2.989427,-14.746606,-21.683887,-21.432557,-16.041164,-9.921948,-6.219817,-5.116869,-4.82938,-3.290127,0.895236,7.586617,14.029719,15.436869,8.794434,-2.697816,-10.068336,-5.703544,8.77401,22.47661,24.534702,14.049313,0.523397,-5.783378,-3.532633,-0.179206,-2.958614,-11.186935,-17.827339,-17.666114,-12.610908,-8.686284,-8.868721,-10.061476,-7.246866,0.25973,7.498959,8.810438,3.625352,-2.904354,-4.841211,-0.753254,5.799257,10.523962,12.586741,14.422225,17.827788,21.03412,20.211643,13.771134,4.554634,-2.662179,-5.612061,-6.029511,-6.883929,-9.044824,-11.357073,-13.346361,-16.161001,-19.864514,-20.835905,-14.115795,0.386209,14.943576,19.31479,10.163248,-5.219958,-15.453651,-15.402412,-9.585583,-5.607075,-5.490683,-4.51646,1.964244,12.253002,19.709285,19.629672,13.516301,6.615302,2.650003,1.899275,3.437509,7.113079,12.291173,15.835111,13.466467,4.136587,-7.637485,-14.971682,-14.611951,-9.589863,-5.909861,-6.889309,-10.716371,-12.880708,-10.362758,-3.775764
-31.23869,-42.522872,-36.282962,-16.673695,3.990496,15.544088,17.375489,16.771973,20.494936,27.877675,31.901856,26.94649,15.5219,7.203655,10.282088,23.582223,36.099064,35.314329,17.374721,-9.461419,-31.04722,-38.079655,-32.582977,-25.147081,-25.593955,-34.834747,-44.263755,-42.750673,-25.482368,2.033016,27.410417,39.405389,34.793386,19.727325,5.147563,-0.456343,3.733724,10.877534,11.657547,1.243345,-16.756179,-32.453297,-36.849345,-28.860394,-16.46896,-10.380919,-14.773693,-22.943532,-22.43749,-6.350933,18.701184,35.907614,31.764679,9.139977,-12.034476,-9.102142,24.227953,69.858799,96.537508,83.035678,35.322444,-16.512554,-39.999883,-23.939549,14.542735,44.619861,45.66459,21.064674,-8.207872,-23.224891,-22.458007,-20.314986,-31.636331,-56.91067,-81.342794,-87.822145,-71.475768,-42.834716,-17.67675,-3.741224,3.394411,12.395205,24.973745,32.995518,26.949347,7.346094,-12.72585,-17.459405,-2.114271,22.142176,37.441242,34.6168,20.88709,12.620945,19.597614,35.182038,41.718584,26.652238,-5.065766,-33.68368,-40.450267,-22.810601,4.116954,20.642477,18.281048,4.508622,-6.667713,-8.530505,-6.615721,-10.600849,-21.755658,-29.082724,-19.026736,9.752274,40.938042,51.281208,29.701535,-11.504523,-43.927387,-43.972784,-10.841855,32.941014,58.648715,52.055361,21.462562,-11.937988,-31.715727,-36.719258,-36.973057,-40.765398,-45.771652,-42.143629,-23.8231,3.223576,23.995799,26.276591,10.772654,-9.371825,-19.138616,-13.039366,2.105383,14.475188,17.398661,13.40106,9.537212,9.491283,10.322668,6.620649,-2.585787,-11.415373,-11.929921,-1.668558,13.423335,23.790603,24.556764,19.57151,17.261509,21.98289,28.984693,28.023878,12.773733,-12.361409,-34.402062,-41.411172,-31.384209,-12.835416,3.082975,11.581505,16.250057,22.694213,30.399209,31.250608,16.891907,-11.605081,-41.286435,-55.700763
1.880348,10.114459,21.310099,28.358426,24.790679,9.953735,-9.598868,-23.993705,-26.496457,-17.726583,-4.604838,4.821862,6.512961,1.885039,-4.729708,-9.840829,-12.663331,-14.237284,-15.418111,-15.841301,-14.470465,-10.708994,-4.912081,1.755194,7.402804,9.30818,4.56114,-7.742759,-23.814834,-34.829812,-31.038368,-8.862675,24.136391,51.439879,57.072558,36.412658,0.164863,-32.163285,-44.919474,-35.749297,-14.964509,3.888022,14.039143,18.065351,22.020334,27.646178,30.401092,24.997056,12.586468,1.873813,2.167352,14.418779,28.925857,32.739127,20.815239,0.941551,-12.499741,-10.948408,0.589303,7.602729,-1.215567,-23.569421,-44.669565,-49.163144,-33.814176,-10.230746,4.491284,1.157528,-15.136762,-30.210666,-32.358372,-20.428949,-2.668362,11.056336,16.097182,13.760991,7.308219,-1.379672,-11.082471,-18.446169,-17.830251,-5.640688,14.526021,31.795272,34.870035,20.961069,-1.015634,-16.529846,-16.335858,-3.169994,11.387413,17.030709,12.962685,7.288306,8.673726,18.202077,28.7744,32.136474,26.538317,17.719998,12.509367,11.483028,8.079709,-4.61711,-25.6683,-44.590282,-48.435821,-31.990757,-2.530228,24.787953,36.959636,30.601326,11.814152,-9.827911,-27.205726,-37.215694,-38.821626,-31.61346,-17.142418,-1.001754,8.255508,4.373443,-11.024666,-27.997515,-34.584184,-25.327002,-5.012327,15.529724,27.818226,30.977741,29.693454,27.661094,23.446171,12.962671,-4.135726,-21.171905,-28.548899,-22.127253,-7.894289,2.301025,0.923401,-8.237619,-13.065577,-4.003163,16.859933,37.049143,44.597559,38.761644,30.446022,31.456508,42.280374,50.122785,39.999301,9.502938,-26.4049,-46.126213,-39.427011,-17.189986,-3.60694,-16.33243,-50.874475,-82.620903,-85.479979,-52.268663,-0.459042,41.046824,53.053385,38.211753,15.459789,2.886063,3.948931,7.827908,1.925495,-15.482561,-33.463064,-38.20827
-10.291081,-22.180722,-17.71722,-5.172277,-3.892532,-19.783225,-35.985721,-31.587906,-6.304159,18.955829,26.129876,19.029452,14.87983,20.772889,25.579223,16.910794,0.265277,-5.076374,10.97469,35.68071,45.806445,31.237348,3.142385,-20.125153,-30.940148,-34.970619,-39.869194,-45.927029,-47.727935,-41.163736,-26.823454,-8.68897,7.901548,18.188156,21.248136,21.794255,25.520506,30.847563,28.551543,14.095167,-0.880728,3.511892,31.113405,57.295411,49.667934,4.633591,-42.599885,-52.002974,-22.316855,6.592724,-1.115159,-35.143314,-50.31061,-20.146936,29.511473,47.634958,15.376613,-33.02861,-49.95316,-27.675818,-3.414501,-12.309293,-45.251504,-60.1984,-31.122716,23.503023,62.934123,67.111263,50.618258,37.549074,33.227195,26.073884,10.838499,-1.042581,2.703703,16.053503,19.115803,1.492231,-24.665377,-37.792963,-29.62491,-10.845534,3.884856,10.498309,13.099826,12.426584,3.709227,-13.422561,-29.058695,-32.211824,-24.278765,-17.867047,-20.44171,-23.487583,-12.839505,11.05503,28.83232,21.860105,-5.891504,-29.987076,-30.353313,-10.767574,8.460772,14.334542,12.915295,16.936184,27.21174,31.976073,24.107276,12.923805,14.206521,30.105105,44.066269,37.902081,11.225632,-18.934507,-36.208165,-38.347687,-32.234371,-21.12846,-3.142448,18.049461,28.343479,15.638111,-13.675957,-36.876122,-37.36296,-22.358874,-13.583257,-20.498657,-28.29381,-16.490013,13.301002,34.868672,25.558434,-6.727281,-29.850766,-21.179222,8.940033,29.729729,23.250369,1.112228,-11.489897,-3.37635,14.252763,24.073087,21.357922,14.74191,12.755558,14.725792,14.853236,10.587618,3.933531,-3.281256,-11.229042,-18.599657,-20.787307,-14.396442,-2.466484,7.543401,11.198538,10.19035,7.225485,0.751907,-11.847481,-26.601008,-33.04313,-24.994213,-9.358813,-0.189733,-3.178122,-9.170528,-5.526857,7.991133,18.463984,15.403557
34.003289,31.07985,14.70314,-4.77129,-18.584162,-25.99043,-32.367393,-41.664796,-50.92315,-52.224355,-40.125521,-17.382473,6.526672,22.701433,29.156881,30.55302,32.118045,34.044906,31.898048,22.415439,8.576919,-1.634129,-2.166062,4.945361,10.456208,5.737188,-9.180037,-24.69091,-29.058108,-18.006308,1.690557,17.552519,20.921381,12.669566,0.8971,-6.466834,-7.326934,-4.988147,-3.298465,-2.787355,-1.414396,1.589872,3.496176,0.312812,-8.549776,-18.130566,-21.124288,-14.086137,-1.026563,9.242343,10.111218,2.598938,-5.513548,-6.141096,2.526091,14.74977,22.063967,19.938168,10.88047,1.929141,-0.908454,3.245239,10.159342,13.803835,10.081901,-1.271672,-16.955477,-31.62485,-39.867517,-38.29734,-27.252736,-11.0361,4.09668,13.439835,16.474554,16.457564,17.122318,19.270334,20.344268,17.438512,10.872984,4.667445,3.055243,6.129434,8.984724,5.762023,-4.688452,-16.802555,-22.330005,-17.317283,-5.937135,2.532691,1.324566,-8.075879,-17.091655,-17.220749,-7.114202,6.370121,13.783892,10.391939,-0.843047,-12.406278,-18.004951,-15.868498,-7.648541,4.545166,19.151538,33.329054,41.27798,36.219579,15.841503,-13.326695,-37.53911,-43.797488,-28.73863,-1.438428,22.472837,31.133574,23.498708,8.253761,-3.671825,-6.614249,-2.30334,3.639749,6.640175,5.314602,0.257805,-7.76376,-17.648945,-26.345502,-28.645846,-20.149403,-1.566064,19.755043,33.47256,32.962697,19.835942,2.41457,-10.683427,-16.531348,-18.572161,-21.829196,-27.258948,-30.417009,-25.551069,-11.307119,7.137908,21.425348,25.923577,21.230427,12.681805,5.696566,2.214619,0.956343,0.461665,1.445768,6.02961,14.682783,24.086448,28.41685,23.471909,10.393959,-4.207056,-12.228865,-9.515171,1.051975,11.064192,11.890576,0.44699,-18.312417,-34.022874,-37.337588,-26.222924,-7.825868,5.859461,6.107261
-10.581552,-19.247035,-18.368223,-12.889833,-6.066518,7.265754,28.360771,43.883555,38.772994,17.34679,0.196054,-1.611499,1.77775,-1.585541,-5.339777,3.799817,20.073764,20.27147,-5.00798,-34.925847,-42.657719,-27.776401,-12.513403,-9.919349,-10.302002,-1.690989,10.345969,12.77817,5.815718,0.534518,-0.691395,-7.024781,-19.879664,-24.329356,-8.72803,16.06887,29.263342,27.624315,26.317661,31.275547,26.562138,-0.502523,-32.401654,-36.433882,-6.379295,25.971111,27.900455,3.959964,-13.692162,-7.644854,5.712347,1.601225,-20.349313,-37.246753,-31.632252,-9.506158,10.419827,17.530789,15.430878,11.905334,8.668849,1.563255,-11.951862,-26.907387,-32.337643,-19.876686,7.208483,33.703861,43.454585,32.502638,11.530257,-4.682243,-9.84503,-8.861186,-9.704347,-13.669549,-13.62964,-2.271908,17.280051,30.390354,23.852731,1.163632,-18.532166,-20.206005,-9.390695,-3.7924,-9.319282,-12.205012,0.774912,20.840271,25.296629,6.255779,-18.4067,-26.97764,-19.192949,-11.808793,-13.236693,-13.534633,-1.827134,15.647349,22.240094,11.828234,-4.104241,-9.739506,0.227295,18.829905,33.775816,34.492151,18.607867,-3.831145,-16.63981,-13.62371,-6.070616,-8.144987,-16.860714,-15.567917,0.899188,14.910749,7.982516,-12.633039,-21.397973,-7.842215,10.211662,11.923241,0.954227,-3.120821,5.308783,11.292242,3.928697,-6.56155,-4.926649,5.553164,8.502992,0.034607,-5.592033,0.618342,6.285339,-4.805437,-26.431361,-34.896775,-20.257351,0.149868,5.282847,-2.037202,-1.614874,14.016135,28.43893,23.752214,4.817843,-7.096974,-1.405346,9.93728,9.564909,-2.542491,-8.692904,5.399774,33.150531,52.060325,44.836441,14.995462,-17.368213,-33.931088,-32.226886,-23.303584,-18.450997,-20.26418,-25.136392,-29.889382,-33.119148,-32.338732,-24.130744,-8.028261,12.014907,30.322451,41.125156,37.814089
0.781733,5.940984,12.416422,16.003761,14.218391,8.686857,3.651183,2.280598,4.303801,6.624688,5.726357,-0.212362,-10.418755,-21.642126,-29.091823,-28.347246,-17.925509,-1.145876,14.439286,20.660039,13.856226,-1.773547,-15.670806,-17.465229,-4.63606,14.713755,27.179966,24.201573,8.969299,-6.018337,-9.057429,1.487175,16.500822,24.106988,18.984541,5.263589,-8.396175,-16.207957,-18.616682,-19.63567,-21.689691,-23.142937,-20.578207,-13.159871,-4.363369,1.053345,1.96277,2.319699,6.952491,15.683071,22.377904,20.835287,11.705338,2.621604,0.645031,4.903474,7.731975,3.395199,-5.256284,-9.800439,-5.654323,2.680199,6.346162,1.437314,-7.262926,-11.566976,-7.884767,0.204723,6.107421,5.809678,0.077791,-6.889576,-10.181906,-7.199719,-0.208533,4.135859,0.234939,-9.633568,-15.137186,-7.472203,9.780893,21.571173,16.018222,-1.703268,-12.661833,-3.333231,19.337513,34.062598,26.664728,3.747791,-15.732475,-20.418272,-15.494279,-12.54897,-14.873761,-16.164197,-11.996747,-7.19346,-8.725097,-13.981045,-11.364202,5.533352,27.490648,37.310618,28.035623,10.451358,0.717317,2.664262,5.60331,-0.446675,-11.276403,-13.462334,-1.737078,12.600407,13.020567,-3.810737,-23.521613,-28.408969,-14.680734,5.434169,17.047392,15.863148,8.539688,2.98307,0.821375,-1.239269,-5.583104,-10.984159,-14.602121,-14.573937,-10.371681,-2.428967,7.051163,13.613088,12.977753,5.155627,-4.494147,-9.496184,-7.796409,-2.614521,2.036593,5.488152,9.280176,12.880588,12.719845,6.71166,-1.346298,-4.17763,1.015191,8.026471,7.040277,-4.576985,-17.714328,-19.171067,-4.566653,16.540752,28.641124,23.391763,5.303817,-14.097959,-26.12983,-29.054492,-24.8565,-15.177224,-1.751975,10.884817,16.309685,11.631522,1.363397,-5.824983,-5.017522,0.730855,4.469288,3.016618,-0.353761,-0.684533
7.538537,1.154535,-9.551394,-16.06405,-12.68984,-2.128392,6.300637,4.660172,-6.347307,-17.503203,-18.760505,-7.872301,7.622861,16.813585,14.586793,5.592263,-0.219464,3.722557,15.34582,26.273703,29.053625,22.581477,11.364897,0.338091,-9.150159,-18.367977,-26.927152,-30.482636,-23.767054,-6.689821,12.58752,21.717333,13.18334,-8.895078,-30.269527,-35.978357,-20.797686,7.101817,31.822395,40.20938,29.491976,7.356065,-14.326501,-26.823383,-28.1549,-21.938673,-13.743363,-7.850747,-5.772195,-6.276003,-6.354633,-2.934961,5.022586,15.206988,22.841272,23.849366,18.211786,10.561464,6.912125,9.779836,15.824997,18.416266,13.31594,2.672612,-6.371328,-7.564977,-0.952161,6.994655,8.796932,2.328743,-7.413822,-12.673616,-9.607047,-1.495846,4.138047,1.792818,-7.858477,-19.21872,-26.77992,-29.125145,-28.542468,-27.243217,-24.303093,-16.472236,-2.039465,16.12822,31.514468,38.248402,35.027491,25.34474,14.156914,4.275819,-4.339895,-12.298456,-18.352904,-19.654314,-14.585122,-5.260992,3.106353,5.829638,2.255108,-3.964701,-8.010605,-7.520087,-3.484908,1.999424,8.441858,17.066861,28.062327,37.924752,40.263657,30.363739,9.991403,-12.001384,-24.629084,-22.010497,-7.461994,8.734882,16.231669,11.068077,-2.774993,-17.206994,-25.811058,-27.296502,-24.774303,-22.340176,-21.983775,-22.810989,-22.382615,-18.615678,-10.936105,-0.435529,10.543885,19.093796,22.72345,20.545275,14.057056,6.747484,2.396461,2.986449,7.621835,13.223563,16.490807,15.766295,11.673414,6.394174,2.311735,0.848081,1.887519,3.808456,4.125388,0.744337,-6.546025,-15.298289,-21.309765,-21.149149,-14.764437,-6.039934,-0.377189,-0.730752,-5.110211,-7.781868,-3.593639,7.786415,21.092149,28.892937,26.657713,15.598868,1.305603,-10.423676,-17.07245,-19.665228,-20.196605,-18.978243,-14.415496,-5.287796
-14.371516,-12.44253,-9.643664,-14.355611,-26.21893,-33.485437,-23.298846,4.620325,35.01558,48.655052,37.926087,12.41508,-9.792804,-16.756757,-10.865108,-4.522503,-7.609936,-17.547208,-21.167521,-8.025255,16.576226,32.992596,24.960159,-2.418903,-24.568702,-20.761589,3.973567,23.065388,16.367303,-8.200515,-24.231143,-17.185541,0.007645,4.846393,-5.305002,-9.386738,9.453687,38.828281,48.445315,26.77606,-1.964242,-4.505783,20.570983,37.657129,14.141589,-39.58504,-77.682935,-66.773944,-20.060096,19.642291,25.604827,8.734856,-4.840853,-6.818299,-9.237266,-18.802642,-21.956852,-2.956724,29.149529,43.160781,19.408677,-25.231201,-52.707407,-43.123598,-13.072283,6.184892,2.663721,-9.107421,-10.624838,0.230766,14.529167,30.025138,52.88222,80.336902,91.278111,64.386594,6.461712,-44.949891,-53.886489,-20.959142,17.280353,24.610162,-1.433695,-32.553716,-41.958079,-29.454653,-15.544493,-16.377187,-28.717343,-37.704674,-33.935183,-20.285264,-4.964038,7.242896,15.657593,19.249768,15.719968,5.882991,-3.51954,-4.176183,5.815902,19.197129,25.715414,21.195327,10.182409,-0.260235,-8.310081,-17.556092,-29.077566,-35.117739,-23.898812,7.017485,43.138844,62.313564,54.423405,31.514509,15.955293,17.511307,23.908797,16.037116,-8.696134,-31.772839,-34.072652,-18.503596,-8.074618,-20.403033,-47.254866,-62.65753,-50.648154,-21.522462,0.774564,4.420836,-0.610646,2.266609,16.242439,29.512039,31.444059,25.242353,22.369265,27.293,31.843905,25.157176,6.228808,-15.384006,-29.663574,-34.100411,-31.783114,-25.017486,-13.704029,0.76546,13.136456,17.564597,12.434542,0.883306,-12.487688,-23.526195,-27.36674,-18.47532,4.752834,34.828267,56.951756,58.963202,41.230585,16.958476,2.12178,3.545467,14.437797,19.822133,7.368558,-23.226849,-57.975241,-76.034458,-63.966535,-27.418673,10.414,25.214468
1.176328,4.283782,0.34271,-8.284621,-14.306023,-11.473906,0.109689,13.812253,21.460197,19.266943,9.961151,-0.158721,-6.300353,-8.094084,-8.432183,-9.970487,-12.687403,-14.384137,-13.100258,-8.903706,-3.560301,1.156855,4.614704,6.958101,8.08397,7.481488,5.318476,3.459893,4.7883,10.793278,19.414645,25.456045,23.916423,13.929487,0.092434,-10.193649,-11.593177,-4.321059,6.283922,13.584242,13.867821,7.982713,-0.326085,-7.572011,-12.611394,-16.414297,-20.291341,-24.346854,-27.33888,-27.75573,-25.020929,-19.89077,-13.908882,-8.446865,-3.976577,0.06011,4.754377,10.832636,17.805018,23.736214,26.017189,22.890407,14.781593,4.373611,-4.8479,-10.627375,-12.99382,-13.461567,-13.045289,-10.863505,-4.718981,6.626993,21.335888,34.451776,40.30796,35.83522,22.520486,5.770425,-7.77257,-13.273561,-9.604072,0.422878,11.216665,16.532816,12.115962,-1.949659,-20.515143,-35.37143,-39.588757,-31.823059,-17.519853,-5.638029,-2.74361,-8.595545,-16.563286,-18.668329,-11.452461,1.776449,13.848386,19.199725,17.446021,12.473073,8.363912,5.993646,3.160237,-2.278002,-9.47195,-14.683334,-14.298504,-7.940177,1.134012,8.593378,12.158296,12.589172,12.018078,11.569007,10.640297,8.336658,5.296209,3.781128,5.715518,10.524155,14.984711,15.4775,10.760317,2.876213,-4.507203,-8.766555,-9.730719,-8.957603,-8.026319,-7.636744,-8.078188,-9.957784,-13.818633,-18.745455,-21.653587,-18.792947,-8.91332,4.536867,14.638049,15.442716,6.455235,-6.530862,-15.223808,-14.500542,-5.623071,5.333064,12.315034,13.42537,11.319155,10.128574,11.870776,15.210265,17.032534,14.954564,8.644885,-0.541581,-10.508844,-18.840251,-22.864094,-20.375817,-11.29149,1.06694,10.864642,13.08751,7.153476,-2.261099,-8.359762,-7.195639,-0.534685,5.79377,6.72992,1.964075,-4.208927,-6.836539
17.994544,9.031477,-8.31707,-19.444923,-15.173402,-1.96852,4.094984,-6.349605,-26.637413,-40.969582,-38.980388,-22.583722,-0.561722,19.725616,33.998409,38.174193,29.364765,11.599791,-2.925427,-3.099188,9.42222,20.363864,16.956095,1.132156,-13.337183,-16.43966,-11.765556,-9.347836,-11.411616,-9.730773,1.673381,15.029613,14.870457,-3.433757,-24.539834,-26.260152,-2.556181,28.2717,39.743507,21.635269,-11.447738,-34.463823,-33.793117,-16.069246,1.490484,7.303817,3.013331,-1.880109,-0.581229,5.594471,10.51656,10.343086,6.869177,4.214907,3.182749,0.237466,-7.122851,-14.83248,-14.304619,-1.627929,15.96988,25.151529,19.384339,6.050308,-0.908732,4.401571,13.829,14.316442,1.750855,-15.710319,-27.277996,-29.858009,-27.598778,-23.46989,-15.060324,-0.00353,16.942518,25.658292,20.462067,6.655398,-4.036722,-4.275183,3.162515,9.59737,9.042052,2.90416,-1.929077,1.180982,12.857168,25.033777,24.550612,3.453269,-30.909327,-57.321744,-56.945348,-31.277607,-2.584017,6.855938,-3.196534,-11.651712,-0.1653,25.446176,40.932181,30.890888,7.034843,-3.661965,11.836192,38.428119,48.99357,32.458839,3.462469,-14.832644,-14.005084,-5.055735,-2.853091,-10.266189,-18.72447,-21.113232,-20.055226,-22.729999,-30.185066,-34.555902,-27.292455,-8.898072,10.318126,18.942069,13.755373,1.186654,-9.295148,-12.783504,-10.664171,-6.196094,0.137357,9.984819,22.314712,31.219038,30.719455,22.162219,14.834447,16.835405,25.200883,27.354239,14.286695,-8.40239,-24.791685,-24.629292,-13.422564,-5.202196,-6.606404,-11.036948,-9.165929,-1.988742,0.265789,-8.000984,-18.946347,-19.359936,-6.282021,8.959704,13.386005,6.394372,-1.428761,-2.270333,-0.038003,-3.716442,-14.501538,-23.397438,-22.03696,-12.644167,-4.56045,-2.055054,0.953442,12.490174,30.704575,43.156594,38.694608,19.191607
-5.928745,-11.670806,-19.96651,-30.652429,-38.10241,-34.193202,-17.39067,2.498325,11.880183,6.919874,-2.179825,-2.148861,9.048942,21.036397,23.929387,19.359535,16.489237,19.085706,20.81899,14.69963,3.653893,-2.449174,0.083241,3.076051,-3.158168,-15.977912,-21.454429,-10.586666,8.618276,18.502441,10.594599,-5.878584,-15.109333,-11.650235,-3.806884,-1.57242,-5.102712,-6.827644,-2.375206,4.192862,6.228993,2.576305,-2.247108,-4.545795,-5.451681,-8.031919,-12.480956,-15.716621,-14.807021,-9.10948,0.640684,13.110425,24.995285,30.38417,24.142668,7.040745,-13.261546,-27.20778,-29.434341,-20.495992,-4.576532,12.660329,24.824042,26.880005,19.232357,9.121018,5.201452,9.22829,14.090689,11.407696,0.586044,-10.97152,-16.315852,-15.590269,-13.41669,-11.738023,-8.036504,-0.632111,7.179921,10.353725,8.050037,3.654968,-1.082485,-8.690344,-20.506666,-30.609079,-29.41134,-14.741013,3.434724,12.365373,9.970314,6.035251,9.394896,17.033587,18.752157,11.100016,2.314956,1.807336,8.032672,10.74719,4.661468,-3.622588,-4.659024,0.853055,2.71282,-4.838828,-14.191125,-12.947023,0.031056,11.38291,7.639286,-9.557817,-24.988881,-25.520589,-11.714974,5.732706,17.411012,20.864642,17.767777,10.545278,3.102925,0.863379,5.662334,11.074175,7.117656,-7.915013,-22.544731,-22.601946,-6.951802,10.077952,13.628263,3.876562,-5.711978,-4.863535,2.172155,3.331511,-5.692104,-16.07484,-16.313824,-5.165138,7.777933,12.868545,9.106295,2.212937,-2.935575,-5.833361,-7.735015,-8.575046,-7.463377,-4.532957,-0.739982,3.472273,7.807766,10.715999,10.247238,7.057387,4.951041,6.689956,9.969066,9.82739,5.529788,2.641509,6.025784,11.992084,10.955147,-0.608213,-13.432368,-14.181202,-1.080889,12.204185,10.496541,-6.387585,-23.564767,-27.437658,-19.450081,-12.087965
-4.607226,-1.391049,10.442372,23.271207,27.519817,21.321131,11.509237,4.917365,0.858167,-5.812752,-15.25434,-19.781907,-12.708137,1.460129,9.290606,2.70987,-10.694526,-14.623069,-2.126328,15.237888,18.499987,1.575323,-21.183703,-28.813846,-14.60808,7.662816,17.976283,9.301245,-7.46725,-16.04712,-10.329134,2.350972,10.956611,11.355846,7.340259,3.636139,0.455956,-4.670994,-11.496329,-15.55625,-12.664149,-4.024366,4.239036,6.984039,5.07292,4.041235,7.739779,13.712534,15.411413,9.263603,-0.670854,-5.688653,-0.714597,10.253527,17.478648,14.985025,6.851047,3.25138,9.336658,18.209972,16.360391,-2.539245,-29.323374,-46.252748,-43.495126,-28.449239,-17.43816,-17.878998,-20.28087,-9.73233,15.06817,36.919283,36.523219,13.307939,-12.634981,-20.803625,-11.041977,-1.755066,-7.521597,-21.50868,-22.880055,-0.903596,31.69293,51.229321,47.076755,30.366231,19.103451,18.366511,18.143665,8.927022,-5.642518,-14.354186,-13.882375,-13.643265,-23.417317,-39.087823,-44.692579,-29.47037,-0.630845,22.562218,26.701944,15.083328,1.743368,-2.76752,1.01411,5.467324,4.332438,-2.922184,-12.254824,-18.301311,-17.462228,-10.419624,-2.469351,0.378908,-2.633337,-5.506952,-1.709741,7.916921,15.360141,14.830111,10.469425,11.895074,21.453403,28.608607,20.180409,-3.575846,-25.682713,-27.596649,-7.8019,15.822713,22.629094,7.975445,-13.923532,-24.201623,-15.785521,2.344261,14.406092,10.86977,-4.905295,-20.019809,-22.155923,-9.347689,8.051509,15.864765,8.786402,-4.543894,-10.100213,-2.752432,8.846321,12.355318,5.391182,-3.132467,-5.114395,-3.291386,-6.127211,-14.14311,-16.487859,-4.459414,14.032567,19.302125,2.043039,-22.221895,-25.887894,1.703246,40.337147,56.832878,37.012661,-1.495603,-27.936718,-27.586719,-11.529636,-0.41602,-2.823589,-10.668424,-12.309347,-5.670546
1.447568,-1.029947,-2.95321,-2.372948,0.480718,3.180829,2.987686,-0.935239,-6.855373,-11.900151,-14.294433,-14.416347,-13.761522,-12.840485,-10.095443,-3.102013,8.744296,22.386199,32.026112,32.592531,23.372826,9.046946,-2.863945,-6.518815,-1.204772,8.533065,15.973323,16.293238,9.019316,-2.366013,-12.90127,-18.829635,-18.948092,-14.316148,-7.088646,0.545125,6.854056,10.65401,11.362647,9.14628,4.960814,0.244385,-3.708613,-6.342219,-7.988417,-9.431671,-11.167992,-12.891308,-13.622081,-12.450513,-9.383957,-5.621631,-2.915398,-2.350036,-3.419117,-4.207232,-2.735001,1.432977,6.60227,10.036762,10.069108,7.610587,5.696584,7.171299,12.209397,17.736973,19.470019,15.174446,6.585448,-1.700207,-5.672674,-5.01879,-3.31393,-4.981129,-11.374315,-19.20846,-22.795529,-18.484371,-7.816849,3.205167,8.331063,5.581033,-1.381318,-6.053727,-3.903683,4.454471,13.980594,19.065407,17.479135,11.532426,5.879167,3.921617,5.600279,8.015675,8.069082,4.917162,0.43969,-2.40659,-1.923646,1.053198,3.739919,3.274803,-1.483942,-9.367647,-17.72657,-23.977802,-26.828427,-26.484683,-23.905287,-19.799355,-14.197925,-6.951268,1.272021,8.425877,11.716864,9.299456,1.950554,-6.628681,-11.452044,-9.020169,0.536879,13.433939,24.407753,29.66119,28.651139,23.707473,18.047806,13.765223,11.098337,9.105801,6.826174,3.921761,0.565564,-2.913082,-6.079211,-8.204507,-8.393205,-6.313749,-3.022705,-0.895038,-2.211781,-7.206065,-13.202161,-15.948586,-12.552451,-3.917977,5.337294,9.719841,6.51583,-2.415991,-12.024684,-17.503721,-17.155369,-12.682415,-7.097283,-2.308291,1.570514,4.928012,7.027132,5.964049,0.544324,-7.611068,-13.964366,-13.655598,-5.097842,8.273785,19.752345,23.58289,18.631342,8.809077,0.018633,-3.989368,-3.735088,-2.690657,-3.820941,-6.848538
25.324479,4.831931,-20.39868,-25.130084,-5.548911,16.841734,19.747916,3.771849,-11.702572,-12.86606,-5.336097,-2.659345,-7.250507,-8.890046,-0.62252,11.017027,15.207738,11.822764,10.771264,16.455017,19.544758,9.137143,-9.896351,-18.814312,-6.89776,12.949687,15.990108,-6.656289,-36.076579,-43.809742,-20.585158,15.053974,35.542039,28.996641,5.744224,-15.258758,-22.876028,-18.394073,-9.085539,-0.596092,5.544567,10.115542,13.394009,13.64222,8.354223,-1.954437,-11.258365,-11.663217,-1.848929,8.846065,7.908781,-6.984752,-23.540923,-26.10805,-11.431947,8.428987,18.931693,16.54291,8.467272,2.003602,-1.501458,-2.22252,3.012989,16.137309,29.963791,31.370083,16.07801,-2.922238,-7.314649,5.331836,16.799726,8.123112,-17.980281,-39.167078,-38.312284,-21.745427,-9.594035,-11.154333,-15.831558,-9.554421,5.573653,13.567425,5.019861,-11.034511,-18.576891,-13.738899,-6.939188,-6.517809,-6.62349,4.18354,25.097303,40.157505,35.38428,15.211765,-1.976257,-3.631558,5.459239,12.023168,10.55741,7.154938,8.797439,13.83378,15.222177,10.052395,1.799415,-6.33037,-15.70803,-27.194494,-34.494873,-27.890614,-6.705629,14.828809,18.35994,-0.560696,-26.745766,-39.147341,-30.209981,-10.997424,2.048604,3.639683,2.408698,8.810679,22.552631,32.911339,30.474277,16.934049,2.673076,-4.412831,-6.172913,-9.762899,-17.121452,-21.019758,-12.946047,5.805914,22.969151,26.393303,15.569975,0.984219,-7.275592,-8.024082,-5.622344,-1.381176,7.337323,19.016554,23.800041,12.668354,-9.215024,-23.434355,-16.741512,2.824315,12.669375,-0.048319,-23.990865,-36.39166,-28.239907,-12.174761,-4.667778,-5.669474,-1.231962,15.258458,31.592594,30.628826,12.057142,-6.166324,-9.012544,-1.283079,1.222555,-5.711519,-8.497284,5.1428,26.322348,31.469779,9.459449,-23.162793,-38.198091,-25.113197
13.217017,8.31102,-1.828813,-8.067005,-5.037392,3.433525,8.566524,5.486105,-2.703978,-8.90201,-8.813564,-3.820624,1.442404,3.196801,0.814035,-3.371449,-5.900276,-4.804001,-1.507313,0.0875,-2.487929,-6.92041,-7.616152,-1.544874,7.618746,12.209751,7.915586,-1.976675,-9.908246,-11.034771,-6.363554,0.270534,6.553815,12.148531,16.046489,15.670345,9.602153,0.343269,-6.943406,-8.740241,-5.833934,-1.818343,0.270527,-0.372867,-2.931767,-5.968216,-7.860504,-7.472107,-5.151659,-2.48081,-0.208918,3.100257,9.019582,15.577958,17.199706,10.075842,-2.54169,-12.140215,-13.034521,-7.754463,-3.195343,-2.153988,-0.861886,4.391196,10.471692,10.150888,1.711192,-7.148236,-7.485195,-0.281113,3.577216,-4.175505,-18.462248,-25.081407,-15.706395,3.177353,17.104506,17.898025,9.702338,2.084464,0.156267,2.587098,6.709473,11.882669,17.188243,18.805884,12.738561,0.111599,-12.427033,-18.683054,-18.25292,-14.989185,-11.417344,-6.862686,-1.190723,2.287405,0.175206,-5.272947,-6.604797,0.858989,12.515578,17.991866,11.656089,-1.505172,-11.097525,-11.387588,-5.184646,1.315645,5.22519,7.612563,9.342112,8.959511,5.330932,0.52228,-1.866355,-1.090331,-0.428998,-3.203124,-8.459028,-11.712296,-9.896355,-4.642496,-0.291864,0.69489,-0.260222,-0.064757,2.63282,6.335883,8.313789,6.915042,2.774921,-1.574106,-3.404658,-1.910952,0.956501,2.222666,0.993616,-0.415425,0.864603,4.469616,6.559606,4.028633,-1.560508,-5.353477,-4.736672,-2.457648,-3.216105,-7.489965,-10.114782,-5.823075,4.307217,12.874873,12.851509,3.95436,-7.462019,-14.00701,-12.446253,-4.577043,5.073569,11.711747,11.927581,5.258695,-4.734228,-11.729666,-10.655237,-1.656607,9.604439,15.921386,13.60274,4.723762,-4.769046,-9.392821,-7.842976,-3.54855,-1.480306,-3.488439
1.077415,0.456794,8.052685,22.299318,30.108216,18.002055,-11.650433,-37.875036,-38.644168,-12.943174,16.272872,23.36472,4.559653,-19.525317,-25.372166,-8.892735,13.67464,24.073715,18.164553,5.060426,-4.605768,-6.1439,0.456793,12.620308,23.325923,21.860601,3.366803,-21.088041,-29.677002,-10.994099,20.21689,33.753773,13.850841,-23.313911,-45.210581,-35.762621,-9.549046,7.155168,5.15264,-2.088054,0.294382,8.685024,6.931669,-10.786953,-29.786136,-30.378677,-10.068753,14.069885,24.523984,20.466752,14.061472,13.526976,14.917369,10.899125,2.791409,-0.351602,6.208344,15.69573,16.596458,5.072357,-11.223019,-21.006524,-19.184581,-9.112507,2.274976,9.789384,11.837033,9.798744,6.567335,4.344095,2.709844,-0.436642,-5.034593,-6.910715,-1.889963,7.608833,12.299931,4.724332,-12.141232,-27.262562,-33.284397,-33.75101,-36.455315,-40.863442,-36.189701,-14.458408,16.324645,35.999516,31.316201,10.258824,-4.302515,4.273985,31.417269,56.005722,58.498347,35.659561,1.331825,-24.326644,-27.99078,-10.907323,12.525702,24.765202,17.716968,-1.683785,-18.266519,-21.958256,-14.867147,-5.836152,0.040777,4.571116,9.999418,12.952902,7.605911,-6.039793,-20.183087,-26.864231,-25.815425,-22.869945,-21.726661,-20.160879,-14.958672,-7.727292,-3.107474,-2.227254,-1.116991,3.636983,10.57286,16.932702,24.180233,35.230352,45.364309,41.091018,13.837546,-25.409002,-50.760858,-44.975714,-16.8891,8.400977,16.568339,16.933532,26.115415,43.086542,47.407648,24.136959,-14.666397,-39.162387,-32.586138,-8.628889,4.246165,-6.668707,-26.512134,-30.343594,-8.667129,25.053352,48.157268,46.636139,22.09544,-12.279928,-39.74745,-48.524884,-39.123114,-24.826361,-20.711048,-28.4862,-33.509613,-20.273172,9.083966,35.103953,41.44917,32.06451,24.428446,27.122711,29.567117,16.717156,-9.953886,-31.846504
10.699926,-5.283359,-18.513789,-18.037291,-3.20978,15.725325,25.940377,21.722961,7.459873,-7.636661,-17.318417,-21.540526,-23.349337,-23.870613,-21.016551,-12.932266,-1.890749,6.184719,6.70222,1.026547,-4.19119,-2.852045,4.927614,12.787274,13.938391,7.453635,-0.845586,-3.69245,1.132777,9.099497,13.32684,10.679136,3.843124,-2.145283,-5.03712,-6.93138,-10.914247,-16.552639,-19.224364,-14.363992,-2.591303,9.518803,14.283963,9.2657,-0.578877,-6.916064,-4.675636,4.400312,13.971335,18.567569,17.341169,13.352741,9.999492,8.374544,7.602523,6.80131,5.955802,4.861239,2.011927,-4.384961,-13.707258,-21.589832,-22.424804,-14.373565,-2.329955,4.748751,0.806211,-11.810412,-23.493671,-24.778257,-13.931869,1.783715,12.241529,12.534888,6.017748,0.082978,-0.909328,1.135133,1.263755,-2.595333,-7.199348,-7.514482,-2.505177,2.936667,2.29516,-5.943159,-15.839173,-18.450711,-9.327546,7.80105,24.449494,34.507193,38.305489,40.070977,41.836811,40.354817,30.409384,11.268534,-10.508776,-25.381195,-28.656727,-24.392978,-21.298692,-24.210643,-29.266294,-27.708651,-15.074726,2.950057,14.072026,9.783435,-6.556758,-21.489719,-22.009164,-6.038737,15.97429,29.399442,26.37381,10.435191,-7.962913,-20.00088,-23.545542,-21.573305,-17.282411,-11.427547,-3.864596,3.721676,8.021273,7.56905,5.495699,7.646234,16.886417,28.973027,34.712915,27.381915,8.981451,-10.599049,-21.127165,-19.633768,-11.342382,-3.519905,1.440235,6.870601,16.048747,26.120905,28.666691,17.27347,-4.927526,-25.609921,-32.286421,-22.441057,-5.586731,4.844652,2.592343,-7.252778,-14.334962,-13.131817,-7.286034,-4.325711,-6.540126,-7.655451,0.809937,19.512734,37.837851,41.457895,24.700909,-3.643993,-26.893083,-33.866879,-27.123059,-18.723628,-17.826743,-21.971101,-20.274984,-5.319711,17.891505,34.809222
5.952964,3.883597,-1.04726,-7.179124,-11.087227,-8.679842,0.631503,11.039389,14.228461,8.024638,0.093178,0.584568,10.579509,19.871388,17.947184,6.09205,-3.955357,-3.872913,1.248451,-0.744274,-13.443514,-25.79257,-23.564617,-5.667062,13.445509,18.104432,6.60909,-8.657981,-14.657546,-9.320645,-0.538991,3.356231,0.314271,-6.342904,-12.067332,-13.369921,-8.59735,0.597432,8.723334,10.173771,5.274601,1.363916,5.459091,15.52862,21.149519,14.560236,0.206399,-8.95719,-5.421709,4.210924,6.336074,-4.05379,-16.695986,-16.253532,1.257281,23.302465,32.257946,21.447678,-0.019711,-16.937048,-21.227718,-16.238641,-10.384178,-8.614999,-9.91748,-10.986807,-10.307882,-8.518325,-6.315042,-3.422358,0.448555,4.793864,9.19883,14.373086,20.952187,26.789103,26.632343,16.416343,-1.321325,-17.404581,-23.266875,-19.004574,-13.281478,-13.937151,-18.754225,-17.013157,-1.42578,21.861462,36.628025,31.00149,8.656302,-14.447551,-24.152633,-18.871299,-7.570498,0.822891,4.947009,9.25729,17.159259,26.844512,32.742137,29.652105,15.959562,-5.101743,-26.161107,-39.006376,-39.70496,-31.598007,-22.286455,-16.440066,-11.785408,-3.176165,9.522963,19.235875,18.648283,8.854895,-0.549962,-0.701528,7.980394,17.135185,19.591746,15.794045,11.123813,8.60477,5.980348,-0.165525,-9.078217,-15.747698,-15.762056,-9.493286,-1.656226,2.554357,1.062804,-4.036866,-8.154239,-7.687444,-3.265186,0.311805,-1.359461,-6.926567,-9.451747,-3.554971,7.577264,14.104358,9.79274,-0.505828,-5.538998,-0.115177,8.923153,10.643201,2.896733,-5.115694,-3.738891,5.784862,12.993019,10.569985,2.36779,-2.128534,0.573853,4.501811,2.293679,-5.912787,-13.445378,-15.524066,-13.972412,-13.04236,-13.007181,-10.240609,-3.056222,5.077068,9.273449,8.706057,6.642483,5.60429,4.625934,2.060269
2.143346,4.852082,5.910803,5.279501,3.266443,-0.955597,-6.906343,-10.31749,-6.701782,1.98316,7.433528,3.725584,-6.253693,-15.218164,-19.665332,-19.655797,-12.566256,5.305713,27.857259,36.99488,20.160829,-11.048404,-28.925435,-20.127306,-1.12531,3.563169,-6.469641,-8.128355,11.540178,34.380062,33.035324,7.52705,-13.135276,-7.484256,12.098662,17.690517,3.024897,-10.216514,-3.520834,13.272178,15.575211,-3.817315,-26.753539,-33.485509,-24.713791,-15.411635,-13.533141,-13.072509,-6.777398,2.43204,6.148223,2.022459,-3.84714,-4.376723,2.349366,13.459233,23.747924,27.256933,20.652665,7.835288,-1.368164,-0.759783,4.818153,5.158857,-2.228536,-8.890849,-7.143316,-0.787167,0.730093,-3.087224,-2.061235,9.076185,19.196831,11.901025,-12.743536,-34.697924,-35.436117,-18.109575,-1.142111,5.068225,7.03521,12.747636,16.537876,7.705303,-9.430828,-15.497413,-0.489834,19.725228,20.362545,-1.04021,-20.086054,-15.229968,6.075484,18.223561,9.860181,-4.818229,-8.125963,-1.716614,0.219201,-5.70402,-7.374344,2.850268,14.11191,10.679724,-5.617323,-16.253138,-9.528598,5.289976,11.321338,5.141038,-2.33548,-2.79521,0.339051,1.061598,1.02131,4.728742,9.040686,5.623968,-5.658627,-13.056539,-6.904317,6.733627,12.023152,2.323994,-11.633631,-13.985664,-0.965259,15.955398,21.64663,9.793201,-13.623167,-34.89,-40.675911,-26.434162,-0.410161,21.779558,29.401146,24.200798,15.413953,8.686526,2.359661,-5.791685,-12.125752,-10.448648,-0.58233,9.457933,10.844441,2.372658,-8.760038,-13.396347,-7.503407,5.104379,15.449772,15.980854,6.896947,-3.719779,-7.691117,-5.20992,-4.042797,-9.494326,-17.084893,-17.531903,-8.226084,3.385222,8.954273,9.046574,10.814999,16.721151,19.478436,10.683547,-6.99223,-19.4877,-14.864868,3.493898,18.465289,14.745726
2.58595,-6.201224,-12.614594,-6.324728,10.109632,20.877112,12.29594,-11.464071,-30.056499,-25.779032,-0.574572,25.970092,34.658376,22.104294,0.139146,-16.394163,-19.782571,-10.864111,4.106302,16.152682,17.107563,5.856008,-7.992114,-10.673666,1.747517,16.839878,16.991501,-1.338335,-21.938833,-25.043175,-8.365529,10.89895,15.419522,5.828652,-2.91484,-0.781458,6.723965,8.409548,3.078777,0.06776,4.850219,10.18384,5.614373,-7.220285,-14.951564,-9.602566,-0.323942,-2.985493,-19.391063,-32.76438,-26.836084,-5.845222,9.52146,5.923415,-7.825284,-12.412051,-1.017416,14.467679,19.93608,15.943592,13.976462,18.858086,21.554915,11.857536,-6.267223,-17.309057,-11.812419,3.382463,14.542641,16.898675,16.465374,17.135942,12.343049,-5.919458,-32.168312,-47.661912,-38.479037,-10.992241,13.883654,21.402739,15.246174,8.994875,9.08327,9.583064,2.830782,-8.998,-15.340596,-8.766419,7.297762,21.986944,25.915721,16.466857,-2.714063,-24.316509,-39.868599,-43.113611,-33.627642,-17.008639,-0.344287,12.366997,19.65852,18.96651,7.195769,-12.883332,-28.965389,-26.746811,-3.918576,24.798007,39.679455,34.141181,19.753705,12.683362,16.756772,21.649665,16.860666,4.42697,-3.831042,-0.052265,11.23919,18.544032,14.975364,3.163677,-9.674673,-18.785193,-23.643599,-25.293008,-24.479578,-22.271893,-20.415855,-19.854153,-19.713082,-18.885181,-18.113778,-18.913507,-19.943654,-16.001724,-2.693901,17.272834,33.547416,35.474186,21.173012,0.05264,-13.511667,-9.970524,9.578204,34.917851,53.457563,57.254505,46.128806,25.795233,3.432491,-15.508354,-27.623689,-30.972154,-26.12457,-17.762272,-12.868172,-14.751789,-18.739527,-16.131245,-4.291299,8.222937,9.23953,-3.457488,-18.185007,-21.276665,-12.367542,-4.921627,-10.033749,-21.705594,-21.53496,1.043812,35.176494,57.067305,51.73987,25.587425
20.807914,19.496157,11.456008,0.733878,-7.501494,-10.184316,-7.989726,-4.297845,-2.349266,-2.766062,-3.296622,-0.932163,5.277475,12.932203,17.593284,15.79716,7.555738,-3.519071,-12.569387,-16.593241,-16.042739,-13.842448,-12.714085,-12.940233,-12.290394,-8.105549,0.159089,9.987824,17.2584,19.025079,15.519815,9.857659,5.695393,4.649003,5.42326,5.244615,2.388569,-2.241007,-5.748116,-5.595469,-1.795346,2.835358,4.632079,1.790508,-4.258065,-9.901689,-12.081525,-10.651549,-8.553158,-9.604562,-15.480307,-24.078454,-30.494827,-29.980463,-20.892601,-5.710156,10.441291,22.655081,28.61729,29.141607,26.860742,24.2159,22.103462,19.843637,16.165874,10.359534,2.869042,-4.856588,-10.99421,-14.072516,-13.535784,-10.013488,-5.182183,-1.140654,0.56697,-0.190207,-2.007826,-2.851534,-1.557619,1.109671,2.79008,1.277891,-3.447731,-8.539209,-9.81831,-4.783673,5.001937,14.15017,16.631785,10.013908,-2.24003,-12.377061,-13.207911,-3.102273,12.395009,23.740864,23.484853,11.228187,-5.999446,-18.326429,-19.525464,-10.965009,-0.322666,3.989795,-1.254229,-11.978706,-19.905173,-18.58406,-8.041625,5.209623,12.708012,9.84564,-1.128401,-12.869855,-18.042609,-14.109206,-4.591066,3.780102,5.756937,0.817226,-7.01171,-12.167427,-11.008779,-3.425807,7.983817,19.940896,29.936991,36.298642,37.518555,32.156145,19.899362,2.992414,-13.532018,-23.722745,-23.922253,-15.215851,-3.180721,5.266833,6.03154,0.239528,-6.794528,-9.356149,-5.267564,2.736398,9.08105,9.329332,3.224711,-5.292204,-10.977749,-10.927616,-6.374891,-1.480594,-0.141103,-3.184493,-7.916627,-10.198396,-7.43752,-0.345003,7.667766,12.834311,13.345971,10.064481,5.372396,1.262206,-1.817281,-4.593977,-7.591464,-10.027294,-10.013448,-6.004533,1.597988,9.986795,15.165026,14.182084,6.981203,-3.348272
-2.066036,0.115561,-2.230132,-8.438424,-13.261988,-13.134632,-10.592942,-10.950286,-14.873494,-16.383101,-9.879286,1.740323,8.707374,5.758629,0.458613,6.901409,29.26913,53.104835,56.21153,30.229062,-9.250951,-35.756141,-35.763231,-19.144119,-6.248861,-6.519828,-11.674215,-9.119269,1.571046,8.568557,3.25687,-8.21481,-11.736487,-2.365511,9.138295,8.863502,-3.217829,-12.328173,-5.909553,11.080769,20.824492,12.390035,-5.914084,-15.54158,-7.517424,9.236624,19.195257,16.75796,9.237793,5.102753,3.521373,-2.231564,-13.38671,-21.955334,-19.797622,-8.925198,0.13485,0.012806,-6.071125,-9.642492,-7.53086,-4.244133,-4.084923,-4.380779,0.667124,10.570274,16.72799,12.052088,0.738056,-4.628011,3.399366,18.244888,25.642759,18.399584,3.404123,-6.083457,-3.494238,6.487816,14.640277,15.797919,10.448958,0.646371,-12.473044,-26.882242,-38.080782,-41.754079,-37.846637,-30.273956,-22.038046,-12.033078,1.970868,17.952792,29.429301,31.667305,26.950221,21.958316,19.951141,17.330277,9.205167,-2.632231,-9.557386,-5.069206,7.044803,15.157232,11.002588,-2.182438,-13.219819,-14.252938,-7.774179,-2.634707,-4.189613,-9.312461,-10.931749,-6.410502,-0.584162,-0.509111,-7.712299,-16.019454,-17.171409,-8.71414,3.448788,10.254902,7.516716,-0.678308,-6.136335,-3.999296,3.732173,11.507351,16.226441,19.364239,23.390148,27.251661,26.629502,18.858934,6.667224,-3.909456,-9.24509,-11.043448,-13.480181,-18.439355,-24.452044,-29.59376,-33.37085,-34.651048,-29.36129,-13.465665,10.163452,29.726737,33.027866,19.943859,4.83403,3.40396,15.87552,24.954394,13.203593,-16.807874,-41.361432,-36.793012,-2.815382,35.618583,50.242226,33.744543,3.434835,-17.068834,-18.264481,-8.179525,0.664331,4.088753,6.018931,9.008807,9.006087,0.657108,-14.246513,-26.224684,-26.719776,-16.295711
14.568087,25.924888,21.320641,4.051991,-10.525683,-10.921673,-0.960668,5.491951,-0.217584,-13.274938,-21.710181,-18.536272,-6.809674,5.011738,9.979652,5.649269,-5.846383,-17.964362,-21.822346,-12.485832,4.822562,17.040839,15.021389,3.271596,-4.333278,0.252841,10.066048,11.276378,-0.183707,-13.028417,-12.99972,1.144677,16.617211,21.147176,15.525393,10.099812,11.106952,14.098497,11.397224,2.73532,-4.606795,-5.461393,-3.22173,-5.034375,-12.367883,-18.897605,-17.833959,-9.405284,-0.180115,3.647974,0.934666,-5.34904,-11.29394,-13.811878,-11.563743,-6.412586,-3.278579,-5.904341,-11.729552,-12.91895,-4.708995,7.879846,14.348448,10.853985,5.949882,11.473075,27.797598,40.967486,36.560949,15.492855,-6.099952,-13.001139,-5.387924,3.354632,1.425153,-10.675604,-23.162641,-27.478417,-22.371743,-11.974216,-1.473716,4.853715,4.660136,-0.235825,-3.215651,2.248816,15.144889,25.655516,23.663696,9.004755,-7.920528,-16.173069,-13.867869,-7.332537,-2.53236,0.218375,3.099076,5.397472,3.964762,-1.606582,-7.163463,-8.790387,-7.858936,-9.113338,-13.910964,-17.562713,-14.613759,-5.56011,3.370315,6.8539,5.290098,2.817622,2.519348,5.142473,11.103856,20.504885,30.007897,32.315414,22.277839,4.061651,-10.358057,-12.111511,-4.329754,1.632273,-1.08339,-7.739094,-8.604581,-1.072647,7.102222,6.696949,-2.996713,-14.292593,-19.640925,-17.789172,-11.852666,-4.368288,3.527117,9.46037,9.834342,3.948723,-3.684319,-7.429245,-6.772961,-6.558317,-10.316028,-15.041627,-14.360196,-6.332627,3.878413,9.682501,9.791212,8.018422,7.618482,8.18888,8.372951,8.934559,10.821776,11.384869,6.076013,-4.460644,-11.337884,-5.035665,13.115792,29.392284,29.872184,13.991442,-5.385898,-15.203067,-13.850531,-9.308524,-8.170932,-9.350254,-8.441688,-5.067622,-3.342201,-6.005024
0.324931,0.691492,5.634306,8.985353,7.716839,6.742686,11.958892,20.015874,19.212339,2.58214,-21.988157,-37.624599,-34.495302,-18.045001,-1.26685,8.080542,10.214518,5.982846,-7.093882,-28.093799,-45.196669,-41.492195,-11.958196,27.003458,48.74172,39.040581,7.878182,-20.638505,-28.63899,-15.644035,6.221837,23.686874,29.33754,22.537123,8.468895,-3.717276,-5.95778,2.229708,12.735383,16.397721,11.899599,5.856728,3.967973,4.216016,0.584219,-7.795891,-14.22678,-12.097168,-2.79054,6.064278,9.047999,6.810363,1.350154,-8.77413,-24.916606,-41.12126,-45.313921,-31.031525,-6.461852,11.873227,15.42722,11.249682,11.635838,18.232668,20.127291,8.461545,-10.348719,-19.418853,-9.357144,11.051512,23.285529,16.978038,-1.486535,-16.525736,-17.167499,-4.095382,13.163973,23.444898,20.476311,6.971338,-5.895645,-6.070915,8.247732,24.617379,26.534117,9.855485,-12.037633,-21.561495,-14.990372,-4.869786,-4.072542,-10.746025,-12.464287,-4.126597,3.46358,-3.683526,-23.631046,-37.187853,-27.835107,-0.439157,23.103604,26.445739,14.076414,3.397219,4.811901,12.95012,16.389938,11.278333,2.717695,-4.32342,-10.272828,-16.128583,-17.932835,-10.948334,1.007119,5.411638,-5.850513,-24.367698,-30.420751,-12.78748,17.867262,37.766281,32.819628,11.874176,-2.78559,3.057159,23.742029,41.126143,41.076945,23.039293,-2.764351,-23.848229,-31.838607,-25.196152,-9.907404,2.764253,3.196058,-8.520705,-21.518674,-23.539479,-12.856718,-0.200933,2.251013,-6.576137,-16.28583,-17.057142,-10.152531,-4.830767,-5.82998,-7.026768,0.442639,15.124065,23.74911,14.877622,-6.967578,-23.267729,-18.782013,3.842037,27.403775,37.212604,33.437512,26.84893,24.890033,24.430286,18.016613,4.502628,-8.833531,-14.315245,-11.932813,-8.50978,-10.050705,-16.336423,-22.627245,-24.804634,-21.95104,-15.292849
18.581142,19.357512,1.663611,-16.391821,-15.704513,1.452685,15.082219,12.483541,2.833614,3.164291,14.719035,21.010654,10.174804,-8.043116,-13.668117,-2.103695,9.249093,2.48414,-18.171512,-30.997907,-22.517615,-2.298205,10.035721,7.454106,0.015356,-1.021289,3.557532,6.172334,5.39605,6.99522,12.732809,14.930762,6.092338,-9.73549,-20.773789,-22.202302,-21.341051,-25.538854,-29.604483,-21.539713,-0.347715,18.489599,19.499059,5.882974,-3.933278,1.657752,14.511536,18.961357,12.712782,9.10632,18.375137,33.018439,36.436723,23.202879,4.784479,-5.422107,-7.062027,-9.054643,-14.72975,-17.540502,-12.394865,-4.86145,-3.930962,-8.546015,-8.358309,0.643661,7.728509,0.685228,-14.956368,-18.174988,2.130132,28.79385,30.700037,-3.336597,-49.714552,-72.355519,-57.764366,-24.824096,-1.639253,1.987274,-2.31686,-0.06123,10.931557,23.340731,31.512862,35.193962,34.968567,30.063628,22.253163,17.680234,20.806826,27.702929,29.083421,20.687701,7.727783,-2.399717,-8.770953,-14.767414,-18.923913,-14.032471,1.150015,13.036986,3.10986,-30.577731,-65.563796,-73.722459,-48.7824,-12.696064,6.548335,1.630464,-10.792718,-10.970314,3.702296,19.782185,25.069785,20.742963,16.596937,18.111181,21.09323,18.285533,8.558143,-1.752709,-5.81101,-3.41382,-0.929986,-4.289005,-12.06276,-15.962137,-9.256544,4.949327,15.246489,13.525081,4.65205,1.909466,11.315807,22.909763,21.57522,6.728238,-3.602785,7.119866,31.208189,40.28414,15.373114,-29.291781,-57.996632,-50.314873,-22.268611,-7.725387,-21.077724,-43.139979,-44.462102,-17.641398,17.184045,35.776392,32.361781,18.045957,3.733108,-8.408393,-17.971307,-19.357975,-7.679129,11.110341,22.69594,19.295314,8.393505,3.412949,7.897608,13.356528,12.621272,9.902048,13.622446,22.075592,22.530365,6.84838,-16.021595,-27.729743
-9.943099,-4.965302,3.193871,10.731897,14.960076,16.385596,17.083708,17.717021,17.010339,13.925636,9.162705,3.953506,-1.612719,-7.701618,-12.448294,-12.487358,-7.085938,-0.688897,0.940847,-2.224139,-3.184532,4.177348,16.231839,21.139263,10.944427,-8.787569,-23.379254,-23.360804,-12.910224,-3.410999,-0.513853,-0.052682,3.536449,8.145164,6.155239,-5.185581,-18.741522,-24.358338,-19.054865,-8.272003,2.142633,11.969268,23.145102,32.705308,33.020167,20.162604,-0.219484,-17.560786,-26.233167,-28.717343,-29.042192,-25.933929,-14.919432,3.689741,22.001555,31.27065,30.142155,24.613339,20.51696,18.084211,14.150949,7.324609,-1.015684,-9.502331,-17.391814,-21.73821,-17.283244,-2.862922,12.493583,14.198499,-3.569756,-28.786985,-40.086466,-26.263862,3.312851,28.379286,36.500123,30.741589,20.485388,9.259706,-5.348039,-22.059455,-31.900863,-27.157943,-12.412323,-2.331049,-6.571992,-18.685642,-22.486658,-9.606322,10.908352,21.298903,12.671585,-6.588061,-19.022351,-13.771396,4.950115,22.667831,27.023399,17.308036,4.412889,1.680732,13.50267,30.837144,38.454946,28.768386,9.607103,-2.670589,0.821274,12.297577,14.945553,0.014602,-24.332603,-41.346472,-41.785123,-30.891759,-20.534553,-16.925611,-17.113309,-15.445471,-10.16466,-2.843905,5.831235,16.253614,25.615293,26.619561,13.792398,-8.473978,-26.389554,-27.633784,-12.585825,5.609353,12.627357,5.138209,-7.505234,-12.516346,-4.564871,10.93824,23.451922,25.795623,18.626785,8.478773,2.025522,1.395218,3.868414,5.609455,5.821925,7.449654,13.733763,23.910358,32.317199,32.070395,20.213792,-0.082475,-21.954176,-39.500359,-50.571448,-55.660387,-54.739763,-46.014812,-28.658239,-6.917801,9.860428,13.720989,6.21898,-0.721033,5.401508,25.165192,44.993274,49.186712,34.973164,14.743229,2.698002,0.474807,-2.171605,-12.846816
-6.205024,2.607171,6.389097,-1.900715,-18.534933,-30.569623,-26.622696,-7.495273,13.297638,20.286881,9.058673,-9.898979,-20.00895,-12.38265,7.347507,24.462076,27.216765,14.964349,-3.215875,-16.093048,-17.030793,-6.244742,10.374744,24.071383,27.488846,19.468925,6.558967,-1.985192,-2.549383,-0.351321,-2.952634,-10.572876,-14.778471,-8.279054,5.2349,13.856365,10.931457,3.292071,3.013329,11.2446,13.997419,-2.775591,-34.732469,-59.343426,-56.727818,-29.287505,1.210559,15.530625,13.640482,9.254787,11.211341,14.435166,9.793299,-1.080656,-5.049007,7.926486,31.979325,49.06071,45.066756,21.55038,-7.337925,-27.28764,-33.193808,-29.355206,-23.735535,-22.017671,-24.298495,-25.339237,-18.924668,-4.256418,11.587462,19.516459,18.209499,16.829766,25.532685,42.739621,53.941399,45.241921,17.855618,-12.364959,-29.875634,-32.275424,-27.841244,-23.129758,-16.895068,-6.772543,2.202902,0.597517,-13.284395,-27.959948,-28.967632,-14.22097,3.536767,10.641954,6.827036,3.531639,9.023798,18.635241,21.458644,14.385599,5.667679,3.690572,5.396966,-0.432296,-18.073607,-36.08774,-36.639451,-14.001593,17.701249,36.360321,31.635652,13.212637,0.553738,5.216907,22.199896,36.228109,35.027467,17.579466,-7.644513,-30.26736,-44.044284,-47.662151,-42.152027,-29.096024,-11.529046,4.72147,12.971442,11.057996,4.963322,4.972535,15.695784,29.483486,31.864061,15.864553,-8.963492,-23.687783,-17.692364,0.985747,13.836636,10.051357,-4.517532,-15.996447,-17.319006,-12.343804,-7.049235,-1.47556,6.869967,14.608132,13.363281,1.17772,-11.05689,-10.009794,3.138756,11.476366,1.976963,-16.542238,-21.497664,-4.291827,15.856111,12.559038,-14.054119,-32.185733,-12.668847,34.733006,67.287393,54.383776,11.200903,-18.711819,-12.384313,9.243063,10.376626,-14.352101,-33.826118,-20.586255,13.027247,28.264627
-145.972626,-191.509275,-145.819833,-40.621419,39.815431,40.345775,-15.405843,-57.419653,-43.041333,6.637941,36.648766,13.472081,-47.360165,-94.654062,-76.65396,21.688532,155.748967,237.714878,203.655125,85.77481,5.252658,59.16849,200.626794,256.574585,100.487429,-188.775969,-371.334969,-277.271633,11.28384,231.619911,199.885506,-16.900704,-194.622392,-193.506407,-76.577431,3.663782,-12.163109,-56.483053,-59.642779,-47.288769,-82.63808,-146.70925,-135.731428,5.349064,186.26945,250.832055,149.232839,-4.521275,-61.840342,-0.12154,73.424833,65.046569,0.319817,-29.161697,7.186598,46.426469,25.617395,-32.718215,-56.024649,-22.372095,14.26997,6.089012,-16.982003,10.065304,85.613096,123.849799,58.057172,-62.913371,-116.26857,-46.258506,64.164336,82.320971,-25.096239,-154.656267,-179.742682,-82.122396,41.007827,87.229037,45.677564,-14.470448,-28.91105,4.288893,41.971035,49.303791,29.729306,13.650405,26.780483,63.374634,81.163965,28.775996,-103.431008,-251.730215,-312.28946,-227.733421,-47.519278,107.891219,153.04899,108.002397,62.56341,79.165155,140.913245,189.372235,191.835339,158.12404,105.159875,32.865934,-55.340065,-127.876126,-145.23128,-105.855942,-53.208645,-27.209462,-21.663624,-6.253121,16.146574,0.790928,-75.373937,-157.364715,-148.781801,-16.058018,158.006947,241.960947,177.195457,23.500521,-112.575316,-177.137344,-188.778933,-177.676954,-135.813751,-40.971586,85.564867,170.723544,149.599347,28.003756,-119.879775,-211.751335,-211.478276,-133.399542,-11.846719,122.743166,244.518267,326.062342,344.171348,295.249086,203.490584,110.205879,48.448904,20.696082,-0.331271,-43.16725,-104.593784,-147.945562,-141.607326,-99.101598,-70.998828,-90.223403,-132.818962,-146.032994,-114.749897,-83.161717,-98.645106,-145.742911,-159.084503,-106.370096,-35.518845,-16.792246,-46.635256,-40.85692,60.84056,204.533004,267.434319,195.931593,71.247984,19.251417,71.055425,140.762707
13.083836,21.110692,26.458785,26.82826,21.357536,13.371411,8.502656,8.888611,10.571356,8.446107,3.213816,0.845201,3.950731,6.005137,-2.168954,-19.315841,-30.360433,-20.173143,8.380415,32.883687,31.053696,2.775393,-28.746901,-38.72231,-23.284273,-0.224949,11.04365,7.897619,2.671696,5.396396,12.047625,10.854615,-2.546151,-19.81886,-30.200349,-32.853487,-35.584418,-41.524258,-41.218476,-22.114577,13.927339,46.449576,53.685644,34.602536,11.201159,6.712446,22.094619,36.177314,29.351478,4.798252,-15.784303,-16.28105,-2.542297,6.745955,2.821938,-3.774132,2.297027,20.586046,32.962998,23.222793,-3.99402,-26.48895,-26.703594,-9.047002,5.443368,0.571865,-19.698688,-36.341896,-34.021392,-14.781109,5.17566,10.985035,2.028026,-9.025307,-9.463386,0.538593,7.928692,0.48542,-18.972523,-33.186366,-27.039995,-3.792092,16.833013,17.940503,2.093125,-12.361122,-10.329847,7.216753,29.127154,47.728076,61.5196,65.821103,49.403676,8.184774,-39.176294,-58.892016,-33.261379,16.525715,45.650416,28.184515,-17.201019,-46.967318,-37.059377,-4.12087,17.113782,11.7361,-4.733447,-10.567168,-4.207964,-1.972706,-13.902565,-29.851942,-31.935183,-15.890362,4.768526,14.291285,9.340854,-2.477136,-13.1462,-18.650938,-15.819795,-2.509666,15.684479,23.998562,11.244986,-14.7181,-29.740416,-16.536443,15.964095,40.583171,40.105646,24.20101,15.977929,24.461923,35.091696,28.054334,1.722044,-25.565603,-35.157682,-25.323045,-8.68933,2.750275,6.337271,4.912082,0.413444,-5.920274,-10.321167,-8.380567,-0.941269,5.034506,3.605589,-3.565176,-9.806009,-11.661147,-11.755115,-13.147505,-14.065492,-10.924941,-4.887745,-1.325012,-1.793228,-0.356786,8.270394,18.232281,15.398493,-6.265814,-33.640547,-44.186787,-27.872496,2.99828,27.161844,35.273416,34.797701,35.774565,37.044612,29.797695
5.836982,-15.612867,-27.647329,-15.690765,9.1532,21.675438,11.229845,-7.163116,-12.57176,-3.582965,2.459902,-5.691042,-17.40089,-14.447833,3.376909,15.730001,7.03441,-12.386783,-17.369562,1.483262,25.69102,30.627175,14.266227,-2.127914,-0.908605,11.642861,15.700993,3.759654,-11.144424,-13.419748,-4.369572,1.169318,-5.686915,-18.392857,-25.678568,-25.276737,-22.028114,-16.014607,-0.976703,22.702201,39.933309,33.8675,7.324935,-15.326537,-12.637682,9.745848,24.473985,12.863503,-14.182388,-28.42051,-15.069211,12.516165,28.58056,21.100416,0.15754,-16.176098,-19.315226,-13.622334,-7.674702,-6.049744,-7.946685,-9.362279,-5.544526,5.225283,17.546469,20.806436,9.614761,-7.01644,-11.22551,5.01377,27.971764,33.478565,12.277786,-18.347562,-31.361624,-17.955193,3.96604,9.794232,-6.016609,-26.186126,-30.45019,-15.285662,6.36417,20.436559,22.735372,16.448992,5.022688,-8.587535,-18.225299,-16.111328,-1.054469,17.094752,24.774744,17.415927,3.450542,-4.920054,-3.717265,0.81534,0.685481,-5.557475,-12.942985,-16.091638,-13.419874,-6.568529,1.736515,8.460107,10.780421,8.001761,3.041906,0.537463,2.583299,6.79,8.986527,7.234321,2.542317,-3.506997,-9.984414,-14.971496,-14.592715,-6.152599,7.334801,17.59429,17.917163,9.595954,0.494801,-3.099148,-2.392622,-3.421281,-9.364857,-16.734487,-19.182959,-13.954426,-4.021668,5.11719,9.424599,7.553357,0.377302,-8.836906,-14.358033,-10.646265,2.698765,18.47448,25.937106,19.191246,2.607128,-12.034346,-14.5278,-3.734344,12.412559,23.610644,24.434151,16.47412,4.965817,-5.778167,-13.867362,-18.240156,-17.512526,-11.602612,-3.960727,-0.275686,-3.410753,-9.844694,-12.588146,-8.364216,-1.022504,3.227126,3.326806,4.235509,9.693079,16.108213,16.18957,8.550121,0.758375,0.555775,5.389403,4.204265
-10.113094,-20.071592,-19.137154,-4.163514,15.509615,25.22524,18.350023,2.405077,-8.510431,-7.237925,0.819034,5.011885,1.003164,-5.711138,-6.879806,-0.445425,7.990666,11.364019,7.562641,0.201964,-5.224269,-5.22874,0.212618,8.070128,13.824885,14.209744,9.784089,4.447125,1.294525,-0.942882,-5.994927,-14.091976,-19.514789,-16.231848,-5.991258,1.551114,-1.292919,-11.035676,-16.040399,-9.555171,2.049985,5.98637,-2.551534,-14.862974,-18.30454,-9.497274,3.776231,12.580132,15.505047,16.383968,16.517786,13.211645,6.21727,1.616706,5.769644,16.271837,22.588461,17.284281,4.496322,-5.125872,-6.792041,-5.654251,-7.939171,-11.606571,-9.479038,-0.567613,6.54796,4.227322,-3.32848,-4.476181,4.161273,11.081542,2.980598,-17.305158,-31.237335,-25.215486,-7.374374,0.742843,-10.888562,-28.595667,-30.50903,-11.794118,9.913894,14.772502,2.59611,-8.408767,-2.777436,16.472736,33.762688,38.523338,33.414662,26.934252,23.03021,20.12344,16.7743,13.500607,9.003566,-0.710551,-16.122289,-29.280378,-29.850563,-17.539736,-5.249321,-6.409378,-19.788304,-30.160104,-25.184076,-9.060961,3.063619,2.884514,-2.566123,-1.218268,8.545465,16.316045,12.958853,1.506125,-7.366634,-8.18642,-5.07916,-3.319597,-0.863272,7.980699,21.756621,29.509387,22.024043,3.686991,-10.247999,-9.076118,2.56451,10.507533,6.192176,-5.982474,-15.671573,-17.801759,-15.028783,-11.107448,-5.701367,2.759804,11.462949,13.838519,6.697977,-4.957175,-11.872067,-9.100691,0.160707,8.794903,12.316257,10.899279,6.7603,1.816602,-1.910652,-1.823374,3.083376,9.581291,11.573573,5.559643,-5.446863,-14.427831,-17.064261,-15.396205,-14.554344,-16.535089,-18.091099,-14.731667,-5.856913,4.715545,12.802011,17.372615,19.7859,20.507022,17.882395,10.579568,0.552244,-7.383499,-9.354809,-5.728477
3.891379,2.809034,-1.350034,-6.122321,-8.041369,-4.996383,2.174126,10.09536,15.062835,15.445678,12.480718,8.862107,6.281948,3.986366,-0.326257,-7.850036,-16.455969,-21.056639,-16.827034,-3.198003,14.461538,27.233928,27.997075,16.238215,-1.148318,-13.982401,-15.297506,-5.852476,6.49217,12.172063,6.39018,-7.797819,-21.839347,-27.684243,-23.109796,-12.675943,-3.882984,-1.582096,-4.817487,-8.278495,-6.978615,-0.372735,7.319809,10.768004,8.168776,3.058194,1.661966,7.689254,18.63567,26.726088,24.21068,9.352668,-11.329437,-26.510066,-27.123554,-12.328523,9.707955,26.786191,30.107013,19.296344,1.923762,-11.82125,-15.532847,-9.923522,-1.323931,3.106527,-0.017227,-8.772472,-17.939116,-22.666032,-21.176848,-15.038299,-7.420392,-0.988438,3.132455,5.051149,5.256244,4.164766,2.33909,0.853823,1.134589,4.148104,9.539714,15.512271,19.716366,20.612304,18.352668,14.568888,11.253335,9.5605,9.325293,9.483706,8.913003,7.013783,3.725502,-0.786885,-6.312039,-12.435082,-18.29497,-22.683607,-24.614695,-23.981071,-21.699929,-19.087345,-16.868992,-14.64326,-11.342962,-6.431485,-0.86327,3.123618,3.459155,-0.040334,-5.053703,-7.920564,-5.955121,0.689969,9.015499,15.138269,16.875539,15.084911,12.766242,12.587526,14.699472,16.523358,14.733239,7.987189,-1.64985,-9.726551,-12.218015,-8.154655,-0.209681,7.143268,10.562579,9.797156,7.382064,6.441392,8.2761,11.45118,12.914651,10.213004,3.184113,-5.973869,-14.129644,-19.024591,-20.259524,-19.016832,-16.985158,-15.344944,-14.372288,-13.619204,-12.279342,-9.468837,-4.487771,2.753723,11.226005,18.640014,22.142758,19.783502,11.954517,1.720083,-6.506314,-9.354112,-6.479761,-0.750251,3.630237,3.867665,0.3323,-3.910111,-5.460096,-3.142123,1.096262,3.60301,1.731287,-4.12367,-10.624627,-13.635569
-10.591715,-5.375097,5.564222,15.202642,15.489954,3.027682,-17.718498,-36.265684,-42.212752,-31.71602,-9.983951,11.990028,24.332067,24.21184,16.869501,11.243929,13.411921,22.442742,31.419169,32.668966,23.362118,7.560077,-6.527392,-11.936819,-7.179323,3.41788,13.08497,17.024815,14.814151,9.524759,4.744786,1.95004,0.003141,-3.293281,-9.14632,-16.834029,-24.299763,-29.426122,-30.836762,-27.849959,-20.189763,-8.255872,6.034418,18.799276,25.218182,22.020162,9.944798,-5.843702,-18.273173,-22.538422,-19.127528,-13.352199,-11.40461,-15.598935,-22.316882,-24.41875,-16.632781,-0.069078,17.615954,26.868935,22.645928,8.091126,-7.196577,-13.204568,-5.719417,11.476416,29.662528,40.985585,42.740561,37.330469,28.599844,18.008204,4.008845,-14.861796,-35.998285,-51.729285,-53.033806,-35.866913,-5.471483,25.048387,41.731221,38.057709,18.981623,-2.223708,-12.397446,-6.682145,8.887413,21.934873,22.174204,8.022077,-12.809545,-28.707428,-31.578426,-21.363943,-5.108622,8.129984,12.734904,8.904503,1.096564,-5.599344,-8.375052,-7.305899,-4.076577,-0.444577,2.355312,3.378167,1.882174,-2.01714,-6.515603,-8.362827,-4.780337,3.940947,13.302135,16.499513,8.789078,-8.490188,-27.432729,-37.716446,-33.141725,-16.177574,2.992912,12.848236,8.334024,-5.2732,-15.44562,-10.748168,11.014444,40.45649,61.930015,63.192142,43.090173,12.190715,-14.010528,-24.722003,-19.965045,-9.325276,-4.55752,-11.306049,-25.5368,-36.813703,-35.815785,-20.777466,1.413006,19.840981,26.429369,20.342097,7.32487,-4.929837,-11.727065,-13.208844,-12.336022,-11.201544,-8.898408,-2.645774,8.903059,23.096054,33.883117,35.540425,26.934222,13.06879,2.43228,1.630067,10.841578,23.258065,29.072599,21.566742,1.435172,-23.363791,-42.065158,-47.031054,-37.593668,-19.774969,-2.495689,7.140268,6.760726,-1.354157
-2.876445,-3.69024,-3.22635,-1.500629,0.939683,3.287886,4.854364,5.342882,4.889264,3.867442,2.604031,1.193624,-0.461026,-2.412535,-4.41167,-5.847304,-5.994779,-4.477344,-1.665119,1.287409,2.886499,2.055747,-1.195718,-5.599005,-9.104244,-9.806426,-6.849285,-0.842132,6.405757,12.661466,16.14203,16.084667,12.837289,7.558358,1.754744,-3.147587,-6.126176,-6.782324,-5.442375,-3.063822,-0.884251,0.11398,-0.322299,-1.601846,-2.663297,-2.655875,-1.498623,0.078027,1.072406,0.974654,0.192034,-0.222906,0.596906,2.52902,4.320544,4.319383,1.652805,-2.958836,-7.394892,-9.320776,-7.649669,-3.308091,1.256499,3.564205,2.641648,-0.398686,-3.129598,-3.426866,-0.864632,3.028865,5.8064,5.719111,2.835303,-1.061445,-3.684083,-3.718545,-1.576016,1.041279,2.403262,1.938149,0.522669,-0.29674,0.426127,2.196044,3.289257,1.919743,-2.407943,-8.284771,-12.990459,-13.98465,-10.393661,-3.566283,3.662519,8.561506,9.978428,8.807509,7.190799,6.991454,8.532249,10.415745,10.540548,7.645208,2.351049,-3.020459,-5.794111,-4.621678,-0.418689,4.075768,5.884228,3.557658,-1.962616,-7.907101,-11.294001,-10.591956,-6.441625,-1.085528,3.028342,4.545926,3.656665,1.572098,-0.457384,-1.870921,-2.858029,-3.87682,-5.111871,-6.2968,-6.957606,-6.783252,-5.779911,-4.122468,-1.926317,0.765034,3.716493,6.231104,7.246846,5.91378,2.320067,-2.215849,-5.662294,-6.402781,-4.256966,-0.6414,2.334383,3.270287,2.392828,1.294163,1.637458,3.760478,6.244401,6.851391,4.223408,-0.883574,-5.796152,-7.526848,-4.73671,1.298462,7.419281,10.544524,9.545092,5.784935,2.024504,0.511671,1.599288,3.783593,5.008226,4.201213,1.927465,-0.234913,-1.023298,-0.470967,0.186924,-0.441684,-2.746823,-5.734082,-7.696018,-7.423612
-4.409724,-1.241021,1.0609,0.109483,-2.292079,-2.572872,-0.201894,1.404911,-0.591497,-4.167893,-4.299491,0.764403,6.58972,7.154634,1.815757,-3.77849,-4.059342,0.434583,4.395865,4.233584,1.447285,-0.666203,-1.641718,-3.303531,-5.404082,-4.604726,0.712314,6.327091,5.738394,-1.614968,-7.999534,-5.398521,4.814783,12.629165,10.594827,2.31516,-2.234147,1.059104,5.835668,4.042027,-3.14835,-6.522637,-1.081064,6.233516,3.958167,-9.575968,-22.620435,-22.308114,-8.851495,4.947851,8.117869,2.885074,0.262191,6.067084,14.191959,14.286782,3.864391,-9.236199,-15.657118,-13.482663,-7.851593,-3.735904,-1.320811,1.807974,6.322939,10.507828,12.903219,13.661278,13.02212,10.121433,4.684572,-0.763628,-2.231748,1.311282,5.647759,4.68505,-3.548262,-14.660293,-21.751662,-21.207382,-14.790142,-6.944902,-0.913812,2.795031,5.398875,8.193385,11.46695,14.019249,13.502542,8.057753,-1.516389,-11.25243,-16.414918,-15.050675,-9.32943,-3.393208,0.027918,1.040772,1.347715,2.299975,4.126535,6.275115,7.861357,8.022604,6.585185,4.663006,4.077398,5.562262,7.544586,7.173736,2.852185,-4.276804,-11.226199,-15.143618,-14.422891,-8.870551,-0.1248,7.872986,10.296998,5.22734,-3.45695,-8.199553,-4.363233,4.829115,10.627338,6.812862,-4.305667,-13.904637,-14.526344,-6.15727,4.620521,10.51085,8.69182,1.734916,-5.061954,-7.337288,-4.290265,0.99506,4.06934,3.069978,0.538828,0.61454,3.964941,6.300672,3.104342,-4.250582,-8.591605,-4.331688,5.749012,12.542985,9.912846,0.989477,-5.646243,-5.340649,-1.464269,-0.06814,-2.286156,-3.775655,-1.158151,3.284,4.617389,1.689283,-1.602924,-1.747048,-0.345073,-1.666103,-6.165589,-8.760474,-4.757742,3.690985,8.962869,6.104221,-1.707496,-6.747219,-5.047819,0.119315
-2.411839,-5.981556,-8.911045,-4.765932,7.408218,21.201593,28.677052,27.399472,21.12403,14.392163,8.116272,0.97425,-6.463586,-11.177581,-11.640483,-10.552276,-11.779718,-14.695949,-13.492225,-3.706416,10.934359,19.905352,15.352438,0.064392,-14.68558,-19.401579,-14.156868,-6.391244,-2.164085,-0.828302,1.74063,6.294756,8.368675,3.619158,-6.128126,-13.437456,-12.110526,-2.935451,7.5927,13.61688,14.275973,12.182448,9.172552,4.915805,-0.598584,-5.011795,-5.524284,-2.597949,-0.179166,-1.260691,-3.953036,-3.472396,1.608733,6.487071,5.117122,-1.968384,-6.575739,-1.165743,11.984351,21.521684,17.944558,3.247451,-11.385639,-17.347064,-16.637394,-17.300177,-22.068829,-24.046998,-15.012992,3.182175,17.959569,18.019935,5.25121,-6.748775,-6.321305,4.927016,14.906037,14.319823,5.948952,0.606079,5.09529,15.336279,21.143974,16.503997,4.491251,-6.957529,-12.522665,-12.523869,-10.181069,-7.891241,-6.549176,-6.855232,-9.254168,-12.151683,-11.653911,-4.898881,5.844933,13.437365,11.645745,1.295408,-9.69902,-13.104248,-7.570689,0.736565,4.435729,1.628899,-3.41617,-5.398291,-2.980329,1.210833,4.447403,6.661373,9.373062,12.962783,15.974249,16.945441,15.933763,13.715599,10.143313,4.354491,-3.254426,-10.224284,-14.025906,-14.508614,-13.394655,-11.273761,-6.440099,1.965436,10.145649,11.138288,1.822869,-12.058037,-19.916279,-16.631575,-8.149282,-5.308485,-11.857997,-19.911463,-18.387175,-5.338582,9.628529,15.580635,11.576632,6.585665,8.800715,16.953986,22.994443,21.783543,15.959474,11.147765,8.694318,5.175849,-1.597645,-8.693049,-11.477027,-9.496364,-6.770828,-6.218031,-6.040943,-3.236838,0.703796,0.580605,-5.045839,-9.526318,-4.417297,9.451457,19.819774,14.549127,-4.699803,-22.381814,-23.946151,-10.126796,4.649224,7.555729,-0.50476,-8.240864
-16.461182,-15.537245,-7.400843,6.184181,21.269872,33.951218,40.974448,39.147762,26.309832,4.485576,-18.444413,-32.336424,-31.70784,-19.302276,-2.716045,11.520748,19.545916,17.532024,1.947237,-24.02385,-45.862205,-45.428507,-18.049981,18.945198,39.49292,33.455198,16.287173,11.132855,22.018813,29.066762,12.613393,-21.217869,-44.461582,-37.956752,-13.592636,-1.421582,-15.54921,-37.968331,-39.020696,-10.83169,24.268793,38.492568,26.903572,8.156887,0.608967,4.042125,6.5112,3.487314,3.416885,13.991459,28.909905,33.394156,21.825931,5.247362,-0.743324,6.793115,15.62247,12.10915,-5.189783,-25.750094,-37.760582,-36.636826,-25.456853,-11.423502,-2.786904,-5.161371,-16.500404,-26.075112,-22.637793,-6.248566,9.786922,11.91698,1.383028,-6.487243,0.606359,17.759111,28.586986,24.29979,13.22665,9.461223,15.015847,17.784528,7.632201,-9.928081,-19.885157,-15.932422,-7.635264,-7.539827,-14.806985,-16.458115,-4.78534,11.533962,17.576884,11.455873,8.036954,20.804284,42.938774,51.233841,30.28529,-9.665079,-41.346178,-46.324756,-30.664752,-15.502226,-14.962071,-24.891463,-31.001246,-24.093726,-6.360378,13.660644,28.076424,31.834219,22.850089,4.489032,-12.539143,-15.51372,-1.074776,18.849027,25.763636,11.86692,-11.588426,-24.761283,-18.626684,-3.196891,3.916469,-4.069676,-17.4403,-22.039914,-14.43307,-3.34473,2.523767,4.562324,10.317191,21.608544,30.574907,29.218273,20.479775,16.166746,23.138929,34.385371,36.545131,25.359132,10.090181,0.958433,-4.932799,-20.551715,-50.648784,-80.154553,-85.489747,-58.546266,-16.850542,12.317481,16.969898,7.741341,1.522809,2.355399,1.675737,-5.139461,-9.123059,1.433289,23.161676,36.877971,27.866044,4.378289,-8.713769,3.84288,30.290061,43.216942,27.782422,-3.537722,-24.606997,-21.712796,-4.462753,7.421656,4.459306,-6.53317
3.025183,6.592696,8.579629,8.094845,5.983552,3.222037,-0.284515,-4.994398,-10.216065,-13.700781,-12.763531,-6.032596,5.024234,15.621736,19.594203,14.065551,3.569796,-1.759573,5.066286,19.578851,27.71273,18.36663,-5.185258,-27.51925,-35.389205,-29.077311,-19.002056,-12.848464,-8.935891,-2.620653,4.407738,5.300649,-1.659161,-8.264826,-5.334957,4.914831,9.680283,0.48076,-15.464672,-22.156618,-12.677401,3.352502,11.770884,10.535187,10.652954,20.755093,35.045009,39.813838,30.240592,16.425769,11.254542,15.170375,16.250552,4.84392,-15.135548,-30.852369,-34.173976,-28.160795,-21.00721,-17.015663,-15.010797,-13.035149,-11.051125,-8.859532,-4.586572,2.337454,7.941994,6.471439,-2.56961,-11.750008,-11.804855,-0.337366,16.148988,28.128112,29.6772,20.15795,2.757344,-16.051575,-27.167247,-23.54637,-7.215788,9.634026,13.907491,3.683519,-9.606887,-11.874919,1.058679,21.383602,37.588087,42.573524,34.737462,15.812681,-8.559827,-27.691677,-30.900372,-17.549049,-0.636257,3.702569,-7.885085,-21.995978,-21.936709,-4.467092,17.927561,30.012201,26.302139,10.987499,-9.762395,-30.821107,-44.83853,-42.715824,-22.538665,3.541297,17.085368,11.000816,-2.967867,-7.622635,-0.205104,5.164968,-3.624374,-19.097954,-20.265976,3.406623,37.997517,57.883285,51.033926,28.892827,11.839814,8.723456,12.552045,12.871253,7.113029,-0.996912,-9.327716,-18.841669,-28.073424,-31.140657,-24.317094,-12.614887,-6.131015,-9.24042,-15.976484,-17.671574,-13.249702,-9.166585,-9.517791,-9.621154,-1.768895,14.043368,28.163751,30.887937,22.21308,10.685489,3.815656,1.735941,0.104834,-3.421124,-7.445488,-10.103036,-11.179946,-10.326798,-5.572507,3.937662,14.21822,18.144061,12.512308,2.431008,-3.1836,-0.784645,4.324832,4.315198,-2.305507,-9.302126,-9.884251,-3.902953,2.666591,4.401187
3.42355,11.039918,15.280215,13.021588,6.161602,-0.384548,-3.305594,-3.368614,-3.595747,-5.671716,-8.561493,-10.246581,-9.879961,-7.791072,-4.073521,1.542972,7.868829,11.207208,7.814066,-1.563295,-10.112331,-9.553077,2.178007,17.480839,24.24318,15.952071,-2.162945,-16.901504,-17.889983,-6.041329,7.689313,11.952157,4.37094,-7.464418,-13.621201,-10.540888,-2.859802,2.543168,3.499163,3.223795,4.617427,5.37089,0.290907,-11.218494,-21.482554,-20.48953,-6.429873,10.692746,17.727168,11.320488,1.374697,0.585397,10.772212,20.802677,18.626073,4.423502,-9.45226,-11.494341,-2.618228,5.953459,5.16965,-3.282811,-10.860391,-12.304081,-9.760682,-7.443151,-5.275042,-0.153556,7.462062,11.432464,6.373231,-4.867282,-12.610255,-10.168563,-1.05499,4.9937,2.857788,-2.555748,-2.293008,6.298739,16.378974,18.583834,10.156045,-3.020723,-12.279693,-13.106533,-7.171127,0.394176,4.71928,3.540178,-1.918237,-7.570578,-9.091267,-5.312449,0.790883,5.085821,6.265045,6.196241,6.303208,4.964276,-0.081655,-7.186674,-10.796348,-7.473703,-0.946231,1.175244,-3.438823,-7.670148,-2.22897,12.72829,25.328269,23.223183,6.893723,-9.825227,-13.201877,-2.800544,9.41171,12.155679,5.343777,-2.586547,-5.640999,-6.192363,-9.927958,-17.235808,-21.857767,-18.127375,-7.860035,1.135824,2.955963,-0.967026,-4.225662,-2.13675,4.472822,11.272941,14.779473,14.363023,11.114079,6.232795,0.982789,-2.63121,-2.401386,2.179738,8.646962,12.740932,11.50175,5.660197,-0.98028,-4.887469,-5.927928,-7.166038,-11.17897,-16.405669,-17.63962,-10.942852,1.614756,12.564016,15.068076,8.678658,-0.878195,-7.382869,-9.104657,-8.223811,-6.522445,-3.264622,2.199561,7.122293,6.704756,-0.408169,-8.945343,-10.89467,-3.250101,8.542688,15.427952,13.025731,4.975766,-1.500033
-4.882604,-6.067875,-3.419217,3.118551,11.150688,16.936516,17.459607,12.237364,3.739302,-3.917892,-7.301115,-5.671933,-1.461126,1.152974,-1.192499,-8.824673,-18.529318,-25.18481,-24.685545,-16.454625,-3.983741,7.03716,11.958251,9.82173,3.762218,-1.125526,-1.103669,3.853778,10.206173,13.370605,10.898511,4.13708,-2.735972,-5.582846,-3.042133,2.766463,7.967798,9.725493,8.018432,5.157227,3.564336,3.675923,3.690542,1.378528,-3.550587,-8.57638,-9.935258,-5.60608,2.596926,9.665132,10.626519,4.173776,-6.021762,-13.501235,-13.374113,-5.811083,3.888283,8.844457,5.354536,-4.484148,-14.168245,-17.256785,-11.794039,-1.606457,6.390145,6.94465,-0.022534,-9.501895,-14.857412,-12.178886,-2.595838,8.785321,16.297576,17.027742,11.96631,4.66234,-1.259191,-3.899988,-3.293469,-0.458709,3.542016,7.779461,11.084049,11.951957,9.252486,3.340276,-3.475049,-7.862093,-7.47921,-2.725971,3.155405,5.949042,3.183344,-4.139246,-12.038152,-15.996602,-13.731705,-6.482161,1.932778,7.513863,8.296333,5.052063,0.317999,-3.320995,-4.504156,-3.3321,-0.829141,1.710269,3.088176,2.397321,-0.639377,-5.181313,-9.108447,-9.720944,-5.256979,3.631168,13.614607,20.182841,20.19712,13.867142,4.703193,-2.684291,-5.512025,-4.441121,-2.719801,-3.473976,-7.16079,-11.124692,-11.652499,-7.032423,0.698083,6.732664,6.639233,-0.508735,-11.231231,-19.632898,-20.934715,-14.18248,-2.445973,9.375424,17.449818,20.674226,20.292771,18.207706,15.494586,12.157441,7.96278,3.315393,-0.732972,-3.325077,-4.619832,-5.711525,-7.600376,-10.102462,-11.760028,-11.009384,-7.726787,-3.789671,-1.957068,-3.734513,-7.858043,-10.754782,-8.917018,-1.603998,8.139023,15.069733,15.015912,7.63051,-3.262429,-11.968527,-14.288759,-9.708659,-1.112945,7.476832,13.346082,16.032837
10.190023,9.428639,6.542733,4.908436,7.388087,13.868273,20.711522,22.787532,16.895244,4.237574,-9.918251,-19.388421,-21.015764,-16.70662,-12.06185,-12.429579,-19.046377,-27.958852,-32.55506,-28.050794,-14.899879,1.198528,12.721071,14.892454,8.410149,-1.359147,-7.997287,-7.953938,-2.242703,4.935147,9.381979,9.585344,7.179338,5.19401,5.624034,8.129819,10.654799,11.27104,9.750866,7.720656,7.400011,9.950472,14.630044,19.250118,21.474322,20.006922,14.973127,7.483875,-1.082044,-9.527447,-16.870935,-22.226487,-24.851885,-24.414564,-21.223238,-16.152616,-10.263096,-4.412051,0.830643,4.947039,7.235858,6.938481,3.754939,-1.648523,-7.655286,-12.393532,-14.690728,-14.571198,-12.875998,-10.293257,-6.637395,-1.096398,6.615606,15.122067,21.385044,22.225256,16.535899,6.614692,-2.580426,-6.081814,-1.88766,7.710688,17.418457,22.061455,19.505097,11.492967,2.013144,-5.474512,-9.914557,-12.419167,-14.392286,-15.741855,-14.757378,-9.803776,-1.410384,7.119042,11.375267,8.782145,0.656766,-8.285653,-12.852848,-10.771813,-4.156443,2.04757,3.581981,-0.125113,-5.607915,-7.894138,-4.100853,4.451993,13.058565,16.728056,13.363176,4.877475,-4.321844,-10.204536,-11.268895,-8.664527,-4.604612,-0.590498,3.127999,6.656708,9.219403,8.967604,4.288507,-4.33677,-13.565177,-18.513016,-15.610722,-5.136641,8.434676,18.756184,21.26121,15.822563,6.684316,-0.292795,-1.2839,3.278591,9.247398,11.582528,7.560856,-1.632464,-11.778331,-18.227146,-18.522617,-13.514324,-6.503496,-1.165241,0.42362,-1.40728,-4.519677,-6.417572,-5.655332,-2.493485,1.413844,4.02463,4.054262,1.699354,-1.403939,-2.980477,-1.306067,3.806253,10.763966,16.880793,19.667013,18.030908,12.718204,5.75508,-0.737066,-5.610158,-9.003927,-11.793024,-14.633851,-17.312974,-18.835071,-18.132261
17.233151,29.53715,30.509245,19.394149,3.016019,-8.785446,-9.839536,-1.712237,7.737494,10.229282,3.07307,-9.03097,-17.632161,-16.838928,-7.615333,3.054452,7.412289,2.621876,-7.296005,-14.630882,-13.800617,-5.478557,3.950302,7.074474,0.754284,-11.79473,-23.457396,-28.20133,-24.895789,-17.386743,-11.147981,-9.25737,-10.6529,-11.640305,-9.12472,-2.944029,4.320814,9.567578,11.449202,10.960898,10.175508,10.475449,11.835009,13.559704,15.494211,18.325523,22.554572,27.109043,29.121204,25.519113,15.458799,1.655651,-10.714893,-17.053489,-16.210544,-11.057454,-6.273983,-4.980692,-6.740673,-8.390276,-6.942363,-2.187424,3.103439,5.503562,3.836074,0.213468,-1.719283,0.059167,4.031705,6.203076,3.471838,-3.336551,-9.358783,-8.916411,0.1546,14.326052,26.158348,28.952922,21.037712,6.682685,-6.907274,-14.26851,-14.711278,-11.813008,-10.187851,-12.229773,-17.191521,-22.826275,-27.712475,-32.032496,-36.200155,-38.875841,-36.664051,-26.405372,-8.538483,11.398199,25.058226,26.45224,16.518994,3.518117,-1.658208,7.508084,28.532398,51.005075,62.865278,57.756535,38.585309,15.057319,-2.864174,-10.936653,-12.070112,-12.663907,-16.943316,-23.612042,-27.165747,-22.632149,-10.003016,5.020279,14.5264,13.586507,3.454421,-9.357878,-17.300344,-16.301851,-7.66983,3.47851,11.720339,14.232301,11.448847,5.677682,-0.800285,-6.695548,-11.436065,-14.460529,-15.048624,-12.889685,-8.709654,-4.129827,-0.648517,1.459788,3.3079,6.327151,10.764264,15.046848,16.729451,14.450548,9.386264,4.901319,4.3959,8.770318,15.365435,19.293943,16.409731,5.98642,-8.649335,-21.898877,-28.875615,-27.717391,-19.993739,-9.34523,0.451116,6.750729,8.233677,4.530514,-3.944186,-15.692738,-27.852469,-36.65478,-38.824062,-33.244608,-21.762698,-8.399222,2.707395,9.392151,12.270901,13.795552
-2.822322,-5.415864,-14.341387,-27.327124,-36.009466,-34.149876,-24.878242,-17.632613,-17.307311,-18.307957,-11.300774,4.816851,20.242264,24.712213,18.890796,13.048138,14.730904,20.491121,21.425574,14.936519,7.631843,6.033244,7.597076,4.081464,-6.904209,-17.321092,-17.639831,-8.45786,-0.097194,-0.324969,-5.196376,-4.166702,6.960623,20.912348,27.143632,22.732304,13.360953,5.169292,-0.994045,-6.503911,-9.456909,-5.972362,2.933762,9.081051,4.400325,-10.10198,-24.769129,-31.075484,-29.340126,-25.823742,-23.93422,-20.906987,-13.314001,-3.097114,4.284192,6.959416,9.149493,15.350893,23.736212,27.679395,23.832816,16.432314,11.98006,10.710039,5.792335,-7.895835,-25.449828,-34.318295,-25.843281,-4.177307,16.562656,23.97558,16.678857,3.418037,-5.606572,-6.463525,-2.194628,2.157285,4.327807,5.310838,6.566565,8.029027,9.186683,11.197453,16.246777,23.669505,27.331685,19.082776,-3.106006,-30.233569,-47.161341,-44.421377,-26.147782,-6.283071,3.317344,1.477027,-4.207796,-5.987086,-2.06491,4.136798,8.111067,6.883085,-0.376648,-11.657181,-21.789827,-25.138981,-20.551673,-12.990541,-8.302444,-6.074085,0.3653,15.309799,33.248489,42.679289,38.111337,26.314723,18.737678,18.670209,18.608074,10.959306,-1.441348,-8.424841,-5.344224,0.781225,-0.076304,-8.398189,-14.769004,-12.240055,-5.440431,-4.538608,-11.810515,-18.411118,-15.897521,-7.675885,-5.060242,-12.246064,-19.320224,-13.116316,6.520985,24.817607,27.291753,14.546884,0.077012,-5.081318,-2.538913,-1.305949,-5.717891,-11.421774,-12.262098,-7.642337,-1.6709,2.60127,5.263419,6.525077,4.991769,0.688029,-2.371847,0.06642,5.945341,7.142022,-1.329394,-13.542956,-17.152466,-6.689945,9.608546,18.238822,14.836664,7.738118,6.800381,11.470136,12.766765,6.28596,-0.687347,2.334299,15.027521,24.560244
-1.586463,-0.29808,-1.461301,-5.818675,-11.740039,-15.9926,-15.758057,-10.491729,-2.289606,5.494978,10.366602,12.005727,11.90009,11.694832,11.622426,10.266968,5.84783,-1.989367,-11.293518,-18.581402,-20.778395,-17.001754,-9.014408,-0.153563,6.434651,9.096397,7.878156,3.885899,-1.461438,-6.748955,-10.538665,-11.491941,-8.940409,-3.595996,2.326713,6.052079,5.907354,2.627823,-0.763836,-0.681849,4.686615,13.987777,23.269325,28.221937,26.653926,19.605332,10.467305,2.837892,-1.377107,-2.448298,-1.855789,-0.866301,0.187181,1.517456,2.977381,3.636049,2.343603,-1.160186,-5.622058,-8.855626,-9.261428,-7.15979,-4.806313,-4.888721,-8.487241,-14.000279,-17.946367,-17.238226,-11.430437,-3.373904,2.262531,1.731508,-5.490789,-16.244351,-25.302776,-28.067414,-22.806855,-11.32235,2.108509,12.778461,17.527158,15.833769,9.73771,2.780017,-1.55354,-1.291668,3.232123,9.627657,14.690667,16.083161,13.571475,9.093095,5.567507,5.148281,8.001123,12.367526,15.814649,16.77233,15.301416,12.645412,10.032089,7.715054,4.981739,1.030643,-4.089266,-9.30132,-13.228917,-15.171885,-15.450125,-14.798797,-13.387645,-10.464578,-5.15274,2.118092,8.819559,11.183528,6.507363,-4.580589,-17.669299,-26.61697,-27.023849,-18.882597,-6.556954,3.989143,8.875395,8.411823,6.259366,6.376366,10.028477,14.999109,17.440425,14.843751,7.855628,-0.346912,-6.485918,-9.428678,-10.511735,-11.817258,-13.945522,-15.215469,-13.025801,-6.290881,3.095437,11.113888,14.296507,12.20563,7.730709,4.850004,5.495427,7.947186,8.103308,2.792188,-7.327754,-17.543718,-21.889019,-17.09116,-4.90651,8.800677,17.58603,18.130692,11.697149,2.615102,-4.828762,-8.77941,-9.970915,-9.969463,-9.2186,-6.552575,-0.492658,8.868078,19.056814,26.266663,27.545989,22.530913,13.498851,3.815599
10.66273,25.247851,31.954116,26.405219,16.140999,11.950066,14.923169,15.309053,5.256227,-10.19917,-18.059585,-12.518882,-1.472251,3.579359,0.83354,-2.589778,-3.656469,-9.796905,-28.257295,-51.825308,-61.680506,-47.318677,-20.119742,-2.312254,-2.552119,-6.830197,3.926775,30.091447,51.438591,49.141111,25.974585,2.48274,-4.555152,3.46673,12.95585,13.716208,6.309617,-2.577949,-6.977869,-3.728143,7.131561,20.211623,25.354708,15.775155,-2.773981,-14.764512,-10.512348,2.324836,6.952343,-2.302409,-12.287413,-7.153595,10.213292,18.740563,3.266407,-25.979207,-42.746409,-32.986768,-9.177355,5.056466,0.353866,-12.732664,-21.199602,-25.189965,-32.087448,-39.720333,-34.055946,-6.896427,28.966539,48.773836,41.075127,20.282853,11.498062,24.491521,45.200012,52.024393,37.277667,11.886189,-7.54154,-12.928171,-7.651186,-0.317894,1.909071,-3.377492,-12.823334,-18.967954,-16.019388,-6.249122,0.761642,-2.156957,-10.905239,-13.61573,-4.410047,8.193755,9.244162,-6.256792,-27.08852,-36.89138,-29.947621,-14.513555,-1.986192,4.119969,7.807807,12.420951,16.146048,15.246274,8.631017,-2.118051,-14.802403,-25.785879,-28.104758,-14.779537,12.971786,42.236952,56.751348,50.468407,31.943056,14.63319,4.325648,-2.48364,-9.554511,-14.247592,-11.648813,-2.814264,4.761126,5.286942,0.444403,-4.650959,-8.958186,-15.466878,-23.726655,-26.642055,-18.386399,-4.373961,1.219777,-9.314276,-26.122838,-29.481448,-10.060162,19.779769,36.497609,27.34064,1.712882,-18.32016,-17.671241,0.641747,20.871151,28.867782,22.35123,10.294138,3.875561,6.708533,11.862468,8.456825,-7.013867,-24.947895,-29.581469,-13.902096,11.697201,26.935592,19.40282,-4.435012,-25.589232,-29.393575,-16.302725,1.968956,14.197331,16.846014,12.393269,4.527595,-3.594388,-8.660763,-8.123698,-2.830752,2.749348,4.444015
1.819142,-4.449695,-10.539028,-11.089388,-6.513879,-2.580774,-3.216926,-5.352679,-2.69776,5.766242,13.256691,12.448649,4.203386,-2.817106,-1.470207,6.447535,13.008531,13.187783,9.257892,6.224398,5.039663,2.131187,-4.978841,-13.675523,-18.715824,-17.527845,-11.869694,-4.89781,1.666458,7.060556,9.865832,8.635466,3.97473,-1.45773,-5.516105,-8.040634,-9.0203,-6.592196,0.939502,10.816964,15.891794,11.32316,0.8835,-5.818767,-3.741347,1.292404,-1.252383,-14.134061,-27.889425,-30.027912,-17.633962,0.624775,14.321667,20.683238,23.377953,24.484291,21.265007,11.673033,0.215448,-4.791794,-0.010616,8.891653,13.009145,8.803516,-0.152445,-8.696444,-14.739126,-17.971298,-16.757668,-9.457799,1.2747,8.571106,7.931663,2.636796,0.049347,2.151128,2.212289,-6.956699,-22.379335,-31.480427,-24.788679,-6.797215,7.762491,8.490367,-1.194894,-9.173364,-7.159283,3.455166,16.616472,28.550584,37.68349,40.137657,30.200772,7.884139,-15.916804,-25.948972,-16.688863,0.853353,8.52811,-1.593054,-19.418519,-26.808217,-15.391429,5.432992,17.709855,11.759101,-5.52862,-17.868007,-14.454427,1.32165,16.2672,19.657635,11.902869,2.428991,-0.292986,3.162395,4.485174,-3.151721,-17.070989,-26.457132,-22.389048,-7.131316,6.65452,6.844396,-6.85283,-21.838229,-23.112348,-5.998116,20.079345,39.510053,42.479174,30.736566,13.65609,-0.101736,-7.565613,-10.343682,-10.866838,-10.427059,-9.649411,-8.975611,-7.961309,-5.121688,0.109367,5.236278,6.023415,1.291566,-4.090864,-2.911975,6.460492,16.667606,17.720606,7.492632,-5.277467,-9.842586,-5.048777,-0.474165,-5.157289,-16.439781,-22.074173,-13.879977,2.346162,12.198757,7.632134,-5.020975,-12.508204,-8.674476,0.553819,5.603117,4.226169,2.494873,6.020281,12.77392,15.750236,11.371451,3.328332,-1.989204
-2.126678,-1.012642,0.394383,-1.740943,-8.968892,-15.723177,-13.171247,0.444152,15.283808,18.70803,8.853525,-2.949017,-4.644222,3.506722,10.783208,10.04778,6.138453,8.130399,15.859516,18.755462,9.206992,-6.54312,-14.549453,-9.394143,-0.356196,0.208333,-8.392217,-15.697822,-14.481269,-9.875475,-11.307138,-18.091886,-18.269545,-3.292356,19.795756,34.777558,34.16447,26.618824,24.542411,27.126434,20.176501,-6.196734,-42.718236,-66.719674,-62.705692,-35.727559,-4.779085,14.552501,19.809656,17.100123,11.636816,4.712732,-2.618757,-7.043105,-5.673578,0.458036,7.47109,12.785035,16.485785,18.318662,15.501674,6.017952,-5.864295,-10.052226,0.362648,19.820149,32.029995,23.867335,-1.092161,-23.835498,-26.67369,-9.91402,8.49632,10.712536,-3.682064,-18.69568,-19.966818,-10.013148,-3.884276,-10.485341,-21.423293,-20.763006,-4.501459,13.494258,16.825765,5.42355,-4.697752,-0.883714,10.787956,13.042991,-0.947629,-18.096227,-19.973096,-4.155672,13.231792,16.557723,8.082801,3.113866,9.878708,19.380244,17.359618,2.952193,-9.16529,-5.598204,10.3717,22.57656,19.394226,4.517531,-9.202911,-13.180696,-8.754817,-2.449521,0.244146,-3.605497,-14.520161,-28.643811,-37.140239,-32.083548,-14.973396,2.853953,10.950836,10.191604,9.996458,15.285438,19.773193,14.820077,2.67612,-3.915514,3.187533,16.439544,20.493521,10.198734,-3.749516,-8.874474,-6.728247,-9.674368,-22.26824,-31.709522,-21.620006,6.283129,29.910657,29.107278,7.783226,-9.988484,-6.043123,12.847692,23.599047,12.209249,-12.38365,-29.295306,-27.143785,-12.815877,-1.230142,0.059819,-4.239847,-4.381192,4.871528,20.542973,33.933659,35.913915,22.706151,-0.093866,-19.080448,-21.811911,-7.262465,11.868794,18.879628,6.940913,-15.594289,-33.068084,-35.572075,-25.259383,-11.86109,-3.54901,-1.673721,-2.25448
-44.293329,-46.112133,-49.597858,-51.80953,-37.680318,-0.420334,44.230847,68.886836,59.467268,27.161212,-3.597739,-15.841086,-8.771293,8.698562,27.224772,40.121489,43.166643,36.244227,24.416184,13.720255,5.03564,-5.275642,-17.328923,-23.428473,-16.093067,-0.475958,5.669577,-11.598092,-46.364331,-75.995721,-81.353619,-62.667729,-35.153803,-11.643169,7.533022,28.223383,50.099282,63.525167,58.309843,34.15131,2.80695,-19.069099,-20.946077,-6.450299,7.870825,5.567913,-12.609413,-24.604843,-6.162829,40.806572,81.361587,76.600575,23.796636,-35.841046,-55.226675,-28.124291,5.846809,4.527435,-32.172559,-64.872774,-59.566805,-23.083069,8.863095,13.315934,2.291433,3.50391,26.62497,54.370824,63.779028,48.821567,20.668954,-7.228386,-27.922873,-38.234608,-36.732012,-28.265706,-23.956172,-28.368984,-27.809241,-1.178845,50.99065,93.415731,83.109719,14.739075,-65.848468,-100.610448,-73.163795,-20.647613,8.143616,1.419479,-11.807697,-1.441177,29.222278,51.424127,46.372726,24.3765,8.667713,7.976687,10.806843,3.644059,-12.72391,-27.104415,-32.422449,-30.745103,-25.586133,-15.940399,-1.03685,13.293371,18.971915,16.568828,16.550794,26.065289,37.19373,33.771008,11.189978,-14.660066,-22.176298,-6.945228,13.702705,19.933339,10.062713,-0.708479,-0.217929,6.760699,6.221816,-7.164757,-24.497854,-34.801054,-37.786159,-40.853522,-45.842801,-44.94877,-32.651634,-17.663412,-16.32859,-32.117333,-46.385497,-35.556232,1.80397,39.973519,52.508293,42.297518,39.682961,67.453731,110.882179,128.77684,96.797717,36.210279,-5.360435,-2.249751,23.875236,29.077443,-5.40375,-55.343887,-82.877505,-77.519893,-62.57577,-62.928338,-74.816928,-73.176415,-45.344114,-8.522497,10.464337,7.667651,6.102575,25.615502,55.101998,62.024663,30.101356,-18.149726,-41.205936,-20.3077,21.522226,42.609666,22.551538,-21.296116
15.206578,12.621093,6.682645,4.635362,6.076893,3.773995,-5.305075,-13.169117,-8.54224,8.733946,24.268446,22.482778,2.759349,-19.599789,-28.705522,-22.906764,-13.799671,-12.13992,-16.750584,-17.388407,-6.850508,10.811711,23.320004,20.498552,2.637893,-19.270362,-31.078908,-25.334342,-6.276228,14.117009,25.93336,28.047735,25.436266,20.969332,12.222103,-2.278569,-15.774035,-16.513181,-0.510056,20.933527,30.094417,20.291202,2.510569,-6.881624,-3.535837,2.022638,-1.889489,-15.045397,-27.463758,-31.45253,-27.309578,-17.694033,-2.136631,18.49501,34.821637,33.426712,12.064217,-13.218225,-21.806559,-10.066929,4.940158,5.566572,-5.989685,-11.986697,-2.939131,9.122052,5.187164,-16.267201,-35.72908,-34.724519,-16.059839,2.303056,10.260726,15.053287,25.971798,36.779566,31.7045,8.687043,-11.798253,-7.692042,17.400393,35.275001,24.088254,-6.466606,-25.94958,-17.488181,4.619038,13.483584,0.650422,-17.139486,-20.815568,-11.424071,-5.451297,-11.562679,-19.286425,-13.116311,6.845009,23.575294,22.060755,5.218145,-10.87268,-14.502038,-7.642803,0.867216,6.436048,10.414488,13.625485,13.12047,6.772069,-1.884267,-6.51593,-5.435997,-3.809324,-7.503603,-16.170355,-23.7251,-24.804378,-19.019571,-9.045782,3.024452,15.534104,24.604994,24.783546,14.432258,-0.135482,-8.044288,-2.972285,10.773686,21.600243,20.561606,8.81899,-3.818789,-7.546736,-0.750226,9.034552,11.910813,4.284417,-8.076919,-15.334445,-12.468977,-3.489496,2.947439,1.912118,-3.919736,-8.288098,-8.146475,-5.731038,-4.553813,-4.983913,-4.657421,-2.353417,0.089091,0.012005,-3.013473,-7.109749,-10.21803,-11.040033,-8.233762,-0.723345,9.803755,17.811442,17.731858,9.78263,0.568411,-3.63552,-3.534903,-4.761258,-8.873807,-9.018658,2.457073,22.158468,34.723228,26.867147,2.313103,-19.749035,-22.778233
-13.163275,-12.022913,-2.428275,10.538844,17.877997,14.438309,4.040589,-4.075768,-4.72386,-2.227777,-5.333524,-16.604193,-28.288239,-30.07097,-20.483648,-8.804657,-4.708432,-7.279818,-6.306112,5.271733,22.116392,31.450733,26.782563,14.747971,7.48253,9.639985,14.791896,14.308268,7.390566,0.777459,-0.102078,3.065604,5.188946,4.958668,5.694844,9.132611,11.02146,5.079381,-9.10698,-23.99348,-30.648261,-26.640525,-16.991203,-8.528232,-4.759826,-5.663343,-9.820794,-14.883879,-17.145457,-13.604377,-5.678547,0.922697,2.315118,2.126706,8.447914,23.452597,37.602543,37.299764,19.52444,-2.883715,-12.790195,-5.765929,5.940243,7.01144,-4.639452,-16.457254,-15.330466,-1.013436,15.034222,22.042398,18.768905,10.596735,1.393437,-8.884955,-19.487766,-25.589986,-22.321442,-11.180659,0.1554,5.355515,5.32302,5.266439,7.010451,6.771539,1.450254,-5.055727,-4.855199,3.993648,12.840951,10.327471,-4.859636,-20.953077,-24.248966,-12.79088,2.305012,9.032516,6.294431,2.478433,3.720073,6.604838,4.062569,-3.369803,-5.873783,4.143517,20.525018,26.818558,13.166228,-11.383345,-25.910016,-18.101241,3.145488,16.690752,10.432927,-7.465323,-18.571849,-13.673912,-0.793808,5.378135,-0.628759,-11.14422,-15.438812,-10.425132,-0.538914,9.825755,19.764966,27.612219,27.613117,15.358739,-3.535035,-14.637063,-8.555504,6.955632,12.600709,-2.202786,-25.996909,-35.254627,-18.713032,9.91709,25.175086,15.184843,-7.688416,-21.034502,-14.781443,1.83976,13.304385,13.767247,8.976128,5.720627,3.86764,-0.336887,-6.539813,-9.433719,-5.522287,2.062098,6.975358,6.350358,2.138037,-3.330153,-10.026767,-17.082436,-19.412423,-11.332194,5.37843,19.580009,19.928454,6.293123,-9.558522,-15.360956,-9.383298,0.430423,6.477613,8.176394,8.953952,10.020117,9.959467,9.263278
-7.944154,-18.55518,-15.62445,2.743515,24.020762,32.068935,22.119039,4.898321,-4.336022,-0.797462,5.998027,3.346089,-10.338115,-23.3331,-23.195188,-10.65486,0.73864,-0.474713,-10.582018,-14.788264,-4.737499,10.4893,13.577706,-1.142214,-20.211631,-25.670722,-15.432458,-5.121583,-8.311078,-18.396154,-14.843498,11.805829,45.113028,56.860202,35.937535,0.335813,-20.853262,-15.409008,3.777599,16.348072,15.932455,12.268892,15.279537,22.085632,21.463615,8.415167,-9.015357,-17.738569,-12.600837,-0.719566,5.813483,0.630777,-12.244631,-22.526122,-22.532951,-13.824211,-5.93604,-7.263283,-15.930766,-20.856334,-14.143301,-2.16507,-0.79485,-16.770145,-35.64963,-33.370219,-2.414238,36.190327,51.299075,32.805259,1.537754,-13.376133,-4.14032,12.101424,17.41953,14.233426,18.14317,33.333061,43.149651,28.934068,-5.80053,-36.079535,-41.009598,-24.145267,-5.842759,0.984465,1.927949,8.077645,18.467685,21.016555,9.295537,-7.885238,-16.480581,-13.227208,-7.234819,-6.766776,-9.93154,-10.825,-10.137976,-13.157111,-17.430141,-10.175368,15.178296,41.984727,39.193611,-5.876037,-65.515206,-90.202029,-54.753412,14.785657,63.977861,61.150274,24.701443,-0.486094,9.309571,35.523943,42.174415,16.318183,-20.089243,-36.422093,-25.4264,-6.170433,1.130152,-3.460462,-5.404831,2.24553,9.691726,4.840667,-8.498225,-13.138771,0.307414,19.952981,24.699884,8.489332,-12.163143,-16.694538,-3.400333,9.771028,6.240569,-11.817997,-28.566462,-32.589473,-24.880184,-10.35257,10.724071,37.306179,57.498488,53.59045,22.18002,-15.383191,-30.657489,-18.018051,-1.627154,-8.303123,-36.326207,-57.136797,-48.232606,-17.795251,7.850193,16.437009,20.364528,33.708154,48.167912,42.053037,11.940004,-15.953843,-13.839292,12.796563,28.835747,10.889161,-22.904023,-32.489937,-3.11694,36.191775,45.099129,16.297508
2.253086,4.015627,-2.323887,-11.451721,-12.889497,-3.5531,7.527631,9.019554,0.348243,-7.979935,-7.457797,-1.921043,-2.039492,-10.608631,-17.351865,-10.724214,7.0188,20.200529,16.234999,-0.539748,-13.765659,-12.879934,-3.183901,2.774315,1.236506,1.28909,12.530618,31.521806,43.218334,35.772889,12.064144,-13.941651,-30.400097,-35.522711,-33.78274,-28.038461,-17.929247,-4.708583,6.155522,9.617703,7.337663,6.774467,12.89218,21.928921,24.961353,17.584949,4.692863,-4.987504,-8.042338,-8.708979,-12.345366,-18.368264,-21.005108,-16.379196,-7.04452,1.198297,5.727634,8.790067,12.979343,16.861482,16.43162,10.2683,1.588184,-5.299591,-9.320116,-12.19342,-14.276774,-12.777547,-5.241941,5.951813,14.111314,13.829451,5.7236,-4.379353,-10.214091,-8.922266,-1.785455,6.77413,10.924173,6.732005,-3.80346,-12.497519,-11.465636,-1.386502,8.157358,8.731855,2.961999,1.601576,9.496984,17.265195,11.000671,-9.413488,-25.936398,-20.322359,4.388683,24.706416,21.318187,0.363632,-13.619473,-5.698151,12.669484,17.361456,-0.566166,-25.278988,-34.724101,-24.245108,-8.222478,-0.836628,-1.264055,0.058877,5.589685,7.535912,0.721185,-7.46335,-4.855601,9.475165,22.364173,21.488757,9.526639,-0.220862,-0.628582,1.827766,-2.008109,-9.975071,-10.581415,1.388953,16.342239,20.223223,11.072325,0.919331,0.754605,7.561708,9.195437,0.093165,-12.064681,-16.038688,-9.828187,-1.203265,2.322876,-0.112237,-6.451112,-16.85278,-30.790684,-40.843363,-35.564735,-12.195001,15.978223,29.814906,23.262571,9.431362,5.677488,14.372797,21.619629,14.932428,-1.515589,-11.894609,-7.112051,5.621824,12.429739,8.735945,2.54808,2.847252,8.542403,10.892955,4.818516,-5.341278,-11.542744,-10.909152,-7.21766,-4.97975,-4.612756,-3.888825,-2.050175,-0.641471,-0.82612,-1.719696
-13.831369,-17.512794,-13.35189,-2.158326,7.763939,8.268359,-0.124435,-8.887723,-11.241873,-9.665068,-11.670548,-18.49917,-21.064089,-9.735199,12.661536,30.909546,32.410727,20.709667,11.483137,15.024077,25.519748,29.658354,23.838008,18.624217,24.615167,37.019918,38.518428,18.061533,-16.233726,-45.098324,-57.243447,-57.41278,-55.770343,-53.762136,-44.231078,-24.035346,-1.453079,11.680082,12.793929,9.869813,10.245591,12.221094,10.203988,5.333231,5.947337,16.246561,28.276676,29.076178,15.233446,-3.0262,-13.126395,-12.487626,-7.325939,-1.843707,6.051256,16.932842,22.879982,14.401998,-5.439155,-19.361533,-12.837579,8.593317,23.342373,16.325596,-5.52319,-22.426075,-23.753097,-16.493261,-12.120404,-10.923988,-4.334536,9.339593,18.561766,11.774925,-6.373712,-17.750832,-10.793614,6.103614,14.229387,5.493276,-10.149847,-17.982118,-14.643094,-8.004476,-3.880374,1.472215,13.879966,30.225427,39.274198,33.37491,16.182672,-2.153779,-14.676071,-20.446081,-20.369566,-15.017648,-7.570001,-4.574769,-9.456029,-16.252239,-14.415174,-1.729409,10.782255,10.495633,-1.43145,-10.684001,-7.062289,2.995576,5.33593,-2.317058,-5.942187,6.71951,28.090114,37.126546,24.218901,3.931072,-1.457444,11.662198,24.330377,18.473377,-1.458437,-15.286176,-12.974368,-6.497455,-13.073226,-31.812153,-43.858584,-35.738704,-16.170532,-5.394014,-11.005477,-20.395977,-17.662283,-2.17344,13.907752,23.010369,29.729063,39.279934,44.866247,33.818633,6.118129,-19.894377,-24.990026,-10.010085,5.382769,5.101722,-6.683384,-13.650796,-8.262881,1.062842,3.72292,1.592503,4.793471,15.089309,20.477106,9.760571,-11.206194,-23.500072,-16.002448,2.024354,12.150191,8.021357,0.837215,3.257045,12.55272,13.991995,-0.240345,-20.334237,-29.42452,-22.319625,-10.048805,-5.852313,-10.254847,-12.474593,-4.839166,7.903178
2.13358,1.515776,-1.537162,-5.700798,-8.300419,-7.155211,-2.361607,3.407241,6.523912,4.950018,-0.117679,-4.825232,-5.253923,-0.311115,7.149831,11.919317,9.800417,0.532798,-11.729919,-20.775829,-22.01525,-15.114294,-3.953975,5.912946,10.542507,9.528609,5.565,2.255554,1.823006,4.170205,7.606167,10.376233,11.757315,12.047281,11.736379,10.728182,8.294071,3.746049,-2.787878,-10.140868,-16.605269,-20.755371,-22.013315,-20.663943,-17.479844,-13.33899,-9.060089,-5.361649,-2.71809,-1.079108,0.272981,2.392479,5.874631,10.106981,13.266329,13.342306,9.660592,3.802611,-0.970609,-1.689694,2.173495,7.961251,11.279688,8.918591,1.337668,-7.10819,-10.622249,-5.673222,6.454553,20.052047,28.212125,26.893202,17.226773,4.608712,-4.781776,-7.737249,-5.648668,-3.077014,-4.366037,-10.602546,-18.875238,-24.187722,-22.666073,-13.979948,-1.543681,9.460283,14.897343,13.655572,7.788526,0.993675,-3.526968,-4.621441,-3.4598,-2.580445,-4.339924,-9.56929,-17.046383,-23.989624,-27.33171,-25.183217,-17.777503,-7.393016,2.753984,10.082256,13.810895,15.041364,15.726799,17.208959,19.292983,20.466113,19.070887,14.570965,7.994407,1.26024,-4.063122,-7.59398,-9.926521,-11.5828,-12.050254,-9.822038,-3.591488,6.216419,16.80902,24.005174,24.425025,17.550807,6.276866,-4.506777,-10.482589,-10.074648,-4.965061,1.200264,4.959698,4.693636,0.970647,-4.277276,-8.936813,-11.479286,-11.120666,-7.741343,-1.983085,4.499313,9.114177,9.190189,3.465583,-6.658837,-17.154488,-23.083868,-21.256817,-12.253522,-0.415321,8.417645,10.186643,4.932642,-3.305111,-8.974616,-8.347652,-1.658123,7.211005,13.180496,12.957222,6.724322,-2.337652,-10.162331,-14.068074,-13.808987,-10.987935,-7.51757,-4.321295,-1.107097,2.832522,7.578057,12.174749,15.177215,15.705887,14.175295
5.440155,4.777999,0.758422,-5.743474,-12.381775,-16.630543,-17.252689,-14.908363,-11.459964,-8.511194,-6.325956,-3.992311,-0.691774,3.024606,5.16584,3.740606,-1.272784,-7.044879,-9.110962,-4.173056,7.35214,20.953727,30.360082,31.221637,23.718557,12.299768,2.710172,-1.638839,-1.444177,-0.273742,-1.360955,-4.909617,-7.979163,-7.048917,-1.281749,6.110846,9.653798,5.441373,-5.710291,-18.181642,-24.818372,-21.442586,-9.56014,4.580465,13.925404,14.873962,9.047644,1.562797,-2.778365,-2.636372,-0.525748,-0.416889,-4.47452,-11.337728,-17.096636,-18.130359,-13.692036,-6.416778,-0.480701,1.218136,-1.09969,-4.399359,-4.9405,-0.709914,7.358346,15.986019,21.417748,21.359409,15.982177,7.689106,0.000254,-3.833762,-1.998497,5.209719,15.354986,24.57279,28.941259,26.094435,16.356666,2.726416,-10.434572,-19.396535,-22.657507,-21.2505,-17.670035,-14.202301,-11.779478,-10.027868,-8.27168,-6.565648,-5.873568,-7.241974,-10.663822,-14.620413,-16.790335,-15.499611,-10.86748,-4.772601,0.383636,3.244004,4.262925,5.13229,7.320293,10.836537,14.160738,15.393163,13.76145,10.341018,7.42021,6.938399,9.108631,12.209273,13.695196,11.852942,6.870029,0.637269,-4.497321,-7.110291,-7.294818,-6.170559,-4.805107,-3.411044,-1.401646,1.798471,5.864602,9.334886,10.274067,7.435651,1.158201,-6.605732,-13.175503,-16.427035,-15.744303,-12.142644,-7.573042,-3.86257,-1.884923,-1.350416,-1.220588,-0.425915,1.538193,4.423818,7.470997,9.861364,11.089243,11.051656,9.860788,7.563492,4.004432,-1.037307,-7.506298,-14.753993,-21.495643,-26.143814,-27.397672,-24.803041,-18.993742,-11.479604,-4.066388,1.842323,5.771049,8.312204,10.805063,14.63491,20.384456,27.190863,32.688503,33.763985,27.991499,15.175746,-1.833426,-17.722738,-26.721885,-25.233116,-13.757752,3.01966
-2.330983,-5.499279,-3.602337,1.700669,5.702957,6.393918,6.157124,7.303717,7.77608,3.345459,-6.174688,-15.071091,-17.343284,-13.083339,-7.600211,-4.532389,-1.973771,3.467231,10.446921,13.294255,8.94393,1.232536,-3.505214,-4.069675,-5.104446,-9.57714,-12.90615,-7.256636,8.296719,24.207034,28.741317,19.312459,4.351383,-5.795045,-8.296613,-7.837438,-9.087168,-11.384816,-10.983136,-6.618832,-1.323483,0.837376,-1.415658,-5.951661,-9.11812,-7.774741,-0.872133,9.212477,16.987543,17.37469,10.377553,1.76554,-2.218362,-1.062922,0.031738,-3.24844,-8.847654,-10.656879,-5.876587,1.582143,5.708456,5.090866,3.479812,4.12874,5.668152,4.689907,0.99983,-1.901304,-1.703041,-0.539423,-1.792049,-4.733886,-4.801699,0.087073,5.410011,4.329854,-4.152632,-13.346475,-16.096604,-12.460307,-8.431281,-7.515271,-6.05566,1.510489,14.043356,22.981114,21.217237,11.258567,2.776061,2.144168,5.990104,5.93057,-1.366147,-10.39688,-13.144189,-7.770973,0.03029,3.783439,2.918878,2.22436,5.520278,11.048343,13.334307,8.87929,-0.602451,-10.29877,-16.795819,-20.045244,-21.335975,-20.339775,-15.006835,-4.521733,8.176221,17.523037,19.367247,13.956063,5.078803,-3.232806,-8.753263,-10.41362,-7.267799,0.400018,9.10244,13.151183,9.499324,1.72768,-2.260737,2.158839,11.143716,15.753346,10.904605,0.460392,-6.982123,-6.831709,-2.33795,-0.120276,-3.225753,-9.233366,-14.043402,-15.719952,-14.358126,-10.030872,-2.836466,5.157707,9.996301,9.349235,5.492371,3.386225,5.335327,8.374168,7.626077,1.788149,-5.49838,-9.483154,-8.487565,-4.110204,1.358745,6.309056,9.017515,7.50426,1.607096,-5.421122,-9.017841,-7.602072,-3.934497,-1.554188,-0.616491,1.517212,5.730091,8.864758,7.197647,1.488938,-3.106697,-2.677155,1.051088,3.017788
-54.63558,-39.249084,-3.253297,28.066117,35.196417,19.161539,-3.304518,-16.10842,-14.741665,-4.742522,5.572338,9.56185,3.629214,-10.516377,-23.922546,-24.59289,-7.87214,16.921427,32.920551,30.738106,16.547038,4.148235,-0.059524,-2.08701,-10.14678,-22.096014,-25.96477,-13.242418,10.408107,29.136435,31.073136,17.843085,1.101292,-8.411327,-8.329276,-3.805329,-1.602818,-4.46619,-8.883549,-7.627307,3.336798,18.292192,23.30913,8.185326,-20.91587,-42.736675,-38.771078,-11.585918,16.186323,23.127076,9.331601,-5.42276,-3.159963,14.519236,30.375765,30.602964,17.277297,2.655574,-4.980911,-7.26202,-9.56992,-13.274301,-15.802136,-15.978481,-16.076933,-18.300089,-21.399177,-21.976829,-18.025802,-10.136349,-0.442185,7.719238,9.91824,3.964319,-4.815829,-4.289913,13.510692,40.402404,54.567323,39.878306,3.785764,-26.896233,-30.557928,-10.748069,9.635537,13.068175,3.88607,-0.03092,11.245389,29.475626,38.359552,30.081464,10.57915,-8.344187,-18.53763,-18.421939,-11.669808,-5.925256,-9.705348,-25.033824,-41.832696,-43.890096,-24.872451,1.998841,14.137077,1.623684,-22.384882,-35.014873,-26.367711,-6.886665,6.74512,8.885266,6.185189,5.32529,5.293592,2.927478,0.982708,5.422341,15.520193,22.195735,19.311216,13.607854,18.397249,36.689005,54.627904,54.955803,35.675976,12.130274,0.350125,1.32612,3.268418,-3.279232,-16.189322,-27.012056,-31.187083,-30.553373,-28.328733,-25.925298,-25.131188,-29.361378,-39.317253,-48.571915,-47.084384,-30.495965,-4.48959,20.690079,38.008035,44.726877,39.142117,21.886552,1.632433,-6.348828,5.862754,26.217842,30.411231,7.167593,-26.24773,-39.251761,-19.957222,12.073403,27.808169,20.030554,7.340592,7.84419,16.593219,14.832539,-2.366405,-17.274587,-11.908316,7.34546,15.936318,1.709282,-19.050552,-21.576558,-4.126798,9.140787
-18.522009,-32.085477,-33.787247,-20.268314,-1.558535,10.422365,16.225307,26.745253,45.20746,56.396326,40.60744,-0.946533,-40.752188,-50.5418,-30.946216,-10.160769,-11.297313,-25.901283,-25.186164,3.999791,41.376206,54.979059,36.54049,8.874374,-1.964788,4.76447,8.304726,-5.143729,-25.696142,-33.730748,-24.47784,-12.076369,-10.146553,-15.31703,-13.935726,-1.13921,13.175592,17.946002,14.965411,15.272751,23.963132,33.633993,33.663602,21.907094,4.666887,-11.703896,-24.342937,-29.753281,-22.557647,-3.082191,16.343304,19.058236,0.676964,-25.0665,-40.276484,-41.07676,-38.054739,-38.948632,-36.392506,-17.249688,17.949723,50.589312,61.139586,47.67581,24.655721,6.002266,-5.611017,-12.754812,-13.198962,-1.84615,18.705609,35.938215,38.978537,29.373176,16.827882,6.434852,-4.347936,-15.447252,-17.905166,-4.738762,13.713963,14.086193,-14.77721,-54.442204,-72.054007,-54.557414,-22.726832,-7.310463,-14.631255,-22.137378,-8.311665,20.009613,35.66663,23.563813,-2.21198,-15.530605,-6.689963,11.456962,22.724111,24.888405,25.275984,25.997007,21.795758,12.112479,6.850157,14.271671,26.714175,26.13785,5.914528,-18.492556,-25.647021,-12.738555,1.786562,1.082093,-10.458721,-15.324944,-7.617926,-1.785794,-13.349456,-36.057876,-45.556672,-26.974291,6.251852,25.13561,15.118082,-10.303939,-25.562814,-18.638769,0.900779,15.568891,16.798851,8.705515,0.696173,0.119228,9.46628,25.010542,36.53536,32.808833,12.300282,-11.672205,-20.693611,-8.929787,10.171058,17.106474,5.96308,-10.996368,-18.049069,-12.30298,-3.62062,-1.05141,-3.88284,-6.839644,-9.441522,-15.20977,-22.210832,-20.130428,-1.290222,26.687667,44.059649,37.554179,14.32164,-5.201464,-8.242306,-1.368029,-0.639273,-12.456941,-26.832688,-29.397104,-17.279413,-1.257878,6.520896,4.350561,0.085643,0.818321,5.757173,9.078638
28.262419,18.208866,-17.408408,-53.866334,-61.636148,-33.875847,7.305432,31.548164,26.704168,5.938248,-8.525486,-6.61509,3.435898,6.649021,-3.24622,-18.88433,-27.12622,-20.81102,-4.223683,11.162766,16.389856,12.237904,7.98841,12.239313,23.457905,29.620414,19.02708,-6.79361,-31.161267,-35.159532,-14.425247,16.325384,35.963614,34.766476,20.356369,7.27441,2.359168,0.970208,-4.20912,-13.805251,-22.496941,-26.849463,-28.61259,-29.032325,-23.184503,-4.842371,21.658108,38.400891,28.409373,-4.83606,-35.607937,-38.292119,-12.961582,13.664381,15.155504,-7.243418,-26.227006,-17.690471,13.873025,40.923357,42.206301,23.229328,6.783157,6.599028,14.553779,13.852613,0.246908,-13.815258,-14.936446,-3.979367,6.746708,8.68358,5.100648,3.576065,4.470439,0.649735,-12.028421,-27.783785,-36.520345,-34.544412,-26.974423,-19.73118,-12.173771,0.267986,17.536176,31.94599,34.774053,24.581786,8.083348,-6.09036,-13.020364,-11.980431,-4.613903,5.330511,12.099433,11.333287,4.951943,0.932529,5.708435,16.436013,22.483622,15.794023,-0.77329,-16.229171,-21.996366,-18.549713,-12.054923,-6.805131,-2.78914,0.427019,0.690399,-3.889562,-10.328473,-11.829077,-4.842313,5.906917,11.079214,5.911877,-4.687105,-10.438201,-4.917194,9.069928,22.061389,25.1968,16.157012,0.293081,-12.94324,-16.002553,-8.241414,3.650088,10.83335,9.356323,2.748487,-2.425921,-3.501521,-3.745586,-7.411569,-13.621933,-16.321356,-10.671886,1.120045,11.060177,12.535584,6.017567,-2.22626,-6.532301,-6.612214,-6.28359,-8.215428,-10.591919,-9.278463,-3.155803,3.350013,4.069387,-1.880071,-7.275857,-2.450455,14.973536,36.082114,47.522892,43.200877,29.083657,16.241715,9.834643,5.863715,-1.804465,-13.424371,-23.799698,-29.310279,-31.550932,-33.020166,-31.845869,-24.28973,-12.623795,-6.770901,-14.524309
5.006235,4.673753,4.23559,8.612011,16.632602,20.01971,12.130441,-3.188658,-14.113403,-13.033325,-4.281674,2.017925,2.297914,2.411153,7.45776,12.354554,6.759131,-10.59992,-26.59679,-25.913128,-7.462043,14.417826,25.331777,24.142293,19.08973,13.969816,3.91034,-13.578053,-28.457919,-25.626798,-3.781559,17.794423,16.152224,-11.23612,-42.041042,-50.143233,-30.080505,0.029363,17.753306,16.085464,5.205455,-0.991114,2.644492,11.263943,16.765757,14.536395,6.531894,0.553391,5.149241,21.410137,38.604814,41.09013,23.186361,-2.939242,-17.283568,-11.641149,2.065586,4.641354,-10.196004,-30.496441,-40.272801,-35.608687,-24.94009,-16.482767,-10.298889,-3.371228,2.576413,3.221829,0.35011,2.655655,14.71431,28.276702,29.613531,16.054309,0.967017,-0.729968,10.205602,18.599309,13.213276,-0.53617,-8.793891,-6.979232,-4.041902,-8.632142,-16.3958,-15.671843,-4.019358,6.731364,4.299977,-8.830198,-18.361734,-15.459725,-6.344726,-2.697389,-6.257502,-7.660129,-0.062449,11.148093,15.224302,9.819345,3.341267,3.47861,7.791308,8.628694,4.808471,3.638179,10.510303,20.376679,22.794839,13.998739,0.503037,-9.371975,-13.913803,-15.955448,-15.573344,-9.679616,0.758735,7.847328,4.973486,-3.855056,-7.51574,-1.747035,4.224692,-1.469285,-17.501234,-28.856654,-23.450776,-5.813309,8.725196,11.341805,6.802186,3.287986,0.830248,-5.531478,-13.824833,-13.72286,-0.124077,16.693932,20.961175,11.278501,4.233462,14.125464,32.807445,36.539059,14.076642,-17.852902,-31.991194,-20.983956,-4.174642,-2.833913,-14.736575,-19.221955,-5.220529,13.910455,17.461639,4.10163,-6.239224,2.036644,19.677361,23.454036,5.139606,-17.467549,-21.066662,-3.518586,15.49155,18.989539,11.080004,7.280497,11.112634,8.044528,-14.982406,-49.093336,-68.515601,-56.637127,-23.362203,5.549954
-8.871846,-15.007003,-8.744061,8.739324,27.416088,36.007726,29.262295,9.817786,-14.226547,-32.665695,-36.715389,-23.529042,0.24083,20.456073,24.39169,10.394783,-10.61291,-23.983403,-22.707227,-11.074096,1.486384,8.863455,10.783111,9.189808,4.993986,-0.619709,-3.610978,0.962612,12.718169,22.793557,19.644801,0.060016,-25.457661,-39.615188,-32.283564,-8.853233,14.543252,24.128097,17.9602,4.511261,-6.216129,-9.795372,-7.368974,-1.230821,7.848946,19.100355,29.146218,32.519026,25.562776,9.928657,-7.904245,-20.835778,-25.603437,-24.205683,-21.68849,-22.166549,-25.717887,-28.113635,-23.789341,-10.348042,8.740483,25.854007,34.432484,33.277525,26.019762,16.658459,6.30589,-5.261362,-15.739575,-20.037013,-15.33815,-5.759695,0.291008,-1.180189,-4.703479,-1.184592,10.695162,21.136608,19.870247,9.790369,6.34704,20.018398,40.133058,40.690394,6.377604,-47.285133,-83.300889,-75.911756,-34.547741,5.758056,17.7803,5.02366,-7.902613,-4.143162,9.785722,16.620505,11.415115,6.908355,15.786886,32.357219,36.4845,15.974629,-18.152172,-40.841647,-36.488085,-11.864549,12.95219,23.243505,18.489579,6.640861,-4.996518,-12.070051,-11.082699,-0.714728,13.680292,20.890035,13.406842,-3.489369,-14.957036,-10.823252,4.082616,15.031197,12.211568,-1.065313,-14.482203,-22.027069,-24.965385,-25.270772,-20.63544,-8.67618,5.988094,13.328242,8.59977,-0.618497,-1.219663,11.045001,25.987089,29.274077,17.422022,0.909127,-7.403158,-4.964878,0.22592,0.211954,-4.772537,-8.969992,-9.238375,-7.93501,-8.03709,-8.077065,-3.807757,5.861568,16.546034,22.575386,22.344373,18.540259,13.765574,7.423244,-2.680664,-16.673223,-31.371084,-42.150857,-45.181736,-38.404196,-22.390337,-1.672767,15.789082,23.078946,19.931882,13.335218,11.078326,14.34575,17.595006,16.104198,12.238333,12.385163
-3.014271,-6.924865,-8.134655,-6.05684,-2.643833,-0.123942,0.718377,0.46099,0.19336,0.908862,2.887145,5.032804,5.389201,3.342304,1.244252,2.506645,7.167026,10.248691,6.326276,-3.768704,-12.188839,-11.492518,-2.576258,6.183958,8.03685,4.705723,2.99503,5.637553,7.927401,4.260703,-3.982678,-9.529088,-8.008978,-3.163152,-1.744859,-4.787235,-6.651967,-3.047763,2.708961,3.779414,-0.843067,-4.140457,0.42607,10.122452,15.171868,9.717631,-1.664759,-9.485853,-9.68416,-6.374513,-4.957109,-5.514287,-4.726854,-2.359123,-2.39351,-6.888403,-11.342653,-8.948915,0.80773,10.266418,11.554435,5.137453,-1.182341,-1.210597,3.69564,8.03468,9.352542,9.875663,11.62254,12.689333,9.96961,4.115586,-0.639123,-1.865336,-2.094547,-5.108064,-10.150868,-12.053932,-7.626941,-0.25077,3.395654,0.611198,-4.846859,-7.59504,-6.255592,-3.248046,-0.372641,2.978607,6.75539,7.658307,2.070592,-8.418525,-16.501993,-15.694423,-6.930408,2.485471,6.400145,5.186931,3.474531,4.052787,5.512578,5.376765,3.477191,1.147453,-1.597303,-5.916342,-10.831593,-11.910974,-5.155142,7.780898,19.571391,23.192393,17.567953,7.13691,-3.048874,-10.420369,-13.566761,-10.394225,-0.026803,13.523997,21.926051,18.95524,6.622825,-6.192567,-11.896438,-10.659413,-8.560597,-10.082123,-13.601073,-14.375986,-10.649905,-5.456044,-2.537197,-1.90184,-0.453938,3.458139,7.463031,7.774379,3.766139,-1.012222,-2.56166,-0.534293,1.880814,1.84024,-0.129214,-1.21966,0.124707,2.496043,3.411707,2.280967,0.894068,1.052673,2.360932,2.842538,1.558029,-0.000497,0.49765,3.380009,6.106954,5.493006,0.868226,-4.879381,-7.346347,-3.993553,3.758175,11.158804,13.086084,7.543213,-2.622982,-11.359126,-13.701125,-9.499144,-3.180921,0.495081,0.666736,0.278309
-5.438583,-11.577858,-11.89899,1.342091,12.919839,17.584697,26.793867,21.678201,-16.886741,-43.346969,-21.391258,-6.85256,-38.467112,-48.980821,0.969482,38.462634,19.471861,0.908736,16.345516,28.215102,20.104334,14.419617,14.700091,10.63277,4.328864,-2.155576,-8.649229,-12.169376,-17.428304,-22.042404,-10.467758,2.552013,-15.590795,-38.77146,-16.103884,25.754111,30.018791,11.89503,3.982002,-9.645676,-22.574501,4.402445,43.119356,31.992124,-2.203341,-0.724747,12.020661,-3.156439,-16.306178,-6.29454,-5.694386,-19.745017,-17.753597,-6.567717,-9.83261,-12.083712,-0.645074,1.977654,-5.772525,5.437961,30.543246,32.030721,6.178438,-15.298171,-15.132969,0.448852,20.387246,31.141859,21.099696,-4.583497,-25.792713,-27.623581,-14.322349,-2.46768,-0.922807,-3.582492,-3.294822,0.727699,8.620252,14.089866,2.962253,-20.420516,-28.545097,-13.442518,2.52764,10.873353,22.174848,28.396327,17.425408,6.431802,6.245904,-4.678094,-26.291677,-24.617509,-2.311517,2.706659,-6.254809,-0.835293,6.436844,0.596921,8.626891,31.030184,20.423259,-18.61495,-23.512625,5.522887,6.455492,-21.443386,-22.228661,7.709375,25.510358,22.167926,13.296306,-4.194187,-28.610684,-35.188316,-15.996364,4.071144,6.991508,2.512391,2.599393,2.810363,-2.337793,-5.202837,0.887711,8.379882,10.804755,13.640199,16.647196,10.820901,2.102214,5.447876,13.799194,8.166455,-9.183303,-20.89886,-17.826924,-2.605329,9.321659,1.382457,-13.590656,-9.609734,0.002903,-12.923561,-27.493416,-13.30235,2.03609,-9.802624,-14.204516,12.188732,26.655933,6.98941,-2.399384,21.188482,39.147051,26.290467,4.149588,-4.875914,0.74954,12.109034,12.413317,-5.37276,-21.009406,-17.405589,-9.771718,-15.662467,-26.182851,-27.373844,-18.262028,-2.346494,10.355893,5.637695,-6.466422,5.204246,40.07466,55.038836
21.939904,20.845175,19.80582,18.760466,16.163308,11.218816,3.899396,-5.702493,-16.256426,-24.147675,-25.91519,-22.300094,-17.564048,-12.941494,-2.814585,18.336065,44.046881,55.137679,36.168068,-6.595621,-47.453689,-64.484912,-59.170566,-50.262628,-49.392573,-47.711175,-29.307223,5.846893,38.299084,49.442764,40.747707,29.118288,25.949159,26.654346,21.778364,12.251689,7.699978,11.438226,14.373109,7.167698,-6.14268,-12.699474,-8.031876,-1.97529,-4.136043,-8.67851,-1.024247,20.346274,36.540807,28.338548,0.247344,-22.829496,-24.005362,-12.802805,-10.359934,-21.118448,-28.55577,-20.58386,-9.460113,-16.45843,-38.810379,-44.191657,-6.632372,56.421971,93.670523,70.972366,7.911005,-41.761228,-43.893452,-12.714601,12.751054,11.918367,-3.752214,-14.482454,-17.026784,-20.740883,-26.904667,-23.699475,-4.107862,19.51429,26.682604,13.290384,-2.077873,0.86594,21.010272,38.066007,36.01834,19.07519,3.146262,-3.571349,-6.839064,-14.919891,-26.556177,-32.879668,-28.277237,-15.770784,-2.354976,7.745452,14.823147,22.005581,33.473076,50.874411,67.122672,65.399566,31.973061,-24.632646,-70.857534,-73.614898,-33.646824,9.988476,15.170732,-21.648203,-61.957536,-65.112443,-29.44409,8.760848,14.717228,-11.473957,-40.943637,-48.610382,-33.344188,-8.646303,16.128119,38.335224,51.015704,41.747657,9.509901,-22.298971,-20.522086,24.29303,82.010167,106.538619,78.158361,21.663271,-17.883209,-16.184106,12.925945,36.653517,34.919116,13.212536,-10.065032,-22.986611,-26.696122,-28.09517,-31.115915,-35.464198,-40.197898,-45.191223,-49.063282,-48.06153,-39.068439,-23.997819,-10.164238,-4.986943,-9.472317,-16.893166,-18.627535,-12.02901,-2.308149,4.404095,10.126342,25.355869,57.291865,96.284742,116.292902,93.787401,30.402164,-42.527607,-84.779567,-76.963874,-33.542852,11.312235,30.949359,22.589815,1.841489,-14.677405
12.310664,43.253709,70.470033,79.364643,63.742041,31.964268,2.353255,-9.948777,-3.328687,11.922471,23.926452,26.568115,18.166145,-2.117902,-32.004713,-60.963294,-72.98535,-59.465482,-29.2515,-2.487977,7.273372,3.574558,-0.815568,0.628647,3.753914,3.172393,0.394457,-0.6764,-2.548157,-11.792105,-26.631885,-32.755579,-17.342348,13.91424,39.636906,44.786383,35.562121,28.278596,26.673509,18.06431,-5.624855,-30.250873,-31.593954,-5.227029,23.555301,24.98901,-3.376804,-36.109761,-49.794895,-45.470136,-37.508561,-27.749327,-2.322263,43.587043,87.762025,98.088305,67.253477,22.231618,-4.474749,-7.482269,-6.677718,-16.732119,-28.854846,-26.854578,-13.160664,-8.041536,-22.414688,-41.124909,-40.496689,-18.530542,1.526742,-0.236811,-15.499406,-17.846839,4.76942,35.118396,46.217705,30.248923,3.412696,-14.753388,-20.031035,-20.75731,-23.320069,-26.151979,-25.56135,-20.599349,-10.483966,7.092058,30.15792,47.840875,48.378612,33.380188,18.748958,17.069689,22.224936,17.766316,0.546359,-11.366243,0.315158,29.075074,47.589452,38.123705,11.858499,-7.718969,-16.151127,-32.734547,-70.936037,-112.238742,-119.331025,-76.118029,-7.784034,42.635363,53.456696,36.070549,12.66638,-6.889321,-22.45761,-27.903766,-11.726798,23.457766,51.836766,45.843766,8.020438,-25.328771,-17.668382,31.117933,83.564647,98.947292,67.196411,11.836122,-34.086314,-52.434401,-46.319826,-30.810011,-19.912129,-17.908327,-18.361003,-11.84389,2.347452,12.246199,4.431227,-19.310909,-39.833217,-38.964709,-19.078069,-0.215294,3.199803,-1.560394,3.666402,23.826911,43.424652,44.59498,26.917296,4.800706,-11.077977,-21.766901,-28.398059,-21.733167,6.93537,45.458933,61.975955,34.505104,-22.53434,-67.98787,-71.816661,-39.790766,-0.309843,26.207038,38.521925,40.129135,27.07264,-2.044033,-30.622892,-32.144823,0.936,43.034155
-0.111827,2.811757,8.740109,13.720927,14.280355,10.441172,4.753149,-0.71643,-5.64545,-10.254893,-14.095717,-16.489231,-17.477478,-17.627076,-17.0764,-15.281017,-11.517743,-5.07432,4.7074,17.136609,28.134258,30.884269,21.113039,2.819196,-12.801775,-16.461645,-9.398497,-1.779397,-1.860624,-7.715306,-10.725909,-6.239311,1.582226,6.090742,6.914496,9.663156,17.212912,24.450079,23.948013,15.569463,7.351553,5.910762,8.180932,5.007704,-7.581745,-23.123391,-31.646642,-30.217551,-24.892558,-22.905736,-24.992346,-25.841714,-20.209603,-7.206874,9.858471,25.107517,31.6364,25.169068,9.487066,-2.929909,-0.14411,16.679041,31.824994,29.776354,12.192722,-2.484013,1.372721,18.501809,27.082244,11.877791,-18.8972,-41.403852,-39.765016,-20.002712,-1.286446,3.337839,-4.221798,-14.529226,-21.730127,-25.497322,-25.535481,-19.281324,-6.475703,7.004301,13.300925,10.850142,6.474211,8.080341,16.263073,24.414138,26.682774,24.187205,22.686842,25.17828,28.134041,25.158986,13.562765,-2.975831,-17.626395,-25.746555,-27.490986,-26.121391,-24.276506,-21.790684,-16.910838,-9.441421,-2.26817,0.77726,-1.356798,-5.875954,-9.070434,-9.604998,-8.025683,-3.682017,5.491177,18.474002,27.838177,24.417782,7.314519,-12.2911,-20.317021,-13.590066,-2.619145,0.810616,-2.75008,-1.858773,10.858844,28.484298,37.023048,31.185368,19.214287,11.283315,6.95364,-1.987793,-17.553841,-29.808429,-28.10793,-15.173466,-4.944161,-5.773359,-10.303155,-5.769381,7.863591,15.730349,6.070849,-13.64776,-23.609538,-14.411326,1.849277,6.124448,-4.801604,-14.964622,-9.244849,7.758497,16.873985,7.171032,-10.804286,-16.574588,-2.09166,20.340101,31.763103,25.088973,9.17006,-2.479898,-3.81692,1.854292,7.813185,9.203183,4.479736,-4.437311,-12.246645,-12.943721,-5.124719,5.385264,10.048995,5.675938
-1.944883,-6.07441,-3.31702,5.563408,11.628028,5.302907,-12.367643,-27.281145,-23.868876,-0.875175,24.843238,31.880802,13.110287,-18.003966,-39.15595,-37.431566,-17.823038,3.278785,11.412638,2.911596,-14.936914,-29.46908,-29.774407,-12.884623,13.574214,35.216178,40.377616,28.240108,8.020276,-10.002156,-21.92868,-28.311229,-26.827715,-11.161483,19.72582,52.571431,65.150157,45.235891,4.949604,-26.439455,-26.909588,-0.251717,29.065923,38.623647,25.509365,3.520351,-12.909427,-19.862715,-21.624414,-22.450865,-23.358327,-24.725866,-27.585628,-30.836577,-30.0394,-22.283421,-11.74714,-6.78677,-9.450226,-10.26661,2.375123,26.685272,44.735676,39.232874,13.341553,-9.351025,-7.290197,17.008117,39.137743,37.258331,13.017182,-12.261765,-20.179991,-11.853613,-2.8026,-4.863494,-15.549733,-23.741262,-22.12926,-12.481579,-1.013259,8.040202,13.8039,16.458745,15.982485,12.82726,8.026808,2.186581,-4.309758,-9.394934,-9.157673,-1.746068,8.514529,13.113348,7.283813,-4.556719,-12.877017,-12.734004,-8.069401,-5.803007,-7.304505,-7.705995,-3.175673,3.827693,8.018016,8.164192,7.710401,8.609699,7.757933,1.906903,-5.639532,-7.138033,-0.397217,6.317682,2.593097,-11.621307,-25.262996,-29.04853,-25.820857,-24.432768,-24.775527,-14.836522,13.443423,48.230932,64.216775,48.044083,14.433598,-7.29907,-2.893418,13.954667,19.3477,6.19244,-10.432273,-13.477228,-3.72241,3.859208,0.058151,-8.364215,-9.687321,-3.322738,0.247686,-5.509184,-13.983312,-14.287237,-5.961301,0.402248,-2.467976,-8.511999,-6.568741,3.542653,8.650815,-1.931557,-21.60872,-31.800072,-21.976162,-0.903408,13.7894,14.704072,10.177235,11.614041,19.598707,25.021011,21.531298,12.633521,5.700989,2.465862,-1.482649,-9.028371,-17.09719,-21.018888,-20.381862,-17.551725,-11.582095,1.989475,22.867739,40.087479
-7.861388,-8.083079,-6.223273,-5.684473,-6.710492,-5.843229,-0.569493,6.679262,10.450235,8.093881,2.624812,-0.633468,0.492916,3.590302,5.087336,3.922879,1.6225,-0.063737,-0.527324,0.177102,1.707945,2.845842,1.690402,-2.2344,-6.298843,-6.628463,-2.404791,2.523118,3.499439,0.398192,-2.136619,-0.352345,3.710762,4.306724,-1.092768,-8.308191,-10.732938,-6.424925,0.189005,3.551003,2.606053,0.546158,0.012008,0.195695,-1.048828,-3.64698,-5.153218,-3.830495,-0.626025,2.300049,4.047363,5.109455,5.602656,4.752517,2.625297,1.334942,3.226019,7.722046,10.891253,8.862963,1.621102,-6.783767,-11.532478,-10.385579,-4.526895,2.622037,7.095662,6.215145,0.453252,-6.196843,-8.936927,-6.421079,-2.170206,-0.917526,-3.47064,-6.032833,-4.986753,-1.37767,0.584726,-0.756066,-1.948992,1.273297,7.95567,11.938847,8.522781,0.019951,-6.485127,-6.542645,-2.267066,1.264155,2.042011,2.218237,3.803369,5.308221,3.800725,-0.653448,-4.29511,-3.771762,0.163403,3.849077,4.962915,4.44687,4.25318,4.463027,3.539606,0.822976,-2.482665,-5.028697,-7.004414,-9.290584,-11.419947,-11.465201,-8.208891,-2.673238,2.999859,7.587383,10.873813,12.055307,9.518263,3.154203,-3.826953,-6.953278,-4.987671,-1.573417,-1.42384,-5.000499,-7.891746,-5.840928,0.288829,5.315561,5.320481,1.663062,-0.827484,0.909195,5.260711,7.967107,6.354009,1.502803,-3.041811,-4.165396,-1.248314,3.637328,7.179382,7.067149,3.61462,-0.62311,-3.137373,-3.548559,-3.349706,-3.739908,-4.242382,-3.75744,-2.475024,-1.896207,-2.811456,-4.031247,-3.808467,-2.176796,-0.951195,-1.210043,-1.696189,-0.578653,1.63723,2.277814,0.122307,-2.132989,-0.401856,5.674592,11.304746,11.181066,5.19059,-1.417619,-3.638665,-1.606381,0.585541,0.115953
11.113798,7.972163,-3.980729,-16.560245,-20.487286,-13.817945,-2.324522,6.98072,11.043447,10.236783,5.47893,-2.199822,-10.223423,-15.055931,-15.147126,-12.093977,-7.854688,-1.883056,7.01925,15.980135,17.71759,7.489181,-9.613365,-20.55941,-15.54838,2.514381,20.393797,26.486631,20.108954,9.422072,1.777,-2.61528,-7.992773,-15.976643,-22.573059,-22.063423,-13.007897,-0.043153,9.96889,13.42847,12.109802,10.421707,10.801272,11.780051,10.5612,7.24429,5.71828,9.501784,16.665149,19.890013,12.674108,-4.27977,-23.195483,-35.716511,-38.916345,-35.270801,-28.350344,-20.099617,-11.880906,-5.772283,-2.927657,-1.234055,3.343864,12.202251,21.948174,27.841735,28.597396,26.254583,21.634186,12.406706,-2.619637,-18.697075,-27.513623,-25.125771,-15.466443,-4.476048,7.264611,22.656925,38.904827,44.779957,31.357101,4.567731,-17.730258,-23.627645,-19.173905,-18.664981,-24.341278,-21.958003,-0.253318,29.151511,38.913955,15.754791,-21.587063,-39.825411,-26.18896,-1.040502,6.529368,-8.728688,-25.239086,-22.635891,-5.460606,5.421908,0.60956,-6.835181,-0.22885,17.464121,26.45221,15.562691,-2.399854,-5.489567,10.454693,26.381135,23.120824,4.764727,-6.246636,3.659962,22.495711,26.397171,7.357593,-17.335053,-24.342494,-9.779028,7.395284,6.733327,-11.770717,-28.37246,-24.89472,-3.680313,14.881604,12.919401,-7.079791,-24.508498,-20.66024,2.747776,24.544124,24.053224,0.92277,-24.676978,-31.708606,-17.843871,0.73621,7.855775,3.336271,-0.365144,4.998808,13.926777,15.583965,8.452223,2.394179,5.793689,14.43699,16.428377,7.029958,-5.113556,-7.919077,0.447247,10.348656,11.989426,4.687753,-5.641904,-14.516356,-20.823413,-22.253347,-14.284815,2.912468,19.074477,20.601131,4.852015,-14.77796,-21.093461,-10.256421,5.302334,11.150925,5.506441,-1.794861,-2.597027
-17.244599,-25.035455,-26.772829,-18.170167,1.395169,27.714699,52.979877,69.049053,71.197297,60.38307,42.727079,26.3385,17.086425,15.580719,17.068551,14.403382,2.513588,-18.137389,-41.159146,-57.308273,-59.441385,-46.595754,-24.829808,-4.236253,6.277681,3.544761,-8.502349,-21.351132,-26.769108,-21.187347,-7.207691,8.362952,18.507558,19.553833,12.366371,0.908316,-10.471886,-19.117114,-24.357518,-26.322423,-24.616387,-18.148849,-6.346128,9.258756,24.529515,34.120715,34.202974,24.881848,10.664794,-1.54634,-5.922093,-0.67288,11.168723,23.52662,30.495832,29.121216,20.296856,7.595135,-4.944184,-14.611874,-20.515275,-22.895736,-22.176021,-18.603224,-12.645275,-5.533009,0.845229,4.924374,6.6766,7.975514,11.471231,18.446044,27.097442,32.721616,30.145703,17.141472,-3.413288,-24.352967,-37.919981,-40.225725,-33.590043,-25.030158,-21.646177,-25.828831,-33.537587,-36.984382,-30.083851,-13.010729,7.375744,21.764338,24.570017,17.844114,10.083114,10.534506,22.758426,41.858642,57.393602,60.105762,47.94101,27.266208,8.479966,-0.920011,-1.013203,1.297937,-2.195768,-14.736079,-32.03584,-45.189459,-46.892279,-36.491573,-20.321639,-7.227181,-2.617606,-5.332502,-9.407829,-9.180332,-3.765015,2.465938,3.67664,-2.353756,-11.842408,-17.270019,-12.77021,1.278902,17.888777,27.74333,25.23603,12.131524,-3.586977,-12.784709,-10.677714,0.770014,14.759629,24.157037,25.411973,19.607228,10.640326,2.422874,-2.838414,-4.586515,-2.981513,1.543021,7.770464,13.079494,13.96362,7.992274,-4.011508,-17.49205,-26.344009,-26.6892,-19.652224,-10.881796,-6.75801,-9.748319,-16.283991,-18.964066,-11.833273,4.884836,24.078868,35.857819,33.874698,19.589329,1.494684,-10.254857,-10.231662,-0.888186,9.524607,12.710352,5.801033,-7.020061,-17.561549,-19.026893,-10.122466,4.590636,17.86888,24.032613
-78.203243,-81.308945,-66.037722,-38.738231,-10.398114,8.369543,11.930229,1.716748,-14.947626,-28.521259,-31.636683,-22.257101,-4.244408,14.869579,27.824321,31.288874,27.248997,21.270927,18.615495,20.642535,23.9733,23.182168,15.306617,2.912435,-6.855248,-7.055415,3.607735,18.833239,28.316134,24.970348,10.813814,-3.141931,-3.794446,14.492869,44.278925,67.898508,67.772031,37.870487,-11.243601,-57.512922,-79.778286,-69.802505,-36.473077,0.167322,20.92234,17.819853,-3.151092,-27.605222,-42.077998,-40.923837,-27.241624,-8.769801,7.315336,17.12839,19.605035,14.807081,3.386207,-12.289633,-27.059879,-34.080826,-28.420188,-10.923082,10.784582,25.611648,24.98183,7.714306,-19.343281,-45.148428,-59.988097,-59.133587,-42.963851,-14.784443,20.98021,58.662855,90.300743,106.222432,98.768164,67.592834,22.569563,-19.093428,-41.175739,-37.553506,-15.980351,6.611548,14.788805,4.40434,-15.120071,-27.656921,-21.71334,1.56331,29.188411,45.230392,41.442163,22.242165,0.854835,-10.258722,-7.692543,1.596498,6.385404,-0.196463,-15.899208,-31.603227,-38.449101,-34.28669,-24.748144,-18.511217,-20.63519,-29.028217,-36.456346,-36.224123,-27.027509,-13.372568,-1.513211,5.709044,11.001924,20.012693,35.899141,55.195345,68.267489,64.490177,39.018901,-3.120033,-48.296025,-80.36389,-88.278217,-71.178455,-38.386274,-4.491576,17.83177,23.623749,17.203807,8.843293,8.409437,19.489243,37.344459,51.982395,54.614765,43.53927,25.557403,11.703591,9.83448,19.027151,29.890955,31.032835,17.491739,-4.854976,-22.51131,-23.546893,-6.572037,17.044941,29.888331,20.023647,-10.48607,-46.199491,-67.991563,-65.379315,-43.053746,-17.165598,-4.093761,-9.673851,-26.377355,-40.063234,-40.971296,-30.684772,-19.984133,-19.426699,-29.958204,-40.839728,-36.716219,-8.851572,37.554751,85.246407,114.710167,115.186234,89.718618,51.64513
5.659793,12.931946,12.751832,3.449258,-10.529318,-21.005417,-21.290134,-10.805101,4.097567,13.835602,11.499932,-2.850065,-22.23898,-37.038898,-40.607973,-32.739587,-18.982319,-6.648206,-0.323501,0.302459,-0.732892,1.022802,7.349284,16.365588,23.933954,26.257249,21.98626,12.765506,2.231123,-5.733527,-8.545971,-5.705507,1.296285,9.741582,16.811465,20.682523,21.166826,19.572778,17.804846,17.170048,17.601537,17.792227,16.132331,11.781725,5.129146,-2.612622,-10.238312,-17.06476,-22.734911,-26.63304,-27.669048,-24.900133,-18.627168,-10.954308,-5.00318,-3.016201,-4.674843,-7.109134,-6.950821,-3.11276,1.901514,3.543879,-1.114586,-10.242629,-17.351783,-15.257251,-1.555275,18.324166,33.236605,32.917808,14.989511,-12.46514,-34.962057,-40.097971,-25.082402,1.62926,25.6996,35.696925,29.501654,14.302775,0.664998,-4.832214,-3.188071,-0.640257,-2.670885,-9.208788,-14.733017,-13.072205,-3.017024,9.798616,16.451693,11.239485,-3.695844,-19.20686,-25.057866,-16.796203,1.288638,19.190529,27.994171,25.621484,17.546854,12.193587,14.501201,22.321163,28.115176,24.577951,10.087258,-9.83567,-25.944135,-31.070377,-24.362435,-11.321322,0.020998,3.986887,0.061754,-7.772435,-14.192692,-15.838946,-12.813235,-7.952901,-4.86937,-6.131345,-12.368366,-22.226959,-32.749688,-39.976771,-39.914576,-29.954994,-10.329308,15.26631,40.575034,59.078617,66.599924,62.792049,50.728635,34.990574,19.525939,6.514636,-3.416764,-10.286502,-14.153536,-15.291173,-14.732586,-14.339131,-15.936996,-19.972137,-24.756513,-27.126693,-24.326235,-15.922519,-4.39359,6.124974,12.158005,12.738975,9.596874,5.681212,3.171776,2.379273,2.162457,1.30668,-0.353744,-1.951559,-2.607737,-2.471037,-2.785822,-4.835179,-8.594347,-12.254492,-13.152552,-9.541714,-1.923232,7.087166,14.329142,18.004446,18.551645,17.872062
7.238812,7.934817,7.721677,6.292766,3.766954,1.336493,1.087181,4.358962,9.576845,11.877271,6.190736,-7.731501,-22.975381,-29.520846,-22.676498,-8.331694,1.15042,-2.158293,-14.310568,-23.38166,-21.205871,-10.941342,-2.682977,-2.269166,-5.682304,-4.705289,3.409422,13.518168,19.397908,20.726179,21.694762,23.74076,22.401816,12.940453,-2.043385,-12.898396,-11.784539,-0.491634,11.374878,15.564372,11.774664,5.699233,2.364853,2.458213,4.019704,5.371713,5.406283,2.50522,-4.530623,-13.90224,-20.72,-21.297306,-17.726297,-16.798046,-22.987716,-32.377601,-34.576744,-21.975132,2.095974,24.418451,31.983657,22.572067,6.554719,-1.786696,3.974352,17.631804,26.483657,22.653889,9.398536,-2.854477,-6.244956,-1.498805,4.709943,6.95595,4.928389,1.071979,-3.563148,-9.767822,-17.106218,-22.227687,-21.310634,-13.715546,-2.417686,8.809842,17.494333,21.744078,19.343391,9.688168,-3.326929,-12.42163,-12.812595,-6.89652,-1.813786,-2.00659,-5.1986,-6.331913,-4.235429,-2.493528,-3.602873,-4.406027,0.636019,11.947161,22.63159,24.94977,18.277651,9.500916,5.72356,7.628219,9.985399,7.201598,-2.546599,-17.241683,-32.603349,-43.265216,-44.682618,-36.359932,-23.180013,-11.657144,-3.999183,2.954022,11.973939,20.146061,21.850878,17.102015,13.787416,18.859911,28.512945,31.000829,20.835742,7.204971,4.306238,13.511172,19.558305,7.764363,-16.915477,-32.682862,-24.335483,-0.753846,14.487262,9.027652,-5.836113,-10.211475,0.293037,9.939459,2.297826,-20.034405,-38.298311,-38.330756,-24.412717,-11.690519,-8.546944,-10.008241,-7.410793,-0.021981,5.404926,4.372909,0.251927,-0.360314,4.754112,12.224344,17.997141,21.021503,22.204867,22.300394,22.283742,24.055613,28.068551,30.240898,24.01885,7.619064,-11.792065,-23.601856,-24.071817,-19.586722,-18.57128,-21.574149
11.111548,29.439512,30.413835,7.236102,-22.381612,-34.811765,-26.028185,-13.338528,-12.062077,-17.251938,-13.523615,0.796903,8.114743,-6.413025,-32.886222,-44.070177,-25.2608,8.930131,30.935422,29.744914,18.960449,16.553935,23.39075,25.874082,15.909356,1.225211,-5.396596,-1.591602,4.387565,6.303075,6.694618,9.758221,12.736222,9.283588,-0.280966,-7.655465,-7.251111,-4.064402,-6.878782,-15.509501,-20.088806,-14.368215,-5.08668,-3.733068,-10.979361,-15.185498,-8.221149,2.211314,1.513791,-11.736033,-21.018615,-10.687997,13.908258,30.594568,24.954663,6.01804,-5.461831,-1.144807,7.544967,6.068305,-4.834068,-11.521762,-5.748383,5.243552,8.785932,2.89182,-2.170856,2.240964,12.138871,16.153602,9.54181,-0.374705,-2.820196,4.981145,16.040187,21.242184,16.661584,4.424792,-10.390555,-22.275309,-26.861164,-23.0873,-14.596439,-7.504682,-5.533302,-7.449666,-9.428654,-8.982645,-5.846677,-0.287191,7.039549,12.993713,12.149002,1.929593,-12.347319,-20.047815,-14.86754,-1.591529,8.101635,6.8155,-2.163619,-9.155491,-7.1606,3.702167,18.495453,31.400886,37.586469,34.524623,24.220157,13.282324,7.852898,7.341195,4.916392,-4.194594,-16.016419,-21.636522,-17.667293,-10.487114,-8.729245,-13.461603,-18.386828,-18.985852,-17.721615,-18.407258,-18.536186,-11.732913,1.988371,12.954021,12.307836,3.82141,0.637926,9.187792,20.219297,19.280815,4.377053,-11.272542,-14.810952,-7.758851,-1.138419,0.429379,3.48524,13.066989,21.131602,14.277646,-7.22844,-24.533366,-18.847193,7.032214,30.387553,32.159434,15.151003,-2.762096,-9.471505,-7.983395,-6.513239,-6.151698,-2.468721,4.391673,8.058063,5.637766,3.551795,8.869474,17.016931,14.316956,-5.06436,-28.963675,-38.589486,-29.06199,-14.186868,-9.669852,-15.668577,-19.562837,-13.653276,-4.384917,-2.292116,-7.29761
16.306803,21.008943,12.62063,1.962942,0.098772,7.873679,17.896141,24.175704,26.635251,26.669531,22.668143,13.495492,4.897393,7.215636,23.240644,40.059304,37.849858,9.917951,-26.972424,-45.337159,-32.172259,-1.765688,17.048405,6.894671,-23.691685,-49.6884,-52.041807,-32.015617,-6.778614,6.428873,2.515433,-10.988487,-21.953603,-22.116241,-11.00943,4.892262,16.278384,16.74878,7.512446,-2.724783,-4.120558,5.893258,19.747017,26.042348,19.800094,6.778871,-2.475056,-2.55274,3.317356,9.13181,13.53917,19.703673,28.345219,33.68313,28.547663,12.865144,-5.500551,-19.361112,-29.525673,-40.896273,-51.962719,-52.329898,-33.998392,-3.810511,19.706505,24.246828,16.427065,13.434117,22.307635,31.247835,23.856163,-0.31274,-23.562565,-29.000652,-18.041569,-6.228323,-3.937398,-6.192957,-2.740223,6.673038,12.362642,9.12965,4.462122,8.463535,18.764068,21.647288,9.596007,-7.385126,-12.944203,-5.334064,-1.0879,-14.756637,-38.728305,-48.992783,-31.845654,-0.458831,18.554864,13.249925,-2.84264,-7.940688,4.352321,21.56114,29.660123,28.324088,27.151694,30.619977,31.573089,20.181202,-3.616126,-28.350712,-40.425271,-34.304298,-15.578592,3.008799,9.330839,0.525649,-12.624112,-12.267564,10.016008,41.150854,54.641287,35.44163,-2.963396,-29.845431,-27.550818,-8.578504,-0.235224,-14.132019,-35.060589,-40.646498,-27.103841,-10.874968,-6.701207,-10.829462,-9.181559,2.524337,13.788015,14.853183,10.450056,12.55963,22.158182,25.62345,12.214055,-9.86921,-20.923913,-12.500947,3.337219,10.215519,7.990604,10.635454,24.298286,35.332163,26.11809,-0.177367,-18.684253,-10.067712,15.802639,29.17932,13.043177,-18.803211,-38.430671,-34.291621,-19.991956,-14.063418,-17.99163,-18.504039,-7.65663,6.821471,12.977759,10.556946,9.599672,14.659329,17.396779,8.681649,-5.949196,-9.751903
-34.180257,-43.017262,-40.671578,-28.46744,-11.800433,2.651681,10.615016,13.07445,14.99001,19.290224,21.848977,14.691872,-3.665605,-22.107748,-24.690661,-6.842913,17.469,27.75943,17.334297,0.083043,-4.462266,8.068253,22.99726,23.524628,9.104451,-5.011363,-5.449332,4.958997,11.560083,4.545278,-11.136467,-22.109649,-20.188486,-8.400649,4.539179,12.580583,14.533181,10.684705,0.625808,-14.508438,-29.159951,-34.913354,-26.426226,-6.612885,13.808579,22.798314,15.225307,-3.172372,-19.674624,-24.023817,-15.823523,-3.18462,5.961764,10.661589,14.596002,18.295861,16.817444,7.179499,-3.736967,-3.135392,13.365701,33.351145,37.513362,19.268579,-7.755878,-23.885543,-23.605507,-18.50229,-20.044697,-23.92763,-16.032442,6.91093,28.324017,27.860671,5.212718,-16.916431,-16.117339,5.472375,23.267905,16.521331,-10.103747,-32.294994,-31.1447,-9.93719,12.912335,23.427933,22.042403,16.460686,9.817426,-1.061584,-17.217076,-31.282213,-32.124275,-15.808318,8.838373,25.96899,24.61478,6.556781,-15.690752,-28.333778,-25.491253,-11.490597,4.465397,15.867314,22.004959,24.823151,24.265687,18.035439,5.959517,-6.9629,-13.648688,-11.524092,-5.176192,-1.664704,-3.436523,-6.432944,-4.926185,2.613722,12.427814,18.9751,18.7253,11.618999,0.903658,-7.944149,-10.119407,-5.60946,-0.335776,-1.046151,-7.848156,-13.204551,-10.360507,-2.342267,0.159084,-8.583743,-20.766791,-22.393482,-9.682297,4.956562,6.275756,-5.461785,-13.327495,-2.966378,19.239466,31.053106,18.386397,-8.146917,-23.174256,-12.461166,13.431032,31.67186,30.717658,19.063034,11.800897,12.462826,10.795708,-2.77729,-23.903159,-37.160143,-31.056497,-8.720462,15.81419,30.062098,31.19798,23.690235,11.856255,-3.605229,-22.340624,-39.604863,-46.738829,-37.664368,-15.426282,8.132611,20.480121,17.698856,6.676471,-1.810461
27.520492,16.523792,-1.180273,-9.357888,-4.106962,3.590207,3.058019,-2.366835,-0.35341,12.914353,24.96675,19.729704,-3.796736,-29.2117,-39.781507,-34.859168,-26.827021,-23.593462,-18.924422,-2.575174,22.820469,40.078839,34.781523,11.986768,-7.524711,-8.038627,6.06328,16.88906,12.697196,-1.278765,-10.9436,-8.993538,-0.48105,5.37516,5.257407,2.483279,0.395377,-1.680937,-5.797099,-11.521775,-16.558603,-19.722535,-20.71411,-17.192266,-5.57972,12.490295,26.17767,22.483753,0.041081,-25.708345,-34.418238,-19.03895,9.050092,33.131386,46.651267,53.45882,55.217438,45.133947,18.320099,-14.742906,-32.499392,-24.013707,-3.299527,3.496149,-13.803488,-38.209938,-45.430024,-32.067419,-18.533807,-22.977519,-37.972815,-38.978297,-14.917833,16.453583,27.994021,14.804695,0.13566,8.184104,35.807989,56.017498,48.210234,19.709733,-4.405773,-8.437297,1.438164,9.48793,8.124363,0.211129,-10.696372,-23.997415,-34.593731,-29.516422,-0.428633,40.240443,62.909529,46.898666,2.552858,-36.64798,-45.476112,-28.439508,-9.506289,-4.5792,-8.887855,-10.519036,-9.142446,-15.161769,-31.782882,-45.08747,-36.851974,-5.572002,29.850896,48.676663,47.825333,40.88258,39.884641,41.987105,34.949499,12.674763,-17.4638,-41.575793,-50.451096,-43.766822,-27.101608,-8.294167,4.594437,6.825289,1.905843,1.306779,14.897895,39.408642,57.903613,53.414308,24.21462,-14.531486,-43.744421,-54.126063,-48.168282,-32.699177,-13.31913,4.406014,13.54947,10.716428,2.288507,1.083539,12.6895,25.881191,21.059348,-8.597481,-45.4971,-60.734456,-41.139783,-2.781019,23.978878,23.179288,6.528993,-1.263921,11.91721,36.129312,53.482223,57.142765,53.372187,46.936356,30.840124,-4.320726,-51.511295,-83.725498,-75.533785,-30.134722,17.789054,30.409057,0.625016,-41.646004,-57.239544,-32.686962,10.39355,37.754927
-9.23339,27.868306,24.109097,-8.449384,-4.654133,8.002931,-14.389736,-24.148352,3.89343,15.03655,-1.359945,-4.140761,1.603956,-2.734773,-0.768223,6.020618,3.769601,9.443403,21.085348,10.155409,-4.869397,3.889004,5.421253,-13.887375,-15.17708,-2.395979,-9.203053,-13.940608,1.017498,4.844146,5.214064,26.740666,20.956088,-34.808274,-59.247614,-21.919053,3.274694,-0.175241,13.779384,25.341055,7.642094,7.609383,36.44428,35.340225,2.415073,-9.549762,-0.862412,-2.514181,-12.570245,-18.634801,-13.095697,5.518307,8.61424,-20.344101,-36.430189,-10.413407,17.50009,22.715919,22.858131,11.910512,-12.703616,-14.111083,4.659122,-3.796256,-27.745604,-23.538342,-6.589793,2.73253,24.956727,46.694686,31.223349,3.046047,-2.071389,-5.65648,-19.633505,-16.350085,1.800626,4.778134,-10.217466,-24.041771,-13.527558,22.837155,31.209723,-14.216114,-27.339489,34.899316,54.664326,-24.080488,-67.412736,-15.027615,11.812046,-25.192415,-24.678667,22.508163,38.118388,27.33017,25.132091,11.459956,-5.364502,5.358388,8.144697,-18.944122,-20.777733,6.637014,-1.579946,-30.73854,-17.394465,11.063622,1.768266,-18.852892,-19.346242,-11.063919,10.082321,38.918824,28.331379,-15.747606,-20.878127,14.898441,24.132716,8.960436,17.7445,29.256304,5.294434,-20.477633,-15.049098,-8.739292,-21.23303,-28.755484,-25.60133,-23.017415,-6.63118,25.187236,33.342772,8.833247,-3.121997,12.979256,20.760099,6.950378,-6.405389,-14.660521,-23.974827,-22.601747,-7.440575,4.408355,10.593784,22.23361,32.581114,26.208487,3.057827,-21.469261,-26.213544,-9.651871,-1.268388,-9.627989,-1.926604,18.690592,7.752507,-15.275674,5.785517,35.104962,9.796577,-25.918793,-18.033566,-11.846609,-29.802766,-16.827838,17.703729,7.72085,-20.711722,-4.8912,24.405556,22.330428,14.987905,19.49608,15.446394,3.837562
-8.166181,-11.211022,-3.679862,13.094459,27.720366,29.028478,20.369073,5.444318,-13.926528,-17.531413,3.030194,8.381644,-23.846311,-44.852807,-20.154465,8.602771,8.694163,2.982349,0.129121,-12.907552,-15.181028,11.04321,31.00699,21.056115,9.24098,10.126033,4.833307,-5.180892,-5.138848,-7.222781,-21.326608,-25.72993,-8.534463,6.536605,0.191544,-11.833198,-3.792744,20.502025,29.198472,9.27106,-10.616999,-5.900108,6.746482,6.117988,1.971557,8.074106,16.741298,16.717212,10.10719,6.371056,8.189495,1.142168,-28.925214,-62.362829,-61.146423,-23.436491,13.53642,23.166225,11.978783,2.798056,10.866429,25.094444,20.3134,-3.878694,-23.322181,-25.940291,-14.337335,7.227453,20.921022,11.863346,4.091266,22.246489,39.228241,27.17331,9.369841,4.293412,-6.794387,-21.996019,-17.124114,-4.312493,-6.390079,-7.507942,-0.310005,-13.249526,-40.983592,-37.92365,-5.968073,7.591879,-1.337626,1.486214,14.876365,11.627236,-4.542447,-9.160759,0.942899,10.974702,13.125365,10.841367,10.975076,15.980836,19.91357,17.91781,15.648726,15.334322,4.96389,-16.183521,-23.219172,-7.795006,-0.644944,-14.420053,-14.360258,10.842641,16.09345,-16.674174,-39.473577,-21.993031,4.193971,8.64363,-1.422324,-10.761206,-10.091632,2.546398,9.663358,-3.00045,-16.031023,-9.025229,4.758409,11.259326,19.132928,29.641059,29.279432,16.901096,5.379754,5.756831,18.070848,22.965715,2.331888,-23.740908,-24.561305,-12.222101,-11.211521,-12.140697,-7.75729,-12.323634,-16.112765,-1.038009,7.800411,-7.761859,-11.452333,8.378742,7.034917,-16.683842,-11.935771,13.792557,8.769657,-15.986919,-18.232157,-12.688446,-24.102136,-22.042397,21.044949,74.73597,94.228899,66.603534,11.564021,-29.003771,-27.068502,-7.176715,-8.4186,-20.34029,-12.870139,-1.257009,-13.92664,-29.50673,-16.144834,2.162415
-48.896025,-46.137466,-21.547088,4.718499,11.71352,-0.787185,-13.505772,-9.67079,7.806551,22.37322,23.276776,14.64168,6.289749,1.527283,-2.298861,-4.740014,-0.60219,10.839791,20.215327,17.205267,4.534064,-2.54812,6.665884,25.009322,35.017887,28.479166,13.712094,2.419426,-5.41109,-18.24611,-36.599582,-47.245709,-37.897591,-13.939265,5.553542,8.797939,3.007116,2.331846,8.675697,11.02102,3.377647,-4.4493,0.235522,13.082142,14.540476,-5.116125,-28.787983,-28.466335,1.474946,33.533934,34.543748,1.796249,-33.129304,-37.223574,-8.995286,23.058083,31.12988,12.924086,-12.521164,-27.1345,-28.035208,-23.070979,-18.928962,-15.98425,-11.302788,-2.78949,9.149056,21.124095,27.614126,25.180225,17.52383,14.154539,20.993596,32.698632,37.290207,29.174074,14.75115,3.250783,-4.881798,-15.651109,-28.192248,-30.74449,-15.394262,6.401476,11.686431,-7.03834,-28.781553,-26.018627,0.680448,18.521214,-1.008146,-45.531019,-70.460246,-46.749876,6.240701,41.395104,34.5319,7.021838,-3.468583,13.135425,32.239017,28.530776,6.612155,-7.757356,-1.113462,12.552302,11.393319,-7.337308,-26.167825,-29.868635,-20.966153,-11.095503,-4.064824,5.462548,18.512436,25.567468,18.242934,2.864648,-4.321903,3.86354,16.408435,17.021345,3.19362,-11.849229,-15.259378,-7.674929,1.422628,6.69199,9.92978,11.499585,5.969647,-9.078057,-23.231202,-19.389382,7.369615,40.385166,54.966224,41.402543,12.376754,-11.934526,-22.696647,-25.352455,-28.133768,-33.114578,-38.633562,-44.684644,-51.01737,-51.8069,-38.473261,-10.949724,16.979125,28.477461,20.702894,8.166339,7.271161,19.287782,31.006986,31.129063,22.330268,15.775725,16.873985,20.403792,19.456389,14.930415,13.115541,15.631563,15.994511,7.809472,-6.009898,-15.114903,-12.792039,-3.027957,4.382871,4.268436,0.017409,-2.199037
0.113319,16.174613,27.280685,23.358537,7.143137,-10.370372,-21.440969,-25.921209,-25.798735,-20.589245,-10.901225,-3.173348,-4.992385,-14.269719,-17.591918,-3.986651,20.544978,36.89461,33.175184,17.988636,9.864294,14.997973,20.537841,11.768828,-8.450806,-22.626287,-20.174501,-10.057583,-8.418519,-17.302272,-22.072591,-11.020326,8.152607,16.634102,7.631375,-4.797154,-2.608466,14.308385,27.838445,22.75465,3.45872,-12.575569,-14.733338,-8.32193,-4.4659,-6.104637,-7.172026,-2.994861,3.37573,6.072249,3.932335,0.267628,-2.972388,-6.876117,-10.932782,-10.512663,-2.281307,8.993366,12.753062,3.362149,-13.193457,-24.965436,-25.366566,-17.081404,-5.731073,6.789855,20.812075,33.213402,37.353654,29.96586,16.066269,5.189027,3.382641,9.782102,19.143167,24.561535,18.191111,-5.120119,-39.654561,-65.789099,-62.564994,-28.889027,9.771085,22.337118,3.018399,-21.542289,-19.984083,9.419365,36.077816,30.333679,-3.790787,-32.680367,-28.906959,1.35214,27.957778,29.636852,12.528601,-2.646925,-5.175391,-1.648821,-1.942677,-5.308257,-3.809258,4.252412,10.3063,6.18421,-4.921131,-11.465811,-6.571084,4.92685,12.887212,12.724678,8.096168,4.582735,4.000374,5.51188,9.197099,15.200217,19.589364,14.476082,-4.76361,-32.232401,-53.247269,-54.987108,-36.398498,-8.497443,14.248699,23.273013,19.143548,8.468198,-1.35045,-5.885972,-4.885553,-1.219333,1.65326,2.30455,2.267404,4.491429,10.475804,18.305153,23.165906,20.307473,8.8487,-6.198212,-16.035552,-14.106962,-1.949661,10.659909,12.820198,1.561889,-15.269625,-25.268557,-21.297185,-6.228596,10.604497,20.660306,20.583026,11.878467,-1.220156,-13.114613,-18.126318,-13.15805,-0.442674,12.754274,18.327156,12.385542,-2.628603,-19.644962,-30.587091,-29.974075,-17.624915,0.631838,15.737089,21.076651,16.943895,9.474986
-4.117845,12.244819,19.996933,6.975322,-17.95681,-33.043061,-26.843215,-9.816399,-1.025813,-6.137508,-12.525293,-5.958543,12.145005,26.866084,26.897958,15.60012,5.012514,3.016104,8.952554,18.69831,28.343781,31.790093,20.320042,-9.050861,-44.381831,-63.236182,-51.140339,-15.919578,18.535432,33.301003,28.127486,15.146031,3.195247,-8.019715,-19.866748,-26.845845,-20.976423,-2.968006,15.104385,20.403345,11.513806,-1.131428,-5.910463,0.377516,12.319821,21.951612,23.551524,15.002939,-1.637325,-19.851442,-31.414809,-32.112907,-24.920329,-16.366309,-9.871285,-4.03854,2.426863,6.469457,3.664238,-4.999423,-11.775053,-8.948153,3.933873,20.479676,33.829681,40.792079,40.508799,32.6393,19.234414,6.431097,0.180405,-0.925161,-5.573656,-19.426528,-35.819301,-40.344561,-26.192688,-2.671255,13.87252,16.388078,11.54245,8.312343,6.679485,0.87485,-8.959788,-14.490602,-10.613906,-4.519253,-7.814386,-20.179171,-26.796384,-15.78955,4.875912,13.57547,-0.890653,-25.68824,-37.586508,-27.759651,-8.594813,3.790547,8.164502,15.575662,31.530017,47.449102,51.756937,44.57929,36.474453,34.023007,32.276605,23.449426,8.657714,-3.7559,-10.09928,-15.762506,-25.684107,-35.05983,-34.92462,-25.789971,-19.294541,-23.069886,-28.439369,-19.794253,3.506976,21.092917,12.648745,-16.957855,-39.441077,-32.03727,-1.328833,24.721907,26.243581,8.823108,-7.814539,-12.381545,-9.124255,-5.848281,-2.41277,5.867669,17.973887,26.368633,26.663425,23.329596,22.96257,24.648608,21.246018,9.981144,-2.521862,-8.108349,-7.237275,-7.412445,-11.999637,-14.994267,-9.416244,1.785691,7.532454,1.751995,-8.809067,-12.335303,-5.705929,2.566349,2.885447,-5.234777,-14.943453,-21.000155,-23.185813,-21.539147,-13.245532,2.171284,16.696508,18.128734,3.071046,-16.503348,-22.847159,-9.114979,14.824434,33.002695
-7.753364,3.140099,25.244165,40.430031,31.283011,-0.550564,-32.387671,-39.585564,-18.355481,10.481244,21.159631,6.696403,-16.546255,-26.615113,-16.854221,0.539292,9.259885,4.771431,-4.157887,-6.799525,-0.907179,7.470551,11.706415,10.330611,6.186162,2.30661,-0.387683,-2.433106,-4.290092,-5.4924,-4.54474,0.245236,8.664862,16.695238,17.832225,8.241986,-8.633764,-23.585889,-29.060914,-25.370374,-19.087528,-15.399445,-12.941191,-6.649659,5.154033,17.85097,24.839664,23.672857,17.13809,9.005406,0.265977,-9.805025,-19.822068,-24.954664,-20.08977,-4.403837,16.947853,35.359649,43.58557,39.792259,28.387556,16.716558,9.494994,5.507635,0.14901,-8.186009,-14.841584,-13.409106,-3.904541,4.873276,2.813806,-11.37115,-28.283229,-36.383144,-31.763894,-19.492883,-7.253178,0.036411,-0.175264,-9.878098,-28.108846,-46.982343,-54.003952,-41.741218,-15.174966,12.43516,31.299699,41.246197,46.228588,46.207425,38.299005,25.266498,17.434677,21.712267,30.357157,26.574038,4.565287,-19.144129,-20.115029,6.595113,37.187732,41.511391,14.583019,-17.551151,-24.973538,-4.782348,17.444554,15.756665,-10.02955,-36.9784,-44.200294,-31.800868,-16.066152,-10.968681,-17.377819,-27.479974,-34.083929,-33.803878,-25.399294,-10.393804,4.268827,8.910411,0.687936,-10.198719,-7.972606,12.370787,37.309566,46.188439,31.567542,7.249054,-5.138029,2.553939,17.737136,21.000644,6.448131,-12.24914,-15.624535,2.304546,28.239869,42.239213,35.742353,17.504627,2.680918,-2.814037,-6.308436,-17.066163,-32.681731,-39.148388,-25.799573,0.869818,20.788512,19.23759,1.582266,-12.31291,-8.471097,7.635822,18.323104,12.823813,-2.817155,-14.557197,-16.196615,-14.300175,-18.52706,-30.189357,-41.64715,-44.899427,-38.08992,-23.982246,-5.439544,15.128541,33.206603,42.564161,39.974179,28.500883,14.765518,3.555861
5.468877,8.698897,2.95586,-7.808723,-14.217012,-11.64646,-4.4194,0.903148,3.960765,9.499227,18.450116,23.909211,18.716876,5.559338,-4.155127,-2.809937,4.351864,5.227128,-4.697818,-16.684335,-18.626717,-8.598108,3.679564,8.096496,4.056174,-1.742539,-4.680367,-6.14713,-8.423736,-9.344169,-4.96792,3.388417,8.071367,2.827198,-9.363429,-17.785685,-13.533885,2.792654,22.003233,33.271118,30.496013,14.943121,-5.241154,-18.578251,-17.258742,-3.960043,8.796174,9.134128,-2.553002,-13.509304,-11.80385,0.641805,9.813481,4.780899,-10.427197,-21.396187,-18.809337,-7.355561,1.016865,0.534162,-3.581551,-2.730029,5.33533,15.367617,21.193585,21.03539,16.702795,10.33949,3.790641,-0.244356,0.575159,4.750848,6.371218,0.210191,-12.240298,-22.965975,-24.374516,-15.786165,-3.048832,7.153514,11.647895,10.493991,4.973184,-2.633403,-8.546039,-9.419129,-5.883518,-2.814378,-4.277191,-8.272092,-8.222468,-0.800844,8.634328,10.289815,0.497359,-12.70155,-15.831545,-2.663612,19.09384,33.723232,30.536917,12.294123,-7.782182,-16.871032,-11.792353,0.339998,9.359067,10.401864,6.495783,3.920239,5.264542,6.946714,3.442567,-6.292052,-16.971028,-21.662317,-18.07973,-10.046003,-3.15079,0.214695,1.309544,1.585646,0.300638,-3.79481,-9.155844,-11.148629,-5.842378,5.829437,17.834348,23.149381,18.730362,7.503481,-3.818571,-9.375369,-8.083157,-4.049045,-2.881743,-6.566258,-11.377664,-11.148025,-3.170905,8.902955,18.023492,19.47655,13.809435,4.981385,-3.061972,-7.677254,-7.003272,-0.521065,8.962607,15.296844,13.142855,3.020982,-8.552392,-14.84389,-14.690431,-12.094266,-10.631059,-9.650166,-6.532174,-1.377367,2.432705,2.627841,1.402031,2.841242,7.28023,9.816594,5.43228,-4.902937,-14.167349,-15.440307,-7.766777,3.752501,12.593569,15.115442
-10.247036,-12.133616,-4.872873,6.41002,12.222594,7.447247,-3.342919,-9.274852,-2.70857,13.466852,27.633015,29.253551,18.056095,4.003362,-2.119659,1.459741,6.763387,4.77443,-5.635429,-17.525454,-23.609316,-22.775589,-18.785564,-14.273379,-8.236998,0.210126,7.629718,8.085525,-0.443328,-12.774263,-20.613412,-19.571108,-11.63516,-1.618108,7.102561,13.052882,15.052112,12.690176,8.610983,8.039121,13.916036,22.730231,26.938054,22.368245,12.355429,3.659234,-0.960315,-4.603286,-10.675829,-17.368721,-19.338514,-14.390747,-6.617508,-2.117373,-2.788703,-5.631617,-7.47862,-8.369056,-9.534458,-9.86274,-6.711553,-0.354701,4.560419,3.821075,-0.622598,-1.68729,5.157914,16.154304,22.448284,19.00858,9.447408,1.681828,-0.346201,0.205981,-2.133283,-8.383225,-13.779665,-12.945839,-5.920677,1.106316,1.228011,-6.411889,-14.742697,-14.126362,-0.981776,17.94155,30.239527,27.90422,13.421177,-3.911546,-17.048655,-25.448279,-30.371117,-28.570266,-14.354567,10.758632,33.178533,36.390137,17.039418,-9.532785,-22.218154,-13.267431,6.123442,18.869982,18.633519,12.481616,9.266787,9.229788,6.483414,-1.040326,-8.048366,-8.908852,-5.252061,-3.902621,-8.019494,-13.198496,-13.575757,-9.864826,-8.838889,-14.799509,-23.634063,-26.647937,-19.446368,-5.762672,7.038933,14.644043,17.767539,19.407931,21.909479,26.011533,30.359162,30.899044,22.5856,4.355248,-17.07861,-30.351616,-28.441097,-14.890595,-0.370953,7.070735,7.864044,7.501401,9.084512,10.646666,9.089127,4.551385,-0.218679,-3.613991,-6.48863,-9.738452,-12.286878,-12.617533,-11.424824,-11.087434,-12.264507,-12.390708,-8.658256,-1.98339,3.214514,3.434766,-0.45301,-4.41903,-5.04868,-1.461682,5.502779,14.074984,21.025039,22.182913,15.770148,5.482773,-1.505845,-1.102601,3.497746,5.317968,1.342729,-4.387145
3.284788,2.89026,2.521135,2.438618,2.146308,0.698106,-2.542848,-7.281047,-12.282245,-15.991887,-17.335948,-16.180812,-13.243292,-9.655712,-6.555973,-4.889887,-5.306145,-7.922234,-11.963859,-15.615129,-16.490616,-12.772122,-4.461225,6.12909,15.219608,19.490856,18.021819,13.000599,8.639765,8.847029,15.012602,25.215938,35.264745,40.869261,39.66071,32.020208,20.521119,8.574893,-0.887265,-6.187205,-7.112829,-4.7994,-1.396549,0.560909,-0.884071,-6.112788,-13.508041,-20.101996,-23.164805,-21.862567,-17.864245,-14.34228,-13.894186,-16.748073,-20.531869,-21.85301,-18.65014,-11.683403,-4.101547,0.618468,0.905129,-2.055685,-5.37152,-6.525953,-4.91879,-1.793685,1.215407,3.610204,6.307374,10.414024,15.536151,19.146085,17.797231,9.541266,-4.13558,-18.36706,-27.157885,-26.527869,-16.612562,-1.463904,13.218037,22.945292,26.226029,24.484904,20.566332,16.989471,14.955763,14.360952,14.390147,14.125925,12.909161,10.536311,7.412206,4.551886,3.190396,3.985428,6.257823,7.956201,6.68947,1.366537,-6.678838,-14.089127,-17.447216,-15.632662,-10.892258,-7.654994,-9.661128,-17.267149,-26.833795,-32.766707,-30.952903,-21.329414,-7.888201,3.819023,9.922579,10.060314,6.753725,3.09216,0.592985,-1.246911,-3.654311,-6.866256,-9.554215,-9.879935,-7.234195,-3.081579,-0.046988,0.139597,-1.809758,-3.058048,-0.740027,5.710274,13.848421,19.804017,21.064846,18.359819,15.130237,14.873031,18.297199,22.476826,22.777463,16.287747,4.315066,-7.915357,-14.287555,-11.581971,-1.538508,10.101183,16.863125,15.001631,5.116778,-8.728964,-21.457919,-29.327335,-30.996258,-27.229032,-19.977742,-11.604698,-4.436467,-0.344752,-0.108089,-2.808967,-5.892004,-6.268165,-2.076505,5.972853,14.704526,20.179236,20.007341,14.770987,7.589368,2.115794,0.324752,1.550248,3.308444,3.179267
-11.66021,4.466468,28.981426,38.914207,26.284414,7.677988,3.801438,12.676645,10.37889,-18.740319,-57.792351,-70.846895,-42.449179,1.580548,18.520237,-6.11063,-42.232956,-46.735207,-9.258012,36.923143,49.729296,20.818285,-18.234475,-29.636951,-5.741213,27.691655,39.875771,23.312136,-3.904813,-18.304187,-10.849868,9.980912,29.051381,36.441742,31.886104,21.989208,14.14765,10.80722,7.557001,-2.471678,-20.345978,-37.151633,-40.058075,-24.6306,-1.137867,12.997706,8.398375,-8.191712,-20.740022,-18.346815,-3.248782,13.412351,21.335219,16.678043,1.505645,-18.272147,-33.850942,-36.21597,-22.46763,-0.684735,14.144484,12.257497,-1.926897,-14.003762,-13.345414,-2.173554,9.05898,13.531342,13.403205,14.115874,16.803235,18.82421,20.086059,24.340602,31.99163,34.553393,21.402179,-6.168379,-30.936407,-34.237456,-15.337598,6.370738,10.638779,-3.345332,-18.127813,-18.760236,-8.829891,-3.659548,-10.117087,-18.082494,-13.665885,2.586361,15.128024,11.279869,-4.019573,-13.867622,-8.04685,7.236581,18.138797,17.938193,10.641706,2.631544,-4.16838,-9.675378,-10.981429,-5.566607,1.389041,-1.246583,-17.260544,-33.843076,-31.583161,-6.34802,22.118744,28.205726,7.667122,-16.467594,-17.517372,6.932995,33.480884,38.778483,23.426308,8.098609,8.501242,18.728385,20.701267,6.601471,-12.181786,-18.544294,-8.708114,4.592982,6.743121,-3.655927,-14.968413,-15.915721,-7.006658,1.101426,-0.748102,-10.677102,-17.309504,-10.803666,6.613659,20.599878,16.5351,-6.39201,-32.292951,-41.3533,-27.432942,-3.360561,11.862898,10.992065,2.971863,0.148856,3.776778,4.546436,-3.622295,-14.314657,-15.668064,-4.904338,8.002682,12.293458,9.134294,9.267951,18.799707,31.154898,35.165562,28.709624,20.56951,18.597273,19.820844,15.257981,2.877602,-8.497271,-9.770498,-3.17852,0.075305,-6.65302
-9.877388,-14.136882,-14.14771,-9.283245,-1.947507,3.913672,5.404843,2.532553,-1.971995,-4.633163,-3.48533,1.019031,6.913914,12.457291,17.158524,21.31054,24.657866,25.678496,22.462675,14.692684,5.007857,-1.795741,-1.691074,5.411967,14.719671,18.967206,12.933262,-2.907699,-22.207915,-36.362757,-39.603745,-32.19557,-19.69476,-8.99092,-4.028409,-4.12185,-5.688795,-5.660843,-3.751624,-1.924058,-1.815335,-2.58242,-1.246034,4.556929,13.690096,21.158615,21.076145,11.052737,-5.314674,-20.049961,-25.753216,-20.545854,-9.413739,-0.806127,-0.762335,-8.705224,-17.927585,-20.452395,-12.787757,1.56111,14.616209,19.632478,15.835057,8.764386,6.012484,11.47971,22.341398,30.941489,30.275739,19.157326,3.392459,-7.879893,-8.154776,2.24448,16.524871,25.962449,25.472545,16.529632,5.700386,0.022651,2.414269,10.024215,16.31617,15.257255,4.858827,-11.953096,-29.280364,-41.471936,-45.62384,-42.192916,-33.904798,-24.045058,-15.218131,-8.976444,-6.005084,-6.314602,-9.193291,-13.127176,-16.07121,-16.19701,-12.781218,-6.6403,0.284695,6.036392,9.764373,12.0956,14.44202,17.671498,21.084434,22.537134,19.825586,12.522778,2.978805,-4.440859,-5.712332,0.220739,10.299191,18.696075,20.135193,13.255524,1.826412,-7.196831,-7.797359,1.293432,15.560717,27.22662,29.821127,21.928891,7.752106,-5.771887,-13.291405,-13.918128,-10.900369,-8.63263,-9.366298,-12.026377,-13.807483,-13.048709,-10.92992,-10.524576,-13.920667,-19.781304,-23.52179,-20.307431,-8.804372,7.177357,20.619231,25.664522,21.389235,12.245211,4.801475,3.10521,6.008688,8.368277,5.165159,-4.547991,-16.79652,-25.494718,-26.731086,-21.280935,-13.526489,-7.766829,-4.906311,-2.160452,4.021114,14.238674,24.783478,29.981599,26.601489,16.852276,7.340447,4.36241,8.863944,14.992044,13.781732,-0.228564
9.495023,8.131452,3.69809,-3.253481,-10.894186,-16.796453,-19.16125,-17.825134,-14.294285,-10.676979,-8.210384,-6.464501,-3.885669,0.650308,6.448013,10.946047,11.270377,6.408959,-1.588277,-8.443528,-10.186124,-5.776109,2.005572,8.136601,8.468795,2.358728,-6.923692,-14.263908,-15.849237,-11.316982,-3.582209,3.352507,6.968832,7.424148,6.714434,6.659571,7.354033,7.270275,4.880623,0.472301,-3.35748,-3.095551,3.225253,14.16477,24.992898,29.929357,25.290393,11.717305,-5.835387,-20.398562,-26.350898,-22.075468,-10.569728,2.224728,10.441057,11.090349,5.263213,-2.794282,-8.154989,-7.874206,-2.41325,4.903375,10.00926,10.5008,6.879064,1.91737,-1.359401,-1.697874,-0.270062,0.455706,-1.228912,-4.830585,-7.945296,-8.124548,-4.940314,-0.632938,1.29148,-1.386592,-7.751631,-14.068734,-16.196423,-12.45506,-4.875573,2.150075,4.914857,2.949183,-0.81273,-2.420929,-0.108132,4.117819,5.785877,1.341514,-8.835986,-20.058507,-26.039989,-22.919403,-11.832425,1.759298,11.52462,14.134158,10.952287,6.548072,5.252772,8.258611,13.204977,16.316099,15.353179,11.203624,7.075496,6.062117,8.947314,13.791336,17.428862,17.639579,14.411391,9.551136,5.170474,2.297693,0.570271,-0.998412,-2.990029,-5.149007,-6.764867,-7.373511,-7.100992,-6.414896,-5.651197,-4.873802,-4.231629,-4.388816,-6.40673,-10.902315,-17.050571,-22.364381,-23.753477,-19.380384,-10.064351,0.87863,9.42223,13.090589,12.118457,8.705039,4.992689,1.407691,-3.254111,-10.007471,-17.624929,-22.242912,-19.393825,-7.340326,10.657022,27.077213,33.880009,27.110037,9.425302,-11.194006,-25.861971,-29.599984,-23.581714,-13.56469,-5.752626,-2.905819,-3.16135,-2.073734,3.767201,14.093592,24.994889,31.430151,30.409775,22.762459,12.502622,4.419356,1.519791,3.810104,8.859066,13.470578
-3.939292,-6.633643,-7.644109,-6.125207,-2.440867,1.960149,5.296561,6.453301,5.661366,4.422595,4.654531,7.509973,12.575068,17.973827,21.36883,21.26933,17.828543,12.618922,7.543005,3.622063,0.488726,-3.085977,-8.038379,-14.089024,-19.738036,-23.189077,-23.52364,-21.261508,-17.903799,-14.819271,-12.324891,-9.653113,-5.80884,-0.625143,4.836815,8.900495,10.47338,9.936854,9.03275,9.776173,13.124741,18.295877,23.14854,25.31351,23.314565,17.059062,7.61496,-3.334305,-13.915202,-22.265702,-26.759899,-26.499116,-21.936025,-15.110972,-9.014757,-6.14899,-7.055872,-9.843797,-11.225693,-8.579273,-1.742019,6.69637,12.894404,14.1224,10.436607,4.558547,0.076611,-0.781065,1.683874,5.208433,7.317866,6.938687,4.794609,2.499825,1.223647,1.004157,1.138123,1.143989,1.35206,2.563661,5.089223,8.077254,9.854699,9.146681,6.227718,2.98012,1.625258,2.968239,5.501457,6.192575,2.565443,-5.339606,-14.575073,-20.881769,-21.298939,-16.068068,-8.54558,-3.162425,-2.753905,-6.953037,-12.581488,-15.653971,-13.647519,-6.676081,2.944079,12.208715,18.948988,22.51641,23.478558,22.794845,21.104879,18.488057,14.656072,9.324683,2.545777,-5.087465,-12.393521,-17.781537,-19.723374,-17.439186,-11.489261,-3.866266,2.623902,5.483852,3.580189,-2.444488,-10.59357,-18.448336,-24.023461,-26.135745,-24.322525,-18.677561,-9.909836,0.450944,10.105722,16.622201,18.504991,16.054746,11.328627,7.058552,5.15159,5.778245,7.684666,9.462732,10.7595,12.428279,15.461933,19.58055,22.73381,22.144046,16.287296,6.340707,-4.138232,-11.276686,-13.308123,-11.571568,-9.279915,-8.920639,-10.262579,-10.580525,-7.057323,0.415117,8.287869,11.263232,5.93489,-6.400105,-19.926775,-27.630858,-25.63497,-15.613982,-3.607877,3.969612,4.387946,-0.025427,-4.016708,-3.402881
5.608304,-0.686437,-7.37703,-13.023162,-18.007475,-21.110175,-19.379387,-12.417274,-4.782474,-1.871955,-3.744079,-5.070958,-1.802012,3.885973,6.655885,4.694816,1.006208,-1.72602,-4.425019,-7.732062,-7.122948,3.590338,22.439019,36.42355,32.74597,13.207438,-5.922301,-10.523176,-3.349874,0.528745,-7.724492,-20.410285,-23.287704,-13.00239,-0.42863,3.437699,0.692193,2.494878,13.807487,26.656699,29.875309,22.117349,11.823797,5.643745,1.349097,-6.158316,-15.439133,-19.490341,-15.705079,-10.304773,-10.093825,-12.454646,-8.233733,4.68635,14.869617,8.312322,-14.742068,-37.56489,-42.978636,-29.534352,-9.923349,4.5552,13.825787,22.789791,29.938714,27.427615,12.690609,-4.61363,-10.983876,-3.344493,8.448531,13.862777,13.055569,13.285432,16.190761,14.043202,1.252093,-13.838182,-14.562533,4.453317,26.707593,27.804161,1.465218,-31.084294,-40.78115,-20.035278,9.41688,18.918038,2.10266,-19.584921,-20.135588,3.939859,30.406658,33.844402,9.880556,-22.410351,-39.634237,-33.890127,-15.252502,1.293395,8.562117,8.247837,3.85188,-3.753297,-13.68727,-21.012535,-18.404152,-2.945487,19.349788,36.717028,40.044238,29.06773,11.470504,-3.513582,-11.322553,-13.542459,-14.372041,-15.759944,-15.778507,-11.764267,-4.820947,-0.118659,-1.410272,-5.306115,-2.872876,11.170865,31.050012,43.686861,41.07976,27.945553,15.547108,8.720274,1.866309,-10.996544,-25.20073,-28.95983,-18.741635,-6.851029,-9.021637,-24.905614,-36.006256,-26.566161,-4.094112,6.408131,-9.329254,-35.980281,-42.413543,-14.52165,28.883277,54.348758,45.686528,15.941026,-9.388021,-15.715062,-5.499836,12.120649,30.202504,42.584298,41.556221,24.086946,-0.535728,-15.791971,-14.322187,-6.468743,-8.371869,-22.47345,-34.652871,-32.384573,-21.059895,-16.729681,-23.54062,-25.286168,-4.305512,33.85727,61.199874,55.306118
6.261313,13.831063,20.360937,18.791269,4.073709,-17.733282,-30.919654,-24.736736,-5.952121,6.921049,3.350725,-8.030181,-10.671823,-0.699716,8.428893,3.371146,-11.094735,-16.523965,-3.166602,17.052194,23.477463,10.693398,-4.96607,-4.058044,14.085432,31.11979,30.132,12.908293,-3.972286,-7.381224,0.439414,6.659848,1.179818,-15.25814,-32.857655,-39.869668,-29.700604,-5.565051,19.783777,31.515824,23.975297,5.840456,-7.462352,-7.8444,-0.775582,2.69155,-1.560882,-8.004226,-10.376402,-9.963978,-12.866222,-20.582628,-26.595613,-23.356528,-10.747534,4.098524,14.36755,18.906566,20.34459,20.657201,20.264311,19.811812,20.005503,19.537453,15.806632,9.202312,4.626362,5.813644,8.584048,3.509418,-12.336175,-28.53761,-30.395565,-15.696846,0.877724,3.099591,-8.294645,-16.081758,-6.624708,13.424388,23.457595,11.223532,-14.132586,-32.032842,-30.862502,-16.469302,-2.473776,3.73594,4.439806,4.848626,6.945662,9.583383,10.941584,9.067483,2.409504,-7.085098,-12.141619,-5.287112,12.065213,27.711924,29.048465,15.683896,-0.411735,-7.915296,-6.980695,-5.441437,-6.714115,-6.038625,0.298001,6.508955,3.026019,-9.771139,-18.6466,-11.736769,6.485199,18.858315,14.809818,2.272546,-2.461023,5.344086,13.509634,8.420008,-7.94794,-20.0964,-17.053375,-4.327331,3.703146,0.426549,-7.354595,-9.738967,-5.811108,-3.208762,-7.546626,-15.49979,-18.924411,-13.635217,-2.69405,7.565239,12.652245,11.494137,5.677278,-1.051852,-3.659426,1.292598,12.469844,24.075368,30.073528,28.193593,20.199509,9.660427,0.436492,-3.942847,-2.145234,2.607934,3.944006,-1.389898,-8.743831,-9.563796,-1.717629,5.736606,0.83045,-17.757742,-37.450927,-43.671733,-34.155225,-19.828491,-11.989885,-11.010307,-8.680914,0.56856,13.747569,24.24335,29.273167,30.26395,27.827927,20.235485
-6.282068,2.007899,12.945057,14.307343,0.955137,-19.092564,-32.042088,-31.569019,-24.037997,-20.761989,-26.17149,-34.240974,-35.785082,-27.855622,-15.518819,-5.402683,1.193388,8.55386,20.760039,36.39415,49.072648,53.085674,48.656097,41.795969,38.595377,38.948597,35.890434,22.26323,-0.646996,-21.176521,-25.795644,-11.713666,8.431744,15.919444,2.097223,-23.64269,-42.248296,-42.225006,-29.269875,-19.363099,-22.776359,-34.925263,-42.10676,-34.921261,-15.752607,5.335545,19.724234,24.775557,21.729629,12.491885,-0.282963,-11.903221,-17.389038,-15.518327,-9.904809,-4.90114,-1.115148,3.657972,9.573845,13.430864,13.95895,16.616381,29.089892,50.115648,65.440678,59.529562,33.004727,5.732255,-1.091384,13.593487,29.492216,26.484034,5.465229,-14.816669,-20.866474,-20.232039,-31.39397,-59.868541,-89.03359,-96.763698,-78.617203,-51.150639,-32.775143,-25.217014,-15.977939,3.775042,28.413011,45.483626,50.001167,47.599895,45.104168,42.756967,37.594147,30.779206,26.750883,25.090175,18.049665,-0.095191,-22.913394,-35.609429,-30.63355,-16.644063,-8.719071,-10.551178,-10.272135,4.188098,28.193728,42.585204,33.328331,6.576576,-17.324767,-23.318377,-13.350888,-0.28062,5.76597,3.233593,-5.139219,-16.932317,-28.686646,-33.683787,-26.053926,-8.347593,7.754104,11.240337,2.579411,-6.615441,-5.234753,6.682021,19.041296,22.175715,15.211767,4.870363,-2.046453,-4.189814,-5.051716,-8.532782,-15.135835,-21.239242,-21.519662,-13.056433,1.746047,16.374796,25.328026,28.43453,29.541982,30.717751,28.799743,18.951283,1.458089,-16.443804,-26.350657,-25.708656,-18.523758,-10.20091,-3.517066,0.432254,0.207542,-4.244068,-8.481703,-5.749455,5.365811,16.943971,18.642347,9.38243,-0.439221,-0.761495,5.370252,4.336241,-11.421838,-31.913755,-38.18376,-22.639155,1.888873,15.132041,9.96009,-2.264683
13.56614,33.638661,46.995135,45.836806,30.691601,9.120337,-9.369045,-17.729495,-13.674478,-0.740114,12.464794,16.749519,9.282294,-3.235487,-10.207536,-7.755374,-3.266551,-7.552601,-21.949668,-34.972256,-33.835782,-19.138876,-5.848835,-7.976473,-22.936541,-33.115132,-23.808527,1.399756,24.157707,29.631773,19.99897,9.848963,10.111741,18.191233,23.263927,18.841951,8.679352,1.489813,2.044066,7.863285,12.789124,12.081483,4.737075,-6.704743,-17.174205,-21.028594,-15.411039,-2.967897,9.257659,14.720886,11.827407,4.021922,-3.73454,-8.146285,-8.305036,-5.298088,-2.051047,-2.132535,-6.392019,-10.370374,-7.246752,4.336231,15.793374,14.754776,-2.132566,-23.238245,-31.176952,-19.359887,1.275817,12.964592,8.161728,-4.855825,-12.60995,-10.32921,-4.038576,-0.599219,0.934085,6.563689,17.92796,28.635017,30.7901,23.432335,12.881993,5.373492,1.215679,-3.318721,-10.030023,-16.423001,-18.888428,-16.469843,-10.777599,-3.498625,4.409226,11.307058,14.514654,12.600082,7.438927,2.729498,0.285764,-1.302131,-3.971008,-7.133156,-8.401519,-7.033558,-5.257789,-5.513589,-7.290352,-7.921165,-6.34481,-4.753863,-5.853568,-9.388436,-12.510763,-13.185645,-11.659667,-8.04984,-0.222615,13.590043,29.796018,39.300974,34.798953,18.601045,1.824881,-5.327551,-2.365273,2.634642,2.136891,-3.977263,-10.237283,-12.279785,-10.285702,-6.720872,-3.076025,0.135844,1.809683,1.019706,-0.522894,0.937634,6.285067,10.125359,5.053132,-9.20252,-22.319178,-21.756904,-5.792875,12.875735,18.243959,6.345456,-10.801328,-16.692432,-5.548343,13.52768,26.068738,24.664581,12.669956,-1.744401,-12.881411,-19.178877,-20.422192,-16.198417,-7.800109,0.029861,1.591825,-4.32015,-11.831939,-12.142004,-1.534303,14.171274,23.566723,19.225652,4.557682,-8.493724,-9.339299,2.347006,16.637264,22.195568
-2.944929,-6.323919,-5.85839,-0.299168,5.424694,5.555625,0.368673,-3.810802,-1.441652,6.81086,16.012886,22.672448,26.570875,27.476935,23.078195,12.393178,0.000551,-6.423585,-4.340864,-0.428027,-3.953506,-15.971856,-27.225881,-28.128174,-19.594958,-11.941481,-13.04014,-19.640894,-21.705896,-14.001865,-1.195982,8.508008,12.294433,13.534162,15.131277,15.300498,11.288829,5.255539,3.465814,8.916281,16.533602,17.452753,8.032433,-6.236097,-15.678645,-14.445655,-3.964409,9.415896,18.413196,17.511283,5.157901,-14.08043,-30.227207,-33.794931,-23.32669,-7.028835,4.418844,7.341698,7.101879,10.669309,18.077271,22.216448,16.952934,4.372305,-6.708344,-9.019565,-3.02069,4.795024,8.548577,7.305313,3.693824,-0.026755,-3.575623,-7.096065,-9.690915,-10.528142,-10.851749,-13.355066,-18.544407,-22.307617,-18.862149,-7.435973,4.509516,6.789029,-3.013152,-14.765606,-13.49096,6.259318,33.501067,49.464214,44.268962,25.282812,8.969295,5.046391,9.254043,10.900728,5.252336,-3.160011,-8.404212,-11.200791,-17.086702,-27.489603,-35.348734,-31.368299,-14.291538,6.119758,16.649842,11.200963,-5.024494,-19.969934,-22.970567,-11.071092,9.402709,26.532019,30.456947,20.576422,6.070268,-2.154919,-1.302727,1.843054,-0.159098,-6.041655,-7.297918,0.738833,11.553803,13.538284,3.079193,-10.896344,-16.719534,-12.650473,-7.427589,-8.53528,-12.925044,-11.426001,-0.815064,11.715156,16.87567,13.504165,8.197085,6.038509,5.17902,1.833219,-2.270429,-1.147403,6.659542,14.006391,12.465417,2.46134,-6.93961,-8.873396,-6.466157,-7.391903,-12.20451,-12.211394,-0.946082,14.734799,19.134988,4.652015,-17.981445,-29.018487,-19.489059,-0.200465,9.639909,1.793776,-13.740265,-19.772511,-8.632826,11.923435,27.23852,28.44324,17.719551,3.932516,-5.075131,-6.86624,-3.830697,-0.007245
8.30846,6.618783,0.893088,-4.153993,-5.159039,-3.104279,-1.44616,-2.15561,-4.077926,-4.541973,-1.71859,4.292735,11.333293,15.413138,12.189847,0.256707,-16.074719,-28.134228,-28.641422,-17.120465,0.104571,15.095971,23.429683,25.045739,21.858096,15.93169,9.541297,5.033208,3.111815,1.583102,-2.841069,-10.846503,-19.164948,-23.493412,-22.441029,-17.954219,-12.1237,-4.785906,4.942783,15.371928,21.762017,19.787518,9.362545,-4.91321,-16.56381,-20.517811,-15.110464,-2.883947,10.044641,17.002195,15.207587,7.781415,0.559128,-3.442666,-5.662199,-7.848189,-7.901661,-2.154457,8.017981,14.554956,10.508709,-0.733797,-6.972492,-0.068544,13.796375,19.39206,8.733121,-9.758336,-20.017962,-15.222389,-3.591805,2.758015,1.766387,1.531105,7.577823,14.091495,10.481932,-4.815481,-20.597126,-24.255998,-15.015521,-3.799202,-0.627124,-4.630761,-7.405923,-4.022582,2.074774,5.039876,4.547715,5.331623,9.550102,12.546898,8.174233,-2.445225,-9.781012,-4.985063,10.160856,23.505462,23.492476,10.01015,-5.721862,-11.956986,-7.013639,0.597628,1.795801,-4.197035,-10.695021,-12.093984,-9.811694,-8.978032,-10.642521,-9.849887,-2.519399,7.682024,12.340566,8.781736,4.8136,9.944892,22.267163,27.7952,15.675182,-7.388868,-21.81888,-15.955168,0.2072,5.24269,-9.878231,-31.246381,-37.006327,-20.860456,2.349701,14.040857,11.045887,5.171257,6.423614,11.705283,11.60501,4.452073,-1.096611,2.426024,11.169403,14.071442,5.553,-8.803509,-19.104891,-20.650536,-15.269907,-6.098835,5.053912,15.231337,19.514641,16.023986,10.226462,10.178361,16.213693,18.439851,7.719686,-11.725641,-24.389865,-19.83438,-4.699344,4.460481,-0.263862,-9.984607,-10.821079,-1.265621,5.767689,-1.52833,-19.336866,-31.56722,-26.744238,-9.233348,6.549422,10.889498,6.349449,2.260289
-15.661114,-14.980863,11.204538,48.16483,64.228319,44.25258,8.990431,-5.65821,11.161063,32.283079,23.869352,-14.390282,-47.677452,-45.52054,-16.100598,4.447978,-6.066197,-32.463473,-42.785947,-25.711365,-0.398148,9.391818,2.691434,-1.625186,9.589143,28.747559,38.834896,33.151372,18.844702,3.979076,-11.5922,-30.067715,-45.482061,-45.753838,-25.794902,4.565513,27.464576,30.817164,15.561336,-7.127142,-22.735882,-20.16673,1.613045,29.959864,44.86378,34.761164,7.883036,-14.821772,-19.857592,-12.531037,-6.905322,-7.860155,-8.163623,-2.692112,1.810935,-3.329043,-12.943624,-11.288658,6.296078,22.915128,19.904596,4.589457,6.619712,40.080678,76.763659,70.405308,10.784401,-56.478082,-74.463903,-37.293143,2.467812,-7.06691,-58.2908,-93.454699,-70.600969,-9.261539,34.669938,31.542111,4.564744,-4.906807,14.103068,36.797174,38.771299,23.640061,11.042283,8.327699,5.915956,-1.757899,-4.287742,8.26088,24.650535,21.04708,-7.478101,-34.107076,-27.898501,8.591046,38.742359,31.896532,-2.852994,-29.197012,-26.325219,-9.884173,-7.818045,-23.69637,-33.559408,-18.364187,10.386926,24.156533,12.479712,-4.199538,0.713329,28.242689,52.64542,50.282864,23.711976,-4.723782,-18.144357,-18.639777,-17.244556,-17.580929,-14.083691,-3.960519,5.036688,1.493747,-16.963923,-40.20078,-54.244751,-51.80451,-35.124167,-11.929448,9.300078,22.062861,24.12546,19.27118,15.306898,17.72227,24.550068,28.563658,25.218937,17.591049,12.519785,12.516,13.206109,9.433844,2.416495,-1.232062,2.119996,7.683126,7.311148,-0.067876,-5.498616,0.111659,13.264781,17.817464,0.630399,-32.257387,-57.396595,-54.631507,-26.946303,1.336131,7.209202,-10.087836,-30.630859,-34.852829,-21.300222,-3.844193,5.583284,8.37453,13.942537,26.825867,41.773621,50.189664,47.932288,36.040379,17.330795,-4.071166
1.489002,-11.636615,-15.11007,-0.058277,20.648219,24.726047,6.626553,-14.402367,-15.797013,2.173195,17.053532,10.80916,-9.762534,-22.55822,-16.530837,-2.684472,1.560531,-6.7886,-15.328535,-13.287903,-3.488203,3.892059,4.418849,1.956933,0.502335,-0.682133,-2.385612,-0.942957,6.818525,15.919582,16.373675,6.09582,-3.580178,0.035538,14.543468,23.143413,13.643471,-6.9423,-20.504734,-18.567579,-9.753826,-5.756692,-5.578709,0.791779,14.981666,23.909233,14.76682,-7.511231,-23.718755,-21.597942,-8.575558,-0.658522,-2.631191,-4.862784,0.866406,9.140141,8.959639,0.464542,-3.550526,5.251169,17.488051,15.591057,-4.129715,-24.271925,-24.02518,-1.687913,23.503604,30.968962,17.027793,-5.968841,-23.701554,-29.462919,-22.808022,-5.873816,15.338132,29.568286,26.433344,6.403083,-17.506177,-30.365695,-27.449202,-15.15799,-1.863753,9.058406,17.14345,20.02379,14.740426,3.436412,-5.949918,-6.811151,-0.299643,7.141549,11.500575,13.788756,15.026934,12.367856,3.292969,-7.840598,-11.805643,-4.939454,4.991188,6.571171,-2.109707,-11.371501,-12.281899,-8.220619,-10.61888,-23.505921,-36.13165,-33.640374,-13.722523,10.326923,23.548629,23.868864,21.141761,23.409692,27.251302,22.743197,6.107791,-14.634128,-26.61995,-23.700387,-11.143983,-0.040844,2.558642,-0.920111,-1.823772,5.666597,17.665685,23.0608,14.48916,-2.469141,-12.668733,-6.105694,10.714042,20.079309,10.996164,-9.183625,-22.446496,-18.754561,-5.013051,4.645877,4.59924,1.102389,1.301996,3.340966,0.031162,-9.798062,-17.842014,-15.500806,-4.04203,6.712624,8.85015,3.102643,-4.603277,-10.063056,-12.252262,-10.274834,-3.203852,5.956272,9.694087,3.275735,-7.583684,-9.840173,3.731322,25.514457,39.183692,34.929552,17.438884,-0.707322,-10.992704,-13.201641,-10.562597,-5.022069,1.618031,5.332115
12.764136,24.115489,32.147836,28.501167,12.357982,-6.088145,-13.583314,-6.841736,2.640079,-1.373855,-22.898895,-46.077251,-46.170493,-11.615854,42.241805,81.815651,80.803506,40.501774,-13.559702,-54.674661,-74.265047,-79.016939,-73.03146,-49.688754,-5.291782,43.141353,63.574406,39.53271,-7.117357,-32.203391,-13.172214,25.843827,38.77568,8.433382,-32.316624,-34.297455,14.839847,75.697952,95.824824,59.410882,-3.026326,-48.90139,-60.310163,-47.770972,-28.123319,-8.575453,8.972682,19.092319,16.7749,7.518319,4.87633,14.555554,25.735501,23.353547,7.101506,-7.950658,-11.240136,-11.676205,-27.111477,-60.122638,-90.260461,-93.240468,-64.777108,-22.213448,14.913835,40.417043,57.341386,65.400599,59.586658,40.750211,20.947752,13.781324,21.125204,32.754196,38.266655,35.789407,28.900957,20.046565,10.819511,5.616857,8.311475,13.624553,7.462654,-18.491702,-54.00097,-77.992401,-80.781975,-73.689226,-72.344683,-74.11004,-60.054157,-21.42442,22.801856,42.041429,26.529898,-3.001846,-19.444093,-16.253878,-5.12242,7.14128,26.996553,56.027136,75.967363,65.988946,35.062676,22.90857,56.992959,112.67084,129.879274,75.908815,-15.441184,-76.147974,-73.598135,-39.19765,-25.683998,-45.944337,-64.513292,-46.88667,-3.788005,21.556523,3.726516,-38.632325,-67.846274,-68.344036,-55.324726,-47.782798,-44.693736,-32.03844,-5.881627,20.344005,31.283171,25.911499,16.07149,13.434613,21.588655,37.372516,53.686296,61.177294,54.181838,39.134929,32.154006,40.991159,50.647173,36.347367,-3.927273,-36.916834,-25.755495,23.731947,58.481932,29.829707,-51.821605,-122.719536,-129.126355,-78.636181,-23.435629,0.884391,7.517011,27.569252,60.378753,69.647476,29.719675,-37.128278,-79.555753,-69.73967,-27.92958,5.784886,14.231508,11.113525,13.316597,18.728144,15.70268,4.833948,-0.015623,7.974259,17.141055,12.197035
-6.48591,-8.187867,-2.431648,6.144943,10.535771,7.842956,0.522107,-7.149248,-11.978995,-12.070387,-7.351317,-1.726807,-2.47021,-13.410058,-27.73792,-31.204575,-16.552056,5.639767,14.974237,3.199945,-13.933013,-11.579065,15.692977,43.647216,41.094567,3.509886,-39.126495,-50.47823,-22.908962,17.3498,38.769615,34.4925,22.494612,20.143767,25.031835,23.004658,10.168164,-0.135424,5.795033,22.663664,29.115956,10.848697,-22.634404,-47.070285,-48.06644,-33.858804,-23.30537,-24.511294,-28.591147,-23.821052,-11.581842,-4.688343,-10.588852,-20.080882,-15.707415,8.928287,40.423562,57.323317,50.0056,28.230154,9.850807,3.817765,4.717047,2.098505,-7.411163,-17.72799,-20.881825,-14.835949,-4.150822,4.755903,7.63975,3.352378,-6.166202,-15.636562,-18.270594,-10.967986,1.45077,9.217539,7.190001,1.55934,4.964964,23.085185,46.181908,55.531088,39.79797,5.933082,-25.743024,-37.591928,-27.676041,-9.701488,-1.477444,-11.426385,-32.411193,-46.751192,-39.627485,-12.036353,17.562509,27.013339,9.990762,-16.867859,-28.522701,-15.676465,5.827327,11.672826,-4.280168,-21.770905,-14.433799,21.886461,62.669427,77.192994,56.853756,21.217931,-2.190462,-2.513243,8.356538,10.234692,-6.746246,-35.046888,-56.491241,-55.354871,-29.379439,7.13247,31.388651,28.531547,4.576357,-17.510895,-18.297639,-0.380206,14.855187,10.25263,-8.693268,-20.587452,-12.541025,5.722736,14.040358,5.335881,-7.367586,-7.809022,4.145292,13.888866,11.028829,1.437196,-2.030058,3.059658,6.152486,-1.042887,-11.993089,-12.592816,0.368507,13.097889,9.644352,-9.669125,-28.013379,-29.722447,-14.929332,4.169804,17.815426,25.457628,29.363401,27.398573,16.358628,0.41989,-9.346364,-6.618623,1.58505,1.854053,-9.714449,-21.594766,-18.995011,-0.730645,18.54184,23.257419,12.168057,-2.363218,-8.496877,-5.866417
0.369884,-0.435554,-0.224039,1.374951,3.474278,4.270022,1.815966,-4.395426,-11.713619,-14.858797,-9.918226,1.315031,11.93509,16.193614,15.030915,14.009843,15.470216,14.663325,5.840716,-8.297703,-16.307277,-9.552057,6.764781,16.915677,10.346362,-7.237175,-20.060261,-18.900658,-9.514834,-4.227465,-7.603291,-12.857472,-11.627039,-3.994933,2.903481,4.198603,2.050772,0.932269,1.213355,-0.107647,-3.471524,-4.75833,-0.420765,7.331732,12.631528,12.699345,10.298167,8.943054,7.821508,3.53911,-3.884066,-9.387658,-8.248768,-1.384348,6.4189,12.528299,18.08343,23.06108,22.589837,11.434175,-7.850482,-24.199351,-27.732003,-19.541786,-10.095269,-7.96697,-11.937761,-14.825282,-12.992682,-9.519844,-8.27595,-7.866383,-3.660303,5.167261,13.161404,14.026037,7.286825,-1.392378,-5.592502,-2.722534,5.647314,15.404831,21.122803,18.366455,8.060981,-1.507529,-0.486009,12.023053,24.31457,22.199919,4.093932,-15.850745,-21.751417,-12.528863,-2.260868,-3.723535,-14.098747,-19.339199,-11.612926,1.092687,4.439784,-5.291708,-16.846203,-16.977505,-5.231169,6.322089,7.18846,-0.233092,-4.296665,2.54749,15.794298,23.92818,19.769204,6.263504,-7.599141,-14.947214,-15.154197,-11.528191,-6.595432,-0.226329,8.035023,15.790449,18.243998,12.968124,4.144694,0.350754,6.155795,15.82921,17.462116,5.240609,-12.906626,-22.105607,-16.000816,-4.019546,-1.387723,-12.337116,-25.493459,-26.827071,-15.062171,-1.682548,3.612671,3.653193,7.728447,17.231286,22.177305,13.843805,-2.316766,-10.70326,-3.018942,11.5751,16.310222,5.558587,-9.225061,-12.771306,-2.544265,10.06742,13.612516,8.287652,2.877082,2.805485,4.478363,1.489591,-6.462387,-12.992911,-12.528556,-6.367679,-0.912743,-1.264695,-7.262589,-14.525696,-17.761041,-13.530785,-2.173803,11.386808,19.731514,18.169553
3.037815,5.61424,-6.40885,-27.768069,-39.496242,-27.611203,1.432998,26.425205,32.287687,23.079524,13.826063,12.466646,13.124328,6.532688,-7.111893,-18.565522,-21.018071,-17.201583,-13.885372,-12.334141,-7.744966,2.085406,11.186729,11.269377,2.228104,-6.128287,-4.167933,7.068087,17.108704,17.452696,10.005,3.47359,2.813188,4.252424,1.141916,-6.904311,-12.547217,-8.729803,2.939356,12.970825,13.394243,5.795898,-0.646557,0.810415,6.987885,7.997985,-1.887874,-17.155723,-25.681004,-20.76707,-8.06842,0.171662,-2.252198,-9.401782,-10.200678,-0.9992,9.960932,11.096024,-0.125548,-14.156054,-18.74075,-10.693766,1.86362,8.289409,5.653405,0.433563,1.086047,9.594509,19.941345,24.070236,19.205702,9.9802,3.904509,4.453886,7.964582,7.29195,-0.819715,-11.52293,-15.384907,-7.057862,8.949753,21.309036,21.278874,9.752678,-4.449984,-12.844574,-13.948303,-12.642783,-14.068207,-18.567957,-22.09327,-20.814721,-15.188059,-9.791119,-9.104292,-12.887674,-15.519708,-10.689638,2.208812,16.295817,22.786817,19.079328,10.895555,5.816876,5.370208,4.988884,1.804462,-0.010405,5.706016,17.186695,23.407268,15.509397,-1.48659,-11.880373,-5.771059,9.787215,18.766762,14.53886,6.73984,8.198468,18.00176,21.911469,9.936154,-10.811464,-24.314207,-24.879174,-23.225079,-31.591078,-46.625189,-52.004221,-38.091086,-14.308741,1.335364,2.823635,1.621682,10.782151,27.716733,36.814412,28.23344,9.70411,-2.39807,-1.029695,5.911657,7.290532,2.007381,-1.659255,2.37038,10.846552,16.080392,14.884121,10.398715,6.585182,4.030912,1.664905,-0.184436,-0.733493,-1.528131,-5.34878,-11.639581,-15.397707,-12.779723,-6.892058,-5.293266,-10.81974,-16.834443,-13.739125,0.038447,15.318764,20.954485,14.141606,1.39216,-9.102181,-13.958402,-13.994124,-10.378089,-3.890547
7.909924,4.963658,-1.096937,-8.069574,-13.276203,-14.593161,-11.048446,-3.013721,7.763771,18.245363,24.599605,23.424435,13.484548,-2.946712,-20.275024,-31.760977,-32.844196,-23.74384,-9.575159,2.381752,6.770349,3.087959,-4.432092,-9.912446,-9.825731,-5.192272,-0.513878,-0.238766,-5.269723,-11.990004,-14.518986,-8.66981,5.070116,21.509751,33.638852,36.501214,29.632703,16.755876,3.262189,-6.717021,-11.903562,-13.519856,-13.67019,-13.710794,-13.525614,-11.844284,-7.161566,1.27065,12.706437,24.620933,33.115365,34.210187,25.819735,9.530628,-9.081964,-22.399224,-24.441365,-14.368887,2.484535,17.119867,21.775945,14.33107,-0.630582,-14.875844,-21.750857,-20.111188,-14.348443,-10.634182,-12.176286,-16.95643,-19.558495,-15.641756,-5.61796,5.331947,11.011185,8.951611,2.531538,-1.263389,3.075468,15.340312,29.362625,37.022394,33.659962,21.024416,5.724871,-5.54267,-10.409224,-11.695701,-14.294246,-20.658246,-28.487906,-32.439538,-28.534571,-17.810144,-6.266183,-0.943131,-4.914893,-14.879999,-23.198015,-23.004817,-12.81743,2.580231,15.510133,20.582589,18.074471,13.302345,12.660133,19.218786,30.85445,41.899455,46.849677,43.473707,33.441726,20.543888,8.165285,-2.159517,-10.463115,-17.102396,-21.870055,-24.160066,-23.791066,-21.507105,-18.563107,-15.745851,-12.791757,-8.865508,-3.794976,1.034358,3.102438,0.454491,-6.490399,-14.487895,-18.984181,-16.782903,-8.11748,3.318924,12.481549,15.871303,13.365562,7.898072,3.367647,2.262587,4.503211,8.018324,10.370462,10.187864,7.548152,3.371458,-1.429569,-6.309089,-10.817732,-14.176609,-15.286411,-13.323798,-8.49152,-2.266866,3.172897,6.048447,5.887476,3.64828,1.007418,-0.679648,-1.064229,-0.758196,-0.694215,-1.383956,-2.548653,-3.291127,-2.641525,-0.14954,3.758856,7.80307,10.263043,9.694529,5.717866,-0.485052
-13.031724,-32.188856,-35.244034,-19.862339,-4.499717,-4.993336,-15.041952,-15.47856,0.352449,18.757022,25.53191,26.410845,39.518489,68.237394,90.211203,79.362388,36.053982,-10.860152,-32.753682,-27.142358,-12.84502,-4.617552,0.48207,11.759636,27.497434,34.697855,24.134822,0.097109,-25.676856,-45.073015,-55.982348,-58.036099,-52.389184,-45.655449,-47.065571,-56.579436,-59.11267,-38.018388,3.567947,40.267228,48.783377,33.315516,21.152001,31.307397,52.172621,54.845418,26.911023,-12.443969,-32.490109,-22.092303,2.1895,15.998884,9.964775,-6.779035,-18.888428,-15.980051,4.130978,34.627875,59.598184,61.462896,36.088986,0.139285,-22.843323,-26.13509,-24.837453,-32.880444,-39.539172,-19.087593,32.207017,76.891732,66.150534,-7.553768,-94.154473,-129.255433,-93.533931,-25.480574,23.127907,36.822889,38.338694,49.100238,60.673671,49.866257,13.751528,-21.547311,-28.791207,-9.07469,11.795264,12.549214,-4.723261,-24.436081,-37.515682,-45.093587,-46.472931,-34.320463,-7.410482,17.571847,17.343821,-10.742875,-37.955791,-28.421621,23.145725,80.842537,98.424743,62.099776,2.680047,-33.884416,-27.034591,5.532076,30.722006,31.868467,18.653608,10.524558,15.091734,23.31087,22.146602,8.092422,-11.782248,-28.420402,-37.235054,-37.306479,-29.015755,-15.913773,-7.01955,-11.614428,-28.21344,-40.996835,-32.662828,-3.447134,25.235109,30.075287,9.334937,-15.481973,-22.42783,-11.088447,0.412268,-2.145719,-14.789545,-24.259346,-24.96328,-20.673113,-11.66393,9.651683,43.661384,69.901287,61.224423,17.220163,-24.362891,-21.546029,24.227481,63.336915,49.269803,-7.646665,-46.887313,-21.97063,47.500972,94.599945,74.43082,8.105524,-43.922265,-45.224899,-13.666955,7.499512,-2.453757,-27.601551,-41.337474,-35.310414,-21.305526,-13.786158,-18.117114,-32.288423,-50.668231,-63.453798,-60.041984,-40.400854,-20.523286,-17.832554
-25.023355,-21.934596,-11.908516,-2.119973,0.906533,-4.003207,-11.634312,-13.796801,-4.913725,13.956402,35.297175,49.331661,49.511511,35.944042,14.932885,-4.712277,-16.179597,-17.477522,-11.433306,-3.425198,1.586885,1.208588,-3.84339,-10.718659,-16.260856,-18.758448,-18.744827,-18.367407,-19.580557,-22.233374,-23.471439,-19.275579,-7.534603,9.333998,24.403945,29.617237,20.8416,1.29997,-19.371578,-30.448283,-26.667609,-11.591383,4.789356,12.852857,9.924083,1.894124,-1.470215,5.724663,20.393466,32.03312,30.183547,12.542448,-12.300677,-29.872101,-29.32749,-10.804865,14.691857,32.898946,35.995735,27.461419,18.654773,19.726718,31.614041,45.043033,47.293471,31.756592,3.273562,-24.659432,-38.811845,-34.882259,-19.847391,-6.607877,-5.03028,-15.790874,-31.032142,-40.734489,-39.756835,-30.512616,-19.926781,-13.661924,-12.306024,-12.19456,-9.625321,-4.593929,-0.829711,-2.162875,-8.391876,-14.311413,-13.044144,-1.327384,17.286043,33.918594,39.710613,31.354484,13.055676,-6.250227,-18.316993,-19.962589,-13.813481,-5.540628,0.068387,1.59068,0.911395,1.396227,5.852836,15.300491,28.572671,42.376034,51.827928,51.938116,40.123839,18.676292,-4.789177,-20.260114,-20.803003,-7.425399,10.31171,19.276994,10.861041,-12.966005,-40.023889,-55.056803,-49.265463,-25.925109,1.779282,19.272228,19.613822,6.882066,-8.130508,-16.392811,-16.856946,-15.890286,-20.658493,-31.878568,-41.879491,-39.830514,-20.384176,10.892149,39.795931,52.348452,44.129427,23.402224,5.652255,3.241208,17.312383,37.411384,48.79954,42.154158,19.021151,-10.230817,-33.784131,-45.449293,-46.675223,-42.931555,-38.103137,-31.599065,-20.233359,-2.865012,16.455911,29.815581,30.538122,18.229583,-0.200039,-14.547921,-17.626956,-9.449779,3.52759,13.297961,15.637974,12.136284,7.844882,6.769883,8.831113,10.506656,8.36029,2.406934
20.463243,21.668149,12.187886,-2.879744,-14.416739,-15.503046,-6.272745,6.121345,12.461696,7.830063,-5.099698,-18.056276,-22.886193,-16.900596,-4.25542,7.249767,11.388634,7.074764,-1.822112,-9.68179,-12.717638,-10.548164,-5.271039,0.577427,5.382164,8.433177,9.258847,7.470285,3.445703,-0.998348,-3.099859,-0.976482,4.47362,9.361014,8.989234,1.217427,-11.42887,-22.702825,-26.289015,-19.74458,-5.973033,8.780078,18.891108,22.399845,21.101622,18.033625,14.678495,10.222281,3.292464,-5.608904,-13.396306,-16.331561,-13.117721,-6.453034,-1.423041,-1.715033,-6.630456,-11.487865,-11.383993,-5.448783,1.946877,4.35196,-1.427704,-12.025437,-19.198549,-15.691239,-1.029152,17.327312,28.774314,27.070789,15.005342,2.50165,-0.750004,7.195744,18.611243,21.540041,8.922545,-15.244924,-37.491483,-43.490567,-27.867048,1.703273,29.11633,40.130933,31.33986,11.799315,-3.587054,-4.228635,9.346246,26.362405,33.329068,22.900241,-1.71378,-29.171845,-47.053914,-48.699184,-35.812684,-16.068873,1.897038,12.687933,15.455663,12.548152,7.210047,1.955012,-1.90192,-4.04822,-4.929016,-5.546591,-7.002978,-9.704123,-12.720522,-14.026543,-11.803769,-6.040227,0.85526,5.180794,4.277287,-1.521358,-8.820918,-13.182475,-11.873187,-5.423077,3.059494,10.178009,14.341489,16.12921,16.868253,16.837428,14.773764,9.194776,0.422904,-8.529551,-13.241977,-10.622943,-1.131984,11.223219,21.202529,25.33377,23.507047,18.212724,12.286088,7.055561,2.252657,-2.564566,-6.623301,-8.029602,-5.385282,0.51695,6.610698,9.487942,7.958516,4.095043,1.659845,2.921837,6.363648,7.333916,1.497058,-11.385364,-26.367894,-36.147876,-36.077293,-27.760298,-18.373538,-15.814736,-22.891631,-34.703618,-41.341722,-34.380781,-12.913763,14.979816,36.492375,41.487954,28.43374,5.246379,-15.316395,-22.778751
7.611418,6.224027,0.661129,-6.457776,-11.102116,-10.435951,-4.777904,2.495127,7.090734,6.538465,1.661467,-4.159237,-7.310398,-6.192039,-1.905235,2.869539,5.766104,5.96928,4.086838,1.120467,-2.356519,-6.08457,-9.353674,-10.606193,-8.17545,-1.85402,6.008768,11.158456,9.911557,1.978279,-8.502697,-14.919586,-12.294991,-0.967644,12.818653,20.257623,15.458885,-0.383267,-19.006759,-29.603602,-25.235329,-7.172288,15.635382,31.730464,33.810899,22.781395,6.750101,-4.281629,-4.610434,3.985447,13.94702,17.239962,10.722222,-1.907234,-12.759332,-15.168124,-8.252269,2.391658,8.322002,3.829475,-10.191712,-26.609343,-36.41858,-34.276887,-21.658499,-5.690029,5.421161,7.279263,1.371054,-6.771296,-11.696971,-11.377293,-7.480982,-2.738208,2.192999,9.567165,22.14925,39.342394,55.13681,60.19152,47.405843,17.481148,-19.605342,-48.927122,-58.586652,-46.488998,-21.50155,1.931663,12.406744,7.962352,-3.703648,-11.072128,-6.623841,8.540877,26.07259,36.367668,34.820929,24.127506,11.462796,3.003451,-0.103078,-1.594892,-6.281526,-15.701605,-26.571259,-33.078189,-31.168377,-21.583714,-9.465993,-0.928945,0.860546,-2.624517,-6.755455,-7.087769,-2.129201,6.168669,14.094522,18.501037,18.155139,13.605069,6.272469,-2.188894,-9.897206,-14.641492,-14.4219,-8.677073,0.703191,9.711238,14.168209,12.206113,5.520477,-1.692225,-5.537441,-5.002615,-2.386164,-1.194813,-3.070103,-6.136277,-6.173222,0.106908,12.066735,24.735198,31.464728,27.922844,14.727917,-2.971897,-18.516371,-27.184035,-27.884111,-22.43243,-13.556186,-3.430751,6.333463,13.876863,16.873574,13.685823,5.144505,-4.784384,-10.641252,-8.806838,-0.274395,9.407456,13.43424,8.261565,-3.822896,-16.047265,-21.631046,-18.264899,-9.375359,-1.264197,1.736941,0.449074,-0.066067,5.135115,16.370531,28.183527
9.245007,8.41796,4.63488,-0.788469,-5.657389,-7.840948,-6.23483,-1.369671,4.639508,8.922622,9.238823,5.290566,-0.839073,-5.623013,-6.115474,-1.953778,4.025339,7.238173,4.235876,-4.741433,-15.342779,-21.385788,-18.600775,-7.461646,6.854221,17.504975,20.104344,15.191681,7.393804,1.901919,0.784908,1.789137,0.485549,-5.832377,-15.437823,-22.790891,-22.225864,-12.145418,3.330188,16.58813,21.215678,15.970262,5.307756,-3.843899,-6.759113,-3.77471,0.551348,1.18557,-3.564832,-10.932288,-15.962303,-15.359278,-9.973523,-4.079408,-2.026464,-4.807896,-9.141363,-9.78486,-3.42007,8.711559,21.319951,28.351922,26.724991,17.951145,6.690911,-2.5153,-7.897968,-10.690093,-13.057501,-15.570892,-16.317946,-12.396873,-2.628219,10.679626,22.423682,27.557876,24.179877,14.698703,4.2577,-2.492187,-4.049433,-2.393743,-0.927642,-1.647102,-3.63807,-3.956904,-0.178725,7.322565,15.099594,18.644896,15.321758,6.169795,-4.681565,-12.59717,-15.253546,-13.800432,-11.662219,-11.917795,-15.141109,-19.184821,-20.956245,-18.803721,-13.72387,-8.5004,-5.439902,-4.45004,-3.008695,1.795919,10.555449,20.207738,25.307737,21.351092,8.065609,-9.601241,-23.701165,-27.545281,-19.448304,-3.640172,12.218795,21.357933,21.38839,14.934658,7.280343,2.790483,2.494833,4.22679,4.872276,2.898368,-0.672649,-3.389243,-3.555197,-1.704194,-0.213643,-1.359864,-5.307122,-9.583706,-10.514633,-5.669149,4.335592,15.87527,24.151348,25.631527,19.65784,8.474656,-4.030542,-13.948868,-18.524309,-16.655675,-8.974605,2.254774,13.503262,20.890078,21.63808,15.474913,5.043528,-5.242487,-11.48017,-12.366837,-9.70265,-6.891438,-6.437601,-8.234486,-9.938132,-9.185537,-5.951394,-3.092089,-4.400667,-11.431844,-21.502577,-28.664709,-27.379883,-16.537885,-0.917567,11.267978,13.435664,5.056625
0.623767,1.506641,0.942739,-2.227176,-7.388427,-11.903626,-12.572894,-7.967433,0.108565,7.35588,9.671737,5.974686,-0.945857,-6.310148,-6.663714,-2.173997,3.831833,7.703366,8.389721,8.02978,9.639496,13.760551,16.990289,14.011747,1.956155,-16.194699,-32.13729,-36.940995,-26.940879,-6.649896,13.632601,24.134195,21.595763,10.818497,0.780752,-1.808546,3.110784,9.646516,10.950699,4.622564,-5.530008,-12.556205,-11.774429,-4.351184,3.634801,5.842235,0.446331,-8.538503,-14.281672,-12.125672,-2.807299,8.325027,15.248373,15.250911,10.093738,3.861455,-0.430634,-2.677419,-4.723313,-7.781824,-10.70503,-10.708531,-5.940164,2.387043,10.280774,13.638553,11.214127,5.448817,0.427373,-1.416376,-1.137545,-2.098627,-6.692571,-13.706078,-18.665347,-17.141585,-8.516047,2.863916,10.314496,9.467144,1.491422,-7.61554,-11.255567,-6.880509,2.377329,10.272813,12.223954,8.661414,4.444184,4.853214,11.265416,19.809872,24.009389,19.409372,6.773575,-8.403731,-19.542131,-23.01872,-19.800704,-13.866509,-9.013883,-6.592664,-5.602868,-4.529375,-2.992747,-1.764203,-1.377745,-0.930101,1.513381,7.032068,14.143377,19.051303,18.099418,10.724843,0.501767,-6.871305,-7.431153,-1.854643,4.874335,6.969643,2.0311,-7.177029,-14.708262,-15.723557,-9.90255,-1.464422,4.140575,4.302837,0.994588,-1.081622,1.563702,8.245354,14.402505,14.927109,8.007367,-3.364862,-13.274875,-16.702934,-12.520009,-3.693484,5.105786,10.491488,11.802414,10.328672,7.444635,3.433321,-2.094367,-8.840888,-15.042254,-18.234394,-17.079402,-12.691564,-8.167887,-6.455841,-8.112743,-10.729367,-10.574926,-5.311052,4.225032,14.474955,21.469491,23.254734,20.709057,16.350328,12.275444,8.914208,5.448006,1.290816,-2.821531,-5.158424,-4.4602,-1.222611,2.405063,4.134226,3.24968,1.076405
20.512898,10.385907,-13.672405,-28.920431,-22.002331,-3.078221,7.697552,4.283696,-0.366038,6.318656,18.754099,20.403289,6.534107,-7.638871,-5.118713,11.08703,20.992239,12.687227,-2.139253,-2.751148,13.452847,25.71352,14.896063,-11.090969,-23.595441,-5.969869,24.97847,34.791525,7.858258,-35.509924,-59.519452,-47.820315,-16.244495,6.766651,7.987572,-3.088753,-9.94426,-6.830561,-0.287892,2.596184,2.738704,5.403814,11.22994,13.925871,7.188025,-7.563602,-21.225688,-24.448226,-14.903545,1.768385,16.862446,24.499684,24.479045,21.244741,20.200925,23.361892,27.025044,24.061098,10.480439,-8.884178,-22.168266,-20.385955,-6.909032,4.135105,1.135139,-12.844429,-22.878781,-18.523304,-6.034821,-1.530331,-11.497878,-23.40158,-19.327973,1.599304,19.082705,13.331255,-11.076901,-28.003371,-18.249396,8.381417,23.830597,13.692451,-6.941923,-12.354897,3.032506,19.105802,16.019479,-0.61465,-6.585454,10.327044,33.77963,37.049315,14.28891,-12.525974,-18.657108,-3.397757,12.02356,10.377211,-3.69576,-12.742361,-7.914851,3.580668,10.259414,9.021581,3.669157,-4.139991,-16.164357,-30.094163,-37.039141,-30.792153,-17.112477,-8.623063,-9.776178,-11.241515,-2.200834,14.605543,24.946621,20.380747,8.685546,3.837344,8.489028,11.648499,4.193297,-8.524617,-13.441119,-6.321441,4.283841,10.390222,15.917896,29.305709,47.072188,52.302114,33.446334,0.742528,-22.145554,-23.265154,-14.225477,-14.277997,-26.537831,-35.784582,-29.600302,-15.044377,-9.383785,-17.216027,-24.010168,-14.93884,4.896234,15.122184,4.77408,-13.209359,-15.791954,4.067292,29.268928,36.806555,20.805367,-4.128839,-19.363504,-18.185973,-6.439776,7.148978,17.527516,22.644475,21.812845,17.060979,13.28847,13.488105,14.031022,7.841185,-6.212664,-19.111944,-19.599606,-6.454379,8.996886,13.48635,3.928408,-11.46934
0.857237,0.879852,0.214353,-0.193006,0.61865,2.753756,5.135289,6.072974,4.415122,0.48779,-3.900614,-6.485648,-5.955555,-2.77897,1.139991,3.756288,4.229866,3.38493,2.979312,4.33324,7.316765,10.417059,11.811231,10.646081,7.600923,4.359043,2.413768,2.090122,2.453438,2.090907,0.126822,-3.269031,-7.158515,-10.549344,-12.91176,-14.126637,-14.057061,-12.300945,-8.519592,-3.164796,2.068566,4.693185,2.780108,-3.568014,-11.697658,-17.428471,-17.207036,-10.147388,1.324877,12.679648,19.636192,20.254466,15.575623,8.596788,2.4034,-1.31334,-2.571077,-2.358281,-1.628694,-0.805178,0.016757,0.608001,0.486753,-0.672052,-2.500668,-3.898155,-3.72887,-1.815707,0.617299,1.605146,-0.086523,-3.728249,-6.703314,-6.113696,-0.961687,6.661716,12.452081,12.522518,6.151301,-3.286212,-10.06608,-9.620339,-1.575374,9.751628,17.88667,18.238217,11.039532,1.22742,-4.732718,-3.047041,4.913831,13.462339,16.234688,10.265377,-2.112227,-14.693821,-21.157343,-18.71308,-9.429979,1.365184,8.340162,8.898083,3.850319,-3.980421,-11.876154,-18.471651,-23.475085,-26.500503,-26.312293,-21.33666,-11.140949,2.347208,15.062828,22.6343,22.756423,16.52978,7.812392,0.959312,-1.587521,-0.329543,2.180978,3.382685,2.416679,0.400621,-0.724044,0.245329,2.986743,6.104605,8.277753,9.087018,8.893368,8.025973,6.161199,2.592186,-2.755047,-8.491333,-12.069838,-11.317839,-6.188661,0.691011,5.388894,5.240639,0.850613,-4.076673,-5.224139,-0.879726,6.435704,11.315831,9.120251,-0.493289,-12.710737,-20.228296,-17.863748,-6.075848,9.042619,19.411827,19.900599,11.308989,-0.518047,-8.728898,-9.831991,-5.448682,-0.432671,1.087289,-1.214223,-3.86964,-2.614154,3.928177,12.658442,17.772221,14.701031,3.459088,-10.979624,-21.585976,-23.520774,-16.912918
-9.242682,-13.907622,-14.042396,-8.452459,1.249364,11.289943,17.68769,18.343239,14.004478,7.576113,2.305833,0.043445,0.607484,2.466728,4.064786,4.793342,5.024755,5.385477,5.990778,6.290614,5.604158,3.830017,1.680621,0.197575,-0.081248,0.386824,0.447715,-0.836063,-3.35271,-5.882417,-6.953457,-6.046574,-4.250674,-3.792074,-6.632341,-13.019843,-20.989107,-27.226141,-28.829431,-24.893004,-16.932797,-7.915425,-0.541038,4.112892,6.759965,8.878656,11.289749,13.383449,13.567446,10.632764,5.056479,-0.750634,-3.562901,-1.208686,5.979217,15.093196,22.073445,23.796838,19.592532,11.329184,2.137883,-5.328865,-9.998544,-12.27247,-13.014068,-12.516811,-10.241499,-5.450642,1.839415,10.387413,18.12463,23.11453,24.35225,21.869271,16.227933,8.007158,-2.163032,-13.050648,-22.417386,-27.495408,-26.419144,-19.754155,-10.850726,-4.339661,-3.403049,-7.556564,-12.641793,-13.375767,-6.975966,4.602488,15.564579,19.973935,15.865149,6.871335,0.010522,0.916272,9.708568,20.455198,24.818791,17.588952,0.392738,-18.992441,-31.353443,-31.677043,-21.983271,-9.569173,-2.004033,-2.34944,-7.758215,-12.135622,-10.732076,-3.364647,5.82658,11.586936,11.1788,5.839272,-0.701963,-5.175738,-6.788321,-6.868895,-6.747001,-5.886473,-2.017251,6.725802,19.411565,31.782902,38.336135,35.711921,24.976641,11.078175,-0.209181,-5.709492,-6.261245,-5.272599,-5.686394,-7.733942,-9.13223,-7.413752,-2.406812,3.204156,5.761273,3.514417,-1.792189,-5.97837,-5.459401,-0.025659,6.73926,9.797044,6.111852,-3.242788,-13.812901,-20.760861,-21.963716,-19.058821,-15.84288,-15.34212,-17.727595,-20.482984,-20.497518,-16.387062,-9.327677,-1.93951,3.741044,7.564316,10.906741,15.084801,19.932656,23.737446,24.586596,22.025863,17.664328,14.180585,13.429054,15.050776,16.63067,15.308238
13.430311,11.675178,-0.732952,-10.965538,-9.345439,-0.958393,1.081516,-7.054238,-13.743277,-5.483205,15.809733,33.07067,32.131914,16.273004,0.675758,-5.205226,-5.617871,-8.673534,-13.294093,-10.585923,2.411933,15.262275,13.942273,-2.990002,-21.291806,-25.169476,-12.885273,2.853258,8.645177,2.60903,-6.465533,-9.312105,-4.067102,4.1793,8.868849,6.758527,-0.298118,-6.442275,-5.680271,2.952767,13.378145,17.063585,10.918629,0.188635,-7.318656,-9.117656,-8.605106,-8.154821,-4.689506,5.266729,17.283076,19.85424,6.244636,-15.793322,-29.357881,-24.711103,-8.823898,2.604608,1.518474,-5.897242,-8.27844,-1.647006,8.819115,17.344772,23.886802,30.727944,35.745201,32.762706,19.031255,-0.184702,-16.200492,-24.871704,-28.027401,-27.645222,-21.838148,-8.872175,6.273756,13.034147,5.128349,-11.588659,-23.29997,-21.169821,-9.521244,-0.521302,-1.11146,-5.957927,-3.526603,11.208206,30.283471,38.893644,28.42594,4.386492,-17.962204,-26.277088,-20.64455,-11.426298,-8.004152,-9.792458,-8.407234,1.890262,17.115851,27.426785,27.0258,18.775053,9.314031,2.071218,-3.064227,-4.882628,0.069931,11.380489,20.412117,16.835397,1.003861,-13.579112,-14.120391,-4.451225,-2.839904,-21.122545,-48.106746,-58.110636,-37.478623,-0.126089,25.658058,24.836707,7.772286,-4.316524,-1.850782,7.482043,12.293708,10.846167,9.181708,10.458397,11.454591,9.455831,7.433722,8.933051,10.432016,4.064919,-10.759486,-22.573452,-18.89063,-1.39962,13.85592,13.374765,1.016321,-6.833113,-0.184814,13.524643,18.306714,7.068215,-12.022262,-25.092311,-25.099278,-14.553646,0.11438,12.988612,18.757052,13.720051,0.153581,-12.234447,-13.442103,-3.209298,8.104369,10.247013,3.304149,-4.598335,-8.325377,-10.601598,-14.652752,-15.943514,-6.432847,12.510974,26.345349,21.04453,-0.086709,-17.387571
-0.532714,-2.902034,-4.91555,-5.448407,-4.148509,-1.714102,0.534133,1.49813,0.966579,-0.364262,-1.491536,-1.845096,-1.599598,-1.354124,-1.489213,-1.767577,-1.532721,-0.347089,1.483013,2.989513,3.239675,2.124893,0.582029,-0.010295,1.131916,3.509586,5.575083,5.787956,3.74639,0.54457,-1.949222,-2.396096,-0.919875,1.027186,1.774763,0.694186,-1.339932,-2.638131,-2.018098,0.240722,2.540193,3.109708,1.305156,-1.9048,-4.619822,-5.339912,-3.959649,-1.71235,-0.154777,0.005389,-0.647296,-0.819294,0.380035,2.681699,4.832577,5.538113,4.417183,2.230301,0.235043,-0.788316,-1.057675,-1.461776,-2.685978,-4.533942,-6.021522,-6.18047,-4.914251,-3.180448,-2.299427,-2.896943,-4.314736,-4.994959,-3.601193,-0.053087,4.31515,7.620538,8.700386,7.852068,6.498757,6.035377,6.719977,7.442108,6.549993,3.1389,-2.131611,-7.279599,-10.135342,-9.593599,-6.170576,-1.574945,2.325694,4.423973,4.653857,3.630884,2.074637,0.470607,-0.890042,-1.715948,-1.686664,-0.687012,0.915818,2.285455,2.542758,1.363173,-0.704398,-2.498855,-2.975438,-1.920404,-0.141305,1.027884,0.587662,-1.478113,-4.193752,-6.207838,-6.602889,-5.370424,-3.289536,-1.361927,-0.219428,0.130127,0.136964,0.325664,0.98262,2.072782,3.341048,4.450366,5.061185,4.877729,3.739753,1.769325,-0.535083,-2.398928,-3.096028,-2.34126,-0.492087,1.614655,3.127847,3.666051,3.502538,3.322538,3.70933,4.698042,5.689763,5.781932,4.309948,1.278592,-2.553907,-5.970613,-7.811574,-7.474009,-5.195492,-2.012059,0.612819,1.386685,-0.195819,-3.501903,-6.917666,-8.553214,-7.226171,-3.213681,1.712767,5.106957,5.150283,1.712673,-3.48357,-7.753815,-8.910704,-6.439045,-1.692278,2.979223,5.599362,5.586924,3.847527,1.985142,1.230102,1.791935
16.596105,16.938929,11.080091,2.287128,-6.616354,-14.14411,-18.338536,-16.545352,-8.441845,1.572259,6.891305,4.497389,-2.178028,-6.623656,-5.204427,0.427895,6.058338,8.89338,8.886074,7.562578,6.728325,7.734101,10.311122,11.489492,7.022456,-4.320112,-17.729193,-25.162157,-22.480613,-13.490663,-5.761524,-2.289037,1.459444,11.129061,24.621034,31.344299,21.678018,-2.636405,-28.098208,-40.008434,-34.090104,-18.612932,-5.927026,-1.881113,-2.455066,0.486196,10.489912,22.900356,29.271613,25.499243,16.050534,10.137759,13.135732,21.297705,24.986874,17.441908,0.626782,-17.175252,-28.835117,-33.004292,-32.0518,-27.274623,-17.721727,-3.582994,10.982929,19.923029,20.247106,14.118236,5.856303,-2.208779,-10.082472,-16.895907,-19.084387,-13.215023,-0.786187,10.688736,12.565668,2.128812,-14.360401,-25.544953,-23.093362,-7.983134,10.045464,19.985647,18.471499,12.486872,12.71062,22.819717,34.858264,35.916419,20.353712,-4.245654,-23.264455,-27.155017,-17.859127,-4.779364,3.763539,4.995933,0.256503,-7.672846,-15.170058,-18.286368,-15.531382,-10.197037,-7.543767,-8.288678,-6.531219,3.209728,16.89201,22.033166,10.788587,-8.700429,-17.429424,-4.34194,20.856399,35.976605,28.074724,5.607437,-11.798649,-14.103077,-9.205202,-10.840548,-21.191216,-28.382298,-21.015067,-2.355418,12.190182,11.377542,0.087613,-5.918569,3.384795,21.684722,32.24801,24.065798,2.438482,-15.721031,-17.039005,-3.214026,11.349487,13.274755,2.465223,-8.53871,-7.361944,5.748751,18.14774,17.45276,3.749647,-11.075116,-15.819356,-10.943397,-6.786509,-11.681358,-23.022158,-30.276905,-25.794783,-11.792146,2.741232,10.653125,11.843449,11.283886,13.348287,18.001216,21.233133,18.551629,8.942444,-3.35647,-11.144763,-9.80624,-1.674588,5.541391,5.742077,0.097144,-4.791399,-4.367929,-0.78349,0.548172
-5.969682,3.868467,5.260645,-7.777569,-25.664037,-32.342951,-21.53769,-2.215932,11.73777,14.744607,11.252039,6.868366,1.95225,-4.877804,-10.325759,-7.881078,3.57824,15.719017,18.173815,9.70446,-0.244122,-1.836159,4.900899,11.358502,10.615473,4.087898,-2.261819,-5.718944,-8.38354,-11.73796,-12.889661,-8.282668,0.110482,5.098839,1.830026,-6.39861,-11.530522,-9.654919,-4.881583,-3.605951,-6.081335,-5.413406,4.579951,21.361779,34.398211,34.06886,19.94033,0.754467,-13.180616,-17.846551,-16.979224,-16.756984,-19.128334,-19.976214,-13.785321,-0.334648,13.476383,19.318995,15.529002,8.998157,7.922311,12.53297,14.320314,5.71792,-9.944657,-20.110967,-15.883987,-2.377935,5.791789,0.118652,-12.016669,-14.916935,-1.985596,16.007372,21.320038,7.450178,-14.213453,-25.935369,-20.501247,-5.941309,4.921658,6.996228,4.512557,2.989882,3.275203,4.100449,7.081637,15.141718,25.614963,28.621283,16.135836,-7.184788,-25.357432,-25.803485,-12.142241,-0.063707,-0.011402,-6.198396,-4.854397,7.843284,19.644728,15.890482,-2.732547,-19.619981,-20.256682,-8.05908,0.508312,-4.226301,-13.761181,-11.814979,5.943258,25.965053,31.15358,18.37869,-0.342191,-12.238979,-15.531343,-16.103951,-16.589738,-13.493338,-5.156378,2.263394,0.949572,-7.434531,-11.223767,-1.759693,15.281915,25.110373,20.63581,10.930195,10.551161,21.885679,31.485147,25.041506,3.734115,-16.696739,-22.521238,-15.178921,-7.281408,-7.921534,-14.48315,-18.380713,-15.663478,-9.868438,-5.820784,-3.681979,-0.266961,5.441231,10.148546,9.674536,3.236264,-6.086176,-14.12032,-18.069869,-17.118648,-12.199477,-5.555935,0.591483,5.89845,11.952616,19.493193,25.774931,26.138839,19.140722,9.398441,3.971481,5.614366,10.437078,12.556628,10.019693,5.107937,-0.353187,-7.650531,-17.920266,-27.645978,-30.036196
30.039598,37.266344,28.825701,13.729796,5.195754,6.586621,8.412927,1.157577,-10.264911,-9.115355,13.15739,41.577461,47.924915,19.855415,-22.385772,-43.236608,-27.564086,3.784344,17.083042,2.49633,-17.125512,-15.439728,4.698976,14.166063,-6.919372,-43.549717,-61.466666,-46.242661,-19.425498,-12.364517,-28.837283,-40.90367,-22.618515,18.63126,49.811199,48.955384,27.70236,15.094099,24.018079,39.588143,39.970309,22.169666,3.071356,-1.783536,5.811426,13.050054,13.125645,10.932838,13.005857,17.228931,15.520212,4.348336,-11.138675,-23.450398,-30.074473,-33.111231,-34.245558,-33.335562,-31.531118,-32.048417,-35.393585,-35.444721,-23.750986,0.90734,28.665193,45.822741,45.933206,33.444275,17.642133,4.836835,-3.797695,-9.606663,-14.173296,-18.754618,-22.996398,-23.087552,-13.554347,6.144068,27.00804,35.781525,27.573791,12.626359,7.806507,19.754279,37.176025,41.246078,24.01057,-3.795454,-22.843761,-22.431956,-8.360309,4.084878,3.459919,-10.147691,-27.379559,-37.550649,-35.767434,-25.399538,-15.215765,-12.801569,-18.199719,-22.787795,-15.540136,7.256573,36.760272,56.070705,51.979218,25.184131,-9.258058,-32.293888,-34.563975,-22.588051,-11.887191,-12.446972,-19.583523,-19.339217,-3.718185,19.615307,33.88079,29.834206,15.088522,6.132978,11.79115,25.774269,35.030556,33.006273,23.341101,12.727484,3.984103,-3.04073,-7.485611,-8.387006,-8.684508,-13.460428,-21.604833,-22.798276,-8.637384,12.443981,17.288039,-8.733117,-50.930195,-73.877489,-55.496502,-11.338367,19.22778,12.095127,-18.834425,-38.960807,-29.542347,-3.016536,16.5252,21.275805,23.475999,34.489412,47.945914,47.735806,29.325324,7.232341,-0.079381,10.689892,26.020729,30.710891,21.141386,4.211597,-11.937572,-22.744861,-25.332885,-17.609637,-2.110952,11.708155,13.167281,-0.130121,-19.571299,-33.059355,-34.606154,-26.45681
-3.554648,-5.163775,-3.63961,3.236855,10.742697,11.556481,4.85506,-1.449086,0.717979,10.169232,18.035705,18.548605,15.259084,14.707774,16.200898,11.962547,-1.683262,-16.898403,-21.782446,-14.51641,-6.079256,-6.936207,-13.83557,-13.868702,-1.586176,12.279908,12.460707,-2.258515,-16.502337,-15.768263,-3.15895,4.924858,-1.052654,-12.300034,-12.860123,0.356474,13.289123,11.668696,-1.201539,-7.550697,3.858946,23.187202,28.790899,10.701119,-17.361592,-30.640864,-17.492201,9.679717,26.949019,21.339354,1.190347,-14.014438,-12.56985,0.331848,10.326456,8.760961,-0.414394,-7.121311,-6.479613,-2.664972,-2.274309,-5.844404,-7.480836,-2.574228,5.946599,10.448004,7.223562,0.756301,-1.329298,3.313515,9.452534,10.080264,3.31353,-6.650847,-13.954477,-15.203386,-10.293084,-1.785534,5.437736,5.972842,-1.626353,-11.680929,-15.193263,-9.080643,-0.845523,-1.395848,-12.213956,-21.60534,-16.044204,4.895215,26.922091,35.142431,28.387332,18.230233,15.042462,17.639772,17.190949,8.64521,-4.321844,-14.673518,-18.801296,-16.73342,-8.768798,3.947049,15.405591,15.658563,-0.150636,-23.883867,-38.861364,-34.496544,-16.05568,1.096154,6.266394,1.494873,-3.715985,-2.583404,4.990911,15.46409,24.689649,28.02376,21.715304,7.571307,-5.354362,-8.031608,-1.807079,1.611445,-6.400477,-19.448779,-22.015938,-8.654153,6.692066,5.215166,-13.425484,-27.50888,-16.531015,14.195885,37.08651,31.617749,6.496931,-10.677306,-4.107445,14.340065,20.973806,7.699735,-10.805885,-16.24251,-7.518274,0.822748,-1.851841,-9.74081,-9.297851,3.135959,16.438388,17.327427,4.656268,-10.488655,-16.915519,-12.959631,-4.723275,1.77489,4.5395,3.525094,-1.586417,-9.772588,-16.428929,-15.463433,-4.874785,10.231874,20.965856,21.351596,12.286253,-0.07707,-9.149002,-11.768745,-8.955984,-4.056171
10.491274,-7.682742,-19.936862,-13.337299,4.602974,14.64498,8.044185,-4.871622,-9.592886,-5.998332,-6.775116,-18.466519,-30.576833,-27.459856,-7.840874,13.068557,21.124823,17.614414,13.060453,11.069963,5.213563,-7.700623,-18.656837,-16.808103,-5.706261,-0.611854,-6.721169,-7.335801,17.167839,58.823271,80.300642,51.968594,-11.096016,-57.533526,-49.666257,-1.828779,35.691965,29.525417,-5.308447,-27.612704,-17.213781,6.597198,12.129194,-7.605955,-30.109589,-31.816942,-13.503932,4.636705,7.249778,-2.951297,-14.445911,-21.693869,-26.165748,-26.542576,-15.7572,8.790952,35.809052,46.69591,33.530536,8.327093,-7.97483,-5.655067,5.73101,9.097319,-1.956518,-17.354256,-21.813112,-10.349116,7.67979,18.871421,18.950831,15.398083,17.486354,24.729048,26.496839,13.91479,-8.492747,-24.927214,-23.550016,-9.121372,1.344104,-3.70224,-18.214842,-25.533491,-16.73325,0.2558,10.457008,8.251667,1.196749,-1.606067,-0.506951,-1.726052,-5.36256,-2.923458,10.241558,23.437465,17.696759,-12.980339,-50.114868,-64.618527,-43.648844,-2.713363,29.236448,35.528249,22.700308,9.191987,7.249701,16.124966,28.317697,37.400928,39.55121,32.141127,15.282117,-5.358046,-20.722757,-25.689997,-23.502626,-21.299946,-21.56123,-19.873352,-11.928969,-1.063463,3.457591,-3.798582,-17.547285,-25.638806,-19.693812,-1.844571,18.00291,30.203283,30.979468,22.497829,9.943161,-1.171304,-6.860658,-6.213108,-1.836962,2.027603,2.819736,1.3858,0.334308,0.836899,1.476595,0.426158,-1.671215,-1.82393,1.64975,5.670542,3.669857,-8.15646,-25.102522,-35.42665,-29.725496,-10.28381,9.535497,17.001531,11.86028,5.472886,7.22337,13.131253,10.823606,-3.369598,-15.587993,-7.448501,20.909029,44.856563,37.804242,0.983327,-33.166582,-31.875632,3.331448,36.201508,32.30492,-5.389233,-40.232411,-40.92547
26.315679,23.815996,9.124371,-3.031568,1.949958,22.255597,39.329871,35.251895,9.694891,-21.475495,-43.102707,-53.168426,-57.783134,-57.998504,-47.256269,-23.072392,3.75625,17.448908,15.114583,11.405327,21.456023,41.215022,50.070715,34.812485,6.834533,-9.310773,-3.743083,7.730476,3.397023,-17.085949,-31.03873,-19.296831,10.652648,32.487763,30.062206,13.036013,2.119716,4.073581,7.089874,-0.525291,-14.707984,-23.058602,-23.323318,-26.200772,-37.85135,-46.671629,-35.172781,-4.329997,21.694405,20.330587,-2.992685,-19.563699,-9.442763,16.606408,31.243714,23.291684,9.656078,13.196611,34.71135,52.764119,49.486735,29.403233,9.777914,-1.892648,-13.103047,-29.398565,-40.757692,-32.063596,-5.227219,17.035096,13.874702,-10.29953,-29.930478,-25.673977,-3.653704,13.7748,12.291779,-3.304096,-19.7396,-30.02636,-34.632064,-33.166045,-22.657314,-5.559368,6.665373,4.094388,-8.132779,-12.165081,3.896719,32.210096,53.213978,56.181772,47.88377,40.357239,34.969096,23.353351,2.634599,-16.705146,-21.972789,-14.371418,-8.559099,-15.101982,-27.633752,-31.169445,-21.370699,-10.467766,-12.010878,-23.073482,-26.04382,-8.582605,21.336048,42.448195,41.079291,23.089563,5.619431,-0.515544,0.746962,-2.263816,-15.993272,-35.410226,-48.290186,-44.716766,-24.2678,3.609162,26.01653,35.322812,33.271694,26.803758,19.967636,10.995346,-2.071376,-14.719442,-18.191294,-9.590143,2.65422,6.707743,0.910476,-3.560088,4.252063,20.995496,31.308336,24.800612,7.788002,-4.466503,-5.752605,-5.375391,-15.432809,-34.668413,-48.467363,-44.538416,-25.265126,-3.160544,12.874249,23.031173,29.280668,28.05639,14.623274,-6.46137,-20.272646,-14.291394,8.454525,31.207105,38.791292,30.095195,15.729367,5.769165,1.50932,-2.181714,-9.553061,-20.087695,-29.774425,-34.018549,-30.026607,-19.015794,-7.122059,-2.102011
16.635626,12.504359,-4.565289,-19.338286,-18.096592,-3.777648,8.170141,8.405532,3.728242,6.285824,16.49251,22.334845,16.055106,5.703346,5.12261,14.623079,18.351476,3.843043,-20.124087,-31.06791,-18.358037,3.776121,11.870689,-0.974119,-19.299485,-24.660656,-15.556852,-5.20406,-3.292089,-6.043249,-5.069055,-0.330931,0.858712,-3.875715,-6.619041,1.107872,16.351008,26.600437,23.529514,11.554123,1.510098,-1.46214,-1.191122,-3.274931,-8.33407,-13.039634,-14.420728,-10.642334,-0.014496,16.03282,28.473319,24.451527,0.831959,-26.693256,-33.671001,-10.278044,26.19457,45.408348,31.751826,-2.518197,-30.981379,-37.111512,-24.071183,-4.918616,11.011648,20.988764,23.704794,17.505211,4.584378,-7.303228,-10.880261,-6.552663,-1.459916,-1.471004,-6.057813,-11.233511,-14.893012,-17.25568,-17.750593,-14.853454,-9.5325,-5.896552,-6.256282,-7.246638,-3.776984,3.668524,9.241288,10.485872,13.07272,22.415959,31.989563,26.555725,1.03228,-27.449222,-33.031609,-8.278862,26.726678,45.80637,43.931359,37.626245,39.299474,39.538379,20.99843,-14.380405,-42.065961,-42.56141,-25.6629,-19.115342,-34.245943,-51.590499,-45.301059,-16.114935,8.440252,6.591503,-13.304383,-25.86774,-20.408656,-10.20139,-9.700219,-12.534864,-0.750792,27.30332,49.057243,42.709551,14.49694,-6.634884,-1.203662,20.561859,33.129943,24.732292,6.329113,-5.568528,-6.556423,-2.082991,5.053382,16.312178,27.551529,26.980803,9.00997,-14.13385,-22.743299,-12.77506,-2.222415,-9.85536,-31.344542,-43.103989,-29.845166,-1.729706,19.243539,24.317777,22.04076,19.086795,7.778988,-19.947981,-51.534576,-58.955707,-30.040487,11.999804,29.269113,9.764386,-19.497378,-23.26052,2.939341,30.405861,31.969735,11.226435,-6.138505,-4.088554,8.68658,14.959968,11.671543,10.277123,17.784842,25.57491,20.185502,0.876358
-6.588876,-11.755586,-5.839819,7.775813,16.829471,12.617308,-1.025735,-12.173298,-13.395304,-8.314777,-5.469451,-7.392545,-7.620861,1.296974,18.031562,31.677131,30.897078,14.143256,-8.350134,-22.228834,-19.745577,-5.114441,9.331696,12.906952,4.418241,-8.239009,-15.996752,-16.415898,-13.951853,-13.161922,-12.927397,-8.393794,1.876919,12.446769,15.877016,10.546718,2.36901,-1.434514,0.833921,5.253684,7.701503,7.554215,6.114812,3.660147,-0.051586,-3.216081,-2.600042,2.069848,6.034457,4.206768,-2.040557,-5.158197,-0.177443,7.997915,8.663249,-2.469081,-16.900559,-21.241014,-11.376938,2.932419,8.396904,2.047595,-6.44128,-5.729786,5.447088,17.769877,20.949334,12.56866,-1.526235,-13.085165,-16.859274,-12.451748,-3.881221,2.191245,0.370854,-8.613955,-16.927433,-15.745393,-4.120261,8.704473,11.463528,2.165209,-9.289093,-10.501462,1.34113,16.958844,24.262551,19.672955,10.401952,6.445488,10.996836,18.317276,19.92578,12.350458,-0.567082,-11.91818,-17.820136,-19.751801,-21.498077,-24.11738,-24.157909,-17.245326,-3.696279,9.818967,15.160088,10.064707,0.694195,-3.666616,1.021577,10.190894,15.452737,12.537674,4.538122,-2.213872,-4.810574,-6.099728,-10.780434,-19.728178,-28.362552,-30.424861,-23.196284,-9.179949,6.806254,21.501234,33.768947,41.737435,40.962887,27.641681,4.894272,-15.247067,-19.159189,-3.686385,18.766139,29.211003,18.523146,-4.18151,-20.134291,-18.631841,-6.523076,-0.336352,-9.47438,-27.293768,-37.916597,-30.84936,-9.451456,12.73234,22.392067,14.836044,-3.906893,-20.740549,-23.105433,-7.675336,15.509337,28.950248,21.580733,-0.810894,-19.579193,-19.413306,-1.484241,19.291704,29.210911,26.830005,19.675487,13.02338,5.110056,-6.573548,-17.774903,-19.805988,-9.630935,4.855139,11.588456,5.982813,-5.394514,-12.476878,-11.413142,-6.158475
1.128017,-10.293478,-15.729416,-8.650414,4.949387,13.209039,11.620197,7.461667,10.393683,20.43585,27.343856,21.615713,3.950341,-17.030336,-34.128834,-45.57616,-49.993299,-41.786688,-16.269589,20.1651,49.022392,53.286751,33.153572,6.467822,-7.863015,-6.198112,0.809052,3.676075,4.895287,12.434553,24.920621,28.267874,10.152358,-23.31581,-48.913882,-46.756174,-19.598073,8.955202,15.6548,-2.671085,-28.744067,-41.513711,-32.549697,-8.760648,16.661304,33.918196,39.613575,34.685729,22.169563,6.46415,-7.362976,-14.993657,-14.051262,-4.719189,9.364316,20.513024,19.629641,3.128398,-21.01148,-36.022933,-28.953683,-2.746491,24.853544,36.172337,28.182487,12.328918,0.875616,-4.473742,-9.62725,-16.464066,-18.498544,-9.981171,3.522436,8.348181,-1.830105,-16.671357,-19.076922,-4.709154,11.666363,11.90268,-4.855069,-20.689354,-19.050006,-3.309156,8.163577,4.607835,-4.070587,0.005437,19.155316,34.677409,27.550961,1.795409,-17.59551,-11.313491,12.793701,28.007996,17.606658,-8.043688,-24.502612,-20.347053,-7.476444,-4.571447,-14.578678,-22.318301,-13.509075,7.965455,24.031951,21.773829,5.867992,-8.179136,-10.189285,-2.947597,4.114981,5.138501,1.056708,-4.070302,-6.607994,-3.901077,4.954121,16.642061,23.76199,20.776091,10.45276,1.802973,-0.39781,-2.40264,-14.379163,-35.681907,-50.476446,-41.971557,-11.448936,19.837602,30.151286,17.995382,1.553265,-2.12779,5.38734,8.773293,-0.979018,-15.209764,-17.473411,-2.14994,19.626101,31.954301,28.992886,16.867625,4.080956,-5.867948,-12.402937,-13.184634,-5.915879,5.704077,12.185316,7.372652,-3.952088,-10.60585,-7.542656,-1.268593,-1.01861,-6.566141,-8.535302,-1.609394,6.130153,1.100296,-18.431421,-36.511855,-34.158426,-9.497155,19.092854,30.803965,21.960078,6.852253,0.815014,5.299834,10.111865,7.363934
-11.461786,1.503464,20.020761,30.21815,23.322927,2.239606,-21.186995,-33.837856,-28.25006,-6.651994,18.88134,32.22099,24.233984,1.46947,-17.129965,-15.606629,4.622793,25.81463,30.266871,16.058604,-3.195921,-13.094012,-11.619722,-7.959889,-10.477555,-17.955156,-22.481458,-18.734069,-8.782292,1.425395,8.088193,11.210027,11.87093,10.236918,6.944937,4.807996,6.923807,12.434534,15.482877,10.20513,-2.614191,-14.752381,-17.644216,-10.609787,-1.405561,1.834662,-1.426005,-5.139743,-5.254407,-5.146863,-10.528631,-19.616895,-21.721923,-8.521232,13.871809,27.620514,20.613429,0.407241,-12.043946,-3.775228,16.566331,28.02493,19.323293,-0.580415,-13.73028,-11.815545,-1.324776,7.604368,12.339382,15.697649,16.747317,9.719542,-6.389081,-21.592685,-23.349063,-11.365657,-0.034933,-3.446982,-19.453127,-31.333914,-25.167588,-3.211986,20.218358,32.953809,32.566839,22.428663,6.019812,-12.341522,-25.066499,-25.52035,-15.930535,-7.092922,-6.804863,-10.213092,-5.629627,9.651527,23.468139,22.016604,7.131372,-4.129218,1.605828,18.811137,29.567277,23.392202,6.67223,-7.616074,-14.600426,-18.200498,-20.059285,-14.589275,2.096679,22.460569,32.280381,25.286316,8.793248,-6.951784,-20.79494,-37.236652,-52.728789,-52.929137,-28.636424,8.529533,33.143031,30.955059,13.051369,1.733461,4.945221,10.161668,4.006927,-8.594003,-10.72997,3.124794,17.710277,14.985311,-2.580095,-13.393025,-2.351831,20.291295,29.984357,15.659591,-8.687349,-21.093531,-15.602286,-5.186164,-3.096884,-7.522744,-7.437355,0.44927,6.629423,1.821703,-9.252243,-11.435743,3.476739,25.768536,35.925626,23.174464,-4.582137,-28.179372,-33.407467,-21.122905,-4.191246,4.131161,0.377924,-7.72888,-9.001229,0.898036,15.406259,23.115705,18.363924,5.954008,-4.538598,-8.275102,-8.042276,-8.352866,-9.067269,-6.598518
12.000206,16.031494,17.812872,16.554862,12.162333,5.231767,-3.016484,-10.891947,-16.569,-18.622936,-16.592492,-11.250089,-4.335786,2.188084,6.97024,9.694144,10.838209,10.972941,10.137789,7.799354,3.464865,-2.496837,-8.501407,-12.27193,-12.047318,-7.760639,-1.404053,3.743582,4.659224,0.05295,-9.003385,-19.567218,-28.089299,-31.767189,-29.403201,-21.563129,-10.192477,2.025857,12.376345,18.800972,20.492054,18.194341,13.97772,10.40987,9.400339,11.272683,14.599586,16.953214,16.19562,11.608928,4.266515,-3.494825,-9.138762,-10.942405,-8.525741,-2.82153,4.31795,10.651413,14.123394,13.471002,8.753058,1.518048,-5.678587,-10.389531,-11.525432,-9.966307,-8.006464,-7.824689,-9.908686,-12.544109,-12.862715,-8.872227,-1.106405,7.338968,12.57206,12.377405,7.70364,2.061365,-0.849049,0.319636,3.641797,5.328687,2.53319,-4.415472,-11.968616,-15.616687,-12.934941,-5.320603,2.787067,6.67994,4.27173,-2.795054,-10.439396,-14.790039,-14.316477,-10.101868,-4.36313,1.423102,7.284104,13.913251,21.087937,26.825771,28.18198,23.259554,12.955665,1.028596,-7.774821,-10.385025,-7.107874,-1.232111,3.145799,3.58014,0.407855,-4.045768,-7.422951,-8.955369,-9.642102,-11.024038,-13.625096,-16.296322,-16.937793,-14.010392,-7.692731,0.13419,6.988554,11.127694,12.2154,11.022505,8.621593,5.821437,3.214537,1.549164,1.787478,4.502436,8.97013,12.816513,12.876952,7.068652,-3.832747,-15.845078,-23.439321,-22.477079,-12.714761,1.755847,14.575721,20.57244,18.548658,11.703807,5.427269,3.82843,7.152224,11.674777,12.13709,5.217332,-8.083199,-22.602328,-31.669761,-30.739718,-19.94799,-4.175202,9.395774,14.883087,10.553946,-0.521848,-12.245095,-18.660345,-16.847957,-8.102016,3.074239,11.482234,13.85668,10.260353,3.640398,-2.04774,-4.017836,-1.936987
9.004946,-17.12153,-43.532662,-55.786578,-47.857018,-28.53755,-13.9162,-13.173044,-22.278273,-30.862922,-32.915634,-29.566932,-23.687663,-15.677453,-5.723777,2.837681,6.045781,5.16727,6.853187,15.460985,26.809269,32.16002,28.155678,20.082159,14.302412,10.343173,3.779589,-4.171472,-5.068455,5.49289,17.716049,14.442385,-9.440332,-37.503899,-45.918155,-27.541151,0.807132,16.335913,13.294862,5.754242,9.028015,22.517621,32.734915,30.28285,19.605994,11.573897,10.092447,9.059195,1.510292,-11.35699,-21.229575,-20.826158,-9.660619,6.703339,20.529522,25.032892,16.666008,-2.761846,-25.919879,-43.443183,-48.968514,-41.746518,-26.000213,-9.401262,-1.251895,-8.001304,-26.745672,-43.859175,-44.518548,-26.580035,-3.40822,10.130225,13.872892,20.657418,37.093719,50.801887,43.165011,14.976981,-7.573171,1.245969,36.424066,64.447208,58.719296,28.358358,6.426174,11.29164,27.081239,25.903007,3.611889,-15.118084,-8.141426,15.661043,25.867158,5.919697,-28.684054,-49.981785,-49.206196,-42.525705,-47.27238,-60.623686,-65.871884,-54.66394,-35.54794,-20.440981,-9.972334,2.707404,17.445087,24.272268,17.115632,4.690203,2.175199,13.373167,26.529356,29.288672,23.160137,19.056108,21.130846,21.58795,13.657253,4.534495,9.117336,30.657762,52.793792,54.491378,31.460181,-0.160086,-20.733584,-24.547078,-20.097214,-17.389672,-19.007276,-22.376869,-25.529116,-27.664214,-26.566371,-19.703531,-8.579942,0.765015,3.338653,-0.033346,-4.881531,-8.490955,-10.658681,-9.967929,-3.517538,7.412279,14.723386,11.620965,3.541001,5.422226,23.585637,42.812875,38.213384,2.924269,-39.846201,-57.336636,-39.393397,-6.092006,17.190237,26.62899,36.75799,53.439909,59.417778,32.89664,-22.776757,-75.741564,-94.74635,-77.724885,-47.916186,-24.870695,-6.151412,20.524597,53.403722,72.611832,60.997901,24.288014
-0.572008,1.191181,-0.932889,0.398584,9.603692,18.828601,15.320333,-1.202045,-13.888718,-6.331305,16.680359,31.640549,22.12005,-1.531686,-13.006321,-0.01421,21.63595,26.585451,8.851294,-13.212729,-20.493447,-14.974412,-12.942899,-19.782807,-20.634139,-1.089613,27.760362,34.651093,2.887778,-44.906476,-64.576066,-35.675522,14.877827,38.941886,16.850643,-22.669682,-34.124386,-4.160423,35.046207,41.5392,8.71709,-28.874196,-33.692135,-4.368859,25.917585,27.124575,2.597788,-19.931537,-22.078356,-12.146431,-7.837452,-9.343134,1.207835,32.420229,64.097162,64.093454,25.436048,-20.512885,-34.033857,-8.645778,22.921642,25.668962,-0.01133,-22.413123,-17.465107,4.280952,12.978911,-3.89642,-28.253326,-35.015144,-21.218981,-5.482886,-2.113393,-4.844001,0.444047,13.65439,19.548976,8.589506,-9.343165,-17.209809,-12.564476,-9.429229,-17.799606,-28.75497,-26.009402,-9.015271,3.881176,-1.780088,-16.624174,-17.045527,6.206459,35.764572,47.128043,36.098147,21.444441,21.568525,34.800035,45.24248,42.782024,31.009547,16.81112,0.124973,-21.455453,-42.62571,-52.709793,-49.006158,-41.327567,-38.543306,-34.36081,-13.969536,23.827222,57.73158,63.2637,39.258511,9.071103,-5.920889,-8.44146,-16.517361,-36.326796,-52.03501,-45.382929,-19.432018,3.843942,8.385612,-0.303226,-6.514973,-4.993261,-3.255289,-5.305235,-2.54965,13.310627,33.340801,36.872409,16.634295,-8.132066,-10.503008,13.26468,38.0064,37.283019,12.45017,-10.381735,-10.48244,6.221571,17.430641,10.62445,-6.323322,-18.577685,-21.260511,-19.869915,-18.82736,-16.454997,-11.492473,-8.06342,-9.346069,-9.224701,2.928149,26.846355,45.363113,39.371799,9.1369,-23.214205,-34.81176,-23.972239,-8.92643,-6.094969,-13.264509,-15.463827,-4.393018,11.73365,17.718786,7.653715,-10.116472,-22.5229,-23.472563,-15.930282,-5.19681
-0.869384,-2.276342,-4.438571,-6.316032,-6.929697,-5.800153,-3.00463,1.044658,5.785014,10.448491,13.898116,14.715428,11.771119,5.073941,-3.701573,-11.581717,-15.599432,-14.383947,-9.032921,-2.598523,1.624448,2.003495,-0.531389,-3.183226,-3.145166,0.571574,6.503845,11.672107,13.443763,11.115559,6.242761,1.587982,-0.566882,0.333981,3.029253,5.439804,6.036262,4.705381,2.640385,1.415525,1.87749,3.54412,4.86054,4.152218,0.718478,-4.575459,-9.590723,-11.997463,-10.594111,-6.114922,-0.993046,1.891754,0.830579,-3.679587,-9.161088,-12.576822,-12.10604,-8.148544,-2.891114,1.275198,3.384523,4.397481,6.181135,9.700045,13.807126,15.677037,12.752294,4.887337,-4.92914,-12.01255,-12.810155,-7.271531,0.909211,6.473886,5.845341,-0.685871,-9.269094,-15.050131,-15.227274,-10.578347,-4.550352,-0.702498,-0.361672,-2.064223,-2.991174,-1.189907,3.070899,7.689311,10.391467,10.313699,8.353345,6.184254,4.865155,4.189343,3.217322,1.421771,-0.609073,-1.54435,-0.447471,2.309754,5.177616,6.553257,5.993195,4.490499,3.541383,3.746434,4.141735,2.925039,-0.890178,-6.201266,-10.072077,-9.557928,-3.895501,4.560039,11.476685,13.128337,8.710267,0.80599,-6.315714,-9.400476,-8.075153,-4.691207,-2.402215,-2.932978,-5.605301,-8.178305,-8.723062,-7.067454,-4.774272,-3.774137,-4.771366,-6.651852,-7.317024,-5.290905,-0.902956,3.798464,6.311243,5.224615,1.02619,-4.262042,-8.249287,-9.336553,-7.236638,-2.766854,2.710639,7.766195,11.147272,11.941167,9.838565,5.441785,0.318083,-3.468571,-4.269344,-1.730053,2.945059,7.604226,10.330506,10.487978,8.978955,7.552206,7.603931,9.224462,11.07333,11.146421,7.973556,1.562704,-6.420504,-13.326228,-16.710015,-15.471931,-10.412186,-3.924328,1.079627,2.555233,0.363342,-3.610795
2.825402,5.824753,7.488916,4.202161,-4.478819,-15.117328,-22.806578,-24.966299,-23.513391,-23.476152,-28.858228,-38.861089,-47.567433,-47.716044,-36.042538,-16.241409,2.874501,12.986972,11.773549,4.336211,-0.549351,3.268127,14.974939,27.514739,32.810642,27.670723,16.098681,6.37495,5.061968,12.257831,21.449108,23.988093,15.000284,-3.310612,-22.996408,-35.13474,-34.710445,-22.636012,-4.233574,14.127391,27.777843,34.537049,34.004284,26.77693,14.491085,0.274107,-11.553373,-17.12481,-15.226603,-8.326507,-1.238727,2.030805,1.123776,-0.347759,2.505103,11.918275,25.19114,35.907084,38.015145,29.975031,15.992231,3.367165,-2.270898,-0.571342,3.537713,3.370442,-4.965989,-20.067032,-36.289901,-47.405823,-50.248407,-46.040385,-38.878667,-32.764968,-29.272242,-27.147418,-23.673884,-16.599387,-5.458726,8.131413,20.943175,28.997554,28.725452,18.457473,-0.114357,-21.425676,-37.430058,-40.917129,-29.336829,-6.825975,17.258857,32.990664,35.216241,26.34,14.671093,9.225834,14.206519,26.635866,38.572724,42.3417,35.3133,21.23137,7.503515,0.514931,2.098543,9.198696,16.452533,19.590554,17.409257,11.454847,4.258174,-2.297305,-7.474113,-11.234848,-13.745484,-15.415903,-17.189425,-20.298604,-25.162719,-30.149003,-31.53515,-25.421556,-10.785931,8.455184,24.370243,29.077289,19.725181,1.031957,-16.788369,-23.92163,-17.118838,-2.033682,10.094218,9.535183,-5.566999,-27.763504,-44.834856,-47.386479,-34.557156,-14.155903,2.726932,8.92278,5.371709,-0.380443,-0.1273,8.848382,21.700613,29.4206,25.321619,10.115062,-7.935589,-17.952398,-13.232924,4.535562,26.299757,41.104907,42.395946,31.21602,14.600143,0.655233,-6.201521,-6.843432,-5.305206,-4.957118,-5.97762,-5.872074,-2.346722,3.953193,9.183792,8.909384,1.678519,-9.218318,-17.383052,-17.434878,-8.792502,3.647352
-15.521378,-10.188144,-2.669626,4.047385,7.692294,7.568531,4.343332,-0.817874,-6.973138,-13.454134,-19.376362,-23.232821,-23.128892,-17.666651,-6.91243,7.254248,21.707975,33.240967,39.647237,40.200653,35.484311,26.933419,16.473819,6.323517,-1.283725,-4.676933,-3.503629,0.823844,5.479986,7.416972,4.837671,-1.890189,-10.434596,-17.690682,-21.246052,-20.311246,-15.7432,-9.387662,-3.275685,0.937608,2.276297,0.675993,-2.821553,-6.184618,-7.141811,-4.47671,0.842714,5.661985,6.206512,0.55637,-9.542148,-19.012222,-22.15592,-16.27339,-3.818854,8.59551,14.039098,9.625222,-1.493819,-11.974028,-14.900224,-8.171088,4.290042,15.321651,19.394037,16.206346,10.547306,8.581505,13.233769,21.959938,28.478373,27.219916,17.342544,3.494776,-7.17593,-9.660538,-4.194769,4.168922,9.029794,6.646334,-2.163403,-13.189485,-21.848066,-25.753179,-25.234436,-21.957684,-17.205564,-11.361151,-4.842122,0.692177,2.37309,-2.15078,-12.428575,-24.287038,-31.442137,-28.982572,-16.529087,1.153649,16.707433,24.364765,23.094911,16.732407,11.153172,10.507941,15.010696,21.529792,26.211138,27.052744,24.638804,20.807503,16.624015,11.453153,3.90904,-6.155372,-16.387475,-22.684033,-21.686826,-13.334297,-1.563985,7.544907,9.139944,2.358377,-9.256472,-19.889477,-24.726659,-22.346124,-14.936986,-6.524479,-0.543679,1.752324,1.37077,0.512704,1.266998,4.757083,10.842424,18.101607,23.946695,25.090322,18.688175,4.030228,-16.06766,-35.348965,-46.29085,-43.682275,-27.721915,-4.606109,16.176938,26.632144,24.439257,13.983311,3.493363,-0.043466,4.923929,13.815259,19.127441,15.463651,3.149271,-11.852887,-21.602622,-21.009255,-10.754967,3.410279,14.329644,17.556399,13.344963,5.545137,-1.458274,-5.467569,-7.087505,-8.168192,-9.594455,-10.273252,-8.087271,-1.968314,6.656854,14.311665
13.533709,10.143029,2.733714,-8.053515,-20.380485,-31.455657,-38.199397,-38.333667,-31.572079,-20.253321,-8.765466,-1.64756,-1.132423,-5.54552,-9.815387,-8.248033,1.780164,17.46567,31.354086,35.268961,25.314229,4.851024,-16.727439,-29.095897,-27.066826,-13.812525,1.032992,7.471905,1.689518,-11.232197,-20.424714,-16.39618,2.311012,27.414494,45.501406,46.198945,28.717125,2.5061,-18.464956,-24.157216,-14.225616,2.510018,14.319606,14.246402,4.134905,-7.445229,-11.627621,-5.418153,6.601519,15.949295,16.416581,8.247867,-2.525609,-8.82874,-7.664431,-1.799798,3.077134,3.334536,0.484961,-0.1635,5.645369,16.573965,25.276256,22.967662,6.010045,-20.286251,-43.785705,-52.622356,-42.669092,-20.271864,1.75171,12.236425,8.441302,-3.053572,-11.722617,-10.763466,-1.57104,8.042416,10.343019,3.919935,-5.053,-7.542049,1.130365,17.032577,29.727396,29.495019,14.587552,-6.80607,-21.574405,-20.417198,-4.303614,15.877415,26.343472,19.39673,-1.678517,-24.971488,-37.752161,-34.333394,-18.819336,-1.321655,9.257688,10.676572,7.490755,6.368173,10.472995,17.181387,20.621305,16.805836,7.243018,-1.815003,-3.930503,2.617468,13.315618,20.478855,18.68169,8.605144,-3.473124,-10.128952,-7.939189,0.330386,7.920501,8.903734,2.102361,-8.589835,-17.420706,-20.914798,-19.832754,-17.704379,-17.376979,-18.486383,-17.912529,-12.825223,-3.785069,4.784389,7.444662,1.96306,-8.304656,-15.941414,-14.190147,-1.727125,15.916578,29.510085,31.935218,22.824811,8.875939,-0.468373,0.810291,11.307518,22.979488,26.211596,15.943473,-4.983637,-27.262854,-40.351488,-38.274752,-22.638198,-1.348622,15.88118,22.479009,17.727113,6.134248,-5.68447,-12.588458,-13.039137,-8.97328,-3.938702,-0.795003,-0.249264,-0.842562,-0.178682,3.396001,9.587667,16.05502,19.481278,17.29784,9.18128
-11.795653,-15.698101,-15.757087,-12.10694,-6.602655,-1.928916,-0.398992,-2.941179,-8.627345,-14.915673,-18.587223,-17.115207,-9.943983,0.967457,11.773166,18.414851,18.576789,12.859814,4.450356,-2.593187,-5.469214,-3.934669,-0.050124,3.381261,4.632734,3.992601,3.329863,4.699737,8.947297,15.135136,20.995136,23.982674,22.302159,15.50494,4.627455,-7.992978,-19.178009,-25.718374,-25.498373,-18.556025,-7.436677,3.629546,10.545995,11.2556,6.601179,-0.432348,-6.621325,-10.284787,-11.755769,-12.313296,-12.506595,-11.283137,-6.723059,2.097599,13.575114,23.731093,28.21927,24.9435,15.476083,4.216386,-4.206783,-7.545332,-6.81438,-4.960639,-4.411069,-5.339584,-5.864626,-3.894141,0.89352,6.490223,9.841552,8.971097,4.323773,-1.659002,-6.35019,-8.716553,-9.731663,-11.191597,-13.946995,-16.984912,-18.086948,-15.535872,-9.529932,-2.213029,3.681041,6.511208,6.474035,4.934608,3.005819,0.620014,-3.096324,-8.437184,-13.912908,-16.394183,-12.805768,-2.368107,12.165389,25.300859,31.388216,27.60279,15.629297,1.069612,-9.15003,-10.05657,-0.9881,14.054146,28.177018,34.672397,30.047122,15.672441,-2.730827,-17.643629,-23.25177,-18.244243,-6.440569,5.207772,10.292371,6.332548,-4.042874,-14.810594,-20.143121,-17.708815,-9.714062,-1.170023,3.371725,2.466582,-1.800169,-5.653092,-6.285471,-3.509822,0.531372,3.092113,2.587233,-0.774467,-5.610211,-10.404308,-14.029097,-15.532856,-13.821003,-8.003417,1.538228,12.257762,19.877684,20.463788,13.068961,1.057039,-9.212806,-11.924032,-5.44133,6.421185,16.553064,18.877738,12.062442,0.159741,-10.199838,-14.099574,-11.191091,-5.290948,-1.237938,-1.405989,-4.353099,-6.393488,-4.71509,0.373021,5.688352,7.605174,4.763787,-0.933763,-5.65348,-6.173982,-1.776882,5.698754,13.344711,18.867197,21.257683,20.327358
19.13634,28.729065,29.5303,7.880079,-33.307251,-73.27211,-89.535424,-75.899964,-45.627283,-18.789392,-7.127991,-8.744639,-13.362494,-11.007756,1.662518,19.10935,29.820803,24.996795,8.322862,-3.322238,6.504669,35.789045,60.95064,56.56464,21.429009,-16.319502,-23.769411,5.040297,42.610115,54.359163,31.376732,-3.56568,-21.372075,-15.532146,-5.197493,-12.173305,-38.048843,-63.930499,-69.241425,-48.532671,-12.619271,21.208816,38.302742,31.401262,4.117838,-27.832551,-43.931612,-34.225658,-9.244587,8.926387,8.776119,1.651287,8.932919,36.564412,65.356679,69.111853,41.360675,1.746461,-23.721684,-25.776748,-14.698655,-4.556975,-0.114154,0.748843,-1.905411,-10.516549,-22.447599,-28.177787,-21.036125,-6.423518,3.201228,2.924734,1.055362,7.866824,21.538941,29.728286,25.056072,14.359319,9.51221,11.909723,11.15872,-0.350283,-16.532589,-25.014093,-22.867676,-19.414649,-22.385127,-26.649135,-21.64813,-7.937088,0.493973,-6.511303,-19.999929,-19.942415,1.078237,27.160277,35.329798,20.123272,-1.83868,-10.918852,-3.402771,10.093556,20.080083,26.044021,29.57756,26.816587,13.132596,-6.783828,-19.577431,-16.165023,-0.871378,14.81775,24.883822,30.968617,33.241805,25.895731,6.225218,-15.525102,-23.19592,-14.267733,-7.142042,-22.545059,-57.683725,-84.334878,-76.296735,-37.118677,2.317196,13.164405,-6.646127,-35.229096,-48.576101,-36.995609,-5.346595,34.106838,66.41404,78.312049,66.608025,43.91987,30.82062,37.606152,54.455249,62.148952,51.749249,30.761232,10.456752,-7.54343,-28.266097,-50.255255,-62.452737,-56.700343,-38.959472,-23.345154,-16.498995,-13.126109,-7.816637,-5.225025,-12.955489,-26.811312,-30.990676,-16.59313,4.707635,11.714139,-1.756196,-18.696182,-17.623446,4.268861,30.254176,43.464481,41.199367,29.950214,13.973513,-4.883924,-19.727553,-20.651087,-7.724743,4.761621
11.918659,13.678932,10.046316,2.392692,-5.271528,-8.915801,-7.358781,-3.310332,-1.677433,-6.141753,-16.322286,-27.551889,-33.557359,-30.329927,-18.621057,-3.418091,9.187466,15.57564,16.238339,14.551302,13.79304,14.699878,15.320839,13.133217,7.649291,1.373564,-1.764956,0.582002,7.018196,12.860411,13.124945,6.048976,-5.373811,-15.075355,-17.808463,-12.642669,-3.63623,2.842359,2.362917,-4.633305,-13.217274,-17.399298,-14.235787,-5.796495,2.334111,4.949999,0.804582,-6.575009,-11.352856,-9.378467,-0.950213,9.494766,16.442877,16.922181,12.19127,6.463496,3.743332,5.113395,8.357422,10.022306,8.241453,4.155907,0.898321,0.977492,4.113449,7.227236,6.652976,0.941252,-7.862206,-15.476292,-18.315514,-15.961158,-11.344461,-8.478769,-9.388943,-12.507884,-13.769721,-9.670731,-0.111726,11.060342,18.296061,17.905726,10.548552,0.989759,-4.693869,-2.631984,6.777687,19.356838,29.601698,33.43354,29.70474,19.989878,7.304972,-5.213852,-15.069999,-20.695981,-21.667097,-18.953766,-14.862413,-12.244099,-13.068491,-17.158775,-22.078862,-24.521784,-22.445178,-16.496311,-9.621972,-5.029007,-3.933864,-4.794711,-4.660593,-1.63644,3.484421,7.812128,8.839284,6.871792,5.316454,8.270852,17.022073,28.169167,35.149794,32.50488,20.015663,3.614344,-7.946827,-8.666044,0.668417,12.874069,19.100772,14.72334,2.33987,-10.205961,-15.368315,-11.079885,-1.918285,4.503052,3.2504,-4.275561,-11.401247,-11.19006,-1.773071,11.869048,21.0108,19.040517,6.008424,-11.254583,-23.472509,-24.718193,-15.81159,-3.265175,5.206529,5.425414,-1.309499,-9.962786,-15.547588,-16.19109,-13.594709,-11.037672,-10.710236,-12.323366,-13.729553,-12.767836,-8.84091,-3.20375,1.965274,4.843377,4.74356,2.167596,-1.525752,-4.446129,-4.479544,0.133016,9.842048,22.907698,35.397648,42.555163
0.122666,6.130841,10.681902,12.309629,10.825757,7.192736,2.977088,-0.307331,-1.77908,-1.590762,-0.994147,-1.855863,-5.595198,-11.964906,-18.490956,-21.27798,-17.118449,-5.819293,8.846747,20.580827,23.920649,17.606078,5.705337,-4.512671,-6.876446,-0.136595,11.190376,19.604087,19.290744,9.680081,-4.359933,-15.678433,-19.144205,-14.286875,-4.804401,4.298528,9.685059,10.789973,8.758702,4.635212,-1.402618,-9.133406,-16.772989,-20.655712,-17.028514,-4.993364,11.682822,25.732101,30.315676,23.321219,9.009873,-4.414115,-9.947311,-6.273317,1.487308,5.351013,-0.02487,-13.66165,-28.900698,-37.860386,-36.565351,-27.195786,-15.996532,-8.477102,-5.427449,-2.642271,5.441669,20.822304,39.330646,52.403768,52.274167,37.216092,13.326622,-8.50119,-18.680884,-14.407069,-1.166201,10.625824,11.834619,-0.008267,-19.25745,-35.400461,-39.059836,-27.317804,-5.414863,16.03604,26.704913,21.954417,5.119167,-14.466496,-26.51513,-25.137822,-11.669524,6.410674,19.705567,21.87149,12.666089,-2.402563,-15.373724,-20.081547,-15.028817,-3.541501,8.529459,16.023157,16.80944,12.222184,5.733568,0.886376,-0.356275,1.828915,5.644825,8.796279,9.634937,7.889148,4.749982,2.285476,2.37961,5.64013,10.856845,15.429731,16.683175,13.385512,6.528416,-1.22229,-7.15108,-10.161627,-11.34175,-12.989798,-16.762591,-22.28608,-27.285571,-29.190966,-27.046925,-22.275476,-17.665431,-15.314493,-15.095996,-14.871333,-12.334417,-7.058786,-1.067435,2.673501,2.794072,1.108695,1.821693,8.64293,21.752677,36.861482,47.266509,47.725559,37.647624,21.507232,6.251685,-2.543488,-3.305058,1.578129,8.006254,12.772905,14.745126,14.198983,11.378725,5.801614,-3.028666,-14.223253,-24.875493,-31.09831,-30.252938,-22.806774,-12.378694,-3.798745,-0.449527,-2.652206,-8.042227,-13.413195,-16.545976,-16.797162
2.912039,-3.112245,-15.620484,-28.241991,-31.647386,-22.446015,-7.617424,1.852097,2.416364,1.78334,10.108888,28.137459,45.833136,52.924309,48.825031,40.655546,32.98358,22.783588,5.670208,-15.483415,-31.491947,-36.58514,-34.345963,-32.060975,-30.9298,-25.221982,-11.73742,3.07394,8.665316,2.685029,-5.371216,-4.576372,4.804213,11.390413,5.358973,-10.952649,-25.9081,-30.259995,-24.12778,-13.416679,-2.66186,6.745712,13.223474,13.611783,6.718054,-3.195213,-8.471113,-4.066274,8.775792,24.088851,35.120325,37.243478,29.861125,17.87367,10.294361,13.886129,26.014034,35.157294,31.137774,15.297547,-1.20453,-9.900618,-13.834661,-21.848819,-35.351273,-44.692229,-40.807617,-28.089998,-21.577189,-30.300252,-46.169203,-51.868798,-38.745351,-14.320963,7.54357,20.224625,25.941369,27.051354,21.609021,9.585403,-0.739674,1.740602,18.128982,35.932884,41.270798,33.244817,23.100392,19.461516,18.457363,11.064072,-2.519866,-11.030494,-6.135936,5.534042,8.5576,-3.532175,-20.655969,-28.283894,-24.312024,-19.896266,-23.540391,-28.745144,-21.251327,2.338423,27.204748,34.018645,18.940771,-2.214936,-10.076507,-0.671631,12.091535,11.495331,-5.740546,-27.58511,-39.051,-35.393506,-23.950755,-14.638393,-9.720952,-3.104264,10.79582,28.641818,40.125748,39.072248,31.371435,29.306161,36.820486,42.414336,30.001379,-2.231281,-36.260178,-50.2241,-39.687974,-20.577144,-10.531455,-10.48595,-7.753976,4.425948,16.13211,12.814786,-4.972754,-19.771945,-16.863798,-1.567573,7.388226,0.396899,-12.457753,-15.414549,-7.10098,-0.793128,-4.97672,-10.234454,-0.674795,23.882518,43.817624,40.624886,18.03539,-2.544683,-6.712307,-1.639586,-3.41434,-14.241123,-18.863689,-4.802573,19.28061,30.642828,17.10656,-9.818145,-27.923324,-26.859175,-14.415611,-2.691106,5.731962,14.928163,23.239646,20.712872
5.309151,1.316633,-1.188774,1.556459,5.019996,1.748416,-8.341781,-15.985297,-12.274292,1.144409,13.499626,16.184239,10.730718,5.072362,3.891633,4.774957,3.348157,-0.486799,-3.007487,-2.059923,0.250272,0.601679,-1.44093,-3.492345,-3.617194,-2.075955,-0.035745,1.734356,2.127059,-0.749272,-7.097734,-12.527099,-10.115131,2.276698,16.981747,21.166722,8.515192,-13.504302,-28.974784,-26.981236,-10.387595,7.84261,16.16857,12.70214,3.98211,-2.272259,-2.844725,0.729059,5.365085,9.036754,10.897743,10.034494,5.054439,-4.423813,-15.562511,-22.141544,-18.211924,-3.62487,13.735158,22.638862,17.382086,2.95351,-8.986742,-10.116318,-2.053575,6.569086,9.066696,6.428832,4.574337,6.957036,10.638242,9.539587,0.980672,-11.215615,-19.78593,-20.050969,-13.45759,-5.880639,-2.493941,-3.674142,-5.336415,-3.252212,2.65535,8.079253,8.339013,2.66016,-5.331866,-10.844801,-11.219184,-6.559573,1.337561,9.492266,13.937325,11.72604,4.288738,-2.131465,-1.64779,4.789512,9.524286,6.512719,-0.934259,-2.881118,5.707659,17.706906,20.321611,8.946227,-7.416225,-15.694912,-12.225046,-4.669282,-1.220319,-1.288594,0.919909,5.745653,5.536656,-5.329895,-20.604753,-26.37265,-16.012937,1.475,10.15632,3.36021,-10.595335,-18.383855,-14.793924,-4.853982,4.501357,11.203276,16.17697,18.34183,14.99879,6.879009,-0.335652,-1.391224,2.855984,6.96765,7.651515,6.840295,7.486411,8.441993,5.823071,-1.004456,-7.367968,-8.513649,-5.422026,-3.402487,-5.155433,-7.374362,-5.313287,0.693261,5.153329,3.648845,-2.615785,-9.015791,-12.528892,-12.954989,-10.2162,-3.346778,6.549864,14.276064,14.266187,6.786427,-1.46091,-4.208501,-2.110382,-0.8728,-3.461943,-6.375685,-4.608868,1.420015,6.126301,5.711194,2.540831,1.382737,2.915667,3.344977
-1.969818,7.366431,14.194453,8.987475,-6.025761,-17.541679,-14.815638,-0.964845,10.850497,11.452804,3.801068,-2.560286,-2.448943,1.129337,2.184371,-2.12199,-10.307686,-18.290991,-20.605519,-12.712696,3.714644,17.763104,16.232448,-2.33629,-21.901703,-21.944985,1.408566,29.492216,39.107793,25.70329,5.922993,-2.618278,0.060681,0.593496,-8.112849,-17.748272,-16.862592,-7.186228,-1.777098,-7.204549,-13.540761,-6.267324,14.277447,30.707913,27.297514,7.426321,-10.529766,-12.963852,-3.183558,5.849315,6.486543,1.315016,-4.080529,-8.186613,-12.286746,-15.938481,-17.057288,-15.116238,-10.771697,-2.402074,12.691865,30.858856,38.997188,24.848224,-7.589943,-36.735031,-41.983182,-23.683587,-1.7136,6.392092,2.745702,2.50384,12.979899,24.594905,23.816653,10.658804,-1.239528,-1.069386,7.257282,11.568337,6.482114,-1.834959,-5.026802,-2.244074,1.360727,2.529812,2.251906,0.8917,-4.426958,-14.8919,-24.84832,-25.599125,-15.031094,-0.871513,7.082597,6.240437,1.140052,-3.783709,-7.520913,-8.43901,-1.789472,14.154889,30.692208,33.053482,15.618207,-9.38832,-22.435169,-16.419944,-3.059005,1.552813,-5.136391,-11.635547,-8.212279,1.555762,6.828573,3.455929,-2.427915,-3.88638,-1.242374,1.700634,5.66292,14.712211,27.023328,32.277973,22.534396,3.794914,-8.248764,-5.463956,3.120021,1.894993,-12.890181,-29.077181,-33.191236,-25.125338,-15.588817,-11.578017,-9.285956,-2.264508,7.844025,12.853143,9.114698,2.690029,1.846117,7.185458,11.943317,10.704162,4.565317,-2.260744,-7.077544,-7.791525,-0.916418,13.978547,27.442831,23.784393,-2.732562,-36.288142,-49.995595,-31.563772,3.528305,27.708687,29.259341,21.01608,20.987936,29.455688,30.214575,12.911731,-12.454613,-26.858908,-24.420901,-17.484484,-19.211374,-26.656732,-25.578348,-9.912517,9.281455,16.332438
-38.409923,-25.760494,1.903188,20.443772,17.041015,3.167761,0.192663,14.424638,30.125932,27.639649,5.202372,-19.574456,-28.100226,-17.31822,1.919643,18.485347,29.268342,35.509221,36.293506,29.077766,14.971924,-0.310894,-11.923951,-20.359757,-29.108322,-39.28385,-48.443678,-53.75342,-53.375375,-44.203164,-22.014405,11.895997,44.794338,58.453187,45.391889,18.415107,0.032186,0.607102,9.106638,7.66755,-6.338517,-16.655441,-7.683886,15.476777,30.210143,19.825337,-8.54711,-30.454255,-26.951067,-0.281159,30.315501,44.747494,34.926187,7.53523,-20.994084,-33.990452,-25.608333,-6.378035,4.742906,-1.553064,-14.43496,-14.292011,3.696849,21.138,16.320018,-8.530959,-26.383185,-15.854151,11.230382,19.996337,-7.86369,-50.200048,-65.806375,-38.374685,6.814893,31.887016,26.651966,14.501512,20.609509,42.569377,56.646923,47.586125,23.896844,3.30805,-8.461625,-17.996124,-27.558496,-28.392219,-14.541652,3.393243,6.980456,-7.475817,-22.540686,-20.259541,-4.688244,3.172933,-7.41998,-22.527736,-21.137654,-2.355356,13.615324,12.720983,6.768315,18.099143,47.194888,65.545508,46.299772,-2.719685,-44.347028,-50.978965,-31.824782,-17.772694,-24.182446,-36.428288,-32.462209,-11.209451,8.338987,12.951746,10.691158,16.951125,31.412621,37.445316,24.838826,5.437877,0.141184,12.895676,24.630396,15.470409,-11.499954,-33.300762,-32.491985,-14.580006,1.300206,4.550627,1.335704,2.057268,6.603085,5.729259,-5.219909,-18.636178,-21.931061,-10.047971,10.739287,29.264026,36.880765,29.733456,8.675689,-19.52176,-42.610248,-49.345276,-38.385334,-19.738798,-5.304542,2.103329,9.078939,21.192205,34.320425,37.949086,26.428292,5.464734,-12.438524,-17.587819,-8.42041,9.575111,27.088516,33.950212,23.588081,-1.283374,-27.596439,-40.128331,-33.682409,-17.168222,-4.446278,-1.225382,-1.964364,0.853862
11.561792,21.507537,20.29299,7.052527,-8.276206,-15.77757,-15.508165,-15.112352,-18.658892,-20.85119,-14.005971,0.717276,12.03772,9.821723,-3.645764,-15.562383,-16.052008,-8.371564,-4.64017,-11.905024,-23.834871,-26.902416,-14.207984,7.605684,24.892895,29.368341,23.691852,16.239789,12.599488,13.059323,16.516784,23.289888,32.083443,36.008526,26.021298,1.372551,-24.543814,-33.034912,-18.104256,4.856224,11.459682,-8.309652,-39.40321,-55.72643,-45.087944,-19.492626,-1.026243,0.391788,-6.121535,-5.773914,5.498169,19.333601,26.593688,26.557911,24.189125,22.253251,19.678713,16.402084,15.205711,16.521224,14.359559,1.883793,-18.387527,-33.635948,-33.102848,-20.292354,-9.644707,-10.45567,-16.945119,-16.429513,-5.388657,6.369302,8.013109,0.429299,-6.361087,-6.595596,-4.879078,-7.500999,-11.654909,-7.977517,6.508188,22.631391,29.057788,25.531677,21.979423,24.428758,26.352407,17.357575,-1.658044,-16.866642,-16.45541,-3.935362,6.528649,6.52917,1.179235,-0.14447,3.372992,4.281672,-1.545431,-8.794435,-10.509279,-8.616703,-11.937588,-23.559124,-34.554236,-33.413197,-19.84392,-5.232064,1.13192,2.606092,9.077909,22.029985,29.993647,20.721073,-4.137967,-28.840272,-37.535542,-26.849855,-5.513174,14.958947,27.343275,29.414969,22.697827,12.460322,6.191265,8.383175,16.187279,22.023891,21.184755,15.45381,8.600187,0.651495,-10.387769,-21.689915,-24.659238,-13.980819,3.808288,14.637058,11.080173,-0.180194,-7.039956,-6.133112,-4.687735,-8.375731,-12.260308,-8.156326,0.861665,-0.235907,-20.72802,-48.502147,-57.904627,-35.560454,4.178526,32.386264,33.394239,17.196794,4.854176,5.679225,11.53399,10.976504,3.469651,-2.553977,-2.086866,0.851003,0.420343,-2.079113,0.494058,11.884037,27.301486,38.007229,38.935236,30.727857,16.505191,-0.166048,-14.098722,-18.999605
68.784715,53.469795,22.009125,5.323504,7.098508,6.55657,-7.599447,-18.741424,-4.607897,29.00988,48.904308,31.321221,-10.612928,-43.826324,-55.241152,-63.600257,-87.748828,-112.451676,-98.21675,-27.715075,65.566763,122.776346,113.878432,62.97024,20.340439,14.278991,32.154992,43.195548,32.091581,9.156448,-5.971208,-4.446371,6.71416,13.772738,7.769092,-9.981414,-29.737878,-40.539193,-38.442194,-29.210851,-22.103906,-20.671571,-21.021048,-19.40115,-18.402503,-22.244483,-27.310918,-23.230767,-6.941274,8.016876,3.361126,-20.678912,-39.367851,-26.947944,14.117334,52.6825,60.321108,39.809966,18.554988,16.264157,25.996913,29.208759,22.349858,19.586572,29.234056,37.25609,22.730272,-12.40396,-38.678027,-29.957214,4.703188,27.403393,11.704499,-27.636365,-49.164605,-27.840404,19.615275,52.385655,45.080047,8.169458,-27.274785,-40.035463,-33.513643,-25.303377,-27.513072,-38.010376,-47.241027,-49.526719,-46.2326,-39.093862,-23.290053,9.17211,56.206141,96.384742,98.617717,48.743703,-30.062936,-87.274849,-83.203763,-22.888842,47.391341,79.554785,62.147575,22.508739,-4.98422,-9.533118,-4.775075,-6.12966,-13.384164,-15.139165,-4.476508,13.969604,30.24383,37.395164,33.145105,18.497221,-0.790852,-13.381782,-9.458454,7.848322,21.056418,13.526783,-12.49053,-35.728596,-36.226128,-15.156117,6.989814,11.00619,-4.31198,-25.164422,-38.149208,-39.784125,-33.371304,-22.428573,-10.11094,-1.836949,-3.012075,-12.467838,-21.061491,-19.763699,-8.76176,3.476286,10.167559,13.024421,18.032789,26.325672,31.911678,28.83557,18.890715,11.195102,14.659119,30.760287,51.520884,62.715312,51.21377,14.780801,-31.648347,-61.699928,-55.754369,-17.763358,26.376661,49.623426,44.250655,22.377582,-1.076384,-22.009679,-43.187817,-61.681574,-66.604306,-50.98049,-22.099375,3.570853,14.981491,13.452402,6.214464,-2.086367
-2.823765,8.122618,19.244474,21.123232,14.101566,6.632231,3.390562,-0.998657,-13.73422,-31.486359,-40.802397,-32.629575,-13.918591,-1.548065,-4.601863,-14.986408,-16.685964,-2.792748,18.063827,30.941143,27.875783,12.379581,-5.742154,-17.376603,-17.695412,-7.320551,7.761794,19.400134,23.454615,23.083241,23.999548,26.291953,23.779224,13.606372,4.023441,7.381544,23.408887,33.602085,18.200416,-20.147373,-54.233681,-58.227193,-34.970077,-13.194181,-15.993657,-35.514088,-42.86117,-21.956784,11.723655,28.789586,18.636545,-0.973656,-7.201136,1.027159,4.783258,-8.140104,-25.555863,-24.500032,0.413134,28.663825,36.029538,21.001101,4.360628,3.40775,12.377029,12.208444,-3.10148,-16.255961,-5.667015,28.157573,59.645543,62.53453,34.998424,-0.55967,-20.349273,-19.113347,-8.758233,-2.461624,-3.886199,-10.057423,-18.925151,-30.284976,-41.086819,-44.620358,-36.816602,-21.849619,-9.026792,-3.860288,-3.57061,-1.620795,4.941002,13.650629,20.518967,23.297316,20.94138,12.85089,1.129053,-7.602376,-6.231583,5.210233,17.686916,21.403868,15.694461,8.394661,4.874536,0.649985,-11.959178,-30.724724,-41.416321,-31.641241,-5.093897,21.333821,34.694966,36.838617,36.55912,34.80978,23.649449,0.824395,-20.49588,-22.955901,-5.951871,10.337089,5.850185,-16.626333,-34.283137,-30.230993,-12.125256,-1.733309,-8.788469,-20.751512,-19.55316,-3.446282,12.36761,14.828277,6.69718,-0.664396,-2.918374,-5.258398,-10.481078,-11.720496,-1.599334,14.785955,22.609641,14.391444,-0.605588,-7.85832,-5.426501,-4.289494,-10.327546,-12.70294,3.527756,35.022363,57.893979,51.857902,22.982731,-3.055646,-9.652866,-5.150434,-7.396021,-18.07279,-20.530448,-4.145835,16.827822,16.302272,-12.398525,-45.075093,-50.595457,-23.840505,9.436845,20.175878,4.260392,-17.956562,-25.769864,-16.775656,-2.747657,6.389194
-0.321813,-11.454838,-19.447143,-18.040473,-8.481595,1.590071,5.150907,1.306084,-5.732549,-11.591835,-14.429691,-13.555489,-8.021469,1.47672,10.16863,11.514675,3.806604,-6.332447,-9.122784,-1.133984,11.285573,18.820282,18.565002,15.327892,14.153005,14.004337,10.503766,3.487583,-1.365405,0.208984,4.168024,1.433304,-11.379605,-26.428439,-31.482704,-21.837873,-4.283787,10.248899,16.138501,14.927216,10.407319,4.800552,-0.512605,-3.88706,-5.432533,-8.559912,-16.074301,-24.032861,-22.750304,-7.255172,13.935573,24.276981,15.726555,-1.736273,-9.83027,-1.240832,13.204586,17.527847,8.319968,-3.230068,-5.922575,-1.015164,1.934962,-1.355278,-5.192341,-3.297883,1.606235,1.655724,-4.154796,-6.977794,0.417717,12.384729,15.375498,4.632332,-8.264549,-7.930081,6.202136,17.868617,12.013732,-7.828154,-23.034563,-20.03371,-3.947159,8.740209,8.43017,0.582633,-3.38467,0.33315,5.420214,4.540091,-2.231893,-8.565921,-9.136438,-4.007355,3.058596,8.299097,9.556694,6.203458,-0.650665,-8.113764,-13.117374,-14.633412,-13.754705,-11.502332,-7.616955,-2.25577,2.16809,2.7371,0.050446,-1.05518,3.708861,12.970159,20.732734,22.617992,19.68513,15.500558,11.263802,6.179688,2.168743,4.631545,15.608693,27.266624,26.10879,6.163453,-23.07968,-44.205231,-47.736725,-39.226866,-30.565921,-26.652193,-22.751052,-13.663389,-1.642052,6.743571,9.3821,10.757764,14.945512,19.485591,18.626039,11.438055,3.742919,1.337133,3.702911,6.281282,7.323483,9.240849,12.755519,13.169329,5.745361,-6.075502,-11.737482,-4.996352,7.59274,12.607935,4.299088,-9.333107,-16.220591,-13.793624,-10.020403,-11.468065,-14.187837,-9.207718,4.58272,17.024201,17.67921,7.880432,-0.97677,-0.734267,4.786614,5.624535,-1.80828,-10.802021,-12.856256,-7.420693,-1.389803,-0.26869
4.43701,9.514771,15.984455,19.988744,17.144571,5.564907,-11.996731,-28.630217,-36.555258,-31.461944,-15.242024,4.72214,19.429453,23.004366,15.487961,2.147566,-9.990564,-16.03503,-15.203996,-10.063401,-4.08718,0.506341,3.287983,4.646553,4.584921,2.51753,-1.778565,-7.066198,-10.656103,-9.884881,-4.128776,4.214874,10.749239,11.64718,6.125711,-2.853806,-10.175435,-11.440683,-5.32181,5.947778,17.991402,26.499692,28.879305,24.687937,15.164501,2.600162,-10.033809,-19.431174,-22.756636,-18.957043,-9.856424,0.013786,5.311333,2.752342,-6.746556,-18.194718,-25.134466,-23.280361,-12.936416,1.363109,13.743884,20.48833,21.835289,20.981272,21.135369,22.819688,23.400145,19.229624,8.906132,-4.708597,-15.313268,-16.581088,-6.174376,12.128924,29.646465,36.869886,28.291449,5.414599,-23.659852,-47.895941,-58.408068,-52.457803,-34.428749,-13.372691,1.565773,5.485984,-0.376916,-10.091657,-16.865266,-17.002736,-11.677575,-5.537703,-3.141017,-5.600658,-9.69331,-10.056876,-3.004868,10.669059,25.890019,36.446538,38.946736,34.827778,28.988589,26.007694,26.669125,27.352316,22.810858,10.396592,-7.333118,-23.608349,-31.484437,-28.185223,-16.765102,-3.981997,4.07466,5.542,3.162042,1.469347,3.048095,6.659393,8.511995,5.546514,-1.86884,-9.909839,-13.946812,-11.865301,-5.582979,0.319939,1.790519,-2.033082,-8.525803,-13.661782,-14.778088,-11.983491,-7.398648,-3.143877,0.14538,3.125676,6.261973,8.581889,7.99163,3.091539,-4.987777,-12.447419,-14.880231,-10.256034,-0.638548,8.823247,13.152488,10.857848,4.930335,0.714939,2.067036,8.472417,15.189583,16.383672,9.140593,-4.357524,-17.944642,-25.094209,-22.653385,-12.344035,0.710673,11.21031,16.449268,17.008094,15.316872,13.449865,11.801909,9.407123,5.355677,0.018941,-4.919869,-7.625622,-7.52807,-5.878474
-15.682389,3.142608,31.176389,45.395074,32.887826,2.321307,-25.128395,-34.560894,-27.167716,-14.629041,-7.472078,-8.91931,-15.986678,-22.594749,-22.089522,-10.970771,6.721915,19.910673,18.925437,5.273855,-8.182689,-8.513824,5.744557,24.836318,38.394691,43.440985,41.48466,31.219529,8.911981,-22.609978,-48.988542,-53.458844,-33.077874,-4.218262,10.714725,3.104974,-15.316249,-25.097643,-17.20952,0.95774,15.114844,17.152659,9.319702,-1.123066,-8.303267,-9.198742,-2.239743,12.112183,28.762123,38.10326,31.678534,9.667583,-16.958825,-32.941879,-29.586714,-11.332708,7.604687,14.177337,6.245566,-6.914372,-13.50422,-9.317049,0.05099,6.1828,6.291385,4.543386,5.815028,9.560413,10.594284,5.23396,-4.531189,-13.000807,-15.662485,-11.579059,-2.435918,8.405635,15.563167,13.066372,-0.542744,-17.980205,-26.687384,-19.350547,-1.316369,13.99945,17.829909,13.233698,8.980859,8.001905,4.716546,-5.630959,-17.933758,-20.993882,-10.632302,3.851918,8.76167,0.799327,-9.636776,-10.498876,-1.263308,7.805048,8.286295,2.418994,-1.578445,-0.123537,3.110628,4.722926,7.665714,16.77108,29.729465,36.726999,30.94593,17.023928,5.857048,1.432818,-3.397946,-15.868227,-30.812811,-34.285047,-21.227189,-5.643427,-7.994065,-31.588921,-55.449879,-54.459733,-26.068403,6.446322,18.574568,9.667753,0.505517,7.204446,22.631711,26.939466,13.70774,-0.62786,3.820331,25.277996,40.434293,31.110362,6.560722,-5.609569,9.287295,35.069134,40.972431,14.430756,-25.614443,-48.391734,-41.242609,-18.201969,-1.679791,-0.49665,-6.936375,-10.432594,-8.25583,-2.680241,6.144772,18.801079,29.262647,25.506753,2.237843,-28.569278,-45.058045,-36.270475,-13.896293,-0.499872,-5.985463,-18.020452,-16.869895,2.045209,22.590193,24.748327,5.316332,-18.563156,-24.997279,-5.913179,27.282905,52.972812
11.729998,-4.407467,-26.556792,-35.729007,-27.29591,-15.439377,-14.045255,-17.824138,-8.834076,18.277237,44.718982,47.094103,25.976437,7.344161,12.425926,31.561054,35.138358,10.126026,-21.766507,-27.375557,0.064743,33.267932,41.790498,23.965273,3.135507,-3.597196,-3.687206,-13.682628,-33.325793,-44.292113,-34.474259,-14.663537,-5.081735,-9.670531,-12.465447,-0.991613,14.630163,13.045086,-10.515521,-36.241125,-42.400562,-29.480397,-15.048724,-7.866377,2.391567,25.122263,46.962205,42.344582,7.865516,-24.462851,-18.660225,22.303288,55.482104,45.037413,3.77412,-21.676805,-6.400466,22.867593,20.896591,-18.473625,-50.550002,-30.776063,30.141463,72.865074,52.750647,-11.121508,-56.079908,-41.805272,10.589546,45.42103,30.798382,-14.989178,-50.289007,-52.987711,-33.517907,-13.485463,-2.141487,4.552778,10.367228,12.822843,9.904216,5.502566,4.313188,4.830996,2.347894,-2.034351,-1.124037,6.884218,10.935117,-2.497104,-30.614039,-51.208125,-43.393023,-10.744618,20.526841,28.236998,16.347704,7.778347,16.904913,33.74312,37.124563,20.056613,-2.521914,-11.227809,-3.180928,7.47873,7.882688,0.617611,-1.965455,5.525866,14.497823,12.498219,-2.53928,-20.391936,-29.806312,-29.034695,-24.441574,-20.751686,-15.288132,-2.420101,17.807244,37.077893,45.148284,38.405906,22.194687,5.358447,-6.934831,-15.24829,-22.046217,-27.394932,-29.385587,-28.203177,-27.679883,-30.813226,-33.91233,-27.84826,-7.884143,17.770331,32.152257,25.104187,4.558437,-10.00564,-6.65086,7.69964,16.546446,13.342859,8.719214,16.939464,37.634753,54.55734,52.829199,34.312882,13.710803,1.605379,-4.567551,-12.336892,-21.716496,-25.410549,-20.414641,-14.077295,-15.511184,-23.658267,-28.42702,-23.836709,-15.547017,-12.404591,-13.536911,-9.303279,4.143333,16.455646,13.953093,-2.715903,-17.221346,-15.743523,-2.451636,7.223012
-13.821887,-11.402043,0.60421,16.693225,27.335852,24.473986,6.743744,-18.960036,-40.775009,-48.161474,-37.442855,-13.376178,13.9077,34.416419,42.844817,39.797667,29.748421,17.794686,7.516974,0.815627,-1.186441,2.239916,10.60264,21.022907,28.37085,27.506896,16.577003,-1.014765,-17.853543,-26.705577,-25.05632,-16.775112,-9.46444,-9.105595,-15.724712,-23.295584,-24.16131,-14.936566,0.402257,12.683565,13.67947,1.988109,-15.550499,-28.062492,-27.687298,-14.669443,2.93114,14.583493,13.921782,2.218932,-13.312726,-24.710646,-28.028976,-24.523495,-18.067642,-11.428122,-4.556905,3.962067,13.98916,22.389823,24.745001,19.069095,8.408669,-0.241931,-0.463734,8.762915,21.695394,29.367022,25.820949,12.616306,-1.817786,-7.783796,-1.044541,14.086275,27.539338,30.240258,20.088576,3.057775,-11.142266,-15.55373,-9.987031,-0.004638,7.875469,10.845232,10.863894,11.693581,14.727705,17.289062,14.930358,5.853673,-6.374112,-14.482469,-12.772583,-2.167124,9.061846,10.04929,-5.311903,-33.479545,-62.461278,-78.631968,-74.801455,-54.254182,-28.208776,-8.576631,-0.930464,-2.182656,-4.049702,0.547418,12.700212,27.365798,37.415346,38.613392,31.988238,22.281661,14.082691,8.713081,4.038124,-2.995525,-13.277647,-24.282151,-31.457268,-31.075435,-22.436192,-8.021592,8.169519,22.653074,33.440668,39.662423,40.695585,35.938582,25.598452,11.758482,-1.475878,-9.371519,-8.928019,-0.758523,10.816649,19.702012,20.973014,13.237781,-0.777421,-15.569578,-25.311638,-26.236109,-18.03729,-3.930468,10.526987,19.472232,19.050175,9.215029,-5.838238,-19.133026,-23.953653,-17.189099,-1.219266,16.896584,28.764893,28.856136,17.237416,-0.727205,-17.512309,-27.5194,-29.708133,-27.337504,-25.219236,-26.381968,-30.262125,-33.410666,-32.046001,-24.690063,-13.236282,-1.917666,5.045986,5.670006,1.113481,-5.026906
6.601391,-0.768088,-11.035999,-21.629819,-29.023181,-30.12882,-23.900111,-12.296813,0.136818,8.207376,8.737167,2.527925,-5.671689,-9.481077,-4.397781,9.461097,27.072213,40.978403,45.152967,38.011791,22.862784,5.705665,-8.070492,-15.999917,-18.653847,-17.976784,-15.43868,-11.470235,-6.384863,-1.631705,0.11196,-3.495639,-12.295702,-22.733067,-29.401504,-28.386875,-20.185596,-9.934681,-4.401764,-7.515875,-17.461413,-27.488159,-30.099635,-21.893159,-5.772458,10.997766,21.566481,23.819675,21.320159,20.329341,25.107158,34.813674,44.102569,46.848402,40.309845,26.883843,12.442603,2.641435,-0.191954,2.311746,6.366464,8.584046,7.426347,2.940518,-4.343572,-13.965345,-24.95853,-34.904636,-39.987666,-36.709356,-24.416015,-6.755951,9.402767,17.370664,14.371875,3.178471,-9.517474,-17.005532,-16.249622,-9.109738,-0.568858,4.586176,4.3627,-0.022735,-5.686463,-10.095478,-12.110779,-11.707088,-9.16352,-4.758589,0.762271,5.663626,7.604595,5.113141,-0.823416,-6.498328,-7.240012,-0.340514,12.788171,26.900557,35.72763,35.598367,27.504857,16.25989,7.379526,3.838213,4.804679,6.951715,7.107818,4.231634,-0.552573,-5.505554,-9.88571,-14.250883,-19.33637,-24.672027,-28.32885,-28.19176,-23.78568,-17.096564,-11.54693,-9.75145,-11.70605,-14.798721,-15.651692,-12.397954,-5.685291,2.257503,9.597618,16.206595,23.18631,31.039812,38.141554,41.038584,36.675411,24.993726,9.844521,-2.749139,-8.002906,-5.173582,2.176508,8.599728,10.12672,6.254176,-0.619808,-7.534887,-13.057867,-17.504221,-21.36377,-23.58747,-21.562027,-13.172822,0.547279,14.503695,21.642204,17.121472,1.846363,-17.245328,-30.71454,-31.946946,-20.93247,-4.08864,9.716809,14.350771,9.552501,0.267884,-7.028052,-8.395801,-4.304573,1.540486,5.191003,5.038191,2.371925,-0.092941,-0.370349,1.537072
2.022438,2.491433,0.103729,-2.689618,-1.963602,3.448021,9.845812,11.49897,6.15831,-2.328614,-7.39323,-6.010083,-1.443007,0.401214,-2.90018,-8.127771,-10.10891,-6.760584,-0.145048,6.546311,11.570088,13.90433,11.588649,2.986438,-9.681845,-19.567658,-19.938701,-10.339299,2.656463,11.355217,13.238976,11.130981,8.172993,4.413833,-1.138984,-6.773859,-8.589988,-5.138988,0.06298,2.112855,0.338153,-1.224166,0.625774,3.653411,2.648229,-3.798616,-10.603643,-11.179713,-4.367125,4.648752,9.99541,10.392211,8.521166,6.670438,4.665289,1.871434,-0.668674,-1.377175,-0.646676,-0.634759,-2.301055,-3.891891,-3.265547,-1.010194,0.000539,-1.889125,-5.307382,-8.032584,-9.694405,-10.844137,-9.948202,-3.768531,7.719925,18.09969,18.948026,8.684067,-4.337092,-9.313638,-3.598533,5.311639,8.448961,4.537517,-0.464878,-1.596333,-0.205113,-0.515267,-3.134109,-4.406523,-1.962036,1.587762,1.980735,-0.950195,-3.020165,-1.288683,2.085252,2.871805,0.398723,-1.97061,-2.007698,-1.944144,-4.881487,-9.019769,-8.18888,0.804013,12.980796,19.27969,15.66321,6.588987,-0.852257,-4.399331,-6.694861,-9.175862,-9.002093,-3.57725,3.704292,5.248029,-2.313234,-13.171294,-17.52174,-11.403217,-0.128643,7.992849,9.73972,7.994234,6.291579,4.821879,2.304114,-0.341009,-0.473129,2.264706,4.487874,2.907449,-1.24245,-3.20701,-0.334405,4.547039,6.217349,2.889882,-2.103422,-4.318267,-2.729672,0.232398,2.130063,2.637045,2.301628,0.745179,-2.66326,-6.762697,-8.685028,-6.776721,-2.922859,-1.056409,-3.13505,-7.001542,-8.473111,-5.363117,0.653616,5.791673,7.405135,5.803315,3.585579,3.474114,6.261493,10.147937,11.984471,9.694896,3.952545,-2.486065,-7.174598,-9.576276,-10.272788,-9.174952,-5.441149,0.537781,5.891995,7.168766
2.34233,4.209048,2.022969,-3.233147,-6.98219,-5.641215,-0.42605,4.05374,4.946399,4.15226,5.632704,10.114643,13.416357,10.544522,1.10223,-9.949699,-16.882732,-18.01561,-15.82598,-13.048152,-9.725401,-4.387644,2.717779,8.695003,10.619406,8.567493,5.513439,4.304222,5.141933,6.062396,5.361922,3.111175,0.525378,-1.461435,-2.659492,-3.07248,-2.53584,-1.090869,0.627263,1.709058,1.622893,0.367991,-1.867338,-4.75302,-7.333789,-7.903659,-5.029128,0.97259,7.729099,12.24485,12.740275,9.244088,2.918162,-4.542391,-10.825508,-13.275886,-10.486496,-4.072003,1.754878,3.292868,0.406358,-3.694864,-5.775841,-5.348225,-3.983992,-2.485989,0.230275,5.064719,10.329154,12.5747,10.174144,5.41865,2.325763,2.472124,3.664169,2.91963,0.067689,-2.35677,-2.579233,-1.904845,-2.890864,-5.64571,-7.006289,-3.947936,2.564256,7.783066,7.441374,1.654539,-5.388091,-9.293673,-8.950551,-6.673435,-5.520413,-6.488051,-7.774764,-6.422277,-1.048883,6.376091,11.430731,10.681969,4.991313,-0.691715,-1.548548,2.640348,7.42318,8.338428,5.428118,2.683766,3.158996,5.445015,5.527979,1.620133,-3.87468,-7.384219,-8.133179,-8.115795,-8.533493,-7.789772,-3.958261,1.533138,4.279319,1.581056,-4.082882,-7.258187,-5.044368,0.439599,5.184677,7.701088,9.261294,10.384609,9.007472,3.31303,-4.517492,-9.250291,-7.990476,-3.567355,-1.307603,-2.725765,-3.891717,-0.771074,4.937316,7.018118,2.123626,-5.42802,-7.660303,-1.674371,6.820746,9.414769,3.869107,-3.789767,-5.943868,-1.181858,5.057841,6.855254,3.629184,-0.52802,-2.12089,-1.619687,-1.651026,-3.097159,-4.080234,-2.696467,0.244829,1.936332,0.845904,-1.386385,-1.703025,0.876406,3.882526,3.730987,-0.552908,-5.992712,-8.127997,-5.004962,1.055016,5.533615
-1.686251,-15.061297,-17.670295,-6.959628,6.676914,10.595602,1.70192,-12.736344,-23.6632,-26.968782,-22.35851,-9.699018,9.798895,29.373047,38.045009,29.963307,12.377148,1.276248,6.536651,21.436159,28.592661,17.368399,-5.026009,-20.547385,-18.424963,-5.632165,1.027686,-7.243863,-22.203901,-27.675527,-17.057225,-0.684281,4.825408,-5.867578,-20.781152,-22.449247,-5.368912,18.679709,32.056171,26.946133,10.00509,-6.216975,-13.970345,-12.862502,-5.538958,5.344508,15.783016,19.794919,13.690029,0.963034,-9.647204,-12.41355,-9.731903,-7.652313,-7.604669,-5.351991,1.416722,7.687384,6.55963,-0.74871,-4.362842,2.600042,14.255358,17.592873,7.964422,-4.775342,-7.912958,-1.054745,4.597221,2.004356,-1.894346,3.818937,16.80481,20.850673,5.357986,-18.758813,-28.59558,-15.173165,5.065674,8.103375,-10.7636,-32.437895,-36.407483,-22.713991,-8.437372,-5.635261,-8.80212,-5.216016,7.860106,21.3641,27.714919,29.370711,31.712866,32.45808,24.442635,8.535548,-2.777343,0.848111,13.127657,16.305467,1.958944,-17.993136,-24.883,-15.603364,-6.070355,-11.303753,-26.695271,-33.510161,-21.566342,-1.273902,8.850247,3.029427,-7.351093,-8.835115,-0.471696,8.608385,12.354422,13.753948,17.877808,23.627462,25.374638,20.627701,12.235714,2.972584,-8.198235,-22.026297,-33.512199,-34.679561,-23.608879,-7.822435,3.381995,8.261132,11.65552,15.648892,15.421738,6.790814,-4.864279,-7.967031,1.787328,14.670155,16.824486,5.995301,-5.95876,-7.17218,0.413407,4.011086,-4.286047,-18.028094,-23.799705,-15.834122,-1.049668,9.391809,10.664484,6.047583,1.324951,0.291705,4.531963,13.486453,22.673709,24.333075,13.815335,-3.78988,-16.119263,-15.229696,-6.44726,-3.395026,-13.355782,-28.772309,-34.419623,-22.540691,-0.015321,18.791386,24.628743,18.834314,8.864837,1.09703
9.347928,5.878238,-0.4931,-5.537878,-8.546771,-10.484221,-9.431209,-1.853975,10.635782,19.164998,15.467938,1.17799,-13.251685,-18.996693,-16.210226,-10.895457,-7.347667,-5.490366,-3.567618,-0.436434,4.344582,9.780163,12.268085,7.991168,-1.789052,-9.862247,-9.881249,-2.958643,4.846638,10.375515,14.957241,18.114068,14.836495,2.802567,-10.914021,-15.897795,-10.774623,-3.997773,-0.74915,4.760709,18.468846,31.977057,28.047634,2.884466,-24.255515,-30.042291,-12.953788,6.034976,8.169128,-4.100346,-14.883123,-15.293429,-10.171589,-7.292122,-7.503544,-7.471005,-6.527495,-6.218328,-5.501196,-1.224786,6.488259,12.898425,13.876829,10.300587,6.353718,5.531384,9.193782,16.241836,21.831589,18.798278,4.522239,-13.772016,-24.469193,-23.525262,-17.719079,-14.31618,-11.511958,-3.393589,8.334549,14.387104,10.821697,5.648734,8.151994,15.738442,17.6835,10.502346,2.360907,0.347808,0.131325,-6.381466,-17.349399,-22.375067,-16.859405,-7.5036,-1.288363,3.903552,11.968875,17.050691,8.605498,-11.763335,-27.268033,-24.335844,-8.399031,4.643779,8.699194,10.98767,16.183266,17.076647,6.149174,-10.5957,-19.769401,-17.786444,-12.915941,-9.85354,-2.357985,13.187218,25.328418,19.909299,2.830917,-2.176848,16.245448,38.506187,35.760807,6.464073,-20.326134,-20.317305,-2.333893,6.007267,-5.782127,-20.8075,-20.259509,-7.731779,-1.267357,-7.542336,-13.964279,-6.862744,10.350681,21.366285,15.247773,-3.79431,-22.566733,-30.182602,-24.037525,-9.857749,2.128751,4.650721,0.226028,-1.201826,5.707732,13.668502,10.934694,-2.424315,-11.240109,-1.428673,23.076472,43.395023,44.854342,29.399938,9.194629,-6.835877,-16.862526,-20.732972,-17.594889,-10.119546,-5.704115,-8.914624,-14.3627,-11.58525,1.993703,16.011899,17.303535,3.94742,-12.648108,-19.273123,-12.999437,-1.955887
-0.05962,-1.303604,0.652431,5.678192,8.48808,5.13186,-1.217516,-3.000943,3.148854,12.037346,14.876677,7.892935,-4.687627,-15.397601,-19.837752,-18.362446,-13.521833,-7.681682,-2.81778,-0.603695,-1.254255,-2.705889,-2.169211,1.107329,5.090243,7.118025,6.263735,3.375891,-0.269165,-3.248965,-3.356143,1.40057,9.811564,16.373162,15.396188,7.27682,-0.471744,-0.230888,7.362726,13.259421,9.116958,-3.86777,-16.089016,-19.268608,-14.029973,-7.591549,-5.300863,-5.894429,-4.757298,0.066561,6.268892,10.581279,11.773895,10.134404,5.77187,-0.99318,-8.200484,-13.131603,-15.163372,-16.14941,-16.53471,-12.301829,1.180284,20.91517,34.212098,28.724074,6.020041,-17.011447,-23.259399,-12.323645,-0.412545,-2.084741,-13.541834,-16.62841,0.121109,26.765144,40.599742,29.321189,3.61798,-14.159019,-12.405696,0.242581,6.875787,0.850471,-9.178704,-10.943434,-2.073042,8.950557,12.965475,8.65069,1.323672,-3.798526,-5.313564,-4.269165,-2.294667,-2.013591,-6.850378,-17.488697,-28.491397,-31.155641,-21.880805,-6.980667,3.046025,4.692216,5.203771,13.480119,27.896978,35.698121,26.10859,3.230682,-15.963671,-17.147188,-1.540987,16.642423,24.107607,18.595674,6.566668,-5.485696,-14.853873,-19.341716,-14.846514,0.241733,18.904812,27.595694,17.678355,-5.106211,-24.56213,-28.778012,-20.572615,-12.455521,-11.791346,-12.899462,-5.160785,12.071806,25.370306,20.087081,-2.894539,-25.208001,-27.557213,-8.480963,14.216618,21.218812,10.365733,-2.947551,-3.367867,8.063743,16.095454,8.822247,-8.94001,-20.659149,-15.205578,2.683269,18.718681,23.531022,19.33545,13.789665,10.717159,8.523863,5.499051,2.875574,1.606291,-1.069752,-8.678175,-19.424743,-26.21594,-24.640466,-19.155597,-18.311005,-23.677269,-26.637036,-18.533929,-2.368578,9.310488,9.161472,4.59857,9.370405
18.591162,33.29119,27.183715,-2.362681,-34.225332,-41.774474,-19.57662,10.783418,22.574481,9.283335,-13.251033,-26.620934,-26.567045,-19.781291,-10.427132,3.796759,22.841961,38.107502,39.711504,28.28254,15.170889,10.005992,10.900941,8.630283,-1.799285,-16.464151,-28.027816,-32.050715,-27.178939,-13.446509,5.39834,19.461484,18.389331,2.618681,-13.776034,-15.721366,-2.841676,10.501745,11.649601,2.872484,-4.251622,-4.674232,-4.580328,-9.566241,-14.040477,-8.086255,6.777127,15.654893,7.619244,-8.97449,-14.264768,0.076729,20.741177,28.271298,18.779468,5.431109,-0.111951,-1.013354,-7.042606,-18.234187,-23.892333,-17.931948,-8.203541,-5.770816,-8.743969,-4.239071,12.345006,26.795967,21.076709,-2.939623,-21.574276,-14.235851,13.426721,35.374736,32.763128,11.388594,-8.360663,-13.497015,-6.744643,3.069133,11.283967,16.171185,13.785722,0.990833,-16.854281,-27.470033,-24.445158,-15.430344,-13.296653,-20.08318,-24.512806,-16.944255,-2.381866,5.844058,3.576895,1.167608,9.199154,23.308595,28.301715,16.490069,-3.226307,-16.3834,-18.734011,-16.677277,-14.240656,-6.506376,11.013688,31.173665,39.847243,32.264951,19.624837,16.193455,22.581638,26.067009,16.772714,-1.31668,-17.234742,-26.463254,-32.548728,-36.899963,-33.761179,-19.036034,-0.219461,8.741622,3.263301,-6.060586,-6.594911,0.466439,2.226394,-8.320597,-22.228974,-25.262169,-15.209958,-3.406487,0.629745,0.396559,5.111028,15.247665,21.488595,18.131075,11.26094,9.3955,9.927542,2.316832,-13.87611,-21.094736,-1.114618,40.268157,72.456154,68.334441,31.626252,-7.274872,-22.079525,-13.983803,-4.54707,-10.220359,-27.769563,-42.349259,-43.773531,-32.771386,-16.074612,-1.029599,5.691268,0.334638,-12.922824,-21.975332,-17.251169,-3.359157,3.682274,-5.69066,-20.922851,-19.655582,8.565443,48.728339,72.525314,63.912831
10.135847,17.497984,23.475326,24.389541,19.521602,11.218276,2.144882,-6.356217,-12.906845,-14.757177,-9.987003,-1.427703,3.495974,-0.94586,-12.188534,-20.320537,-16.98764,-3.71084,8.9508,10.728972,0.434491,-13.666891,-21.257854,-17.958202,-7.637946,1.567603,3.698415,-0.772839,-5.69099,-4.598809,3.281944,11.972132,14.446549,10.096721,5.879229,8.921083,18.039431,23.954734,18.836142,4.898236,-7.759966,-11.67431,-8.75595,-5.862942,-5.554709,-4.099472,0.953891,4.416519,-1.61571,-16.154142,-26.063091,-18.008672,6.043369,27.916854,30.089801,13.264685,-4.391802,-5.876631,7.926542,20.660941,18.149774,1.701353,-15.905881,-24.821411,-25.947317,-25.228969,-23.973444,-18.026583,-6.025463,5.127259,6.065003,-3.866228,-13.633319,-10.673574,5.98506,23.840068,28.667054,17.867421,2.061153,-5.792508,-2.055779,6.248215,10.00559,6.703336,1.198063,-0.378194,3.556285,9.54329,12.92566,11.715299,7.570205,3.952605,3.203126,4.525792,4.483064,0.131079,-7.608794,-13.947169,-14.52966,-10.140629,-6.44422,-8.211204,-13.941819,-17.138385,-13.357495,-5.383639,-0.604585,-3.333085,-10.42054,-14.603755,-11.495278,-2.949887,5.471608,9.08599,6.623959,0.564717,-3.406115,1.26045,16.628888,35.407547,43.458739,31.110312,3.849731,-19.805621,-23.712507,-8.373022,10.533053,17.584234,10.561586,-1.441784,-9.559239,-11.759763,-9.256478,-1.741367,9.77634,17.532815,10.789419,-11.235358,-33.005959,-34.883279,-13.669758,12.154081,20.909171,10.223377,-2.481229,-2.177346,5.668066,3.174063,-15.733597,-35.271902,-35.072743,-14.114013,7.884667,13.269257,5.668612,2.845071,13.157508,25.138979,22.369794,4.313734,-12.578676,-13.835693,-2.156328,8.474107,10.137617,7.713086,8.867157,12.819983,12.754218,6.874879,1.790505,3.49984,8.74123,8.741764,0.178744,-11.412466
-3.434761,-8.3119,-11.583664,-8.893725,-0.128029,9.100661,11.996234,6.891894,-1.347676,-6.347984,-6.203177,-4.143763,-3.763818,-4.595598,-3.000939,2.83097,9.488985,10.507984,2.343031,-11.447053,-21.985764,-21.844274,-11.249541,1.90297,8.889052,8.060582,6.115989,10.734746,21.486808,28.805301,23.19815,5.718055,-11.635317,-16.700321,-8.12044,4.75086,11.990671,11.597855,7.848871,3.68859,-2.318163,-11.303369,-19.414501,-20.815034,-15.133311,-9.096269,-8.945032,-12.570173,-11.721924,-2.349224,9.580792,14.413854,9.874211,3.291624,2.258695,5.40392,4.775661,-3.280151,-12.503605,-13.493072,-4.612234,6.107348,9.947078,6.335333,1.67911,1.036247,3.276401,4.456245,3.512864,2.836786,4.363092,7.542236,11.5135,16.820595,22.75814,24.048009,13.619984,-9.004221,-33.090509,-43.243104,-32.439683,-8.678299,11.711694,17.429645,9.531059,-2.567202,-10.308509,-11.336591,-8.243666,-4.675051,-2.92749,-3.481351,-5.23791,-6.366365,-5.949509,-4.969451,-4.903749,-5.109877,-2.595435,4.567875,13.916021,19.974655,19.609017,15.316171,12.341849,12.791973,13.569773,10.323393,2.480558,-6.308392,-11.987103,-13.155112,-10.580065,-5.473384,0.504263,4.558364,4.326553,0.914978,-1.16538,1.114345,4.769954,3.12437,-6.26569,-17.162623,-19.976736,-11.814949,0.081845,5.700556,2.174927,-4.675284,-7.935283,-6.685792,-4.837586,-4.803347,-4.776916,-2.360233,1.516457,4.140258,5.451247,8.41352,14.201455,18.986307,17.697207,10.655553,4.220623,3.708298,7.119512,7.894947,3.570369,-0.823844,0.410555,4.873667,3.109668,-10.354131,-28.638188,-37.518329,-29.324141,-10.646151,4.564225,8.689668,6.087416,5.609174,9.65027,12.234106,7.344376,-2.960405,-10.099054,-8.099981,0.169796,6.404608,5.755618,1.426428,0.373679,5.24968,11.424723,12.121209
2.239724,19.964652,29.14641,16.566501,-10.655947,-32.621686,-36.222925,-24.967199,-11.448981,-4.37182,-3.955202,-6.289349,-8.138128,-7.722863,-4.30235,0.858548,4.169464,2.144891,-5.658188,-16.435363,-25.898853,-29.351913,-22.872945,-7.106185,9.348775,14.567016,5.981867,-2.657094,6.820506,34.603524,56.530598,47.279802,11.167627,-16.55073,-5.025525,37.354503,69.745681,62.006297,25.476001,-3.936675,-9.096198,-8.74849,-28.654616,-64.081849,-81.475821,-58.069365,-10.838487,20.7101,17.03276,-4.043676,-13.018676,-3.62899,4.551368,-5.084242,-23.982482,-28.702463,-8.233778,24.491593,46.315192,42.981563,14.719243,-28.477981,-69.569532,-86.2719,-62.565813,-6.577542,46.909073,62.03204,35.360952,1.069844,-2.07589,30.506993,65.423585,65.960621,27.974175,-18.895613,-41.593226,-31.617158,-5.214689,17.361791,28.789727,33.91927,38.179612,39.50595,30.375876,6.425202,-26.094447,-50.942977,-52.760803,-31.300437,-5.187502,2.385293,-14.968447,-40.628304,-52.617434,-46.667931,-37.978447,-39.185624,-41.780777,-25.575713,13.784444,53.686922,66.079952,47.715412,22.962329,15.497283,22.760496,23.096987,5.176821,-16.98094,-20.616697,-0.693064,25.343114,37.235999,30.333095,13.451704,-4.840922,-21.39825,-32.340378,-30.503498,-13.91528,7.153822,18.140219,15.698411,10.367921,11.701093,15.443777,10.768143,-1.882026,-7.955861,2.542994,18.82284,19.207423,-2.518055,-27.477541,-32.790087,-18.374903,-6.147424,-12.667604,-29.785296,-37.123994,-29.094467,-20.856528,-25.782424,-34.645785,-24.878406,10.665898,51.509841,69.477481,56.593653,28.422458,2.387878,-19.198405,-41.217558,-57.395638,-49.774923,-9.951695,44.07457,78.68219,74.068601,41.492729,11.117737,4.482094,18.662953,33.43573,30.098398,4.727173,-30.944738,-57.387485,-58.339833,-30.836572,10.993533,42.945517,46.216984,20.567874,-15.567503
-37.259954,-36.376778,-19.01987,5.916979,27.49856,40.624057,46.084223,46.071352,41.867281,35.052451,28.405913,24.270705,22.591778,21.159283,17.247828,8.672151,-5.417297,-22.928435,-38.371796,-46.727541,-49.446858,-54.493258,-66.584482,-76.854133,-66.660788,-26.807994,26.721373,60.89221,54.064278,16.869404,-17.357795,-23.662943,-5.820522,13.812272,20.598466,19.704011,23.246913,31.926325,34.666307,24.917927,11.025243,6.806666,14.657594,22.976212,20.918422,11.27258,5.208084,6.456068,6.111037,-4.798799,-21.318254,-28.148639,-17.876929,-1.805381,0.890534,-15.667587,-36.633686,-41.592305,-25.87722,-5.148086,1.049524,-11.126573,-26.970793,-28.675562,-12.523003,8.739307,19.07283,13.951115,2.890109,-1.280239,5.153124,14.759398,18.273031,14.674621,11.276793,14.296393,20.98697,22.480584,13.994972,0.438527,-8.943045,-10.043346,-6.122767,-1.196888,5.525676,16.228322,27.20053,29.288851,17.8995,0.423057,-9.949586,-8.471164,-4.245438,-9.479279,-24.948634,-39.02191,-40.942112,-31.67355,-19.680093,-8.993385,3.584126,18.860621,28.123463,20.956813,-0.379466,-19.643314,-22.853735,-13.300565,-6.159082,-8.633974,-10.744719,0.634292,21.746556,32.483621,19.309955,-6.462097,-18.516222,-3.849167,22.782799,35.00821,22.96376,1.859593,-6.781689,1.912452,14.166751,15.382011,5.20869,-5.593758,-8.86857,-5.817845,-1.545586,2.332943,7.273684,12.422058,13.3034,6.480386,-6.568573,-21.140362,-33.03784,-38.973554,-35.111983,-19.395058,2.780948,17.998902,14.591337,-5.10243,-24.225795,-26.01887,-9.692513,9.325623,15.427644,8.118253,0.550293,3.828241,14.744834,19.957394,11.295295,-4.625006,-12.425749,-2.981924,17.816348,34.622709,36.286217,24.381376,9.522797,0.492357,-2.641036,-5.419651,-10.640517,-14.625327,-12.279174,-4.719355,0.145151,-4.224884,-15.022943,-21.970008
6.763503,8.327269,7.91407,5.936628,3.687305,2.01367,0.470081,-2.151412,-6.309424,-10.64265,-12.514799,-9.969705,-3.562471,3.549652,7.559977,6.653773,2.345887,-1.553495,-1.644141,2.631026,8.55686,11.993383,10.1741,3.529629,-4.640729,-10.332054,-11.321874,-8.345293,-4.270414,-1.945054,-2.250793,-3.711079,-3.882071,-1.461166,2.506607,5.310838,4.706804,0.875854,-3.386985,-4.55624,-0.983437,5.788192,12.090645,14.800542,13.517216,10.517838,8.564671,8.422362,8.194393,5.057265,-2.071534,-11.212531,-18.509692,-20.970841,-18.517433,-13.720114,-9.573104,-7.267721,-5.795159,-3.517433,-0.125875,2.83664,3.330244,0.774304,-3.180277,-5.752025,-5.036905,-1.23679,3.785917,8.029233,10.542971,11.421782,10.977551,9.175179,5.943699,1.890098,-1.584468,-3.15605,-2.690732,-1.402883,-0.681037,-0.583032,0.443057,4.039471,9.80924,14.651594,14.628311,8.201041,-1.833247,-9.674036,-10.509327,-4.201335,4.359349,8.761406,5.856481,-1.92449,-8.607935,-9.500599,-4.969681,-0.143615,-0.737855,-8.302331,-18.657742,-24.783031,-21.951985,-11.218682,1.318834,8.821543,8.333245,2.426323,-3.077745,-3.412999,1.945041,9.275784,13.477374,11.609614,4.749077,-2.844724,-6.477826,-3.882509,3.455533,11.147987,14.399791,10.807207,1.943333,-7.25346,-11.171693,-6.938554,3.491491,14.109634,18.357046,13.324826,1.843434,-9.177178,-13.26056,-8.685308,0.485851,7.481658,7.771116,2.190815,-4.086389,-5.858046,-2.023799,3.733432,6.167035,2.847366,-3.948377,-9.343019,-10.062077,-7.066816,-4.363892,-5.123408,-8.640791,-10.945857,-8.578399,-2.104714,3.966542,5.041172,0.731788,-4.40237,-4.676339,1.455737,9.399621,11.831505,4.977678,-7.543647,-16.884841,-15.725083,-4.180634,10.102961,17.910655,15.630866,7.731165,2.540364,4.960076,12.279918
-0.41594,0.42989,1.673013,-1.73303,-12.108835,-23.645244,-25.825929,-13.558786,6.899141,23.18581,27.582952,21.696367,11.534757,0.96645,-8.228589,-12.191771,-5.730656,10.230067,24.292581,22.382808,2.278453,-21.248077,-28.752995,-14.736902,6.797753,15.949077,5.625849,-13.310692,-23.98183,-18.847894,-3.844094,9.694185,14.794789,11.576822,3.858353,-4.323843,-9.49713,-8.918629,-2.140282,7.491464,14.097993,13.260964,5.591812,-3.297269,-6.817007,-2.712431,4.504939,6.818885,0.094491,-10.749711,-14.947973,-6.218502,9.537324,18.292894,11.227071,-6.040372,-18.506656,-16.086032,-1.9387,13.097625,21.70923,23.459095,18.738415,4.781812,-18.444743,-40.476949,-44.63804,-24.084185,8.039395,28.612835,26.148753,10.471567,-0.27885,0.207939,2.448845,-3.675489,-14.871189,-18.912988,-10.657882,1.769656,8.185232,9.255675,13.511839,22.716424,26.25519,13.830983,-9.079242,-23.952995,-18.848996,-1.707028,9.064198,5.44239,-2.975126,-3.141268,4.43921,6.941741,-3.799646,-20.328934,-27.78342,-20.293806,-5.704291,5.191,9.848901,12.562668,15.307044,14.81979,9.234468,3.323125,3.510008,8.870748,10.987772,4.107818,-7.189064,-13.130416,-10.558408,-6.383348,-8.245002,-14.381677,-15.731089,-7.62827,3.740211,8.322693,4.067923,-0.710006,2.921687,14.289063,23.794713,22.832447,11.6721,-2.038976,-10.849759,-13.052836,-12.265152,-13.104183,-16.830633,-19.603049,-14.793225,1.051273,22.767589,37.815714,35.530965,16.804926,-6.001411,-19.956467,-22.318294,-19.851858,-18.418934,-15.889567,-6.93054,7.041348,16.47149,13.989186,4.184042,-0.062343,8.207257,21.406367,24.75279,11.666593,-9.790219,-25.800167,-30.043699,-26.672497,-21.587501,-14.146679,0.43886,21.604437,39.186226,40.644955,22.81636,-3.887911,-23.140127,-25.046308,-12.456957,3.043825,10.788224,8.128976
9.125363,-7.523733,-31.764686,-44.07897,-30.518295,1.222096,25.640527,21.903005,-6.485237,-34.262529,-36.4432,-8.65026,31.432415,59.403978,61.057478,39.020461,8.41067,-13.085456,-15.558489,-2.966507,9.767948,8.65922,-7.377774,-26.098622,-34.199699,-29.583914,-20.616671,-14.629017,-10.528574,-4.086756,2.891397,3.634253,-2.774676,-6.509962,2.302228,19.014511,26.070239,12.468838,-11.01194,-20.873618,-6.111243,19.099706,30.507807,19.617241,0.948594,-6.07594,1.927774,12.052545,12.530345,4.997187,-1.29638,-2.224357,-1.031922,0.170084,4.705519,14.049922,20.182173,11.264927,-13.802918,-40.431914,-51.096833,-41.715739,-22.772859,-5.603956,7.67084,18.959955,24.138592,15.228017,-6.302871,-24.511441,-23.402908,-5.866776,7.308919,0.451646,-17.880501,-23.365635,-3.581111,27.093352,43.012639,35.278219,19.915511,17.734047,30.365851,40.056488,31.737219,10.348395,-6.195273,-8.443865,-5.378389,-12.08232,-30.688531,-46.929814,-45.66703,-27.374907,-7.527853,-0.345185,-4.850413,-7.642171,1.370792,17.130419,23.774288,10.874994,-14.609742,-32.806592,-28.124767,-3.145326,23.756968,34.413982,25.098313,6.417903,-8.659849,-15.076266,-14.933952,-10.069459,0.978575,17.969967,33.77313,37.633334,24.767287,1.592869,-19.514188,-30.057321,-29.450893,-20.863629,-6.29836,12.379802,29.198798,34.613127,22.903736,-0.8928,-22.792676,-29.8757,-19.72043,-1.456602,11.556389,11.231393,-0.072358,-11.79721,-13.635823,-4.557951,5.44439,4.450026,-8.321789,-19.06747,-11.987602,12.770783,35.149146,32.204848,0.701628,-37.841227,-55.447511,-41.140087,-7.234806,24.456138,39.716105,36.944379,21.790753,2.625003,-9.844276,-5.980065,13.395061,32.08473,29.592984,1.820849,-30.835326,-40.790096,-20.779845,7.836513,16.50343,-1.390007,-24.658449,-27.345145,-5.161589,22.121583,32.241179,21.188179
3.971509,5.142475,3.824383,0.762524,-3.986923,-10.742186,-18.74375,-25.040415,-25.351243,-17.024758,-2.062761,12.657015,19.148451,14.005333,1.744512,-7.372294,-4.188858,12.587722,34.906866,50.552474,51.197413,37.292817,16.390989,-3.113637,-17.304475,-26.953338,-33.407518,-34.954835,-27.808906,-11.078348,9.337812,22.693163,20.814511,5.167496,-12.909492,-20.014301,-10.843518,7.464488,20.585084,17.858538,0.124685,-21.551827,-34.836947,-35.193804,-27.839223,-21.673302,-20.960588,-21.975234,-17.098293,-2.358851,18.251112,35.231716,40.52344,33.236148,19.948497,9.953757,9.376338,18.034465,30.18663,37.753162,34.076598,17.11356,-8.6417,-32.708736,-42.836586,-32.067643,-4.697298,23.979158,36.002346,22.78684,-7.796073,-35.723247,-42.712607,-25.788753,0.295281,14.516337,6.469618,-14.83734,-27.951707,-16.72631,15.335069,46.190161,51.648274,24.318722,-20.061938,-54.205424,-59.692192,-40.084384,-16.534014,-9.811288,-23.448872,-41.461342,-42.084956,-16.108924,25.012302,57.54985,63.436857,43.509033,15.981619,1.938537,9.514837,28.850361,41.021409,33.371878,9.285202,-14.668647,-21.435469,-6.137692,20.559644,40.323248,40.052774,20.476339,-5.217205,-21.079514,-19.270112,-4.737843,8.881201,8.740947,-8.920247,-36.777698,-61.270019,-70.551822,-60.479101,-35.607678,-5.706058,19.283451,32.892945,33.236713,22.266736,4.426334,-14.679281,-29.695552,-37.036657,-35.886338,-27.861833,-15.378628,-0.029197,17.415603,35.167218,48.62263,51.219503,38.682005,14.036459,-11.142138,-21.964343,-9.764142,20.512258,51.285541,62.489641,44.729242,6.251526,-31.716135,-48.51963,-37.220693,-8.219116,18.803013,28.329448,18.070608,-2.178563,-19.650383,-27.770927,-28.441851,-26.886735,-24.75757,-18.146567,-2.284071,21.582882,43.863228,51.815091,38.680482,9.439963,-21.805307,-41.217822,-44.283108,-37.605242,-32.230803
-0.240198,-8.924197,-17.39478,-17.302859,-6.30323,8.673174,16.834504,12.414117,-1.045926,-13.962477,-17.852806,-10.807346,1.691809,10.569067,9.586414,0.59114,-7.022235,-3.943612,9.828506,23.22653,23.194312,6.969654,-14.619703,-26.712369,-23.471376,-11.685709,-2.222394,0.683568,1.256144,4.968321,11.789884,17.171278,18.019474,15.695045,13.032245,10.154415,4.635084,-4.649007,-15.205243,-22.858387,-25.1343,-22.1628,-15.142039,-5.434529,4.597602,11.474847,13.117778,11.569151,11.614672,15.304357,18.248906,13.139327,-1.802144,-18.491516,-24.994194,-17.246599,-4.333891,-0.261262,-9.155217,-19.364805,-14.507693,8.167462,31.525779,33.451345,9.795728,-18.663654,-24.958865,-3.014584,25.247114,31.74352,10.948168,-15.225138,-21.839564,-7.626284,5.89507,1.292069,-13.730183,-16.293142,2.34142,23.667625,22.200348,-3.775211,-27.810055,-24.032941,3.55765,25.479008,20.127098,-2.41287,-13.315438,1.060106,23.872429,27.95123,6.83644,-19.034254,-26.280365,-13.55401,0.12293,-1.312465,-14.396653,-23.280233,-18.609269,-5.383403,6.035005,11.309057,12.43293,10.576035,3.939678,-6.569744,-13.763809,-10.120386,3.203267,16.374002,21.056943,18.718147,17.087676,19.618929,21.228296,15.152829,1.748405,-11.669161,-18.92791,-20.459815,-20.128158,-19.068291,-15.226746,-8.460915,-3.018132,-2.956455,-6.310337,-6.393332,0.352988,9.487567,13.15621,9.012575,2.731388,0.96594,3.22485,2.625609,-5.016483,-14.339221,-14.279394,0.697095,23.52256,39.12549,36.622497,17.904649,-4.712459,-18.874928,-21.08147,-16.997845,-14.400729,-16.085737,-18.850965,-18.081232,-12.352757,-3.695425,5.339233,13.41739,19.193457,20.061897,14.148719,3.858562,-4.293571,-5.277675,-0.978823,1.636811,-1.120374,-4.199162,1.150247,16.111724,29.666376,27.529349,6.605179,-20.282533,-35.09377,-30.230775
0.570302,-5.04754,-9.530158,-10.27698,-8.298293,-5.53158,-1.914614,2.957928,6.312737,3.653753,-4.578286,-10.031998,-3.844426,12.067823,23.860639,18.846651,-0.409908,-17.400708,-18.159737,-5.146606,6.561919,5.777796,-4.29655,-11.978477,-10.629804,-3.991323,0.656645,1.130053,0.676084,1.997148,4.079185,5.145815,6.059371,8.763629,12.347454,13.008469,8.541855,1.362541,-4.091495,-6.154094,-6.784232,-7.960247,-8.9636,-8.045621,-5.525604,-3.601746,-3.220482,-2.644468,0.226817,5.156303,10.14179,13.873492,16.066124,15.469065,9.688908,-1.357118,-12.755938,-17.720534,-14.286567,-7.613345,-4.425933,-5.962153,-7.914904,-6.865622,-4.318101,-3.135472,-2.124095,2.550931,10.23582,13.392893,5.469084,-9.450018,-18.14382,-11.315676,6.086648,19.508024,19.450327,9.830886,1.741359,1.288163,5.377456,7.980155,7.286989,5.720498,5.355978,5.826065,5.96363,4.831885,0.70752,-8.114518,-19.269666,-24.97052,-18.777882,-4.795609,3.394486,-3.340604,-17.674385,-21.877469,-7.729937,12.563613,19.102107,7.301419,-6.124896,-2.459055,16.629201,30.246448,21.840871,-2.517921,-21.874808,-23.555927,-14.13694,-7.487074,-7.239628,-5.349014,4.133021,15.814693,19.907914,14.764548,7.971724,5.517787,4.592893,-0.297316,-7.12704,-7.086892,3.734813,17.088424,20.060473,8.885155,-7.362275,-16.916129,-16.609926,-11.987038,-8.798747,-7.652165,-6.666627,-5.648385,-5.234679,-3.845617,0.93569,7.445051,9.437827,2.968479,-7.354498,-11.792861,-5.816404,4.83654,10.527055,7.593072,0.135344,-6.658978,-11.41227,-13.684096,-9.793973,3.824297,22.673698,33.861418,27.708785,9.273399,-5.066946,-4.176596,6.316448,10.866876,1.422005,-14.364794,-22.486337,-17.579536,-6.770233,-0.206053,-0.924587,-4.61743,-6.39157,-4.93933,-1.008916,4.69144,10.405857,12.304615
-4.722024,-8.721433,-11.234943,-12.172706,-12.754279,-14.687975,-18.607011,-22.929368,-24.415348,-20.490954,-11.653583,-1.665093,5.215354,7.970394,10.101059,16.628917,28.796388,41.129406,44.285495,32.367751,8.986773,-13.557651,-22.424964,-13.860945,3.517439,15.051588,11.520577,-3.262327,-15.107925,-10.698558,11.226047,37.60036,49.710945,36.428012,2.212448,-35.768258,-58.955116,-58.881474,-41.15407,-20.152214,-9.030317,-11.972277,-23.093878,-31.545928,-28.79566,-13.603023,7.702275,25.197336,31.08607,24.019354,9.707704,-2.502163,-5.101798,3.39018,18.155108,31.746413,38.971856,39.479657,36.491975,33.251052,30.396276,26.282087,19.371653,10.027541,-0.050423,-9.839021,-19.942229,-31.131155,-41.951066,-48.359262,-46.656031,-37.46564,-26.738577,-21.900194,-25.797581,-33.759346,-36.937026,-29.598479,-14.11526,1.03434,8.804933,9.960508,12.216009,22.4682,39.021664,51.331081,48.419996,29.186529,5.438972,-5.804001,4.872328,31.598507,56.975046,64.335613,48.917776,19.702507,-8.440728,-25.209834,-29.872513,-28.354666,-26.605302,-26.404168,-26.173164,-24.329767,-21.103897,-17.4367,-13.172246,-7.325244,-0.377587,4.322812,2.510984,-6.838271,-19.22702,-27.193399,-26.159904,-18.425589,-11.310891,-10.685388,-15.577754,-18.868786,-13.590819,0.846986,18.142097,30.579253,35.21623,35.036726,34.449914,34.158825,30.939645,22.630841,12.822099,9.412779,17.19173,31.256583,38.580078,28.04825,0.90918,-28.113956,-41.371655,-32.403143,-11.565604,2.215731,-2.932091,-22.038474,-37.810077,-35.673589,-16.42189,4.369101,9.497914,-5.55894,-29.292059,-44.066928,-40.234417,-22.392229,-3.349357,7.698111,11.831091,16.589611,26.370067,36.791616,38.506125,26.688806,7.011391,-7.80417,-8.01217,5.391508,21.866906,30.123254,26.638629,16.82923,8.734285,5.575377,3.842029,-2.094721,-13.824297,-27.046696
-3.045054,9.190885,13.39329,6.188177,-5.470087,-12.461325,-12.664097,-10.515923,-9.18426,-6.655076,-0.649264,5.612793,6.333506,1.897554,1.036172,11.198783,27.779555,36.431047,27.749671,7.929391,-7.371472,-9.216752,-3.139105,-0.353649,-4.057081,-7.345977,-4.016513,2.406212,3.031802,-4.42321,-11.480021,-8.188334,5.050768,17.00128,16.819968,4.287045,-11.350192,-20.940968,-22.387167,-19.162378,-14.655968,-9.502252,-3.450282,2.222853,5.097367,3.962685,0.358909,-2.082379,-0.082494,6.291561,12.190601,10.599109,-1.19992,-16.667204,-23.26286,-13.544329,6.101685,19.717789,16.996026,4.25061,-1.587192,9.129574,27.975222,36.985325,27.557698,9.027096,-2.259786,-0.674684,4.017119,-0.577287,-14.699555,-26.459644,-25.699096,-15.117715,-6.289257,-6.165102,-10.0198,-8.329639,1.214025,10.52604,9.939444,-1.278871,-14.109564,-18.859734,-14.058103,-6.366451,-2.762523,-3.722776,-3.973824,0.887738,9.170289,14.514762,12.433987,5.464954,1.632208,7.060111,19.278589,27.856696,22.835107,4.035864,-17.398247,-27.51258,-21.097768,-5.86952,4.789949,3.911768,-3.498281,-6.537917,0.134208,10.989265,15.687941,10.094547,0.768385,-1.729192,6.275391,17.744615,21.89568,14.471188,0.903279,-9.966969,-14.15478,-14.405363,-15.308447,-18.321693,-21.738815,-23.702861,-23.450879,-20.10967,-12.741018,-3.109042,3.101543,0.917054,-6.898068,-9.631598,1.408485,22.088135,36.977445,34.086829,17.847085,5.329923,8.613642,22.240841,29.610496,20.922132,2.508364,-11.930576,-16.468531,-16.447208,-17.887589,-18.007836,-9.757284,5.645972,15.512226,8.130855,-12.803676,-29.46439,-26.960457,-7.957488,10.762874,15.270152,6.494526,-3.845202,-6.252525,-0.637047,7.46031,13.842666,17.219586,16.222629,8.645398,-5.001793,-18.979773,-25.700284,-22.193072,-12.485892,-3.364447,1.502322
-9.597182,-4.457698,4.037589,4.316821,-7.793605,-22.771798,-26.638717,-15.660376,0.265238,8.928408,8.153053,5.395892,6.949517,10.908626,11.612193,8.150863,5.347431,6.641671,9.095169,7.283321,0.634668,-5.574182,-6.553749,-3.084699,0.833844,3.544135,6.427104,9.362119,8.597971,1.417474,-8.295166,-12.203052,-6.439977,3.254646,7.177076,2.008218,-6.233574,-9.80494,-7.818554,-5.608342,-6.663869,-7.989494,-4.671711,2.697354,7.593833,4.815579,-3.574478,-10.630714,-11.814345,-8.387767,-3.915276,0.461009,5.833833,11.649965,14.284921,10.583381,2.06013,-5.556672,-7.122247,-2.083076,5.901617,12.321689,14.574061,12.578311,8.100712,3.615568,0.76898,-0.805742,-2.798608,-5.765625,-7.715593,-6.126423,-1.538539,1.972172,0.976476,-3.023017,-4.835024,-1.657839,3.077861,3.186923,-3.070183,-10.536208,-12.604648,-8.35565,-3.157468,-2.309585,-5.367112,-7.47433,-5.42125,-0.958374,1.999071,2.080295,1.277208,1.639298,2.691437,2.807684,2.258138,3.577926,8.565867,15.541723,20.148958,18.891828,11.875281,2.510188,-5.032804,-8.416896,-8.206726,-6.961115,-6.866395,-7.554529,-6.272232,-0.901121,6.860194,11.91735,10.199744,2.731552,-5.282147,-9.629963,-10.761253,-11.807784,-13.610192,-13.133309,-7.472749,1.495205,7.933829,7.902062,3.498997,0.341274,1.264185,3.541157,2.639983,-2.112107,-6.496729,-5.885746,0.021143,7.115429,10.805079,9.470544,4.653855,-0.835918,-4.453298,-4.541037,-0.98001,4.187885,7.526944,6.689445,2.531439,-1.558117,-2.782939,-1.424011,-0.182285,-1.214435,-3.970275,-5.810028,-4.47856,-0.049959,5.061598,7.675417,5.850376,0.275566,-5.781073,-8.356021,-5.684511,0.072848,4.193585,3.273191,-1.644257,-5.83342,-5.253207,-0.532733,3.448869,2.32128,-3.199451,-7.659177,-6.196283,0.308424
6.872581,4.546657,4.170062,5.316003,5.188159,1.877695,-3.144794,-7.101089,-10.051014,-14.930178,-22.532599,-28.172825,-25.579154,-14.00679,0.353651,10.426927,13.919492,12.331669,7.284297,1.333576,1.212944,14.345747,38.112802,55.540073,48.13049,15.146372,-23.745451,-48.144686,-56.080456,-58.626229,-57.743491,-39.510273,3.920022,51.571164,65.92016,33.518538,-14.159937,-30.577793,-4.568423,28.070016,27.341561,-4.455212,-28.340933,-17.689908,11.615491,26.424789,21.266235,22.391891,45.62372,65.966672,43.816591,-22.05076,-83.525784,-93.015988,-55.641998,-20.087011,-19.566644,-35.483002,-26.579277,15.561716,54.507402,53.381138,18.60674,-9.887336,-6.304783,15.185981,23.656507,9.34778,-10.120242,-15.948848,-8.596646,0.242134,5.677297,10.584275,12.915263,4.060819,-16.031348,-30.574416,-22.050025,5.022646,26.211568,25.047494,12.058876,9.711893,22.16143,29.31644,13.315503,-17.013308,-35.554384,-29.878079,-14.133164,-8.815359,-15.159728,-16.694665,-3.306995,15.115889,21.877007,13.832815,2.424774,-2.81382,-4.244008,-8.294616,-14.548535,-17.97943,-18.170382,-18.653412,-16.909796,-3.436667,23.430933,46.833928,45.124514,18.006678,-8.831178,-11.21314,5.563267,14.273454,0.937545,-16.899736,-12.974002,12.676518,31.915973,22.669068,-4.77142,-22.31133,-19.067324,-11.200511,-16.31095,-29.120944,-30.742128,-16.154942,-0.379822,4.209604,5.173284,15.869068,30.813764,29.289303,6.235835,-13.395136,-2.968676,28.144004,40.452201,13.085555,-25.38048,-28.288564,9.795877,40.533624,16.369049,-51.533857,-102.555611,-92.471751,-37.435426,12.557754,32.113185,38.398666,54.281912,72.268874,66.897396,33.965702,-0.09401,-11.623052,-9.232512,-18.904628,-45.864116,-65.844059,-57.133712,-28.690277,-6.051503,3.82388,18.290399,46.905896,68.444866,54.251837,10.537393,-19.330763,-3.086846,38.876307
-0.677386,-0.907122,5.312947,13.596956,17.047734,13.41699,7.132249,3.942605,4.371534,3.470117,-2.934899,-12.708484,-18.884861,-16.535316,-7.613223,1.113482,4.467554,2.961098,1.032337,1.986108,4.896024,6.089039,3.299835,-1.595393,-3.878845,-0.40984,6.680879,10.867178,6.882486,-3.529351,-11.815656,-9.94298,1.427001,12.363216,12.383142,0.510675,-13.418707,-17.828533,-9.973195,2.169879,7.767812,2.416588,-9.548024,-20.105479,-23.874735,-20.597748,-13.704009,-7.418447,-3.898042,-1.273447,5.447329,19.468605,36.710041,46.356179,39.603938,19.236035,-0.712805,-6.846301,1.401301,12.062041,13.171245,3.985671,-6.695602,-11.674132,-12.347461,-14.366867,-19.0772,-22.078057,-19.856833,-14.674692,-10.873322,-8.097138,-1.634005,9.649638,18.643576,16.583027,4.290353,-6.169094,-3.362665,10.709868,21.788235,17.78113,0.603054,-17.081171,-25.222557,-24.310922,-20.466623,-16.073778,-8.304446,3.635746,13.341066,12.183603,-0.59589,-14.707339,-17.128567,-3.780838,17.016691,32.079646,34.063121,25.85807,16.289816,12.245547,13.941597,16.24782,14.046028,6.84726,-1.283609,-6.34936,-8.898801,-13.260985,-21.79383,-30.539186,-32.081809,-23.405381,-9.95255,-0.580574,1.344164,0.402536,2.213883,5.762693,4.818341,-3.014832,-11.241678,-10.817989,-1.090045,8.12457,6.868672,-3.683601,-12.226613,-9.639978,1.532166,10.961237,12.389011,9.198259,7.955254,9.109159,6.980122,-1.082121,-8.468562,-4.968212,11.234435,29.158587,34.307272,22.536385,4.073451,-6.50351,-4.058026,3.229845,3.113873,-8.139109,-22.245405,-27.341164,-19.520336,-6.072498,2.355741,2.312105,-0.16823,2.21943,8.443984,9.246713,-2.246659,-20.750671,-31.571478,-24.562262,-5.160317,9.662911,7.203519,-9.207435,-23.965027,-23.806151,-8.397336,11.939846,26.281334,30.019586,24.481661,13.787011
4.359518,1.754595,3.332173,9.711359,14.413895,11.439707,2.860697,-3.506792,-3.586854,-1.412767,-2.661838,-6.066729,-4.616806,4.338318,13.288671,11.608222,-2.240855,-18.037893,-23.976054,-17.660994,-5.918173,4.143493,10.648748,13.778248,11.3898,1.643017,-10.965903,-16.645155,-10.079975,2.482114,8.924799,4.220592,-4.699584,-7.964263,-4.204081,-0.323778,-0.987132,-2.410887,1.385016,8.983844,12.409374,7.752007,0.993012,0.393488,5.280314,6.903248,1.210485,-3.65996,3.032351,18.716016,26.496278,13.238679,-13.65303,-31.855001,-27.319191,-8.74241,3.320541,-0.351651,-9.14321,-7.533966,5.561855,16.037962,12.065636,-1.981093,-11.238265,-7.669009,1.844964,4.969566,-1.586108,-9.361177,-8.789008,0.197988,8.948576,9.592039,2.125107,-7.071853,-11.593087,-9.389676,-2.757827,4.019485,7.264051,6.109667,3.339222,3.281815,7.498213,12.385733,12.150651,4.979219,-4.149022,-7.760832,-3.378284,3.67481,5.420832,-0.737699,-9.247059,-11.69399,-4.919276,5.913394,12.122102,9.480866,1.756359,-3.490304,-2.637357,0.520983,-0.762202,-8.32958,-16.385261,-17.265904,-9.679497,-0.136353,4.298638,3.633101,3.847986,8.28626,12.216049,7.924231,-5.189444,-17.885494,-19.850232,-10.232032,2.205057,9.130024,10.668341,12.302713,15.74551,16.094032,8.837842,-2.847659,-10.494514,-9.643577,-4.169642,-0.298697,1.439323,5.492655,12.949421,17.404619,11.729637,-2.234507,-13.934855,-15.185646,-8.981323,-5.158923,-8.148878,-11.909198,-8.187292,2.350889,10.073889,7.541915,-1.760038,-7.525986,-4.295765,3.217412,6.650906,3.656937,-0.700464,-1.279564,0.853162,0.502867,-4.627925,-10.752076,-11.941996,-6.131365,3.214393,10.452257,12.01139,8.18679,2.45464,-0.51475,2.316518,9.628845,15.617198,14.057569,3.95445,-8.722733,-15.703859,-13.42209
5.129348,6.301395,6.693296,12.521295,26.112967,37.064694,29.014252,-0.272875,-29.757029,-33.632643,-9.910502,15.56162,16.858088,-4.843583,-26.409994,-31.084678,-23.811446,-18.227946,-17.21135,-12.293579,2.055475,20.901657,35.059943,38.885092,31.276743,15.16099,-1.128107,-7.672777,-3.965686,-2.906246,-16.729892,-39.352969,-50.20605,-38.255724,-15.507356,-1.278529,1.64122,6.614136,20.691904,33.032451,30.217906,15.450908,4.27794,4.24592,7.699587,5.814508,1.700152,4.593277,15.716897,26.060489,26.852397,17.252227,2.120226,-12.773966,-22.427502,-24.524875,-22.461944,-22.744692,-25.9913,-23.813277,-9.455354,10.590294,21.921996,19.46014,12.653434,10.669352,9.107637,-1.784857,-19.587349,-29.848582,-24.91499,-14.129731,-10.408606,-13.018391,-11.365783,-2.649953,4.018433,2.84008,1.838881,11.745842,29.072166,38.226262,30.2816,13.223968,1.682567,1.384594,6.679369,9.501983,6.563996,-0.099831,-5.05042,-2.516051,7.926482,18.017214,17.173426,3.825061,-12.960289,-24.77952,-32.244715,-38.122551,-36.95476,-20.40161,6.373315,22.811425,14.215173,-9.165987,-21.86757,-11.676353,8.220371,17.080261,10.161419,-0.147341,-2.337047,2.130236,4.599825,0.966286,-5.259096,-8.331619,-5.553608,1.436803,8.29827,11.649127,12.531972,14.831547,18.650753,17.78341,7.687411,-5.336287,-8.6638,1.141886,12.388354,11.815409,0.412942,-9.878805,-13.035578,-14.769221,-20.097899,-23.185134,-15.837036,-1.577312,6.992325,4.486292,-1.111149,-0.612721,4.884803,9.088343,11.248894,14.400105,15.758561,8.2529,-6.613565,-15.85531,-10.572487,0.975893,3.115945,-7.005132,-16.897991,-16.501799,-10.013689,-6.404344,-5.606448,-1.418529,6.023364,9.776823,7.920977,7.019096,10.594595,11.898152,4.543846,-5.05052,-4.791965,5.15996,11.337144,6.226438,-0.496842,3.501024
-49.557526,-40.288062,-23.373453,-12.5475,-7.191227,3.366838,21.236618,33.24452,26.765819,7.903295,-3.066329,4.981141,21.31984,28.157179,24.134714,25.47063,42.08955,59.538534,52.163967,14.02321,-29.8343,-46.963061,-29.846721,-0.845628,13.566379,8.097091,-3.177656,-7.941565,-8.099808,-11.691558,-19.755441,-26.539377,-29.806947,-33.890728,-40.403089,-41.198415,-26.427195,0.974322,24.254824,29.220978,18.911694,8.287557,5.535315,3.702,-6.873399,-21.926032,-25.073754,-7.431325,19.033302,32.195397,23.485709,7.372109,5.483892,23.291682,45.048175,51.228712,38.003445,18.127057,4.904311,-1.251236,-9.683004,-25.767773,-43.38528,-51.410929,-45.600165,-32.119399,-19.559449,-9.43983,3.716282,23.137304,42.56079,50.156656,40.154955,19.510194,1.750623,-5.863136,-8.159245,-14.84154,-28.743125,-42.715366,-47.789094,-42.223258,-31.15239,-19.012278,-5.57259,9.683813,22.308236,25.709167,19.37367,11.060036,8.611577,11.32481,12.51317,10.199038,10.948762,20.161155,31.288983,30.443534,13.589155,-5.245496,-8.158519,4.686092,12.823518,-1.279785,-29.698785,-45.353136,-31.952783,-3.057322,12.861457,4.467379,-10.786605,-8.787446,11.984395,28.646361,21.010754,-4.768812,-23.086322,-17.097923,4.388884,18.727974,14.168418,-0.253077,-7.691138,-2.176623,6.799515,5.418306,-11.384166,-36.495983,-56.576547,-60.383099,-44.446231,-14.6689,16.524831,36.67755,39.736114,28.092699,9.917928,-4.53706,-5.617102,11.953771,43.380739,72.000688,78.169878,54.936495,15.414881,-18.163556,-34.093195,-38.411299,-41.851338,-43.141689,-30.577514,-1.144188,27.354711,29.79643,0.648913,-36.576198,-50.393367,-31.498054,-0.054225,16.179344,7.980558,-11.16887,-22.354046,-18.119563,-3.652764,12.290487,23.408302,25.866291,18.881182,7.685254,1.946742,6.522649,14.147336,11.555324,-5.024356,-23.079501
-2.137532,-3.711986,-4.414638,-3.954848,-1.376412,3.35173,8.670042,12.81181,14.898119,13.865949,7.503145,-5.066107,-19.21292,-25.341848,-16.638609,2.863249,19.577209,21.447895,8.010438,-10.682132,-24.009905,-28.277468,-25.258136,-16.860035,-4.075959,9.844198,18.975269,19.633096,14.250886,8.087517,2.680726,-4.557039,-13.35639,-16.405987,-6.126128,14.184003,29.562405,26.680138,7.289901,-13.579032,-22.445271,-18.118693,-7.788604,3.380354,14.774638,24.087095,24.776756,13.760296,-1.002358,-6.27753,1.40323,10.219558,6.115131,-10.212915,-23.656066,-22.715955,-12.99499,-9.307404,-16.699478,-24.625356,-21.106564,-7.799907,3.460415,6.856674,8.957876,16.882266,25.51549,22.834029,7.21276,-7.340076,-7.218663,3.262885,6.570673,-5.618201,-20.751172,-20.347692,-3.211952,12.827105,13.290727,5.037958,6.610048,23.041816,37.422778,30.524678,4.44668,-18.770884,-21.603268,-9.084602,-0.347291,-6.013124,-18.438657,-23.275972,-15.463228,-1.551186,9.910238,15.507334,15.349116,9.694759,0.096794,-8.952172,-13.586354,-15.327828,-18.505077,-22.067683,-18.203713,-2.927996,14.309128,17.766817,4.324558,-9.469879,-4.650959,16.948623,32.698317,24.947276,2.249548,-10.680873,-2.811274,10.413616,7.427171,-11.586442,-24.625668,-15.619976,5.460763,15.67141,8.247004,0.299428,9.417593,29.573299,37.316479,20.169244,-8.78211,-27.404117,-29.552564,-26.94521,-28.37545,-26.562245,-10.972303,11.9206,21.127862,6.48845,-15.386625,-17.640351,5.493492,30.587442,31.105452,7.091804,-16.45254,-19.359869,-7.883596,-3.425344,-14.319311,-25.752319,-18.92162,5.153358,25.863114,26.003149,10.059236,-2.151081,2.73471,19.096382,30.438842,26.502312,11.214397,-3.597383,-9.336117,-5.980289,0.351068,2.979441,-1.096232,-9.984239,-18.74002,-23.077535,-22.172082,-18.075498,-12.691001,-6.152102
-4.389791,8.900474,12.422799,-0.300586,-18.617356,-24.393798,-11.040732,9.420331,19.529968,14.85154,6.961743,8.708035,19.861768,29.351676,29.4373,23.601371,19.57338,18.279674,13.73769,3.376965,-6.116898,-6.557454,-0.218297,0.345182,-13.501613,-34.585796,-45.469971,-36.37694,-15.469518,0.09227,1.938612,-2.78734,-2.102787,6.356169,13.691821,11.338611,1.144805,-7.512376,-8.77497,-5.701929,-4.39481,-5.376517,-3.39454,4.433509,12.880597,13.121131,2.793996,-10.001408,-13.692006,-3.947023,12.855326,26.183939,30.462731,27.92437,23.981002,21.106199,17.057651,7.830351,-8.236245,-28.319539,-45.794916,-53.368731,-47.550032,-31.750862,-14.650385,-3.676871,1.061425,5.81952,15.205233,25.537755,27.996195,19.448417,8.796375,9.782328,26.017017,44.362769,45.637318,23.163215,-9.843827,-32.194247,-33.969222,-23.618679,-16.681623,-19.114997,-22.694929,-15.977642,1.949028,19.250079,22.07626,7.090217,-15.654989,-31.036125,-30.584165,-18.249004,-6.194173,-4.079553,-10.390553,-13.616127,-3.378485,18.148545,36.325783,37.164299,21.01743,2.349003,-4.625898,1.077009,9.530146,13.347067,15.027676,19.533713,23.397144,17.062485,-0.507942,-14.654107,-8.702103,14.518147,30.191307,15.62992,-23.60667,-55.955756,-54.440031,-23.232208,8.153853,15.259754,-0.061246,-17.782063,-23.076693,-17.158843,-8.135065,0.550587,8.465942,10.277949,-1.671592,-24.411755,-40.116792,-31.837993,-3.397604,22.118821,26.871366,17.897317,17.590369,35.599064,56.126755,56.339032,33.387144,7.061886,-4.347133,-4.205719,-8.879488,-22.680312,-29.772361,-14.39428,16.04808,35.102696,25.134188,-4.020217,-27.216052,-31.313009,-25.328708,-24.368054,-30.327547,-33.142853,-27.445911,-20.01494,-18.020003,-15.754873,-0.497615,28.034742,50.680177,46.859452,18.479276,-9.171974,-12.545525,6.62599,25.238183,24.396297
1.227509,10.83976,10.278365,2.816392,-3.387895,-4.709947,-4.537379,-7.050068,-10.853894,-10.362267,-2.952194,6.983313,12.151155,10.162364,6.287957,7.915545,16.386105,24.75725,24.096952,12.344221,-2.952231,-10.991383,-7.435671,1.675519,5.682069,-0.597489,-12.029179,-18.185302,-13.244989,-1.151432,8.640895,10.102349,5.336326,1.093789,1.488215,4.348657,4.063627,-2.703191,-13.827996,-23.10814,-24.341056,-15.195463,1.047008,16.855522,24.806129,22.581766,14.499368,7.405615,4.180447,1.358068,-6.299501,-19.074343,-31.034904,-35.779728,-32.386876,-24.502032,-14.227216,0.481281,20.405649,38.31046,41.414257,23.693903,-4.578175,-22.562668,-16.780052,6.214229,25.970067,27.429563,13.89481,1.193224,0.562527,8.722759,14.179414,10.733534,2.860117,-1.315669,0.454617,3.47073,2.94583,-0.768398,-4.464747,-7.421233,-11.983056,-18.818805,-24.000292,-22.899807,-16.631368,-12.511628,-16.679785,-26.677348,-32.54912,-25.744077,-6.681975,16.140666,33.276714,39.960469,36.289595,24.883831,10.102214,-1.81966,-5.147351,0.684588,9.307352,12.21157,6.335075,-3.470953,-9.873685,-10.275716,-7.862513,-6.171265,-4.600893,-0.465545,5.726555,9.505619,7.912017,4.165293,4.659625,11.018927,16.974244,14.768419,4.192094,-6.454606,-8.965569,-3.574949,2.322542,2.768578,-1.55453,-7.014713,-13.261279,-22.634864,-33.338133,-36.78899,-25.539217,-4.029008,11.865177,9.261257,-7.547611,-19.551625,-11.438078,12.617197,32.506679,31.593825,12.035194,-8.777917,-15.309274,-6.433475,7.361604,16.009903,17.641734,16.562027,17.168432,20.998152,27.067944,31.674268,27.87576,9.165861,-22.367089,-51.77285,-59.471848,-38.155649,-2.262732,22.007311,19.019077,-2.938089,-20.797103,-19.032976,-2.423892,12.497876,15.960472,12.690539,12.241036,15.611598,14.674518,3.96406,-10.976264,-19.550932
-2.1675,-0.614623,7.527306,18.646877,25.196857,21.9902,10.870728,-0.616551,-5.557851,-3.428321,-0.130356,-2.274465,-10.843213,-19.950198,-21.854525,-13.808804,-0.690583,8.899901,9.669255,3.732867,-1.598247,-0.229123,7.69625,16.278405,19.071628,14.314412,5.834052,-0.690086,-2.465247,-1.221687,-0.774215,-3.203318,-7.257131,-10.144878,-10.600993,-10.046461,-10.722864,-12.764164,-13.325694,-8.994377,0.493663,10.720458,15.079462,9.672031,-3.278558,-16.421586,-22.153598,-17.74321,-6.870745,3.431335,7.92911,6.49868,3.344366,3.140642,7.328517,13.332571,16.932138,15.589607,10.089027,3.497009,-1.32715,-3.499928,-3.917084,-3.666679,-2.72226,-0.11461,4.701987,10.688719,15.45487,16.789034,14.218492,9.291291,4.373137,0.986069,-0.980807,-2.691474,-5.091793,-8.10238,-10.865159,-12.632468,-13.396339,-13.757142,-14.329495,-15.346833,-16.736832,-18.302778,-19.534604,-19.171723,-15.277561,-6.401586,6.678539,20.151568,28.574989,28.099173,19.332001,7.438496,-1.042344,-2.535827,1.351725,5.491749,5.429958,0.70957,-5.303357,-8.686063,-8.274123,-6.094014,-4.747281,-4.466359,-2.863766,2.239069,9.663291,14.785245,13.195404,5.116357,-3.604482,-5.456358,2.66821,16.36282,26.485982,25.913774,14.910929,0.777748,-7.880819,-7.535652,-1.683468,2.824018,1.576047,-4.430522,-10.763946,-14.144407,-15.258832,-17.395895,-22.501253,-28.571741,-30.92176,-26.189877,-15.432461,-3.516304,4.634707,7.653576,8.190073,10.063911,14.748554,20.144058,22.411725,19.080065,10.884908,1.207183,-6.034383,-8.348134,-5.487982,0.762677,7.332067,10.960121,9.680297,4.183253,-2.075724,-4.794204,-1.941687,4.25353,8.485255,6.362617,-1.776186,-10.582163,-13.623365,-8.540826,0.919327,7.926077,8.227113,3.604189,0.054244,2.236091,9.089012,14.565323,12.885613,3.664127
5.099322,-1.55873,-6.879465,-4.319464,4.628634,13.164418,17.580544,20.497597,25.153715,28.883655,25.167853,12.338628,-2.29983,-9.157855,-6.565549,-2.257558,-4.121678,-11.158066,-15.263142,-11.27236,-2.966025,1.800941,0.257659,-3.107725,-3.303372,-1.346348,-2.286136,-7.703968,-12.664838,-11.273477,-4.027268,2.136222,1.265039,-5.411669,-11.388153,-12.06561,-8.801755,-5.975899,-5.498566,-5.235417,-2.269312,3.589621,9.869378,14.073693,15.45862,14.611832,12.333648,9.290414,6.141781,3.441325,1.68886,1.937663,5.821861,13.635025,21.816889,23.636705,14.516075,-2.419091,-17.181314,-21.024423,-14.306441,-5.662486,-2.917551,-5.416852,-6.120778,-0.829418,6.218351,6.827386,-1.878978,-14.087664,-21.412951,-21.155792,-17.499831,-15.272332,-14.353706,-11.028774,-3.610907,5.062547,10.907316,12.86904,12.839354,12.127986,9.802996,5.078124,-0.054169,-2.222163,-0.678115,1.54873,1.395586,-0.118766,1.138084,7.220309,15.090576,19.654283,19.149803,16.265037,13.840219,10.918651,4.385442,-5.824447,-14.705234,-16.362974,-9.959701,-0.939806,3.522202,-0.002306,-9.487096,-19.557839,-24.644025,-21.577242,-11.505081,-0.041367,6.035502,4.175264,-1.64921,-5.166216,-4.575729,-3.7378,-5.673965,-6.530394,0.843588,16.271082,27.997869,22.979189,2.242682,-17.001213,-17.702262,-1.11879,14.137287,12.397851,-1.869616,-9.812022,-0.512302,15.941166,19.848362,4.466152,-16.279173,-23.150154,-11.571999,6.138495,16.42531,17.752978,16.791051,15.620512,8.591299,-6.881868,-21.097885,-19.134153,1.932717,26.286345,33.018572,16.426037,-9.012206,-23.973464,-22.842125,-16.271709,-17.267312,-27.30706,-36.306592,-33.818565,-18.50904,2.056521,18.162007,23.922667,19.374289,9.76572,2.826358,3.871717,11.134968,16.223586,11.264981,-3.084001,-17.068642,-20.070311,-9.705516,7.025134
2.23966,10.873546,13.010419,10.31294,8.70179,10.873472,13.15516,10.547572,3.421841,-2.811711,-4.551708,-4.158539,-5.743779,-8.442697,-6.98035,0.40942,7.55566,6.833573,-0.717523,-5.475589,-1.249008,5.571045,3.030409,-10.071358,-19.458535,-11.019852,10.211993,21.971889,8.59974,-19.549406,-34.888179,-21.439285,8.445287,28.365737,26.284659,14.413819,10.807837,16.532757,16.168927,-0.253446,-22.092308,-28.964366,-14.534195,5.678428,11.823647,1.611724,-8.853903,-5.139408,8.711572,15.389726,4.074038,-18.023642,-33.498973,-31.268936,-14.454162,5.025382,16.198374,14.405012,2.166307,-11.418643,-14.018287,1.49431,28.396767,47.714928,43.00688,16.076859,-13.058397,-23.906325,-13.785815,1.888194,6.80822,-0.492413,-8.452015,-7.621834,-0.853237,2.168557,-2.254819,-7.678709,-6.390727,0.303989,3.176393,-3.870182,-16.142276,-22.892842,-18.661378,-8.087397,0.606698,4.882926,8.884213,15.893449,22.416323,21.620114,11.977154,0.347527,-4.629208,-1.331576,3.845219,3.873531,-2.119786,-9.870704,-15.801699,-19.317846,-19.362547,-11.974425,5.239495,26.113517,36.876168,27.67052,3.64134,-17.634315,-21.687811,-10.134194,2.481235,4.163267,-3.546631,-9.843294,-7.570712,0.143885,5.280618,4.091504,-0.349554,-2.652017,0.529764,9.948662,23.596559,34.490566,31.254107,6.796763,-30.421505,-56.721962,-50.895119,-15.140376,22.939368,32.817931,7.924114,-29.165883,-47.832935,-35.466868,-4.352642,23.287489,34.166297,29.795552,19.32029,10.715743,7.6584,9.954156,13.783921,13.025456,3.931302,-10.15852,-20.363411,-20.113097,-11.080359,-0.451875,6.75675,10.766351,12.709855,10.488895,1.805089,-9.721478,-15.399851,-10.659371,-1.490775,1.506937,-4.319217,-10.093087,-6.346239,4.463445,9.937886,2.737613,-9.702158,-13.27702,-3.709858,8.712318,11.882667,6.097509
38.11324,20.534922,-5.012429,-13.686241,0.299536,18.807202,20.699749,3.55769,-17.118092,-26.577306,-23.844444,-16.643693,-9.308469,-0.398455,9.655924,14.634844,9.316606,-2.55564,-11.222763,-12.007162,-10.196804,-13.110684,-19.56586,-20.433796,-9.645702,8.137794,22.196456,26.223628,22.164946,15.02824,7.460484,0.637013,-2.644289,0.293791,7.052395,10.392977,5.898629,-1.950364,-4.215324,1.657058,7.919402,5.185022,-6.38993,-17.052485,-18.584277,-12.952074,-8.29497,-8.089523,-7.461692,-0.94454,8.698331,12.154746,4.143597,-9.516308,-16.501824,-9.276687,8.307032,24.485874,28.767028,19.051738,2.42214,-10.068634,-11.389105,-4.115234,1.523926,-2.881737,-14.952135,-22.820095,-16.936418,-0.479642,13.430126,15.174389,7.680602,1.040618,0.029542,0.228744,-3.014675,-5.565412,1.366196,18.118238,31.74213,27.749972,6.05789,-17.701017,-27.641346,-22.329278,-12.636951,-7.158998,-3.677498,3.963256,14.108433,16.761139,5.415575,-13.528424,-25.726273,-22.877523,-10.130263,0.445606,2.119288,-1.343583,-1.070899,8.116093,23.440464,36.112585,36.75393,21.534218,-3.696328,-25.096063,-29.840225,-16.736552,1.762346,10.037044,3.259813,-9.130038,-14.023166,-7.842291,1.562052,5.081952,2.084329,-0.866926,0.949863,5.356037,7.533358,6.839577,6.997041,9.88642,11.641408,6.559291,-5.842068,-19.311567,-26.724891,-26.397322,-21.956859,-16.9194,-10.92968,-1.722244,10.342343,20.975196,25.412986,22.675027,16.150339,10.235891,6.601491,3.533344,-1.397962,-8.069522,-13.05453,-12.263609,-4.760467,5.852234,14.146532,17.377407,17.314547,17.311359,17.529696,13.597667,0.776403,-20.014303,-40.309663,-48.90809,-40.056663,-18.630984,2.14138,9.6414,1.559421,-11.404865,-13.626132,1.522733,23.860651,33.72373,20.022178,-7.612319,-26.050234,-20.119393,2.732309,20.296485
-6.267105,7.734323,10.593911,-5.141616,-6.324574,-5.408111,-23.308513,-17.648008,19.348146,14.023608,-35.254328,-34.774545,18.853867,31.719366,-4.129362,-13.538303,13.390513,29.495091,23.223304,6.163659,-19.928348,-39.34645,-26.649411,12.514044,36.466685,10.971094,-37.090694,-36.628127,19.957278,50.32617,18.229872,-10.144198,0.959639,6.172031,-6.158811,0.682039,13.445628,-4.050818,-26.607216,-20.041383,-4.692176,0.088097,4.063916,-0.970275,-23.094183,-25.6587,14.432211,48.937671,29.883313,-11.542696,-16.609125,10.025335,16.119202,-8.252148,-17.658374,1.240628,2.014268,-28.329894,-34.014864,6.004419,32.949102,11.251363,-16.908596,-12.216234,11.336849,30.592588,39.048013,30.959486,7.132333,-16.23943,-27.649335,-29.061951,-20.491901,-0.815839,17.316432,15.366394,-6.421525,-25.175722,-21.904853,-4.958339,3.608242,-0.061702,-0.966295,5.526051,5.879079,-5.365697,-12.644139,-5.265493,3.456328,4.202631,13.914209,35.704058,33.042853,-5.046797,-23.825963,7.997665,35.127371,11.75714,-18.30399,-6.383753,18.022386,8.517025,-23.251572,-36.414233,-21.127444,-6.274694,-15.99698,-30.386913,-18.502339,1.758483,-0.71788,-2.885005,19.837222,30.843812,11.374126,8.197144,28.115133,16.216938,-17.141662,-7.137149,25.234857,13.348148,-16.426958,-6.231952,13.7456,-0.682299,-18.746287,-9.650049,2.382175,-2.078387,-14.632642,-25.152541,-14.186264,24.796191,43.719167,8.303114,-27.568961,-15.866525,0.560935,-9.074408,-1.744503,24.52971,12.071229,-20.43015,-2.727634,28.911834,-7.702718,-63.702185,-39.577156,27.058444,36.265186,0.693981,-6.279434,17.157137,31.090983,27.489621,13.990296,-2.669246,-7.408935,-1.986705,-7.440117,-17.965226,-11.396147,-0.020202,-3.550359,-5.518317,4.533582,3.659805,-10.395419,-10.758068,-0.928034,-5.136865,-10.200216,7.826508,25.408177,7.106378
3.074526,-35.689796,-63.427891,-41.903886,-11.420151,-12.771747,-13.98795,-1.825981,-12.626621,-27.591426,-1.096874,25.671104,6.232654,-5.773622,25.474412,41.620231,22.352994,17.880675,27.78272,17.682902,5.664002,2.498249,-20.967942,-43.024168,-19.223078,11.152521,1.718564,-5.262525,13.129489,4.184958,-30.253932,-26.514683,0.450719,-9.214434,-28.56893,-6.335275,23.77501,16.315955,-4.991871,-5.994941,13.085766,40.487165,49.40625,13.629228,-33.653415,-32.924856,4.069084,20.799169,12.668164,6.077322,-7.199874,-34.377765,-43.172517,-17.405508,11.557319,18.56067,11.800975,1.797856,-8.107557,-10.310707,-2.387191,8.536043,17.187809,18.04731,6.858587,-4.065651,-1.316069,2.772869,-4.342682,-7.295951,2.721049,7.294198,0.612054,-4.152996,-12.635057,-32.332324,-37.335211,-9.39598,23.264842,33.228037,31.138983,31.20727,27.937483,13.458758,-11.412881,-32.595698,-30.260536,-12.785654,-11.387052,-22.68669,-14.979625,6.599224,13.947431,11.947247,12.30555,2.810534,-10.347327,-2.992279,11.927387,11.032859,11.778247,22.216892,10.629504,-19.045196,-20.605412,-1.01397,-9.967333,-36.285456,-25.74872,17.150022,39.539093,27.998404,15.559596,18.030079,14.835475,-5.460077,-21.251278,-19.339418,-18.063827,-20.600926,-4.769869,14.384384,-3.926279,-39.18709,-35.93219,-4.284788,11.102657,15.582916,25.071407,20.142338,4.299826,11.959822,33.340989,28.757509,2.455133,-16.602886,-20.556085,-6.01887,22.614486,31.002284,3.197435,-21.344917,-12.620694,3.500967,-3.290294,-25.803894,-40.894732,-36.974753,-23.30914,-16.573654,-11.583452,6.459508,23.371514,21.095267,19.054472,32.399914,35.718052,17.08032,2.409007,0.311348,-4.377947,-7.504874,-3.466947,-11.113554,-30.082678,-25.515255,11.243692,42.807026,39.974574,13.846369,-5.562296,-3.624824,2.436349,-9.894218,-27.111958,-20.66797
0.920716,3.442108,0.89902,-4.527161,-6.958048,-3.119446,4.512012,10.619408,11.784279,7.995233,1.174264,-5.739847,-8.529571,-3.317972,9.090537,20.929824,22.21841,9.830911,-8.414026,-20.115379,-19.355994,-11.133447,-4.903231,-4.775878,-6.845441,-5.356795,0.284401,5.39105,5.82311,2.520422,0.04689,1.508303,5.466289,7.538005,4.661387,-1.883578,-7.207849,-6.960941,-1.738376,2.541495,-0.069725,-8.728744,-14.883159,-10.026498,4.755064,18.113021,18.867806,7.097123,-6.40242,-11.87109,-10.087324,-8.75295,-10.800963,-9.630375,2.356344,22.414512,37.832331,38.343008,26.083969,11.693723,2.092543,-5.039764,-14.530246,-24.800594,-28.694281,-22.526645,-11.237139,-3.189051,-1.698353,-3.682977,-5.467226,-6.697632,-7.674499,-5.972795,0.786267,9.353397,11.929515,5.089499,-4.462844,-6.462666,0.601659,7.164874,4.604051,-2.946859,-2.935985,9.136052,21.834222,20.051924,3.731451,-10.27559,-6.961507,9.24571,19.342139,11.567584,-5.715874,-14.88814,-9.722541,-0.903788,-1.10873,-9.344037,-13.741129,-7.92388,0.596151,0.435317,-8.503072,-14.144285,-6.745892,9.10905,19.299439,15.481579,3.048567,-6.000803,-5.414324,1.349036,7.147375,7.976245,3.932691,-3.107504,-10.150984,-12.868569,-8.349678,0.515395,5.633081,1.476454,-7.769499,-11.197611,-2.740493,11.367864,18.428952,12.47276,0.087478,-7.338414,-5.547206,-0.086276,1.877966,-0.375,-2.397354,-1.74763,-0.712413,-1.369938,-0.808446,5.666594,16.634389,22.831281,15.875498,-1.545805,-16.384199,-17.533013,-6.918879,2.788122,1.49418,-8.33522,-15.39621,-12.128249,-2.12545,4.983318,4.315343,-0.20822,-2.146342,-0.633859,-0.396365,-4.246287,-8.033317,-5.029734,5.091995,13.885347,12.378892,1.283939,-8.676924,-7.504252,3.679155,13.916642,13.886074,4.971291,-3.451082,-4.521024
6.776139,6.213435,0.451147,-6.586699,-8.793912,-4.353305,1.865912,3.341952,-0.896557,-5.230244,-4.208296,0.492292,1.424077,-5.708929,-15.654681,-18.021929,-8.732236,4.230409,8.270974,-0.487283,-12.944748,-17.260956,-12.149651,-7.423628,-10.553766,-15.248381,-6.897913,19.906626,51.867213,67.481206,56.750766,28.85747,1.020045,-16.818546,-24.666439,-24.13212,-14.509167,0.406311,7.344712,-6.227397,-34.70039,-52.956929,-39.30351,-0.311785,32.251139,32.717241,7.698624,-12.41357,-7.070493,13.905934,24.891722,14.824938,-2.53048,-7.736464,1.633253,11.558915,10.888409,3.04182,-2.530871,-3.937223,-6.14757,-9.546422,-7.29638,2.724058,9.33594,-0.879974,-24.00775,-37.690081,-24.860644,4.445597,21.550639,10.626891,-13.378446,-22.044869,-5.527351,18.349955,26.829553,17.44017,6.134745,4.590231,7.656468,5.233912,-0.769187,0.889607,12.485722,20.173589,10.215615,-11.615843,-23.975223,-14.314443,6.190791,15.902512,7.634263,-5.341357,-7.972003,-1.65635,0.586713,-6.505831,-13.23581,-8.887161,2.978733,8.920014,3.539006,-3.79184,-2.923015,1.455794,-4.963811,-24.9722,-40.364501,-29.232081,8.045479,44.740409,52.078893,26.234096,-10.005777,-30.389523,-27.518717,-13.690805,-4.665213,-5.668286,-10.869353,-11.441794,-2.367795,15.213889,34.093214,43.429846,35.247313,12.082165,-12.105403,-21.518901,-11.254796,9.159361,25.183584,30.03601,28.036397,26.24821,24.529442,15.143678,-7.61379,-38.142072,-61.070398,-63.527576,-46.977979,-26.565353,-17.177984,-19.196185,-19.007611,-5.236301,16.079106,25.483085,11.504472,-13.526679,-23.162762,-4.278348,27.596093,43.732451,32.507012,10.415103,1.281998,8.592964,14.061897,3.393247,-13.59766,-14.504362,6.459877,28.809328,29.322164,10.400657,-2.504055,7.666482,27.805603,30.030493,5.966142,-22.11565,-27.259281,-9.490568
-6.745352,-5.439955,1.748411,10.515222,13.069097,5.488907,-7.685736,-17.237805,-17.881883,-12.415535,-7.160687,-4.593335,-1.978015,3.133657,8.43332,9.61236,6.584597,4.35355,6.606951,10.237232,8.648934,0.475551,-7.495712,-7.868227,-1.826167,1.990683,-1.479095,-6.263747,-1.781897,13.37688,27.008674,25.044651,7.2175,-11.303661,-15.008142,-3.661462,8.469877,8.435101,-2.199214,-10.674714,-8.139054,0.529679,2.362739,-9.432879,-27.777854,-37.894836,-30.516015,-9.548,11.78143,21.630719,17.718298,7.196839,-0.340051,-0.463939,3.768048,6.034003,3.331412,-1.192684,-1.748713,3.823887,11.428985,14.485981,10.253912,2.255594,-3.463344,-4.10743,-2.029916,-1.257114,-2.687564,-3.005862,1.67172,11.032438,19.309106,19.122236,7.671503,-9.830919,-23.017666,-24.101711,-14.316946,-2.984082,0.699983,-4.135406,-9.779543,-7.977649,1.850888,12.431876,16.084108,11.570999,3.739054,-2.153689,-4.461033,-4.300463,-3.158674,-2.800578,-6.056101,-14.611102,-24.798486,-27.75224,-16.968997,3.482087,20.424258,23.466203,15.271216,8.265884,10.695205,17.695915,17.84515,7.624471,-3.353483,-2.842373,9.848394,22.364904,22.095806,8.662423,-7.14665,-15.169632,-14.467928,-10.790688,-8.758848,-8.847277,-10.54305,-14.627981,-20.496927,-23.389375,-17.831974,-4.80125,6.77794,8.123384,0.227249,-6.246735,-1.589033,13.017444,26.641228,28.857627,18.060123,0.756355,-14.663569,-22.224571,-18.842571,-4.752297,14.479672,28.357649,27.707253,12.651752,-6.311656,-16.799291,-14.793058,-6.511206,-0.81181,-0.953817,-3.888105,-5.722508,-5.669956,-4.632872,-2.306037,2.175641,7.235535,8.930319,5.433606,0.321189,-0.680933,3.38206,6.699314,3.1759,-5.616701,-10.93407,-6.348196,4.284325,10.106447,4.94276,-5.519351,-9.469224,-1.726418,10.37599,14.413431,5.552815
-3.719085,-5.485818,-7.681874,-3.488108,11.697497,33.465201,48.788379,45.030646,20.653991,-11.956137,-34.941904,-38.071595,-25.279709,-9.219504,0.43753,3.598277,5.752422,9.24299,10.193427,4.180988,-6.881272,-15.532929,-16.478522,-11.659114,-6.263374,-0.828354,9.908709,28.844744,48.745047,55.621327,41.503419,13.234749,-12.76923,-24.919602,-25.436081,-25.517886,-32.842168,-44.366587,-50.414834,-44.341255,-28.050306,-9.434731,4.428723,12.054637,17.088071,23.791212,32.342633,37.889707,34.52943,20.98448,2.547381,-12.818366,-20.10252,-18.670986,-9.205348,7.868381,28.717109,42.53086,36.728924,9.848057,-21.671899,-34.4747,-19.923958,5.741395,15.956514,0.103246,-25.843692,-36.014291,-20.885636,4.805252,19.418848,16.298421,6.533335,2.590567,4.090552,1.744915,-7.787336,-15.769995,-11.555871,3.595116,15.674394,11.25242,-9.389914,-32.37038,-42.241765,-33.992637,-15.33326,0.768407,6.379435,4.193536,4.570848,15.94098,36.106265,52.719029,53.720843,38.1906,16.469589,-0.448883,-10.145045,-16.457012,-20.231113,-16.853124,-4.959314,5.878621,1.973677,-17.953403,-36.734672,-34.052747,-8.420767,19.355534,26.845105,12.527587,-4.628839,-6.94845,4.259185,13.72823,10.956884,-0.514725,-11.457739,-18.607879,-24.15155,-26.821363,-20.29754,-3.003502,14.866207,19.714407,10.240548,0.312298,3.192631,15.08849,18.460254,2.262183,-24.275654,-40.145817,-33.120726,-9.513212,15.121329,30.787174,37.203146,37.480722,33.278122,26.751667,22.222885,21.402092,18.303019,4.022728,-21.029443,-42.680622,-45.09319,-27.875637,-8.117829,-3.307385,-13.569883,-23.068205,-18.396256,-2.677694,9.716989,9.906767,2.809041,-0.96357,1.899878,4.844178,0.563336,-10.152299,-19.329419,-19.651548,-10.044007,5.124774,19.85615,29.133949,30.132571,23.424794,13.37077,5.868339,4.415578,7.971548
-14.169664,-4.092757,9.872653,15.64264,9.054128,-2.802235,-9.998731,-9.724414,-7.174479,-8.221053,-13.246885,-18.003601,-18.390462,-13.241262,-3.913401,6.631514,14.289653,15.525864,10.268033,2.567825,-2.897393,-4.97916,-5.944589,-7.70281,-9.844053,-11.662488,-13.528538,-13.76699,-5.910382,15.669635,44.530614,60.354773,45.522949,6.347234,-26.653684,-25.98127,4.156239,30.336875,23.944471,-9.332632,-37.118409,-35.930405,-14.053407,2.589024,1.681038,-5.162733,-2.323845,8.224584,11.550806,2.163696,-7.62872,-5.131228,3.788409,1.527688,-16.09407,-30.211971,-20.249952,9.090071,30.114925,22.940983,-2.080404,-17.284209,-9.367507,8.563476,16.343102,10.159447,1.395919,-2.498425,-5.907828,-12.212979,-12.96553,0.630704,18.685289,17.664298,-9.191662,-34.694626,-23.883508,20.930443,52.999206,29.821559,-33.966568,-74.704269,-46.896172,24.450799,68.477412,45.300154,-11.119021,-32.404046,7.886863,66.810402,81.149699,34.545422,-30.705567,-62.844498,-50.362897,-21.09437,-3.49724,-0.759879,-1.384259,-1.636685,-7.613535,-19.566734,-26.20735,-19.280488,-6.874649,-4.039708,-11.489923,-12.150882,6.877053,34.29926,44.181929,25.715945,-3.204287,-16.140043,-7.727554,3.294339,0.233582,-10.014614,-7.213989,13.787493,33.20832,28.394538,1.07013,-23.476945,-24.141077,-5.529493,10.75767,12.05573,6.035364,6.522434,14.449478,18.007305,9.593526,-3.73937,-9.435513,-5.334417,-1.661743,-7.346835,-18.75375,-24.626385,-19.824875,-10.314016,-4.60381,-4.155301,-4.604256,-3.747388,-3.723678,-4.828023,-1.841286,9.232705,22.212566,24.019947,9.947796,-7.282549,-9.000523,7.492495,22.408025,13.428256,-17.61107,-41.866177,-30.930746,12.435326,52.719572,52.370431,5.515415,-56.542358,-91.063997,-76.239747,-24.053645,32.10226,61.555253,55.030654,28.311851,10.168928,21.154684,56.488372
-9.406063,-19.944916,-20.029643,-8.100695,9.821723,24.119181,28.272419,23.063596,15.016857,10.498991,10.435841,9.995229,3.353225,-10.611522,-26.563814,-36.386607,-35.23237,-25.026735,-12.749114,-5.129745,-4.115143,-6.45702,-7.19335,-3.782514,2.390352,7.818939,9.929769,8.72034,6.027962,3.653593,2.232625,1.573542,1.583756,2.492203,4.123122,5.239375,4.055393,-0.213811,-6.182482,-10.853664,-11.750974,-8.882164,-4.706582,-1.935057,-0.988132,0.560414,5.813549,15.315045,25.541294,30.693235,26.692995,14.365162,-0.755379,-11.994757,-15.873744,-13.993138,-11.168084,-11.3946,-14.819491,-17.968025,-16.854791,-10.375125,-1.276571,5.963019,8.551353,7.345398,5.886492,7.416694,12.334713,18.052101,21.163403,19.994031,15.455199,9.740996,4.291963,-1.037248,-6.941273,-12.953065,-16.96042,-16.707253,-12.057386,-5.84247,-2.185516,-3.441876,-8.308288,-12.832509,-13.599144,-10.417613,-6.205832,-4.222207,-5.180965,-6.891691,-6.712441,-4.412439,-2.551534,-3.792678,-7.623059,-9.851799,-5.908752,4.663328,16.692161,22.779828,19.249673,9.638818,2.391046,4.211412,14.449259,25.351781,28.264873,20.786714,8.881074,2.035168,5.354437,15.124798,21.578704,16.695235,0.768511,-17.464224,-27.132973,-22.984304,-8.760074,5.883016,12.056206,6.852475,-6.125205,-20.257834,-30.167094,-33.85987,-32.237689,-27.413082,-21.423548,-15.780227,-11.349374,-8.175805,-5.492973,-2.29023,1.823571,6.291931,10.28486,13.740037,17.503146,22.056679,25.942464,25.79073,18.720383,5.518926,-8.341444,-15.512576,-11.86873,0.024113,12.197453,16.799441,11.752974,2.121374,-3.903379,-1.184836,8.826504,19.679448,24.881265,22.059047,13.399844,2.929482,-6.372063,-13.25695,-17.037783,-16.779704,-12.281755,-5.782367,-1.919331,-4.872424,-14.624202,-25.84141,-31.105371,-26.400741,-14.395088,-2.542206
-12.949581,-31.496805,-40.305583,-29.47684,-3.902171,18.669778,22.508541,8.817616,-4.738234,-1.124599,18.990233,38.154195,40.131089,25.252535,6.924305,-4.468813,-9.797626,-12.975168,-10.410674,4.601309,27.232521,38.750884,25.8108,0.191346,-9.364505,9.925066,34.659288,26.52159,-23.752827,-79.503461,-91.597714,-48.471369,11.68229,39.450735,20.493612,-18.654121,-44.652042,-48.026308,-39.407953,-26.316992,-5.311208,23.27712,44.492911,42.002823,19.697301,1.113452,4.050762,21.259183,31.477005,26.116051,17.071631,16.961247,20.11326,11.13031,-10.398147,-23.940364,-11.853705,16.465637,32.499072,20.740284,-4.462916,-18.224602,-15.81566,-15.915089,-33.089129,-55.46461,-56.656708,-27.567926,10.847907,28.757562,16.999728,-7.48602,-21.681353,-15.993455,4.856067,31.495914,54.126339,61.234823,44.21303,8.110236,-26.68723,-40.151615,-30.840845,-14.982883,-6.977261,-5.366406,-0.978466,5.738485,3.482138,-12.295264,-27.679619,-23.462618,1.075678,24.68052,27.825558,15.317029,9.155169,19.633127,30.456157,17.211369,-22.006005,-59.757638,-64.274838,-28.915943,23.353718,60.715049,65.377405,40.762479,4.478445,-23.103934,-29.551159,-17.529531,-2.078003,4.326887,6.025196,18.637629,44.460541,57.320519,22.924925,-59.01528,-137.995517,-149.458673,-75.221166,34.336945,102.769093,93.796873,35.952644,-14.049648,-25.631204,-11.38397,0.936497,1.855364,2.874686,13.702899,26.207647,23.018617,-2.258942,-36.449703,-56.902981,-48.866017,-16.060823,21.463249,40.772825,33.74566,15.911131,14.678466,42.129005,77.819797,83.967228,43.126254,-20.265726,-60.85167,-56.383247,-27.480705,-11.549947,-21.392845,-36.006983,-31.780049,-13.909725,-9.1574,-29.786865,-54.294501,-49.689132,-9.314094,38.038105,57.116038,39.151491,4.088036,-23.914926,-35.768171,-33.356954,-16.083629,19.67062,68.098443,108.221312,116.115721
8.499941,-6.733969,-22.355499,-16.976431,8.29573,28.41433,23.601748,3.248147,-6.229627,5.521899,20.94378,18.479541,0.244283,-12.647403,-9.507876,-3.604846,-11.197185,-25.258386,-21.76915,7.132435,37.159941,37.462918,8.117137,-18.136655,-14.120757,9.799684,19.071329,-3.201163,-36.865742,-49.321653,-31.853376,-4.746105,9.832852,10.18194,7.958685,7.893847,4.224474,-4.475431,-7.784099,2.860866,18.220115,18.327842,-2.80239,-26.216124,-27.007711,-1.770428,28.069242,39.839229,31.123458,16.04721,6.12285,1.364836,-1.425619,-0.438412,5.913894,10.323671,1.636991,-19.567378,-36.463313,-32.364332,-9.870252,11.317812,16.056044,8.542107,3.156248,5.029231,5.715359,-2.4031,-14.305715,-19.286695,-16.003476,-13.9477,-19.226027,-24.893139,-19.877942,-4.386516,9.827305,15.046074,17.229908,25.623024,36.533946,35.249309,16.109914,-5.6386,-8.710251,8.474877,23.411653,14.161271,-15.249787,-38.88475,-37.488999,-17.934717,-2.224515,-1.527375,-6.372808,-1.834472,13.480552,27.114463,28.35565,19.008289,8.172525,0.872226,-4.676822,-10.4774,-14.042714,-11.776701,-4.498576,2.765066,5.610397,2.959973,-4.224248,-13.853556,-21.352905,-20.505417,-9.41121,4.591809,9.772765,2.349886,-7.712761,-6.662022,6.779845,18.12393,12.66968,-6.767096,-21.002604,-14.821929,5.695031,18.78353,10.236337,-10.824325,-20.903008,-6.44751,22.073206,40.761859,36.076858,17.114171,4.330356,7.351485,15.588829,11.473271,-8.322017,-27.421236,-27.045061,-7.556136,10.345176,7.564705,-12.160652,-26.264594,-18.968443,0.576671,8.919799,-4.451994,-25.26038,-31.656043,-19.254409,-3.846648,0.057462,-3.337108,0.363642,13.746456,22.452045,14.692781,-0.576113,-2.757211,13.693786,29.735807,24.139437,1.184857,-12.218458,1.224602,26.572235,32.508943,7.735128,-25.530504,-36.646991,-19.746798
-11.706459,-25.959868,-29.466596,-12.672025,14.878727,32.122273,27.448121,9.490813,-4.047667,-5.637838,-2.997479,-6.061776,-13.366176,-14.196558,-2.484842,15.042741,25.406679,21.846939,8.477846,-5.530687,-13.74163,-14.948024,-11.368553,-6.594865,-3.780067,-2.912052,0.40085,10.738504,25.55601,33.697555,24.643805,0.611025,-22.364037,-27.817448,-13.95784,5.154,13.338803,6.451445,-6.572559,-14.336032,-12.754326,-5.416713,2.421103,8.121247,11.156288,11.098643,7.463016,0.809974,-7.021553,-13.753443,-17.435865,-17.022046,-13.269743,-9.052171,-7.443853,-8.494043,-8.451228,-3.41864,5.96788,14.285078,16.16396,10.984899,2.737513,-3.613435,-4.707544,0.87606,11.904409,22.963592,26.152933,17.905789,4.642142,-1.410994,5.375372,16.903598,19.536624,9.722094,-1.632035,-2.583724,4.304973,4.197029,-11.441342,-32.608909,-41.109708,-31.885565,-19.160922,-19.184862,-30.297459,-34.717345,-19.910624,6.313155,24.505149,24.525558,13.854751,5.859442,4.866983,5.65265,4.226589,3.462359,7.15077,13.073228,15.748815,14.264674,13.068583,14.483672,14.486908,8.734515,0.245375,-3.31857,-0.046548,3.00464,-0.532634,-6.912422,-7.408112,-2.072,-2.067238,-14.434131,-28.585674,-25.262834,-0.427899,25.654492,28.494623,6.574672,-17.19947,-21.953497,-10.948455,-3.100316,-6.790384,-10.579579,-1.825615,13.284024,16.392547,2.044652,-12.8828,-9.608474,7.849658,16.211697,1.332414,-24.03501,-35.001392,-22.441221,0.448392,17.842599,28.488322,38.432485,43.479759,30.375056,-1.840556,-30.691697,-30.148382,-1.132692,25.940443,23.348446,-3.65485,-24.317423,-18.157182,3.878474,16.033304,8.676918,-4.595611,-8.612208,-5.879172,-9.069317,-19.852624,-24.506503,-12.412598,8.061657,18.242331,11.395093,-0.264615,-2.181412,4.587932,6.883012,-1.730084,-12.290751,-12.58145,-2.98376
-12.94617,-7.674821,6.723367,13.338222,4.652845,-4.300873,5.241883,27.357036,34.182704,11.160801,-20.772393,-28.394658,-6.97638,14.715326,11.836769,-6.578869,-13.768749,-2.902554,5.910572,-3.30136,-18.597179,-16.833228,3.417063,18.565961,10.253586,-11.741045,-22.447248,-11.065029,10.183747,23.706913,24.435371,18.481568,11.412212,3.977101,-3.079289,-6.466541,-4.656705,-1.746088,-4.365424,-14.852046,-28.172368,-35.527706,-31.463823,-18.60872,-5.358586,2.479869,7.666855,16.981834,30.116642,36.545705,27.012618,6.497559,-9.149102,-10.431999,-3.522912,0.375809,0.538235,5.381838,16.725525,23.215448,14.127663,-4.352131,-13.32817,-2.412657,17.729069,26.378052,13.903677,-10.247612,-28.689189,-32.01475,-23.98669,-14.424733,-9.513161,-8.746261,-9.370113,-11.481429,-16.828102,-22.76656,-20.852196,-5.341805,17.216631,31.299289,27.988025,14.786687,6.704452,9.218974,14.17459,11.930348,2.126143,-9.403186,-18.634349,-23.085613,-17.642829,0.760031,23.465244,33.421118,23.550335,6.767598,0.97499,7.059909,10.226489,3.006745,-3.479377,3.020582,15.349086,14.73752,-2.831759,-19.609644,-19.194099,-7.387778,-2.286365,-9.50697,-17.869365,-18.562785,-17.013508,-20.938378,-25.834455,-21.87224,-11.17519,-7.10749,-14.608867,-20.659152,-10.394408,12.899984,31.54932,35.141015,30.506869,28.894238,30.519797,26.979333,15.232715,2.982404,-0.099209,7.345187,17.59703,20.714107,11.777914,-5.511076,-20.819458,-25.020771,-18.117713,-8.311285,-2.520883,-0.492876,0.018197,-3.447026,-13.694178,-24.396189,-23.160448,-7.663951,7.480826,6.554657,-7.743847,-18.271712,-16.168615,-10.383716,-11.011943,-12.229298,-1.347629,19.126022,30.457892,21.449421,3.639919,-3.778649,2.37879,9.725677,10.908331,12.186352,19.151565,24.725545,19.427778,7.163566,0.185136,0.09102,-4.605069,-18.49042
15.020932,19.264619,13.102837,1.952088,-5.664219,-7.85562,-10.620709,-19.310453,-30.665635,-34.999835,-26.125698,-7.858863,9.690753,19.221361,20.840751,18.719877,15.531936,11.412752,7.072398,5.281446,7.89326,12.358293,13.099504,7.140875,-2.359439,-9.062615,-9.773225,-7.06474,-5.5475,-6.5398,-7.433744,-6.061173,-4.290774,-6.215044,-12.997984,-20.496663,-22.454924,-15.740399,-2.369156,12.629527,24.10912,27.941108,21.73147,7.052691,-8.788562,-15.797353,-9.189131,4.893552,13.280847,7.602724,-7.12337,-16.576197,-10.665559,6.913,22.639591,26.067091,18.235884,8.04195,2.225482,0.216937,-2.174708,-6.512808,-10.500101,-11.743676,-10.583181,-8.707624,-6.620513,-3.999442,-1.882756,-2.378018,-5.323542,-6.785939,-2.984605,4.210088,7.720567,2.828664,-6.402175,-10.341422,-4.323315,5.268599,7.138317,-2.583454,-15.454406,-19.036503,-9.475916,5.191416,13.960415,13.613201,9.899999,9.318062,11.873874,12.74137,9.604556,6.181549,7.715826,14.044047,18.620159,14.920084,3.344203,-8.760849,-14.00559,-11.808171,-8.52196,-10.902221,-19.236742,-26.566724,-24.741972,-11.916153,5.18795,16.343904,15.885215,6.766058,-2.811782,-6.90771,-6.453984,-6.793898,-10.845823,-14.938149,-11.868236,1.388334,18.866489,29.071226,24.399373,8.100932,-8.060564,-13.825351,-8.901167,-1.691834,0.35471,-1.39888,0.64302,9.971889,19.823006,19.361245,6.39278,-7.935647,-9.339847,4.421945,20.191823,22.447972,8.913861,-8.301221,-16.651539,-15.639638,-13.807601,-15.476866,-14.918689,-5.674158,7.38791,10.380244,-3.510903,-23.322958,-29.703942,-15.491718,5.849995,14.253713,4.120817,-10.906949,-13.74203,-1.397478,14.632989,22.761279,22.06214,18.492012,14.84168,8.701116,-0.399849,-6.712752,-4.406335,3.735481,7.739776,1.81202,-8.239898,-11.414997,-4.449172,4.475136
0.769728,-2.566827,-5.187965,-4.738135,-1.91958,0.507164,0.927913,0.310403,0.377585,1.248447,1.666848,1.168143,0.881103,1.76519,2.919331,2.653965,1.032755,0.153709,1.309041,2.720316,1.351253,-2.984811,-6.546012,-5.582901,-0.804618,3.218834,3.253931,0.915779,0.196857,2.213841,3.876772,2.134086,-1.744341,-3.470996,-1.087988,2.416247,2.581679,-1.257091,-5.351903,-6.057167,-3.690662,-1.244869,-0.263536,0.488305,2.179305,3.339761,1.555113,-2.643565,-5.203388,-2.809723,2.902017,6.532941,4.525982,-1.122249,-5.143142,-4.438825,-0.599257,2.67554,3.576045,3.103224,2.77654,2.636973,1.826821,0.323096,-0.78547,-0.709555,0.040951,0.427124,0.302824,0.568197,1.873696,3.524771,3.913292,1.993131,-1.710834,-5.417685,-7.339746,-6.879847,-4.959629,-3.203865,-2.500018,-2.187608,-0.889379,1.604014,3.492027,2.564562,-1.103753,-4.452665,-4.019608,0.628191,6.3178,9.243872,8.270134,5.185441,2.245897,0.239147,-1.042329,-1.477763,-0.794127,0.15351,-0.482245,-3.311222,-6.142534,-5.793608,-1.791857,2.518689,3.338779,0.617495,-1.945498,-1.259197,1.621826,3.015583,1.210404,-1.559525,-2.050619,0.01372,1.899626,1.533163,-0.008656,-0.287196,1.036159,1.758085,0.24582,-2.143176,-2.652681,-0.691073,1.336857,1.076219,-0.800037,-1.563416,-0.094079,1.52965,0.613777,-2.660335,-5.248133,-4.717613,-1.869426,0.560345,1.21282,1.259039,2.285328,3.978508,4.615174,3.463787,1.759374,0.994247,0.921433,0.018732,-2.16402,-3.916055,-3.12913,0.135629,3.413896,4.278456,2.643053,0.42042,-0.78184,-1.121582,-1.656916,-2.562724,-2.764382,-1.398965,0.762747,1.755677,0.375663,-2.437713,-4.313884,-3.616073,-0.944352,1.470613,1.864171,0.485523,-0.855069,-0.693301,0.696028,1.788823
6.471289,12.164949,15.910337,13.074505,5.701512,-2.598416,-13.378361,-29.271607,-44.442239,-46.887661,-33.844134,-18.893968,-16.91141,-24.62346,-24.33904,-7.897278,11.540767,16.75809,9.155096,5.367609,13.230805,21.417784,16.906676,4.879013,3.118463,19.130538,40.648101,49.936791,41.643293,24.211348,8.782502,0.643208,-2.043108,-6.07969,-17.829377,-34.600184,-42.493539,-29.638703,-3.23804,13.464359,6.219388,-13.080134,-21.10294,-11.874944,-1.554262,-3.582941,-9.764381,-3.682051,13.724512,23.514175,13.740598,-5.2007,-14.810499,-10.607817,-2.997897,-0.847905,-3.461145,-8.169972,-15.928941,-24.809287,-25.105933,-8.929549,17.221218,36.297351,37.846687,26.638448,13.807219,5.129669,0.587288,-0.094596,2.759269,5.963654,6.517183,7.133903,13.029265,22.070365,23.906778,12.306094,-6.049837,-19.48965,-24.421769,-24.711226,-21.115082,-10.657956,2.042464,3.012253,-13.831281,-33.666114,-35.446507,-18.469333,-3.556458,-4.777452,-10.622778,-1.871986,19.091582,30.044877,19.754283,3.73099,2.571813,14.277953,19.426691,9.836596,-1.211613,-0.133326,7.127608,5.174102,-7.085438,-13.935615,-4.412712,12.958609,21.310063,15.309455,4.073631,-2.51775,-3.727506,-4.263635,-6.674088,-10.157514,-13.451724,-15.504309,-14.541342,-9.048836,0.494015,11.817062,21.493023,24.361121,15.379873,-3.777014,-21.154635,-23.403907,-10.731117,1.29358,-1.007152,-13.02004,-17.898937,-8.025113,5.984672,9.800382,2.975871,-3.304429,-2.592893,0.263358,-0.312846,-0.618647,6.74309,20.56502,30.231774,27.614544,15.784292,4.453335,-0.538249,-1.460284,-4.386427,-12.585491,-23.041065,-28.050575,-21.743344,-7.100062,4.811106,5.578461,-1.046322,-3.947238,0.664904,4.22639,-1.173209,-8.960701,-4.321093,15.399285,33.521388,31.926659,12.431876,-5.630003,-8.393137,-1.922202,-1.541104,-11.718364
2.555002,0.857607,-4.389705,-9.979322,-11.357208,-6.604707,2.083987,10.422828,15.118922,15.478249,13.097576,10.398645,8.660651,6.656914,1.739171,-6.400075,-12.915204,-10.635766,2.223166,17.393892,22.083254,11.236943,-6.180528,-15.13589,-9.547756,1.788746,5.29805,-2.407899,-11.627487,-11.681737,-3.460542,2.267548,-1.93104,-11.731467,-17.135167,-14.678043,-10.445656,-10.947708,-14.298514,-13.031395,-4.327925,6.038778,11.063423,11.137387,12.434545,17.465793,20.924863,16.988098,8.568215,5.527912,12.821524,23.192484,24.334199,12.613086,-3.036477,-11.612022,-12.014982,-12.235842,-17.702564,-23.927691,-22.461618,-12.06952,-0.805776,3.335096,1.10868,-0.566386,1.700392,3.891222,1.18005,-4.325506,-5.45149,0.664748,8.005253,8.397473,1.501741,-4.539327,-2.942467,3.415014,5.595184,-0.148053,-7.259675,-6.429315,2.991431,11.346441,9.128736,-2.199195,-11.226711,-8.399455,4.124335,14.703353,13.599957,1.6998,-11.314072,-16.109785,-10.789209,-0.370278,8.781653,13.390695,13.490482,10.279788,4.84869,-1.453584,-6.706041,-9.420786,-9.848874,-9.6514,-9.803901,-9.041671,-5.087843,2.116639,8.771296,9.797243,3.856096,-4.310787,-7.403834,-2.173235,7.446183,14.188865,14.528606,11.480396,10.089682,10.756609,8.305611,-1.617918,-15.96435,-25.642642,-24.326058,-15.268285,-8.032976,-8.052269,-10.556892,-6.296384,6.734972,18.985867,18.500371,4.449535,-10.076991,-10.35294,4.865143,21.571358,24.461883,12.038689,-3.005365,-7.968647,-3.075513,0.593387,-5.20174,-16.521291,-22.310816,-16.971032,-5.537076,3.665628,8.853273,14.822906,23.826467,29.726261,23.915866,6.57006,-10.688612,-15.180143,-5.778201,6.077037,7.952412,-1.995832,-14.985405,-21.337535,-18.571573,-10.625407,-2.0094,5.131811,9.23122,7.817708,-0.104652,-11.020219,-18.444307,-18.502408
-22.117588,0.867511,37.920777,55.270735,35.783404,-0.611409,-17.636539,-1.774302,25.045375,32.825415,17.672842,3.057146,8.868497,26.409739,28.130313,-0.934212,-46.286572,-78.09316,-77.840098,-50.091151,-13.330993,15.017966,26.04054,19.918421,4.869483,-6.728272,-7.263844,-1.023996,0.890626,-4.801153,-7.065671,6.433339,30.132357,40.539409,20.485256,-18.313895,-42.767787,-31.224257,3.817558,28.720052,23.017738,-2.605194,-21.862287,-20.851097,-6.843006,7.039166,17.762,29.474888,39.882405,37.905919,17.95813,-7.77768,-17.29727,-0.908108,26.479469,37.159737,15.433642,-28.137954,-64.958578,-70.438345,-41.705634,1.116387,29.728815,28.178759,4.587988,-15.918855,-13.288699,8.773621,25.884831,16.721316,-15.374871,-45.247614,-50.573545,-32.436486,-10.904199,-2.480667,-5.095727,-5.262848,4.113725,16.782087,22.714464,20.058873,15.424669,15.130316,19.999995,28.215234,38.549529,47.843451,48.32239,33.315146,7.656356,-11.606155,-10.129517,7.184599,17.938202,3.551831,-31.413499,-62.878069,-70.101101,-53.553244,-30.490478,-16.049497,-11.503069,-9.658097,-6.694233,-4.948608,-5.493696,-2.933666,9.042984,27.813147,40.668876,35.518508,12.70539,-14.318888,-29.860315,-27.489417,-12.301523,5.613977,18.511267,23.263532,19.805488,10.195212,-0.533061,-4.916232,2.486633,19.488357,35.608498,38.950217,25.609631,3.040132,-16.020186,-23.292439,-19.333038,-9.894886,-0.28062,5.731799,3.70885,-10.040861,-31.973675,-48.161309,-42.996743,-14.86164,17.980563,31.323517,17.556679,-6.488516,-16.098533,-3.079026,17.766143,26.222754,17.82537,5.190977,0.131598,-0.570256,-8.560181,-25.519438,-36.7725,-26.327901,3.251271,29.476814,30.147477,4.604049,-25.322134,-34.702705,-15.98499,17.138685,42.828472,47.648312,33.722971,13.837334,0.607118,-1.929334,0.968084,1.278139,-3.920288,-10.416697
0.019037,3.935528,-10.323023,-31.619805,-36.169417,-12.297793,26.818126,55.319075,56.636423,32.84821,-2.542417,-34.839357,-51.851274,-45.789523,-19.20149,11.811671,27.622749,23.117214,13.353129,16.602757,32.07411,39.501839,23.404285,-6.283655,-23.405408,-15.246364,2.704517,5.248311,-12.806139,-31.567359,-31.115744,-15.201885,-4.644261,-9.98839,-18.682099,-12.657544,7.102072,21.3002,17.661406,7.601977,11.183971,28.33936,34.173655,7.978122,-37.323475,-62.757556,-43.250224,4.092582,36.496331,29.90811,2.599879,-7.545541,13.974787,42.715493,43.208668,8.304142,-33.240134,-47.724259,-31.016541,-9.802853,-10.432765,-30.450655,-42.57414,-24.674635,17.165441,55.37326,67.616715,54.793473,34.271865,19.737509,10.568804,-0.53482,-14.20804,-22.260597,-18.418026,-8.069299,-4.67824,-16.097146,-35.395628,-46.026376,-36.522185,-11.04901,13.297543,19.729564,4.808377,-18.446673,-29.688391,-16.422641,15.769921,46.570233,56.50386,42.430449,18.968278,3.852381,1.033395,-1.438762,-16.290991,-40.522039,-55.589332,-45.082719,-11.994268,22.249243,36.173137,26.065432,7.011256,-1.827861,7.195665,26.550378,41.850277,42.975825,29.763845,10.414349,-4.71797,-10.1259,-9.0167,-10.889615,-23.313977,-43.816004,-59.53749,-56.752604,-33.26439,-2.750345,14.118839,5.853856,-19.361471,-38.484962,-31.45166,1.787208,39.988425,57.822579,47.433004,24.443536,11.873247,17.21305,25.989149,18.890263,-5.57381,-27.515236,-25.395219,2.156708,35.246907,51.579014,43.702386,18.694768,-13.036934,-43.065993,-61.258171,-56.072856,-26.05386,10.771951,27.46622,13.693323,-11.912098,-20.588673,-5.34648,10.931738,2.558016,-27.337893,-48.399128,-36.947699,-2.58292,23.522543,23.844435,11.423237,10.558191,27.173019,44.323979,44.52716,28.483071,8.909902,-7.294964,-22.691834,-36.76888,-39.888022,-26.104314,-6.779194
6.706859,5.462396,3.910506,2.924213,0.676377,-2.679864,-2.542711,4.91974,15.695743,19.513657,10.507853,-5.285918,-15.634734,-15.103439,-9.841125,-8.565614,-11.529003,-11.576103,-5.304587,1.162439,0.049336,-6.99264,-10.086616,-3.961029,4.517345,5.075038,-1.548839,-2.924245,9.371046,26.841771,31.360504,15.53757,-7.827753,-18.839551,-11.058338,3.766216,10.401299,5.553274,-2.772377,-7.390696,-8.533439,-8.648671,-6.093786,1.799867,11.387113,13.888337,6.040641,-3.755267,-3.889143,6.416383,15.329437,12.138599,-0.279505,-9.976021,-11.472751,-11.94049,-19.700537,-30.213924,-28.98195,-9.452989,16.052317,27.182408,16.693724,-2.43039,-11.734967,-6.314113,3.221698,5.830565,2.699355,3.172277,11.06298,19.142456,17.934587,7.152472,-4.041781,-7.437559,-4.142699,-1.951742,-5.952048,-13.176753,-16.15203,-10.490091,1.137818,11.454255,14.439708,9.747675,2.593244,-0.708901,1.873196,6.490132,7.421904,2.92925,-3.260872,-6.464746,-6.102082,-5.121379,-4.881033,-2.810289,3.361467,10.389685,11.3927,3.912204,-6.069359,-10.696395,-10.263155,-13.392907,-25.200544,-37.31166,-33.809167,-8.949006,23.1401,39.620872,30.702844,8.961404,-3.826211,1.888587,16.099382,22.052011,13.791201,0.107548,-6.849254,-4.090736,1.354379,1.764901,-3.183357,-7.329071,-5.22671,2.436832,9.846029,11.50598,6.853906,0.230868,-3.534735,-3.926233,-5.156846,-11.178143,-20.074603,-24.444014,-18.639109,-5.579387,5.022465,6.143007,0.485047,-3.072122,0.277639,6.218099,7.263132,2.277163,-2.070192,0.549803,8.645109,15.107365,15.665277,12.578806,9.459704,5.147448,-4.279196,-17.688877,-26.440942,-22.411054,-7.791055,5.781306,9.07237,4.792494,3.498586,10.365912,18.283777,15.633328,0.19556,-16.494415,-19.510284,-4.903496,16.418989,28.468549,23.439037,6.455656
-5.000158,7.149937,89.742351,179.260908,174.849677,55.927548,-79.323053,-112.208495,-31.8822,55.442954,47.968473,-41.345186,-110.294396,-89.713093,-14.506885,31.533979,17.177655,-12.993892,-8.964524,19.879539,24.456834,-15.477607,-65.658236,-80.773831,-54.117648,-13.326767,19.678698,45.340503,65.329114,66.509116,39.440754,1.884469,-15.136661,-5.928561,1.686066,-14.055139,-33.742138,-19.345766,29.684287,63.348756,37.362138,-28.067987,-65.007418,-35.446136,24.459012,48.73639,19.019561,-20.853548,-26.987351,-10.637628,-15.639078,-51.510179,-73.744431,-39.43999,33.770383,83.091275,72.40443,30.881528,11.985502,26.849165,35.076076,0.919064,-57.487953,-85.067957,-49.618873,25.181615,84.366018,89.408598,41.634998,-27.228591,-75.935165,-73.121151,-16.854475,54.620886,82.536213,36.218752,-52.356508,-111.357553,-94.708492,-23.979951,37.899339,49.969591,23.793563,-4.336171,-16.127711,-17.917688,-16.055084,-5.287293,13.842372,22.368565,4.486636,-21.980749,-16.013751,35.233106,86.600105,74.849293,-7.928077,-93.905023,-104.031575,-29.828656,58.872257,88.157024,52.385934,8.052819,4.951118,36.065756,55.513354,33.050004,-18.465115,-63.549263,-79.021437,-66.075877,-38.443003,-8.789459,15.08249,29.793577,36.055827,34.779265,21.232108,-11.374577,-56.414224,-85.82719,-69.368667,-8.636806,53.510886,67.452009,23.868637,-37.203765,-65.53288,-44.874822,2.479401,45.801589,69.590074,69.818013,43.6536,-3.42337,-45.938521,-52.258807,-19.369174,15.938567,15.115876,-13.364374,-18.094275,33.012281,103.545566,118.403924,47.038536,-55.013977,-99.454086,-57.221921,13.801377,35.263631,-7.951267,-59.083359,-58.501181,-7.422328,41.305276,44.806216,10.461414,-22.738625,-29.145968,-15.239596,-1.62635,0.444403,-7.554012,-20.806757,-34.175657,-38.433632,-23.983461,6.176399,31.868868,31.787991,6.120485,-20.594645,-22.492199,2.075573
21.726722,17.149501,3.704225,-6.749959,-5.772361,3.387904,8.83331,0.35903,-22.226444,-48.382464,-63.137776,-56.443806,-30.3481,1.213196,21.448977,22.526875,9.959219,-4.558601,-14.125771,-19.652531,-22.927783,-20.171863,-5.719264,18.289452,39.543911,45.76374,36.697937,23.792881,17.752448,18.570304,18.885353,14.721185,9.470361,7.343312,6.861014,3.966212,-0.174617,0.883051,9.316665,16.688088,11.470378,-6.77508,-24.41613,-27.753663,-18.656798,-12.875003,-21.908635,-39.204875,-47.042066,-36.508179,-17.710839,-8.555574,-14.735157,-23.138769,-15.784668,10.640931,39.804561,50.019544,33.701956,3.974028,-16.811646,-15.686714,1.501014,17.282355,19.015792,9.300045,1.183188,3.875027,13.926109,20.580016,18.392767,12.487787,11.077815,15.270409,18.846524,17.263517,12.950547,9.441218,3.259637,-12.772792,-36.436543,-51.035257,-39.800344,-6.764868,21.260405,18.499978,-13.475727,-45.846144,-50.134765,-24.434619,8.140632,24.047293,19.174783,6.019586,-2.656058,-3.400281,1.256858,8.458263,14.544944,13.537846,2.22265,-12.877289,-18.682046,-9.264337,5.840053,11.260632,3.704289,-4.102367,0.235511,12.024874,14.45385,0.493849,-15.816861,-14.533608,5.990939,26.105666,28.012628,17.092628,14.48004,29.048651,43.252759,31.741328,-7.672852,-46.952741,-54.196969,-25.1838,13.306169,30.106584,16.91719,-9.995657,-30.165068,-36.90736,-36.582897,-35.71199,-33.0815,-23.96133,-8.478548,6.691144,14.651297,14.875843,12.914178,13.869961,16.636249,15.071749,5.496206,-6.924464,-10.562225,1.873205,24.074903,39.036437,33.412026,9.966394,-14.731873,-25.306813,-19.840424,-7.687457,2.285005,8.487201,12.379832,12.163966,5.004535,-5.166335,-7.179842,6.005202,26.462939,35.876566,23.122116,-4.06235,-26.687943,-32.886402,-26.737142,-19.591066,-16.504299,-13.919573,-8.510766,-3.225897
2.915585,5.063254,6.056181,4.437899,0.157923,-4.665411,-7.153156,-6.217787,-3.538497,-1.716281,-1.59902,-1.844169,-1.144197,-0.231371,-0.960553,-3.467351,-5.13618,-3.238239,1.49344,4.833234,3.359766,-1.382553,-3.85954,-0.268132,6.961938,11.079922,7.760596,-0.357954,-6.271537,-5.618252,-0.606808,3.124443,2.837556,1.010155,1.377054,3.817545,4.373646,0.346469,-5.802607,-8.647433,-5.674623,0.013535,3.256763,2.363458,0.234075,0.252217,2.309,3.649172,2.883449,1.678724,2.025352,2.974972,1.492173,-3.392373,-8.49349,-9.490786,-5.743218,-1.202254,-0.288716,-3.424003,-6.999014,-7.257085,-3.558415,1.881307,6.371915,8.364114,7.598896,4.970847,2.404515,1.747225,2.888216,3.4476,1.427555,-1.732812,-1.921735,2.883165,9.173634,10.623831,4.738092,-4.10417,-9.132754,-8.272156,-5.610784,-5.734263,-8.036193,-7.94568,-3.23618,2.729952,4.912419,2.640968,0.227885,1.58667,5.687408,8.172543,6.524509,2.257272,-1.775905,-4.535659,-6.365656,-6.713998,-4.30985,0.125185,3.123915,1.952469,-1.742636,-3.457448,-1.37236,1.119563,-0.296048,-4.826386,-6.765074,-2.276977,5.516959,9.743675,7.538344,2.852162,1.111988,2.813299,4.060482,2.641176,1.043593,2.378934,5.157836,4.634686,-0.617829,-5.900461,-5.863705,-1.630413,0.008499,-4.94229,-12.041202,-13.131163,-6.075647,2.396191,4.346601,-0.441498,-4.842891,-3.092258,2.9783,7.129603,6.442064,3.900485,3.595441,5.52509,6.395727,4.379452,1.162356,-0.79179,-1.25792,-1.494953,-1.666978,-0.860256,0.353547,-0.657472,-5.185174,-10.116266,-10.254944,-4.26356,3.056084,5.608006,2.551039,-1.313824,-1.621411,0.718772,1.729609,0.16627,-0.982122,0.932029,4.129074,4.694244,2.305955,1.399752,5.538728,11.96594,13.70056,7.215564
-7.744389,-2.172067,-4.786142,-12.489143,-13.673574,-3.559748,8.334372,9.227624,-0.846136,-8.722483,-4.349698,7.227658,13.346903,10.039809,5.089614,4.488208,2.540838,-8.811897,-23.781831,-24.555257,-3.313598,23.086623,28.415939,7.58341,-15.08999,-12.952491,11.254934,27.731556,14.478818,-16.524821,-32.751088,-17.435545,13.957353,33.589978,30.427319,15.070108,0.903467,-9.87206,-19.64181,-23.956465,-15.959471,-0.589703,5.516466,-6.229967,-21.976033,-18.976334,6.263539,30.810636,30.685543,8.797146,-9.362972,-6.955375,5.327827,5.668582,-9.784684,-23.087755,-19.532854,-7.075431,-4.29217,-14.092653,-19.693424,-8.68964,8.13876,10.639127,-1.436895,-4.204159,20.157216,55.985589,66.925653,37.024895,-8.831898,-30.914207,-17.151602,7.061102,10.889137,-7.887071,-25.295641,-22.395517,-5.540616,5.520297,2.13657,-6.890936,-10.386975,-8.215448,-7.080026,-8.680662,-8.209766,-3.449043,0.842441,0.18027,-2.165805,0.38408,7.134007,9.33198,1.944819,-7.79166,-8.033782,2.456679,11.514791,7.955356,-4.404944,-10.687232,-2.087978,14.429252,24.354525,20.509058,7.744356,-4.433633,-9.689816,-5.836948,6.276406,20.580094,25.123885,10.311358,-19.035577,-43.108889,-43.51273,-21.169289,4.536201,15.324781,10.5307,2.878757,0.988433,0.81569,-5.057576,-14.471661,-16.56331,-4.854789,14.513877,29.034889,31.616091,24.06527,11.451361,-2.390979,-13.331649,-15.996864,-9.07612,-0.442938,-1.795075,-15.519636,-29.504309,-28.727063,-11.832254,6.92212,13.198145,7.330287,1.413882,3.912782,11.372484,15.845383,15.958183,16.554543,19.065649,17.652352,7.264919,-7.778185,-17.405891,-17.457566,-13.774027,-13.233773,-14.177181,-9.495223,1.982233,11.925378,12.254533,5.121623,-0.58697,-1.325297,-2.495161,-8.305414,-12.576123,-5.174168,12.764872,25.816865,20.341492,1.048058
2.142985,2.896788,0.146626,-5.02662,-7.169023,-0.957294,12.302542,23.109791,20.598509,2.743895,-19.996345,-32.540782,-28.186457,-14.191918,-3.826671,-2.542242,-2.826897,6.074998,23.512165,34.469793,23.559634,-7.492539,-38.018003,-46.18692,-29.196205,-4.779168,7.873602,7.379074,8.685974,22.876392,41.588224,44.623851,22.954318,-8.925078,-26.115728,-18.184716,1.356838,10.87713,3.51286,-8.01629,-8.250663,3.260358,13.263629,11.645811,2.765468,-1.433019,3.238912,8.221671,2.48082,-15.266463,-36.16478,-50.69987,-55.203559,-49.306773,-31.615339,-2.201828,31.252913,54.397276,56.770889,41.022226,19.684714,3.117449,-7.066478,-12.525879,-10.530573,3.117574,23.355755,33.692527,20.681161,-9.028149,-30.78122,-25.122113,1.665938,23.342521,20.88381,1.364419,-12.271296,-8.136865,2.329573,0.363897,-15.805981,-27.896885,-19.724043,1.81496,12.418173,-2.827985,-31.813642,-47.003684,-33.515102,-3.241672,18.857275,19.734045,7.929715,0.710899,5.805654,17.285203,26.229254,30.787663,34.490707,37.865875,35.714923,23.441741,3.720942,-15.127834,-26.798117,-31.310077,-31.765005,-29.119434,-22.141539,-11.746821,-2.569195,1.507514,2.28993,5.386636,12.577849,17.664248,12.059453,-5.020984,-23.304506,-29.87241,-21.204297,-6.44934,1.519254,-1.750169,-8.741295,-7.768592,5.958981,26.14706,40.94677,42.459257,32.017082,17.490436,5.666236,-3.286395,-13.984609,-28.01599,-38.124659,-32.153065,-5.416789,30.174489,51.740732,43.665341,11.856378,-21.092583,-36.368882,-34.668091,-31.151772,-35.99724,-42.730808,-37.237417,-16.06305,8.270312,21.492891,24.083157,29.642575,46.592329,65.217734,66.237919,41.546652,3.360708,-28.012053,-42.609535,-44.712448,-41.01738,-31.083712,-12.726643,6.950533,13.293242,0.31893,-18.21636,-19.798039,2.868636,31.775646,40.68301,21.918611,-6.240349
12.799531,21.064423,14.750332,-2.188813,-14.899962,-12.212573,3.048072,17.973773,21.899831,14.193159,2.069468,-6.316719,-6.595942,0.56659,9.861607,13.656066,7.276485,-6.038062,-16.74103,-17.822487,-12.299654,-10.214982,-17.282371,-27.732037,-29.964214,-18.994051,-1.777178,10.06221,11.246528,5.743375,0.474996,-1.0776,1.215442,7.417612,17.45055,27.926214,32.189725,25.89292,11.936807,-1.934409,-10.572156,-14.899829,-17.48606,-16.759838,-8.371259,7.335832,21.543369,23.094585,8.976847,-11.963703,-26.014131,-25.231848,-12.167012,3.808258,13.686105,13.897753,7.204956,-0.081558,-3.025721,-2.017049,-1.890218,-6.013915,-11.293256,-10.705344,-1.815038,8.660946,11.119704,4.102776,-3.229175,-1.406529,7.805957,12.846606,5.787615,-8.20019,-16.930661,-15.363106,-10.339272,-10.317151,-13.560539,-10.210368,4.081789,20.232871,23.991611,10.998657,-8.711461,-20.915622,-19.337401,-7.114478,10.041636,27.671025,39.893394,38.535657,20.293585,-5.35985,-20.140577,-12.787568,9.093867,25.137087,21.011825,0.583113,-20.154561,-29.013654,-26.307803,-19.964247,-15.934724,-14.696195,-14.305247,-13.236033,-10.011865,-3.153056,6.232501,13.091038,12.487021,5.682664,0.112292,1.5723,7.328521,9.034431,2.697408,-6.202891,-8.818689,-2.898304,5.402794,9.527647,9.879939,11.519178,15.933006,18.104142,12.849749,2.128903,-6.394495,-8.09234,-6.593654,-8.889338,-16.149946,-21.340035,-16.633958,-2.230851,13.215883,20.738316,18.806428,12.908415,8.396315,4.870958,-1.939476,-13.204748,-22.974089,-22.488337,-9.549813,6.667984,12.019654,0.716255,-17.339773,-24.300157,-11.505287,10.884596,22.848122,14.190483,-5.225362,-15.878051,-8.835456,5.815122,11.109907,2.062488,-9.514566,-8.662232,6.538917,23.66107,29.233343,20.994324,7.08248,-3.891088,-9.462308,-11.28226,-10.323609,-6.398065
-7.574179,12.266542,24.544079,34.753566,28.103124,-7.982204,-18.362114,15.982755,15.198466,-23.955456,-8.610517,22.519593,-35.387474,-91.988927,-26.383422,42.400427,-5.765232,-52.69171,-7.055941,33.552926,22.943124,18.520294,8.97384,-20.008993,-2.680806,49.042154,48.424019,22.969193,38.220254,44.059341,4.393986,-25.859623,-40.37313,-60.079468,-36.975659,16.829646,2.658005,-52.355119,-36.376944,11.879779,-1.627271,-33.045055,-22.730516,-0.088257,21.853606,41.229044,24.680309,12.471524,61.740035,82.528852,14.088083,-11.147098,39.418473,-2.995172,-117.624531,-91.761903,29.161336,28.727523,-48.775472,-46.460916,-12.778181,-12.261044,13.5064,32.207568,-25.22146,-44.824215,60.519629,140.380902,84.74493,0.258366,-26.578843,-23.331798,-4.362259,7.749415,-30.303647,-70.207676,-51.043542,-32.221666,-42.162762,2.434102,79.492452,60.529774,-25.154451,-40.552289,10.028708,42.595527,43.219376,8.009617,-55.857027,-67.732056,-14.467104,-2.385152,-27.043232,27.963457,111.270885,76.701992,-15.779672,-25.378518,0.440956,-20.150384,-21.198962,28.607474,37.648035,-10.107039,-31.931331,-20.914694,-27.005829,-40.363577,-36.174036,-23.275466,2.540134,35.869489,28.694306,-18.381751,-29.094698,15.352863,43.220708,23.651473,2.194336,3.118953,4.47816,-2.413824,-2.530337,8.453799,17.518747,15.253464,9.837324,11.884848,8.939484,-17.000874,-47.209107,-43.796086,-9.735175,13.32904,8.021565,2.447883,19.271232,33.34996,10.446741,-27.541157,-32.137557,-15.555593,-25.547903,-43.464429,-15.397845,33.710859,36.571626,3.177752,-6.761822,13.489673,28.548389,25.123466,16.086935,17.845493,28.78052,19.798801,-17.517324,-38.449638,-20.855129,-8.528473,-18.834924,-10.404998,14.414665,2.885717,-36.324307,-41.174247,-4.04944,26.58741,21.609486,-2.310779,-4.363436,25.182742,33.676089,-6.773135,-30.042517,6.236664
3.725096,10.832494,15.143881,10.136549,-3.578124,-16.43037,-18.439783,-9.941547,-1.777355,-3.19823,-10.664676,-11.227316,2.217072,21.201829,29.633106,21.19791,6.372824,0.640192,7.216474,13.995469,7.884706,-10.189496,-26.371372,-28.726603,-18.38048,-5.475221,3.071118,8.767095,15.088835,19.628296,15.813927,1.98693,-14.135881,-21.950164,-18.32817,-10.174146,-6.663917,-10.053927,-14.528153,-12.999773,-3.877414,8.459287,18.239893,22.482404,21.577002,17.427514,11.774338,5.799774,0.473265,-3.194975,-4.407306,-3.25333,-1.103125,0.159735,-0.193918,-1.007135,-0.82232,-0.236156,-1.638474,-5.655113,-8.499209,-4.826413,5.618272,15.300977,15.021973,3.578355,-9.871116,-14.46693,-8.448247,-0.194847,1.366452,-4.32046,-11.006122,-14.239077,-15.357371,-16.407155,-14.406841,-4.502944,11.145502,21.566205,17.534835,3.253515,-6.097126,-0.430476,13.437907,18.985858,9.160359,-4.458314,-3.98036,14.177444,33.712375,34.6823,14.021054,-11.717439,-23.586,-18.404458,-9.310857,-10.097786,-21.114285,-30.637264,-28.120692,-14.439595,0.429599,7.990493,8.476225,8.338122,12.029607,17.148713,17.628254,11.098101,2.270521,-1.660556,1.011747,4.090719,0.19909,-10.067,-17.214292,-12.601402,1.189023,11.634571,9.181371,-2.100904,-8.716135,-2.911049,8.234405,10.612789,-0.744576,-15.65452,-19.880757,-10.533036,1.726883,5.44835,0.77106,-2.381736,3.230105,14.267334,21.616827,20.452523,13.481051,5.636717,-1.060032,-6.326192,-8.245035,-4.694622,1.732647,3.612463,-3.703396,-15.16877,-19.652744,-11.737305,1.636931,8.109489,2.99231,-6.40424,-9.762696,-5.002434,1.128297,2.414705,0.110548,-0.550113,1.610133,2.258455,-1.710657,-6.82189,-6.686665,-0.081242,7.346404,10.294852,10.560079,14.069751,21.490101,24.704968,14.993965,-5.793527,-24.479934,-28.272036
4.857615,6.656077,3.077811,-2.384674,-2.737445,6.2195,20.984838,31.734246,29.567477,13.837705,-6.699347,-20.121993,-19.953391,-9.226892,2.897492,8.586349,6.470539,0.754707,-3.828192,-6.035964,-7.669619,-9.95839,-11.107374,-7.846867,0.527328,9.949488,13.999272,9.260515,-1.14082,-9.28055,-8.340397,2.134867,15.897798,24.650918,23.724112,14.394608,1.715208,-9.556936,-17.397839,-22.01857,-24.000871,-23.387704,-20.345196,-15.996064,-11.920687,-8.617752,-4.77798,1.352035,9.519437,16.499715,18.146776,13.0671,4.556175,-1.406762,-0.803858,5.080735,10.70597,10.977436,5.544964,-1.094603,-3.728531,-1.006352,3.681979,5.71018,3.703399,0.72235,1.003003,5.359813,9.726768,8.476556,-0.289365,-12.251569,-19.614108,-16.962496,-5.44178,8.054423,15.793497,14.1633,5.098117,-6.315852,-15.384871,-19.683642,-18.713543,-12.921974,-3.614339,6.498145,13.655498,15.048227,11.101909,5.675629,3.297242,5.396029,8.884207,8.714531,2.488269,-6.945243,-13.478075,-12.889132,-6.715229,-1.270325,-2.374504,-10.188998,-18.641965,-20.098083,-11.475266,3.197828,15.75867,19.819508,14.820781,5.35845,-2.978921,-7.396053,-8.383822,-7.340681,-4.262948,2.057912,11.694115,21.757342,27.357252,24.942348,15.230918,3.076199,-5.824369,-8.774436,-7.435986,-5.797405,-6.650519,-9.531481,-11.618562,-10.510833,-6.373046,-1.721199,0.734941,0.208433,-1.817792,-3.078773,-2.397909,-0.37165,1.487447,2.159767,1.784354,1.161013,0.810064,0.643169,0.556986,1.198169,3.82629,9.014175,15.198108,18.623073,15.349812,4.242214,-11.33009,-24.781338,-30.164985,-26.02774,-16.363829,-7.769152,-4.818891,-7.183182,-10.675672,-11.215711,-8.223335,-4.462058,-2.542909,-1.481559,3.088254,14.6763,31.290027,45.033176,47.315402,35.95175,18.051252,5.474674,5.803846,16.026128
11.02271,27.470865,28.477524,12.454596,-4.777518,-7.231659,3.910228,12.836253,7.662878,-7.27135,-18.636029,-20.051341,-16.980079,-16.61989,-17.749189,-13.639343,-2.775588,7.797789,10.897731,7.787193,5.588781,7.569208,9.634319,7.332657,3.047844,2.882517,7.191797,8.112768,-1.25272,-16.953549,-26.482443,-21.456617,-6.162467,7.467342,11.81612,8.868864,4.775639,2.381875,0.589013,-1.148791,-1.071526,1.629605,4.437533,4.627641,3.820988,6.698664,14.224041,20.152712,16.75463,4.075666,-8.555982,-11.717697,-5.911922,-0.935838,-5.055048,-15.99303,-23.52012,-20.330509,-9.146817,0.990798,4.129912,2.013591,-0.053311,-0.012814,-0.360979,-3.107835,-5.289433,-1.244971,10.257497,22.239729,24.417756,12.836857,-5.504068,-18.374976,-19.19699,-12.287171,-7.27906,-8.7203,-11.692184,-7.616397,6.347885,24.052035,35.748838,35.835662,25.82787,11.824597,0.621837,-2.887024,2.109096,10.403905,12.228582,0.163503,-23.121798,-44.827941,-51.953503,-42.33041,-25.346695,-11.633056,-3.255084,4.991228,15.978826,24.810694,24.221637,13.754619,1.199575,-5.225718,-4.208912,-0.044302,3.964735,8.146234,12.699066,14.487584,10.202479,1.876186,-3.661705,-2.082415,3.289443,5.409292,1.920211,-2.511234,-2.674841,0.531673,1.849518,-0.956816,-4.216068,-3.74983,-0.999308,-1.366941,-6.878371,-12.993833,-13.83166,-8.923033,-2.987223,0.095147,0.597658,-0.00766,-2.259822,-6.226899,-7.294145,1.013565,17.581594,29.752666,23.606999,-0.153328,-23.277104,-26.143811,-7.124245,15.931744,23.813824,13.801131,-1.207651,-8.686505,-8.038345,-6.204915,-5.989476,-2.8417,7.03749,19.186923,24.101376,16.986705,2.165711,-12.100016,-20.995323,-24.563972,-24.040023,-19.691248,-12.466846,-5.244446,-0.486177,2.590644,6.674644,12.098209,15.609019,14.348922,9.854881,6.444249
-1.73135,8.578847,13.61641,7.998226,-0.707415,-3.442692,-2.28034,-5.785296,-13.158546,-10.734705,10.687471,38.715309,47.340185,24.725503,-11.556875,-31.849921,-25.430106,-9.053313,-3.811676,-9.561999,-8.30455,8.995814,27.241444,23.96903,-2.190662,-27.038709,-27.079909,-5.854245,10.534492,2.970536,-20.410714,-35.076609,-27.366435,-6.852176,7.327561,7.418698,1.860239,2.289638,10.391499,18.161986,17.523659,7.101179,-8.356984,-21.161144,-22.872661,-7.855169,20.670706,48.266466,57.451202,42.225935,14.652019,-5.19803,-7.076291,1.970076,7.683027,4.130644,-2.577481,-4.861416,-4.186644,-8.425586,-20.112446,-31.245583,-32.010877,-22.959363,-15.099153,-16.87287,-23.608964,-22.95905,-10.620433,2.745497,3.015913,-9.985085,-20.071872,-11.636766,12.60212,33.568212,35.754242,22.580055,10.172042,8.096411,10.517381,7.464453,0.395381,0.932072,13.70535,26.125317,20.924742,-1.557792,-19.336062,-11.25826,18.139062,41.039248,35.374908,8.499834,-11.353781,-6.242438,12.690327,18.886379,-0.305265,-31.414663,-50.898439,-48.957986,-35.344226,-24.92571,-22.66731,-23.667767,-23.382076,-22.945918,-24.430247,-24.851056,-17.89956,-1.095271,20.529485,37.930528,44.372882,39.221098,28.10122,20.214599,22.664241,33.693654,41.354517,32.568092,6.691314,-20.722685,-30.73148,-18.785378,1.589483,13.468163,12.860434,8.581512,8.010719,7.887039,1.183519,-10.86929,-19.095832,-18.949506,-17.560176,-24.280715,-36.600116,-40.975879,-28.998402,-8.300442,6.356567,10.290736,11.657358,16.704851,18.989577,9.111485,-7.774634,-13.117075,2.217161,22.099365,20.690769,-5.495383,-28.970185,-20.995839,13.264193,37.598242,25.308041,-9.338739,-26.812396,-7.637048,25.796209,36.072123,13.698035,-14.189685,-17.396322,3.183383,20.266443,14.647121,-3.715294,-11.363546,-1.393545,9.515546,3.59523,-15.35535
-5.807184,-10.041104,-3.863281,7.617351,11.153439,1.045346,-12.749204,-15.411265,-4.772592,6.030873,4.545578,-5.874741,-10.536284,-1.902663,10.817812,12.672029,0.783353,-12.549761,-14.317187,-4.766502,4.817538,5.633075,-0.721443,-7.051247,-9.013473,-6.635372,-0.504274,8.916052,17.854531,19.579342,11.841698,2.448427,2.909262,14.767433,25.094859,19.086047,-2.920695,-23.709576,-25.806426,-8.559696,12.355128,20.827048,13.537339,-1.481018,-15.09323,-23.118801,-24.632863,-19.466219,-9.702511,-1.03257,1.121097,-2.74844,-6.793339,-6.970131,-5.562506,-6.591089,-8.302645,-4.084239,7.726696,17.986638,14.777274,-2.104109,-17.688987,-15.564008,5.229277,28.654743,37.102719,27.031684,9.386368,-2.858699,-5.167297,-0.803607,5.919716,12.804256,17.570096,16.444753,7.385276,-6.014052,-15.88738,-16.503078,-9.416163,-2.31833,-2.740974,-11.91069,-23.319891,-27.225688,-18.568985,-2.570553,7.950177,3.550828,-11.67721,-22.112434,-15.388211,4.056947,17.977443,12.551925,-6.894459,-20.845543,-15.137068,5.929482,25.928406,33.037719,28.27313,19.160711,10.387572,3.220229,0.478952,5.799386,16.146887,19.769749,7.257081,-15.164342,-28.212506,-19.082139,3.106027,15.210619,4.291688,-18.732355,-31.33531,-23.071946,-3.944986,9.824225,13.334929,13.250781,13.841382,9.487912,-5.995795,-26.427117,-35.589964,-24.201274,-1.379284,13.913716,12.152479,1.408498,-3.789613,1.377728,9.301342,11.606173,9.411105,10.071606,15.936711,19.936716,13.510168,-2.823716,-18.70877,-23.730971,-16.85594,-5.968451,0.789006,2.164958,2.716239,6.057743,10.358309,10.697452,5.261623,-1.681387,-3.673014,0.917035,6.282499,4.404422,-6.756327,-20.586569,-27.590937,-23.47133,-11.175453,4.009776,19.151207,32.386141,39.028201,32.96989,14.211703,-6.773348,-16.040498,-9.540583,1.76992,2.344324
0.361929,-7.085673,-9.822755,-1.942516,13.344008,25.00281,23.440281,9.524236,-5.557474,-10.066438,-2.038136,9.652308,14.218558,8.927296,0.547431,-2.545797,0.639734,2.656369,-4.297489,-18.867721,-29.280922,-22.954626,0.779369,27.058169,36.347421,21.564077,-4.481683,-19.853513,-13.57525,4.17597,12.231942,-0.840427,-26.044472,-43.400712,-40.975077,-24.214765,-7.968317,-1.503293,-1.717463,1.188352,13.622653,33.318966,50.883347,55.219992,40.282735,10.800727,-17.733469,-28.356033,-16.157175,6.611241,20.986474,18.262474,5.938999,-3.385511,-6.612729,-10.840376,-20.415475,-28.124753,-23.080324,-5.876797,8.96055,7.965518,-6.325645,-18.59401,-18.016525,-8.564248,-0.992527,1.460017,4.874367,12.937653,18.882752,12.934869,-4.046103,-18.721877,-18.277226,-2.854344,16.221841,27.961998,28.666286,19.620974,3.851401,-12.162327,-18.089226,-7.947199,10.059563,17.334509,3.578763,-19.554229,-28.442301,-12.750995,12.722153,24.271221,14.864079,-0.936183,-7.028934,-4.568335,-6.533688,-17.34624,-25.678567,-19.873059,-4.602289,4.210309,-0.285909,-7.504538,-4.122111,8.239475,16.314074,14.458831,12.497042,20.289504,30.360125,24.862933,0.797766,-20.038166,-13.588472,16.203927,37.699625,25.476714,-10.831261,-37.068507,-32.339743,-10.091878,0.326988,-12.493056,-32.392065,-37.809786,-26.029125,-11.84412,-7.124377,-8.758885,-7.025091,0.75,9.518244,16.218018,23.572013,32.83582,38.006158,32.099651,17.798161,6.841108,7.09351,13.456753,14.623283,7.140547,-1.214554,-2.552535,0.532292,-1.39569,-11.972123,-23.909229,-27.478673,-21.3867,-13.053645,-9.552356,-10.960232,-12.452569,-10.074759,-3.272232,5.670572,11.915257,9.27854,-4.399946,-21.445462,-27.506342,-15.002244,6.752052,18.973988,13.154411,0.79044,0.118275,14.397895,28.022274,25.767938,11.566035,3.161474,9.240838
3.791388,-7.671555,-10.71463,1.127164,16.289528,16.709248,-0.850699,-19.268488,-19.650997,-3.260396,9.355202,1.837849,-19.030898,-30.864995,-20.402734,3.43044,21.796518,26.854099,26.219028,28.203691,28.854016,17.739983,-5.682297,-26.962564,-30.257624,-14.830825,4.550046,12.856051,7.992535,-1.025903,-5.700273,-5.390917,-4.66614,-6.922705,-11.751612,-16.32534,-17.239731,-12.004274,-1.32613,9.611762,14.379711,11.502267,6.388733,5.301133,8.022518,8.871581,5.19955,1.635727,3.202083,6.347226,1.966775,-10.994819,-19.587222,-10.200038,12.413445,25.609554,12.908824,-14.896457,-28.671111,-12.675392,16.994505,29.714893,13.953802,-11.735956,-21.967286,-12.807148,-1.697204,-2.183137,-7.291929,-2.079848,12.912178,19.447862,4.49276,-21.134205,-32.918476,-19.914766,3.772703,16.092942,10.827237,0.409794,-1.873035,4.134256,10.658874,14.988536,20.894711,28.257515,28.256751,13.131839,-12.048892,-32.144903,-36.563106,-27.551609,-13.460903,1.184437,14.61886,20.346607,9.5027,-15.125404,-33.05637,-23.212589,10.566613,37.310343,28.815459,-8.703631,-38.242875,-29.803979,8.429615,39.779533,37.847707,11.053308,-11.591352,-13.299359,-3.171684,0.357551,-7.788955,-16.839942,-16.113701,-6.959602,1.964085,6.004601,6.947654,6.445129,2.63963,-4.711518,-9.441387,-3.715506,12.186108,27.730601,31.411457,21.186691,4.986121,-7.458006,-11.489386,-7.887174,-0.507208,4.673146,1.308815,-11.987073,-27.515878,-33.412936,-25.648637,-13.595053,-10.06483,-15.437808,-15.465406,1.962425,29.495194,44.298817,31.475902,1.306275,-19.875471,-15.829575,4.883437,20.550758,19.55285,9.41144,4.450858,9.075312,15.432311,14.798801,6.988548,-1.999213,-7.927599,-10.863627,-11.328444,-8.164607,-2.122282,0.972449,-5.511415,-20.529757,-33.31846,-32.222832,-15.995181,4.479698,15.893714,13.56757
-19.554779,-13.369833,22.55455,57.968331,59.319187,23.95606,-18.065927,-35.949356,-26.990409,-11.391038,-4.066532,-0.075044,10.873637,24.192536,23.830357,5.184565,-14.432839,-14.336775,4.281332,19.412372,15.563102,2.655919,1.464366,13.81975,17.194345,-6.546377,-43.287863,-57.203507,-31.340548,8.972745,20.090873,-13.093899,-59.710933,-74.86819,-45.901126,-3.045928,14.655049,-0.812375,-22.521335,-20.465756,7.958609,39.571794,52.376447,46.193815,37.013652,35.677662,36.3157,26.005181,2.886842,-18.290907,-19.784371,0.315699,23.638397,26.98812,3.733145,-28.867097,-43.468699,-25.365505,15.611592,53.312437,65.407047,48.788654,19.627083,0.012021,1.492835,16.470141,23.576636,4.848235,-37.15133,-77.841699,-90.094743,-69.767033,-41.915777,-37.718031,-62.607741,-89.010538,-83.664614,-41.926813,7.873235,34.694004,35.703681,33.885016,47.493871,68.627871,75.280131,60.039303,39.625906,34.704016,45.948253,54.944906,46.321396,22.850084,-2.124366,-20.527516,-32.168161,-35.190684,-23.665546,0.788689,21.1627,18.349321,-5.817639,-25.636566,-17.876072,10.65298,27.88778,10.573182,-30.784085,-64.226515,-70.263878,-57.888473,-47.245786,-43.752057,-35.217993,-11.770917,19.25037,41.260197,46.350196,39.927486,29.387447,15.062575,-4.618456,-23.692459,-30.602948,-19.957701,1.82726,24.041615,40.955683,50.51547,47.571996,26.040213,-9.552169,-40.091407,-46.121249,-26.484303,1.476876,21.365951,32.75918,43.43654,51.173654,42.166884,10.577388,-26.939235,-44.22546,-33.184689,-12.048153,-3.371195,-8.99973,-12.694853,-4.777985,5.029309,3.014717,-7.698047,-11.257811,-3.285691,-0.377632,-18.17255,-45.259192,-50.265715,-18.293287,27.671193,49.602543,35.96995,11.519567,3.701862,8.657621,0.072875,-30.997358,-57.847141,-47.387978,-2.243765,37.106626,35.031168,-1.11869,-30.86272,-24.703542,8.725024
3.351198,4.298883,3.914076,1.829958,-0.917306,-2.692324,-2.917715,-3.031256,-5.525799,-11.501942,-18.757738,-22.428184,-18.271145,-6.304135,8.27373,18.133459,18.92251,12.534581,5.732432,4.866481,10.697044,17.531208,17.61577,7.476403,-8.858543,-22.481172,-26.152024,-19.642244,-9.655384,-4.458575,-7.567965,-15.458702,-20.85363,-18.610739,-9.360686,1.739363,9.557001,12.728626,13.654123,15.363728,18.514101,21.213058,21.402854,19.105322,16.223384,14.267789,12.584627,9.151423,3.268818,-2.727322,-4.926582,-1.569802,4.420588,6.915613,1.337513,-11.244813,-24.403199,-31.034165,-28.547155,-20.191231,-11.645007,-6.252366,-3.310248,-0.616645,1.847968,1.400756,-3.737429,-10.431772,-11.18556,-0.253772,19.52254,36.029713,35.742977,14.870674,-15.526181,-35.883333,-32.152532,-6.744796,22.678362,36.158182,26.107935,2.090046,-17.874408,-22.007629,-13.279545,-5.025459,-8.015901,-20.419676,-29.296503,-22.128559,1.732849,29.602738,45.18401,41.162045,24.163455,8.336128,3.4691,7.817105,11.267192,5.439677,-8.353385,-20.040235,-19.450578,-5.06401,14.47185,26.956233,25.571181,12.923881,-2.394805,-13.053268,-17.766169,-20.22086,-24.037649,-28.70631,-29.962365,-23.8516,-10.652606,4.677226,15.668056,18.362076,13.183,3.790589,-5.556305,-11.967934,-14.296619,-12.589553,-7.753202,-1.716077,2.644664,2.580668,-2.704229,-10.80609,-16.765641,-15.687063,-5.86409,9.684847,24.523828,32.387601,30.91286,23.109044,15.468321,13.748262,19.090383,27.119053,30.824532,25.446305,12.009856,-3.097947,-12.39745,-12.458187,-6.161635,-0.38917,-0.891149,-8.261248,-18.040117,-24.661088,-25.900299,-24.212764,-24.03627,-27.526187,-32.391677,-33.587338,-27.321995,-14.038562,1.8675,14.97577,21.829748,21.910442,16.697547,8.492135,0.185708,-4.604542,-2.510532,7.209836,20.746478,30.768934
3.678491,8.175533,2.625201,-11.479309,-21.604872,-18.49328,-7.652558,-2.389091,-6.54974,-9.416301,-0.003365,17.404526,26.799389,19.14521,3.017714,-5.713032,-1.985034,4.44395,2.589648,-6.186358,-10.55722,-3.316432,10.031835,17.217453,11.76748,-1.485053,-12.234494,-14.419898,-10.258534,-6.151565,-5.824544,-7.689763,-8.321672,-7.196406,-6.500227,-6.255264,-2.219239,8.337298,19.20227,17.996773,0.092181,-21.734046,-26.410711,-5.600757,26.606889,47.142395,45.338566,28.641413,9.815002,-5.313427,-15.95988,-19.091199,-11.578378,1.0959,5.669249,-5.130616,-22.889215,-31.927267,-26.156273,-13.533973,-4.306605,0.026483,3.893036,8.230959,8.827099,3.123427,-5.578443,-11.512391,-11.1622,-4.041206,7.646889,18.13261,20.302916,12.846016,3.762705,2.455826,8.409417,12.128521,8.20259,2.125428,0.70426,0.716289,-5.851455,-17.05738,-20.343208,-9.583741,4.73142,8.926076,4.806221,5.614209,14.469635,17.999682,6.405733,-9.41585,-11.139485,0.600782,5.718674,-6.983191,-22.707859,-20.655574,-3.872822,3.717341,-9.947155,-27.748485,-25.412604,-2.778021,16.99504,17.004228,5.188639,0.89504,10.907023,24.667034,28.987805,20.851697,6.827292,-4.167907,-6.718106,-2.59807,-0.563651,-8.169892,-21.059346,-24.594677,-10.83199,8.970827,15.1821,2.964729,-12.018889,-13.420278,-3.266804,4.425384,4.484029,5.893424,15.660184,26.302133,25.409963,12.988529,1.682848,0.177897,3.009725,-0.765633,-13.508334,-27.271578,-33.286827,-29.188094,-18.432243,-7.133046,-1.603229,-4.427057,-10.567874,-10.22274,1.411129,18.339512,29.920172,31.576192,26.844002,20.073544,11.424196,0.272522,-10.265352,-15.548265,-14.744982,-11.219133,-8.291111,-6.960838,-6.973385,-6.966439,-3.64466,5.308913,16.088297,20.416026,15.411906,8.555532,8.094403,10.75474,5.990254,-6.921481
-3.712322,1.711994,9.401554,13.985311,12.461454,6.774927,1.157391,-2.356508,-4.903425,-7.619512,-8.999667,-6.567454,-0.672448,4.975483,7.398012,8.063467,10.899515,16.160661,17.679573,8.255368,-11.352036,-29.743952,-33.108061,-17.705551,5.420044,18.950418,13.901007,-2.983416,-15.901681,-14.448545,-2.286524,7.828718,7.251883,-0.450303,-4.401116,1.242506,10.766961,13.165861,4.324828,-8.224948,-13.218177,-7.541178,0.85969,1.874798,-6.180975,-15.578667,-17.736786,-11.044782,-0.035494,11.024475,21.309872,30.360049,34.619796,29.706536,16.194104,1.154743,-7.549887,-8.212106,-5.711188,-5.402568,-7.811454,-9.647688,-8.673535,-6.095633,-4.428213,-4.60047,-5.931682,-7.847143,-10.135839,-11.673555,-10.516718,-6.265619,-1.562685,0.066645,-2.050183,-5.081792,-5.994219,-4.474312,-1.901166,1.414646,6.058981,10.557232,10.986195,5.712129,-0.237505,1.54659,13.526537,27.480975,31.394794,21.438306,5.582915,-5.250852,-7.882492,-7.105671,-6.792768,-4.562159,2.925308,12.000661,13.487228,3.126504,-12.362787,-22.154498,-22.984557,-20.908255,-21.301597,-20.945733,-13.348687,-0.259144,7.188018,1.331914,-10.861501,-13.920789,-1.658211,14.745957,19.083032,8.747645,-2.548949,-1.00839,11.800397,22.195146,20.898114,12.079323,5.341722,3.029347,-0.365756,-7.461234,-11.976487,-6.462781,6.533283,15.49525,12.849432,3.483692,-2.089935,-1.063911,-0.925962,-8.168782,-18.149341,-19.741276,-9.2898,3.797392,7.166799,-0.814175,-10.090252,-11.059203,-4.799546,0.018741,-1.76908,-6.551649,-7.505276,-2.692416,3.889474,7.733233,7.969944,6.348785,4.586692,4.058595,6.374918,11.664736,16.223614,14.434143,4.949,-6.036572,-10.012842,-5.225358,1.089715,0.739293,-6.208158,-12.027929,-10.940484,-5.796623,-3.682057,-6.293602,-7.514197,-1.411408,9.410752,15.764891
15.258702,29.667734,34.765158,13.63252,-25.842543,-50.678205,-37.316321,-1.715594,15.873605,-3.42802,-37.045771,-50.735576,-38.367452,-21.767412,-16.769868,-14.924897,-2.918173,13.175816,15.484393,1.600651,-9.1159,0.320371,23.438489,39.732725,39.54209,31.700677,28.380762,30.450909,29.928751,21.114577,5.456727,-11.226717,-22.348069,-23.317285,-14.891814,-3.707073,3.157617,3.795561,-0.195579,-8.481847,-19.978224,-27.185701,-20.881897,-4.580834,3.201306,-9.630091,-28.180496,-23.426188,10.837622,44.361431,42.790893,7.967305,-25.095215,-29.822141,-14.094588,-1.254924,1.582142,4.33788,10.496391,9.986259,-1.374419,-9.810963,-1.577062,14.80081,17.486011,1.38818,-13.33185,-7.223214,13.476398,25.429643,15.956545,-6.499535,-26.258862,-34.190038,-27.169747,-5.524228,22.078397,39.080731,36.559866,25.401229,22.855341,27.310308,18.40721,-12.537572,-43.409808,-44.853141,-18.501227,2.790071,-4.277746,-25.394875,-30.087519,-11.632199,8.73727,14.775287,15.201332,23.285249,29.951934,13.790416,-24.408821,-53.901454,-48.652835,-19.61063,-0.558288,-5.550695,-13.8615,-0.829734,27.916799,43.864198,32.974534,12.912677,9.014167,22.447257,31.793521,23.262784,8.041165,4.836848,12.846403,12.232102,-8.355799,-34.035526,-40.127751,-22.670075,-4.21188,-7.034363,-26.628738,-37.370022,-22.404604,8.169521,29.782265,28.517303,10.417019,-9.609335,-20.994119,-19.83397,-6.115737,15.151549,32.714697,35.958948,25.216733,11.581324,4.075095,-0.09605,-9.15288,-22.761173,-29.892815,-22.30292,-6.130206,3.881923,0.678441,-8.150821,-10.267803,-2.599391,6.253687,5.911778,-5.517142,-20.054723,-26.191829,-16.644793,6.906805,33.938572,50.649544,48.683551,30.836307,8.481318,-7.266867,-12.397515,-9.264468,-1.489272,8.167187,15.403308,13.628884,-0.429928,-20.039153,-30.961793,-24.330729,-7.013172
-0.863752,-5.917426,-3.689511,4.440674,10.38362,6.714324,-6.630318,-22.794375,-34.135714,-37.329712,-33.370195,-24.57857,-12.914432,-0.637454,9.098755,13.563164,12.53813,8.890864,6.951708,9.835374,17.143258,24.311418,24.940844,16.101645,3.021515,-2.580306,7.910325,29.678376,44.598138,35.045716,0.579635,-38.699527,-57.192777,-44.574194,-13.459983,12.526261,18.437134,7.616204,-5.338221,-9.151529,-4.149351,1.089412,-1.074104,-11.248608,-23.802927,-31.835089,-31.462641,-22.738178,-7.881517,10.483826,29.019821,42.127307,42.588658,26.492634,-0.841519,-24.983658,-31.619949,-18.265329,3.050317,16.209477,15.085244,7.156979,3.352637,5.816803,7.292892,2.030769,-5.474452,-4.894448,7.282301,21.909906,25.517683,13.885957,-3.84997,-14.401098,-12.429943,-3.543228,2.764747,1.346621,-6.525678,-16.290032,-23.331855,-24.293095,-18.080497,-7.162444,2.995839,7.438815,5.283656,-0.373657,-5.750951,-8.792019,-8.610773,-4.461285,3.038858,10.306079,12.845074,10.25978,7.876829,11.133287,18.185788,20.323568,11.50958,-3.429102,-12.492093,-9.083331,0.790061,5.43779,0.682366,-6.10196,-5.535014,2.488632,9.221624,7.877217,1.067016,-3.794513,-4.274899,-5.095028,-10.507009,-17.529538,-19.102149,-12.840624,-3.796556,2.157204,5.200639,9.507574,15.394999,16.965548,9.361814,-3.480602,-11.365599,-8.73414,-0.963092,1.907704,-3.171017,-8.958287,-6.61365,4.126891,14.876451,17.741729,12.564648,4.913456,-0.875922,-4.665042,-7.420059,-8.11328,-5.472979,-1.603628,-1.303285,-6.736073,-13.957503,-16.249178,-10.977951,-2.175475,4.076139,6.101797,7.782513,13.523526,22.775114,29.648814,27.5566,14.468745,-5.092955,-22.147219,-28.088505,-19.987879,-3.280742,10.930884,13.423335,3.921456,-8.70682,-14.089606,-9.238409,-0.430273,3.487969,-0.464793,-7.403958,-10.234608
4.171642,-0.885612,-10.911338,-17.808778,-14.631675,-2.2225,10.989979,15.911476,10.126656,-0.675194,-7.905933,-6.890318,0.488989,8.716139,13.530915,14.171989,11.843116,7.285487,0.643999,-6.635395,-11.10469,-9.774936,-3.511638,2.842548,4.657944,1.985594,-0.655969,0.733553,5.186495,7.767083,4.9212,-1.753872,-7.344171,-8.720841,-7.158732,-5.987575,-6.539451,-7.095155,-5.459289,-1.597614,2.60297,5.407027,6.184618,4.60438,0.260264,-5.91423,-10.450781,-9.215417,-1.564781,7.752913,12.053767,8.798019,2.035928,-1.623743,0.563355,5.357103,7.634877,5.88988,3.177643,3.034074,5.421441,7.155335,5.742478,1.85209,-2.164995,-5.322968,-8.614444,-12.633403,-15.62896,-14.926731,-10.30871,-5.127246,-3.268804,-5.01528,-6.54393,-3.997108,2.153566,7.367514,7.897549,5.010631,3.729549,7.166962,12.613148,14.031164,8.74699,1.186222,-0.873041,5.761014,15.678901,19.315454,11.825889,-2.301575,-13.385384,-15.207126,-9.770142,-4.195388,-3.764516,-8.163539,-13.538398,-16.717651,-16.844634,-14.012728,-8.260824,-0.817982,4.760364,4.752211,-0.410792,-4.858876,-2.050968,8.341705,18.982297,21.434216,14.487242,5.314725,1.846617,4.419835,5.857853,-0.025635,-10.873302,-17.560859,-13.366989,-0.582032,12.203476,18.450054,18.345277,15.687302,12.135991,6.235576,-2.316273,-9.719368,-11.268203,-7.250938,-3.865201,-6.980385,-15.435116,-21.839284,-20.490945,-13.637228,-8.883655,-10.508423,-14.382387,-12.221553,-0.611321,14.830465,24.387207,23.041922,14.513918,7.302438,7.169185,12.84346,17.835009,15.997368,6.334342,-6.170016,-14.136407,-13.413008,-6.564267,-0.916324,-2.029697,-8.128727,-11.186024,-4.50847,10.075503,22.691896,23.620668,11.614013,-5.361214,-17.118008,-18.981086,-13.57691,-6.533647,-1.323754,2.176247,5.413845,8.36011,8.834512
22.888232,10.630491,-8.647101,-21.330616,-20.30499,-8.992487,3.400442,9.106452,5.858499,-3.007412,-10.934517,-12.038343,-5.036967,5.740079,13.855567,15.839731,12.749876,7.163881,0.166747,-7.620778,-13.294068,-12.785994,-6.107298,0.269273,-0.887569,-8.837813,-13.957985,-7.618447,7.511687,19.107975,17.885631,7.207677,-1.367806,-1.260947,2.557472,0.714169,-8.722056,-17.471436,-15.745798,-1.923961,16.805406,31.493702,37.391945,34.058112,22.81303,6.067999,-11.966636,-26.360461,-34.201071,-35.547446,-31.489556,-22.668697,-10.897447,-1.08625,1.124705,-5.059955,-13.626009,-16.977317,-12.770406,-4.085716,6.730588,21.274845,39.727936,54.053658,51.421623,27.592019,-4.618686,-24.112351,-20.551052,-3.380263,9.302006,9.374355,3.967747,3.041903,5.967443,3.697296,-7.425854,-18.973616,-20.113192,-11.527866,-5.493008,-11.216936,-23.258227,-27.48215,-17.666998,-2.877967,3.115882,-2.307994,-8.021517,-2.280996,13.950953,28.199483,29.659235,19.202012,6.487614,-0.515314,-1.558572,-0.981331,-1.330528,-1.38452,0.669954,3.999214,5.626216,3.473977,-1.515086,-5.802013,-5.408758,1.512616,12.714314,21.828705,21.507096,8.765884,-11.335373,-27.638446,-30.266026,-18.157106,-0.417343,10.292651,7.480577,-4.230752,-13.324171,-11.528026,-1.137558,7.256244,4.835842,-6.997625,-18.0486,-19.16852,-10.447612,0.393375,6.780851,8.958578,10.67509,12.273977,9.903684,2.304423,-4.069463,0.020848,15.661232,31.793467,34.533067,20.797742,1.392401,-9.97677,-9.64751,-5.134693,-4.673437,-8.213282,-9.762196,-6.681502,-3.761731,-7.315021,-16.981792,-25.166176,-24.342265,-13.629232,1.7376,15.46483,23.343434,22.854384,13.065381,-3.039155,-17.388376,-21.088347,-11.894396,2.770509,11.490559,8.358256,-2.774445,-12.775181,-15.127222,-9.69337,-0.476411,8.457682,14.783462,17.597513
-4.356016,-4.241106,-1.717353,1.798259,4.693469,7.628004,12.561051,18.576403,20.031438,11.086503,-7.16067,-25.315258,-32.99336,-27.744524,-16.182554,-6.499315,-0.966077,3.846656,10.944709,18.927035,24.136914,24.905444,22.296546,17.587629,11.059945,3.719411,-1.655136,-3.071527,-2.554592,-4.81726,-11.69089,-19.003142,-20.591276,-15.362043,-8.923771,-7.510885,-11.27433,-14.724988,-13.303174,-7.911773,-2.544264,0.957319,4.08502,8.080093,11.295703,11.344303,8.83725,7.269303,9.037681,12.919091,16.150281,17.816758,18.708636,18.258282,13.704114,3.5124,-9.436589,-19.831463,-25.127337,-27.183842,-28.05371,-25.858982,-17.138518,-3.177889,8.687034,12.22009,9.782109,9.920244,16.459868,22.179377,16.245616,-1.820645,-18.233747,-17.475384,1.296647,22.075402,27.13981,13.723244,-4.93978,-14.115372,-11.431617,-6.296025,-7.73971,-15.116533,-20.769709,-19.568782,-13.728685,-8.476103,-5.084757,0.098856,9.957097,21.467377,27.425104,23.339083,12.080068,1.383269,-3.126479,-2.29417,-1.153152,-2.948969,-5.944057,-6.099878,-2.248862,2.243392,3.274489,0.929913,-0.305375,3.266051,9.563304,11.84082,5.439502,-6.627884,-15.402191,-13.935044,-3.99994,4.993555,4.177629,-6.730105,-18.62123,-20.255218,-7.626551,12.268556,26.482827,26.037021,12.602273,-3.62688,-12.85295,-13.235445,-10.289375,-9.420455,-9.832511,-6.381503,2.906084,12.460868,13.534448,3.215156,-11.436857,-18.805744,-12.554352,3.43127,18.934406,25.604839,22.053927,12.759298,3.459597,-2.562201,-5.189614,-5.867578,-5.574259,-4.079648,-1.081357,2.065313,2.476613,-1.448468,-7.349046,-10.297936,-7.971023,-3.821265,-3.397082,-7.043322,-8.128528,-0.701237,11.520056,16.790903,8.184386,-6.467858,-10.844469,2.093491,20.521159,24.768612,8.188431,-15.216255,-25.413313,-17.145551,-3.941352,-1.764186
-14.384911,-23.814002,-17.905415,7.1334,32.845194,34.701866,10.461912,-13.762709,-11.058394,15.059802,33.428661,20.844169,-10.601598,-26.968463,-11.156112,18.328191,29.300031,11.358192,-15.911869,-28.04121,-21.658636,-12.323008,-11.931068,-15.919855,-13.617967,-4.54498,1.437902,-1.363587,-5.791481,-0.35881,16.31983,32.905429,36.463223,23.599618,0.893794,-21.921317,-36.82674,-38.303029,-24.49109,0.078915,24.913885,39.618548,40.363297,30.193319,14.252426,-3.285753,-18.113141,-25.395637,-23.62776,-17.883434,-15.682526,-18.262328,-18.367576,-9.241195,5.359181,13.620591,9.328846,0.38458,0.69517,14.032039,28.86313,30.511692,16.723912,-0.554257,-7.850863,-2.564801,6.766588,9.71274,2.371475,-10.675971,-19.695315,-16.259052,-0.960721,13.268507,9.252206,-17.679981,-50.433349,-62.1895,-41.500339,-4.238441,22.545947,28.238193,26.562764,35.161008,52.175983,58.446191,41.678438,11.664467,-12.063479,-23.005391,-31.208059,-44.463307,-54.11031,-45.545788,-19.263681,6.867936,18.242192,19.566996,24.370434,32.452313,27.713379,1.949819,-26.984301,-30.634669,-3.932484,24.677334,22.957017,-8.727476,-37.353421,-33.535044,-1.501901,29.925709,40.100204,32.791791,21.899992,11.915581,-0.531325,-11.834747,-10.502167,4.889758,15.357193,-0.590899,-38.533513,-66.109495,-55.146053,-12.793501,25.004052,30.647863,10.225833,-9.348562,-11.988688,-4.783448,-1.238157,-1.601461,4.609978,20.850309,36.303387,38.11628,25.628448,8.619108,-5.385874,-16.542142,-25.856119,-29.368393,-23.40133,-12.358722,-5.299556,-4.230702,-1.202184,9.607845,20.96785,20.234521,8.041122,2.259795,17.519045,43.343581,50.32302,21.553925,-25.891921,-55.786524,-48.499439,-18.076184,6.429314,11.118637,4.575277,-0.951092,-6.360805,-19.052347,-34.811497,-36.089063,-12.58247,20.906549,34.239097,12.094651,-28.117838,-51.259821
-4.229129,-1.87607,2.296148,3.35442,-0.89998,-7.172588,-9.571353,-5.465211,1.909537,6.93237,7.210021,5.033376,3.489487,2.501763,-0.103825,-4.152207,-5.71843,-1.556609,5.736288,8.901656,3.437569,-6.84349,-12.923438,-9.505626,-0.183173,6.527818,5.588338,-0.615129,-5.805225,-5.805077,-0.971752,5.418108,9.421551,7.752658,-0.481563,-11.710511,-18.81775,-16.726416,-7.911588,-0.679612,-0.269065,-2.371626,2.263384,16.078069,29.539605,30.030484,15.754449,-1.437165,-8.289828,-3.768294,1.514054,-1.122421,-8.368583,-10.221835,-3.485929,3.561726,1.168944,-9.608739,-17.46206,-13.576568,-1.374222,7.777339,6.994988,-0.09676,-5.191782,-4.285636,0.580103,6.285358,11.786525,15.734034,14.227928,4.450258,-9.546732,-17.847401,-13.875907,-1.935171,6.498962,4.4964,-3.64745,-8.135997,-4.674396,1.978119,4.910507,2.966889,0.320458,-0.158305,-0.126777,-1.711779,-2.821777,0.604367,7.789023,11.421827,5.061585,-8.364101,-17.733723,-14.53449,-1.608273,9.992418,12.431679,8.038488,4.732806,6.278859,8.921762,7.495591,2.700705,0.420088,4.012707,9.101899,7.485094,-3.824536,-18.386783,-25.71675,-20.807101,-8.293191,2.303427,4.857794,0.449534,-5.719003,-9.688957,-10.706426,-9.146314,-4.528231,3.224427,11.219552,14.253504,9.625688,1.225776,-2.671229,2.920172,14.134802,21.285939,18.117868,7.784791,-0.882622,-2.757777,-1.109197,-2.630434,-8.931597,-14.588627,-13.92665,-8.179626,-4.129048,-5.624304,-8.278531,-4.249729,7.955771,20.135747,21.988182,11.658017,-2.270189,-9.355304,-6.994821,-1.244223,0.84518,-1.917957,-5.721323,-7.492727,-7.698795,-7.476263,-5.317271,1.063718,9.622698,13.149691,5.928815,-8.574221,-18.604405,-14.709372,0.204028,12.556383,10.978708,-2.424486,-14.280359,-13.540624,-2.238633,7.818632,8.483731
-13.854108,-11.280775,-3.353,2.190505,0.774949,-3.813114,-4.133318,1.716753,7.428556,5.717479,-2.861169,-9.712156,-6.925022,4.560668,15.658956,17.33782,8.072806,-5.497349,-13.934985,-11.626762,-0.52425,10.978471,13.854893,5.679056,-6.64671,-12.415697,-6.947072,3.978632,10.423074,9.011585,5.961321,8.567606,15.057256,15.370073,2.767475,-17.110247,-30.665881,-29.49167,-17.45476,-4.607704,3.595909,8.994441,14.010412,16.123694,11.337535,1.461489,-5.600374,-4.179485,2.368181,5.289526,0.446044,-7.303558,-10.308926,-6.951753,-2.551489,-2.163346,-4.728517,-5.28794,-1.475645,4.007951,7.061734,6.434751,3.61508,0.040936,-3.771856,-6.677981,-6.582154,-2.886454,1.74129,3.687143,2.601013,2.041398,5.287999,11.362641,16.110315,16.662712,13.600522,8.897409,3.586687,-1.402093,-3.616597,-1.034378,3.704592,3.407245,-6.650642,-21.906003,-31.134402,-27.425424,-15.473766,-6.202536,-4.537024,-4.781447,0.882395,11.356029,16.908684,10.703914,-2.497187,-11.136161,-9.349926,-2.255412,1.61497,0.743915,1.273775,7.990773,17.459301,21.613162,16.884599,7.806524,1.58584,0.829099,2.423353,2.205703,-0.999765,-5.622623,-9.517785,-10.815315,-7.980828,-1.156606,6.268547,9.164568,5.266713,-1.996105,-6.46113,-5.3227,-1.580714,-0.213245,-2.847577,-6.992473,-9.70829,-10.313065,-9.093638,-5.143134,2.474229,11.482963,16.353758,13.100684,3.761094,-5.173031,-9.029756,-8.786401,-8.344659,-9.171524,-8.976191,-5.396955,0.649098,6.127627,9.319039,10.646976,10.42057,7.708209,2.628777,-1.442641,-0.211744,6.271099,12.106502,10.942733,2.886537,-5.104369,-6.178087,-0.228073,6.840742,9.523576,7.140112,2.249179,-3.264546,-8.997036,-13.822042,-15.256527,-12.223327,-7.356051,-4.838018,-5.796158,-7.179206,-5.955627,-3.342951,-3.236123
-11.298615,-14.779601,-10.094116,0.29934,8.119795,6.439924,-3.4096,-11.887274,-9.126471,5.668071,21.739624,24.297219,6.571671,-23.441644,-47.581292,-50.371331,-30.199541,-0.118437,22.1247,26.735521,17.402778,6.154894,2.701264,7.325522,12.588358,11.270811,3.004178,-6.080895,-9.689478,-7.350556,-4.369401,-5.871122,-10.689157,-11.197147,0.102777,22.68557,45.932764,55.477916,43.52263,15.062356,-15.107849,-32.55431,-32.848842,-23.465305,-16.817855,-20.172544,-30.323446,-36.864338,-31.034045,-12.953139,8.284758,21.361487,20.79283,10.190343,-1.211213,-5.435982,-0.598171,9.429499,19.164473,25.423526,27.985212,27.441669,23.209631,14.082669,0.778727,-12.40783,-19.194334,-15.487823,-2.83863,11.926498,20.93557,20.176622,11.344134,-0.473206,-10.907811,-18.656368,-24.475944,-28.514633,-29.100377,-24.423774,-15.404836,-6.522538,-3.094227,-6.934466,-14.252671,-18.074701,-13.601694,-2.169481,9.595856,14.886966,11.970925,5.360379,2.093365,6.289405,16.311015,26.415568,31.066572,28.309091,20.022341,9.771287,0.620075,-5.568324,-7.832027,-6.191786,-2.423216,-0.199565,-3.2243,-11.958407,-21.691688,-24.527097,-14.867184,5.427401,26.652118,36.830466,29.67553,9.103568,-13.209706,-25.52708,-23.38353,-11.433713,0.952042,6.525964,4.363226,-0.994986,-3.879204,-1.634665,4.112955,9.127481,9.355859,3.037223,-8.554797,-21.561678,-30.913615,-32.404218,-24.792877,-10.682454,4.773802,16.785898,23.376228,25.377632,24.078774,18.954766,8.112041,-8.499142,-26.207467,-36.695162,-33.419824,-17.370623,2.222082,13.987836,13.11452,5.404875,2.639277,12.446997,31.04641,45.404569,43.609503,25.010848,1.41224,-12.086707,-9.169715,2.819109,9.370908,1.239893,-17.655746,-33.424426,-33.634298,-17.325041,4.55068,18.130351,17.225074,6.913302,-1.975822,-2.004658,5.830377,14.424814
0.811222,-1.838614,-2.935669,-1.478541,0.179482,-1.906026,-8.958721,-17.315062,-21.175297,-17.6202,-8.696033,1.195209,9.104022,14.304209,16.198233,13.2637,5.190424,-4.528577,-9.767982,-6.696574,2.432387,10.913436,13.26471,9.366907,3.426012,-0.389789,-1.046016,-0.257145,-0.237404,-2.085607,-5.401014,-8.432618,-8.755785,-4.981876,1.402584,6.370642,6.59415,2.731259,-1.067672,-1.419435,0.870733,2.238172,0.941968,-0.889086,-0.398926,1.689482,1.466636,-3.033455,-8.37353,-8.919974,-3.532723,2.365018,2.448511,-3.350523,-8.65152,-7.80319,-2.044585,2.485341,2.151587,-0.477589,-0.807665,1.544655,2.691515,0.624611,-0.755748,4.270246,15.459578,24.955309,24.74902,15.14929,4.4193,-0.189364,0.172906,-1.655549,-9.858762,-20.499413,-25.656425,-21.576623,-11.807993,-2.926522,1.328621,1.401371,-0.856829,-4.28624,-7.588433,-8.206992,-3.870205,4.520802,12.550368,15.604193,12.533655,6.055146,0.167487,-2.293596,-0.280848,5.502219,12.217263,15.376036,11.694226,2.508594,-6.376177,-9.57871,-7.281529,-4.92583,-7.419036,-14.050114,-19.510507,-19.365225,-13.553727,-4.669201,5.525231,16.329804,25.379018,27.968793,20.963799,7.185992,-5.603687,-11.011483,-8.986235,-4.217755,-0.472187,2.14813,4.389561,4.297636,-1.378136,-12.013017,-21.065982,-20.997616,-10.595099,3.266565,11.559656,10.641506,4.112248,-1.71961,-3.225437,-0.821569,3.207817,6.85233,8.760187,8.12413,5.276163,2.072565,0.729808,1.841901,3.746792,3.99098,1.281997,-3.840859,-9.519895,-13.235237,-12.620629,-7.107919,0.529241,5.22746,3.830149,-1.29344,-3.839777,0.151105,7.793217,12.047374,9.051752,1.831813,-3.820509,-6.041726,-7.728926,-10.63892,-10.975795,-3.3814,10.662271,20.976102,17.671546,2.049295,-13.223337,-15.986123,-6.171953,5.194272
56.263762,68.048923,58.687246,31.579942,2.878873,-12.200409,-13.717088,-15.232408,-26.655231,-41.694863,-45.603336,-34.091674,-19.683873,-17.014639,-25.324423,-30.31781,-22.920282,-10.775231,-7.806379,-15.630688,-20.969771,-12.140799,6.859671,22.111782,26.31567,23.902226,19.739696,9.745749,-11.415383,-35.855719,-43.743968,-23.255386,14.330123,44.822939,56.094484,57.884896,64.792336,74.492488,69.355581,39.868297,0.181752,-24.711319,-25.706557,-18.556587,-24.664771,-46.254593,-63.766853,-56.905918,-25.467049,10.536425,28.303932,18.876974,-9.372229,-38.413308,-51.350565,-41.023929,-13.62233,15.163388,30.39345,27.113336,10.742881,-10.178732,-29.517476,-41.931984,-39.989761,-18.339905,17.788218,51.848529,67.789779,62.892237,46.884435,28.816253,8.562673,-16.600459,-40.646116,-50.231806,-39.341276,-18.227763,-3.105534,2.192561,9.489428,29.415378,55.223082,68.045988,57.59402,32.755273,9.52281,-7.497706,-26.140291,-49.70188,-65.360056,-55.261412,-18.924866,19.746147,31.016328,5.501008,-37.401884,-65.27698,-57.079445,-16.803077,30.791963,57.052256,48.129077,14.047953,-19.381765,-31.689144,-24.311536,-15.817428,-19.568041,-28.140159,-23.110004,0.725148,26.544788,34.59536,26.61005,24.188659,40.995337,62.604674,60.777263,27.150276,-13.985641,-30.365372,-15.721444,5.994139,9.30489,-6.050137,-19.822215,-17.64191,-5.962325,-0.893343,-8.909962,-22.792877,-32.474406,-32.935215,-21.596727,3.650947,37.045749,58.995803,47.573256,1.78393,-49.993426,-71.571265,-51.433483,-11.901588,14.564064,15.560419,4.407286,0.245445,8.269979,19.490964,23.545297,16.904269,1.515765,-17.562255,-31.355948,-29.751851,-11.189871,11.585921,21.518444,15.391188,7.927573,13.748314,27.851359,30.434574,12.519449,-9.450183,-10.729137,11.755226,33.618178,30.129311,4.21718,-18.245891,-19.307653,-7.839757,-4.794882,-15.632163
3.287144,2.436728,5.246404,9.524563,7.140191,-6.524997,-24.025989,-30.402091,-18.66487,0.560814,8.053295,-3.996438,-22.584849,-26.589617,-8.806252,16.417505,28.282494,20.856635,7.71522,5.881321,17.458942,28.557764,25.189584,7.982663,-9.315359,-14.163664,-6.538762,3.189752,5.476461,-0.105166,-6.287578,-6.014616,1.074618,8.660714,9.567514,2.432602,-6.594746,-9.513422,-5.167644,-2.051093,-10.286157,-29.2594,-44.601665,-40.634738,-17.289237,7.214975,13.362035,0.454262,-12.2669,-5.996053,17.422598,37.767673,38.569261,24.054936,12.234579,13.331413,19.300373,15.947276,1.69997,-10.317526,-9.016905,0.421753,2.855764,-7.627372,-19.475629,-16.918353,1.103621,19.030011,21.79208,10.33072,-2.156327,-6.969027,-8.452453,-14.962855,-25.50448,-29.986123,-22.614323,-10.541404,-5.858184,-10.59818,-13.913204,-5.638402,10.2814,19.443026,13.890653,2.040191,-0.485769,11.515374,27.189367,31.94289,22.853834,9.867713,3.127648,2.47837,0.740839,-5.216803,-10.262237,-8.436063,-1.83838,0.757002,-5.799473,-16.266646,-20.023735,-12.261139,1.102979,9.683271,8.608614,1.708413,-4.110317,-5.948854,-6.042566,-7.252288,-9.152853,-8.989842,-5.485741,-0.49122,3.400409,6.181116,10.499102,18.029799,26.079581,28.60448,21.461845,6.988032,-7.095588,-14.15765,-14.436981,-14.013591,-17.549477,-22.386006,-20.990127,-10.018402,3.774294,8.488807,-0.701906,-14.586247,-16.82346,0.510747,27.694931,44.274049,36.512963,9.467411,-17.224789,-25.62581,-13.263987,6.727208,17.545498,11.64532,-5.308277,-20.638817,-24.424999,-15.251882,0.843779,15.525283,22.757731,20.371759,9.52182,-5.813923,-19.022538,-22.706732,-13.243237,4.859759,19.986357,21.353837,8.12527,-9.087696,-17.011122,-11.239232,0.525131,6.633562,2.643024,-5.706314,-9.783349,-6.9548,-1.733567,0.675878
-4.351674,-2.452173,0.105132,-0.261045,-4.513042,-9.220073,-9.71654,-5.283065,-0.660745,-1.557658,-8.16892,-13.47612,-8.956667,6.991109,25.912308,35.140768,28.108137,10.178173,-5.280967,-7.420985,3.698832,17.495101,21.236695,9.588162,-11.630571,-29.609457,-33.345639,-21.120874,-1.672872,12.01923,12.242573,2.066847,-8.085304,-10.210081,-5.744854,-2.681477,-5.617291,-9.701676,-5.917406,7.513279,20.731752,21.168656,7.074532,-9.272792,-13.028702,-1.198195,15.015483,21.692397,14.692704,0.791973,-11.189154,-17.757166,-19.650523,-17.013507,-9.067024,1.630356,7.949632,4.023674,-7.900507,-18.370682,-19.313006,-10.906554,0.423977,9.326084,15.120805,18.893115,20.078307,17.99003,15.27049,16.456444,21.77104,24.447162,17.051273,0.667689,-14.461847,-18.974896,-14.050889,-9.341783,-11.59494,-17.498952,-18.859388,-13.034628,-5.608368,-2.674606,-3.276452,-1.764472,3.414597,6.390357,0.754659,-11.826431,-22.102182,-22.389713,-13.60658,-2.688808,5.179221,9.897249,12.89758,13.353528,9.865175,4.609487,2.944864,7.765937,15.748228,20.952644,21.771235,22.317165,25.949756,28.784071,21.940778,1.318782,-25.540108,-43.592604,-42.27317,-24.256108,-3.242245,6.810731,1.735864,-11.061268,-19.394231,-15.721611,-2.096437,12.537476,19.833312,17.778577,10.145534,1.364569,-7.112655,-15.347934,-21.402478,-21.564323,-15.004499,-6.743272,-3.612778,-6.545845,-8.459787,-1.653463,12.795281,24.729604,25.057951,15.439013,6.60217,7.141411,15.225591,21.791018,20.520836,13.176407,5.734391,1.669565,0.303226,0.063667,0.466689,0.186507,-4.378196,-15.746005,-30.331403,-39.042796,-34.914022,-20.106864,-4.224796,4.55925,5.990558,5.463985,6.883198,9.255514,9.796845,8.169368,6.234624,4.619646,1.662846,-3.514778,-8.261463,-8.34397,-2.722339,4.728238,8.854783,8.039401
0.945389,5.427221,7.202578,2.848385,-3.327187,-3.482933,3.907215,11.068647,9.729767,1.499098,-3.583866,0.479205,7.414665,5.771506,-6.44221,-17.694827,-15.585063,-1.874025,8.30837,3.070717,-12.631769,-22.073479,-14.836442,2.271953,12.92371,8.275475,-5.014899,-12.726585,-7.029922,7.520627,19.616212,21.045799,12.162966,0.435569,-5.379293,-1.630062,7.089118,11.137912,4.370412,-9.065782,-17.473543,-12.976972,-0.264256,7.610507,3.048919,-7.572563,-10.684981,-0.481261,14.674121,21.383154,15.070328,2.931916,-6.003718,-10.562037,-15.39369,-21.374709,-22.114405,-11.889496,4.996888,16.126838,13.325738,1.578682,-5.955274,-1.517054,9.830167,16.294157,11.552344,0.260057,-7.450113,-5.512213,3.64585,12.219628,13.443511,6.191199,-4.570344,-11.402473,-10.23673,-4.381507,-2.308615,-9.497533,-21.506772,-26.371068,-15.795207,5.569381,23.080128,25.271551,13.966991,1.021074,-4.18897,-2.755916,-1.958271,-5.17351,-8.183729,-5.279775,3.300316,11.707946,15.33424,15.102514,14.313938,13.15293,8.61,-0.186188,-8.846539,-11.734803,-8.536617,-4.975667,-6.319138,-11.369661,-14.153112,-11.078157,-4.86718,-0.969538,-1.473259,-3.871697,-5.056402,-4.366963,-2.023943,3.26521,12.310503,20.999068,20.998898,8.011576,-10.847159,-20.910781,-13.60238,4.210755,16.36569,13.42267,1.29094,-6.797922,-5.262753,-0.765216,-1.950412,-7.685098,-8.405288,1.360577,15.062003,20.756156,14.30265,3.329229,-2.176278,-0.652741,1.508833,-0.459957,-4.11501,-4.810784,-3.366,-5.210783,-11.964397,-17.370185,-14.262766,-4.278598,2.73229,0.067204,-7.424397,-8.808018,-0.266552,10.046112,11.560607,3.624811,-4.256121,-4.003751,2.235757,6.419977,5.525498,4.715232,9.192435,16.054963,17.18217,9.505404,-0.729891,-5.326854,-3.739555,-2.768123,-7.050583,-12.758742
-2.934635,-5.681934,-6.295643,-1.385887,7.376696,14.148214,14.657725,10.339511,6.123363,4.706506,4.172755,1.402284,-3.45663,-7.077634,-7.055156,-4.441983,-1.682974,0.729292,4.007034,7.66068,8.207906,2.814049,-6.153391,-11.798464,-8.862376,1.134643,11.399399,16.053069,14.085624,7.700859,-1.244088,-11.514574,-19.915512,-21.098615,-12.201971,2.343776,12.475221,10.653523,-1.238891,-13.547963,-17.601693,-12.805368,-5.449255,-1.477821,-1.179084,-0.618086,2.977972,8.1974,11.482715,11.139585,8.719166,6.789504,6.123995,5.436503,3.546252,1.225434,0.615288,2.868439,6.512399,8.258807,5.640128,-0.778417,-7.47747,-10.349529,-7.594251,-1.024184,5.159363,7.240555,4.437741,-0.868105,-5.270049,-7.095806,-7.453286,-8.631657,-11.352256,-13.600179,-12.387871,-6.872606,0.321001,5.099993,5.401638,2.799004,0.772669,1.576113,4.745757,8.172651,9.988824,9.363785,6.302661,1.679082,-2.451764,-3.636774,-1.278268,1.838113,1.324698,-4.477661,-11.952623,-14.804431,-9.839418,-0.109848,8.009214,10.831322,10.186017,10.381375,13.020837,15.413465,13.961002,8.391342,2.141911,-1.276746,-1.844493,-2.846195,-7.321263,-14.741356,-21.015521,-21.773668,-16.082918,-7.409444,-0.860621,1.058274,0.31426,0.836172,3.91787,6.435692,4.260352,-2.522198,-8.618708,-8.539619,-2.390041,4.23539,6.405654,5.014228,4.90386,8.361739,12.102609,11.526414,6.801869,2.854379,3.07517,4.851084,3.006105,-2.941484,-7.199438,-4.498293,2.865166,6.846944,2.737433,-5.341797,-9.323788,-6.598882,-2.502868,-3.044547,-7.118804,-7.967921,-2.009632,6.056875,8.317354,2.792969,-4.284781,-5.545113,-0.334655,5.445,6.321958,2.395874,-2.463033,-5.573775,-7.032995,-7.192456,-4.953755,0.128456,5.148332,5.307256,-1.117275,-10.042632,-14.756931,-11.866868
-2.356642,-18.344151,-25.531812,-17.314378,-0.658769,11.096646,11.054872,3.330102,-3.890136,-7.132077,-8.575121,-10.522258,-12.04274,-11.582649,-10.388575,-10.923365,-12.290951,-9.665949,0.244396,13.990364,23.206073,22.074102,12.450337,1.590161,-4.332074,-4.156462,-0.572544,3.157344,5.116245,5.025595,4.149495,4.681176,7.9228,12.538449,15.321164,14.341431,10.944388,7.987149,6.439775,4.653083,0.895646,-4.748837,-11.681121,-20.387355,-30.384451,-36.658221,-31.461327,-12.918404,8.693718,17.131564,5.606905,-14.831648,-25.125689,-17.182607,-1.094089,7.787587,6.698482,6.856569,16.951057,29.658866,28.986035,10.45101,-10.791379,-15.208745,-0.539127,15.652549,15.788015,1.435952,-10.003913,-6.125681,6.978304,13.244876,5.486832,-7.781241,-13.680143,-9.177331,-1.852072,1.084692,0.57349,1.905744,6.393164,9.740881,7.990166,2.301979,-3.027357,-5.341487,-4.827052,-2.392435,0.920451,2.24167,-2.33743,-12.657422,-21.343934,-19.36658,-6.408549,6.393606,6.971416,-4.36295,-14.579044,-12.226172,-0.360575,7.180284,2.065776,-8.754302,-11.136316,0.136537,16.027858,24.000953,21.235472,15.239439,13.149584,13.997156,12.505473,7.573053,3.676693,4.130421,6.182763,4.788904,-0.363017,-4.428255,-4.271837,-3.242099,-7.183264,-16.7805,-26.240125,-29.820353,-27.403949,-22.112896,-14.317624,-1.525747,14.951023,26.468851,24.09859,9.665842,-3.25769,-2.124089,11.141919,21.492213,16.20326,-2.321248,-19.937324,-25.363446,-19.297137,-9.591571,-0.960566,7.604753,16.447015,20.697036,15.067826,1.885382,-9.157645,-10.752965,-5.723343,-2.90367,-5.849941,-8.287558,-2.176838,11.328057,21.598278,19.736018,8.294895,-1.612329,-2.105832,4.240066,8.837758,6.571471,-0.64964,-8.394838,-14.729631,-19.558848,-21.107083,-16.200752,-4.897238,7.072012,12.502479,9.348164
-13.966686,-12.464721,-7.417822,-5.844537,-10.977485,-18.556236,-20.368989,-11.518915,4.759146,18.564705,20.43884,9.303453,-5.325371,-10.184362,0.292578,18.241586,28.912485,24.145613,9.456308,-2.612977,-5.526968,-3.879869,-5.607553,-11.29336,-13.526742,-6.719985,4.96709,11.469705,7.906668,-0.228757,-3.598119,0.757295,7.159347,8.564027,4.057997,-1.637461,-4.500645,-4.9055,-4.921416,-4.142538,-0.430014,5.188138,6.550982,-2.274712,-18.911325,-31.346261,-27.243171,-6.514269,15.581445,20.222751,2.588313,-21.621291,-29.014894,-10.344264,19.678737,35.54759,25.25426,1.516119,-11.638498,-2.897741,16.794101,28.13711,24.135354,14.606753,11.4332,13.61791,9.87816,-5.657156,-24.639079,-33.196882,-27.087258,-15.187949,-8.38792,-8.312656,-8.703403,-5.460724,-1.551863,-1.5034,-4.266613,-4.359358,0.70138,6.854519,8.260711,3.963899,-1.469986,-2.892662,1.361528,9.466007,17.614084,20.999476,16.120296,4.973055,-4.00854,-2.96361,5.781546,9.836858,0.048059,-16.750495,-22.292899,-6.638743,18.717571,30.948412,19.123544,-5.652764,-24.188419,-29.605317,-30.045508,-32.960911,-33.353404,-21.589476,0.549803,18.18955,19.452173,8.857565,0.940254,2.931851,9.032451,12.145383,15.049913,24.651032,37.811664,40.595835,24.955604,1.459472,-10.750561,-6.227762,0.426201,-6.780849,-24.70391,-34.909625,-27.026213,-11.508222,-5.580094,-11.140613,-13.670491,-3.200797,10.874972,11.237914,-4.367203,-18.790139,-15.797246,0.859899,13.453603,12.491183,6.26732,7.057804,14.15343,16.403883,9.144153,1.001661,1.167729,5.629535,2.575916,-9.885079,-18.827346,-12.850557,1.656616,7.358978,-1.435031,-10.167709,-2.350588,17.67296,27.490787,13.226335,-12.490385,-23.794602,-10.341928,12.63977,23.270054,16.314091,3.928686,-2.745177,-5.382472,-10.541365,-16.527721,-14.768855
6.656643,19.09182,24.285675,18.358662,7.500705,0.500388,-1.146092,-3.140805,-8.567374,-11.572224,-4.093952,11.579106,20.81098,10.541681,-14.841927,-34.235991,-28.771539,-0.472635,28.642248,36.480946,20.238748,-2.936089,-12.954272,-4.162666,12.235283,20.294916,13.015167,-3.95025,-19.084546,-24.236784,-18.75757,-7.459048,3.691428,10.376705,10.616921,4.753991,-4.517121,-12.836649,-16.242397,-13.507858,-6.680179,0.754213,6.176337,8.419348,6.911886,1.634604,-5.415875,-9.816053,-7.829643,-0.868879,4.401625,2.422903,-4.410664,-6.92593,1.201667,15.459161,23.97555,19.728573,8.000724,0.329257,1.835986,6.703014,6.597837,1.001775,-3.490592,-3.216624,-2.795398,-8.025216,-15.759575,-15.502099,-2.672699,13.016094,16.554432,5.055393,-7.55557,-5.908641,8.434182,17.583026,7.175527,-17.081416,-35.152713,-33.835826,-19.214848,-7.469334,-6.292338,-8.379464,-2.519549,12.45525,26.646141,30.069224,21.885105,8.869662,-2.410338,-10.057271,-14.969028,-17.274763,-15.462847,-7.856291,5.623532,21.964619,34.561936,36.11669,25.127856,9.93675,3.09924,8.544788,15.091112,6.488001,-20.066624,-47.540795,-54.429911,-36.703366,-11.818367,0.293837,-2.319479,-5.065441,2.775302,14.230728,14.282271,0.387261,-12.326155,-8.256553,9.974714,24.184829,21.328147,7.349277,-1.430919,2.451695,10.954622,12.350474,4.917941,-3.807166,-8.300327,-10.439857,-13.106612,-13.368858,-6.518803,4.554481,9.48808,2.652094,-7.854608,-8.089893,4.481031,15.749835,10.227167,-9.999168,-25.583809,-20.536353,0.126348,16.047666,13.913886,0.918782,-5.255304,2.807228,14.795592,15.769668,3.334219,-10.701885,-14.453184,-8.350698,-2.073142,-1.318844,-0.950984,7.590461,23.838706,35.759872,30.730552,8.617504,-16.835633,-29.960952,-26.62075,-16.173887,-10.718398,-12.894612,-14.459288,-6.570192
-9.257975,-8.051897,-4.6015,-0.379243,0.821822,-0.870548,2.082655,17.902834,43.545543,61.759563,53.916065,17.804047,-27.681216,-56.51484,-55.055889,-29.676323,1.56599,22.643664,27.120214,17.644538,2.149938,-10.196242,-13.406474,-7.988137,0.465283,7.267462,12.763857,19.162617,24.052945,20.336022,4.912006,-14.070469,-22.311365,-13.463891,3.255394,11.303004,2.253248,-17.985579,-36.871854,-45.773631,-42.274278,-26.738937,-2.511157,20.245596,27.453464,14.326619,-4.986902,-7.583536,13.723537,38.51926,37.30556,4.110218,-32.897806,-37.561356,-2.553448,42.581878,60.729359,42.117794,8.982209,-11.022274,-11.184806,-5.66629,-9.067783,-21.494645,-32.75199,-35.202142,-28.754744,-16.123442,1.021955,19.485538,32.150853,32.744469,23.229659,13.276728,10.387522,11.792864,8.136352,-5.018905,-21.13655,-28.733942,-22.365027,-7.111466,6.377974,9.814339,1.482095,-14.036446,-28.417152,-33.695993,-27.317927,-14.506305,-4.105054,-0.367783,0.724572,5.640258,14.173343,18.376977,12.030185,-0.175473,-5.578435,3.310641,19.98967,29.934645,25.341685,12.79351,5.945963,11.537665,23.37053,29.536842,24.486438,13.781832,7.699558,10.568173,16.05505,12.840843,-4.209655,-27.670557,-42.909708,-41.507582,-30.06486,-24.39174,-33.408163,-49.22643,-55.053236,-43.425484,-24.633545,-15.099676,-18.423726,-21.111855,-8.372203,18.420073,43.199187,53.509482,53.233708,54.559361,59.976865,57.612053,36.503805,3.195614,-21.405818,-22.491831,-6.111779,7.96636,6.473684,-6.033911,-14.456575,-8.340544,10.523569,31.46093,41.887376,32.632767,2.715977,-36.792631,-65.920906,-68.943703,-48.012534,-22.34093,-10.986577,-15.970958,-23.56289,-21.436513,-11.426338,-3.841899,-2.223373,1.450141,15.302004,35.11085,47.260225,43.705846,30.462143,19.581241,15.222975,10.931319,0.285652,-13.460919,-20.706976,-16.802955
3.945422,-0.551935,-2.58686,1.312939,4.999157,1.015093,-7.523326,-8.728896,2.68969,15.855836,14.178495,-4.738574,-23.873787,-24.343065,-6.258906,11.920191,15.346648,9.728598,12.32808,28.007613,40.695574,31.961188,3.990267,-21.817155,-28.56072,-20.042907,-11.24509,-9.050391,-9.038551,-8.122131,-10.299271,-16.456992,-16.713239,-1.646313,21.386135,32.507343,22.289534,3.301847,-5.975233,-3.072302,-0.04924,-3.335593,-5.326173,1.26425,9.641799,7.166752,-6.896919,-20.505503,-25.121798,-24.322547,-23.631163,-20.168659,-9.551646,2.01764,2.808574,-6.556796,-9.512873,6.693039,33.050623,47.630449,40.672908,24.391462,17.319134,24.73615,36.814595,40.89759,31.295553,10.563716,-12.833493,-28.688301,-32.522906,-30.551728,-33.215295,-42.03398,-47.029404,-40.104585,-26.63276,-18.182975,-16.201625,-10.631158,3.941401,18.399386,20.715693,12.632782,7.344803,11.978409,20.104258,23.077591,21.091375,18.036783,11.666079,-2.303117,-18.056156,-21.67854,-9.053606,5.741626,7.074474,-1.101854,0.308249,19.196381,38.767553,36.079718,9.957288,-16.484729,-21.302387,-6.472381,6.861785,2.328425,-15.764507,-29.079409,-24.528302,-6.118435,10.755077,15.05894,9.162805,2.219426,-2.934435,-11.882294,-26.421825,-35.643361,-26.147409,-0.893364,19.655966,19.628586,5.995985,-1.941594,1.377815,1.789642,-11.772029,-27.593831,-23.484501,4.347521,34.998651,47.733806,44.307515,39.995611,38.675625,28.000237,0.311281,-31.860452,-48.35911,-44.688413,-34.269039,-28.022762,-20.698848,-2.536037,21.298205,32.094882,19.872633,-2.32545,-11.611164,-0.375803,17.303244,24.763623,22.172031,21.732445,26.434484,22.238353,-3.844301,-42.69098,-68.372075,-65.715414,-45.520862,-27.569957,-14.553397,6.80371,38.594804,58.279204,42.79674,1.569058,-27.573926,-19.554336,9.799272,24.419967,11.460936,-6.510621
22.515294,18.60653,6.604095,-7.173523,-13.414576,-7.032364,6.177426,12.391002,3.222756,-13.090557,-17.738901,-2.002997,19.564548,21.413679,-5.199772,-39.535127,-50.767366,-30.430767,-1.925526,4.722777,-14.558092,-34.1499,-27.485163,4.36608,35.232188,42.301035,27.678666,11.525443,8.75002,16.596982,23.155303,21.992063,15.576562,8.130536,0.824971,-5.286931,-6.424996,-0.322177,7.96112,8.844965,-1.269901,-14.534355,-19.274947,-12.653872,-3.629771,-3.055856,-12.736875,-25.129475,-31.819049,-30.030393,-21.902365,-11.037459,-1.339381,3.62431,3.932532,5.783479,16.652837,35.377625,49.233269,44.964068,23.532607,0.888618,-8.149459,-5.030347,-3.672488,-12.403891,-23.938012,-25.479884,-15.437685,-5.051845,-3.304298,-5.586209,-1.457316,9.129006,13.951698,5.058031,-7.908779,-7.119438,10.837944,27.684721,22.913625,-1.925091,-23.566573,-22.498094,-3.719517,11.25688,10.455911,3.799995,7.89088,23.157848,31.71217,18.279691,-11.027151,-33.897516,-34.431576,-17.910779,-3.347478,-4.18772,-17.535783,-29.956482,-30.863961,-20.53564,-8.088403,-3.211456,-7.886947,-13.526564,-6.840887,17.949007,50.559218,70.08569,62.639978,35.113503,10.006053,4.871336,16.767404,27.267298,21.570754,1.068394,-21.883777,-37.650681,-45.11788,-46.18202,-39.962714,-25.487744,-7.682326,3.996428,4.534461,-1.308566,-4.795622,-3.170061,-1.195782,-2.854813,-4.9576,-1.748272,5.730882,9.124477,3.459909,-4.330116,-1.534346,14.987306,32.501403,34.243767,17.308984,-3.429754,-10.210525,-0.155162,12.706637,12.280935,-4.026149,-23.962972,-32.366283,-23.460738,-3.453505,15.685818,24.174565,19.211763,5.917628,-5.389535,-5.562168,6.035477,19.218962,19.719089,1.015035,-28.871104,-52.45705,-55.884579,-38.625437,-11.890966,11.395234,25.135765,30.394954,29.916825,24.281141,13.541369,0.907348,-7.4016
0.185145,-3.789565,-13.811317,-24.381116,-26.422647,-14.613023,6.613468,24.756262,28.980471,20.041886,10.436777,12.877994,27.147457,38.773382,32.365537,7.288421,-20.213584,-31.220006,-20.801095,-0.994809,11.47325,9.065143,-4.114124,-20.010709,-33.009546,-38.865223,-32.187344,-10.485168,18.36473,37.084875,32.638256,10.11643,-9.924505,-10.979512,2.718542,11.141328,0.716346,-20.279604,-30.453199,-18.642285,3.966609,15.964175,7.978853,-9.399612,-19.110264,-15.595322,-7.262144,-3.121957,-1.294517,7.151458,25.021246,43.101179,48.415125,36.740332,15.799345,-2.613611,-11.731287,-11.84259,-6.779359,-0.919677,1.747892,-0.598372,-4.948893,-4.648344,3.633976,13.9001,14.649796,1.01842,-17.916899,-26.806578,-20.07842,-8.594884,-8.390591,-23.325897,-41.021477,-46.438232,-37.247643,-23.71301,-14.680786,-7.477335,6.358773,27.664977,46.020324,50.729492,42.873253,33.585732,30.773054,30.505442,23.232558,6.813538,-9.508332,-14.698165,-7.600935,2.34954,5.036167,-1.503884,-11.726705,-19.405226,-22.029954,-19.845274,-13.686827,-5.194403,2.443637,6.286017,6.453975,5.645678,5.123833,2.506415,-4.821045,-14.461142,-19.266644,-14.23169,-2.432115,7.346631,9.080187,4.643747,0.33428,-0.311663,1.036801,1.352181,0.206028,-1.112997,-2.763109,-6.284356,-11.223354,-13.949386,-11.431893,-5.247659,0.220373,3.704886,8.890257,18.503621,27.817413,27.31391,13.547529,-4.243167,-11.18874,-1.368865,15.958551,25.767873,22.079876,12.069531,6.022269,5.703075,4.302534,-3.490416,-14.416601,-20.883595,-20.464822,-18.596885,-21.387007,-27.642418,-29.845442,-22.833504,-10.044728,-0.449001,0.101898,-6.069269,-11.320845,-9.467491,0.098056,13.256431,24.460923,29.412515,26.423637,17.073774,5.935457,-1.440213,-1.796533,3.557868,9.600645,11.310261,7.457926,1.347604,-2.264023,-1.486724
