0.04000000,0.04000000,0.04000000,0.04000000,0.04000000,0.04000000,0.04000000,0.04000000,0.04000000,0.04000000
0.03999991,0.04000900,0.04001809,0.04002717,0.04003625,0.04004532,0.04005439,0.04006346,0.04007252,0.04008157
0.03999892,0.04001687,0.04003482,0.04005277,0.04007072,0.04008867,0.04010662,0.04012458,0.04014254,0.04016050
0.03999906,0.04002634,0.04005362,0.04008092,0.04010822,0.04013554,0.04016286,0.04019020,0.04021756,0.04024493
0.04000796,0.04004389,0.04007981,0.04011571,0.04015161,0.04018750,0.04022338,0.04025926,0.04029513,0.04033101
0.04000657,0.04005147,0.04009635,0.04014120,0.04018601,0.04023080,0.04027557,0.04032030,0.04036500,0.04040968
0.04000524,0.04005900,0.04011268,0.04016629,0.04021983,0.04027329,0.04032669,0.04038002,0.04043328,0.04048648
0.04000986,0.04007230,0.04013467,0.04019697,0.04025923,0.04032144,0.04038361,0.04044575,0.04050785,0.04056993
0.04001252,0.04008405,0.04015547,0.04022678,0.04029799,0.04036910,0.04044011,0.04051104,0.04058189,0.04065267
0.04001289,0.04009337,0.04017374,0.04025404,0.04033425,0.04041439,0.04049446,0.04057448,0.04065446,0.04073440
0.04001642,0.04010615,0.04019570,0.04028507,0.04037427,0.04046332,0.04055220,0.04064094,0.04072954,0.04081799
0.04001342,0.04011232,0.04021105,0.04030960,0.04040800,0.04050625,0.04060438,0.04070239,0.04080029,0.04089810
0.04001482,0.04012280,0.04023054,0.04033807,0.04044540,0.04055257,0.04065959,0.04076649,0.04087329,0.04098000
0.04001787,0.04013461,0.04025107,0.04036726,0.04048321,0.04059896,0.04071452,0.04082993,0.04094522,0.04106041
0.04000697,0.04013244,0.04025759,0.04038245,0.04050705,0.04063145,0.04075567,0.04087978,0.04100380,0.04112781
0.04000858,0.04014278,0.04027660,0.04041008,0.04054328,0.04067625,0.04080903,0.04094168,0.04107425,0.04120679
0.04000998,0.04015405,0.04029763,0.04044078,0.04058355,0.04072602,0.04086823,0.04101025,0.04115215,0.04129400
0.04000393,0.04015575,0.04030708,0.04045798,0.04060852,0.04075874,0.04090872,0.04105854,0.04120825,0.04135794
0.04000667,0.04016768,0.04032824,0.04048840,0.04064821,0.04080774,0.04096705,0.04112622,0.04128532,0.04144445
0.04000646,0.04017701,0.04034685,0.04051606,0.04068468,0.04085281,0.04102049,0.04118782,0.04135486,0.04152171
0.04001044,0.04018986,0.04036855,0.04054658,0.04072402,0.04090095,0.04107745,0.04125358,0.04142945,0.04160515
0.04002001,0.04020863,0.04039645,0.04058354,0.04076998,0.04095584,0.04114121,0.04132616,0.04151080,0.04169522
0.04002440,0.04022195,0.04041855,0.04061429,0.04080924,0.04100349,0.04119711,0.04139019,0.04158281,0.04177506
0.04001976,0.04022557,0.04043033,0.04063411,0.04083697,0.04103898,0.04124022,0.04144076,0.04164068,0.04184005
0.04002342,0.04023835,0.04045216,0.04066495,0.04087680,0.04108782,0.04129810,0.04150774,0.04171683,0.04192548
0.04002599,0.04024930,0.04047142,0.04069243,0.04091244,0.04113159,0.04134999,0.04156778,0.04178509,0.04200207
0.04003128,0.04026306,0.04049354,0.04072285,0.04095116,0.04117862,0.04140536,0.04163155,0.04185734,0.04208287
0.04004198,0.04028200,0.04052059,0.04075788,0.04099403,0.04122917,0.04146347,0.04169707,0.04193015,0.04216287
0.04004904,0.04029663,0.04054255,0.04078694,0.04102994,0.04127172,0.04151243,0.04175223,0.04199132,0.04222987
0.04005092,0.04030686,0.04056111,0.04081381,0.04106511,0.04131516,0.04156413,0.04181218,0.04205947,0.04230619
0.04004161,0.04030623,0.04056913,0.04083045,0.04109033,0.04134891,0.04160633,0.04186278,0.04211840,0.04237337
0.04004244,0.04031707,0.04059010,0.04086167,0.04113193,0.04140105,0.04166922,0.04193661,0.04220341,0.04246983
0.04004201,0.04032511,0.04060650,0.04088630,0.04116461,0.04144155,0.04171722,0.04199171,0.04226512,0.04253751
0.04004752,0.04033945,0.04062970,0.04091837,0.04120556,0.04149134,0.04177582,0.04205904,0.04234106,0.04262190
0.04005186,0.04035337,0.04065305,0.04095100,0.04124728,0.04154193,0.04183500,0.04212646,0.04241630,0.04270445
0.04006171,0.04037241,0.04068115,0.04098804,0.04129315,0.04159655,0.04189826,0.04219830,0.04249667,0.04279332
0.04005718,0.04037655,0.04069390,0.04100936,0.04132301,0.04163495,0.04194521,0.04225384,0.04256084,0.04286622
0.04005278,0.04038062,0.04070605,0.04102920,0.04135014,0.04166897,0.04198576,0.04230057,0.04261345,0.04292442
0.04005498,0.04039067,0.04072415,0.04105547,0.04138469,0.04171187,0.04203706,0.04236028,0.04268156,0.04300093
0.04004846,0.04039104,0.04073122,0.04106909,0.04140470,0.04173811,0.04206936,0.04239846,0.04272540,0.04305017
0.04005238,0.04040242,0.04074962,0.04109406,0.04143577,0.04177480,0.04211116,0.04244484,0.04277583,0.04310408
0.04005716,0.04041514,0.04077016,0.04112231,0.04147166,0.04181827,0.04216215,0.04250329,0.04284166,0.04317717
0.04005748,0.04042577,0.04079103,0.04115337,0.04151291,0.04186971,0.04222386,0.04257537,0.04292424,0.04327045
0.04005279,0.04043066,0.04080547,0.04117732,0.04154630,0.04191242,0.04227569,0.04263609,0.04299354,0.04334796
0.04005302,0.04043833,0.04082042,0.04119944,0.04157554,0.04194881,0.04231937,0.04268727,0.04305257,0.04341532
0.04005873,0.04045338,0.04084494,0.04123360,0.04161958,0.04200303,0.04238409,0.04276290,0.04313952,0.04351404
0.04004848,0.04045238,0.04085288,0.04125018,0.04164447,0.04203589,0.04242453,0.04281044,0.04319361,0.04357403
0.04005016,0.04046432,0.04087479,0.04128170,0.04168519,0.04208533,0.04248216,0.04287570,0.04326592,0.04365273
0.04004197,0.04046558,0.04088523,0.04130110,0.04171333,0.04212204,0.04252729,0.04292913,0.04332759,0.04372265
0.04003502,0.04046633,0.04089349,0.04131672,0.04173618,0.04215202,0.04256432,0.04297314,0.04337851,0.04378042
0.04004130,0.04048196,0.04091834,0.04135062,0.04177896,0.04220349,0.04262436,0.04304164,0.04345541,0.04386574
0.04004646,0.04049684,0.04094268,0.04138419,0.04182161,0.04225516,0.04268505,0.04311148,0.04353463,0.04395466
0.04004294,0.04050101,0.04095415,0.04140266,0.04184679,0.04228681,0.04272295,0.04315544,0.04358450,0.04401032
0.04003887,0.04050523,0.04096684,0.04142404,0.04187716,0.04232655,0.04277257,0.04321557,0.04365595,0.04409412
0.04003792,0.04051455,0.04098627,0.04145351,0.04191664,0.04237605,0.04283214,0.04328526,0.04373579,0.04418409
0.04004890,0.04053550,0.04101689,0.04149352,0.04196581,0.04243420,0.04289910,0.04336090,0.04382000,0.04427675
0.04005210,0.04054778,0.04103831,0.04152422,0.04200603,0.04248424,0.04295934,0.04343180,0.04390205,0.04437045
0.04005558,0.04055899,0.04105709,0.04155038,0.04203933,0.04252439,0.04300599,0.04348447,0.04396012,0.04443316
0.04005631,0.04056908,0.04107643,0.04157887,0.04207690,0.04257101,0.04306160,0.04354903,0.04403356,0.04451538
0.04005517,0.04057579,0.04109089,0.04160104,0.04210673,0.04260844,0.04310653,0.04360124,0.04409268,0.04458081
0.04005262,0.04058188,0.04110571,0.04162468,0.04213935,0.04265022,0.04315769,0.04366206,0.04416344,0.04466180
0.04005050,0.04058694,0.04111742,0.04164250,0.04216273,0.04267860,0.04319051,0.04369873,0.04420338,0.04470440
0.04004290,0.04058754,0.04112589,0.04165855,0.04218607,0.04270898,0.04322770,0.04374255,0.04425370,0.04476115
0.04003787,0.04059112,0.04113795,0.04167893,0.04221464,0.04274561,0.04327230,0.04379507,0.04431414,0.04482959
0.04003342,0.04059553,0.04115132,0.04170129,0.04224596,0.04278580,0.04332120,0.04385245,0.04437971,0.04490296
0.04002795,0.04059864,0.04116258,0.04172029,0.04227226,0.04281897,0.04336082,0.04389811,0.04443103,0.04495963
0.04003437,0.04061315,0.04118497,0.04175033,0.04230971,0.04286350,0.04341200,0.04395542,0.04449384,0.04502721
0.04004028,0.04062520,0.04120279,0.04177362,0.04233822,0.04289705,0.04345048,0.04399878,0.04454207,0.04508034
0.04004521,0.04063836,0.04122398,0.04180273,0.04237524,0.04294204,0.04350359,0.04406021,0.04461207,0.04515917
0.04004932,0.04065094,0.04124474,0.04183134,0.04241130,0.04298516,0.04355332,0.04411607,0.04467358,0.04522586
0.04004511,0.04065506,0.04125703,0.04185175,0.04243991,0.04302218,0.04359913,0.04417117,0.04473860,0.04530150
0.04005165,0.04067012,0.04128022,0.04188271,0.04247831,0.04306772,0.04365149,0.04423006,0.04480370,0.04537249
0.04006204,0.04068860,0.04130649,0.04191647,0.04251934,0.04311589,0.04370688,0.04429300,0.04487491,0.04545314
0.04006563,0.04070224,0.04132962,0.04194878,0.04256069,0.04316632,0.04376654,0.04436212,0.04495372,0.04554185
0.04006003,0.04070607,0.04134247,0.04197027,0.04259059,0.04320451,0.04381307,0.04441721,0.04501774,0.04561531
0.04005534,0.04071085,0.04135672,0.04199413,0.04262429,0.04324844,0.04386780,0.04448355,0.04509674,0.04570834
0.04006530,0.04073054,0.04138663,0.04203481,0.04267639,0.04331272,0.04394519,0.04457514,0.04520385,0.04583250
0.04006743,0.04074017,0.04140333,0.04205818,0.04270611,0.04334861,0.04398719,0.04462339,0.04525866,0.04589434
0.04007091,0.04075025,0.04141968,0.04208050,0.04273415,0.04338217,0.04402615,0.04466770,0.04530838,0.04594962
0.04007187,0.04075869,0.04143531,0.04210316,0.04276382,0.04341898,0.04407041,0.04471991,0.04536923,0.04602000
0.04006356,0.04075868,0.04144370,0.04212009,0.04278949,0.04345363,0.04411427,0.04477317,0.04543198,0.04609220
0.04006606,0.04076977,0.04146293,0.04214700,0.04282357,0.04349429,0.04416079,0.04482462,0.04548716,0.04614957
0.04007012,0.04078041,0.04148046,0.04217189,0.04285648,0.04353618,0.04421294,0.04488874,0.04556543,0.04624471
0.04006883,0.04078850,0.04149769,0.04219811,0.04289157,0.04357987,0.04426475,0.04494784,0.04563060,0.04631426
0.04005962,0.04078725,0.04150433,0.04221270,0.04291430,0.04361110,0.04430503,0.04499798,0.04569166,0.04638761
0.04004927,0.04078672,0.04151366,0.04223195,0.04294346,0.04365004,0.04435342,0.04505515,0.04575657,0.04645870
0.04005053,0.04079536,0.04152921,0.04225402,0.04297175,0.04368430,0.04439348,0.04510093,0.04580811,0.04651617
0.04005185,0.04080573,0.04154839,0.04228190,0.04300826,0.04372940,0.04444709,0.04516294,0.04587834,0.04659438
0.04004745,0.04081104,0.04156308,0.04230583,0.04304153,0.04377230,0.04450011,0.04522669,0.04595347,0.04668153
0.04005556,0.04082829,0.04158955,0.04234183,0.04308759,0.04382923,0.04456904,0.04530918,0.04605155,0.04679776
0.04005627,0.04083879,0.04160999,0.04237244,0.04312864,0.04388092,0.04463143,0.04538204,0.04613430,0.04688931
0.04005036,0.04084077,0.04161939,0.04238872,0.04315115,0.04390892,0.04466405,0.04541831,0.04617305,0.04692916
0.04006001,0.04085813,0.04164345,0.04241852,0.04318586,0.04394783,0.04470668,0.04546445,0.04622284,0.04698315
0.04005814,0.04086589,0.04166108,0.04244654,0.04322497,0.04399895,0.04477088,0.04554291,0.04631681,0.04709388
0.04005116,0.04086816,0.04167279,0.04246805,0.04325681,0.04404181,0.04482564,0.04561058,0.04639855,0.04719090
0.04005709,0.04088302,0.04169558,0.04249768,0.04329205,0.04408125,0.04486757,0.04565298,0.04643905,0.04722682
0.04005157,0.04088526,0.04170502,0.04251370,0.04331396,0.04410816,0.04489835,0.04568621,0.04647292,0.04725914
0.04004087,0.04088153,0.04170841,0.04252422,0.04333147,0.04413237,0.04492877,0.04572214,0.04651340,0.04730295
0.04003549,0.04088328,0.04171766,0.04254124,0.04335648,0.04416556,0.04497032,0.04577218,0.04657201,0.04737008
0.04003953,0.04089568,0.04173732,0.04256713,0.04338757,0.04420086,0.04500899,0.04581360,0.04661597,0.04741693
0.04003617,0.04090049,0.04175005,0.04258777,0.04341638,0.04423843,0.04505627,0.04587209,0.04668784,0.04750512
0.04004231,0.04091348,0.04176964,0.04261381,0.04344882,0.04427734,0.04510184,0.04592458,0.04674754,0.04757232
0.04003882,0.04091735,0.04178062,0.04263167,0.04347332,0.04430818,0.04513859,0.04596661,0.04679396,0.04762193
0.04003421,0.04092164,0.04179317,0.04265178,0.04350027,0.04434125,0.04517715,0.04601021,0.04684240,0.04767529
0.04003471,0.04093096,0.04181115,0.04267841,0.04353572,0.04438592,0.04523173,0.04607572,0.04692025,0.04776734
0.04003519,0.04094061,0.04182974,0.04270551,0.04357061,0.04442751,0.04527850,0.04612566,0.04697078,0.04781527
0.04003316,0.04094370,0.04183789,0.04271871,0.04358885,0.04445073,0.04530656,0.04615837,0.04700791,0.04785667
0.04003107,0.04094955,0.04185161,0.04274005,0.04361736,0.04448571,0.04534701,0.04620291,0.04705487,0.04790407
0.04003274,0.04095856,0.04186707,0.04276103,0.04364288,0.04451476,0.04537850,0.04623559,0.04708721,0.04793415
0.04004098,0.04097566,0.04189235,0.04279396,0.04368309,0.04456210,0.04543306,0.04629784,0.04715804,0.04801497
0.04004000,0.04097988,0.04190118,0.04280679,0.04369932,0.04458108,0.04545410,0.04632013,0.04718060,0.04803661
0.04003802,0.04098503,0.04191309,0.04282533,0.04372465,0.04461368,0.04549481,0.04637015,0.04724149,0.04811020
0.04003973,0.04099457,0.04192975,0.04284851,0.04375386,0.04464856,0.04553510,0.04641574,0.04729243,0.04816676
0.04004477,0.04100603,0.04194679,0.04287035,0.04377979,0.04467800,0.04556770,0.04645138,0.04733128,0.04820926
0.04005125,0.04102348,0.04197426,0.04290691,0.04382456,0.04473026,0.04562691,0.04651735,0.04740423,0.04828998
0.04004384,0.04102335,0.04198067,0.04291918,0.04384200,0.04475203,0.04565201,0.04654445,0.04743164,0.04831556
0.04003305,0.04102058,0.04198625,0.04293364,0.04386612,0.04478688,0.04569895,0.04660516,0.04750807,0.04840989
0.04002827,0.04102277,0.04199498,0.04294849,0.04388666,0.04481260,0.04572923,0.04663924,0.04754505,0.04844867
0.04003771,0.04104153,0.04202234,0.04298364,0.04392862,0.04486020,0.04578107,0.04669370,0.04760029,0.04850263
0.04003803,0.04105015,0.04203919,0.04300860,0.04396151,0.04490073,0.04582889,0.04674833,0.04766116,0.04856912
0.04004123,0.04106069,0.04205701,0.04303366,0.04399373,0.04493995,0.04587479,0.04680039,0.04771855,0.04863065
0.04004564,0.04107383,0.04207916,0.04306506,0.04403462,0.04499064,0.04593563,0.04687177,0.04780087,0.04872420
0.04004414,0.04108192,0.04209686,0.04309258,0.04407235,0.04503912,0.04599559,0.04694410,0.04788664,0.04882475
0.04003347,0.04107962,0.04210182,0.04310347,0.04408760,0.04505694,0.04601398,0.04696091,0.04789952,0.04883117
0.04002998,0.04108347,0.04211290,0.04312154,0.04411236,0.04508814,0.04605147,0.04700470,0.04794985,0.04888852
0.04002773,0.04108803,0.04212458,0.04314114,0.04414118,0.04512799,0.04610466,0.04707407,0.04803876,0.04900081
0.04002125,0.04109053,0.04213566,0.04316050,0.04416865,0.04516346,0.04614810,0.04712554,0.04809845,0.04906910
0.04002774,0.04110602,0.04215911,0.04319098,0.04420534,0.04520567,0.04619523,0.04717700,0.04815359,0.04912711
0.04002813,0.04111568,0.04217771,0.04321833,0.04424126,0.04524993,0.04624739,0.04723634,0.04821903,0.04919721
0.04003342,0.04112728,0.04219493,0.04324051,0.04426772,0.04527992,0.04628010,0.04727086,0.04825442,0.04923250
0.04003465,0.04113824,0.04221478,0.04326840,0.04430292,0.04532183,0.04632837,0.04732551,0.04831593,0.04930194
0.04002648,0.04113571,0.04221739,0.04327578,0.04431485,0.04533839,0.04635009,0.04735357,0.04835229,0.04934949
0.04002631,0.04114624,0.04223847,0.04330730,0.04435678,0.04539077,0.04641304,0.04742729,0.04843707,0.04944575
0.04002778,0.04115633,0.04225690,0.04333393,0.04439152,0.04543353,0.04646363,0.04748536,0.04850206,0.04951682
0.04003538,0.04117170,0.04227997,0.04336456,0.04442952,0.04547862,0.04651562,0.04754433,0.04856880,0.04959328
0.04003679,0.04118208,0.04229889,0.04339199,0.04446577,0.04552439,0.04657202,0.04761305,0.04865229,0.04969496
0.04003157,0.04118512,0.04231057,0.04341298,0.04449712,0.04556759,0.04662911,0.04768668,0.04874572,0.04981207
0.04003225,0.04119317,0.04232562,0.04343514,0.04452699,0.04560649,0.04667927,0.04775161,0.04883064,0.04992437
0.04003736,0.04120499,0.04234385,0.04345983,0.04455851,0.04564549,0.04672684,0.04780951,0.04890163,0.05001256
0.04004296,0.04121994,0.04236799,0.04349320,0.04460142,0.04569868,0.04679172,0.04788859,0.04899905,0.05013464
0.04002769,0.04121252,0.04236810,0.04350087,0.04461701,0.04572286,0.04682538,0.04793273,0.04905466,0.05020252
0.04002301,0.04121668,0.04238044,0.04352068,0.04464348,0.04575495,0.04686170,0.04797125,0.04909241,0.05023527
0.04001594,0.04121701,0.04238743,0.04353343,0.04466092,0.04577577,0.04688415,0.04799301,0.04911029,0.05024498
0.04001631,0.04122279,0.04239826,0.04354932,0.04468218,0.04580286,0.04691753,0.04803290,0.04915646,0.05029655
0.04003043,0.04124605,0.04243062,0.04359086,0.04473298,0.04586297,0.04698685,0.04811099,0.04924242,0.05038873
0.04003377,0.04125688,0.04244886,0.04361669,0.04476690,0.04590585,0.04704016,0.04817701,0.04932444,0.05049119
0.04003317,0.04126560,0.04246696,0.04364424,0.04480392,0.04595220,0.04709538,0.04824011,0.04939359,0.05056345
0.04003636,0.04127547,0.04248248,0.04366436,0.04482771,0.04597899,0.04712486,0.04827242,0.04942948,0.05060432
0.04003758,0.04128441,0.04249867,0.04368759,0.04485779,0.04601540,0.04716622,0.04831586,0.04946972,0.05063287
0.04003439,0.04128622,0.04250488,0.04369740,0.04487017,0.04602910,0.04717979,0.04832763,0.04947785,0.05063534
0.04002886,0.04128775,0.04251208,0.04370873,0.04488394,0.04604343,0.04719261,0.04833669,0.04948069,0.05062924
0.04002011,0.04128642,0.04251836,0.04372289,0.04490608,0.04607332,0.04722947,0.04837890,0.04952550,0.05067257
0.04000650,0.04128115,0.04252138,0.04373422,0.04492586,0.04610179,0.04726696,0.04842583,0.04958232,0.05073964
0.04000067,0.04128347,0.04253201,0.04375331,0.04495351,0.04613803,0.04731165,0.04847852,0.04964207,0.05080479
0.04000272,0.04129325,0.04254959,0.04377864,0.04498633,0.04617781,0.04735770,0.04853020,0.04969902,0.05086725
0.04001042,0.04131007,0.04257485,0.04381154,0.04502580,0.04622255,0.04740616,0.04858073,0.04975008,0.05091767
0.04001094,0.04131755,0.04258859,0.04383088,0.04505009,0.04625104,0.04743806,0.04861517,0.04978615,0.05095440
0.04000357,0.04131819,0.04259681,0.04384631,0.04507247,0.04628025,0.04747399,0.04865757,0.04983433,0.05100693
0.04000550,0.04133027,0.04261744,0.04387396,0.04510563,0.04631740,0.04751363,0.04869817,0.04987430,0.05104463
0.04000350,0.04134201,0.04264286,0.04391319,0.04515911,0.04638603,0.04759893,0.04880247,0.05000087,0.05119779
0.04000315,0.04134696,0.04265238,0.04392692,0.04517707,0.04640864,0.04762685,0.04883647,0.05004162,0.05124557
0.04000493,0.04135568,0.04266818,0.04395014,0.04520827,0.04644863,0.04767673,0.04889752,0.05011522,0.05133303
0.03999917,0.04135714,0.04267759,0.04396800,0.04523494,0.04648447,0.04772236,0.04895411,0.05018480,0.05141865
0.04000472,0.04136755,0.04269374,0.04399098,0.04526605,0.04652538,0.04777554,0.04902335,0.05027576,0.05153934
0.04001112,0.04138066,0.04271320,0.04401651,0.04529740,0.04656225,0.04781759,0.04907021,0.05032714,0.05159517
0.04000769,0.04138238,0.04271989,0.04402814,0.04531420,0.04658480,0.04784686,0.04910764,0.05037463,0.05165509
0.04000385,0.04138605,0.04273109,0.04404719,0.04534176,0.04662196,0.04789507,0.04916856,0.05044993,0.05174610
0.04000339,0.04139384,0.04274775,0.04407359,0.04537914,0.04667212,0.04796070,0.04925367,0.05056026,0.05188953
0.04000166,0.04140087,0.04276232,0.04409514,0.04540774,0.04670850,0.04800626,0.04931050,0.05063114,0.05197780
0.03999781,0.04140838,0.04278157,0.04412650,0.04545147,0.04676451,0.04807387,0.04938802,0.05071554,0.05206432
0.04000742,0.04142307,0.04280094,0.04415054,0.04548039,0.04679882,0.04811432,0.04943576,0.05077207,0.05213152
0.03999615,0.04142192,0.04281009,0.04417072,0.04551311,0.04684662,0.04818122,0.04952768,0.05089719,0.05230037
0.04000443,0.04144169,0.04284111,0.04421320,0.04556789,0.04691556,0.04826782,0.04963788,0.05104029,0.05248964
0.04000667,0.04145070,0.04285652,0.04423511,0.04559747,0.04695608,0.04832618,0.04972654,0.05117909,0.05270662
0.04000362,0.04145380,0.04286496,0.04424822,0.04561475,0.04697757,0.04835307,0.04976222,0.05123044,0.05278494
0.03999854,0.04145541,0.04287277,0.04426206,0.04563490,0.04700498,0.04838976,0.04981169,0.05129810,0.05287812
0.04000529,0.04146984,0.04289497,0.04429154,0.04567040,0.04704406,0.04842818,0.04984249,0.05131052,0.05285704
0.03999696,0.04146782,0.04289896,0.04430113,0.04568490,0.04706205,0.04844667,0.04985589,0.05130948,0.05282787
0.03999597,0.04147198,0.04290729,0.04431259,0.04569810,0.04707475,0.04845513,0.04985384,0.05128720,0.05277164
0.03999772,0.04148076,0.04292283,0.04433502,0.04572800,0.04711325,0.04850395,0.04991538,0.05136434,0.05286733
0.03999521,0.04148663,0.04293670,0.04435632,0.04575572,0.04714575,0.04853883,0.04994934,0.05139326,0.05288649
0.03998921,0.04148514,0.04293872,0.04436091,0.04576199,0.04715296,0.04854658,0.04995793,0.05140416,0.05290270
0.03997688,0.04148201,0.04294502,0.04437728,0.04578941,0.04719271,0.04860020,0.05002710,0.05149036,0.05300679
0.03996639,0.04148249,0.04295639,0.04439907,0.04582071,0.04723212,0.04864590,0.05007707,0.05154265,0.05306006
0.03997476,0.04149716,0.04297732,0.04442671,0.04585624,0.04727801,0.04870662,0.05015981,0.05165794,0.05322167
0.03997075,0.04150038,0.04298651,0.04444063,0.04587388,0.04729867,0.04873003,0.05018610,0.05168758,0.05325521
0.03997482,0.04151287,0.04300689,0.04446783,0.04590601,0.04733266,0.04876106,0.05020707,0.05168868,0.05322400
0.03997490,0.04151819,0.04301684,0.04448146,0.04592198,0.04734928,0.04877639,0.05021914,0.05169585,0.05322554
0.03997117,0.04152071,0.04302456,0.04449315,0.04593661,0.04736677,0.04879882,0.05025245,0.05175176,0.05332299
0.03997171,0.04153027,0.04304272,0.04451937,0.04596995,0.04740536,0.04883903,0.05028777,0.05177162,0.05331211
0.03997969,0.04154634,0.04306646,0.04454999,0.04600590,0.04744373,0.04887471,0.05031226,0.05177172,0.05326901
0.03998496,0.04156075,0.04308903,0.04458011,0.04604370,0.04749066,0.04893429,0.05039105,0.05188039,0.05342292
0.03998054,0.04156212,0.04309581,0.04459201,0.04606069,0.04751304,0.04896277,0.05042689,0.05192541,0.05347947
0.03997804,0.04156651,0.04310739,0.04461135,0.04608866,0.04755077,0.04901140,0.05048710,0.05199669,0.05355918
0.03999317,0.04158920,0.04313768,0.04464978,0.04613624,0.04760914,0.04908300,0.05057529,0.05210575,0.05369396
0.03999259,0.04159611,0.04315223,0.04467220,0.04616677,0.04764774,0.04912895,0.05062656,0.05215812,0.05374032
0.03998121,0.04159350,0.04315911,0.04468967,0.04619666,0.04769293,0.04919375,0.05071707,0.05228257,0.05390887
0.03997735,0.04159691,0.04316984,0.04470818,0.04622392,0.04773072,0.04924518,0.05078710,0.05237840,0.05403982
0.03997042,0.04159840,0.04318014,0.04472797,0.04625428,0.04777340,0.04930295,0.05086415,0.05248054,0.05417425
0.03997273,0.04160832,0.04319691,0.04475030,0.04628022,0.04780026,0.04932721,0.05088159,0.05248662,0.05416489
0.03997667,0.04161867,0.04321309,0.04477107,0.04630329,0.04782162,0.04934031,0.05087643,0.05244904,0.05407684
0.03996635,0.04161693,0.04321915,0.04478442,0.04632363,0.04784882,0.04937421,0.05091650,0.05249404,0.05412434
0.03995300,0.04160981,0.04321824,0.04478969,0.04633523,0.04786738,0.04940131,0.05095527,0.05254971,0.05420452
0.03996051,0.04162109,0.04323265,0.04480714,0.04635598,0.04789172,0.04942904,0.05098481,0.05257696,0.05422186
0.03994886,0.04161547,0.04323255,0.04481271,0.04636834,0.04791339,0.04946442,0.05104068,0.05266281,0.05434957
0.03994818,0.04161938,0.04323990,0.04482196,0.04637702,0.04791742,0.04945736,0.05101297,0.05260117,0.05423727
0.03995488,0.04163503,0.04326361,0.04485217,0.04641134,0.04795250,0.04948869,0.05103471,0.05260616,0.05421724
0.03994720,0.04163506,0.04327204,0.04487004,0.04644002,0.04799392,0.04954577,0.05111189,0.05270984,0.05435591
0.03994488,0.04164250,0.04328831,0.04489390,0.04646992,0.04802794,0.04958156,0.05114658,0.05273997,0.05437742
0.03995571,0.04165856,0.04330901,0.04491896,0.04649948,0.04806272,0.04962321,0.05119800,0.05280565,0.05446350
0.03996453,0.04167703,0.04333622,0.04495335,0.04653884,0.04810426,0.04966355,0.05123341,0.05283235,0.05447822
0.03997137,0.04169053,0.04335534,0.04497701,0.04656585,0.04813324,0.04969292,0.05126134,0.05285689,0.05449752
0.03997963,0.04170648,0.04337894,0.04500884,0.04660737,0.04818728,0.04976418,0.05135699,0.05298674,0.05467357
0.03997576,0.04171054,0.04338921,0.04502390,0.04662608,0.04820878,0.04978781,0.05138198,0.05301188,0.05469676
0.03997993,0.04172226,0.04340741,0.04504863,0.04665856,0.04825127,0.04984322,0.05145316,0.05310048,0.05480201
0.03997047,0.04171644,0.04340417,0.04504810,0.04666196,0.04826082,0.04986211,0.05148537,0.05315036,0.05487353
0.03996871,0.04172259,0.04341852,0.04507150,0.04669551,0.04830556,0.04991865,0.05155354,0.05322893,0.05496000
0.03997599,0.04173586,0.04343705,0.04509498,0.04672430,0.04834098,0.04996351,0.05161266,0.05330943,0.05507107
0.03997489,0.04174068,0.04344784,0.04511256,0.04675041,0.04837861,0.05001710,0.05168826,0.05341453,0.05521394
0.03997364,0.04174869,0.04346475,0.04513833,0.04678546,0.04842390,0.05007432,0.05176009,0.05350484,0.05532771
0.03997622,0.04176153,0.04348652,0.04516697,0.04681782,0.04845516,0.05009711,0.05176348,0.05347365,0.05524290
0.03998413,0.04177600,0.04350604,0.04519031,0.04684416,0.04848457,0.05013141,0.05180744,0.05353632,0.05533832
0.03998074,0.04178042,0.04351735,0.04520728,0.04686510,0.04850709,0.05015208,0.05182122,0.05353603,0.05531437
0.03997962,0.04178775,0.04353282,0.04523003,0.04689266,0.04853394,0.05016796,0.05180938,0.05347192,0.05516603
0.03999132,0.04180895,0.04356397,0.04527173,0.04694545,0.04859827,0.05024412,0.05189740,0.05357151,0.05527640
0.03998396,0.04180981,0.04357210,0.04528619,0.04696517,0.04862199,0.05027042,0.05192475,0.05359842,0.05530164
0.03998084,0.04181251,0.04358074,0.04530145,0.04698822,0.04865444,0.05031434,0.05198280,0.05367391,0.05539856
0.03998608,0.04182699,0.04360370,0.04533318,0.04702983,0.04870793,0.05038282,0.05207093,0.05378833,0.05554805
0.03998431,0.04183479,0.04361990,0.04535620,0.04705756,0.04873770,0.05041147,0.05209498,0.05380434,0.05555308
0.03998326,0.04183959,0.04363087,0.04537273,0.04707808,0.04875979,0.05043220,0.05211147,0.05381465,0.05555741
0.03997135,0.04183346,0.04362885,0.04537315,0.04707936,0.04876056,0.05043147,0.05210903,0.05381163,0.05555677
0.03996473,0.04183213,0.04363245,0.04538099,0.04709010,0.04877184,0.05043957,0.05210866,0.05379592,0.05551778
0.03996370,0.04183681,0.04364125,0.04539219,0.04710167,0.04878109,0.05044264,0.05209989,0.05376742,0.05545938
0.03996102,0.04184085,0.04365059,0.04540502,0.04711578,0.04879379,0.05045048,0.05209818,0.05374963,0.05541674
0.03996189,0.04185079,0.04367009,0.04543548,0.04715959,0.04885424,0.05053159,0.05220428,0.05388476,0.05558384
0.03995687,0.04185169,0.04367668,0.04544759,0.04717669,0.04887491,0.05055277,0.05222045,0.05388716,0.05556008
0.03995407,0.04185597,0.04368900,0.04546872,0.04720690,0.04891364,0.05059814,0.05226878,0.05393261,0.05559444
0.03994928,0.04185478,0.04369035,0.04547092,0.04720720,0.04890767,0.05057941,0.05222833,0.05385883,0.05547346
0.03995314,0.04186778,0.04371331,0.04550467,0.04725261,0.04896552,0.05065036,0.05231278,0.05395699,0.05558530
0.03996575,0.04189078,0.04374588,0.04554587,0.04730139,0.04902090,0.05071147,0.05237905,0.05402821,0.05566174
0.03996197,0.04189189,0.04375080,0.04555351,0.04731092,0.04903179,0.05072354,0.05239234,0.05404282,0.05567758
0.03995092,0.04188857,0.04375513,0.04556550,0.04733053,0.04905883,0.05075753,0.05243233,0.05408717,0.05572381
0.03994094,0.04188651,0.04376101,0.04557909,0.04735139,0.04908635,0.05079088,0.05247048,0.05412888,0.05576767
0.03993507,0.04188671,0.04376830,0.04559439,0.04737567,0.04912076,0.05083675,0.05252918,0.05420168,0.05585556
0.03994460,0.04190469,0.04379500,0.04563013,0.04742084,0.04917566,0.05090141,0.05260315,0.05428377,0.05594368
0.03994799,0.04191547,0.04381236,0.04565344,0.04744943,0.04920882,0.05093853,0.05264381,0.05432787,0.05599145
0.03994391,0.04191939,0.04382321,0.04566928,0.04746762,0.04922614,0.05095133,0.05264826,0.05432034,0.05596887
0.03993710,0.04192158,0.04383417,0.04568939,0.04749794,0.04926866,0.05100921,0.05272607,0.05442396,0.05610519
0.03994463,0.04193738,0.04385715,0.04571795,0.04752968,0.04930019,0.05103620,0.05274351,0.05442668,0.05608852
0.03993408,0.04193259,0.04385776,0.04572448,0.04754354,0.04932361,0.05107221,0.05279581,0.05449940,0.05618586
0.03993245,0.04193597,0.04386624,0.04573801,0.04756187,0.04934638,0.05109903,0.05282638,0.05453371,0.05622438
0.03993146,0.04194291,0.04387987,0.04575705,0.04758493,0.04937178,0.05112460,0.05284927,0.05455026,0.05623024
0.03991853,0.04193455,0.04387470,0.04575369,0.04758230,0.04936951,0.05112346,0.05285154,0.05455997,0.05625310
0.03992624,0.04194938,0.04389353,0.04577262,0.04759671,0.04937430,0.05111333,0.05282133,0.05450500,0.05616942
0.03993052,0.04196137,0.04391147,0.04579464,0.04762072,0.04939793,0.05113387,0.05283569,0.05450982,0.05616126
0.03992773,0.04196433,0.04391928,0.04580640,0.04763584,0.04941630,0.05115604,0.05286302,0.05454443,0.05620593
0.03992991,0.04197504,0.04393764,0.04583144,0.04766638,0.04945066,0.05119163,0.05289590,0.05456905,0.05621513
0.03993093,0.04198143,0.04394861,0.04584591,0.04768300,0.04946775,0.05120708,0.05290703,0.05457256,0.05620706
0.03993149,0.04198795,0.04396127,0.04586493,0.04770864,0.04950034,0.05124703,0.05295486,0.05462890,0.05627270
0.03992206,0.04198569,0.04396441,0.04587210,0.04771896,0.04951356,0.05126377,0.05297683,0.05465905,0.05631524
0.03992549,0.04199779,0.04398519,0.04590152,0.04775683,0.04955942,0.05131667,0.05303516,0.05472035,0.05637606
0.03992297,0.04200443,0.04400118,0.04592783,0.04779517,0.04961226,0.05138728,0.05312755,0.05483908,0.05652592
0.03991762,0.04200551,0.04400801,0.04594032,0.04781390,0.04963861,0.05142351,0.05317688,0.05490560,0.05661432
0.03992608,0.04202271,0.04403321,0.04597309,0.04785383,0.04968512,0.05147589,0.05323440,0.05496773,0.05668093
0.03992163,0.04202610,0.04404434,0.04599210,0.04788098,0.04972066,0.05151985,0.05328640,0.05502690,0.05674599
0.03992707,0.04204108,0.04406851,0.04602593,0.04792600,0.04977968,0.05159701,0.05338705,0.05515725,0.05691251
0.03993081,0.04205164,0.04408581,0.04604990,0.04795654,0.04981643,0.05163919,0.05343317,0.05520494,0.05695840
0.03992706,0.04205233,0.04409055,0.04605848,0.04796853,0.04983098,0.05165480,0.05344771,0.05521568,0.05696211
0.03992928,0.04206336,0.04411007,0.04608645,0.04800505,0.04987620,0.05170882,0.05351048,0.05528684,0.05704100
0.03992450,0.04206566,0.04412026,0.04610616,0.04803659,0.04992216,0.05177172,0.05359229,0.05538862,0.05716262
0.03992561,0.04206925,0.04412492,0.04611092,0.04804054,0.04992399,0.05176925,0.05358217,0.05536630,0.05712258
0.03991868,0.04206838,0.04412952,0.04611979,0.04805183,0.04993522,0.05177736,0.05358364,0.05535730,0.05709917
0.03992049,0.04207838,0.04414657,0.04614277,0.04808001,0.04996863,0.05181716,0.05363237,0.05541883,0.05717845
0.03991590,0.04207895,0.04415227,0.04615361,0.04809597,0.04998955,0.05184261,0.05366153,0.05545042,0.05721073
0.03991083,0.04207887,0.04415711,0.04616314,0.04811012,0.05000878,0.05186822,0.05369594,0.05549726,0.05727472
0.03990549,0.04207884,0.04416235,0.04617345,0.04812512,0.05002794,0.05189085,0.05372110,0.05552378,0.05730121
0.03991196,0.04209088,0.04417966,0.04619542,0.04815099,0.05005687,0.05192208,0.05375412,0.05555849,0.05733800
0.03991952,0.04210311,0.04419514,0.04621246,0.04816761,0.05007066,0.05193001,0.05375249,0.05554294,0.05730376
0.03992515,0.04211752,0.04421631,0.04623768,0.04819319,0.05009171,0.05194041,0.05374500,0.05550965,0.05723667
0.03992097,0.04211870,0.04422246,0.04624854,0.04820867,0.05011182,0.05196501,0.05377357,0.05554097,0.05726862
0.03992077,0.04212404,0.04423340,0.04626561,0.04823248,0.05014295,0.05200396,0.05382082,0.05559706,0.05733423
0.03991559,0.04212636,0.04424355,0.04628355,0.04825787,0.05017508,0.05204178,0.05386295,0.05564187,0.05737994
0.03991630,0.04213208,0.04425456,0.04630081,0.04828270,0.05020903,0.05208650,0.05392006,0.05571285,0.05746604
0.03992033,0.04214254,0.04427067,0.04632145,0.04830664,0.05023531,0.05211486,0.05395128,0.05574893,0.05751020
0.03992472,0.04215748,0.04429720,0.04635978,0.04835641,0.05029587,0.05218566,0.05403212,0.05584026,0.05761323
0.03992607,0.04216704,0.04431411,0.04638327,0.04838577,0.05033044,0.05222458,0.05407413,0.05588331,0.05765433
0.03992976,0.04217763,0.04433031,0.04640345,0.04840791,0.05035204,0.05224275,0.05408570,0.05588511,0.05764348
0.03994071,0.04219517,0.04435439,0.04643430,0.04844590,0.05039778,0.05229717,0.05415025,0.05596195,0.05773555
0.03993856,0.04219644,0.04435868,0.04644094,0.04845377,0.05040496,0.05230078,0.05414633,0.05594550,0.05770078
0.03995309,0.04221923,0.04438874,0.04647718,0.04849455,0.05044794,0.05234284,0.05418369,0.05597395,0.05771598
0.03995576,0.04222764,0.04440136,0.04649232,0.04851041,0.05046277,0.05235500,0.05419157,0.05597589,0.05771012
0.03995584,0.04223433,0.04441363,0.04650909,0.04853070,0.05048578,0.05238030,0.05421930,0.05600686,0.05774589
0.03994674,0.04223422,0.04442367,0.04653144,0.04856868,0.05054415,0.05246542,0.05433913,0.05617074,0.05796401
0.03995750,0.04225122,0.04444505,0.04655559,0.04859426,0.05057009,0.05249094,0.05436370,0.05619401,0.05798578
0.03996153,0.04226397,0.04446501,0.04658181,0.04862651,0.05060905,0.05253826,0.05442201,0.05626670,0.05807669
0.03995143,0.04226012,0.04446702,0.04658976,0.04864142,0.05063326,0.05257564,0.05447799,0.05634807,0.05819109
0.03995149,0.04226586,0.04447707,0.04660283,0.04865655,0.05065008,0.05259452,0.05450009,0.05637523,0.05822562
0.03996620,0.04228782,0.04450510,0.04663592,0.04869406,0.05069175,0.05264053,0.05455107,0.05643228,0.05829024
0.03996388,0.04229021,0.04451173,0.04664688,0.04871039,0.05071597,0.05267722,0.05460717,0.05651711,0.05841498
0.03995503,0.04229027,0.04451997,0.04666276,0.04873288,0.05074289,0.05270451,0.05462847,0.05652359,0.05839564
0.03995637,0.04229865,0.04453410,0.04668227,0.04875830,0.05077550,0.05274629,0.05468200,0.05659200,0.05848252
0.03995756,0.04230871,0.04455173,0.04670659,0.04878875,0.05081195,0.05278932,0.05473329,0.05665460,0.05856096
0.03994716,0.04230783,0.04456030,0.04672475,0.04881699,0.05085107,0.05284017,0.05479631,0.05672930,0.05864545
0.03994808,0.04231725,0.04457701,0.04674765,0.04884476,0.05088212,0.05287286,0.05482925,0.05676181,0.05867793
0.03994360,0.04231729,0.04458107,0.04675498,0.04885394,0.05089057,0.05287627,0.05482121,0.05673365,0.05861905
0.03993843,0.04231552,0.04458257,0.04675979,0.04886202,0.05090150,0.05288910,0.05483444,0.05674541,0.05862738
0.03994239,0.04232737,0.04460145,0.04678412,0.04888884,0.05092610,0.05290486,0.05483289,0.05671655,0.05856028
0.03995030,0.04234467,0.04462635,0.04681535,0.04892564,0.05096857,0.05295444,0.05489290,0.05679254,0.05866002
0.03994237,0.04234321,0.04463020,0.04682285,0.04893484,0.05097721,0.05295972,0.05489127,0.05677951,0.05863026
0.03994609,0.04235358,0.04464621,0.04684376,0.04896004,0.05100623,0.05299250,0.05492839,0.05682249,0.05868169
0.03996113,0.04237677,0.04467644,0.04688017,0.04900203,0.05105344,0.05304478,0.05498572,0.05688491,0.05874925
0.03995916,0.04237996,0.04468314,0.04688829,0.04900865,0.05105452,0.05303490,0.05495802,0.05683113,0.05866003
0.03996201,0.04238762,0.04469511,0.04690403,0.04902776,0.05107715,0.05306220,0.05499260,0.05687753,0.05872495
0.03996836,0.04240185,0.04471579,0.04692951,0.04905629,0.05110681,0.05309088,0.05501803,0.05689735,0.05873688
0.03996748,0.04240441,0.04472017,0.04693504,0.04906342,0.05111719,0.05310731,0.05504422,0.05693755,0.05879541
0.03997253,0.04241696,0.04474003,0.04696243,0.04909893,0.05116162,0.05316142,0.05510844,0.05701166,0.05887834
0.03997026,0.04241948,0.04474762,0.04697563,0.04911823,0.05118727,0.05319314,0.05514515,0.05705143,0.05891838
0.03997397,0.04242801,0.04475933,0.04698915,0.04913239,0.05120093,0.05320499,0.05515342,0.05705352,0.05891065
0.03997617,0.04243627,0.04477385,0.04701091,0.04916304,0.05124251,0.05325962,0.05522305,0.05713981,0.05901499
0.03998510,0.04245319,0.04479700,0.04703901,0.04919516,0.05127823,0.05329931,0.05526825,0.05719344,0.05908136
0.03998326,0.04245658,0.04480648,0.04705624,0.04922248,0.05131849,0.05335585,0.05534493,0.05729487,0.05921309
0.03999293,0.04247034,0.04482293,0.04707460,0.04924255,0.05134054,0.05338037,0.05537243,0.05732563,0.05924705
0.03999166,0.04247546,0.04483396,0.04709079,0.04926300,0.05136454,0.05340788,0.05540474,0.05736617,0.05930198
0.03997816,0.04246509,0.04482548,0.04708348,0.04925671,0.05135998,0.05340709,0.05541163,0.05738703,0.05934573
0.03998335,0.04247429,0.04483734,0.04709609,0.04926757,0.05136571,0.05340300,0.05539126,0.05734164,0.05926416
0.03998888,0.04248453,0.04485169,0.04711435,0.04929014,0.05139398,0.05343994,0.05544213,0.05741473,0.05937126
0.03999070,0.04249325,0.04486625,0.04713374,0.04931328,0.05141944,0.05346559,0.05546470,0.05742946,0.05937168
0.03999922,0.04251226,0.04489559,0.04717283,0.04936076,0.05147284,0.05352086,0.05551572,0.05746752,0.05938529
0.03999566,0.04251430,0.04490375,0.04718716,0.04938099,0.05149839,0.05355084,0.05554880,0.05750187,0.05941854
0.04000245,0.04252701,0.04492142,0.04720913,0.04940670,0.05152724,0.05358203,0.05558140,0.05753497,0.05945147
0.04000306,0.04253491,0.04493677,0.04723148,0.04943493,0.05155924,0.05361435,0.05560884,0.05755029,0.05944535
0.04001001,0.04255433,0.04496808,0.04727504,0.04949204,0.05163219,0.05370649,0.05572440,0.05769406,0.05962218
0.04000281,0.04255288,0.04497341,0.04728933,0.04951831,0.05167427,0.05376891,0.05581234,0.05781317,0.05977825
0.03999077,0.04254848,0.04497566,0.04729703,0.04953032,0.05168954,0.05378624,0.05582996,0.05782823,0.05978633
0.03998897,0.04255312,0.04498441,0.04730741,0.04953954,0.05169436,0.05378316,0.05581550,0.05779934,0.05974088
0.03999189,0.04255829,0.04499108,0.04731390,0.04954326,0.05169188,0.05377017,0.05578680,0.05774880,0.05966143
0.03999108,0.04256324,0.04500042,0.04732694,0.04956048,0.05171537,0.05380397,0.05583719,0.05782449,0.05977360
0.03998737,0.04256638,0.04501017,0.04734390,0.04958607,0.05175157,0.05385284,0.05590027,0.05790219,0.05986479
0.03999333,0.04257923,0.04502989,0.04736975,0.04961655,0.05178427,0.05388418,0.05592516,0.05791381,0.05985450
0.03998828,0.04258098,0.04503842,0.04738525,0.04963917,0.05181391,0.05392036,0.05596694,0.05795973,0.05990265
0.03999212,0.04259131,0.04505393,0.04740403,0.04965848,0.05182997,0.05392815,0.05596003,0.05793021,0.05984123
0.03997687,0.04257973,0.04504491,0.04739687,0.04965262,0.05182470,0.05392229,0.05595158,0.05791616,0.05981750
0.03998377,0.04258991,0.04505872,0.04741446,0.04967416,0.05185061,0.05395341,0.05598943,0.05796305,0.05987658
0.03998508,0.04260038,0.04507681,0.04743950,0.04970610,0.05188990,0.05400085,0.05604601,0.05802977,0.05995428
0.03998514,0.04260551,0.04508682,0.04745479,0.04972791,0.05192036,0.05404284,0.05610276,0.05810440,0.06004924
0.03997903,0.04260283,0.04508668,0.04745587,0.04972841,0.05191799,0.05403491,0.05608632,0.05807648,0.06000706
0.03997792,0.04260810,0.04509712,0.04746958,0.04974284,0.05193014,0.05404152,0.05608417,0.05806250,0.05997840
0.03997611,0.04261223,0.04510647,0.04748359,0.04976088,0.05195141,0.05406515,0.05610925,0.05808824,0.06000426
0.03999080,0.04263246,0.04513257,0.04751639,0.04980163,0.05200182,0.05412728,0.05618537,0.05818054,0.06011451
0.03998602,0.04263323,0.04513787,0.04752559,0.04981449,0.05201826,0.05414727,0.05620878,0.05820707,0.06014370
0.03998649,0.04264000,0.04515057,0.04754469,0.04984111,0.05205396,0.05419385,0.05626807,0.05828077,0.06023329
0.03998640,0.04264737,0.04516421,0.04756372,0.04986477,0.05208149,0.05422417,0.05629965,0.05831152,0.06026066
0.03998597,0.04265039,0.04517072,0.04757424,0.04988002,0.05210213,0.05425061,0.05633186,0.05834892,0.06030204
0.03998284,0.04265382,0.04517955,0.04758783,0.04989817,0.05212506,0.05427891,0.05636633,0.05839041,0.06035125
0.03997281,0.04265208,0.04518556,0.04760225,0.04992250,0.05216105,0.05432808,0.05642958,0.05846783,0.06044212
0.03997853,0.04266720,0.04521141,0.04763972,0.04997176,0.05222152,0.05439856,0.05650848,0.05855340,0.06053267
0.03998028,0.04267304,0.04522002,0.04765007,0.04998336,0.05223480,0.05441521,0.05653157,0.05858724,0.06058236
0.03998025,0.04268136,0.04523510,0.04767052,0.05000809,0.05226334,0.05444791,0.05656964,0.05863257,0.06063726
0.03998144,0.04268829,0.04524557,0.04768189,0.05001739,0.05226721,0.05444247,0.05655054,0.05859525,0.06057727
0.03998372,0.04269745,0.04526202,0.04770665,0.05005194,0.05231346,0.05450283,0.05662782,0.05869251,0.06069762
0.03999320,0.04271328,0.04528318,0.04773174,0.05007906,0.05234015,0.05452589,0.05664334,0.05869591,0.06068389
0.04000075,0.04272977,0.04530974,0.04776951,0.05012877,0.05240174,0.05459834,0.05672451,0.05878260,0.06077205
0.04000442,0.04274605,0.04533849,0.04780994,0.05017982,0.05246245,0.05466805,0.05680295,0.05886987,0.06086855
0.03998579,0.04273192,0.04532812,0.04780300,0.05017648,0.05246336,0.05467412,0.05681512,0.05888883,0.06089454
0.03998382,0.04273958,0.04534530,0.04782970,0.05021268,0.05250894,0.05472882,0.05687857,0.05896058,0.06097404
0.03998403,0.04274877,0.04536341,0.04785682,0.05024888,0.05255405,0.05478246,0.05694013,0.05902930,0.06104915
0.03999220,0.04276294,0.04538397,0.04788461,0.05028506,0.05259997,0.05483935,0.05700896,0.05911063,0.06114304
0.04000148,0.04278508,0.04541781,0.04792954,0.05034088,0.05266684,0.05491786,0.05709998,0.05921524,0.06126235
0.04000073,0.04278996,0.04542772,0.04794460,0.05036170,0.05269449,0.05495380,0.05714615,0.05927401,0.06133646
0.04000732,0.04280409,0.04544848,0.04797181,0.05039545,0.05273471,0.05500009,0.05719764,0.05932941,0.06139421
0.04001132,0.04281760,0.04547339,0.04800992,0.05044843,0.05280420,0.05508767,0.05730486,0.05945771,0.06154488
0.04000856,0.04281931,0.04547782,0.04801523,0.05045275,0.05280565,0.05508430,0.05729460,0.05943847,0.06151462
0.04000591,0.04282295,0.04548847,0.04803535,0.05048619,0.05285737,0.05516004,0.05740044,0.05958026,0.06169745
0.04000912,0.04283128,0.04550074,0.04805027,0.05050270,0.05287502,0.05517936,0.05742304,0.05960866,0.06173469
0.04001409,0.04284058,0.04551260,0.04806276,0.05051369,0.05288209,0.05517979,0.05741372,0.05958614,0.06169528
0.04002261,0.04285802,0.04553817,0.04809588,0.05055405,0.05292966,0.05523468,0.05747613,0.05965630,0.06177342
0.04000638,0.04284530,0.04552811,0.04808766,0.05054675,0.05292211,0.05522528,0.05746268,0.05963597,0.06174294
0.03999875,0.04284241,0.04552900,0.04809125,0.05055136,0.05292504,0.05522264,0.05744943,0.05960630,0.06169079
0.03998717,0.04283560,0.04552518,0.04808880,0.05054862,0.05292021,0.05521374,0.05743437,0.05958302,0.06165741
0.03998166,0.04283786,0.04553370,0.04810203,0.05056516,0.05293910,0.05523468,0.05745797,0.05961082,0.06169179
0.03998504,0.04285008,0.04555545,0.04813438,0.05060969,0.05299796,0.05531056,0.05755389,0.05972977,0.06183632
0.03997693,0.04284892,0.04556164,0.04814816,0.05063106,0.05302667,0.05534605,0.05759532,0.05977599,0.06188591
0.03997646,0.04285801,0.04558150,0.04817965,0.05067453,0.05308213,0.05541336,0.05767434,0.05986669,0.06198845
0.03997892,0.04286941,0.04560059,0.04820505,0.05070482,0.05311581,0.05544890,0.05771016,0.05990131,0.06202060
0.03996906,0.04286070,0.04559268,0.04819793,0.05069859,0.05311043,0.05544406,0.05770524,0.05989551,0.06201315
0.03997435,0.04287108,0.04560866,0.04822029,0.05072855,0.05314968,0.05549455,0.05776897,0.05997424,0.06210823
0.03997740,0.04287906,0.04562083,0.04823545,0.05074534,0.05316684,0.05551129,0.05778527,0.05999100,0.06212731
0.03998681,0.04289558,0.04564593,0.04827158,0.05079573,0.05323529,0.05560190,0.05790221,0.06013824,0.06230829
0.03998167,0.04289616,0.04565058,0.04827799,0.05080031,0.05323294,0.05558611,0.05786551,0.06007286,0.06220689
0.03998535,0.04291011,0.04567528,0.04831502,0.05085218,0.05330298,0.05567847,0.05798492,0.06022433,0.06239529
0.03999235,0.04292142,0.04569049,0.04833295,0.05087113,0.05332103,0.05569374,0.05799593,0.06023034,0.06239642
0.04000149,0.04293765,0.04571440,0.04836626,0.05091668,0.05338289,0.05577738,0.05810823,0.06037936,0.06259093
0.03999966,0.04294432,0.04572905,0.04838911,0.05094915,0.05342808,0.05584031,0.05819596,0.06050066,0.06275580
0.03999370,0.04294656,0.04573898,0.04840694,0.05097540,0.05346334,0.05588517,0.05825088,0.06056591,0.06283131
0.03999085,0.04294674,0.04574017,0.04840770,0.05097465,0.05346006,0.05587810,0.05823831,0.06054562,0.06280066
0.03999712,0.04295651,0.04575257,0.04842165,0.05098861,0.05347190,0.05588490,0.05823613,0.06052942,0.06276448
0.03999487,0.04295963,0.04575995,0.04843204,0.05100047,0.05348325,0.05589314,0.05823795,0.06052083,0.06274092
0.03998720,0.04295688,0.04576169,0.04843878,0.05101364,0.05350505,0.05592640,0.05828587,0.06058679,0.06282833
0.03999503,0.04297349,0.04578837,0.04847768,0.05106781,0.05357867,0.05602498,0.05841638,0.06075756,0.06304871
0.04000023,0.04298415,0.04580414,0.04849877,0.05109503,0.05361365,0.05607062,0.05847730,0.06084037,0.06316202
0.03999657,0.04298504,0.04580891,0.04850626,0.05110348,0.05362080,0.05607376,0.05847341,0.06082625,0.06313444
0.04000062,0.04299604,0.04582682,0.04853214,0.05113917,0.05366884,0.05613741,0.05855666,0.06093369,0.06327100
0.04000372,0.04300718,0.04584568,0.04855763,0.05116932,0.05370060,0.05616666,0.05857844,0.06094280,0.06326275
0.04001124,0.04302061,0.04586720,0.04859022,0.05121708,0.05376921,0.05626361,0.05871298,0.06112543,0.06350427
0.04000795,0.04302476,0.04587841,0.04860867,0.05124363,0.05380583,0.05631413,0.05878384,0.06122630,0.06364824
0.04001911,0.04304356,0.04590401,0.04863903,0.05127512,0.05383297,0.05632946,0.05877799,0.06118836,0.06356648
0.04002640,0.04305657,0.04592310,0.04866419,0.05130578,0.05386788,0.05636660,0.05881473,0.06122165,0.06359315
0.04003647,0.04307232,0.04594564,0.04869601,0.05135032,0.05392913,0.05644877,0.05892188,0.06135746,0.06376080
0.04004321,0.04308525,0.04596265,0.04871486,0.05136834,0.05394277,0.05645322,0.05891073,0.06132263,0.06369270
0.04004163,0.04308773,0.04596776,0.04872083,0.05137312,0.05394403,0.05644820,0.05889615,0.06129457,0.06364668
0.04003928,0.04309127,0.04597785,0.04873910,0.05140165,0.05398476,0.05650239,0.05896398,0.06137509,0.06373798
0.04003538,0.04309551,0.04599012,0.04875966,0.05143047,0.05402068,0.05654229,0.05900214,0.06140298,0.06374460
0.04003606,0.04310103,0.04599939,0.04877190,0.05144541,0.05403896,0.05656589,0.05903481,0.06145039,0.06381438
0.04003926,0.04310911,0.04601149,0.04878766,0.05146545,0.05406556,0.05660382,0.05909218,0.06153935,0.06395116
0.04004372,0.04312306,0.04603449,0.04881966,0.05150734,0.05411991,0.05667554,0.05918909,0.06167227,0.06413337
0.04004121,0.04312340,0.04603727,0.04882470,0.05151511,0.05413189,0.05669462,0.05921993,0.06172147,0.06420934
0.04003999,0.04313019,0.04605116,0.04884461,0.05153913,0.05415673,0.05671502,0.05922793,0.06170584,0.06415556
0.04004835,0.04314761,0.04607634,0.04887562,0.05157305,0.05418927,0.05674053,0.05923960,0.06169623,0.06411725
0.04005142,0.04315528,0.04608837,0.04889059,0.05158762,0.05419728,0.05673194,0.05919953,0.06160438,0.06394805
0.04005741,0.04317407,0.04611975,0.04893393,0.05164207,0.05426201,0.05680628,0.05928298,0.06169652,0.06404832
0.04006057,0.04318325,0.04613388,0.04895289,0.05166661,0.05429371,0.05684735,0.05933612,0.06176464,0.06413432
0.04004609,0.04317060,0.04612166,0.04893954,0.05165062,0.05427359,0.05682166,0.05930364,0.06172456,0.06408649
0.04004537,0.04317522,0.04613129,0.04895457,0.05167191,0.05430205,0.05685768,0.05934625,0.06177077,0.06413079
0.04004951,0.04318795,0.04615083,0.04897978,0.05170205,0.05433663,0.05689627,0.05938834,0.06181542,0.06417641
0.04005092,0.04319499,0.04616358,0.04899969,0.05173169,0.05437920,0.05695508,0.05946617,0.06191403,0.06429609
0.04005752,0.04320840,0.04618441,0.04902826,0.05176835,0.05442479,0.05701133,0.05953586,0.06200091,0.06440450
0.04006369,0.04322009,0.04619823,0.04904103,0.05177742,0.05442822,0.05700778,0.05952451,0.06198134,0.06437661
0.04007093,0.04323356,0.04621661,0.04906354,0.05180334,0.05445659,0.05703710,0.05955242,0.06200433,0.06438992
0.04006839,0.04323923,0.04622981,0.04908302,0.05182743,0.05448350,0.05706537,0.05958128,0.06203409,0.06442212
0.04006044,0.04323420,0.04622706,0.04908279,0.05183056,0.05449077,0.05707674,0.05959517,0.06204690,0.06442819
0.04006026,0.04324238,0.04624373,0.04910985,0.05187203,0.05455302,0.05716831,0.05972630,0.06222861,0.06467123
0.04005612,0.04324214,0.04624490,0.04910897,0.05186453,0.05453336,0.05713056,0.05966508,0.06214017,0.06455431
0.04005686,0.04325329,0.04626629,0.04914026,0.05190472,0.05458025,0.05718040,0.05971252,0.06217855,0.06457620
0.04004396,0.04324349,0.04626048,0.04913807,0.05190437,0.05457893,0.05717485,0.05969965,0.06215594,0.06454246
0.04005818,0.04326588,0.04629125,0.04917743,0.05195239,0.05463543,0.05723921,0.05977052,0.06223100,0.06461830
0.04005815,0.04327092,0.04630080,0.04919173,0.05197195,0.05466083,0.05727098,0.05980927,0.06227751,0.06467369
0.04005697,0.04327543,0.04630861,0.04920054,0.05197918,0.05466348,0.05726578,0.05979281,0.06224649,0.06462518
0.04006393,0.04328758,0.04632674,0.04922614,0.05201415,0.05471005,0.05732646,0.05987032,0.06234370,0.06474491
0.04006063,0.04329085,0.04633442,0.04923501,0.05201989,0.05470734,0.05730944,0.05983322,0.06228159,0.06465444
0.04006858,0.04329991,0.04634381,0.04924453,0.05202995,0.05471924,0.05732561,0.05985742,0.06231884,0.06471067
0.04006164,0.04329518,0.04634095,0.04924408,0.05203272,0.05472573,0.05733553,0.05986927,0.06232970,0.06471621
0.04005748,0.04329668,0.04634774,0.04925712,0.05205432,0.05475971,0.05738738,0.05994619,0.06244044,0.06487061
0.04006099,0.04330407,0.04636019,0.04927601,0.05208202,0.05480053,0.05744860,0.06003893,0.06257990,0.06507551
0.04005727,0.04330782,0.04637068,0.04929292,0.05210482,0.05482792,0.05747805,0.06006644,0.06260009,0.06508195
0.04005811,0.04331287,0.04638022,0.04930794,0.05212685,0.05485872,0.05751914,0.06011838,0.06266169,0.06514968
0.04005896,0.04331764,0.04638676,0.04931401,0.05212987,0.05485544,0.05750547,0.06008937,0.06261177,0.06507304
0.04006564,0.04332458,0.04639138,0.04931352,0.05212117,0.05483511,0.05746987,0.06003472,0.06253431,0.06496925
0.04007285,0.04334026,0.04641519,0.04934442,0.05215686,0.05487180,0.05750203,0.06005521,0.06253473,0.06494063
0.04007490,0.04334876,0.04642931,0.04936228,0.05217542,0.05488672,0.05750789,0.06004585,0.06250375,0.06488195
0.04008001,0.04336040,0.04644689,0.04938465,0.05220072,0.05491245,0.05753108,0.06006329,0.06251220,0.06487822
0.04008469,0.04337284,0.04646538,0.04940706,0.05222403,0.05493284,0.05754433,0.06006550,0.06250044,0.06485101
0.04007835,0.04337154,0.04646861,0.04941418,0.05223465,0.05494707,0.05756282,0.06008939,0.06253124,0.06489033
0.04008018,0.04338150,0.04648610,0.04943805,0.05226297,0.05497718,0.05759178,0.06011437,0.06254988,0.06490098
0.04009131,0.04339893,0.04650720,0.04945991,0.05228243,0.05499093,0.05759645,0.06010669,0.06252674,0.06485949
0.04009191,0.04340472,0.04651729,0.04947377,0.05229955,0.05501046,0.05761697,0.06012617,0.06254270,0.06486935
0.04008828,0.04340610,0.04652257,0.04948177,0.05230889,0.05501955,0.05762416,0.06012992,0.06254180,0.06486304
0.04008431,0.04340642,0.04652619,0.04948739,0.05231465,0.05502287,0.05762161,0.06011719,0.06251381,0.06481422
0.04008490,0.04341438,0.04654168,0.04951010,0.05234379,0.05505725,0.05765969,0.06015715,0.06255358,0.06485155
0.04007767,0.04341349,0.04654782,0.04952459,0.05236878,0.05509572,0.05771523,0.06023348,0.06265413,0.06497900
0.04007670,0.04342197,0.04656552,0.04955172,0.05240575,0.05514290,0.05777270,0.06030092,0.06273069,0.06506336
0.04007201,0.04342311,0.04657176,0.04956262,0.05242053,0.05516008,0.05779007,0.06031567,0.06273968,0.06506340
0.04008331,0.04344133,0.04659384,0.04958613,0.05244366,0.05518172,0.05780976,0.06033347,0.06275599,0.06507879
0.04007862,0.04344102,0.04659645,0.04959078,0.05244955,0.05518803,0.05781572,0.06033858,0.06276019,0.06508257
0.04007665,0.04344619,0.04660856,0.04960953,0.05247492,0.05522055,0.05785650,0.06038920,0.06282256,0.06515873
0.04006627,0.04344059,0.04660756,0.04961393,0.05248648,0.05524196,0.05789139,0.06044211,0.06289878,0.06526418
0.04007356,0.04345801,0.04663321,0.04964673,0.05252597,0.05528836,0.05794556,0.06050540,0.06297281,0.06535045
0.04006706,0.04345988,0.04664278,0.04966390,0.05255088,0.05532108,0.05798593,0.06055303,0.06302718,0.06541106
0.04005811,0.04345764,0.04664600,0.04967163,0.05256186,0.05533356,0.05799794,0.06056265,0.06303294,0.06541223
0.04005625,0.04346397,0.04665901,0.04968995,0.05258453,0.05536032,0.05802923,0.06059939,0.06307617,0.06546270
0.04004747,0.04345899,0.04665619,0.04968717,0.05257855,0.05534643,0.05800111,0.06054936,0.06299561,0.06534264
0.04004478,0.04346206,0.04666306,0.04969530,0.05258521,0.05534917,0.05799823,0.06054036,0.06298144,0.06532590
0.04004168,0.04346616,0.04667397,0.04971317,0.05261094,0.05538457,0.05804615,0.06060457,0.06306639,0.06543627
0.04004914,0.04348486,0.04670219,0.04974960,0.05265493,0.05543639,0.05810711,0.06067691,0.06315290,0.06553973
0.04004407,0.04348100,0.04669993,0.04975018,0.05266019,0.05544850,0.05812826,0.06070921,0.06319845,0.06560071
0.04003713,0.04348213,0.04670943,0.04976724,0.05268329,0.05547553,0.05815654,0.06073541,0.06321859,0.06561035
0.04003430,0.04348781,0.04672347,0.04978998,0.05271507,0.05551615,0.05820478,0.06078878,0.06327333,0.06566170
0.04003337,0.04349273,0.04673076,0.04979686,0.05271939,0.05551650,0.05820063,0.06078056,0.06326233,0.06564991
0.04003392,0.04349892,0.04674316,0.04981617,0.05274632,0.05555149,0.05824356,0.06083060,0.06331808,0.06570953
0.04003937,0.04350820,0.04675604,0.04983318,0.05276879,0.05558177,0.05828527,0.06088874,0.06339889,0.06582015
0.04003768,0.04350976,0.04675837,0.04983484,0.05276904,0.05558011,0.05828100,0.06088066,0.06338524,0.06579879
0.04003985,0.04351646,0.04677059,0.04985387,0.05279622,0.05561673,0.05832840,0.06094047,0.06345964,0.06589070
0.04004978,0.04352827,0.04678331,0.04986626,0.05280670,0.05562306,0.05832736,0.06092758,0.06342905,0.06583535
0.04004802,0.04353466,0.04679650,0.04988542,0.05283193,0.05565597,0.05837158,0.06098916,0.06351646,0.06595912
0.04004815,0.04354016,0.04680731,0.04990128,0.05285241,0.05568035,0.05839900,0.06101896,0.06354863,0.06599463
0.04005222,0.04354903,0.04681895,0.04991461,0.05286698,0.05569600,0.05841566,0.06103657,0.06356706,0.06601362
0.04005481,0.04355494,0.04682977,0.04993258,0.05289437,0.05573472,0.05846696,0.06110069,0.06364318,0.06609987
0.04005995,0.04356902,0.04685397,0.04996867,0.05294452,0.05580142,0.05855304,0.06120956,0.06377885,0.06626700
0.04005300,0.04356468,0.04685230,0.04996943,0.05294719,0.05580514,0.05855644,0.06121056,0.06377458,0.06625381
0.04004972,0.04357009,0.04686595,0.04999198,0.05297983,0.05584910,0.05861270,0.06127973,0.06385703,0.06634986
0.04004957,0.04357902,0.04688239,0.05001367,0.05300405,0.05587321,0.05863480,0.06129920,0.06387470,0.06636793
0.04005308,0.04358787,0.04689407,0.05002429,0.05300820,0.05586410,0.05860447,0.06123882,0.06377496,0.06621953
0.04003933,0.04357838,0.04688849,0.05002245,0.05301050,0.05587209,0.05862147,0.06127044,0.06382959,0.06630840
0.04003962,0.04358353,0.04689717,0.05003230,0.05301839,0.05587397,0.05861191,0.06124223,0.06377342,0.06621291
0.04003697,0.04358981,0.04690961,0.05004846,0.05303629,0.05589215,0.05862948,0.06125878,0.06378881,0.06622701
0.04003289,0.04359117,0.04691499,0.05005668,0.05304652,0.05590372,0.05864147,0.06126950,0.06379540,0.06622523
0.04002258,0.04358733,0.04691711,0.05006540,0.05306311,0.05592964,0.05867815,0.06131828,0.06385749,0.06630178
0.04002099,0.04359394,0.04693151,0.05008819,0.05309604,0.05597558,0.05874093,0.06140226,0.06396697,0.06644034
0.04001602,0.04359437,0.04693640,0.05009737,0.05311041,0.05599750,0.05877437,0.06145286,0.06404179,0.06654730
0.04002132,0.04360381,0.04695071,0.05011718,0.05313635,0.05603028,0.05881488,0.06150217,0.06410121,0.06661827
0.04002712,0.04361563,0.04696873,0.05014151,0.05316664,0.05606562,0.05885394,0.06154336,0.06414279,0.06665847
0.04003121,0.04362172,0.04697484,0.05014691,0.05317267,0.05607596,0.05887441,0.06158129,0.06420602,0.06675428
0.04002652,0.04362062,0.04697534,0.05014762,0.05317265,0.05607460,0.05887118,0.06157561,0.06419721,0.06674160
0.04002528,0.04362606,0.04698489,0.05015719,0.05317650,0.05606531,0.05883969,0.06151121,0.06408788,0.06657464
0.04002834,0.04363667,0.04700172,0.05017758,0.05319682,0.05608110,0.05884576,0.06150198,0.06405775,0.06651854
0.04001353,0.04362209,0.04698931,0.05016857,0.05319186,0.05608003,0.05884733,0.06150366,0.06405573,0.06650790
0.04001017,0.04362140,0.04699046,0.05017169,0.05319816,0.05609191,0.05886839,0.06153845,0.06410937,0.06658554
0.04000514,0.04362278,0.04699838,0.05018552,0.05321728,0.05611659,0.05890063,0.06158269,0.06417280,0.06667797
0.04000773,0.04363012,0.04701133,0.05020639,0.05325001,0.05616685,0.05897593,0.06169256,0.06432877,0.06689331
0.04000474,0.04363018,0.04701307,0.05021032,0.05325887,0.05618604,0.05901412,0.06176206,0.06444566,0.06707679
0.04001155,0.04364302,0.04703312,0.05023983,0.05330162,0.05624780,0.05910282,0.06188778,0.06462008,0.06731234
0.03999795,0.04363424,0.04703085,0.05024559,0.05331737,0.05627668,0.05914997,0.06196117,0.06473111,0.06747560
0.04000054,0.04364719,0.04705345,0.05027855,0.05336236,0.05633601,0.05922644,0.06205794,0.06485160,0.06762334
0.03999741,0.04364847,0.04705802,0.05028669,0.05337597,0.05635883,0.05926406,0.06211756,0.06494152,0.06775199
0.03999128,0.04365024,0.04706603,0.05029993,0.05339444,0.05638363,0.05929712,0.06216088,0.06499593,0.06781603
0.03998337,0.04364227,0.04705751,0.05029003,0.05338249,0.05637022,0.05928526,0.06215699,0.06501004,0.06786075
0.03998869,0.04365350,0.04707319,0.05030986,0.05340724,0.05640143,0.05932481,0.06220631,0.06506927,0.06792795
0.03999536,0.04366426,0.04708872,0.05033107,0.05343527,0.05643791,0.05937220,0.06226816,0.06515008,0.06803257
0.03998581,0.04365910,0.04708611,0.05033024,0.05343760,0.05644810,0.05939908,0.06232472,0.06525257,0.06819840
0.03999146,0.04367050,0.04710168,0.05034797,0.05345449,0.05645933,0.05939708,0.06229872,0.06518892,0.06808214
0.03998577,0.04366673,0.04710161,0.05035497,0.05347340,0.05649629,0.05945908,0.06239257,0.06531986,0.06825228
0.03998611,0.04367445,0.04711641,0.05037661,0.05350181,0.05653110,0.05949878,0.06243356,0.06535578,0.06827425
0.03998971,0.04368747,0.04713920,0.05040986,0.05354603,0.05658661,0.05956603,0.06251350,0.06545005,0.06838495
0.03998366,0.04368246,0.04713583,0.05041003,0.05355247,0.05660232,0.05959360,0.06255446,0.06550435,0.06845071
0.03998314,0.04368812,0.04714643,0.05042449,0.05356938,0.05661928,0.05960664,0.06255772,0.06549021,0.06841059
0.03997363,0.04368571,0.04715289,0.05044301,0.05360476,0.05667844,0.05969899,0.06269510,0.06568579,0.06867678
0.03997946,0.04369523,0.04716379,0.05045207,0.05360801,0.05667111,0.05967553,0.06264938,0.06561170,0.06856926
0.03998371,0.04370284,0.04717561,0.05046942,0.05363198,0.05670175,0.05971097,0.06268498,0.06563978,0.06857961
0.03999139,0.04371508,0.04719238,0.05049052,0.05365641,0.05672737,0.05973444,0.06270194,0.06564529,0.06856875
0.03999745,0.04372746,0.04721257,0.05052098,0.05370039,0.05678912,0.05981958,0.06281788,0.06580110,0.06877436
0.04000616,0.04374229,0.04723392,0.05055109,0.05374389,0.05685284,0.05991177,0.06294663,0.06597250,0.06899087
0.04000910,0.04374855,0.04724462,0.05056606,0.05376136,0.05686938,0.05992253,0.06294615,0.06595578,0.06895453
0.04001222,0.04376304,0.04727301,0.05061254,0.05383152,0.05697051,0.06006418,0.06314034,0.06621636,0.06929548
0.04001004,0.04376322,0.04727550,0.05061830,0.05384304,0.05699215,0.06010232,0.06320300,0.06631209,0.06943157
0.04001843,0.04377848,0.04729820,0.05064924,0.05388296,0.05704168,0.06016186,0.06327270,0.06639183,0.06952110
0.04001364,0.04378071,0.04730779,0.05066738,0.05391094,0.05707998,0.06020939,0.06332646,0.06644720,0.06957273
0.04001003,0.04378235,0.04731561,0.05068378,0.05393957,0.05712558,0.06027763,0.06342364,0.06657985,0.06974719
0.04001170,0.04378633,0.04731812,0.05068184,0.05393158,0.05711203,0.06026186,0.06341242,0.06658317,0.06977683
0.03999990,0.04378129,0.04731821,0.05068663,0.05394273,0.05713375,0.06030116,0.06347866,0.06668689,0.06992776
0.04000473,0.04378671,0.04732237,0.05068926,0.05394627,0.05714501,0.06033301,0.06355092,0.06682495,0.07015848
0.04000726,0.04379692,0.04733904,0.05071163,0.05397329,0.05717454,0.06036099,0.06357091,0.06682860,0.07013726
0.04000563,0.04379704,0.04734267,0.05072126,0.05399162,0.05720376,0.06040191,0.06362210,0.06688593,0.07019428
0.04000359,0.04380130,0.04735066,0.05073081,0.05400095,0.05721143,0.06040638,0.06362091,0.06687502,0.07016789
0.04000581,0.04380930,0.04736353,0.05074817,0.05402175,0.05723291,0.06042333,0.06362583,0.06685925,0.07012367
0.03999802,0.04380590,0.04736394,0.05075134,0.05402521,0.05723139,0.06040777,0.06358333,0.06677450,0.06998152
0.03999266,0.04380374,0.04736458,0.05075431,0.05403069,0.05724134,0.06042710,0.06362045,0.06684064,0.07008866
0.03999345,0.04381047,0.04737779,0.05077452,0.05405846,0.05727748,0.06047306,0.06367831,0.06691252,0.07017560
0.03999395,0.04381832,0.04739538,0.05080370,0.05409961,0.05732912,0.06053197,0.06374027,0.06697347,0.07023304
0.03999210,0.04382275,0.04740823,0.05082688,0.05413439,0.05737628,0.06059230,0.06381527,0.06706578,0.07034625
0.03998516,0.04381746,0.04740451,0.05082572,0.05413876,0.05739185,0.06062774,0.06388167,0.06717514,0.07050925
0.03998819,0.04382895,0.04742328,0.05085218,0.05417439,0.05743867,0.06068752,0.06395509,0.06726105,0.07060470
0.03997964,0.04382286,0.04742083,0.05085599,0.05418856,0.05746830,0.06073784,0.06403025,0.06736304,0.07073274
0.03997720,0.04382724,0.04743196,0.05087528,0.05421928,0.05751634,0.06081291,0.06414700,0.06754110,0.07099476
0.03997921,0.04383068,0.04743543,0.05087749,0.05421923,0.05751293,0.06080432,0.06413009,0.06751126,0.07094647
0.03996984,0.04382743,0.04743693,0.05088320,0.05422908,0.05752688,0.06082176,0.06414939,0.06752975,0.07096091
0.03997464,0.04383387,0.04744545,0.05089502,0.05424719,0.05755813,0.06087955,0.06425548,0.06771352,0.07125507
0.03997833,0.04384264,0.04746081,0.05091934,0.05428416,0.05761296,0.06095896,0.06436749,0.06786684,0.07145813
0.03998430,0.04385650,0.04748098,0.05094540,0.05431661,0.05765292,0.06100781,0.06442652,0.06793663,0.07153813
0.03998789,0.04386812,0.04749995,0.05096908,0.05433963,0.05766681,0.06100142,0.06438749,0.06785406,0.07140549
0.03999169,0.04387437,0.04750770,0.05097973,0.05435759,0.05770024,0.06106292,0.06449417,0.06802588,0.07166159
0.03997071,0.04385255,0.04748741,0.05096479,0.05435523,0.05772406,0.06113604,0.06465060,0.06830745,0.07210932
0.03997321,0.04386063,0.04749931,0.05097945,0.05437281,0.05774707,0.06117082,0.06470831,0.06840311,0.07225847
0.03997752,0.04387092,0.04751550,0.05100176,0.05440244,0.05778681,0.06122545,0.06478445,0.06850825,0.07239903
0.03998184,0.04387863,0.04752565,0.05101223,0.05440908,0.05778299,0.06120236,0.06473211,0.06841728,0.07226273
0.03997657,0.04387993,0.04753355,0.05102646,0.05442914,0.05780823,0.06123199,0.06476525,0.06845304,0.07230033
0.03997507,0.04388497,0.04754587,0.05105119,0.05447924,0.05790843,0.06142190,0.06509791,0.06898495,0.07307478
0.03997656,0.04388770,0.04754943,0.05105697,0.05449213,0.05793897,0.06148831,0.06522602,0.06920351,0.07340675
0.03997816,0.04389552,0.04756208,0.05107299,0.05451011,0.05795825,0.06150999,0.06525386,0.06924377,0.07346647
0.03997667,0.04389877,0.04757032,0.05108925,0.05454165,0.05801849,0.06162019,0.06544200,0.06953823,0.07388625
0.03997672,0.04390017,0.04757565,0.05110129,0.05456500,0.05806135,0.06169567,0.06556744,0.06973067,0.07415591
0.03997430,0.04390453,0.04758648,0.05111879,0.05459089,0.05809872,0.06174740,0.06563317,0.06980441,0.07422697
0.03997474,0.04390956,0.04759721,0.05113836,0.05462716,0.05816887,0.06188280,0.06587920,0.07020935,0.07482391
0.03996460,0.04390626,0.04759875,0.05114161,0.05462631,0.05815360,0.06183681,0.06578133,0.07003914,0.07456903
0.03996412,0.04390780,0.04760362,0.05115440,0.05465640,0.05821715,0.06195757,0.06598734,0.07035391,0.07500216
0.03996128,0.04391196,0.04761328,0.05116540,0.05465879,0.05819044,0.06186647,0.06578354,0.06998897,0.07444591
0.03997144,0.04393213,0.04764262,0.05120414,0.05470941,0.05825942,0.06196614,0.06593242,0.07020821,0.07475244
0.03998007,0.04394384,0.04765507,0.05121498,0.05471618,0.05825973,0.06195815,0.06591543,0.07018308,0.07472138
0.03998407,0.04395317,0.04767001,0.05123580,0.05474317,0.05829250,0.06199430,0.06594928,0.07020601,0.07472455
0.03998815,0.04396158,0.04768199,0.05125200,0.05476593,0.05832603,0.06204395,0.06601914,0.07029574,0.07482810
0.03999224,0.04397063,0.04769742,0.05127576,0.05480142,0.05838044,0.06213189,0.06616495,0.07052972,0.07517650
0.03999140,0.04397534,0.04770663,0.05128983,0.05482406,0.05842185,0.06221251,0.06631657,0.07078909,0.07557244
0.03999274,0.04398649,0.04772837,0.05132414,0.05487491,0.05849690,0.06232438,0.06648128,0.07102045,0.07587589
0.03999122,0.04398857,0.04773412,0.05133395,0.05488808,0.05850943,0.06232592,0.06645350,0.07094047,0.07572469
0.03999425,0.04399858,0.04774906,0.05134906,0.05489237,0.05848083,0.06222687,0.06623255,0.07054576,0.07512355
0.03999548,0.04400558,0.04776076,0.05136266,0.05490253,0.05847899,0.06220087,0.06616774,0.07042858,0.07494598
0.04000057,0.04401566,0.04777761,0.05139068,0.05495037,0.05856235,0.06234521,0.06640728,0.07079802,0.07546796
0.04000161,0.04402126,0.04778928,0.05141236,0.05499150,0.05864338,0.06250324,0.06669552,0.07127185,0.07616349
0.04001115,0.04403382,0.04780235,0.05142400,0.05499973,0.05864532,0.06249452,0.06667074,0.07122665,0.07609677
0.04001180,0.04403782,0.04780761,0.05142891,0.05500378,0.05865125,0.06251171,0.06671730,0.07132572,0.07626713
0.04001326,0.04404259,0.04781149,0.05142514,0.05498110,0.05859115,0.06238645,0.06649247,0.07097052,0.07576669
0.04000715,0.04403911,0.04780691,0.05141383,0.05495192,0.05852151,0.06223547,0.06620029,0.07047225,0.07501700
0.04001028,0.04404775,0.04781966,0.05142566,0.05495240,0.05849226,0.06214801,0.06601770,0.07015804,0.07454788
0.04001535,0.04405954,0.04783785,0.05144825,0.05497258,0.05849288,0.06209509,0.06585765,0.06982579,0.07398619
0.04001928,0.04406890,0.04785025,0.05146007,0.05497741,0.05848045,0.06205107,0.06576535,0.06967009,0.07375818
0.04001213,0.04406648,0.04785531,0.05147912,0.05502441,0.05858222,0.06225246,0.06612891,0.07026433,0.07463667
0.04000492,0.04406295,0.04785682,0.05148928,0.05504920,0.05862890,0.06232675,0.06623062,0.07038428,0.07475839
0.04001369,0.04407716,0.04787948,0.05152615,0.05511215,0.05874030,0.06252340,0.06656304,0.07090624,0.07550975
0.04001336,0.04408242,0.04789048,0.05154345,0.05513888,0.05878550,0.06260580,0.06671191,0.07115488,0.07588326
0.04001846,0.04409274,0.04790507,0.05156184,0.05516278,0.05882235,0.06267327,0.06683934,0.07137651,0.07622489
0.04001645,0.04409513,0.04791046,0.05156763,0.05516538,0.05881761,0.06265779,0.06681279,0.07134344,0.07619347
0.04000130,0.04407873,0.04789300,0.05154997,0.05514677,0.05879257,0.06261219,0.06672242,0.07117963,0.07593471
0.04000315,0.04408352,0.04790130,0.05156210,0.05516369,0.05881733,0.06265202,0.06678992,0.07129052,0.07610216
0.03999803,0.04407989,0.04789560,0.05154767,0.05512886,0.05874119,0.06249978,0.06651360,0.07084100,0.07544803
0.03999620,0.04408334,0.04790354,0.05156101,0.05515028,0.05877471,0.06254996,0.06658375,0.07093105,0.07555375
0.03998693,0.04407752,0.04789970,0.05155930,0.05515541,0.05880206,0.06263303,0.06677648,0.07129554,0.07613645
0.03997777,0.04407332,0.04790019,0.05156610,0.05517417,0.05884515,0.06272176,0.06693913,0.07155842,0.07651266
0.03997835,0.04408242,0.04791725,0.05158912,0.05519639,0.05884972,0.06267631,0.06679638,0.07126929,0.07604629
0.03997206,0.04408061,0.04792075,0.05160007,0.05522078,0.05890209,0.06278526,0.06700530,0.07162523,0.07658073
0.03997755,0.04409684,0.04795065,0.05164638,0.05528541,0.05898558,0.06288614,0.06711945,0.07174627,0.07670212
0.03997526,0.04409862,0.04795628,0.05165581,0.05529832,0.05900073,0.06290067,0.06712880,0.07174557,0.07668849
0.03997642,0.04410660,0.04797185,0.05167957,0.05533084,0.05904383,0.06295969,0.06721455,0.07187306,0.07687147
0.03997940,0.04411497,0.04798370,0.05169340,0.05534462,0.05905267,0.06295268,0.06717347,0.07177680,0.07670500
0.03997682,0.04411579,0.04798668,0.05169698,0.05534790,0.05905690,0.06296342,0.06720202,0.07183834,0.07681273
0.03997942,0.04412689,0.04800879,0.05173274,0.05539950,0.05912609,0.06305237,0.06731446,0.07197931,0.07698646
0.03997142,0.04412398,0.04801168,0.05174237,0.05541503,0.05914135,0.06305090,0.06726670,0.07184855,0.07674331
0.03998064,0.04414003,0.04803379,0.05177037,0.05544854,0.05917783,0.06308276,0.06727930,0.07182246,0.07666132
0.03998733,0.04415126,0.04804916,0.05178900,0.05546989,0.05920204,0.06311061,0.06731192,0.07186068,0.07670525
0.03998577,0.04415592,0.04805746,0.05179482,0.05546023,0.05915225,0.06298044,0.06704800,0.07141071,0.07603773
0.03997904,0.04415621,0.04806419,0.05180715,0.05547525,0.05916257,0.06297175,0.06699918,0.07129887,0.07584679
0.03998340,0.04416237,0.04806928,0.05180857,0.05547071,0.05914995,0.06294927,0.06696577,0.07125474,0.07579345
0.03998416,0.04416478,0.04807328,0.05181622,0.05548781,0.05918818,0.06302796,0.06711106,0.07149352,0.07614402
0.03998036,0.04416372,0.04807526,0.05182166,0.05549842,0.05920824,0.06306474,0.06717358,0.07158923,0.07627542
0.03998345,0.04417658,0.04810051,0.05186259,0.05556223,0.05931060,0.06323477,0.06745408,0.07202625,0.07690052
0.03998542,0.04418314,0.04811309,0.05188275,0.05559128,0.05934965,0.06328478,0.06751571,0.07209966,0.07698523
0.03999720,0.04419511,0.04812466,0.05189250,0.05559495,0.05933715,0.06323705,0.06740449,0.07189396,0.07666254
0.03999669,0.04419849,0.04813206,0.05190373,0.05560756,0.05934373,0.06322186,0.06734216,0.07175420,0.07642041
0.03999552,0.04419965,0.04813308,0.05189823,0.05558298,0.05927794,0.06308014,0.06707888,0.07132340,0.07579163
0.03999893,0.04420844,0.04815052,0.05192777,0.05562840,0.05934250,0.06316418,0.06717660,0.07142144,0.07587213
0.04000353,0.04421940,0.04816685,0.05194757,0.05564777,0.05935477,0.06315995,0.06714514,0.07135361,0.07576344
0.04000764,0.04422727,0.04817714,0.05196045,0.05566678,0.05939034,0.06323396,0.06729287,0.07161806,0.07618191
0.04000090,0.04422022,0.04816896,0.05195166,0.05566039,0.05939375,0.06326074,0.06736281,0.07175295,0.07639815
0.03999674,0.04422189,0.04817381,0.05195934,0.05567342,0.05941834,0.06330671,0.06744103,0.07187044,0.07655408
0.03999098,0.04421771,0.04817102,0.05195813,0.05567318,0.05941559,0.06329210,0.06739717,0.07177392,0.07638248
0.03998410,0.04421750,0.04817735,0.05197174,0.05569699,0.05945653,0.06336269,0.06751496,0.07195703,0.07664291
0.03999469,0.04423444,0.04819761,0.05199140,0.05570867,0.05944489,0.06329939,0.06735754,0.07165723,0.07616251
0.03999838,0.04424125,0.04820459,0.05199330,0.05569713,0.05940698,0.06321650,0.06720682,0.07141690,0.07581899
0.03999695,0.04424622,0.04821636,0.05201261,0.05572534,0.05944637,0.06327095,0.06728234,0.07152110,0.07595901
0.03998313,0.04423790,0.04821318,0.05201358,0.05572730,0.05944238,0.06324912,0.06722626,0.07141311,0.07578549
0.03999084,0.04425111,0.04823065,0.05203167,0.05573722,0.05942534,0.06317064,0.06703400,0.07104391,0.07518153
0.03998616,0.04425185,0.04823668,0.05204562,0.05576552,0.05947964,0.06326831,0.06719586,0.07128845,0.07551823
0.03998695,0.04425431,0.04823996,0.05204718,0.05575948,0.05945545,0.06321003,0.06708311,0.07110000,0.07523711
0.03999114,0.04426751,0.04826158,0.05207698,0.05579669,0.05949728,0.06324965,0.06710813,0.07109297,0.07517894
0.03999115,0.04427417,0.04827416,0.05209450,0.05581854,0.05952351,0.06328092,0.06714546,0.07113740,0.07523125
0.03999350,0.04428458,0.04828960,0.05211192,0.05583479,0.05953627,0.06329039,0.06715617,0.07115889,0.07527648
0.03999171,0.04428400,0.04828959,0.05211106,0.05583083,0.05952585,0.06326829,0.06711453,0.07108718,0.07516299
0.03999205,0.04429042,0.04829983,0.05212067,0.05583207,0.05950606,0.06320881,0.06699167,0.07087655,0.07484579
0.03999613,0.04429916,0.04831199,0.05213650,0.05585500,0.05954443,0.06327684,0.06710846,0.07106239,0.07511697
0.03999752,0.04430398,0.04831766,0.05213875,0.05584725,0.05951693,0.06321568,0.06699565,0.07087806,0.07484334
0.04000293,0.04431402,0.04833075,0.05215263,0.05585748,0.05951489,0.06318713,0.06692127,0.07073711,0.07461943
0.04000398,0.04432131,0.04834394,0.05217213,0.05588489,0.05955316,0.06324016,0.06699277,0.07082922,0.07473176
0.04000697,0.04433171,0.04836283,0.05220215,0.05592988,0.05961812,0.06333089,0.06711493,0.07098712,0.07492756
0.04000618,0.04433187,0.04836248,0.05220072,0.05592691,0.05961185,0.06331680,0.06708512,0.07093125,0.07483536
0.04000139,0.04433045,0.04836171,0.05219679,0.05591388,0.05958116,0.06325727,0.06698389,0.07077562,0.07461484
0.04000082,0.04432688,0.04835007,0.05217134,0.05586806,0.05950802,0.06315054,0.06683933,0.07059213,0.07439459
0.04000431,0.04433945,0.04837283,0.05220571,0.05591559,0.05956956,0.06322474,0.06692129,0.07067324,0.07446414
0.04001119,0.04435421,0.04839599,0.05223864,0.05596138,0.05963374,0.06331569,0.06704964,0.07084971,0.07469662
0.04000748,0.04435460,0.04839650,0.05223340,0.05594158,0.05958672,0.06322479,0.06689553,0.07061358,0.07436416
0.04000740,0.04435759,0.04840194,0.05224011,0.05594757,0.05958864,0.06321718,0.06687043,0.07056109,0.07427402
0.04001741,0.04437199,0.04841873,0.05225648,0.05595970,0.05959137,0.06320375,0.06683262,0.07049024,0.07416261
0.04002815,0.04439016,0.04844314,0.05228723,0.05599932,0.05964598,0.06328366,0.06695195,0.07066497,0.07440767
0.04003185,0.04440189,0.04846093,0.05230805,0.05601867,0.05965803,0.06328184,0.06693008,0.07061883,0.07433600
0.04003895,0.04441598,0.04848266,0.05234008,0.05606599,0.05972790,0.06338320,0.06707225,0.07080975,0.07458085
0.04004629,0.04443034,0.04850266,0.05236225,0.05608508,0.05973749,0.06337656,0.06704355,0.07075535,0.07450024
0.04004158,0.04443059,0.04850690,0.05236865,0.05609196,0.05974427,0.06338506,0.06705942,0.07078862,0.07456417
0.04004143,0.04443398,0.04851240,0.05237335,0.05609214,0.05973627,0.06336651,0.06703034,0.07075199,0.07452539
0.04004945,0.04444201,0.04852097,0.05238232,0.05610020,0.05974087,0.06336456,0.06701968,0.07073301,0.07450187
0.04004720,0.04444377,0.04852800,0.05239645,0.05612494,0.05978339,0.06343782,0.06714361,0.07093301,0.07480429
0.04005148,0.04445066,0.04853789,0.05241033,0.05614413,0.05980969,0.06347390,0.06719324,0.07100071,0.07489421
0.04005451,0.04445989,0.04855202,0.05242844,0.05616607,0.05983588,0.06350483,0.06722887,0.07103987,0.07493450
0.04005738,0.04446717,0.04856278,0.05244064,0.05617337,0.05982333,0.06344439,0.06707712,0.07074111,0.07443014
0.04006080,0.04447497,0.04857649,0.05246149,0.05620223,0.05986069,0.06349042,0.06713174,0.07080419,0.07450162
0.04004651,0.04446833,0.04857721,0.05247047,0.05622084,0.05989044,0.06353254,0.06718655,0.07087023,0.07457506
0.04004096,0.04446984,0.04858785,0.05249285,0.05625891,0.05994980,0.06362061,0.06731227,0.07104313,0.07480367
0.04003902,0.04447099,0.04859209,0.05250066,0.05627292,0.05997681,0.06367347,0.06741049,0.07121110,0.07506627
0.04004739,0.04448222,0.04860386,0.05251005,0.05627707,0.05997362,0.06366220,0.06739224,0.07118875,0.07504378
0.04004128,0.04447391,0.04859277,0.05249649,0.05626308,0.05996384,0.06366451,0.06741749,0.07124901,0.07514952
0.04003859,0.04447440,0.04859760,0.05250861,0.05628840,0.06001315,0.06375527,0.06757382,0.07149838,0.07551671
0.04003110,0.04447291,0.04860473,0.05252724,0.05632136,0.06006323,0.06382528,0.06766660,0.07161647,0.07566169
0.04002298,0.04447120,0.04860881,0.05253502,0.05632741,0.06005674,0.06378878,0.06757694,0.07144924,0.07539767
0.04002456,0.04447756,0.04861821,0.05254444,0.05633181,0.06004856,0.06375822,0.06751341,0.07134404,0.07524679
0.04002202,0.04448142,0.04863040,0.05256573,0.05636139,0.06008378,0.06379447,0.06754459,0.07136362,0.07524916
0.04001351,0.04447478,0.04862477,0.05255966,0.05635334,0.06007300,0.06378158,0.06753151,0.07135278,0.07524253
0.04000788,0.04447531,0.04862833,0.05256184,0.05634802,0.06005190,0.06373419,0.06744594,0.07121774,0.07504987
0.04000986,0.04448035,0.04863574,0.05256970,0.05635285,0.06004784,0.06371205,0.06739284,0.07111832,0.07488908
0.04000707,0.04448189,0.04864190,0.05257981,0.05636385,0.06005270,0.06369872,0.06734452,0.07101553,0.07471329
0.04000216,0.04448132,0.04864744,0.05259429,0.05639271,0.06010560,0.06379075,0.06749620,0.07125079,0.07505528
0.03999163,0.04447408,0.04864072,0.05258178,0.05636264,0.06003918,0.06366188,0.06727364,0.07090329,0.07455860
0.03999141,0.04448229,0.04866233,0.05262367,0.05643307,0.06014772,0.06381933,0.06749135,0.07119160,0.07492454
0.03999346,0.04449062,0.04867657,0.05264299,0.05645617,0.06017254,0.06384306,0.06751079,0.07120388,0.07492794
0.03999412,0.04449590,0.04868557,0.05265507,0.05647049,0.06018718,0.06385382,0.06751041,0.07118204,0.07487256
0.03998433,0.04449019,0.04868205,0.05264965,0.05645611,0.06015238,0.06378180,0.06737934,0.07096758,0.07455204
0.03998377,0.04449628,0.04869185,0.05266001,0.05646377,0.06015482,0.06377835,0.06737219,0.07096226,0.07455702
0.03998263,0.04450244,0.04870634,0.05268668,0.05650945,0.06022928,0.06389404,0.06754347,0.07120373,0.07488122
0.03998203,0.04450547,0.04871458,0.05270146,0.05653112,0.06025638,0.06392230,0.06756504,0.07120738,0.07485374
0.03997509,0.04449991,0.04870626,0.05268484,0.05649856,0.06019776,0.06382524,0.06741611,0.07099431,0.07456814
0.03996838,0.04449515,0.04870295,0.05268217,0.05649464,0.06018890,0.06380561,0.06737798,0.07092886,0.07446692
0.03997908,0.04451678,0.04873887,0.05273728,0.05657546,0.06030410,0.06396672,0.06759952,0.07122746,0.07485907
0.03997126,0.04450880,0.04872955,0.05272512,0.05655843,0.06027958,0.06393167,0.06755115,0.07116420,0.07478164
0.03998111,0.04452256,0.04874740,0.05274877,0.05659140,0.06032695,0.06399939,0.06764511,0.07128937,0.07494141
0.03998278,0.04453613,0.04877073,0.05277993,0.05662818,0.06036620,0.06403625,0.06767238,0.07129727,0.07491829
0.03999166,0.04455293,0.04879265,0.05280501,0.05665608,0.06039850,0.06407615,0.06772391,0.07136429,0.07500343
0.03998506,0.04454750,0.04878854,0.05280254,0.05665550,0.06039928,0.06407601,0.06771807,0.07134525,0.07496177
0.03998277,0.04454522,0.04878805,0.05280611,0.05666750,0.06042812,0.06413571,0.06782861,0.07153083,0.07524685
0.03999038,0.04456088,0.04881308,0.05284284,0.05671972,0.06050114,0.06423628,0.06796432,0.07170922,0.07547411
0.03998399,0.04455872,0.04881792,0.05286095,0.05676216,0.06058518,0.06438621,0.06821027,0.07208287,0.07600216
0.03997797,0.04455295,0.04881404,0.05285968,0.05676276,0.06058452,0.06437747,0.06818203,0.07201968,0.07588706
0.03996814,0.04455024,0.04881981,0.05287507,0.05678754,0.06061533,0.06440595,0.06819408,0.07199678,0.07580991
0.03996133,0.04454413,0.04881227,0.05286337,0.05676834,0.06058470,0.06435954,0.06812772,0.07190760,0.07569732
0.03996214,0.04455173,0.04882640,0.05288481,0.05679649,0.06061478,0.06438008,0.06811957,0.07184538,0.07555358
0.03995836,0.04455184,0.04882874,0.05288776,0.05679863,0.06061548,0.06438037,0.06812280,0.07185733,0.07558166
0.03996329,0.04456061,0.04883955,0.05289738,0.05680142,0.06060249,0.06433893,0.06803674,0.07170818,0.07535081
0.03997056,0.04457610,0.04886255,0.05292650,0.05683395,0.06063325,0.06435899,0.06803264,0.07166227,0.07524298
0.03998117,0.04459468,0.04888664,0.05295444,0.05686451,0.06066562,0.06439292,0.06806871,0.07170197,0.07528846
0.03998250,0.04459920,0.04889273,0.05296031,0.05686776,0.06066337,0.06438250,0.06804854,0.07167241,0.07525228
0.03999143,0.04460969,0.04890304,0.05296693,0.05686535,0.06064514,0.06434073,0.06797526,0.07156027,0.07509538
0.03999368,0.04461634,0.04891376,0.05298064,0.05688140,0.06066476,0.06436815,0.06801816,0.07162907,0.07520161
0.03998887,0.04461501,0.04891650,0.05298838,0.05689726,0.06069622,0.06442860,0.06812708,0.07181014,0.07547881
0.03999202,0.04462130,0.04892217,0.05298936,0.05688834,0.06067013,0.06437557,0.06803507,0.07166609,0.07527064
0.03999079,0.04462343,0.04892864,0.05300359,0.05691549,0.06071651,0.06444759,0.06813775,0.07180135,0.07543611
0.03998208,0.04461704,0.04892416,0.05300107,0.05691535,0.06071963,0.06445541,0.06815237,0.07182552,0.07547312
0.03996511,0.04460177,0.04891229,0.05299249,0.05690861,0.06071189,0.06444226,0.06812775,0.07178229,0.07540414
0.03995910,0.04460024,0.04891630,0.05300388,0.05693041,0.06074893,0.06450146,0.06821793,0.07191312,0.07558458
0.03996875,0.04461449,0.04893333,0.05302410,0.05695564,0.06078139,0.06454264,0.06826747,0.07196825,0.07564043
0.03995617,0.04460709,0.04892899,0.05301972,0.05694574,0.06075742,0.06449296,0.06817835,0.07182592,0.07543367
0.03995922,0.04461822,0.04895146,0.05305704,0.05700122,0.06083323,0.06458882,0.06829036,0.07194633,0.07555180
0.03995547,0.04462038,0.04895972,0.05306948,0.05701266,0.06083468,0.06456750,0.06823053,0.07183078,0.07536387
0.03995991,0.04462805,0.04896959,0.05307917,0.05701861,0.06083235,0.06455177,0.06819616,0.07177307,0.07527936
0.03995946,0.04463378,0.04897992,0.05309172,0.05702976,0.06083712,0.06454392,0.06816855,0.07171836,0.07519087
0.03996574,0.04464706,0.04899880,0.05311420,0.05705279,0.06085569,0.06455033,0.06815255,0.07166808,0.07509449
0.03997089,0.04465295,0.04900258,0.05311078,0.05703528,0.06081566,0.06447812,0.06803790,0.07150115,0.07486685
0.03996949,0.04465351,0.04900298,0.05310854,0.05702667,0.06079512,0.06443832,0.06797026,0.07139674,0.07471754
0.03998085,0.04466744,0.04902011,0.05313026,0.05705444,0.06082961,0.06447861,0.06801324,0.07143696,0.07474749
0.03998020,0.04467153,0.04902854,0.05314125,0.05706458,0.06083424,0.06447238,0.06799066,0.07139281,0.07467704
0.03998400,0.04468158,0.04904477,0.05316259,0.05708877,0.06085795,0.06449158,0.06800116,0.07139080,0.07465951
0.03999171,0.04469540,0.04906496,0.05318881,0.05711956,0.06089084,0.06452350,0.06802892,0.07141153,0.07467097
0.03999364,0.04470545,0.04908631,0.05322528,0.05717508,0.06096897,0.06462693,0.06815912,0.07156864,0.07485394
0.03999484,0.04470794,0.04909008,0.05322865,0.05717383,0.06095632,0.06459412,0.06809660,0.07146738,0.07470674
0.04000477,0.04472167,0.04910574,0.05324376,0.05718448,0.06095699,0.06457821,0.06805722,0.07139837,0.07460332
0.04000707,0.04473220,0.04912471,0.05327057,0.05721752,0.06099361,0.06461487,0.06808979,0.07142237,0.07461412
0.04000411,0.04473568,0.04913465,0.05328545,0.05723394,0.06100690,0.06462009,0.06808274,0.07140045,0.07457676
0.04000780,0.04474365,0.04914752,0.05330357,0.05725760,0.06103689,0.06465831,0.06813271,0.07146741,0.07466734
0.04000996,0.04475061,0.04915834,0.05331959,0.05728231,0.06107545,0.06471673,0.06821668,0.07158105,0.07481234
0.04000952,0.04475022,0.04915229,0.05330232,0.05724716,0.06101458,0.06462192,0.06808064,0.07139867,0.07458153
0.03999768,0.04474310,0.04915186,0.05331178,0.05727094,0.06105874,0.06469459,0.06819227,0.07156203,0.07481132
0.04000490,0.04475418,0.04916740,0.05333288,0.05729896,0.06109549,0.06474290,0.06825652,0.07164841,0.07492756
0.04001107,0.04476661,0.04918509,0.05335416,0.05732202,0.06111873,0.06476513,0.06827728,0.07166801,0.07494694
0.04000753,0.04476539,0.04918726,0.05336068,0.05733296,0.06113217,0.06477648,0.06827900,0.07164990,0.07489696
0.04000745,0.04476705,0.04918892,0.05336072,0.05732999,0.06112545,0.06476627,0.06826654,0.07163704,0.07488557
0.04000403,0.04476599,0.04918913,0.05336152,0.05733014,0.06112165,0.06475180,0.06823063,0.07156524,0.07476098
0.03999791,0.04476291,0.04918683,0.05335726,0.05732057,0.06110221,0.06471630,0.06817120,0.07147282,0.07462607
0.03998910,0.04475482,0.04918006,0.05335367,0.05732316,0.06111450,0.06474127,0.06821025,0.07152506,0.07468814
0.03998343,0.04474710,0.04917082,0.05334423,0.05731590,0.06111279,0.06474909,0.06823179,0.07156417,0.07474800
0.03997848,0.04474541,0.04917238,0.05334986,0.05732631,0.06112813,0.06476884,0.06825487,0.07158929,0.07477402
0.03997163,0.04473975,0.04916684,0.05334231,0.05731404,0.06110792,0.06473682,0.06820631,0.07151860,0.07467506
0.03996563,0.04473552,0.04916523,0.05334397,0.05731968,0.06111836,0.06475276,0.06822813,0.07154613,0.07470748
0.03995496,0.04472484,0.04915265,0.05332814,0.05729985,0.06109420,0.06472415,0.06819497,0.07150833,0.07466493
0.03994526,0.04472102,0.04915620,0.05333953,0.05731920,0.06112151,0.06475927,0.06823745,0.07155733,0.07471922
0.03993285,0.04471126,0.04914591,0.05332480,0.05729531,0.06108318,0.06470115,0.06815471,0.07144598,0.07457623
0.03993316,0.04471929,0.04916021,0.05334276,0.05731377,0.06109866,0.06471010,0.06815370,0.07143202,0.07454708
0.03993389,0.04471782,0.04915392,0.05332988,0.05729239,0.06106672,0.06466568,0.06809545,0.07135952,0.07446104
0.03993376,0.04472076,0.04916047,0.05333988,0.05730433,0.06107772,0.06467208,0.06809359,0.07134642,0.07443485
0.03993498,0.04472613,0.04916964,0.05335355,0.05732450,0.06110772,0.06471623,0.06815662,0.07143295,0.07454891
0.03994000,0.04473610,0.04918315,0.05336940,0.05734179,0.06112652,0.06473823,0.06818548,0.07147429,0.07460999
0.03994407,0.04474471,0.04919854,0.05339431,0.05737911,0.06117982,0.06481256,0.06828814,0.07161516,0.07480136
0.03994645,0.04474932,0.04920574,0.05340324,0.05738673,0.06118051,0.06479801,0.06824760,0.07153597,0.07466981
0.03994194,0.04474688,0.04920459,0.05340117,0.05738046,0.06116590,0.06477053,0.06820275,0.07146970,0.07457877
0.03992646,0.04473017,0.04918543,0.05337846,0.05735354,0.06113457,0.06473473,0.06816219,0.07142337,0.07452462
0.03992085,0.04472926,0.04918784,0.05338115,0.05735194,0.06112283,0.06470618,0.06810982,0.07134033,0.07440450
0.03992522,0.04473777,0.04919848,0.05339146,0.05735879,0.06112253,0.06469460,0.06808245,0.07129241,0.07433133
0.03992822,0.04474735,0.04921566,0.05341765,0.05739552,0.06117126,0.06475664,0.06815901,0.07138466,0.07444048
0.03991036,0.04473296,0.04920856,0.05342346,0.05742096,0.06122296,0.06483992,0.06827702,0.07153792,0.07462682
0.03990870,0.04473276,0.04920865,0.05342275,0.05741915,0.06122094,0.06483999,0.06828286,0.07155445,0.07465996
0.03990614,0.04473548,0.04921351,0.05342842,0.05742552,0.06122862,0.06484988,0.06829571,0.07157065,0.07467944
0.03990711,0.04474019,0.04922235,0.05344407,0.05745282,0.06127466,0.06492397,0.06840945,0.07173766,0.07491489
0.03989364,0.04473087,0.04921527,0.05343693,0.05744257,0.06125708,0.06489373,0.06836030,0.07166290,0.07480787
0.03989329,0.04473133,0.04921601,0.05343682,0.05743988,0.06124996,0.06488084,0.06834148,0.07163961,0.07478322
0.03989434,0.04473640,0.04922753,0.05345704,0.05747041,0.06129094,0.06493029,0.06839514,0.07169121,0.07482514
0.03988993,0.04473605,0.04923263,0.05346979,0.05749354,0.06132747,0.06498354,0.06846896,0.07179028,0.07495517
0.03989553,0.04474636,0.04924743,0.05348983,0.05752052,0.06136399,0.06503268,0.06853354,0.07187211,0.07505444
0.03989367,0.04474391,0.04924552,0.05349010,0.05752580,0.06137900,0.06506455,0.06859207,0.07196957,0.07520503
0.03989202,0.04474458,0.04924845,0.05349497,0.05753163,0.06138379,0.06506477,0.06858225,0.07194209,0.07515034
0.03989910,0.04475052,0.04925153,0.05349342,0.05752199,0.06135952,0.06501551,0.06849374,0.07179683,0.07492858
0.03989722,0.04475086,0.04925250,0.05349534,0.05752681,0.06137070,0.06503808,0.06853436,0.07186374,0.07503137
0.03989133,0.04475187,0.04925945,0.05350490,0.05753310,0.06136588,0.06501333,0.06848086,0.07177344,0.07489742
0.03988159,0.04473965,0.04923930,0.05347236,0.05748502,0.06130028,0.06492899,0.06837702,0.07164955,0.07475313
0.03987996,0.04473937,0.04923963,0.05347164,0.05748053,0.06128874,0.06490728,0.06834287,0.07160214,0.07469350
0.03988996,0.04475485,0.04926177,0.05350259,0.05752322,0.06134669,0.06498437,0.06844316,0.07172973,0.07485243
0.03989042,0.04476102,0.04927248,0.05351619,0.05753826,0.06136283,0.06500329,0.06846907,0.07176939,0.07491467
0.03989642,0.04477146,0.04928741,0.05353604,0.05756336,0.06139292,0.06503705,0.06850382,0.07180088,0.07493702
0.03990569,0.04478522,0.04930614,0.05355986,0.05759117,0.06142210,0.06506360,0.06852281,0.07180711,0.07492560
0.03989949,0.04478668,0.04931344,0.05356981,0.05759972,0.06142483,0.06505620,0.06850140,0.07176830,0.07486644
0.03989559,0.04477944,0.04930073,0.05354922,0.05756851,0.06137986,0.06499395,0.06841781,0.07165870,0.07472550
0.03990342,0.04479087,0.04931632,0.05357026,0.05759680,0.06141785,0.06504465,0.06848459,0.07174492,0.07483406
0.03989885,0.04479374,0.04932645,0.05358813,0.05762259,0.06145062,0.06508199,0.06852276,0.07177924,0.07485946
0.03990319,0.04480757,0.04934918,0.05362099,0.05766840,0.06151344,0.06516663,0.06863426,0.07192250,0.07503886
0.03989770,0.04480194,0.04934111,0.05360841,0.05765011,0.06148923,0.06513705,0.06860026,0.07188507,0.07499880
0.03990227,0.04481656,0.04936864,0.05365230,0.05771260,0.06157001,0.06523255,0.06870373,0.07198718,0.07508861
0.03991590,0.04483341,0.04938823,0.05367484,0.05773882,0.06160093,0.06526922,0.06874685,0.07203677,0.07514386
0.03991184,0.04482875,0.04938392,0.05367297,0.05774171,0.06161080,0.06528818,0.06877712,0.07208091,0.07520493
0.03990629,0.04482678,0.04938382,0.05367272,0.05773894,0.06160267,0.06527124,0.06874705,0.07203241,0.07513164
0.03990244,0.04482732,0.04938838,0.05368043,0.05774854,0.06161256,0.06527973,0.06875275,0.07203453,0.07513023
0.03990871,0.04484568,0.04942125,0.05373047,0.05781870,0.06170590,0.06539913,0.06890079,0.07221330,0.07534126
0.03990086,0.04484430,0.04942726,0.05374453,0.05784111,0.06173616,0.06543558,0.06894038,0.07225183,0.07537372
0.03990081,0.04485176,0.04944058,0.05376252,0.05786279,0.06176083,0.06546287,0.06897023,0.07228432,0.07540897
0.03989914,0.04485789,0.04945862,0.05379810,0.05792226,0.06185029,0.06558734,0.06913318,0.07248750,0.07565252
0.03990177,0.04486319,0.04946653,0.05380827,0.05793364,0.06186105,0.06559523,0.06913577,0.07248235,0.07563716
0.03989601,0.04485666,0.04945797,0.05379775,0.05792287,0.06185313,0.06559402,0.06914525,0.07250603,0.07567772
0.03990309,0.04487076,0.04947947,0.05382680,0.05795966,0.06189783,0.06564685,0.06920655,0.07257640,0.07575814
0.03989719,0.04486320,0.04946887,0.05381176,0.05793847,0.06186823,0.06560594,0.06915093,0.07250243,0.07566233
0.03989775,0.04487399,0.04949194,0.05384932,0.05799234,0.06193964,0.06569551,0.06925890,0.07262890,0.07580736
0.03990749,0.04488620,0.04950501,0.05386203,0.05800421,0.06195097,0.06570712,0.06927177,0.07264387,0.07582489
0.03990539,0.04488270,0.04950015,0.05385763,0.05800368,0.06195877,0.06572798,0.06930999,0.07270277,0.07590662
0.03990196,0.04487908,0.04949458,0.05384786,0.05798733,0.06193387,0.06569347,0.06926591,0.07265034,0.07584804
0.03990464,0.04488354,0.04950142,0.05385579,0.05799414,0.06193770,0.06569393,0.06926462,0.07265092,0.07585578
0.03989968,0.04488081,0.04949945,0.05385396,0.05799287,0.06193849,0.06569919,0.06927728,0.07267395,0.07589167
0.03989493,0.04488184,0.04950760,0.05387000,0.05801704,0.06197066,0.06573905,0.06932458,0.07272862,0.07595390
0.03989686,0.04488843,0.04951816,0.05388510,0.05803870,0.06200281,0.06578772,0.06939787,0.07283636,0.07610708
0.03989458,0.04489168,0.04952394,0.05389210,0.05804600,0.06200862,0.06578864,0.06938857,0.07280973,0.07605456
0.03989097,0.04489462,0.04953194,0.05390334,0.05805813,0.06201922,0.06579599,0.06939234,0.07281125,0.07605679
0.03989398,0.04490102,0.04954147,0.05391598,0.05807334,0.06203572,0.06581192,0.06940569,0.07282031,0.07606052
0.03989290,0.04490152,0.04954449,0.05392442,0.05809144,0.06206803,0.06586222,0.06947631,0.07291186,0.07617196
0.03989840,0.04491141,0.04955794,0.05394148,0.05811359,0.06209852,0.06590608,0.06953990,0.07300230,0.07629648
0.03989359,0.04490928,0.04955647,0.05393929,0.05811045,0.06209590,0.06590713,0.06954891,0.07302383,0.07633439
0.03989955,0.04491419,0.04955912,0.05393821,0.05810463,0.06208535,0.06589333,0.06953497,0.07301430,0.07633484
0.03990077,0.04491884,0.04956886,0.05395598,0.05813530,0.06213577,0.06597233,0.06965310,0.07318334,0.07656694
0.03989830,0.04492377,0.04958124,0.05397622,0.05816424,0.06217469,0.06602300,0.06971783,0.07326482,0.07666801
0.03990204,0.04492920,0.04958850,0.05398461,0.05817202,0.06217885,0.06601939,0.06970144,0.07323021,0.07660981
0.03989336,0.04492467,0.04958820,0.05398972,0.05818437,0.06220035,0.06605117,0.06974312,0.07327951,0.07666262
0.03989719,0.04493737,0.04961290,0.05403182,0.05825225,0.06230572,0.06620858,0.06996888,0.07359011,0.07707312
0.03990642,0.04495094,0.04963152,0.05405794,0.05828979,0.06236004,0.06628662,0.07007904,0.07374180,0.07727591
0.03990327,0.04495198,0.04963514,0.05406273,0.05829444,0.06236300,0.06628556,0.07007045,0.07372090,0.07723700
0.03989072,0.04494170,0.04962816,0.05406136,0.05830163,0.06238148,0.06631739,0.07011694,0.07378308,0.07731621
0.03989122,0.04494294,0.04962986,0.05406327,0.05830272,0.06237919,0.06630729,0.07009297,0.07373818,0.07724325
0.03989981,0.04495912,0.04965225,0.05409021,0.05833179,0.06240668,0.06632787,0.07009970,0.07372299,0.07719771
0.03989542,0.04496036,0.04966098,0.05411104,0.05837166,0.06247466,0.06643483,0.07025771,0.07394432,0.07749355
0.03989895,0.04496463,0.04966178,0.05410308,0.05834864,0.06242976,0.06636119,0.07014890,0.07379463,0.07729817
0.03989075,0.04495732,0.04965728,0.05410468,0.05836053,0.06245646,0.06640685,0.07021647,0.07388520,0.07741063
0.03988104,0.04495122,0.04965238,0.05409698,0.05834413,0.06242375,0.06634917,0.07012501,0.07375184,0.07722864
0.03988260,0.04495387,0.04965915,0.05411126,0.05836965,0.06246429,0.06640821,0.07020536,0.07385548,0.07735669
0.03988715,0.04496200,0.04967047,0.05412528,0.05838520,0.06247976,0.06642207,0.07021678,0.07386471,0.07736521
0.03989343,0.04496990,0.04968048,0.05413645,0.05839615,0.06248951,0.06643078,0.07022610,0.07387774,0.07738600
0.03989626,0.04497672,0.04968788,0.05414104,0.05839514,0.06248127,0.06641523,0.07020476,0.07385332,0.07736189
0.03989562,0.04498024,0.04969641,0.05415597,0.05841890,0.06251708,0.06646642,0.07027399,0.07394202,0.07746994
0.03989382,0.04498267,0.04970421,0.05417149,0.05844573,0.06255991,0.06653051,0.07036449,0.07406322,0.07762487
0.03989535,0.04498949,0.04971571,0.05418835,0.05847013,0.06259537,0.06658137,0.07043508,0.07415722,0.07774485
0.03989295,0.04498955,0.04971708,0.05418976,0.05847001,0.06259172,0.06657174,0.07041654,0.07412649,0.07769863
0.03989355,0.04499483,0.04972813,0.05420752,0.05849478,0.06262358,0.06661139,0.07046622,0.07419040,0.07778264
0.03989141,0.04498959,0.04971674,0.05418808,0.05846654,0.06258667,0.06656654,0.07041437,0.07413231,0.07771871
0.03989860,0.04500141,0.04973489,0.05421523,0.05850617,0.06264338,0.06664646,0.07052539,0.07428382,0.07792079
0.03989494,0.04500280,0.04973962,0.05422181,0.05851209,0.06264480,0.06663838,0.07050203,0.07423914,0.07784899
0.03989646,0.04501064,0.04975489,0.05424411,0.05853956,0.06267474,0.06666795,0.07052866,0.07426060,0.07786324
0.03989776,0.04501356,0.04975761,0.05424436,0.05853613,0.06266853,0.06666219,0.07052851,0.07427249,0.07789408
0.03990191,0.04502158,0.04976647,0.05425392,0.05854998,0.06269461,0.06671251,0.07061783,0.07441615,0.07810557
0.03990473,0.04502640,0.04977418,0.05426522,0.05856721,0.06272285,0.06676014,0.07069629,0.07453881,0.07828611
0.03989814,0.04502277,0.04977111,0.05426016,0.05855711,0.06270406,0.06672877,0.07064909,0.07447433,0.07820559
0.03988612,0.04501250,0.04976193,0.05425137,0.05854818,0.06269473,0.06671891,0.07063841,0.07446207,0.07819031
0.03989183,0.04502194,0.04977340,0.05426399,0.05856299,0.06271581,0.06675441,0.07070080,0.07456723,0.07835560
0.03988619,0.04502246,0.04978332,0.05428798,0.05860515,0.06277844,0.06683742,0.07080182,0.07468225,0.07847968
0.03988142,0.04502179,0.04978596,0.05429355,0.05861334,0.06278826,0.06684637,0.07080544,0.07467418,0.07845249
0.03987420,0.04502160,0.04979506,0.05431449,0.05864874,0.06284087,0.06691917,0.07090159,0.07479680,0.07860436
0.03986467,0.04501422,0.04979254,0.05432075,0.05866881,0.06288089,0.06698607,0.07100227,0.07493692,0.07878712
0.03986754,0.04502132,0.04980047,0.05432518,0.05866498,0.06286400,0.06695128,0.07094435,0.07484974,0.07866354
0.03986726,0.04502563,0.04980504,0.05432547,0.05865636,0.06284169,0.06691053,0.07088099,0.07476123,0.07854982
0.03986139,0.04502694,0.04981146,0.05433374,0.05866352,0.06284638,0.06691378,0.07088617,0.07477305,0.07857293
0.03986520,0.04503287,0.04982006,0.05434514,0.05867714,0.06286090,0.06692719,0.07089597,0.07477642,0.07856691
0.03986503,0.04504106,0.04983743,0.05437323,0.05871796,0.06291715,0.06700215,0.07099265,0.07489645,0.07870959
0.03986132,0.04503632,0.04983148,0.05436835,0.05871965,0.06293413,0.06704554,0.07107464,0.07502868,0.07890166
0.03987057,0.04505210,0.04985683,0.05440709,0.05877542,0.06300994,0.06714354,0.07119612,0.07517426,0.07907177
0.03986983,0.04505773,0.04986959,0.05442686,0.05880192,0.06304388,0.06718795,0.07125723,0.07526163,0.07919733
0.03986671,0.04505615,0.04987086,0.05443012,0.05880217,0.06303056,0.06714404,0.07115961,0.07508287,0.07890900
0.03985825,0.04505225,0.04987518,0.05444557,0.05882922,0.06306603,0.06718055,0.07118594,0.07508551,0.07887422
0.03986645,0.04506432,0.04988704,0.05445262,0.05882724,0.06305286,0.06715796,0.07116063,0.07506867,0.07887967
0.03985571,0.04506104,0.04989126,0.05446411,0.05884596,0.06307912,0.06719276,0.07120633,0.07512955,0.07896214
0.03985820,0.04506699,0.04990090,0.05447535,0.05885347,0.06307336,0.06715917,0.07112536,0.07497811,0.07871634
0.03986964,0.04508054,0.04991762,0.05449681,0.05888126,0.06310859,0.06720208,0.07117489,0.07503154,0.07876911
0.03986899,0.04508344,0.04992517,0.05450986,0.05889973,0.06313020,0.06722120,0.07118210,0.07501422,0.07871296
0.03985606,0.04507731,0.04992842,0.05452492,0.05892959,0.06317862,0.06729261,0.07128121,0.07514545,0.07887994
0.03985274,0.04507793,0.04993604,0.05454331,0.05896197,0.06322666,0.06735561,0.07135556,0.07522462,0.07895507
0.03985171,0.04507872,0.04993590,0.05454112,0.05895840,0.06322342,0.06735430,0.07135666,0.07522707,0.07895641
0.03984468,0.04507607,0.04994148,0.05456099,0.05900072,0.06329767,0.06747011,0.07152250,0.07544916,0.07923824
0.03984186,0.04507893,0.04995147,0.05458049,0.05903299,0.06334703,0.06754210,0.07162386,0.07558746,0.07942125
0.03984751,0.04509152,0.04997126,0.05460815,0.05907013,0.06339639,0.06760713,0.07170790,0.07569282,0.07954849
0.03984925,0.04509266,0.04997132,0.05460573,0.05906352,0.06338487,0.06759227,0.07169428,0.07568775,0.07956098
0.03984883,0.04509435,0.04997569,0.05461362,0.05907555,0.06340106,0.06761197,0.07171638,0.07571114,0.07958493
0.03985843,0.04510992,0.04999703,0.05464216,0.05911341,0.06345037,0.06767428,0.07179224,0.07579993,0.07968512
0.03985495,0.04511119,0.05000524,0.05466084,0.05914862,0.06351099,0.06777121,0.07193681,0.07600213,0.07995226
0.03986015,0.04511977,0.05001509,0.05466800,0.05914697,0.06349160,0.06772187,0.07184244,0.07584638,0.07971955
0.03986176,0.04511978,0.05001518,0.05466811,0.05914588,0.06348780,0.06771454,0.07183217,0.07583531,0.07971105
0.03986320,0.04512651,0.05002840,0.05468776,0.05917044,0.06351417,0.06773803,0.07184693,0.07583501,0.07968969
0.03986705,0.04513415,0.05003929,0.05470209,0.05919106,0.06354775,0.06779536,0.07194211,0.07598363,0.07990663
0.03986147,0.04513015,0.05003597,0.05469871,0.05918642,0.06353919,0.06777837,0.07191063,0.07593091,0.07982618
0.03986969,0.04514624,0.05006307,0.05474078,0.05924835,0.06362691,0.06789876,0.07207092,0.07613770,0.08008443
0.03986679,0.04514790,0.05006897,0.05475174,0.05926722,0.06365894,0.06795108,0.07215131,0.07625329,0.08024061
0.03986675,0.04514920,0.05006993,0.05475054,0.05926188,0.06364775,0.06793305,0.07212648,0.07622258,0.08020544
0.03986461,0.04515313,0.05007737,0.05475869,0.05926720,0.06364536,0.06791646,0.07208773,0.07615289,0.08009618
0.03986244,0.04515417,0.05008255,0.05477148,0.05929408,0.06369609,0.06800377,0.07222631,0.07635758,0.08038005
0.03986513,0.04516034,0.05009243,0.05478531,0.05931160,0.06371614,0.06802416,0.07224392,0.07636881,0.08038135
0.03987221,0.04516622,0.05009331,0.05477774,0.05929353,0.06368727,0.06798568,0.07219790,0.07631757,0.08032701
0.03987208,0.04517499,0.05011093,0.05480291,0.05932362,0.06371829,0.06801265,0.07221566,0.07632183,0.08031521
0.03987174,0.04517675,0.05011563,0.05480919,0.05932910,0.06372032,0.06800869,0.07220371,0.07630075,0.08028488
0.03986048,0.04516271,0.05009798,0.05478676,0.05930070,0.06368497,0.06796582,0.07215332,0.07624336,0.08022133
0.03985571,0.04516460,0.05010473,0.05479623,0.05931045,0.06369242,0.06796875,0.07215026,0.07623393,0.08020621
0.03985380,0.04516710,0.05011294,0.05481167,0.05933381,0.06372295,0.06800397,0.07218611,0.07626520,0.08022721
0.03986175,0.04518004,0.05013039,0.05483507,0.05936597,0.06376754,0.06806510,0.07226794,0.07637161,0.08036150
0.03986016,0.04518450,0.05013922,0.05484561,0.05937339,0.06376381,0.06803897,0.07220616,0.07626090,0.08019054
0.03986202,0.04518996,0.05014557,0.05484863,0.05936728,0.06374176,0.06799395,0.07213159,0.07615115,0.08004129
0.03986050,0.04518629,0.05013601,0.05482758,0.05932664,0.06367154,0.06788369,0.07197213,0.07593602,0.07976725
0.03986087,0.04518611,0.05013324,0.05481972,0.05931069,0.06364387,0.06784023,0.07190856,0.07584796,0.07965042
0.03985945,0.04518671,0.05013696,0.05482776,0.05932357,0.06366084,0.06785908,0.07192592,0.07585992,0.07965325
0.03986035,0.04518869,0.05014058,0.05483254,0.05932958,0.06366967,0.06787381,0.07195028,0.07589716,0.07970529
0.03986215,0.04519020,0.05014478,0.05484417,0.05935486,0.06371590,0.06794868,0.07206109,0.07604995,0.07990422
0.03986713,0.04519715,0.05015274,0.05485180,0.05936067,0.06371815,0.06794538,0.07205007,0.07602920,0.07987223
0.03986321,0.04519154,0.05014027,0.05482869,0.05932460,0.06366835,0.06788299,0.07197848,0.07595409,0.07980103
0.03984724,0.04517390,0.05011816,0.05480075,0.05929063,0.06362896,0.06783941,0.07193259,0.07590845,0.07975882
0.03984772,0.04517986,0.05012861,0.05481574,0.05931208,0.06366091,0.06788769,0.07200404,0.07600986,0.07989595
0.03984300,0.04517467,0.05012044,0.05480160,0.05928825,0.06362279,0.06782975,0.07192001,0.07589333,0.07974109
0.03984516,0.04517858,0.05012477,0.05480501,0.05928976,0.06362183,0.06782586,0.07191239,0.07588028,0.07971978
0.03983653,0.04517404,0.05012334,0.05480561,0.05929240,0.06362827,0.06784003,0.07194020,0.07592893,0.07979662
0.03984569,0.04518580,0.05013549,0.05481597,0.05929892,0.06362863,0.06783108,0.07191768,0.07588765,0.07973097
0.03984831,0.04519502,0.05015533,0.05484992,0.05935078,0.06370356,0.06793619,0.07206209,0.07608156,0.07998439
0.03984069,0.04519243,0.05015844,0.05486052,0.05937151,0.06373788,0.06798859,0.07213802,0.07618718,0.08012590
0.03983906,0.04519566,0.05016260,0.05486201,0.05936795,0.06372877,0.06797580,0.07212601,0.07618270,0.08013709
0.03983800,0.04519922,0.05016585,0.05485794,0.05934766,0.06368184,0.06789104,0.07199272,0.07599215,0.07988375
0.03983378,0.04520096,0.05017532,0.05487796,0.05938235,0.06373593,0.06796877,0.07209661,0.07612222,0.08003751
0.03984174,0.04521491,0.05019593,0.05490560,0.05941811,0.06378343,0.06803580,0.07219581,0.07627037,0.08025352
0.03984401,0.04522111,0.05020606,0.05491969,0.05943619,0.06380586,0.06806373,0.07223169,0.07631818,0.08031854
0.03983195,0.04521455,0.05020784,0.05493407,0.05946915,0.06386475,0.06815628,0.07236468,0.07649644,0.08054455
0.03983415,0.04522492,0.05022582,0.05496024,0.05950549,0.06391467,0.06822410,0.07245474,0.07661199,0.08068695
0.03984434,0.04524191,0.05024814,0.05498488,0.05952806,0.06392928,0.06822317,0.07242917,0.07655183,0.08058245
0.03983292,0.04523478,0.05024726,0.05499178,0.05954389,0.06395438,0.06825621,0.07246641,0.07658705,0.08060775
0.03983746,0.04524684,0.05026651,0.05502058,0.05958746,0.06402075,0.06835561,0.07261015,0.07678608,0.08087125
0.03982324,0.04523670,0.05025588,0.05500296,0.05955348,0.06395719,0.06824521,0.07243290,0.07652186,0.08050288
0.03981975,0.04523100,0.05024737,0.05499202,0.05954262,0.06395126,0.06825079,0.07245689,0.07656999,0.08057863
0.03981372,0.04522753,0.05024589,0.05499142,0.05954077,0.06394426,0.06823246,0.07241897,0.07650292,0.08047270
0.03980434,0.04522188,0.05024140,0.05498428,0.05952394,0.06390586,0.06815534,0.07228179,0.07628260,0.08014738
0.03980899,0.04523222,0.05025690,0.05500659,0.05955838,0.06396217,0.06824737,0.07242591,0.07649508,0.08044181
0.03980573,0.04523462,0.05026520,0.05502328,0.05958891,0.06401469,0.06833145,0.07255073,0.07666768,0.08066610
0.03981107,0.04524402,0.05027948,0.05504477,0.05962061,0.06405916,0.06838982,0.07262207,0.07674917,0.08075376
0.03981366,0.04525056,0.05029196,0.05506615,0.05965316,0.06410361,0.06844521,0.07268623,0.07681940,0.08082747
0.03981422,0.04525787,0.05030403,0.05508253,0.05967546,0.06413548,0.06849191,0.07275398,0.07691450,0.08095551
0.03981056,0.04526140,0.05031439,0.05509762,0.05969140,0.06414590,0.06848708,0.07272043,0.07683570,0.08081355
0.03981661,0.04526754,0.05031810,0.05509784,0.05968821,0.06414029,0.06848052,0.07271412,0.07682998,0.08080748
0.03982586,0.04528461,0.05034345,0.05513333,0.05973627,0.06420276,0.06855743,0.07280302,0.07692608,0.08090447
0.03983254,0.04529217,0.05035146,0.05514355,0.05975225,0.06422937,0.06860022,0.07286737,0.07701624,0.08102294
0.03982272,0.04528530,0.05034935,0.05514880,0.05976853,0.06426184,0.06865561,0.07295337,0.07714059,0.08119241
0.03981898,0.04528008,0.05034351,0.05514550,0.05977338,0.06428336,0.06870510,0.07304387,0.07728501,0.08140169
0.03983122,0.04529470,0.05036306,0.05517327,0.05981388,0.06434309,0.06879283,0.07317013,0.07746076,0.08163681
0.03984132,0.04530650,0.05037910,0.05519468,0.05983921,0.06436788,0.06881046,0.07317380,0.07744583,0.08160226
0.03984333,0.04531668,0.05039645,0.05521904,0.05987167,0.06441058,0.06886587,0.07324382,0.07753117,0.08170235
0.03984349,0.04532917,0.05042292,0.05526271,0.05993767,0.06450544,0.06899600,0.07341363,0.07774160,0.08195055
0.03983880,0.04532786,0.05042490,0.05526758,0.05994597,0.06451938,0.06901952,0.07345167,0.07779905,0.08203127
0.03984498,0.04533681,0.05043913,0.05528968,0.05997845,0.06456511,0.06908212,0.07353569,0.07790991,0.08217506
0.03984100,0.04533648,0.05044466,0.05530371,0.06000513,0.06461036,0.06915323,0.07364041,0.07805540,0.08236707
0.03984621,0.04534591,0.05045772,0.05532052,0.06002628,0.06463689,0.06918659,0.07368237,0.07810769,0.08243099
0.03984644,0.04534610,0.05045580,0.05531548,0.06001789,0.06462516,0.06917119,0.07366191,0.07807926,0.08239014
0.03983545,0.04533189,0.05043448,0.05528147,0.05996345,0.06453993,0.06904264,0.07347704,0.07782685,0.08206259
0.03983431,0.04533842,0.05045033,0.05530624,0.05999252,0.06456351,0.06904628,0.07344351,0.07773881,0.08190496
0.03983268,0.04534309,0.05045598,0.05530625,0.05997723,0.06452040,0.06896166,0.07330493,0.07753710,0.08163517
0.03983150,0.04534282,0.05045495,0.05530195,0.05996685,0.06450191,0.06893515,0.07327354,0.07750698,0.08161452
0.03982609,0.04534089,0.05045605,0.05530326,0.05996145,0.06447807,0.06887729,0.07316452,0.07733102,0.08135940
0.03982318,0.04534092,0.05046025,0.05531596,0.05998933,0.06452985,0.06896299,0.07329403,0.07751232,0.08159716
0.03982890,0.04535182,0.05047455,0.05533075,0.06000084,0.06453393,0.06895580,0.07327292,0.07747628,0.08154689
0.03982901,0.04535887,0.05049084,0.05535985,0.06004865,0.06460864,0.06906653,0.07342755,0.07767946,0.08179897
0.03982637,0.04535637,0.05048299,0.05534052,0.06001055,0.06454271,0.06896217,0.07327385,0.07746697,0.08152114
0.03982696,0.04535947,0.05048827,0.05534811,0.06002095,0.06455695,0.06898204,0.07330173,0.07750525,0.08157159
0.03981939,0.04535005,0.05047511,0.05532966,0.05999765,0.06453185,0.06896087,0.07329236,0.07751666,0.08161255
0.03982110,0.04535656,0.05048624,0.05534517,0.06001709,0.06455384,0.06898255,0.07330949,0.07752436,0.08160635
0.03982368,0.04536174,0.05049373,0.05535362,0.06002316,0.06455206,0.06896597,0.07327102,0.07745830,0.08150953
0.03982018,0.04536465,0.05050203,0.05536584,0.06003759,0.06456659,0.06897792,0.07327719,0.07745540,0.08149483
0.03982134,0.04536857,0.05050856,0.05537646,0.06005411,0.06459019,0.06900855,0.07331363,0.07749578,0.08153721
0.03982406,0.04537406,0.05051860,0.05539331,0.06007979,0.06462614,0.06905528,0.07337030,0.07756018,0.08160617
0.03983323,0.04538445,0.05052572,0.05539091,0.06005923,0.06457686,0.06896586,0.07322994,0.07735994,0.08133973
0.03982846,0.04538452,0.05053251,0.05540615,0.06008292,0.06460658,0.06899738,0.07325847,0.07738134,0.08135126
0.03982264,0.04538251,0.05053517,0.05541422,0.06009755,0.06462991,0.06903314,0.07331214,0.07745980,0.08146191
0.03982543,0.04538700,0.05053755,0.05541172,0.06008940,0.06461826,0.06902361,0.07331395,0.07748503,0.08152413
0.03982276,0.04538293,0.05052940,0.05539707,0.06006616,0.06458437,0.06897682,0.07325187,0.07740566,0.08142655
0.03982509,0.04538992,0.05053959,0.05540932,0.06007903,0.06459611,0.06898583,0.07325733,0.07740792,0.08142719
0.03982401,0.04539110,0.05054176,0.05541071,0.06007615,0.06458362,0.06895731,0.07320659,0.07733033,0.08132050
0.03981243,0.04538212,0.05053385,0.05540440,0.06007217,0.06458096,0.06895181,0.07319062,0.07729365,0.08125187
0.03981712,0.04538819,0.05054214,0.05541696,0.06009232,0.06461276,0.06899941,0.07325781,0.07738363,0.08136729
0.03981733,0.04538669,0.05053462,0.05539885,0.06005883,0.06455981,0.06892484,0.07316250,0.07727215,0.08124779
0.03981639,0.04539430,0.05055126,0.05542535,0.06009456,0.06460150,0.06896646,0.07319572,0.07728722,0.08123454
0.03982159,0.04540109,0.05055819,0.05543257,0.06010435,0.06461879,0.06899869,0.07325204,0.07737734,0.08136748
0.03981855,0.04540929,0.05057886,0.05546793,0.06015773,0.06469392,0.06909871,0.07337855,0.07752976,0.08154298
0.03981823,0.04541880,0.05059363,0.05548117,0.06016203,0.06468302,0.06906885,0.07332911,0.07746305,0.08146342
0.03982345,0.04542721,0.05060742,0.05550329,0.06019438,0.06472519,0.06911744,0.07337793,0.07750396,0.08148752
0.03982076,0.04543194,0.05061831,0.05552015,0.06021767,0.06475504,0.06915262,0.07341540,0.07753926,0.08151576
0.03980969,0.04542449,0.05061387,0.05551843,0.06021873,0.06475914,0.06915964,0.07342442,0.07754858,0.08152323
0.03979533,0.04541618,0.05061598,0.05553619,0.06025797,0.06482621,0.06926121,0.07356696,0.07773757,0.08176242
0.03980006,0.04542723,0.05062767,0.05554185,0.06025028,0.06479796,0.06920614,0.07348034,0.07761645,0.08160534
0.03980441,0.04543823,0.05064409,0.05556258,0.06027312,0.06481821,0.06921586,0.07346847,0.07756973,0.08150968
0.03981091,0.04545272,0.05066752,0.05559605,0.06031756,0.06487447,0.06928508,0.07355264,0.07767195,0.08163415
0.03980838,0.04544917,0.05066179,0.05558825,0.06030813,0.06486417,0.06927521,0.07354475,0.07766721,0.08163259
0.03980860,0.04545262,0.05066674,0.05559292,0.06031110,0.06486483,0.06927386,0.07354238,0.07766486,0.08163072
0.03981459,0.04546371,0.05068192,0.05561261,0.06033813,0.06490507,0.06933581,0.07363579,0.07779897,0.08181268
0.03982033,0.04547357,0.05069500,0.05562955,0.06036087,0.06493693,0.06938172,0.07370214,0.07789294,0.08194131
0.03982751,0.04547950,0.05069909,0.05563092,0.06035740,0.06492445,0.06935353,0.07364915,0.07780457,0.08180676
0.03983150,0.04548426,0.05070337,0.05563404,0.06035932,0.06492545,0.06935388,0.07364895,0.07780377,0.08180540
0.03983207,0.04549297,0.05072189,0.05566442,0.06040499,0.06499194,0.06944869,0.07378056,0.07798021,0.08203292
0.03982822,0.04549081,0.05072386,0.05567402,0.06042627,0.06502850,0.06950319,0.07385493,0.07807627,0.08215296
0.03982862,0.04549236,0.05073001,0.05568737,0.06044775,0.06505675,0.06953415,0.07388186,0.07809036,0.08214438
0.03982524,0.04549151,0.05073189,0.05569134,0.06045239,0.06506002,0.06953361,0.07387504,0.07807518,0.08211956
0.03982936,0.04550410,0.05075513,0.05572791,0.06050578,0.06513386,0.06963051,0.07399541,0.07821677,0.08227759
0.03982763,0.04550643,0.05076042,0.05573493,0.06051290,0.06513921,0.06963222,0.07399179,0.07820625,0.08225869
0.03982160,0.04550538,0.05076670,0.05574897,0.06053425,0.06516805,0.06967044,0.07404322,0.07827598,0.08235199
0.03981379,0.04550065,0.05076736,0.05576111,0.06056749,0.06523438,0.06978227,0.07421125,0.07850763,0.08265089
0.03981134,0.04550487,0.05077713,0.05577344,0.06057784,0.06523762,0.06977386,0.07418800,0.07846809,0.08259528
0.03980518,0.04549715,0.05076728,0.05575992,0.06055697,0.06520287,0.06971611,0.07409667,0.07833254,0.08240608
0.03980755,0.04550567,0.05078439,0.05578862,0.06060055,0.06526453,0.06979835,0.07420069,0.07845800,0.08255116
0.03980627,0.04551074,0.05079532,0.05580679,0.06063076,0.06531560,0.06988228,0.07433067,0.07864596,0.08280599
0.03980959,0.04551754,0.05080399,0.05581509,0.06063647,0.06531753,0.06988073,0.07432717,0.07864254,0.08280438
0.03980862,0.04552234,0.05081031,0.05581932,0.06063604,0.06531079,0.06986659,0.07430471,0.07861093,0.08276296
0.03980220,0.04551978,0.05080646,0.05580808,0.06060996,0.06526128,0.06978486,0.07418318,0.07844440,0.08254922
0.03980163,0.04552304,0.05081393,0.05582065,0.06062855,0.06528639,0.06981624,0.07421974,0.07848451,0.08259110
0.03979707,0.04551881,0.05080851,0.05581267,0.06061710,0.06527130,0.06979827,0.07420039,0.07846566,0.08257458
0.03978803,0.04551675,0.05081549,0.05583110,0.06065249,0.06533460,0.06990642,0.07437481,0.07872896,0.08294704
0.03978722,0.04551868,0.05081989,0.05583631,0.06065495,0.06532839,0.06988347,0.07432599,0.07864587,0.08282357
0.03978511,0.04551890,0.05082272,0.05584345,0.06066862,0.06535022,0.06991357,0.07436270,0.07868618,0.08286402
0.03978003,0.04551652,0.05082588,0.05585581,0.06069506,0.06539660,0.06998611,0.07446710,0.07882680,0.08304333
0.03977023,0.04550789,0.05081661,0.05584261,0.06067212,0.06535532,0.06991568,0.07435582,0.07866362,0.08281911
0.03977013,0.04551221,0.05082843,0.05586624,0.06071296,0.06541946,0.07000909,0.07448322,0.07882743,0.08301906
0.03978555,0.04553333,0.05085339,0.05589468,0.06074519,0.06545573,0.07004901,0.07452560,0.07887046,0.08306076
0.03978896,0.04553784,0.05085897,0.05590154,0.06075582,0.06547555,0.07008569,0.07458738,0.07896440,0.08319145
0.03978892,0.04554024,0.05085981,0.05589673,0.06074126,0.06544746,0.07004102,0.07452413,0.07888186,0.08309023
0.03978617,0.04553972,0.05086188,0.05590236,0.06075152,0.06546244,0.07005919,0.07454266,0.07889747,0.08310019
0.03978346,0.04554120,0.05086666,0.05591079,0.06076617,0.06548802,0.07010186,0.07460903,0.07899393,0.08323252
0.03977809,0.04554218,0.05087044,0.05591691,0.06077827,0.06551360,0.07015115,0.07469344,0.07912455,0.08341909
0.03978230,0.04554862,0.05087715,0.05592611,0.06079546,0.06554629,0.07020730,0.07477992,0.07924596,0.08357735
0.03978032,0.04555076,0.05088225,0.05593153,0.06079552,0.06553122,0.07016302,0.07468915,0.07909030,0.08333958
0.03978572,0.04556202,0.05090696,0.05597624,0.06086397,0.06562369,0.07027660,0.07481848,0.07922853,0.08347931
0.03980155,0.04557622,0.05092111,0.05599213,0.06088261,0.06564490,0.07029897,0.07483962,0.07924551,0.08348894
0.03980154,0.04557908,0.05092532,0.05599518,0.06088206,0.06563897,0.07028684,0.07482146,0.07922230,0.08346208
0.03979607,0.04557696,0.05092301,0.05598718,0.06086133,0.06559756,0.07021676,0.07471582,0.07907618,0.08327312
0.03979928,0.04558187,0.05092947,0.05599700,0.06087751,0.06562346,0.07025562,0.07477049,0.07914895,0.08336559
0.03980460,0.04559329,0.05094959,0.05602603,0.06091139,0.06565346,0.07026981,0.07475614,0.07909499,0.08326416
0.03980287,0.04559947,0.05096480,0.05605036,0.06094394,0.06569219,0.07031149,0.07479670,0.07913008,0.08328969
0.03980615,0.04560458,0.05097121,0.05605494,0.06094002,0.06566924,0.07025566,0.07469218,0.07896098,0.08304191
0.03980877,0.04560725,0.05097537,0.05606197,0.06095003,0.06568092,0.07026670,0.07470007,0.07896361,0.08303776
0.03979963,0.04560002,0.05097005,0.05605770,0.06094477,0.06567211,0.07025221,0.07467909,0.07893720,0.08300884
0.03980569,0.04560412,0.05096908,0.05604701,0.06091750,0.06561933,0.07016383,0.07454509,0.07874889,0.08275971
0.03980339,0.04560302,0.05096910,0.05604891,0.06092257,0.06562962,0.07018244,0.07457621,0.07879747,0.08283086
0.03980966,0.04561114,0.05097631,0.05605333,0.06092317,0.06562562,0.07017282,0.07455974,0.07877307,0.08279809
0.03980714,0.04561425,0.05098345,0.05606382,0.06093866,0.06565117,0.07021667,0.07463178,0.07888269,0.08295243
0.03980246,0.04561434,0.05098910,0.05607750,0.06096469,0.06569492,0.07028319,0.07472440,0.07900226,0.08309739
0.03980670,0.04562270,0.05099841,0.05608512,0.06096959,0.06569799,0.07028683,0.07473159,0.07901576,0.08311928
0.03980122,0.04562437,0.05100524,0.05609303,0.06097180,0.06568535,0.07024916,0.07465968,0.07890326,0.08296380
0.03980046,0.04562967,0.05101651,0.05611202,0.06100218,0.06573189,0.07031680,0.07475294,0.07902600,0.08311934
0.03979376,0.04562904,0.05102392,0.05612939,0.06103024,0.06576892,0.07035784,0.07478969,0.07904744,0.08311268
0.03977850,0.04561525,0.05101290,0.05612611,0.06104196,0.06580336,0.07042148,0.07488676,0.07917979,0.08328034
0.03976955,0.04561098,0.05101261,0.05612919,0.06104792,0.06581253,0.07043584,0.07491051,0.07921919,0.08334306
0.03977074,0.04561557,0.05101996,0.05613842,0.06105776,0.06582139,0.07044198,0.07491217,0.07921484,0.08333152
0.03977800,0.04562872,0.05103913,0.05616461,0.06109252,0.06586714,0.07050214,0.07499087,0.07931638,0.08345987
0.03977977,0.04563210,0.05104329,0.05616767,0.06109142,0.06585818,0.07048133,0.07495416,0.07925973,0.08337936
0.03978386,0.04563410,0.05104374,0.05616854,0.06109447,0.06586404,0.07048941,0.07496313,0.07926829,0.08338678
0.03978856,0.04564494,0.05105908,0.05618771,0.06111785,0.06589294,0.07052557,0.07500808,0.07932287,0.08345104
0.03978004,0.04563783,0.05105168,0.05617854,0.06110568,0.06587626,0.07050173,0.07497255,0.07926897,0.08337033
0.03977496,0.04563610,0.05105513,0.05618819,0.06112223,0.06590016,0.07053279,0.07500957,0.07930974,0.08341198
0.03977088,0.04563734,0.05106032,0.05619725,0.06113649,0.06592138,0.07056183,0.07504533,0.07934882,0.08344896
0.03977509,0.04565229,0.05108355,0.05622732,0.06117417,0.06597009,0.07062733,0.07513490,0.07947024,0.08360978
0.03977824,0.04565885,0.05109195,0.05623771,0.06118757,0.06598748,0.07064904,0.07516040,0.07949822,0.08363836
0.03977158,0.04565354,0.05108519,0.05622572,0.06116618,0.06595286,0.07059899,0.07509551,0.07942246,0.08355881
0.03977156,0.04566003,0.05109888,0.05624737,0.06119829,0.06600065,0.07067011,0.07519862,0.07956545,0.08374744
0.03976697,0.04566162,0.05110787,0.05626526,0.06122899,0.06605104,0.07074856,0.07531256,0.07971925,0.08394157
0.03977037,0.04567104,0.05112435,0.05628681,0.06125062,0.06606542,0.07074734,0.07528785,0.07966482,0.08385331
0.03976766,0.04567187,0.05112412,0.05628098,0.06123452,0.06603417,0.07069586,0.07521082,0.07955667,0.08370827
0.03976695,0.04568071,0.05114322,0.05631250,0.06128132,0.06609837,0.07077755,0.07530772,0.07966470,0.08382267
0.03976140,0.04567791,0.05114659,0.05632600,0.06130977,0.06614736,0.07085272,0.07541381,0.07980476,0.08399783
0.03976894,0.04569294,0.05116971,0.05635793,0.06135166,0.06620134,0.07092210,0.07550266,0.07991731,0.08413773
0.03977217,0.04569679,0.05117178,0.05635363,0.06133336,0.06615853,0.07084275,0.07537534,0.07973303,0.08389103
0.03977742,0.04570478,0.05118046,0.05636188,0.06133978,0.06616069,0.07083684,0.07535620,0.07969463,0.08382700
0.03977259,0.04570010,0.05117739,0.05636235,0.06134528,0.06617189,0.07085340,0.07537700,0.07971812,0.08385170
0.03976846,0.04569993,0.05118018,0.05636844,0.06135632,0.06619105,0.07088555,0.07542842,0.07979575,0.08396230
0.03975911,0.04569091,0.05117140,0.05636190,0.06135643,0.06620399,0.07091801,0.07548633,0.07988346,0.08408238
0.03975749,0.04568638,0.05116190,0.05634585,0.06133156,0.06616681,0.07086418,0.07541158,0.07978451,0.08395740
0.03976503,0.04569637,0.05117580,0.05636625,0.06136073,0.06620580,0.07091258,0.07546787,0.07984698,0.08402502
0.03977102,0.04570546,0.05119255,0.05639673,0.06141234,0.06628643,0.07102949,0.07562697,0.08005256,0.08427993
0.03976708,0.04570302,0.05118803,0.05638535,0.06138917,0.06624750,0.07097261,0.07555205,0.07996146,0.08417590
0.03975649,0.04570062,0.05119692,0.05641007,0.06143672,0.06632740,0.07109612,0.07573093,0.08020676,0.08449715
0.03975948,0.04570825,0.05120915,0.05642621,0.06145652,0.06635195,0.07112852,0.07577624,0.08027111,0.08458661
0.03975451,0.04570246,0.05120215,0.05641591,0.06143907,0.06632197,0.07107979,0.07570266,0.08016742,0.08444869
0.03975814,0.04571188,0.05121701,0.05643353,0.06145354,0.06632470,0.07106113,0.07565378,0.08008173,0.08432217
0.03975201,0.04570435,0.05120545,0.05641714,0.06143446,0.06630859,0.07105700,0.07567296,0.08013627,0.08442332
0.03974735,0.04570295,0.05120659,0.05642435,0.06145529,0.06635380,0.07113897,0.07580365,0.08032541,0.08467743
0.03975560,0.04571279,0.05121384,0.05642411,0.06144125,0.06631878,0.07107649,0.07570978,0.08020000,0.08452433
0.03975626,0.04571875,0.05122127,0.05642567,0.06142494,0.06626830,0.07097291,0.07553365,0.07993330,0.08415164
0.03975727,0.04572081,0.05122455,0.05643069,0.06143332,0.06628240,0.07099469,0.07556385,0.07997124,0.08419560
0.03975287,0.04571499,0.05121121,0.05640150,0.06137713,0.06618557,0.07084255,0.07534266,0.07966986,0.08380624
0.03975178,0.04571867,0.05121818,0.05641012,0.06138405,0.06618519,0.07082764,0.07530562,0.07960406,0.08370695
0.03975009,0.04572400,0.05122694,0.05641863,0.06138965,0.06618767,0.07083017,0.07531479,0.07962890,0.08375754
0.03974263,0.04571883,0.05122314,0.05641607,0.06138900,0.06619032,0.07083800,0.07532969,0.07965225,0.08378977
0.03974242,0.04572408,0.05123220,0.05642833,0.06140498,0.06621269,0.07087264,0.07538621,0.07974342,0.08393020
0.03974567,0.04572964,0.05124025,0.05643712,0.06141056,0.06620970,0.07085579,0.07535179,0.07969033,0.08386013
0.03974992,0.04573816,0.05125424,0.05646000,0.06144812,0.06626994,0.07094820,0.07548613,0.07987544,0.08410298
0.03975461,0.04574632,0.05126515,0.05647516,0.06147145,0.06630783,0.07100905,0.07557943,0.08001032,0.08428694
0.03975892,0.04575478,0.05128035,0.05649994,0.06150798,0.06635576,0.07106413,0.07563324,0.08005136,0.08430240
0.03975391,0.04575201,0.05127945,0.05650051,0.06150951,0.06635806,0.07106780,0.07563991,0.08006365,0.08432354
0.03974549,0.04574428,0.05127062,0.05648569,0.06147963,0.06630054,0.07096852,0.07548584,0.07984523,0.08403600
0.03974512,0.04574521,0.05127075,0.05648300,0.06147269,0.06628963,0.07095654,0.07547859,0.07985096,0.08406438
0.03975116,0.04575888,0.05129599,0.05652414,0.06153501,0.06638051,0.07108663,0.07566222,0.08010547,0.08440865
0.03974912,0.04575673,0.05129611,0.05653172,0.06155898,0.06643383,0.07118534,0.07582356,0.08034547,0.08473980
0.03975267,0.04576087,0.05130096,0.05653761,0.06156571,0.06644057,0.07119096,0.07582699,0.08034588,0.08473653
0.03975261,0.04576044,0.05129612,0.05652231,0.06153186,0.06637768,0.07108585,0.07566404,0.08010795,0.08440661
0.03976564,0.04577728,0.05131706,0.05654809,0.06156270,0.06641293,0.07112403,0.07570302,0.08014511,0.08443899
0.03976493,0.04578129,0.05132215,0.05655071,0.06156069,0.06640607,0.07111413,0.07569354,0.08014050,0.08444391
0.03976989,0.04578717,0.05133191,0.05656878,0.06159192,0.06645467,0.07118282,0.07578291,0.08024890,0.08456762
0.03977543,0.04579353,0.05134059,0.05658250,0.06161660,0.06650152,0.07126915,0.07593067,0.08048128,0.08490515
0.03977717,0.04579491,0.05134098,0.05658056,0.06161127,0.06649327,0.07126095,0.07592851,0.08049367,0.08494187
0.03977880,0.04580270,0.05135207,0.05659198,0.06162022,0.06649694,0.07125584,0.07590975,0.08045481,0.08487534
0.03977597,0.04580311,0.05135453,0.05659297,0.06161350,0.06647343,0.07120419,0.07581752,0.08031010,0.08466823
0.03978036,0.04581480,0.05137661,0.05662544,0.06165212,0.06650888,0.07122193,0.07579900,0.08023514,0.08451801
0.03978903,0.04582908,0.05139616,0.05665034,0.06168345,0.06654871,0.07127347,0.07586690,0.08032597,0.08464025
0.03979089,0.04583600,0.05140974,0.05667431,0.06172272,0.06660828,0.07135714,0.07597625,0.08045980,0.08479468
0.03978691,0.04583633,0.05141287,0.05667596,0.06171589,0.06658365,0.07130392,0.07588356,0.08031823,0.08459749
0.03978853,0.04583948,0.05141892,0.05668775,0.06173805,0.06662270,0.07136799,0.07598169,0.08045927,0.08478899
0.03979113,0.04585345,0.05144487,0.05672714,0.06179331,0.06669773,0.07146850,0.07611506,0.08063376,0.08501262
0.03978560,0.04584892,0.05144016,0.05672242,0.06178997,0.06669806,0.07147490,0.07612905,0.08065523,0.08503955
0.03978307,0.04585281,0.05145072,0.05673982,0.06181423,0.06672940,0.07151414,0.07617765,0.08071514,0.08511288
0.03978511,0.04585148,0.05144294,0.05672450,0.06179264,0.06670561,0.07149502,0.07617229,0.08073374,0.08516552
0.03978058,0.04584633,0.05143390,0.05670703,0.06176214,0.06665825,0.07142786,0.07608279,0.08061911,0.08502236
0.03977539,0.04584332,0.05143484,0.05671460,0.06177974,0.06669004,0.07147884,0.07615879,0.08072668,0.08516838
0.03978601,0.04585561,0.05144663,0.05672388,0.06178382,0.06668448,0.07145647,0.07610906,0.08063588,0.08502086
0.03977654,0.04584569,0.05143262,0.05670112,0.06174646,0.06662535,0.07136721,0.07598081,0.08046021,0.08479076
0.03976220,0.04583002,0.05141373,0.05667689,0.06171434,0.06658257,0.07131117,0.07590927,0.08037122,0.08468241
0.03976611,0.04584233,0.05143275,0.05670004,0.06173794,0.06660186,0.07132050,0.07590257,0.08034267,0.08462706
0.03976946,0.04585017,0.05144254,0.05671158,0.06175279,0.06662248,0.07134905,0.07593982,0.08038733,0.08467589
0.03977031,0.04585272,0.05144658,0.05671687,0.06175799,0.06662515,0.07134626,0.07592902,0.08036708,0.08464625
0.03977224,0.04585132,0.05144342,0.05671424,0.06175922,0.06663553,0.07137388,0.07598464,0.08046281,0.08479362
0.03977273,0.04585298,0.05144705,0.05672155,0.06177461,0.06666688,0.07143207,0.07608189,0.08061050,0.08500044
0.03976692,0.04584516,0.05143454,0.05669992,0.06173580,0.06659843,0.07131756,0.07590250,0.08034736,0.08463695
0.03977556,0.04585901,0.05145313,0.05672137,0.06175690,0.06661534,0.07132670,0.07590109,0.08033362,0.08460998
0.03977116,0.04585861,0.05145779,0.05673073,0.06176930,0.06662881,0.07133988,0.07591365,0.08034594,0.08462261
0.03978927,0.04588196,0.05148614,0.05676174,0.06179865,0.06665080,0.07134853,0.07590387,0.08031448,0.08456845
0.03979088,0.04589295,0.05150897,0.05679909,0.06185380,0.06672788,0.07145238,0.07603937,0.08048564,0.08477765
0.03978630,0.04588694,0.05150036,0.05678699,0.06183710,0.06670478,0.07142020,0.07599461,0.08042429,0.08469553
0.03979185,0.04590010,0.05151987,0.05681034,0.06185978,0.06671989,0.07141857,0.07596581,0.08035808,0.08458338
0.03979543,0.04591324,0.05154624,0.05685289,0.06192081,0.06680161,0.07152382,0.07609846,0.08052295,0.08478569
0.03980023,0.04592216,0.05156127,0.05687613,0.06195535,0.06685218,0.07159722,0.07620355,0.08067017,0.08498638
0.03980645,0.04593070,0.05157253,0.05689139,0.06197748,0.06688571,0.07164762,0.07627603,0.08076854,0.08511227
0.03980854,0.04593541,0.05157800,0.05689644,0.06197980,0.06688116,0.07163017,0.07623846,0.08070358,0.08501375
0.03981412,0.04594507,0.05159312,0.05691757,0.06200840,0.06692168,0.07169149,0.07633379,0.08084896,0.08522564
0.03980875,0.04594036,0.05158605,0.05690160,0.06197305,0.06685271,0.07157167,0.07614448,0.08057208,0.08484575
0.03980098,0.04593651,0.05158413,0.05689921,0.06196787,0.06684280,0.07155571,0.07612192,0.08054331,0.08481218
0.03981372,0.04595183,0.05160093,0.05691704,0.06198820,0.06686976,0.07159626,0.07618530,0.08063999,0.08495254
0.03980981,0.04594703,0.05159604,0.05691282,0.06198595,0.06687113,0.07160290,0.07619852,0.08066058,0.08498067
0.03981481,0.04595126,0.05159675,0.05690603,0.06196448,0.06682317,0.07151197,0.07604516,0.08042511,0.08464598
0.03980708,0.04594266,0.05158609,0.05689337,0.06194978,0.06680499,0.07148640,0.07600545,0.08036220,0.08454972
0.03980370,0.04594123,0.05159125,0.05690737,0.06197264,0.06683562,0.07152408,0.07605099,0.08041824,0.08462023
0.03981092,0.04595038,0.05160266,0.05692258,0.06199505,0.06687098,0.07158060,0.07613875,0.08054805,0.08480223
0.03980899,0.04594970,0.05160242,0.05692312,0.06199608,0.06687028,0.07157386,0.07612050,0.08051317,0.08474742
0.03980542,0.04595860,0.05162688,0.05696621,0.06206186,0.06696423,0.07170194,0.07628744,0.08072078,0.08499376
0.03980192,0.04595356,0.05161817,0.05695238,0.06204177,0.06693675,0.07166560,0.07624011,0.08065968,0.08491572
0.03978940,0.04594007,0.05160137,0.05692928,0.06200873,0.06688997,0.07160181,0.07615705,0.08055636,0.08479235
0.03979421,0.04594758,0.05161152,0.05694254,0.06202529,0.06690889,0.07162060,0.07617178,0.08056211,0.08478408
0.03979716,0.04594964,0.05161119,0.05693911,0.06201908,0.06690244,0.07161942,0.07618425,0.08059847,0.08485490
0.03979722,0.04594964,0.05161117,0.05693823,0.06201462,0.06688848,0.07158608,0.07611802,0.08048385,0.08467656
0.03979325,0.04594855,0.05161751,0.05695767,0.06205327,0.06695215,0.07167952,0.07624429,0.08064382,0.08486891
0.03980037,0.04596033,0.05163489,0.05698459,0.06209670,0.06702182,0.07178718,0.07640250,0.08086463,0.08516266
0.03980416,0.04595889,0.05162507,0.05696494,0.06206743,0.06698447,0.07174376,0.07635426,0.08081101,0.08510088
0.03980014,0.04595781,0.05162500,0.05696565,0.06207105,0.06699611,0.07177179,0.07640987,0.08090694,0.08524981
0.03980076,0.04595918,0.05162566,0.05696272,0.06205826,0.06696223,0.07170036,0.07628067,0.08069881,0.08494376
0.03980132,0.04596253,0.05162840,0.05696114,0.06204812,0.06693888,0.07165926,0.07621813,0.08061260,0.08483336
0.03980314,0.04596546,0.05163148,0.05696391,0.06205066,0.06694181,0.07166368,0.07622541,0.08062405,0.08485001
0.03980449,0.04596760,0.05163184,0.05695997,0.06203938,0.06692008,0.07162920,0.07617736,0.08056309,0.08477756
0.03980532,0.04596984,0.05163375,0.05695877,0.06203258,0.06690666,0.07161054,0.07615780,0.08054988,0.08478022
0.03980309,0.04596435,0.05162390,0.05694346,0.06201289,0.06688811,0.07160413,0.07617916,0.08061692,0.08491024
0.03980438,0.04597006,0.05163490,0.05695880,0.06202922,0.06689949,0.07160266,0.07615627,0.08056507,0.08482429
0.03980092,0.04596943,0.05163668,0.05696276,0.06203543,0.06690833,0.07161433,0.07617009,0.08057882,0.08483400
0.03980402,0.04597795,0.05165002,0.05697994,0.06205451,0.06692694,0.07163044,0.07618261,0.08058749,0.08483881
0.03979566,0.04597130,0.05164362,0.05697293,0.06204823,0.06692542,0.07163995,0.07621030,0.08063989,0.08492063
0.03979584,0.04597578,0.05165250,0.05698594,0.06206438,0.06694278,0.07165519,0.07621833,0.08063390,0.08489255
0.03979257,0.04597847,0.05166504,0.05701274,0.06210979,0.06701120,0.07175127,0.07634706,0.08080052,0.08510233
0.03979134,0.04597430,0.05165909,0.05700722,0.06210660,0.06701133,0.07175483,0.07635351,0.08080897,0.08511190
0.03980789,0.04599519,0.05168153,0.05702983,0.06212911,0.06703540,0.07178499,0.07639763,0.08087777,0.08521758
0.03980331,0.04599188,0.05167761,0.05702502,0.06212405,0.06703122,0.07178300,0.07639896,0.08088317,0.08522732
0.03979808,0.04598838,0.05167799,0.05703010,0.06213235,0.06703802,0.07177962,0.07637276,0.08081860,0.08510791
0.03979511,0.04599438,0.05169376,0.05705505,0.06216419,0.06707280,0.07181246,0.07639914,0.08083553,0.08511464
0.03979784,0.04600383,0.05171069,0.05708201,0.06220708,0.06714027,0.07191392,0.07654235,0.08102469,0.08534955
0.03980458,0.04601686,0.05173255,0.05711336,0.06224619,0.06718329,0.07195594,0.07657878,0.08105254,0.08536822
0.03980854,0.04602906,0.05175376,0.05714341,0.06228294,0.06722295,0.07199361,0.07660915,0.08107059,0.08536985
0.03980994,0.04603757,0.05176830,0.05716248,0.06230508,0.06724764,0.07202202,0.07664439,0.08111727,0.08543314
0.03981595,0.04604712,0.05178308,0.05718689,0.06234604,0.06731392,0.07212310,0.07678876,0.08131104,0.08567931
0.03982872,0.04606383,0.05181050,0.05723464,0.06242462,0.06743339,0.07229222,0.07701452,0.08159833,0.08603081
0.03982427,0.04605507,0.05179691,0.05721707,0.06240409,0.06740944,0.07226155,0.07697056,0.08153190,0.08593156
0.03982672,0.04606537,0.05181539,0.05724155,0.06242951,0.06742825,0.07226456,0.07694829,0.08147611,0.08583638
0.03981669,0.04605648,0.05181260,0.05725126,0.06245873,0.06748416,0.07235420,0.07707828,0.08165248,0.08606449
0.03981126,0.04605166,0.05180537,0.05723793,0.06243538,0.06744701,0.07230002,0.07700474,0.08155804,0.08594798
0.03982229,0.04607266,0.05184222,0.05729945,0.06253341,0.06759494,0.07251005,0.07728475,0.08190955,0.08636602
0.03982641,0.04608075,0.05185622,0.05732319,0.06257297,0.06765784,0.07260369,0.07741486,0.08207911,0.08657501
0.03982845,0.04608797,0.05186596,0.05733189,0.06257764,0.06765796,0.07260309,0.07742251,0.08210841,0.08664181
0.03982753,0.04608837,0.05186943,0.05734091,0.06259464,0.06768482,0.07264062,0.07747008,0.08216387,0.08670167
0.03983562,0.04609574,0.05187684,0.05734911,0.06260296,0.06769053,0.07263945,0.07745743,0.08213610,0.08665684
0.03982920,0.04609380,0.05188249,0.05736656,0.06263739,0.06774756,0.07272424,0.07757369,0.08228543,0.08683873
0.03982255,0.04608605,0.05187026,0.05734749,0.06260896,0.06770616,0.07266494,0.07749086,0.08217394,0.08669502
0.03982902,0.04609565,0.05188281,0.05736215,0.06262461,0.06772131,0.07267734,0.07749734,0.08217050,0.08667728
0.03982004,0.04608573,0.05187067,0.05734848,0.06261145,0.06771051,0.07266912,0.07748956,0.08215901,0.08665699
0.03982947,0.04609916,0.05188589,0.05736244,0.06262002,0.06770834,0.07264971,0.07744572,0.08208345,0.08654293
0.03983314,0.04610738,0.05189912,0.05737969,0.06264053,0.06773287,0.07268112,0.07748866,0.08214334,0.08662474
0.03983068,0.04611173,0.05191071,0.05739886,0.06266766,0.06776820,0.07272467,0.07754018,0.08220233,0.08669051
0.03982461,0.04610643,0.05190584,0.05739243,0.06265637,0.06774821,0.07269253,0.07749364,0.08214081,0.08661505
0.03982290,0.04610456,0.05190469,0.05739362,0.06266300,0.06776444,0.07272221,0.07753872,0.08220027,0.08668482
0.03982699,0.04611284,0.05191647,0.05740693,0.06267325,0.06776442,0.07270343,0.07749330,0.08212257,0.08657207
0.03983125,0.04611510,0.05191547,0.05740066,0.06265878,0.06773815,0.07266146,0.07743175,0.08203782,0.08646090
0.03982783,0.04610832,0.05190464,0.05738718,0.06264637,0.06773260,0.07266952,0.07745953,0.08208918,0.08653668
0.03983596,0.04611928,0.05191510,0.05739513,0.06265031,0.06773091,0.07265996,0.07743904,0.08205419,0.08648377
0.03982866,0.04611579,0.05191134,0.05738623,0.06263116,0.06769654,0.07260585,0.07736131,0.08194977,0.08635035
0.03983667,0.04613039,0.05193088,0.05740845,0.06265402,0.06771891,0.07262753,0.07738260,0.08197077,0.08637055
0.03982839,0.04612182,0.05192389,0.05740533,0.06265720,0.06773060,0.07264903,0.07741361,0.08200911,0.08641244
0.03984197,0.04613874,0.05194525,0.05743208,0.06268968,0.06776768,0.07268744,0.07744792,0.08203241,0.08641731
0.03984157,0.04613949,0.05195031,0.05744464,0.06271169,0.06779891,0.07272535,0.07748839,0.08207089,0.08644988
0.03983649,0.04613901,0.05195407,0.05745392,0.06272958,0.06783040,0.07277672,0.07756612,0.08218058,0.08659564
0.03983414,0.04613508,0.05194627,0.05744221,0.06271548,0.06781598,0.07276397,0.07755662,0.08217544,0.08659553
0.03983446,0.04614223,0.05196293,0.05747036,0.06275591,0.06786726,0.07282169,0.07761354,0.08222259,0.08662367
0.03983042,0.04613997,0.05196267,0.05747038,0.06275466,0.06786487,0.07282046,0.07761747,0.08223644,0.08665206
0.03982977,0.04614742,0.05197985,0.05749898,0.06279628,0.06792031,0.07288903,0.07769701,0.08232399,0.08674474
0.03982420,0.04614057,0.05197018,0.05748688,0.06278369,0.06790985,0.07288312,0.07769719,0.08233069,0.08675737
0.03982309,0.04614241,0.05197344,0.05749070,0.06278915,0.06792058,0.07290510,0.07773794,0.08239819,0.08685906
0.03981765,0.04613647,0.05196810,0.05748749,0.06279159,0.06793471,0.07293874,0.07779908,0.08249332,0.08699229
0.03983430,0.04616064,0.05199966,0.05752505,0.06283265,0.06797589,0.07297619,0.07782915,0.08251327,0.08700067
0.03983598,0.04616821,0.05201493,0.05755235,0.06287845,0.06804746,0.07307964,0.07796775,0.08268666,0.08720513
0.03983173,0.04616087,0.05200463,0.05753884,0.06286110,0.06802598,0.07305460,0.07794076,0.08266010,0.08718176
0.03982663,0.04615739,0.05200152,0.05753508,0.06285676,0.06802299,0.07305721,0.07795522,0.08269364,0.08724132
0.03982796,0.04616030,0.05200692,0.05754564,0.06287667,0.06805667,0.07310818,0.07802554,0.08278409,0.08735197
0.03982915,0.04616351,0.05201384,0.05756000,0.06290448,0.06810599,0.07318852,0.07814691,0.08295585,0.08758185
0.03983012,0.04616768,0.05202053,0.05756762,0.06291257,0.06811677,0.07320732,0.07818131,0.08301407,0.08767109
0.03981522,0.04615381,0.05200676,0.05755373,0.06289851,0.06810200,0.07319061,0.07816089,0.08298809,0.08763806
0.03982414,0.04616395,0.05201783,0.05756842,0.06292140,0.06813864,0.07324664,0.07824141,0.08309711,0.08777833
0.03982968,0.04617517,0.05203469,0.05759134,0.06295117,0.06817588,0.07329135,0.07829301,0.08315487,0.08784179
0.03983899,0.04618398,0.05204262,0.05759516,0.06294457,0.06815009,0.07323668,0.07820104,0.08302020,0.08766280
0.03983770,0.04618224,0.05203954,0.05758772,0.06292715,0.06811474,0.07317442,0.07810359,0.08288146,0.08747938
0.03983571,0.04618346,0.05204350,0.05759259,0.06292729,0.06810127,0.07313766,0.07803564,0.08277783,0.08733915
0.03983090,0.04618106,0.05204249,0.05759312,0.06293111,0.06811154,0.07315779,0.07806785,0.08282216,0.08739333
0.03983637,0.04618936,0.05205376,0.05760911,0.06295493,0.06814782,0.07321216,0.07814571,0.08292744,0.08752801
0.03983765,0.04619311,0.05205905,0.05761469,0.06295778,0.06814258,0.07319148,0.07810159,0.08285292,0.08741831
0.03983774,0.04619555,0.05206627,0.05763003,0.06298501,0.06818584,0.07325514,0.07818969,0.08296860,0.08756343
0.03984784,0.04621010,0.05208223,0.05764409,0.06299598,0.06819678,0.07327392,0.07822779,0.08303868,0.08767696
0.03984875,0.04621256,0.05208373,0.05764077,0.06298158,0.06816188,0.07320606,0.07811283,0.08286284,0.08742869
0.03985119,0.04621751,0.05208926,0.05764420,0.06297951,0.06815055,0.07318195,0.07807312,0.08280570,0.08735332
0.03984586,0.04620860,0.05207401,0.05761831,0.06293787,0.06808798,0.07309345,0.07795386,0.08265102,0.08715885
0.03984369,0.04620919,0.05208044,0.05763611,0.06297504,0.06815411,0.07319850,0.07810681,0.08285882,0.08742588
0.03985137,0.04621849,0.05208991,0.05764031,0.06296344,0.06811266,0.07311266,0.07796488,0.08265416,0.08715739
0.03985160,0.04622238,0.05209939,0.05765863,0.06299571,0.06816632,0.07319715,0.07809048,0.08283044,0.08739193
0.03985366,0.04623198,0.05211661,0.05768457,0.06303332,0.06822014,0.07327253,0.07819248,0.08296304,0.08755767
0.03985374,0.04623058,0.05211218,0.05767504,0.06301654,0.06819450,0.07323733,0.07814782,0.08290925,0.08749477
0.03985585,0.04623792,0.05212058,0.05767845,0.06300550,0.06815566,0.07315449,0.07800427,0.08269055,0.08719076
0.03985172,0.04623440,0.05211518,0.05767024,0.06299646,0.06815149,0.07316438,0.07803964,0.08276311,0.08731063
0.03985226,0.04623317,0.05211353,0.05767327,0.06301362,0.06819536,0.07324807,0.07817372,0.08295321,0.08755673
0.03984981,0.04623452,0.05211828,0.05768181,0.06302713,0.06821515,0.07327489,0.07820719,0.08299167,0.08759745
0.03984601,0.04623091,0.05211208,0.05767065,0.06300813,0.06818368,0.07322407,0.07812862,0.08287706,0.08744027
0.03985448,0.04624333,0.05212692,0.05768390,0.06301070,0.06816029,0.07315466,0.07799208,0.08265534,0.08712124
0.03986068,0.04624915,0.05213449,0.05769804,0.06303759,0.06820646,0.07322642,0.07809500,0.08279387,0.08729844
0.03985609,0.04624314,0.05212819,0.05769537,0.06304493,0.06823215,0.07327992,0.07818551,0.08292904,0.08748367
0.03985948,0.04624467,0.05212675,0.05768922,0.06303005,0.06820170,0.07322502,0.07809688,0.08279862,0.08730555
0.03984733,0.04623221,0.05211051,0.05766725,0.06300287,0.06817267,0.07320009,0.07808393,0.08280650,0.08734314
0.03985418,0.04624063,0.05212066,0.05767970,0.06301955,0.06819772,0.07324004,0.07814686,0.08290043,0.08747444
0.03987196,0.04626564,0.05215059,0.05771126,0.06304922,0.06822326,0.07326209,0.07816972,0.08293165,0.08752352
0.03986169,0.04625763,0.05214371,0.05770276,0.06303460,0.06819584,0.07321310,0.07808942,0.08281109,0.08735613
0.03986257,0.04625914,0.05214500,0.05770185,0.06302829,0.06818058,0.07318612,0.07804947,0.08275864,0.08729304
0.03986278,0.04626067,0.05214631,0.05770198,0.06302665,0.06817727,0.07318220,0.07804701,0.08276041,0.08730199
0.03985594,0.04626487,0.05215914,0.05771813,0.06303688,0.06816868,0.07313949,0.07795423,0.08260281,0.08706736
0.03986040,0.04627900,0.05218445,0.05775802,0.06309632,0.06825351,0.07325578,0.07810763,0.08279794,0.08730734
0.03986523,0.04628765,0.05219745,0.05777709,0.06312334,0.06828994,0.07330256,0.07816561,0.08286842,0.08739239
0.03985870,0.04628385,0.05219700,0.05778104,0.06313220,0.06830370,0.07332103,0.07818846,0.08289515,0.08742237
0.03985551,0.04627507,0.05217483,0.05773532,0.06305055,0.06817295,0.07312943,0.07792781,0.08256171,0.08701655
0.03986670,0.04628953,0.05219175,0.05775612,0.06307940,0.06821646,0.07319565,0.07802499,0.08269714,0.08719584
0.03985545,0.04628297,0.05219086,0.05775884,0.06308009,0.06820562,0.07316029,0.07794985,0.08256688,0.08699721
0.03985334,0.04628469,0.05219790,0.05777494,0.06311237,0.06826522,0.07326154,0.07810820,0.08279634,0.08730840
0.03986415,0.04630681,0.05223312,0.05782353,0.06317230,0.06833244,0.07333100,0.07817519,0.08285753,0.08736239
0.03984817,0.04629898,0.05223345,0.05783124,0.06318601,0.06835048,0.07335210,0.07819924,0.08288603,0.08739823
0.03985063,0.04629914,0.05223019,0.05782414,0.06317527,0.06833713,0.07333854,0.07818976,0.08288695,0.08741742
0.03985536,0.04630484,0.05223972,0.05783955,0.06319756,0.06836572,0.07337119,0.07822302,0.08291679,0.08743995
0.03985836,0.04631252,0.05225249,0.05785758,0.06322105,0.06839550,0.07340919,0.07827264,0.08298312,0.08752945
0.03985512,0.04630891,0.05224999,0.05785628,0.06321880,0.06838793,0.07339066,0.07823778,0.08292814,0.08745295
0.03985708,0.04631130,0.05224971,0.05784966,0.06320217,0.06835847,0.07334719,0.07818096,0.08286018,0.08737691
0.03985549,0.04631387,0.05225781,0.05786612,0.06323079,0.06840369,0.07341358,0.07827259,0.08298003,0.08752641
0.03985673,0.04632060,0.05227050,0.05788740,0.06326607,0.06846058,0.07350029,0.07839586,0.08314332,0.08772899
0.03985121,0.04631720,0.05226962,0.05788957,0.06327041,0.06846352,0.07349499,0.07837269,0.08309120,0.08763717
0.03984791,0.04631766,0.05227525,0.05790066,0.06328688,0.06848545,0.07352292,0.07840768,0.08313478,0.08769127
0.03983940,0.04631464,0.05228160,0.05791916,0.06332093,0.06853901,0.07359928,0.07850794,0.08325693,0.08783021
0.03984411,0.04632633,0.05230307,0.05795656,0.06338407,0.06864056,0.07375321,0.07872759,0.08355313,0.08821009
0.03984525,0.04633434,0.05232019,0.05798841,0.06343991,0.06873310,0.07389742,0.07893873,0.08384454,0.08859137
0.03984692,0.04633784,0.05232930,0.05800780,0.06347404,0.06878610,0.07397335,0.07904160,0.08397815,0.08875890
0.03986021,0.04635427,0.05235172,0.05804010,0.06352098,0.06885331,0.07406715,0.07916867,0.08414489,0.08897080
0.03986275,0.04635477,0.05234661,0.05802686,0.06349897,0.06882532,0.07404082,0.07915681,0.08416434,0.08904006
0.03986034,0.04635652,0.05235368,0.05804108,0.06352138,0.06885401,0.07406932,0.07917422,0.08415731,0.08899577
0.03984440,0.04633300,0.05232163,0.05799844,0.06346326,0.06877139,0.07394844,0.07899728,0.08390464,0.08864870
0.03984348,0.04633048,0.05231396,0.05798084,0.06343038,0.06871884,0.07387511,0.07890705,0.08380662,0.08855587
0.03983232,0.04632185,0.05230969,0.05798406,0.06344680,0.06875737,0.07394791,0.07902876,0.08399255,0.08881979
0.03983273,0.04632290,0.05231329,0.05799181,0.06345863,0.06877056,0.07395662,0.07902430,0.08396444,0.08875716
0.03983519,0.04632704,0.05232097,0.05800335,0.06347295,0.06878525,0.07396829,0.07902933,0.08395993,0.08874167
0.03983573,0.04633097,0.05232808,0.05801641,0.06349848,0.06883353,0.07405184,0.07916042,0.08414797,0.08899162
0.03983791,0.04632997,0.05232119,0.05799868,0.06346243,0.06876948,0.07394892,0.07900811,0.08393769,0.08871778
0.03983792,0.04633532,0.05233181,0.05801355,0.06348028,0.06878854,0.07396665,0.07902117,0.08394226,0.08871009
0.03984265,0.04634528,0.05234908,0.05804169,0.06352440,0.06885600,0.07406766,0.07916859,0.08415039,0.08899284
0.03983720,0.04633717,0.05233535,0.05802104,0.06349819,0.06882823,0.07404411,0.07915517,0.08415149,0.08901032
0.03982991,0.04632935,0.05232623,0.05800959,0.06348302,0.06880808,0.07401869,0.07912623,0.08412349,0.08899024
0.03982930,0.04632920,0.05232539,0.05800797,0.06348094,0.06880480,0.07401091,0.07910740,0.08408455,0.08892138
0.03983304,0.04633269,0.05232610,0.05800104,0.06345993,0.06876222,0.07393834,0.07899565,0.08392412,0.08870329
0.03983224,0.04633301,0.05233097,0.05801411,0.06348522,0.06880569,0.07400935,0.07910708,0.08409094,0.08894018
0.03983614,0.04634416,0.05235307,0.05804891,0.06353141,0.06885862,0.07406170,0.07915018,0.08411612,0.08894002
0.03982837,0.04633901,0.05234880,0.05804516,0.06352892,0.06885751,0.07405949,0.07914054,0.08408918,0.08888376
0.03983189,0.04634280,0.05235510,0.05805835,0.06355541,0.06890727,0.07414773,0.07928834,0.08432204,0.08922848
0.03983714,0.04635131,0.05236578,0.05807005,0.06356722,0.06891920,0.07416156,0.07930821,0.08435440,0.08928131
0.03983293,0.04635424,0.05237767,0.05809308,0.06360303,0.06896859,0.07422488,0.07938655,0.08445084,0.08940160
0.03984081,0.04636043,0.05237977,0.05808963,0.06359210,0.06894529,0.07417943,0.07930386,0.08431217,0.08918756
0.03983766,0.04636186,0.05238707,0.05810214,0.06360571,0.06895139,0.07416454,0.07925040,0.08420032,0.08899771
0.03983843,0.04636386,0.05239090,0.05810774,0.06361208,0.06895544,0.07416045,0.07922987,0.08415377,0.08891600
0.03983617,0.04636723,0.05239909,0.05812082,0.06363028,0.06897836,0.07418715,0.07925975,0.08418762,0.08895656
0.03983101,0.04636880,0.05240709,0.05813429,0.06364611,0.06898996,0.07418380,0.07922698,0.08410850,0.08881365
0.03983053,0.04636838,0.05240257,0.05812110,0.06361921,0.06894456,0.07411624,0.07913531,0.08399256,0.08867472
0.03983555,0.04637977,0.05241653,0.05813631,0.06363777,0.06897194,0.07416023,0.07920443,0.08409451,0.08881527
0.03982849,0.04638026,0.05242603,0.05815488,0.06366465,0.06900581,0.07419993,0.07925027,0.08414955,0.08888592
0.03983634,0.04638589,0.05242372,0.05813819,0.06362507,0.06893130,0.07407418,0.07905306,0.08385832,0.08847805
0.03983021,0.04637935,0.05241642,0.05813240,0.06362532,0.06894359,0.07410497,0.07910854,0.08394402,0.08859876
0.03983444,0.04638850,0.05243199,0.05815430,0.06365213,0.06897357,0.07413749,0.07914537,0.08398988,0.08866101
0.03983938,0.04639492,0.05244157,0.05816813,0.06366996,0.06899302,0.07415385,0.07915197,0.08397870,0.08862325
0.03984703,0.04640647,0.05245756,0.05819130,0.06370604,0.06905138,0.07424767,0.07929732,0.08419285,0.08892242
0.03986143,0.04642536,0.05248038,0.05821657,0.06373240,0.06907756,0.07427151,0.07931468,0.08419690,0.08890404
0.03985068,0.04641696,0.05247597,0.05821790,0.06374020,0.06909153,0.07429122,0.07934076,0.08423200,0.08895307
0.03983696,0.04640364,0.05246122,0.05819962,0.06371557,0.06905755,0.07424523,0.07928064,0.08415603,0.08885970
0.03984408,0.04641201,0.05246934,0.05820424,0.06371238,0.06904087,0.07420821,0.07921609,0.08405766,0.08872305
0.03984102,0.04640770,0.05246318,0.05819377,0.06369258,0.06900447,0.07414691,0.07912209,0.08392474,0.08854718
0.03983953,0.04640956,0.05246496,0.05819184,0.06368184,0.06897699,0.07409095,0.07902208,0.08376249,0.08830381
0.03983606,0.04640730,0.05246323,0.05819104,0.06368315,0.06898182,0.07410041,0.07903659,0.08378147,0.08832565
0.03982827,0.04639427,0.05244653,0.05817138,0.06366091,0.06895712,0.07407300,0.07900584,0.08374657,0.08828593
0.03983697,0.04640920,0.05246951,0.05820539,0.06370956,0.06902485,0.07416541,0.07912972,0.08390966,0.08849633
0.03983478,0.04640918,0.05247308,0.05821496,0.06372959,0.06906267,0.07423098,0.07923448,0.08406476,0.08871107
0.03983103,0.04640612,0.05246954,0.05820680,0.06371048,0.06902599,0.07417170,0.07915017,0.08395568,0.08857938
0.03984799,0.04642740,0.05249453,0.05823323,0.06373421,0.06904111,0.07417098,0.07912584,0.08390035,0.08848700
0.03985280,0.04643120,0.05249935,0.05824196,0.06374968,0.06906523,0.07420389,0.07916526,0.08394128,0.08852196
0.03986167,0.04644439,0.05252035,0.05827636,0.06380362,0.06914373,0.07430945,0.07929718,0.08409572,0.08869261
0.03986722,0.04644999,0.05252640,0.05828088,0.06380159,0.06912798,0.07427267,0.07923397,0.08400384,0.08857310
0.03986806,0.04645231,0.05252893,0.05828140,0.06379969,0.06912631,0.07427693,0.07925198,0.08404436,0.08864462
0.03987419,0.04645277,0.05252178,0.05826309,0.06376593,0.06907314,0.07420133,0.07915197,0.08391881,0.08849315
0.03986251,0.04644015,0.05250626,0.05824502,0.06374774,0.06906008,0.07420221,0.07917892,0.08398585,0.08861402
0.03985781,0.04643464,0.05249942,0.05823769,0.06374169,0.06905794,0.07420773,0.07919731,0.08402367,0.08867853
0.03986524,0.04645046,0.05252421,0.05827328,0.06379100,0.06912404,0.07429291,0.07930258,0.08414882,0.08882262
0.03987511,0.04646379,0.05254085,0.05829138,0.06380742,0.06913534,0.07429633,0.07929675,0.08413414,0.08880125
0.03987482,0.04647272,0.05255762,0.05831228,0.06382753,0.06914935,0.07429885,0.07928213,0.08409623,0.08873343
0.03986743,0.04646324,0.05254164,0.05828578,0.06378742,0.06909435,0.07423009,0.07920329,0.08401312,0.08865313
0.03985912,0.04645573,0.05253214,0.05826938,0.06375799,0.06904635,0.07416080,0.07911470,0.08391269,0.08855295
0.03986048,0.04645766,0.05253438,0.05827141,0.06375754,0.06903747,0.07413251,0.07905098,0.08379387,0.08835826
0.03985171,0.04644680,0.05252131,0.05825641,0.06374009,0.06901516,0.07410010,0.07900008,0.08371350,0.08823610
0.03984727,0.04644576,0.05253114,0.05828672,0.06380278,0.06912427,0.07427091,0.07924762,0.08405100,0.08867392
0.03983993,0.04643820,0.05252521,0.05828636,0.06381526,0.06916033,0.07434364,0.07937052,0.08423613,0.08893036
0.03984198,0.04644850,0.05254461,0.05831547,0.06385388,0.06920802,0.07440080,0.07943928,0.08432052,0.08903602
0.03984407,0.04645207,0.05254801,0.05831869,0.06385905,0.06921965,0.07442574,0.07948627,0.08439916,0.08915551
0.03984612,0.04645304,0.05254456,0.05830455,0.06382475,0.06915256,0.07431038,0.07930530,0.08413505,0.08879239
0.03983815,0.04644714,0.05253854,0.05829587,0.06381092,0.06913171,0.07428208,0.07927134,0.08409987,0.08876281
0.03982953,0.04643745,0.05252703,0.05828416,0.06380224,0.06913040,0.07429328,0.07930104,0.08415500,0.08885116
0.03984066,0.04645130,0.05254023,0.05829085,0.06379615,0.06910669,0.07425025,0.07924096,0.08408392,0.08877767
0.03983566,0.04644613,0.05253378,0.05828056,0.06377960,0.06908233,0.07421776,0.07920157,0.08404070,0.08873565
0.03982684,0.04643437,0.05251822,0.05826006,0.06375266,0.06904641,0.07416853,0.07913251,0.08394319,0.08859965
0.03984416,0.04645597,0.05254400,0.05828786,0.06377867,0.06906556,0.07417514,0.07912100,0.08390868,0.08853840
0.03983661,0.04645147,0.05254329,0.05829102,0.06378541,0.06907612,0.07419102,0.07914487,0.08394349,0.08858619
0.03984240,0.04645817,0.05255015,0.05829598,0.06378549,0.06906776,0.07417074,0.07911005,0.08389296,0.08852028
0.03982897,0.04644830,0.05253883,0.05827371,0.06373848,0.06897859,0.07401921,0.07887431,0.08355097,0.08805163
0.03983034,0.04644970,0.05254037,0.05827316,0.06373131,0.06895782,0.07397501,0.07879381,0.08341875,0.08785099
0.03982941,0.04645103,0.05253758,0.05825846,0.06369499,0.06888785,0.07385706,0.07861193,0.08315645,0.08749267
0.03983511,0.04646595,0.05256239,0.05829271,0.06373591,0.06892978,0.07389127,0.07862708,0.08313964,0.08743071
0.03982206,0.04644897,0.05253452,0.05824798,0.06366897,0.06883592,0.07376651,0.07846819,0.08294414,0.08719684
0.03982504,0.04645664,0.05254588,0.05826236,0.06368542,0.06885260,0.07378053,0.07847586,0.08294149,0.08718011
0.03980806,0.04644369,0.05253854,0.05826250,0.06369529,0.06887514,0.07381983,0.07853748,0.08303237,0.08730818
0.03980403,0.04644553,0.05254312,0.05826456,0.06368765,0.06884967,0.07376849,0.07845300,0.08290860,0.08714002
0.03980045,0.04644441,0.05254467,0.05827027,0.06370158,0.06887890,0.07382308,0.07854542,0.08305289,0.08735073
0.03980282,0.04644981,0.05255293,0.05828038,0.06371243,0.06889069,0.07383886,0.07857225,0.08310206,0.08743699
0.03980016,0.04644793,0.05255135,0.05827903,0.06371156,0.06888979,0.07383552,0.07856159,0.08307666,0.08738742
0.03980535,0.04645340,0.05255566,0.05828224,0.06371505,0.06889655,0.07385061,0.07859221,0.08313189,0.08747755
0.03981063,0.04646184,0.05257021,0.05830428,0.06374424,0.06893035,0.07388362,0.07861603,0.08313566,0.08744925
0.03981437,0.04646798,0.05257913,0.05831682,0.06376190,0.06895567,0.07392058,0.07867023,0.08321430,0.08756077
0.03980579,0.04646302,0.05258277,0.05833321,0.06379453,0.06900672,0.07399002,0.07875532,0.08330954,0.08765835
0.03981716,0.04648018,0.05260312,0.05835536,0.06381802,0.06903193,0.07401789,0.07878670,0.08334466,0.08769640
0.03982983,0.04649145,0.05261063,0.05835649,0.06381176,0.06902008,0.07400527,0.07878059,0.08335374,0.08772965
0.03983235,0.04649556,0.05261582,0.05836249,0.06381806,0.06902563,0.07400828,0.07877870,0.08334436,0.08771029
0.03983355,0.04649591,0.05262015,0.05837902,0.06385838,0.06910421,0.07414160,0.07898377,0.08363699,0.08810345
0.03983993,0.04651075,0.05264434,0.05841409,0.06390734,0.06917220,0.07423610,0.07911439,0.08381490,0.08834058
0.03984942,0.04652823,0.05266757,0.05844152,0.06393726,0.06920168,0.07425993,0.07912467,0.08380141,0.08829185
0.03985124,0.04653469,0.05267768,0.05845387,0.06394976,0.06921132,0.07426241,0.07911413,0.08377062,0.08823287
0.03984520,0.04653251,0.05268135,0.05846735,0.06397976,0.06926721,0.07435539,0.07925623,0.08397374,0.08850793
0.03983418,0.04652387,0.05267589,0.05846610,0.06398414,0.06927872,0.07437503,0.07928387,0.08400777,0.08854541
0.03983041,0.04652139,0.05267711,0.05847306,0.06399793,0.06929928,0.07440139,0.07931479,0.08404247,0.08858404
0.03983498,0.04652315,0.05267726,0.05847304,0.06399724,0.06929391,0.07438307,0.07927114,0.08395808,0.08844203
0.03983750,0.04652578,0.05268022,0.05847684,0.06400098,0.06929409,0.07437330,0.07924275,0.08390103,0.08834606
0.03983806,0.04652162,0.05266551,0.05844498,0.06394379,0.06920210,0.07423641,0.07905107,0.08364563,0.08801941
0.03982764,0.04651295,0.05265598,0.05843219,0.06392529,0.06917464,0.07419527,0.07898957,0.08355510,0.08788953
0.03984421,0.04653041,0.05267716,0.05846147,0.06396851,0.06923817,0.07428488,0.07910949,0.08370753,0.08807472
0.03983555,0.04652320,0.05267481,0.05847111,0.06399927,0.06929866,0.07438083,0.07924235,0.08387441,0.08826934
0.03984638,0.04653979,0.05269758,0.05849997,0.06403429,0.06934043,0.07443030,0.07930045,0.08394159,0.08834529
0.03984849,0.04654730,0.05271215,0.05852246,0.06406501,0.06937931,0.07447696,0.07935424,0.08400170,0.08841087
0.03985299,0.04654908,0.05271335,0.05852525,0.06407179,0.06939242,0.07449831,0.07938502,0.08404224,0.08846055
0.03984521,0.04655087,0.05272612,0.05855043,0.06411049,0.06944610,0.07456945,0.07947727,0.08416007,0.08860867
0.03984340,0.04655207,0.05272761,0.05854920,0.06410573,0.06944065,0.07457004,0.07949371,0.08420377,0.08869115
0.03984235,0.04654947,0.05272141,0.05853704,0.06408360,0.06940188,0.07450510,0.07939095,0.08405074,0.08847599
0.03984226,0.04655898,0.05274135,0.05857110,0.06413850,0.06948746,0.07463422,0.07957894,0.08431438,0.08883222
0.03984331,0.04655886,0.05274104,0.05857200,0.06414177,0.06949429,0.07464643,0.07959945,0.08434743,0.08888310
0.03984020,0.04655684,0.05273715,0.05856245,0.06412168,0.06945850,0.07459077,0.07952183,0.08424825,0.08876503
0.03983928,0.04655286,0.05272839,0.05854736,0.06409885,0.06942681,0.07454959,0.07947097,0.08418771,0.08869471
0.03983889,0.04655638,0.05273604,0.05855870,0.06411292,0.06944214,0.07456407,0.07948160,0.08419033,0.08868396
0.03984377,0.04656566,0.05275191,0.05858449,0.06415384,0.06950480,0.07465537,0.07960780,0.08435654,0.08889403
0.03985144,0.04658197,0.05277843,0.05862073,0.06419821,0.06955566,0.07471208,0.07967128,0.08442919,0.08897912
0.03985133,0.04658308,0.05278049,0.05862299,0.06420005,0.06955712,0.07471409,0.07967553,0.08443771,0.08899381
0.03985017,0.04658804,0.05279219,0.05864308,0.06423200,0.06960725,0.07479164,0.07979169,0.08460408,0.08922097
0.03984454,0.04658256,0.05278624,0.05863276,0.06421072,0.06956586,0.07471887,0.07967525,0.08443226,0.08898417
0.03984011,0.04657749,0.05277968,0.05862473,0.06420449,0.06957014,0.07474855,0.07975021,0.08457488,0.08921633
0.03983760,0.04658091,0.05279286,0.05865120,0.06424782,0.06963451,0.07483920,0.07987358,0.08473833,0.08942760
0.03983736,0.04658543,0.05280255,0.05866260,0.06425272,0.06961996,0.07478883,0.07977001,0.08456566,0.08917343
0.03983408,0.04658476,0.05280498,0.05866733,0.06425773,0.06962298,0.07478827,0.07976521,0.08455668,0.08916040
0.03984033,0.04659671,0.05282477,0.05869734,0.06430274,0.06969213,0.07489590,0.07993002,0.08479922,0.08950000
0.03983956,0.04660436,0.05284436,0.05873318,0.06435939,0.06977241,0.07499879,0.08004936,0.08492388,0.08961525
0.03984176,0.04660682,0.05284487,0.05872848,0.06434510,0.06974376,0.07495117,0.07997866,0.08482658,0.08948860
0.03984285,0.04661453,0.05285670,0.05874209,0.06435709,0.06974870,0.07494146,0.07994525,0.08476018,0.08938078
0.03984048,0.04660728,0.05284221,0.05872070,0.06433183,0.06972464,0.07492462,0.07994155,0.08477473,0.08941769
0.03985095,0.04662569,0.05286809,0.05875343,0.06437191,0.06977419,0.07498720,0.08002154,0.08487667,0.08954572
0.03984801,0.04661736,0.05285440,0.05873594,0.06435415,0.06976158,0.07498643,0.08003940,0.08491886,0.08961584
0.03983391,0.04660706,0.05285090,0.05874338,0.06437764,0.06980682,0.07505923,0.08014538,0.08506318,0.08980307
0.03983719,0.04661186,0.05285603,0.05874847,0.06438291,0.06981158,0.07506048,0.08013745,0.08503837,0.08975281
0.03983685,0.04661590,0.05286006,0.05874672,0.06436703,0.06977030,0.07498087,0.08000696,0.08484698,0.08949437
0.03983407,0.04660732,0.05284597,0.05872735,0.06434208,0.06973909,0.07494252,0.07996073,0.08479269,0.08943284
0.03983521,0.04661602,0.05286461,0.05875910,0.06439135,0.06981222,0.07504856,0.08011166,0.08500279,0.08971747
0.03983523,0.04662111,0.05287558,0.05877532,0.06441000,0.06982867,0.07505651,0.08010297,0.08496746,0.08964400
0.03983530,0.04662494,0.05288417,0.05879138,0.06443794,0.06987419,0.07512517,0.08019837,0.08508991,0.08979015
0.03984392,0.04663039,0.05288098,0.05877204,0.06439509,0.06980192,0.07501996,0.08005954,0.08491960,0.08959289
0.03984330,0.04663377,0.05289046,0.05878746,0.06441536,0.06982608,0.07504749,0.08009025,0.08495343,0.08962978
0.03984308,0.04664201,0.05290543,0.05880463,0.06442732,0.06982288,0.07501751,0.08002164,0.08483581,0.08945572
0.03985801,0.04666307,0.05293369,0.05884124,0.06447261,0.06987581,0.07507495,0.08007781,0.08488218,0.08948162
0.03986445,0.04666750,0.05293294,0.05883425,0.06445982,0.06985794,0.07505179,0.08004721,0.08483969,0.08942074
0.03987439,0.04668636,0.05296376,0.05887829,0.06451782,0.06993125,0.07514309,0.08016067,0.08498043,0.08959399
0.03987683,0.04670013,0.05298829,0.05891210,0.06455883,0.06997837,0.07519797,0.08022865,0.08507027,0.08971655
0.03988660,0.04671606,0.05300823,0.05893210,0.06457454,0.06998600,0.07519468,0.08021256,0.08504036,0.08967256
0.03988337,0.04671500,0.05300793,0.05892920,0.06456262,0.06995561,0.07513451,0.08011126,0.08488845,0.08946370
0.03988859,0.04672098,0.05301211,0.05892688,0.06454739,0.06992069,0.07507418,0.08002203,0.08476960,0.08931732
0.03990214,0.04673957,0.05304042,0.05896860,0.06460461,0.06999360,0.07516088,0.08011857,0.08487027,0.08941522
0.03989905,0.04673997,0.05304569,0.05897890,0.06462000,0.07001500,0.07519027,0.08015825,0.08492172,0.08947821
0.03990081,0.04673824,0.05303630,0.05895461,0.06457214,0.06993498,0.07507081,0.07999401,0.08470929,0.08921553
0.03990622,0.04674924,0.05305445,0.05898143,0.06460971,0.06998714,0.07514351,0.08009458,0.08484500,0.08939216
0.03990114,0.04674464,0.05304883,0.05897414,0.06460116,0.06997837,0.07513540,0.08008722,0.08483747,0.08938254
0.03990129,0.04674699,0.05305239,0.05897877,0.06460641,0.06998229,0.07513351,0.08007221,0.08479981,0.08931182
0.03989965,0.04674562,0.05304948,0.05897215,0.06459308,0.06995919,0.07509909,0.08002806,0.08475153,0.08926889
0.03990860,0.04675689,0.05306415,0.05899251,0.06462151,0.06999695,0.07514549,0.08008019,0.08480454,0.08931665
0.03990328,0.04675598,0.05306667,0.05900037,0.06463719,0.07002111,0.07517586,0.08011170,0.08483039,0.08932955
0.03990369,0.04675875,0.05307671,0.05902200,0.06467313,0.07007228,0.07524142,0.08018923,0.08491617,0.08941901
0.03990228,0.04675543,0.05306984,0.05901166,0.06466054,0.07005876,0.07522715,0.08017228,0.08489203,0.08938083
0.03990879,0.04676231,0.05307427,0.05900846,0.06464131,0.07001278,0.07514308,0.08003967,0.08470211,0.08912658
0.03990997,0.04676964,0.05308787,0.05902961,0.06467269,0.07005882,0.07521013,0.08013548,0.08483483,0.08930355
0.03991222,0.04677117,0.05308782,0.05902622,0.06466201,0.07003423,0.07516266,0.08005478,0.08471037,0.08912580
0.03991982,0.04678740,0.05311433,0.05906574,0.06471841,0.07011231,0.07526732,0.08018998,0.08487815,0.08932585
0.03991918,0.04678831,0.05311434,0.05906473,0.06471844,0.07011658,0.07527894,0.08021083,0.08490827,0.08936341
0.03991579,0.04679163,0.05312197,0.05907392,0.06472636,0.07012038,0.07527605,0.08019934,0.08488722,0.08933279
0.03992566,0.04680384,0.05313437,0.05908665,0.06474070,0.07013738,0.07529551,0.08021947,0.08490490,0.08934417
0.03991559,0.04679204,0.05311711,0.05906220,0.06470907,0.07009979,0.07525378,0.08017544,0.08486006,0.08929952
0.03990660,0.04678241,0.05310561,0.05904816,0.06469176,0.07007766,0.07522421,0.08013512,0.08480566,0.08922834
0.03990683,0.04678070,0.05309913,0.05903428,0.06466709,0.07003793,0.07516464,0.08005126,0.08469423,0.08908763
0.03990107,0.04677697,0.05309753,0.05903320,0.06466257,0.07002339,0.07513158,0.07999053,0.08459754,0.08894863
0.03990027,0.04677959,0.05310441,0.05904267,0.06467163,0.07002896,0.07513148,0.07998404,0.08458545,0.08893288
0.03990621,0.04678828,0.05311365,0.05905110,0.06467934,0.07003706,0.07514127,0.07999640,0.08460057,0.08895041
0.03989359,0.04677475,0.05309507,0.05902260,0.06463568,0.06997293,0.07505176,0.07987761,0.08445011,0.08876763
0.03988784,0.04677637,0.05310723,0.05904663,0.06467313,0.07002714,0.07512808,0.07998249,0.08458962,0.08894616
0.03988959,0.04678169,0.05311381,0.05904991,0.06466604,0.07000064,0.07507242,0.07988849,0.08444976,0.08875514
0.03989860,0.04679562,0.05313732,0.05908940,0.06472659,0.07008486,0.07518043,0.08001853,0.08459888,0.08891982
0.03989369,0.04678957,0.05312586,0.05906828,0.06469181,0.07003346,0.07511095,0.07993105,0.08449461,0.08880059
0.03989509,0.04679118,0.05312744,0.05906791,0.06468632,0.07001912,0.07508428,0.07988954,0.08443713,0.08872738
0.03990013,0.04679910,0.05313797,0.05908247,0.06470825,0.07005330,0.07513641,0.07996520,0.08454107,0.08886316
0.03989683,0.04680484,0.05315449,0.05911210,0.06475426,0.07012038,0.07523046,0.08009260,0.08470770,0.08907359
0.03989225,0.04680144,0.05315242,0.05911118,0.06475534,0.07012552,0.07524248,0.08011423,0.08474087,0.08911912
0.03988849,0.04679530,0.05314365,0.05909750,0.06473215,0.07008665,0.07518139,0.08002528,0.08462022,0.08896508
0.03989463,0.04680284,0.05315535,0.05911757,0.06476690,0.07014499,0.07527435,0.08016465,0.08481693,0.08922787
0.03989699,0.04680490,0.05315377,0.05910589,0.06473594,0.07008376,0.07517130,0.08000903,0.08460005,0.08894387
0.03989379,0.04680777,0.05316449,0.05912568,0.06476602,0.07012539,0.07522570,0.08007732,0.08468314,0.08904232
0.03989068,0.04680335,0.05316459,0.05913664,0.06479354,0.07017367,0.07529697,0.08017189,0.08479972,0.08917876
0.03988808,0.04680451,0.05316739,0.05913934,0.06479498,0.07017405,0.07529871,0.08017991,0.08482129,0.08922273
0.03989584,0.04682284,0.05319885,0.05918650,0.06486190,0.07026645,0.07542298,0.08034186,0.08502526,0.08947136
0.03989674,0.04682622,0.05320565,0.05919931,0.06488487,0.07030509,0.07548373,0.08043125,0.08514895,0.08963337
0.03990501,0.04683919,0.05322139,0.05921632,0.06490296,0.07032541,0.07550836,0.08046274,0.08518989,0.08968614
0.03990928,0.04684801,0.05323612,0.05923960,0.06493854,0.07037789,0.07558292,0.08056486,0.08532499,0.08985914
0.03990986,0.04685935,0.05325618,0.05926477,0.06496407,0.07039898,0.07559587,0.08056785,0.08531835,0.08984506
0.03991418,0.04686670,0.05326630,0.05927968,0.06498730,0.07043479,0.07564853,0.08064108,0.08541493,0.08996657
0.03991487,0.04686896,0.05327030,0.05928409,0.06499071,0.07043764,0.07565445,0.08065720,0.08545093,0.09003320
0.03991683,0.04687520,0.05328190,0.05930264,0.06501827,0.07047712,0.07571001,0.08073427,0.08555579,0.09017222
0.03992460,0.04688785,0.05329733,0.05931851,0.06503092,0.07048128,0.07569906,0.08070090,0.08549291,0.09007377
0.03992320,0.04689203,0.05330881,0.05934172,0.06507266,0.07055037,0.07580551,0.08085464,0.08570238,0.09034494
0.03992378,0.04688759,0.05329746,0.05932187,0.06504365,0.07051317,0.07576348,0.08081385,0.08567138,0.09033388
0.03992028,0.04689586,0.05332465,0.05937464,0.06512784,0.07063431,0.07592698,0.08102461,0.08593307,0.09064832
0.03992239,0.04689910,0.05333119,0.05938449,0.06513834,0.07064072,0.07592357,0.08100585,0.08589451,0.09058703
0.03992319,0.04690179,0.05333195,0.05937967,0.06512670,0.07062411,0.07590676,0.08099589,0.08589971,0.09061585
0.03992027,0.04690020,0.05332947,0.05937447,0.06511753,0.07061139,0.07589368,0.08098883,0.08590778,0.09064957
0.03991831,0.04689807,0.05332675,0.05937069,0.06511237,0.07060500,0.07588700,0.08098374,0.08590693,0.09065597
0.03992253,0.04690812,0.05334413,0.05939861,0.06515547,0.07066866,0.07597717,0.08110684,0.08606946,0.09086381
0.03991676,0.04690658,0.05334799,0.05940765,0.06516854,0.07068359,0.07599025,0.08111246,0.08606043,0.09083222
0.03991549,0.04690103,0.05333678,0.05939111,0.06514860,0.07066363,0.07597495,0.08110764,0.08607250,0.09086752
0.03992611,0.04691554,0.05335061,0.05940002,0.06515092,0.07066145,0.07597462,0.08111932,0.08610901,0.09094237
0.03992617,0.04691737,0.05335077,0.05939561,0.06513790,0.07063303,0.07592001,0.08102381,0.08595539,0.09071345
0.03993242,0.04692480,0.05336118,0.05940890,0.06515255,0.07064624,0.07592759,0.08102006,0.08593341,0.09066597
0.03993857,0.04693913,0.05338403,0.05943949,0.06518892,0.07068485,0.07596322,0.08104625,0.08594328,0.09065307
0.03993089,0.04693784,0.05339473,0.05946924,0.06524537,0.07077507,0.07609269,0.08121794,0.08615701,0.09090542
0.03992953,0.04693692,0.05339217,0.05946330,0.06523509,0.07076060,0.07607552,0.08120110,0.08614496,0.09090360
0.03993832,0.04695017,0.05341113,0.05948926,0.06527076,0.07081010,0.07614341,0.08129110,0.08625898,0.09104153
0.03993136,0.04694239,0.05340275,0.05948017,0.06525980,0.07079445,0.07611860,0.08125155,0.08619885,0.09095539
0.03993888,0.04695101,0.05340812,0.05948068,0.06525706,0.07079263,0.07612343,0.08126932,0.08623561,0.09101640
0.03994470,0.04696177,0.05342226,0.05949724,0.06527401,0.07080506,0.07612265,0.08124332,0.08617077,0.09089971
0.03994669,0.04697228,0.05344454,0.05953430,0.06532862,0.07087931,0.07621690,0.08135541,0.08629580,0.09103072
0.03996814,0.04699642,0.05347015,0.05955988,0.06535163,0.07089647,0.07622548,0.08135465,0.08628780,0.09102014
0.03996062,0.04699144,0.05347063,0.05956957,0.06537455,0.07093544,0.07628122,0.08142581,0.08637149,0.09111272
0.03995389,0.04698786,0.05347328,0.05958375,0.06540764,0.07099650,0.07638085,0.08157574,0.08658394,0.09139936
0.03996032,0.04699847,0.05348770,0.05959789,0.06541394,0.07098558,0.07634381,0.08150643,0.08648056,0.09126482
0.03995878,0.04698915,0.05346785,0.05956626,0.06537079,0.07093227,0.07628228,0.08143906,0.08641007,0.09119440
0.03995269,0.04698430,0.05346666,0.05957028,0.06538051,0.07094715,0.07630117,0.08146064,0.08643326,0.09121852
0.03994781,0.04698155,0.05346590,0.05956939,0.06537570,0.07093174,0.07626454,0.08138848,0.08630915,0.09102631
0.03994586,0.04698116,0.05346957,0.05958171,0.06540299,0.07098176,0.07634629,0.08151191,0.08648462,0.09126362
0.03994794,0.04699016,0.05348478,0.05959916,0.06541492,0.07097621,0.07630776,0.08142305,0.08632852,0.09102602
0.03994952,0.04699024,0.05348083,0.05958856,0.06539501,0.07094404,0.07626010,0.08135670,0.08624071,0.09091481
0.03994728,0.04698938,0.05347895,0.05958382,0.06538620,0.07093179,0.07624794,0.08135113,0.08625033,0.09094887
0.03994323,0.04698755,0.05348421,0.05960139,0.06542128,0.07098972,0.07633450,0.08147274,0.08641385,0.09116105
0.03994136,0.04698431,0.05348120,0.05960125,0.06542807,0.07100946,0.07637549,0.08154516,0.08652869,0.09132864
0.03993761,0.04698704,0.05348867,0.05961327,0.06544728,0.07104159,0.07642813,0.08162565,0.08664213,0.09147675
0.03995274,0.04700387,0.05350589,0.05962859,0.06545738,0.07104323,0.07641982,0.08160930,0.08662391,0.09146663
0.03995374,0.04700574,0.05350608,0.05962474,0.06544831,0.07102961,0.07640444,0.08159679,0.08661989,0.09147679
0.03995485,0.04701845,0.05353142,0.05966152,0.06549437,0.07108158,0.07645737,0.08164427,0.08665495,0.09149332
0.03995712,0.04702483,0.05353763,0.05966267,0.06548456,0.07105279,0.07639834,0.08154033,0.08648908,0.09124827
0.03996304,0.04703127,0.05354253,0.05966264,0.06547415,0.07102529,0.07634724,0.08146063,0.08637824,0.09110641
0.03995874,0.04702613,0.05353571,0.05965315,0.06546076,0.07100589,0.07631821,0.08141658,0.08631206,0.09100992
0.03996297,0.04703267,0.05354407,0.05966134,0.06546763,0.07101301,0.07633081,0.08144318,0.08636312,0.09109596
0.03996848,0.04704279,0.05356127,0.05968863,0.06550966,0.07107642,0.07642444,0.08157788,0.08655095,0.09134886
0.03997300,0.04704265,0.05355893,0.05968953,0.06552151,0.07110860,0.07648696,0.08167981,0.08669901,0.09154641
0.03996310,0.04703579,0.05355782,0.05969682,0.06553961,0.07113868,0.07652787,0.08172770,0.08674764,0.09158817
0.03996743,0.04705008,0.05358321,0.05973496,0.06559222,0.07120762,0.07661523,0.08183588,0.08687944,0.09174677
0.03996064,0.04705519,0.05360279,0.05977156,0.06564861,0.07128621,0.07671710,0.08195994,0.08702212,0.09190242
0.03996945,0.04707040,0.05362774,0.05981019,0.06570608,0.07136979,0.07683701,0.08212934,0.08725604,0.09221591
0.03997065,0.04707081,0.05362330,0.05979727,0.06568155,0.07133169,0.07678496,0.08206455,0.08718091,0.09213345
0.03997355,0.04707688,0.05363712,0.05982700,0.06573789,0.07142681,0.07693118,0.08227265,0.08745849,0.09248386
0.03997250,0.04707792,0.05364338,0.05984060,0.06576109,0.07146264,0.07698316,0.08234394,0.08755104,0.09259795
0.03997228,0.04707228,0.05363248,0.05982950,0.06575919,0.07148173,0.07703488,0.08243736,0.08769108,0.09278499
0.03995654,0.04704959,0.05360415,0.05979723,0.06572280,0.07143761,0.07697545,0.08235192,0.08756753,0.09261173
0.03995311,0.04705427,0.05361769,0.05981725,0.06574330,0.07145066,0.07697373,0.08233070,0.08752535,0.09254993
0.03996875,0.04707626,0.05364857,0.05986006,0.06580156,0.07152850,0.07707561,0.08246059,0.08768572,0.09274112
0.03996754,0.04707407,0.05364555,0.05985780,0.06580214,0.07153375,0.07708679,0.08247862,0.08771159,0.09277616
0.03996597,0.04707065,0.05364227,0.05985786,0.06581142,0.07156078,0.07714111,0.08256799,0.08783939,0.09294012
0.03996780,0.04707223,0.05364046,0.05984774,0.06578671,0.07151389,0.07706306,0.08244847,0.08766719,0.09270397
0.03996770,0.04707198,0.05364576,0.05986660,0.06582901,0.07159061,0.07718536,0.08262665,0.08790972,0.09301675
0.03997186,0.04707848,0.05365866,0.05989002,0.06586723,0.07164901,0.07727165,0.08275154,0.08808642,0.09325943
0.03997300,0.04707852,0.05365913,0.05989520,0.06588584,0.07169505,0.07736393,0.08291140,0.08833413,0.09361053
0.03997293,0.04708384,0.05366378,0.05989167,0.06586684,0.07165635,0.07730698,0.08284438,0.08827090,0.09356790
0.03996784,0.04707247,0.05364225,0.05985528,0.06581052,0.07157553,0.07719834,0.08270632,0.08810352,0.09337259
0.03996816,0.04707578,0.05364832,0.05986560,0.06582845,0.07160629,0.07724932,0.08278746,0.08822685,0.09355081
0.03996903,0.04707668,0.05364842,0.05986329,0.06581966,0.07158360,0.07720256,0.08270583,0.08810189,0.09337885
0.03995038,0.04705388,0.05361626,0.05981615,0.06574964,0.07147934,0.07704877,0.08248369,0.08779076,0.09295887
0.03994974,0.04705247,0.05361318,0.05981205,0.06574875,0.07149166,0.07709121,0.08257913,0.08796466,0.09323484
0.03994850,0.04705295,0.05361526,0.05981545,0.06575386,0.07150088,0.07710945,0.08261315,0.08802189,0.09332224
0.03994680,0.04704829,0.05361132,0.05981461,0.06575521,0.07149884,0.07709264,0.08256431,0.08791952,0.09314374
0.03995384,0.04705549,0.05361986,0.05982593,0.06577148,0.07152270,0.07712668,0.08261049,0.08797891,0.09321655
0.03995587,0.04705788,0.05361842,0.05981389,0.06573812,0.07145327,0.07700384,0.08241685,0.08769974,0.09284176
0.03995855,0.04706146,0.05361969,0.05981376,0.06574195,0.07147089,0.07704867,0.08250381,0.08784231,0.09304925
0.03996119,0.04707004,0.05363453,0.05983254,0.06575840,0.07147422,0.07702444,0.08243633,0.08771781,0.09285864
0.03996012,0.04707082,0.05363539,0.05983273,0.06575910,0.07147795,0.07703363,0.08245182,0.08773795,0.09287937
0.03996474,0.04707533,0.05364139,0.05984097,0.06576915,0.07148818,0.07704109,0.08245212,0.08772551,0.09284794
0.03996544,0.04708081,0.05365378,0.05986235,0.06580118,0.07153240,0.07709933,0.08252674,0.08781903,0.09296235
0.03996577,0.04708414,0.05365909,0.05986814,0.06580633,0.07153670,0.07710437,0.08253670,0.08784101,0.09300571
0.03996029,0.04707660,0.05365450,0.05987263,0.06582495,0.07157188,0.07715534,0.08260004,0.08791183,0.09307898
0.03995157,0.04706340,0.05363820,0.05985206,0.06579397,0.07151818,0.07706101,0.08244408,0.08767390,0.09274309
0.03995230,0.04706207,0.05363308,0.05984146,0.06577668,0.07149487,0.07703597,0.08242615,0.08767595,0.09278010
0.03994626,0.04705356,0.05361945,0.05981856,0.06573660,0.07142438,0.07691598,0.08223277,0.08738323,0.09236368
0.03994818,0.04705856,0.05362799,0.05983066,0.06575330,0.07144814,0.07694989,0.08227930,0.08744325,0.09243607
0.03993985,0.04705796,0.05363793,0.05985373,0.06579210,0.07150524,0.07702745,0.08237835,0.08756304,0.09257386
0.03993588,0.04705208,0.05363577,0.05986404,0.06582739,0.07158080,0.07715886,0.08257841,0.08783916,0.09292685
0.03994888,0.04707178,0.05366342,0.05990098,0.06587512,0.07164197,0.07723827,0.08268330,0.08797858,0.09311033
0.03994928,0.04707913,0.05367767,0.05992289,0.06590608,0.07168412,0.07729498,0.08275968,0.08808130,0.09324659
0.03995680,0.04709400,0.05370206,0.05995678,0.06594809,0.07173243,0.07734847,0.08281868,0.08814780,0.09332380
0.03995599,0.04709725,0.05370882,0.05996629,0.06595943,0.07174360,0.07735484,0.08281197,0.08811642,0.09325467
0.03994843,0.04709660,0.05371713,0.05998660,0.06599558,0.07180077,0.07744035,0.08293542,0.08828855,0.09348543
0.03995359,0.04710953,0.05373579,0.06000752,0.06601304,0.07180704,0.07742664,0.08289321,0.08821085,0.09336763
0.03995989,0.04713196,0.05377826,0.06007555,0.06611642,0.07196053,0.07764827,0.08320060,0.08861721,0.09387902
0.03997251,0.04713960,0.05377897,0.06006522,0.06608691,0.07189975,0.07754157,0.08303345,0.08837829,0.09356254
0.03996996,0.04714031,0.05378891,0.06009283,0.06614248,0.07199431,0.07768564,0.08323552,0.08864346,0.09389190
0.03997125,0.04713700,0.05377356,0.06005554,0.06607083,0.07187390,0.07750114,0.08297243,0.08829036,0.09344223
0.03997167,0.04713679,0.05377244,0.06005154,0.06606023,0.07185212,0.07746325,0.08291330,0.08820482,0.09332549
0.03997315,0.04714319,0.05378475,0.06006997,0.06608532,0.07188584,0.07751021,0.08298174,0.08830672,0.09347551
0.03997625,0.04715236,0.05380250,0.06009965,0.06613079,0.07195044,0.07759591,0.08308877,0.08843384,0.09362068
0.03997788,0.04715135,0.05379914,0.06009448,0.06612337,0.07193843,0.07757429,0.08304964,0.08836698,0.09351506
0.03997655,0.04714720,0.05378940,0.06007843,0.06610071,0.07190788,0.07753285,0.08299250,0.08828804,0.09340771
0.03997678,0.04714356,0.05378080,0.06006735,0.06609572,0.07192478,0.07759393,0.08312389,0.08851584,0.09375409
0.03998410,0.04715168,0.05378843,0.06007388,0.06610138,0.07193142,0.07760580,0.08314761,0.08855929,0.09382468
0.03997727,0.04714194,0.05377528,0.06005619,0.06607736,0.07189728,0.07755446,0.08306871,0.08844074,0.09365500
0.03997585,0.04714036,0.05377542,0.06006038,0.06608886,0.07192060,0.07759519,0.08313283,0.08853345,0.09377980
0.03997565,0.04713893,0.05377187,0.06005411,0.06607744,0.07189814,0.07755133,0.08305275,0.08839936,0.09357339
0.03997259,0.04713849,0.05377308,0.06005887,0.06609339,0.07194008,0.07764054,0.08321382,0.08865558,0.09394251
0.03997164,0.04713629,0.05376293,0.06003255,0.06604093,0.07185056,0.07750343,0.08302087,0.08840225,0.09362845
0.03996458,0.04713103,0.05376456,0.06004726,0.06607819,0.07192441,0.07763212,0.08322448,0.08869931,0.09403277
0.03996122,0.04713020,0.05376255,0.06003814,0.06605448,0.07187763,0.07755331,0.08310516,0.08853283,0.09381538
0.03997246,0.04714972,0.05379385,0.06008775,0.06613223,0.07199524,0.07772221,0.08333434,0.08882738,0.09417618
0.03997817,0.04716123,0.05381213,0.06011042,0.06615425,0.07201170,0.07773167,0.08334112,0.08884158,0.09421166
0.03997315,0.04715647,0.05380310,0.06009141,0.06611894,0.07195335,0.07764336,0.08321640,0.08867549,0.09400161
0.03997143,0.04715554,0.05380397,0.06009995,0.06614675,0.07201836,0.07776894,0.08342813,0.08899633,0.09444744
0.03997184,0.04716245,0.05381729,0.06011934,0.06617273,0.07205388,0.07782058,0.08350563,0.08911047,0.09460731
0.03997354,0.04717004,0.05383138,0.06014139,0.06620413,0.07209574,0.07787384,0.08357166,0.08919150,0.09470645
0.03998448,0.04717894,0.05383825,0.06014726,0.06621162,0.07210834,0.07789439,0.08360060,0.08922595,0.09474060
0.03998752,0.04718429,0.05384320,0.06014701,0.06619950,0.07207639,0.07783451,0.08350637,0.08909454,0.09457378
0.03998778,0.04718881,0.05385903,0.06017963,0.06625261,0.07215238,0.07793494,0.08363226,0.08924649,0.09475194
0.03999640,0.04720070,0.05387711,0.06020678,0.06629047,0.07220045,0.07799039,0.08369070,0.08930323,0.09480328
0.03999277,0.04719860,0.05387871,0.06021390,0.06630238,0.07221121,0.07798693,0.08365325,0.08920853,0.09462931
0.03999635,0.04719897,0.05387296,0.06019802,0.06627156,0.07215971,0.07790838,0.08354133,0.08905799,0.09443672
0.04000297,0.04721116,0.05389097,0.06022163,0.06629963,0.07218963,0.07793587,0.08356099,0.08906449,0.09442606
0.03999722,0.04720663,0.05389009,0.06022726,0.06631354,0.07221166,0.07796424,0.08359343,0.08909960,0.09446428
0.03999914,0.04721440,0.05390518,0.06025132,0.06634879,0.07226329,0.07804256,0.08371401,0.08928088,0.09472372
0.03999872,0.04721873,0.05391260,0.06026072,0.06635905,0.07227182,0.07804455,0.08370306,0.08925072,0.09467015
0.03999993,0.04722287,0.05392018,0.06027129,0.06637264,0.07229084,0.07807516,0.08375533,0.08933718,0.09480345
0.03999444,0.04722086,0.05392429,0.06028492,0.06640129,0.07234278,0.07816130,0.08388835,0.08953025,0.09506866
0.04000114,0.04722574,0.05392719,0.06028825,0.06641239,0.07237729,0.07824644,0.08406335,0.08984212,0.09556395
0.04000894,0.04723634,0.05394160,0.06030896,0.06644475,0.07243020,0.07833222,0.08419667,0.09003769,0.09583376
0.04001142,0.04724439,0.05395735,0.06033533,0.06648691,0.07249585,0.07843043,0.08433530,0.09022050,0.09605881
0.04001634,0.04725104,0.05396841,0.06035107,0.06650101,0.07248987,0.07836963,0.08416961,0.08989248,0.09551575
0.04002938,0.04726803,0.05398987,0.06037943,0.06653919,0.07254023,0.07843310,0.08424519,0.08997738,0.09560619
0.04001695,0.04725491,0.05397526,0.06036306,0.06652145,0.07252148,0.07841270,0.08422084,0.08994501,0.09556050
0.04002400,0.04726154,0.05398069,0.06036841,0.06652884,0.07253304,0.07842980,0.08424350,0.08997157,0.09558763
0.04002750,0.04726713,0.05398749,0.06037158,0.06651589,0.07248210,0.07831051,0.08402085,0.08961194,0.09506480
0.04003649,0.04728581,0.05401483,0.06040884,0.06656436,0.07254177,0.07837944,0.08409551,0.08968831,0.09513984
0.04004238,0.04729543,0.05402678,0.06042026,0.06657089,0.07253786,0.07835907,0.08405333,0.08962076,0.09504563
0.04004201,0.04730041,0.05403923,0.06043945,0.06659260,0.07255525,0.07836510,0.08404356,0.08959538,0.09500997
0.04003998,0.04730231,0.05404507,0.06045450,0.06663123,0.07264420,0.07854460,0.08436459,0.09011272,0.09577278
0.04004090,0.04730412,0.05405108,0.06046964,0.06665915,0.07268631,0.07860099,0.08443577,0.09020086,0.09588175
0.04002920,0.04728918,0.05403405,0.06045361,0.06664952,0.07268893,0.07861940,0.08446920,0.09024382,0.09592549
0.04002826,0.04728508,0.05402486,0.06043901,0.06663113,0.07266890,0.07859833,0.08444483,0.09021138,0.09587944
0.04002026,0.04727586,0.05401299,0.06042238,0.06660451,0.07262147,0.07851144,0.08429124,0.08995732,0.09548919
0.04002859,0.04728631,0.05402546,0.06043599,0.06661573,0.07262314,0.07849267,0.08423859,0.08985729,0.09533116
0.04002504,0.04728743,0.05403235,0.06044877,0.06663416,0.07264725,0.07852274,0.08427454,0.08989781,0.09537323
0.04002099,0.04728004,0.05401827,0.06042224,0.06658678,0.07256937,0.07840631,0.08411581,0.08969857,0.09513996
0.04001838,0.04728145,0.05402353,0.06043478,0.06661680,0.07263690,0.07854227,0.08435937,0.09009084,0.09571633
0.04001625,0.04728745,0.05403853,0.06045960,0.06665144,0.07267951,0.07858747,0.08439684,0.09010529,0.09568943
0.04001864,0.04729508,0.05405276,0.06048114,0.06667942,0.07271061,0.07861569,0.08441376,0.09010085,0.09565331
0.04001361,0.04729014,0.05404777,0.06047418,0.06666713,0.07268809,0.07857673,0.08435198,0.09001165,0.09553549
0.04002435,0.04730873,0.05407112,0.06049713,0.06668289,0.07268802,0.07855004,0.08428643,0.08989513,0.09535791
0.04001942,0.04730642,0.05407483,0.06051231,0.06671851,0.07275718,0.07866913,0.08447266,0.09016330,0.09571784
0.04001340,0.04729876,0.05406929,0.06051255,0.06672759,0.07277763,0.07870354,0.08452427,0.09023598,0.09581533
0.04001408,0.04729772,0.05406707,0.06051295,0.06673882,0.07281319,0.07878194,0.08466691,0.09046345,0.09614352
0.04001412,0.04730988,0.05409452,0.06055979,0.06681314,0.07292884,0.07895770,0.08492298,0.09081674,0.09660378
0.04001289,0.04730261,0.05408188,0.06054388,0.06679696,0.07291431,0.07894372,0.08490469,0.09078658,0.09655383
0.04002349,0.04731582,0.05409923,0.06056609,0.06682390,0.07294625,0.07898413,0.08496331,0.09088034,0.09670467
0.04002429,0.04732398,0.05411840,0.06060078,0.06688086,0.07303527,0.07911823,0.08515789,0.09115098,0.09706422
0.04002525,0.04733110,0.05413261,0.06061975,0.06689813,0.07303913,0.07909184,0.08508160,0.09100645,0.09683861
0.04002826,0.04733544,0.05413639,0.06061630,0.06687455,0.07297672,0.07896846,0.08487577,0.09070186,0.09642696
0.04002701,0.04733637,0.05414150,0.06062500,0.06688295,0.07297616,0.07894465,0.08480952,0.09057183,0.09621373
0.04002645,0.04733410,0.05413679,0.06061865,0.06687735,0.07297597,0.07895732,0.08484486,0.09064050,0.09632506
0.04002253,0.04733254,0.05413700,0.06061816,0.06687300,0.07296567,0.07894185,0.08482887,0.09063186,0.09633282
0.04002007,0.04733243,0.05414029,0.06062716,0.06689465,0.07301328,0.07903494,0.08499062,0.09088465,0.09669362
0.04002392,0.04734737,0.05416355,0.06065701,0.06692996,0.07305352,0.07908039,0.08504274,0.09094629,0.09676855
0.04001924,0.04734306,0.05416079,0.06065582,0.06692462,0.07302774,0.07900457,0.08487578,0.09064259,0.09628760
0.04003034,0.04736153,0.05419036,0.06069954,0.06698286,0.07309657,0.07907490,0.08493388,0.09067200,0.09627201
0.04002320,0.04735715,0.05418692,0.06069144,0.06696119,0.07304952,0.07898871,0.08479445,0.09046691,0.09599230
0.04001756,0.04735264,0.05418251,0.06068536,0.06695360,0.07304475,0.07899598,0.08482676,0.09053842,0.09611514
0.04001138,0.04735138,0.05418697,0.06069720,0.06697572,0.07308116,0.07905133,0.08490544,0.09064343,0.09624740
0.04001472,0.04735350,0.05418509,0.06068679,0.06694844,0.07302217,0.07893769,0.08470731,0.09032830,0.09578601
0.04001679,0.04735801,0.05419218,0.06069514,0.06695510,0.07302295,0.07892770,0.08468146,0.09028203,0.09571582
0.04001863,0.04736002,0.05419511,0.06070163,0.06696702,0.07303890,0.07894195,0.08468485,0.09026420,0.09566784
0.04002198,0.04736440,0.05420869,0.06073373,0.06702714,0.07313545,0.07908111,0.08487017,0.09049701,0.09594782
0.04002438,0.04736939,0.05421848,0.06074915,0.06704546,0.07314921,0.07907815,0.08483479,0.09041227,0.09579833
0.04001673,0.04736612,0.05421836,0.06075032,0.06704685,0.07315229,0.07908811,0.08486063,0.09046539,0.09589052
0.04001829,0.04736689,0.05421570,0.06073977,0.06702036,0.07309856,0.07899415,0.08471346,0.09025363,0.09560547
0.04001673,0.04737046,0.05422514,0.06075352,0.06703474,0.07310885,0.07899578,0.08470298,0.09022903,0.09556600
0.04001103,0.04737061,0.05423168,0.06076585,0.06705095,0.07312660,0.07901375,0.08472199,0.09025247,0.09559938
0.04002639,0.04739916,0.05427624,0.06083183,0.06714802,0.07326987,0.07922448,0.08502698,0.09068148,0.09618110
0.04002500,0.04740860,0.05429598,0.06086633,0.06721015,0.07338330,0.07942365,0.08535358,0.09117807,0.09688380
0.04001469,0.04739867,0.05428364,0.06084553,0.06716900,0.07330315,0.07928013,0.08511960,0.09082817,0.09639850
0.04001014,0.04739531,0.05428015,0.06084063,0.06716210,0.07329602,0.07927856,0.08513394,0.09087233,0.09648762
0.04000498,0.04738875,0.05427503,0.06084092,0.06717168,0.07331761,0.07931281,0.08517925,0.09092529,0.09654389
0.04000598,0.04739583,0.05429171,0.06086763,0.06720489,0.07334901,0.07932911,0.08516345,0.09085947,0.09641253
0.04000450,0.04739402,0.05428868,0.06086514,0.06720576,0.07335593,0.07934380,0.08518625,0.09088928,0.09644712
0.04000232,0.04739096,0.05428053,0.06084541,0.06716423,0.07327741,0.07920782,0.08496807,0.09056255,0.09598758
0.04001036,0.04740111,0.05429069,0.06085357,0.06716642,0.07326438,0.07916234,0.08486459,0.09036972,0.09567308
0.04001117,0.04740263,0.05429374,0.06086091,0.06718235,0.07329413,0.07921171,0.08493946,0.09047551,0.09581421
0.04000204,0.04739328,0.05428841,0.06086308,0.06719625,0.07332617,0.07927097,0.08503719,0.09062391,0.09602488
0.03999664,0.04738401,0.05427108,0.06083466,0.06715477,0.07326952,0.07919550,0.08493695,0.09049102,0.09585056
0.03999840,0.04739043,0.05427769,0.06083703,0.06715119,0.07326317,0.07919543,0.08495770,0.09055071,0.09596807
0.03999910,0.04739691,0.05429077,0.06085751,0.06718025,0.07330220,0.07924526,0.08501770,0.09061824,0.09603872
0.04000143,0.04740118,0.05429848,0.06087133,0.06720570,0.07334841,0.07932476,0.08514523,0.09080860,0.09630427
0.03999956,0.04739836,0.05429550,0.06086992,0.06720962,0.07336409,0.07936088,0.08521160,0.09091508,0.09645992
0.04000155,0.04739793,0.05428949,0.06085311,0.06717352,0.07329587,0.07924366,0.08502634,0.09064359,0.09608798
0.03999516,0.04739794,0.05429809,0.06087228,0.06720557,0.07334481,0.07931703,0.08513653,0.09080788,0.09632697
0.04000265,0.04740425,0.05430117,0.06086782,0.06718644,0.07329986,0.07922981,0.08498521,0.09056715,0.09597154
0.03999813,0.04740830,0.05431562,0.06089710,0.06723577,0.07337387,0.07933200,0.08511795,0.09073174,0.09616838
0.03999474,0.04740461,0.05430966,0.06088368,0.06720587,0.07331524,0.07923127,0.08496351,0.09051631,0.09589032
0.04000332,0.04742201,0.05434145,0.06093353,0.06727301,0.07339410,0.07931250,0.08503565,0.09056775,0.09591098
0.04000938,0.04742856,0.05434678,0.06093487,0.06726787,0.07338224,0.07929754,0.08502584,0.09057531,0.09595029
0.04001594,0.04743791,0.05435825,0.06094846,0.06728294,0.07339619,0.07930517,0.08501954,0.09054619,0.09588972
0.04001391,0.04743366,0.05435038,0.06093865,0.06727576,0.07339973,0.07933161,0.08508481,0.09066827,0.09608600
0.04001833,0.04744762,0.05437516,0.06097374,0.06732005,0.07345252,0.07939321,0.08515656,0.09075191,0.09618293
0.04001971,0.04745564,0.05439147,0.06100265,0.06737069,0.07353988,0.07953828,0.08538542,0.09109344,0.09666518
0.04003015,0.04746918,0.05441033,0.06103295,0.06742182,0.07362386,0.07966878,0.08557641,0.09135760,0.09701230
0.04001965,0.04745148,0.05438524,0.06100224,0.06738948,0.07359608,0.07965348,0.08558207,0.09139190,0.09708070
0.04000240,0.04742926,0.05435945,0.06097715,0.06737279,0.07360028,0.07969725,0.08569030,0.09159287,0.09740094
0.04000935,0.04744322,0.05437792,0.06099784,0.06739300,0.07361650,0.07970525,0.08568548,0.09157078,0.09735779
0.04001138,0.04744315,0.05437316,0.06098665,0.06737592,0.07359616,0.07968523,0.08566907,0.09156001,0.09735320
0.04001982,0.04745999,0.05439579,0.06101250,0.06740134,0.07361607,0.07969377,0.08566074,0.09153067,0.09730048
0.04002813,0.04747473,0.05441843,0.06104482,0.06744554,0.07367668,0.07978082,0.08579195,0.09173067,0.09759650
0.04003076,0.04747539,0.05441255,0.06102704,0.06740744,0.07360451,0.07965453,0.08558644,0.09141941,0.09715675
0.04003096,0.04747291,0.05440598,0.06101551,0.06739195,0.07358933,0.07964821,0.08560195,0.09147296,0.09726508
0.04003275,0.04747338,0.05440469,0.06101428,0.06739658,0.07361106,0.07970440,0.08571486,0.09166603,0.09755771
0.04002989,0.04746883,0.05439688,0.06100249,0.06738199,0.07359723,0.07969710,0.08572129,0.09169367,0.09761290
0.04003182,0.04747096,0.05440094,0.06100443,0.06737135,0.07355744,0.07960715,0.08555883,0.09143896,0.09725269
0.04003483,0.04747295,0.05440077,0.06100225,0.06736902,0.07355742,0.07961090,0.08556557,0.09144539,0.09725383
0.04003672,0.04747294,0.05440213,0.06100716,0.06737728,0.07356555,0.07961186,0.08554923,0.09140002,0.09716837
0.04003522,0.04747340,0.05440461,0.06100846,0.06737235,0.07354731,0.07957038,0.08547123,0.09126959,0.09696920
0.04004215,0.04748052,0.05441112,0.06101218,0.06737087,0.07353848,0.07955230,0.08544216,0.09122793,0.09691372
0.04005241,0.04749539,0.05443107,0.06103644,0.06739810,0.07356845,0.07958787,0.08549044,0.09130011,0.09702323
0.04005975,0.04750356,0.05444068,0.06104662,0.06741087,0.07359284,0.07964256,0.08560366,0.09150570,0.09735367
0.04006691,0.04752125,0.05447057,0.06109014,0.06746660,0.07365369,0.07969355,0.08562161,0.09146205,0.09722026
0.04006292,0.04751227,0.05445605,0.06107022,0.06744328,0.07363214,0.07968340,0.08563703,0.09151990,0.09733658
0.04005235,0.04750557,0.05444991,0.06106012,0.06742684,0.07361149,0.07966533,0.08563116,0.09153585,0.09738131
0.04005426,0.04750811,0.05445489,0.06107106,0.06744846,0.07364802,0.07971835,0.08569791,0.09160893,0.09745021
0.04006291,0.04751657,0.05446466,0.06108282,0.06746295,0.07366715,0.07974614,0.08574110,0.09167683,0.09755332
0.04006157,0.04751911,0.05447408,0.06110325,0.06750165,0.07373534,0.07985846,0.08591355,0.09192364,0.09788373
0.04006929,0.04753207,0.05449419,0.06113599,0.06755358,0.07381131,0.07995830,0.08602956,0.09204038,0.09798118
0.04006297,0.04753073,0.05450076,0.06115523,0.06758927,0.07386170,0.08001229,0.08606570,0.09203000,0.09789477
0.04006054,0.04753189,0.05450512,0.06116153,0.06759565,0.07386584,0.08001117,0.08605528,0.09200500,0.09784889
0.04006424,0.04753468,0.05450387,0.06115052,0.06756561,0.07380428,0.07990338,0.08588586,0.09175984,0.09751730
0.04006379,0.04753519,0.05450209,0.06114483,0.06755740,0.07379929,0.07991237,0.08592378,0.09184339,0.09766155
0.04006553,0.04753576,0.05449597,0.06112355,0.06750784,0.07370322,0.07974641,0.08566068,0.09145524,0.09712444
0.04007125,0.04754684,0.05451223,0.06114021,0.06751485,0.07368636,0.07968943,0.08554765,0.09127294,0.09686419
0.04006416,0.04754634,0.05452009,0.06115422,0.06753083,0.07370054,0.07970075,0.08555921,0.09129201,0.09690059
0.04006342,0.04755175,0.05452971,0.06116870,0.06755447,0.07374102,0.07976841,0.08566607,0.09145016,0.09712034
0.04006271,0.04755394,0.05453757,0.06118869,0.06759672,0.07381800,0.07989275,0.08584828,0.09169686,0.09743352
0.04006958,0.04756360,0.05454627,0.06119090,0.06758318,0.07377430,0.07979903,0.08568051,0.09142995,0.09704545
0.04007050,0.04756984,0.05455840,0.06121156,0.06761810,0.07383080,0.07988344,0.08579582,0.09157467,0.09721396
0.04006378,0.04755725,0.05453814,0.06117960,0.06756820,0.07375512,0.07977337,0.08564271,0.09137064,0.09695276
0.04005266,0.04754679,0.05453330,0.06118500,0.06758873,0.07379682,0.07984438,0.08575375,0.09153442,0.09718233
0.04004679,0.04753979,0.05452373,0.06117366,0.06757839,0.07379157,0.07984867,0.08577155,0.09156852,0.09723404
0.04004707,0.04754708,0.05453788,0.06119363,0.06760421,0.07382581,0.07989708,0.08584254,0.09167155,0.09737764
0.04004119,0.04753893,0.05452569,0.06117618,0.06758117,0.07379962,0.07987475,0.08583582,0.09169521,0.09744621
0.04004879,0.04754917,0.05453526,0.06118236,0.06758037,0.07378598,0.07983950,0.08576796,0.09158333,0.09728102
0.04005191,0.04755976,0.05455357,0.06120794,0.06761436,0.07383167,0.07990172,0.08585161,0.09169171,0.09741442
0.04004119,0.04755368,0.05455244,0.06121068,0.06761587,0.07382055,0.07985937,0.08575351,0.09151088,0.09712604
0.04002178,0.04753157,0.05452824,0.06118728,0.06760126,0.07382930,0.07991226,0.08587503,0.09172504,0.09745190
0.04002620,0.04753567,0.05453042,0.06118292,0.06758412,0.07379280,0.07985076,0.08578516,0.09160647,0.09730734
0.04001879,0.04753235,0.05453281,0.06119349,0.06760519,0.07382551,0.07989345,0.08583136,0.09164397,0.09731902
0.04001855,0.04753651,0.05454502,0.06121828,0.06764823,0.07389287,0.07999009,0.08595986,0.09180384,0.09750686
0.04002193,0.04753853,0.05454479,0.06121587,0.06764506,0.07389049,0.07998878,0.08595797,0.09179835,0.09749485
0.04002652,0.04754337,0.05455317,0.06123232,0.06767623,0.07394637,0.08008344,0.08610878,0.09202328,0.09780901
0.04002241,0.04753502,0.05454267,0.06122369,0.06767434,0.07395672,0.08011207,0.08616166,0.09210554,0.09792398
0.04003159,0.04755345,0.05457242,0.06126879,0.06773955,0.07404684,0.08023081,0.08631044,0.09228273,0.09812518
0.04002585,0.04754923,0.05456957,0.06126827,0.06774397,0.07406092,0.08026141,0.08636587,0.09237131,0.09825363
0.04001643,0.04753629,0.05455162,0.06124553,0.06771911,0.07403954,0.08025161,0.08637690,0.09241161,0.09832909
0.04000985,0.04752864,0.05454237,0.06123332,0.06770287,0.07401812,0.08022298,0.08633737,0.09235558,0.09824943
0.04000577,0.04752264,0.05453239,0.06121430,0.06766447,0.07394369,0.08009034,0.08612181,0.09203456,0.09780695
0.03999871,0.04751883,0.05452688,0.06120156,0.06763972,0.07390395,0.08003525,0.08605410,0.09195973,0.09773217
0.03998458,0.04750316,0.05451237,0.06119034,0.06763190,0.07389568,0.08001717,0.08601115,0.09187295,0.09758200
0.03997989,0.04749952,0.05451282,0.06120041,0.06765895,0.07394870,0.08010631,0.08614651,0.09206270,0.09783080
0.03998229,0.04750354,0.05451549,0.06119484,0.06763371,0.07388853,0.07999406,0.08596602,0.09180186,0.09748359
0.03996950,0.04749042,0.05450538,0.06118945,0.06763236,0.07388841,0.07999111,0.08595640,0.09178349,0.09745722
0.03996741,0.04748955,0.05450112,0.06117311,0.06758842,0.07379335,0.07981442,0.08566393,0.09134243,0.09684128
0.03996479,0.04749030,0.05451050,0.06119655,0.06763193,0.07386387,0.07991987,0.08581291,0.09154380,0.09710349
0.03996215,0.04748851,0.05450664,0.06118446,0.06760262,0.07380564,0.07981855,0.08565273,0.09130887,0.09677958
0.03997009,0.04749968,0.05452436,0.06121343,0.06764887,0.07387716,0.07992565,0.08580758,0.09152432,0.09706746
0.03997302,0.04751650,0.05455555,0.06125748,0.06770443,0.07394448,0.08000775,0.08591106,0.09165937,0.09724687
0.03997044,0.04751027,0.05454620,0.06124517,0.06769063,0.07393391,0.08000961,0.08593931,0.09173171,0.09738267
0.03997031,0.04750348,0.05453196,0.06122393,0.06766334,0.07390078,0.07996959,0.08589062,0.09167308,0.09731456
0.03997373,0.04750523,0.05453389,0.06122740,0.06766887,0.07390923,0.07998413,0.08591797,0.09172332,0.09739935
0.03998493,0.04751511,0.05454079,0.06123279,0.06767813,0.07393203,0.08003431,0.08601248,0.09188008,0.09763447
0.03998322,0.04750646,0.05452678,0.06121741,0.06766823,0.07393704,0.08006604,0.08608490,0.09200850,0.09783377
0.03998242,0.04750904,0.05453420,0.06122963,0.06768554,0.07396096,0.08009973,0.08613325,0.09207774,0.09793046
0.03998837,0.04751344,0.05453810,0.06123058,0.06767627,0.07392909,0.08002865,0.08600440,0.09187401,0.09763968
0.03998769,0.04752341,0.05456188,0.06127042,0.06773061,0.07399101,0.08008622,0.08604302,0.09187970,0.09760216
0.03997327,0.04751568,0.05456128,0.06127701,0.06774322,0.07400706,0.08010199,0.08605403,0.09188130,0.09759020
0.03998061,0.04752357,0.05456520,0.06127253,0.06772825,0.07398466,0.08008273,0.08605663,0.09193050,0.09771215
0.03997752,0.04751320,0.05454771,0.06124798,0.06769669,0.07394724,0.08004307,0.08602151,0.09190948,0.09771586
0.03997520,0.04751239,0.05454748,0.06124665,0.06769481,0.07395064,0.08006435,0.08607947,0.09202613,0.09791192
0.03998054,0.04751621,0.05454545,0.06123280,0.06765932,0.07388016,0.07994400,0.08589544,0.09176831,0.09757561
0.03998402,0.04752037,0.05455030,0.06124214,0.06768182,0.07393014,0.08004196,0.08606750,0.09204333,0.09797994
0.03998684,0.04752874,0.05456380,0.06126111,0.06770473,0.07394892,0.08003816,0.08601168,0.09189895,0.09771116
0.03998101,0.04752188,0.05455647,0.06125088,0.06768707,0.07391838,0.07998916,0.08593915,0.09179893,0.09758128
0.03997444,0.04751778,0.05455716,0.06125938,0.06770711,0.07395446,0.08004684,0.08602526,0.09192123,0.09774737
0.03997404,0.04751596,0.05455334,0.06125170,0.06769220,0.07392519,0.07998940,0.08591774,0.09173535,0.09745357
0.03997072,0.04751679,0.05456141,0.06126997,0.06772363,0.07397154,0.08004991,0.08598840,0.09180925,0.09752231
0.03997023,0.04751990,0.05456547,0.06127293,0.06772458,0.07397087,0.08004884,0.08598814,0.09181033,0.09752437
0.03997071,0.04752228,0.05456405,0.06126282,0.06770108,0.07392887,0.07998272,0.08589211,0.09167933,0.09735508
0.03997496,0.04753067,0.05458030,0.06129313,0.06775482,0.07401923,0.08012643,0.08610809,0.09198626,0.09776837
0.03997135,0.04752884,0.05458001,0.06129005,0.06773865,0.07397260,0.08002485,0.08592141,0.09168195,0.09731657
0.03997289,0.04752878,0.05457840,0.06128721,0.06773423,0.07396454,0.08000875,0.08589058,0.09162828,0.09723201
0.03996501,0.04752682,0.05458743,0.06131501,0.06779118,0.07406580,0.08017670,0.08615572,0.09202691,0.09780045
0.03996097,0.04752684,0.05459263,0.06132413,0.06779778,0.07405455,0.08012056,0.08601575,0.09175620,0.09735197
0.03994734,0.04750429,0.05455795,0.06127334,0.06772416,0.07394793,0.07996803,0.08580334,0.09147096,0.09698399
0.03994257,0.04749875,0.05454760,0.06125283,0.06768887,0.07389662,0.07990509,0.08573961,0.09142256,0.09696929
0.03993840,0.04749542,0.05454443,0.06124762,0.06767754,0.07387207,0.07985603,0.08565027,0.09127395,0.09674203
0.03993788,0.04749841,0.05455143,0.06125574,0.06767928,0.07385427,0.07979910,0.08552838,0.09105677,0.09639825
0.03994671,0.04751351,0.05457565,0.06129519,0.06774494,0.07396449,0.07998228,0.08582399,0.09151329,0.09706723
0.03993627,0.04750494,0.05456725,0.06128248,0.06772036,0.07391786,0.07990175,0.08569720,0.09132850,0.09681465
0.03994576,0.04751549,0.05457499,0.06128198,0.06770622,0.07388505,0.07984571,0.08561388,0.09121444,0.09666716
0.03993665,0.04750188,0.05455639,0.06125873,0.06767711,0.07384414,0.07977946,0.08549994,0.09102296,0.09636484
0.03993344,0.04749519,0.05455074,0.06125963,0.06769180,0.07388251,0.07985406,0.08562476,0.09121149,0.09662797
0.03993384,0.04749782,0.05455450,0.06126280,0.06769163,0.07387455,0.07983194,0.08558073,0.09113743,0.09651663
0.03994160,0.04750861,0.05456835,0.06127588,0.06769461,0.07385116,0.07975819,0.08542530,0.09086372,0.09608660
0.03994719,0.04751727,0.05458110,0.06129348,0.06771800,0.07388221,0.07980060,0.08548535,0.09095028,0.09621021
0.03994340,0.04750220,0.05454958,0.06123918,0.06763332,0.07375752,0.07962358,0.08524057,0.09061966,0.09577449
0.03993628,0.04749749,0.05454828,0.06124505,0.06765269,0.07379884,0.07969663,0.08535576,0.09078745,0.09600484
0.03994320,0.04750260,0.05454713,0.06123284,0.06762460,0.07375026,0.07962392,0.08525710,0.09066337,0.09585808
0.03994873,0.04751543,0.05456907,0.06126349,0.06765983,0.07378187,0.07964048,0.08524529,0.09060918,0.09574802
0.03994494,0.04751697,0.05457708,0.06127976,0.06768665,0.07382196,0.07969688,0.08532154,0.09070958,0.09587773
0.03994017,0.04750979,0.05456728,0.06126800,0.06767357,0.07380703,0.07967750,0.08529275,0.09066457,0.09580874
0.03994025,0.04751536,0.05458080,0.06129099,0.06770809,0.07385648,0.07974704,0.08538936,0.09079663,0.09598521
0.03994528,0.04752289,0.05459561,0.06131831,0.06775466,0.07393116,0.07986085,0.08555471,0.09102580,0.09628860
0.03994496,0.04752239,0.05459164,0.06131037,0.06774640,0.07392954,0.07987453,0.08559241,0.09109521,0.09639567
0.03993848,0.04752037,0.05459402,0.06131926,0.06776523,0.07396262,0.07992688,0.08566986,0.09120435,0.09654343
0.03994099,0.04752536,0.05459917,0.06132284,0.06776561,0.07395794,0.07991526,0.08564991,0.09117547,0.09650574
0.03994354,0.04752972,0.05459886,0.06131177,0.06773730,0.07390499,0.07982940,0.08552248,0.09099822,0.09627180
0.03993998,0.04752625,0.05459280,0.06130503,0.06773653,0.07392066,0.07987469,0.08561203,0.09114672,0.09649243
0.03993764,0.04752637,0.05459372,0.06130742,0.06774479,0.07394364,0.07992495,0.08570404,0.09129466,0.09670799
0.03993869,0.04753402,0.05460736,0.06132684,0.06777034,0.07397649,0.07996731,0.08575927,0.09136726,0.09680327
0.03994860,0.04754708,0.05462758,0.06135701,0.06781174,0.07402929,0.08003138,0.08583514,0.09145652,0.09690849
0.03994581,0.04754373,0.05462098,0.06134556,0.06779434,0.07400473,0.07999762,0.08578849,0.09139118,0.09681692
0.03995267,0.04755423,0.05463301,0.06135688,0.06780449,0.07401608,0.08001577,0.08582210,0.09145125,0.09691534
0.03994729,0.04754469,0.05462163,0.06134707,0.06779875,0.07401435,0.08001459,0.08581498,0.09143025,0.09687310
0.03994581,0.04755275,0.05463910,0.06137139,0.06782144,0.07401841,0.07997355,0.08569410,0.09118975,0.09647321
0.03993675,0.04754751,0.05463956,0.06138198,0.06784810,0.07406681,0.08004754,0.08579463,0.09131454,0.09661705
0.03992800,0.04753737,0.05463316,0.06138413,0.06786186,0.07409163,0.08007811,0.08582105,0.09132379,0.09659507
0.03992881,0.04753611,0.05462469,0.06136098,0.06781568,0.07401495,0.07996549,0.08566930,0.09113129,0.09636100
0.03992691,0.04753218,0.05461750,0.06135103,0.06780444,0.07400383,0.07995512,0.08565916,0.09111975,0.09634561
0.03992006,0.04752334,0.05460842,0.06134683,0.06781175,0.07402818,0.07999852,0.08571870,0.09118749,0.09640952
0.03992322,0.04753366,0.05462866,0.06137941,0.06785750,0.07408490,0.08006007,0.08577463,0.09122349,0.09640862
0.03992953,0.04754257,0.05464453,0.06140647,0.06789708,0.07413403,0.08011107,0.08581568,0.09123964,0.09638318
0.03993777,0.04755702,0.05466587,0.06143122,0.06791691,0.07413585,0.08007824,0.08572964,0.09108152,0.09613502
0.03993609,0.04754957,0.05464966,0.06140210,0.06787034,0.07406898,0.07999211,0.08563046,0.09098061,0.09604778
0.03993963,0.04755860,0.05466723,0.06143085,0.06791197,0.07412359,0.08005780,0.08570349,0.09105596,0.09611988
0.03993868,0.04756168,0.05467770,0.06145277,0.06794895,0.07417795,0.08013074,0.08579600,0.09116981,0.09625829
0.03994659,0.04757635,0.05469407,0.06146325,0.06794461,0.07415033,0.08007350,0.08570569,0.09104575,0.09610176
0.03994412,0.04757370,0.05469048,0.06145758,0.06793557,0.07413664,0.08005398,0.08567942,0.09101226,0.09606117
0.03993703,0.04756073,0.05467006,0.06142977,0.06790332,0.07410604,0.08003411,0.08568185,0.09105033,0.09614899
0.03993157,0.04755477,0.05466521,0.06142600,0.06789979,0.07410203,0.08002980,0.08567857,0.09105024,0.09615460
0.03993254,0.04755680,0.05466827,0.06142880,0.06789674,0.07408138,0.07997347,0.08556368,0.09085157,0.09584721
0.03993067,0.04755514,0.05466648,0.06142363,0.06788101,0.07404449,0.07990232,0.08544345,0.09066620,0.09557982
0.03993753,0.04756165,0.05466655,0.06141306,0.06785978,0.07401763,0.07987940,0.08543707,0.09069020,0.09564774
0.03993723,0.04756215,0.05466659,0.06141369,0.06786555,0.07403601,0.07991923,0.08550727,0.09079919,0.09580330
0.03994151,0.04757377,0.05468691,0.06144414,0.06790828,0.07409507,0.08000132,0.08562166,0.09095683,0.09601566
0.03994194,0.04758137,0.05470858,0.06148569,0.06797240,0.07417915,0.08009591,0.08571024,0.09101696,0.09602107
0.03993821,0.04757367,0.05469476,0.06146451,0.06794227,0.07413799,0.08004142,0.08564016,0.09092916,0.09591353
0.03993084,0.04757004,0.05469869,0.06148072,0.06797495,0.07418972,0.08011311,0.08573149,0.09103924,0.09604130
0.03993279,0.04757796,0.05471133,0.06149293,0.06798104,0.07418595,0.08009892,0.08570964,0.09101519,0.09602231
0.03992203,0.04757007,0.05470337,0.06148398,0.06797219,0.07417975,0.08009915,0.08572156,0.09104584,0.09608055
0.03991422,0.04757191,0.05471770,0.06151273,0.06801672,0.07424145,0.08017974,0.08582277,0.09116889,0.09622558
0.03991367,0.04757231,0.05471977,0.06151573,0.06801800,0.07423597,0.08016022,0.08578051,0.09109470,0.09611075
0.03991622,0.04757906,0.05472878,0.06152520,0.06802536,0.07423810,0.08015434,0.08576506,0.09106991,0.09607868
0.03990657,0.04757079,0.05471988,0.06151353,0.06800883,0.07421378,0.08011698,0.08570584,0.09097595,0.09593349
0.03991089,0.04757915,0.05473118,0.06152372,0.06801050,0.07419710,0.08007144,0.08562209,0.09084692,0.09575489
0.03991197,0.04757673,0.05472630,0.06151972,0.06801256,0.07421167,0.08010556,0.08568262,0.09094002,0.09588563
0.03991829,0.04758059,0.05472115,0.06149894,0.06796944,0.07413933,0.07999703,0.08553092,0.09073834,0.09562749
0.03991325,0.04757920,0.05472450,0.06150876,0.06799043,0.07418016,0.08006989,0.08565047,0.09092058,0.09588885
0.03991919,0.04758644,0.05472732,0.06150333,0.06797434,0.07415127,0.08002481,0.08558338,0.09082273,0.09574881
0.03991295,0.04757985,0.05472236,0.06150254,0.06798127,0.07417032,0.08006089,0.08564172,0.09090889,0.09586863
0.03992524,0.04758987,0.05473223,0.06151592,0.06800246,0.07420394,0.08011177,0.08571494,0.09100971,0.09600243
0.03992878,0.04759974,0.05474363,0.06152115,0.06799295,0.07417345,0.08005921,0.08564555,0.09093465,0.09593726
0.03992412,0.04759486,0.05473578,0.06150727,0.06796978,0.07413732,0.08000521,0.08556677,0.09082202,0.09578014
0.03992401,0.04759828,0.05474189,0.06151561,0.06797918,0.07414584,0.08001044,0.08556620,0.09081332,0.09576126
0.03992955,0.04760782,0.05475319,0.06152956,0.06799915,0.07417717,0.08005996,0.08564181,0.09092370,0.09591556
0.03993278,0.04760982,0.05475266,0.06152646,0.06799497,0.07417405,0.08005931,0.08564312,0.09092420,0.09591058
0.03992623,0.04760048,0.05473381,0.06148912,0.06792943,0.07407094,0.07990971,0.08543816,0.09065448,0.09556601
0.03992802,0.04760825,0.05474279,0.06149411,0.06792667,0.07405919,0.07989082,0.08541718,0.09063941,0.09556712
0.03991908,0.04759317,0.05472195,0.06146738,0.06789394,0.07402099,0.07984848,0.08537259,0.09059470,0.09552432
0.03991054,0.04758616,0.05471404,0.06145457,0.06787194,0.07398600,0.07979721,0.08530179,0.09050050,0.09540185
0.03991576,0.04759279,0.05472003,0.06145898,0.06787504,0.07399047,0.07980925,0.08533156,0.09056177,0.09551109
0.03991498,0.04759124,0.05471604,0.06145095,0.06786148,0.07397134,0.07978749,0.08531395,0.09055892,0.09553666
0.03992301,0.04760039,0.05472328,0.06145288,0.06785360,0.07394788,0.07974167,0.08523824,0.09044524,0.09537667
0.03992893,0.04760845,0.05473355,0.06146449,0.06786515,0.07395898,0.07975420,0.08525676,0.09047663,0.09542921
0.03992879,0.04761426,0.05474850,0.06149046,0.06790144,0.07400283,0.07980168,0.08530360,0.09051873,0.09546287
0.03992190,0.04760686,0.05473741,0.06147168,0.06786935,0.07394974,0.07971764,0.08517631,0.09033365,0.09520382
0.03991103,0.04759673,0.05473157,0.06147233,0.06787767,0.07396609,0.07974144,0.08520592,0.09036646,0.09523639
0.03990977,0.04759465,0.05472940,0.06147363,0.06789064,0.07400453,0.07982463,0.08535743,0.09061241,0.09560346
0.03991000,0.04759304,0.05472911,0.06148015,0.06791127,0.07404886,0.07990549,0.08549157,0.09082029,0.09590802
0.03991084,0.04758758,0.05471325,0.06145098,0.06786668,0.07398669,0.07982255,0.08538306,0.09067969,0.09572762
0.03990663,0.04758498,0.05471358,0.06145624,0.06788107,0.07401821,0.07988397,0.08549178,0.09085635,0.09599393
0.03989994,0.04757622,0.05470184,0.06144087,0.06786381,0.07400630,0.07989309,0.08554717,0.09099165,0.09624744
0.03989867,0.04757370,0.05469436,0.06142539,0.06783724,0.07396615,0.07983922,0.08548361,0.09092740,0.09619564
0.03990249,0.04758722,0.05471568,0.06145101,0.06786399,0.07399236,0.07986516,0.08551132,0.09096006,0.09623679
0.03989767,0.04757670,0.05469855,0.06142675,0.06783435,0.07396139,0.07983772,0.08549122,0.09094880,0.09623329
0.03989592,0.04757520,0.05469189,0.06141020,0.06780462,0.07391692,0.07977859,0.08541903,0.09086656,0.09614520
0.03989849,0.04757406,0.05468758,0.06140344,0.06779549,0.07390546,0.07976586,0.08540808,0.09086279,0.09615582
0.03989478,0.04756741,0.05467760,0.06138942,0.06777726,0.07388464,0.07974705,0.08539921,0.09087461,0.09620053
0.03989619,0.04757091,0.05468015,0.06138750,0.06776616,0.07385804,0.07969715,0.08531725,0.09075160,0.09602816
0.03988174,0.04755728,0.05467004,0.06138532,0.06777764,0.07388947,0.07975431,0.08540438,0.09087066,0.09617867
0.03987684,0.04756072,0.05467752,0.06139202,0.06777830,0.07387920,0.07972931,0.08536237,0.09081097,0.09610205
0.03988247,0.04756826,0.05468541,0.06139996,0.06778471,0.07387802,0.07970711,0.08529662,0.09067069,0.09585126
0.03988091,0.04756783,0.05468498,0.06139611,0.06777109,0.07384641,0.07964855,0.08520225,0.09053218,0.09566127
0.03987823,0.04756693,0.05468602,0.06139857,0.06777166,0.07383752,0.07961748,0.08513078,0.09039716,0.09543639
0.03988147,0.04758441,0.05472251,0.06145845,0.06786153,0.07396804,0.07980386,0.08539185,0.09075363,0.09590860
0.03987887,0.04758103,0.05471637,0.06144705,0.06784146,0.07393388,0.07974677,0.08529886,0.09060789,0.09569080
0.03987811,0.04757756,0.05470729,0.06143049,0.06781525,0.07389516,0.07969246,0.08522668,0.09051731,0.09558352
0.03987092,0.04756700,0.05469476,0.06142067,0.06781674,0.07391957,0.07975258,0.08533439,0.09068203,0.09581129
0.03986958,0.04756568,0.05469452,0.06142474,0.06783074,0.07395129,0.07981092,0.08542799,0.09081800,0.09599446
0.03987511,0.04757580,0.05470688,0.06143674,0.06783800,0.07394842,0.07979337,0.08539377,0.09076859,0.09593465
0.03987198,0.04758109,0.05472219,0.06146068,0.06786661,0.07397577,0.07981197,0.08539477,0.09074215,0.09587080
0.03987407,0.04758817,0.05473367,0.06147632,0.06788505,0.07399261,0.07981852,0.08537782,0.09068485,0.09575437
0.03986813,0.04758308,0.05473193,0.06148185,0.06790219,0.07402457,0.07986564,0.08543614,0.09074551,0.09580413
0.03987221,0.04759059,0.05474515,0.06150350,0.06793474,0.07406893,0.07992057,0.08549845,0.09081067,0.09586693
0.03987028,0.04758920,0.05474706,0.06151111,0.06794996,0.07409185,0.07994867,0.08552683,0.09083295,0.09587638
0.03986741,0.04758481,0.05474188,0.06150395,0.06793780,0.07406929,0.07990774,0.08545736,0.09072357,0.09571589
0.03986749,0.04758939,0.05475215,0.06152161,0.06796470,0.07410685,0.07995596,0.08551388,0.09078312,0.09577041
0.03987336,0.04759909,0.05476369,0.06153259,0.06797489,0.07411960,0.07997831,0.08555579,0.09085629,0.09588696
0.03987141,0.04759531,0.05475657,0.06152396,0.06796967,0.07412574,0.08000663,0.08561959,0.09097064,0.09606775
0.03987515,0.04760488,0.05477378,0.06155032,0.06800591,0.07417141,0.08005961,0.08567563,0.09102324,0.09610839
0.03988465,0.04762307,0.05480155,0.06158826,0.06805396,0.07422838,0.08012315,0.08574250,0.09108955,0.09616976
0.03987802,0.04761887,0.05479652,0.06157700,0.06803041,0.07418621,0.08005544,0.08564142,0.09094634,0.09597510
0.03987377,0.04761928,0.05480680,0.06160387,0.06808197,0.07427115,0.08018210,0.08581721,0.09117763,0.09626731
0.03987825,0.04762994,0.05482868,0.06164110,0.06813836,0.07435051,0.08028812,0.08595310,0.09134589,0.09646973
0.03988340,0.04763362,0.05482888,0.06163689,0.06812737,0.07432738,0.08024402,0.08587598,0.09122103,0.09628052
0.03987364,0.04762903,0.05483102,0.06164494,0.06813787,0.07433441,0.08023952,0.08585011,0.09116282,0.09617874
0.03987987,0.04763814,0.05484324,0.06166208,0.06816259,0.07436947,0.08028744,0.08591325,0.09124356,0.09627943
0.03988170,0.04764644,0.05485769,0.06168585,0.06820212,0.07443285,0.08038250,0.08604620,0.09141839,0.09649803
0.03987710,0.04764221,0.05485133,0.06167281,0.06817676,0.07438903,0.08031327,0.08594332,0.09127211,0.09629748
0.03988210,0.04764976,0.05485789,0.06167517,0.06817326,0.07438059,0.08030406,0.08594048,0.09128471,0.09633517
0.03988534,0.04765206,0.05485998,0.06167836,0.06818058,0.07439785,0.08034023,0.08600699,0.09139419,0.09649994
0.03990174,0.04767081,0.05487860,0.06169016,0.06817802,0.07437542,0.08029660,0.08594597,0.09132436,0.09643352
0.03990278,0.04767639,0.05488904,0.06170171,0.06818380,0.07436697,0.08026503,0.08588253,0.09122058,0.09628111
0.03991244,0.04769208,0.05490845,0.06172267,0.06820511,0.07438853,0.08028766,0.08590752,0.09124896,0.09631288
0.03991731,0.04770573,0.05492720,0.06173856,0.06820548,0.07435814,0.08021168,0.08577394,0.09104985,0.09604452
0.03991593,0.04770791,0.05493720,0.06175952,0.06824025,0.07441044,0.08028713,0.08588032,0.09119645,0.09624102
0.03991099,0.04770755,0.05494220,0.06177296,0.06826786,0.07446212,0.08037738,0.08602722,0.09141972,0.09655978
0.03991118,0.04771331,0.05495603,0.06179597,0.06829978,0.07450233,0.08042602,0.08608563,0.09149006,0.09664428
0.03990927,0.04771351,0.05495659,0.06179685,0.06830395,0.07451639,0.08046063,0.08615528,0.09161210,0.09683709
0.03991474,0.04771987,0.05495807,0.06178883,0.06828225,0.07447817,0.08040573,0.08608702,0.09153700,0.09676385
0.03991274,0.04772049,0.05496267,0.06179965,0.06830369,0.07451817,0.08047673,0.08620598,0.09172429,0.09704110
0.03992134,0.04773650,0.05498399,0.06182263,0.06832372,0.07452950,0.08047217,0.08617688,0.09166084,0.09693315
0.03992510,0.04773304,0.05497206,0.06180070,0.06828884,0.07447718,0.08039739,0.08607560,0.09153133,0.09677673
0.03991558,0.04772187,0.05495892,0.06178481,0.06826916,0.07445305,0.08036935,0.08604597,0.09150436,0.09675802
0.03991519,0.04771586,0.05494378,0.06175241,0.06820811,0.07434987,0.08020976,0.08581663,0.09119469,0.09636162
0.03991840,0.04772378,0.05495467,0.06176096,0.06820538,0.07432350,0.08014431,0.08569385,0.09099401,0.09606123
0.03991535,0.04772137,0.05495412,0.06176122,0.06820272,0.07431223,0.08011832,0.08564831,0.09092667,0.09597300
0.03991625,0.04772845,0.05497134,0.06179174,0.06825039,0.07438273,0.08021890,0.08578634,0.09110771,0.09619935
0.03992568,0.04774351,0.05499443,0.06182526,0.06829650,0.07444206,0.08028971,0.08586465,0.09118810,0.09627603
0.03992983,0.04774975,0.05500147,0.06183168,0.06829955,0.07443575,0.08026387,0.08580523,0.09107850,0.09609905
0.03991778,0.04773350,0.05498695,0.06182645,0.06831075,0.07446820,0.08031911,0.08588146,0.09117137,0.09620284
0.03992128,0.04773323,0.05498081,0.06181263,0.06828937,0.07444326,0.08029936,0.08587979,0.09120311,0.09628362
0.03992583,0.04774130,0.05499063,0.06182411,0.06830561,0.07447134,0.08035048,0.08596876,0.09134724,0.09650117
0.03992085,0.04773972,0.05499331,0.06183094,0.06831485,0.07447897,0.08035010,0.08595181,0.09130342,0.09641911
0.03992154,0.04774526,0.05500310,0.06184070,0.06831753,0.07446598,0.08031324,0.08588533,0.09120546,0.09629217
0.03991831,0.04774389,0.05500852,0.06185846,0.06835412,0.07452858,0.08040931,0.08602195,0.09138862,0.09652604
0.03992437,0.04774646,0.05500265,0.06184102,0.06832306,0.07448203,0.08034507,0.08593748,0.09128142,0.09639432
0.03993480,0.04775010,0.05499595,0.06182214,0.06829140,0.07443728,0.08028631,0.08586264,0.09118722,0.09627659
0.03993418,0.04774511,0.05498597,0.06180920,0.06827993,0.07443485,0.08030462,0.08591800,0.09130013,0.09647011
0.03994237,0.04775496,0.05499772,0.06182366,0.06829613,0.07444807,0.08030499,0.08589020,0.09122440,0.09632470
0.03994848,0.04776124,0.05500153,0.06182284,0.06828842,0.07443059,0.08027382,0.08584020,0.09114938,0.09621786
0.03995137,0.04776691,0.05500680,0.06182641,0.06829216,0.07444086,0.08030208,0.08590258,0.09126502,0.09640654
0.03995258,0.04776641,0.05500409,0.06182187,0.06828623,0.07443292,0.08028985,0.08588210,0.09123122,0.09635390
0.03995126,0.04776474,0.05499838,0.06180911,0.06826418,0.07440006,0.08024506,0.08582427,0.09115905,0.09626602
0.03995527,0.04776936,0.05500656,0.06182840,0.06830661,0.07448155,0.08038486,0.08604442,0.09148335,0.09671839
0.03996182,0.04777457,0.05500581,0.06181734,0.06828079,0.07443488,0.08030815,0.08592480,0.09130495,0.09646400
0.03996040,0.04777367,0.05500229,0.06180808,0.06826145,0.07439893,0.08024646,0.08582588,0.09115575,0.09625124
0.03996222,0.04777265,0.05499834,0.06180251,0.06825589,0.07439429,0.08024255,0.08582184,0.09115080,0.09624538
0.03995266,0.04775801,0.05497345,0.06176385,0.06820131,0.07432298,0.08015537,0.08572148,0.09104173,0.09613328
0.03994464,0.04775019,0.05496462,0.06175241,0.06818406,0.07429552,0.08011267,0.08565816,0.09095205,0.09601119
0.03994341,0.04775373,0.05497280,0.06176325,0.06819367,0.07429811,0.08010030,0.08562044,0.09087628,0.09588318
0.03993785,0.04775218,0.05498249,0.06178976,0.06823825,0.07435517,0.08015638,0.08565474,0.09086239,0.09579164
0.03993199,0.04774556,0.05497440,0.06177937,0.06822649,0.07434530,0.08015336,0.08566399,0.09088865,0.09583813
0.03992853,0.04773904,0.05496746,0.06177649,0.06823459,0.07437247,0.08020703,0.08574965,0.09100935,0.09599476
0.03993433,0.04775590,0.05499669,0.06181937,0.06829081,0.07444016,0.08028345,0.08583187,0.09109478,0.09608141
0.03994614,0.04777250,0.05502347,0.06186053,0.06834829,0.07451269,0.08036608,0.08591614,0.09116935,0.09613319
0.03994919,0.04777782,0.05503529,0.06188232,0.06838075,0.07455206,0.08040363,0.08593871,0.09116062,0.09607509
0.03994433,0.04777536,0.05503596,0.06188779,0.06839314,0.07457305,0.08043372,0.08597700,0.09120489,0.09612209
0.03994898,0.04778655,0.05505764,0.06192399,0.06844670,0.07464447,0.08052048,0.08607368,0.09130388,0.09621462
0.03993593,0.04777373,0.05504570,0.06191428,0.06844203,0.07464935,0.08054082,0.08611615,0.09137524,0.09632110
0.03994393,0.04778457,0.05505901,0.06193269,0.06847039,0.07469389,0.08060854,0.08621429,0.09151074,0.09650021
0.03992951,0.04776699,0.05504073,0.06191693,0.06846100,0.07469460,0.08062238,0.08624341,0.09155688,0.09656518
0.03993229,0.04777043,0.05504490,0.06192152,0.06846568,0.07469869,0.08062432,0.08624061,0.09154573,0.09654143
0.03992718,0.04776738,0.05504125,0.06191518,0.06845619,0.07468729,0.08061374,0.08623455,0.09154836,0.09655679
0.03992636,0.04775855,0.05502102,0.06187734,0.06839391,0.07459599,0.08049339,0.08609082,0.09139228,0.09640343
0.03992713,0.04776788,0.05504536,0.06192393,0.06846867,0.07470084,0.08062442,0.08623769,0.09153901,0.09653012
0.03992929,0.04777295,0.05505075,0.06192617,0.06846545,0.07469200,0.08061170,0.08622397,0.09152759,0.09652422
0.03993159,0.04778035,0.05506422,0.06194454,0.06848502,0.07470670,0.08061336,0.08620244,0.09147092,0.09641913
0.03993598,0.04778780,0.05507397,0.06195363,0.06848874,0.07469872,0.08058628,0.08614874,0.09138384,0.09629328
0.03992689,0.04777835,0.05506760,0.06195619,0.06850894,0.07474733,0.08067404,0.08628423,0.09157221,0.09653598
0.03993021,0.04779151,0.05509252,0.06199576,0.06856735,0.07482948,0.08078439,0.08642579,0.09174608,0.09674145
0.03992932,0.04778999,0.05508879,0.06198926,0.06855701,0.07481261,0.08075605,0.08637860,0.09167062,0.09662698
0.03993254,0.04779670,0.05510157,0.06201339,0.06859987,0.07488259,0.08086130,0.08652583,0.09186423,0.09686883
0.03994068,0.04780558,0.05510976,0.06202044,0.06860603,0.07488778,0.08086426,0.08652377,0.09185314,0.09684410
0.03994590,0.04780611,0.05510371,0.06200775,0.06858807,0.07486767,0.08084686,0.08651517,0.09185972,0.09687168
0.03994333,0.04781090,0.05511848,0.06203433,0.06862864,0.07492517,0.08092484,0.08661727,0.09198919,0.09703110
0.03993824,0.04780474,0.05511316,0.06203213,0.06863140,0.07493301,0.08093544,0.08662591,0.09198938,0.09701535
0.03992899,0.04779579,0.05510863,0.06203719,0.06865343,0.07498065,0.08101666,0.08674651,0.09215239,0.09722122
0.03993311,0.04780354,0.05512332,0.06206244,0.06869263,0.07503661,0.08109141,0.08684131,0.09226784,0.09735750
0.03992888,0.04780571,0.05513827,0.06209621,0.06875067,0.07512442,0.08121475,0.08700566,0.09247762,0.09761571
0.03993245,0.04782098,0.05516817,0.06214179,0.06881030,0.07519415,0.08128957,0.08708087,0.09254982,0.09768302
0.03992685,0.04781814,0.05516834,0.06214623,0.06882115,0.07521375,0.08131954,0.08712147,0.09259969,0.09773950
0.03992711,0.04782094,0.05517275,0.06215015,0.06882197,0.07520868,0.08130633,0.08709918,0.09256929,0.09770383
0.03992088,0.04781386,0.05516926,0.06215505,0.06883981,0.07524291,0.08135870,0.08716985,0.09265749,0.09780858
0.03991946,0.04781457,0.05517163,0.06215687,0.06883796,0.07523447,0.08134183,0.08714414,0.09262384,0.09776879
0.03991529,0.04780827,0.05515959,0.06213533,0.06880340,0.07518396,0.08127323,0.08705636,0.09251682,0.09764333
0.03991148,0.04781515,0.05517730,0.06215974,0.06882676,0.07519603,0.08126301,0.08701389,0.09243450,0.09751645
0.03990584,0.04781287,0.05517965,0.06216734,0.06883920,0.07521095,0.08127609,0.08701965,0.09242743,0.09749183
0.03989763,0.04780282,0.05516685,0.06214894,0.06881059,0.07516654,0.08121042,0.08692828,0.09230727,0.09734109
0.03989969,0.04780933,0.05518054,0.06217191,0.06884376,0.07520943,0.08126089,0.08698252,0.09236018,0.09738676
0.03990404,0.04781826,0.05519323,0.06218758,0.06886271,0.07523274,0.08128992,0.08701864,0.09240464,0.09744066
0.03990508,0.04781788,0.05519173,0.06218653,0.06886381,0.07523620,0.08129360,0.08701834,0.09239504,0.09741627
0.03990810,0.04781763,0.05518137,0.06215791,0.06880902,0.07514809,0.08116624,0.08684745,0.09217820,0.09715273
0.03990179,0.04780442,0.05516119,0.06213300,0.06878245,0.07512215,0.08114175,0.08682403,0.09215496,0.09712885
0.03989467,0.04779749,0.05515136,0.06211836,0.06876276,0.07509852,0.08111574,0.08679685,0.09212700,0.09709967
0.03988696,0.04779320,0.05514929,0.06211754,0.06876326,0.07510127,0.08112228,0.08680908,0.09214700,0.09712955
0.03989077,0.04779739,0.05515330,0.06211871,0.06875769,0.07508468,0.08109082,0.08675995,0.09207868,0.09704177
0.03989244,0.04780642,0.05516638,0.06212965,0.06875798,0.07506463,0.08104135,0.08667423,0.09195302,0.09687551
0.03989539,0.04780754,0.05516228,0.06211705,0.06873381,0.07502593,0.08098523,0.08659807,0.09185462,0.09675319
0.03990708,0.04782327,0.05518417,0.06214802,0.06877759,0.07508660,0.08106674,0.08670384,0.09198738,0.09691499
0.03991706,0.04783511,0.05519637,0.06216273,0.06879962,0.07512221,0.08112205,0.08678357,0.09209423,0.09704963
0.03990945,0.04782702,0.05518870,0.06215686,0.06879696,0.07512397,0.08112946,0.08679819,0.09211835,0.09708649
0.03990822,0.04782411,0.05518347,0.06214878,0.06878604,0.07511111,0.08111668,0.08678876,0.09211657,0.09709739
0.03991028,0.04782803,0.05518823,0.06215337,0.06878984,0.07511396,0.08111893,0.08679113,0.09211981,0.09710199
0.03990839,0.04782784,0.05518863,0.06215557,0.06879657,0.07512816,0.08114262,0.08682502,0.09216362,0.09715491
0.03991102,0.04783479,0.05520264,0.06218153,0.06884066,0.07519641,0.08123988,0.08695476,0.09232834,0.09735680
0.03991616,0.04784272,0.05521617,0.06220448,0.06887743,0.07525151,0.08131786,0.08706035,0.09246660,0.09753311
0.03991669,0.04783785,0.05520191,0.06217635,0.06883217,0.07518781,0.08123590,0.08696094,0.09235042,0.09740027
0.03991449,0.04783960,0.05521267,0.06220444,0.06888894,0.07528568,0.08138576,0.08717027,0.09262276,0.09773579
0.03991609,0.04784251,0.05521380,0.06219802,0.06886754,0.07524112,0.08130986,0.08705522,0.09246132,0.09752134
0.03991705,0.04784468,0.05521722,0.06220155,0.06886966,0.07524067,0.08130650,0.08704933,0.09245359,0.09751238
0.03991657,0.04784251,0.05521380,0.06219733,0.06886527,0.07523711,0.08130499,0.08705116,0.09246003,0.09752473
0.03992052,0.04784798,0.05521765,0.06219786,0.06886352,0.07523707,0.08131304,0.08707513,0.09250806,0.09760441
0.03991336,0.04783974,0.05520376,0.06217327,0.06882362,0.07517773,0.08123002,0.08696353,0.09236228,0.09741856
0.03991820,0.04784710,0.05521535,0.06219151,0.06885032,0.07521381,0.08127611,0.08702066,0.09243244,0.09750496
0.03990524,0.04783461,0.05520779,0.06219376,0.06886706,0.07524948,0.08133528,0.08710829,0.09255385,0.09766540
0.03990734,0.04783505,0.05520284,0.06217815,0.06883409,0.07519168,0.08124486,0.08697763,0.09237578,0.09743340
0.03991053,0.04784413,0.05521959,0.06220207,0.06886202,0.07521780,0.08126108,0.08697429,0.09234236,0.09735898
0.03991381,0.04785036,0.05523107,0.06222171,0.06889263,0.07526118,0.08131745,0.08704213,0.09241882,0.09744048
0.03991835,0.04785905,0.05524551,0.06224335,0.06892267,0.07530070,0.08136727,0.08710234,0.09248820,0.09751620
0.03990854,0.04784576,0.05523055,0.06223051,0.06891887,0.07531543,0.08141062,0.08718299,0.09261240,0.09768776
0.03990803,0.04784415,0.05522784,0.06222688,0.06891350,0.07530616,0.08139452,0.08715734,0.09257536,0.09763869
0.03989968,0.04783590,0.05522043,0.06222067,0.06890836,0.07530187,0.08139089,0.08715400,0.09257155,0.09763317
0.03989414,0.04783500,0.05522960,0.06224835,0.06896433,0.07539528,0.08152856,0.08733948,0.09280520,0.09791284
0.03989610,0.04784069,0.05523586,0.06225067,0.06895764,0.07537409,0.08148715,0.08727238,0.09270752,0.09778037
0.03990199,0.04784756,0.05524301,0.06225355,0.06894970,0.07534823,0.08143734,0.08719489,0.09260138,0.09764716
0.03990556,0.04785652,0.05525815,0.06227623,0.06898125,0.07538987,0.08149021,0.08726007,0.09267986,0.09773970
0.03991478,0.04786156,0.05525980,0.06227639,0.06898220,0.07539413,0.08150050,0.08727901,0.09270961,0.09778169
0.03991547,0.04786424,0.05526427,0.06228320,0.06899442,0.07541707,0.08154013,0.08734034,0.09279569,0.09789349
0.03991868,0.04787146,0.05527793,0.06230884,0.06904038,0.07549319,0.08165589,0.08750323,0.09301033,0.09816161
0.03991384,0.04786082,0.05525883,0.06227665,0.06898912,0.07541649,0.08154831,0.08736122,0.09283262,0.09794886
0.03991299,0.04786499,0.05526879,0.06229500,0.06901815,0.07545703,0.08159950,0.08742100,0.09289828,0.09801756
0.03991400,0.04786771,0.05527234,0.06229795,0.06901844,0.07545110,0.08158220,0.08738625,0.09284014,0.09793102
0.03991632,0.04787513,0.05528609,0.06231923,0.06904832,0.07549057,0.08163185,0.08744596,0.09290903,0.09800765
0.03991865,0.04787904,0.05529112,0.06232588,0.06905701,0.07550051,0.08164059,0.08744984,0.09290412,0.09799065
0.03991970,0.04788708,0.05530764,0.06235188,0.06909333,0.07554790,0.08169934,0.08751949,0.09298353,0.09807832
0.03992046,0.04789124,0.05531434,0.06236078,0.06910572,0.07556760,0.08173255,0.08757380,0.09306680,0.09819793
0.03992302,0.04788656,0.05530167,0.06233931,0.06907355,0.07552131,0.08166753,0.08748506,0.09294957,0.09804806
0.03991509,0.04787982,0.05529455,0.06233359,0.06907233,0.07552782,0.08168471,0.08751520,0.09299411,0.09810737
0.03991437,0.04788427,0.05530301,0.06234515,0.06908646,0.07554423,0.08170326,0.08753583,0.09301668,0.09813166
0.03991969,0.04788818,0.05530899,0.06235809,0.06911221,0.07558848,0.08177059,0.08762923,0.09313765,0.09828048
0.03991864,0.04789058,0.05531960,0.06238199,0.06915537,0.07565781,0.08187314,0.08777120,0.09332367,0.09851348
0.03993130,0.04791036,0.05535133,0.06243116,0.06922733,0.07575685,0.08200196,0.08793079,0.09351365,0.09873265
0.03992451,0.04790452,0.05534386,0.06241822,0.06920535,0.07572435,0.08196043,0.08788434,0.09346790,0.09869355
0.03992675,0.04791359,0.05536039,0.06244003,0.06922819,0.07574247,0.08196696,0.08787178,0.09342873,0.09862082
0.03992345,0.04791569,0.05536907,0.06245724,0.06925652,0.07578450,0.08202457,0.08794569,0.09351834,0.09872442
0.03992142,0.04791871,0.05538068,0.06247931,0.06929131,0.07583543,0.08209613,0.08804307,0.09364703,0.09888987
0.03992734,0.04792655,0.05538606,0.06247699,0.06927534,0.07580050,0.08203902,0.08796316,0.09354603,0.09877098
0.03993886,0.04794260,0.05540793,0.06250449,0.06930705,0.07583448,0.08207376,0.08799829,0.09358243,0.09881055
0.03993043,0.04794218,0.05542066,0.06253644,0.06936436,0.07592167,0.08219249,0.08814720,0.09375788,0.09900776
0.03993955,0.04795681,0.05544072,0.06256139,0.06939340,0.07595472,0.08223108,0.08819467,0.09381899,0.09908788
0.03993100,0.04794106,0.05541571,0.06252243,0.06933453,0.07587029,0.08211684,0.08804810,0.09363900,0.09887431
0.03992070,0.04793071,0.05540808,0.06252103,0.06934313,0.07589207,0.08215327,0.08809825,0.09369959,0.09894040
0.03992351,0.04793371,0.05541492,0.06253661,0.06937292,0.07594088,0.08222434,0.08819294,0.09381763,0.09908036
0.03992148,0.04793227,0.05541902,0.06255163,0.06940436,0.07599393,0.08230317,0.08830018,0.09395415,0.09924537
0.03992582,0.04793688,0.05542553,0.06256170,0.06942124,0.07602282,0.08235032,0.08837159,0.09405459,0.09937806
0.03991943,0.04793159,0.05541909,0.06255167,0.06940563,0.07600028,0.08232027,0.08833422,0.09401074,0.09932902
0.03991904,0.04793081,0.05541409,0.06253819,0.06937892,0.07595624,0.08225649,0.08825029,0.09390792,0.09920954
0.03992028,0.04793059,0.05540776,0.06252062,0.06934597,0.07590631,0.08219104,0.08817308,0.09382370,0.09912285
0.03991160,0.04792315,0.05540397,0.06252626,0.06937070,0.07596174,0.08228826,0.08832110,0.09402893,0.09938943
0.03990707,0.04792030,0.05540200,0.06252177,0.06935735,0.07592968,0.08222483,0.08821254,0.09386228,0.09915375
0.03991345,0.04792938,0.05541522,0.06253844,0.06937659,0.07595206,0.08225251,0.08824867,0.09391018,0.09921645
0.03991387,0.04793364,0.05542721,0.06256351,0.06942195,0.07602578,0.08236207,0.08839987,0.09410691,0.09946110
0.03993048,0.04795845,0.05546101,0.06260815,0.06947879,0.07609451,0.08244093,0.08848661,0.09419985,0.09955954
0.03993508,0.04796492,0.05546592,0.06260838,0.06947299,0.07608448,0.08243179,0.08848586,0.09421577,0.09959992
0.03992848,0.04796030,0.05546693,0.06261908,0.06949591,0.07612001,0.08247913,0.08854458,0.09428701,0.09968673
0.03994135,0.04798000,0.05549488,0.06265530,0.06953919,0.07616767,0.08252686,0.08858688,0.09431793,0.09970059
0.03994803,0.04799457,0.05552028,0.06269584,0.06960174,0.07626161,0.08266310,0.08877637,0.09457049,0.10002433
0.03994048,0.04799168,0.05552675,0.06271847,0.06964816,0.07633809,0.08277246,0.08891698,0.09473669,0.10020764
0.03993044,0.04797890,0.05551287,0.06270668,0.06964417,0.07635031,0.08281139,0.08899403,0.09486279,0.10039229
0.03993174,0.04799021,0.05553657,0.06274633,0.06970294,0.07642887,0.08290673,0.08909991,0.09497123,0.10049511
0.03993874,0.04799796,0.05554233,0.06274835,0.06969991,0.07642040,0.08289424,0.08908673,0.09496187,0.10049428
0.03994566,0.04800934,0.05555948,0.06277173,0.06973034,0.07645914,0.08294257,0.08914569,0.09503229,0.10057689
0.03995436,0.04802505,0.05557395,0.06277663,0.06971819,0.07642463,0.08288328,0.08906192,0.09492631,0.10045204
0.03996187,0.04803255,0.05557940,0.06277916,0.06971765,0.07642110,0.08287676,0.08905233,0.09491348,0.10043571
0.03995037,0.04801752,0.05555628,0.06274286,0.06966364,0.07634620,0.08277927,0.08893150,0.09476887,0.10026673
0.03994088,0.04800523,0.05553829,0.06271582,0.06962272,0.07628493,0.08269018,0.08880703,0.09460215,0.10005193
0.03993551,0.04800104,0.05553940,0.06272579,0.06964408,0.07631861,0.08273508,0.08886014,0.09465908,0.10010773
0.03993317,0.04799742,0.05553660,0.06272762,0.06965445,0.07634020,0.08276880,0.08890526,0.09471369,0.10016923
0.03992343,0.04798164,0.05551606,0.06270398,0.06963147,0.07632428,0.08276813,0.08892808,0.09476674,0.10025698
0.03992121,0.04797894,0.05550966,0.06269068,0.06960824,0.07628865,0.08271886,0.08886559,0.09469297,0.10017485
0.03992119,0.04798099,0.05551090,0.06268899,0.06960352,0.07628325,0.08271724,0.08887323,0.09471507,0.10021539
0.03991595,0.04797777,0.05551296,0.06269779,0.06961830,0.07630154,0.08273596,0.08888955,0.09472672,0.10022043
0.03991594,0.04798032,0.05552230,0.06272035,0.06966374,0.07638168,0.08286194,0.08906912,0.09496301,0.10051244
0.03990360,0.04796666,0.05550471,0.06269097,0.06961127,0.07629444,0.08273093,0.08888955,0.09473422,0.10023664
0.03990688,0.04797386,0.05552148,0.06272208,0.06965897,0.07635887,0.08281071,0.08898240,0.09483741,0.10034743
0.03990923,0.04797702,0.05552144,0.06271356,0.06963589,0.07631527,0.08274194,0.08888597,0.09471307,0.10019667
0.03991023,0.04798614,0.05554009,0.06274291,0.06967673,0.07636794,0.08280664,0.08896326,0.09480427,0.10030389
0.03991074,0.04799319,0.05555440,0.06276587,0.06971215,0.07642191,0.08288631,0.08907533,0.09495387,0.10049421
0.03990508,0.04798986,0.05555132,0.06276036,0.06970085,0.07640068,0.08285010,0.08901825,0.09486967,0.10037676
0.03990815,0.04799977,0.05557161,0.06279349,0.06974760,0.07645941,0.08291676,0.08908722,0.09493480,0.10043230
0.03991018,0.04800793,0.05559039,0.06282946,0.06980766,0.07654928,0.08303981,0.08924408,0.09512376,0.10065012
0.03991543,0.04801913,0.05560609,0.06284611,0.06981893,0.07654649,0.08301401,0.08918850,0.09503531,0.10052953
0.03990840,0.04801569,0.05560360,0.06284339,0.06981509,0.07654005,0.08300234,0.08916784,0.09500115,0.10047711
0.03989532,0.04799791,0.05558342,0.06282365,0.06979982,0.07653455,0.08301268,0.08920022,0.09506128,0.10056986
0.03990252,0.04801356,0.05560611,0.06285254,0.06983480,0.07657610,0.08306142,0.08925630,0.09512417,0.10063845
0.03990498,0.04801919,0.05561324,0.06286304,0.06985292,0.07660723,0.08311084,0.08932833,0.09522173,0.10076312
0.03990495,0.04801620,0.05560683,0.06285273,0.06983823,0.07658721,0.08308365,0.08929113,0.09517116,0.10069575
0.03989754,0.04800126,0.05558346,0.06281894,0.06979149,0.07652594,0.08300809,0.08920344,0.09507485,0.10059492
0.03990058,0.04800729,0.05559340,0.06283253,0.06980855,0.07654692,0.08303401,0.08923544,0.09511383,0.10064143
0.03990332,0.04800880,0.05559350,0.06283079,0.06980621,0.07654836,0.08304670,0.08926862,0.09517678,0.10074227
0.03990815,0.04801881,0.05560570,0.06283997,0.06980715,0.07653787,0.08302476,0.08923862,0.09514474,0.10071562
0.03990730,0.04801270,0.05559417,0.06282047,0.06977474,0.07648513,0.08294219,0.08911550,0.09497044,0.10048070
0.03991279,0.04802652,0.05561366,0.06284157,0.06979562,0.07650810,0.08297344,0.08916328,0.09504289,0.10058436
0.03991363,0.04803318,0.05562881,0.06286864,0.06983897,0.07657180,0.08305973,0.08927152,0.09516948,0.10072341
0.03991355,0.04803726,0.05564339,0.06290093,0.06989766,0.07666671,0.08320053,0.08946634,0.09542413,0.10104147
0.03990151,0.04802115,0.05562717,0.06289148,0.06990461,0.07670178,0.08327536,0.08958997,0.09560152,0.10127349
0.03989772,0.04801621,0.05562195,0.06288703,0.06990079,0.07669606,0.08326274,0.08956406,0.09555591,0.10120275
0.03989113,0.04801424,0.05562293,0.06288901,0.06990176,0.07669392,0.08325522,0.08954869,0.09553024,0.10116468
0.03988664,0.04800676,0.05560840,0.06286092,0.06985178,0.07661332,0.08313703,0.08938940,0.09533026,0.10092748
0.03988632,0.04800903,0.05561296,0.06286717,0.06985970,0.07662401,0.08315297,0.08941438,0.09536889,0.10098455
0.03988567,0.04800858,0.05561085,0.06286132,0.06984908,0.07660949,0.08313739,0.08940194,0.09536432,0.10099256
0.03989206,0.04801804,0.05562697,0.06288722,0.06988671,0.07665915,0.08319770,0.08947025,0.09543741,0.10106733
0.03989834,0.04802632,0.05563934,0.06290844,0.06992416,0.07672250,0.08329753,0.08961649,0.09563830,0.10132909
0.03989576,0.04802302,0.05563637,0.06291129,0.06994243,0.07676872,0.08338474,0.08975553,0.09583608,0.10158826
0.03989578,0.04802947,0.05564654,0.06292117,0.06994676,0.07676120,0.08335914,0.08970690,0.09576126,0.10148575
0.03988803,0.04801897,0.05563466,0.06291024,0.06993968,0.07676116,0.08336910,0.08972886,0.09579583,0.10153212
0.03988165,0.04801760,0.05563527,0.06290961,0.06993511,0.07675139,0.08335482,0.08971263,0.09578146,0.10152400
0.03987972,0.04802155,0.05564816,0.06293958,0.06999541,0.07685889,0.08352662,0.08996225,0.09611673,0.10194708
0.03988629,0.04803113,0.05565667,0.06294241,0.06998692,0.07683121,0.08346934,0.08986333,0.09596400,0.10172959
0.03989144,0.04804174,0.05567356,0.06296601,0.07001796,0.07687184,0.08352373,0.08993762,0.09606557,0.10186618
0.03989054,0.04804621,0.05568374,0.06298233,0.07004187,0.07690582,0.08357042,0.08999889,0.09614234,0.10195869
0.03989119,0.04805074,0.05568988,0.06298722,0.07004085,0.07689206,0.08353584,0.08993575,0.09604460,0.10182250
0.03989182,0.04805709,0.05570850,0.06302656,0.07010972,0.07699806,0.08368451,0.09013052,0.09628718,0.10211343
0.03989381,0.04805841,0.05570368,0.06300940,0.07007369,0.07693599,0.08358902,0.08999516,0.09610748,0.10188740
0.03988573,0.04804907,0.05569426,0.06300101,0.07006893,0.07693961,0.08360771,0.09003672,0.09617977,0.10199741
0.03989166,0.04806130,0.05571434,0.06303079,0.07010921,0.07698949,0.08366421,0.09009476,0.09623266,0.10203750
0.03988225,0.04805392,0.05571374,0.06304336,0.07014320,0.07705425,0.08376894,0.09024764,0.09644053,0.10230619
0.03988242,0.04805619,0.05572188,0.06306081,0.07017277,0.07709852,0.08383030,0.09032806,0.09654151,0.10242873
0.03988305,0.04805693,0.05571965,0.06305124,0.07014942,0.07705355,0.08375619,0.09021954,0.09639654,0.10224844
0.03988357,0.04805584,0.05572211,0.06306274,0.07017489,0.07709614,0.08381688,0.09029781,0.09649154,0.10236001
0.03988868,0.04806344,0.05573007,0.06306859,0.07017607,0.07709048,0.08380309,0.09027581,0.09646251,0.10232613
0.03989149,0.04806535,0.05573435,0.06307934,0.07019813,0.07712801,0.08385760,0.09034479,0.09653959,0.10240213
0.03989118,0.04806088,0.05572213,0.06305239,0.07014657,0.07704133,0.08372779,0.09016839,0.09631760,0.10213859
0.03988702,0.04805464,0.05570928,0.06302863,0.07010792,0.07698457,0.08365083,0.09007038,0.09619856,0.10199892
0.03988770,0.04805547,0.05571115,0.06303251,0.07011419,0.07699183,0.08365513,0.09006511,0.09617512,0.10194768
0.03989091,0.04805623,0.05570490,0.06301314,0.07007683,0.07693569,0.08358425,0.08998686,0.09609767,0.10187790
0.03989286,0.04805762,0.05569925,0.06299416,0.07003639,0.07686299,0.08346697,0.08981349,0.09585943,0.10156959
0.03991114,0.04808136,0.05573634,0.06305510,0.07013588,0.07702024,0.08370426,0.09015322,0.09632128,0.10216871
0.03989433,0.04806281,0.05571521,0.06303031,0.07010367,0.07697170,0.08362518,0.09002628,0.09612894,0.10189546
0.03988947,0.04805723,0.05570721,0.06301431,0.07007067,0.07690995,0.08352162,0.08986847,0.09590663,0.10160128
0.03988812,0.04805858,0.05571183,0.06302263,0.07008373,0.07693004,0.08355252,0.08991518,0.09597478,0.10169650
0.03988670,0.04806307,0.05572821,0.06305553,0.07013761,0.07701034,0.08366579,0.09006832,0.09617380,0.10194563
0.03988641,0.04806313,0.05573085,0.06306110,0.07014546,0.07702028,0.08367923,0.09008801,0.09620285,0.10198637
0.03987903,0.04805545,0.05572234,0.06304872,0.07012488,0.07698732,0.08363074,0.09002247,0.09612029,0.10188810
0.03987226,0.04804561,0.05570956,0.06303243,0.07010446,0.07696275,0.08360277,0.08999200,0.09608764,0.10185249
0.03986912,0.04803402,0.05568426,0.06299074,0.07004468,0.07688316,0.08350177,0.08986894,0.09594332,0.10168900
0.03986364,0.04802748,0.05567935,0.06299187,0.07005420,0.07689851,0.08351505,0.08986858,0.09591679,0.10162510
0.03986182,0.04802803,0.05568657,0.06300930,0.07008396,0.07694149,0.08357147,0.08993855,0.09600063,0.10172337
0.03986234,0.04803036,0.05569067,0.06301506,0.07009107,0.07695001,0.08358257,0.08995468,0.09602506,0.10175954
0.03986467,0.04803210,0.05569544,0.06303087,0.07012929,0.07702341,0.08370326,0.09013266,0.09626772,0.10207167
0.03985480,0.04802156,0.05568853,0.06303287,0.07014676,0.07706321,0.08377069,0.09023008,0.09639408,0.10222318
0.03984909,0.04800961,0.05566421,0.06298806,0.07007229,0.07694977,0.08361010,0.09001660,0.09612524,0.10189964
0.03984175,0.04800407,0.05566371,0.06299443,0.07008526,0.07696621,0.08362419,0.09002105,0.09611272,0.10186389
0.03983741,0.04800210,0.05567075,0.06301706,0.07012939,0.07703665,0.08372446,0.09015328,0.09627769,0.10206117
0.03982646,0.04799092,0.05566151,0.06301221,0.07012960,0.07703991,0.08372654,0.09014903,0.09626246,0.10203159
0.03982226,0.04798676,0.05565669,0.06300480,0.07011618,0.07701599,0.08368769,0.09009197,0.09618548,0.10193438
0.03982783,0.04799238,0.05566814,0.06302981,0.07016515,0.07710077,0.08381887,0.09027653,0.09642593,0.10222944
0.03983245,0.04800583,0.05568971,0.06305663,0.07019178,0.07712032,0.08382497,0.09026485,0.09639455,0.10217829
0.03982672,0.04799962,0.05568067,0.06304348,0.07017396,0.07709792,0.08379899,0.09023715,0.09636759,0.10215476
0.03982940,0.04800041,0.05567891,0.06303791,0.07016288,0.07707897,0.08376945,0.09019480,0.09631139,0.10208515
0.03982792,0.04799982,0.05568468,0.06305645,0.07019847,0.07713131,0.08383321,0.09026113,0.09637033,0.10212758
0.03982926,0.04800472,0.05569708,0.06308361,0.07024864,0.07721085,0.08394437,0.09040144,0.09653361,0.10230572
0.03982776,0.04801487,0.05572383,0.06313265,0.07032593,0.07732175,0.08409229,0.09058703,0.09675477,0.10255827
0.03983076,0.04801710,0.05572302,0.06312423,0.07030435,0.07728335,0.08403778,0.09052172,0.09668703,0.10249739
0.03982758,0.04801307,0.05571553,0.06311039,0.07028151,0.07724968,0.08399312,0.09046826,0.09662921,0.10244122
0.03981953,0.04800733,0.05571600,0.06312059,0.07030440,0.07728731,0.08404603,0.09053536,0.09670810,0.10252887
0.03982073,0.04801613,0.05573333,0.06314534,0.07033626,0.07732792,0.08409902,0.09060541,0.09679989,0.10264617
0.03982587,0.04801981,0.05572799,0.06312318,0.07028828,0.07724505,0.08397421,0.09043546,0.09658584,0.10239252
0.03982771,0.04802029,0.05572413,0.06311016,0.07026093,0.07719879,0.08390556,0.09034209,0.09646647,0.10224664
0.03981851,0.04801059,0.05571220,0.06308842,0.07021854,0.07712472,0.08379116,0.09018245,0.09626046,0.10199601
0.03982515,0.04801629,0.05571501,0.06308769,0.07021311,0.07711164,0.08376517,0.09013629,0.09618572,0.10188420
0.03982428,0.04801319,0.05570838,0.06307564,0.07019417,0.07708548,0.08373263,0.09009910,0.09614607,0.10184434
0.03982422,0.04801262,0.05570667,0.06307263,0.07019185,0.07708938,0.08375147,0.09014304,0.09622460,0.10196486
0.03983184,0.04802786,0.05573027,0.06310338,0.07022550,0.07711849,0.08376687,0.09013598,0.09618858,0.10189635
0.03982911,0.04802784,0.05572901,0.06309314,0.07019609,0.07705935,0.08366954,0.08999586,0.09600532,0.10167307
0.03984254,0.04804058,0.05573859,0.06309766,0.07019514,0.07705418,0.08366281,0.08999081,0.09600485,0.10167897
0.03983784,0.04803727,0.05573513,0.06309491,0.07019702,0.07706716,0.08369443,0.09004788,0.09609181,0.10179735
0.03982434,0.04802214,0.05571717,0.06307044,0.07016039,0.07701191,0.08361458,0.08993903,0.09595170,0.10162573
0.03982724,0.04802890,0.05573039,0.06309404,0.07020032,0.07707530,0.08370797,0.09006688,0.09611584,0.10182572
0.03982776,0.04802604,0.05572189,0.06307642,0.07017045,0.07703156,0.08365055,0.08999733,0.09603637,0.10173856
0.03983539,0.04803716,0.05573862,0.06309888,0.07019805,0.07706476,0.08369201,0.09005166,0.09610888,0.10183382
0.03983585,0.04804369,0.05575301,0.06312433,0.07023998,0.07713147,0.08379469,0.09020340,0.09632293,0.10212186
0.03983227,0.04804027,0.05574744,0.06310996,0.07020553,0.07706277,0.08367808,0.09002916,0.09608723,0.10182667
0.03983449,0.04804069,0.05574683,0.06310784,0.07019987,0.07704942,0.08365094,0.08998130,0.09601238,0.10172033
0.03983251,0.04805004,0.05576974,0.06314578,0.07025440,0.07712135,0.08373911,0.09008206,0.09611982,0.10182722
0.03984008,0.04805954,0.05578399,0.06316860,0.07028897,0.07716791,0.08379373,0.09013704,0.09616544,0.10185357
0.03983789,0.04805970,0.05578477,0.06316741,0.07028260,0.07715322,0.08376858,0.09010108,0.09612036,0.10180288
0.03982842,0.04804920,0.05577174,0.06315244,0.07026637,0.07713495,0.08374545,0.09006865,0.09607350,0.10173682
0.03982977,0.04804953,0.05577155,0.06315477,0.07027650,0.07715874,0.08378794,0.09013352,0.09616323,0.10185313
0.03983069,0.04805582,0.05578120,0.06316321,0.07027865,0.07714999,0.08376433,0.09009167,0.09610031,0.10176696
0.03982359,0.04804978,0.05577542,0.06315601,0.07026596,0.07712482,0.08371759,0.09001386,0.09598334,0.10160514
0.03982580,0.04804925,0.05577213,0.06315142,0.07026243,0.07712472,0.08372297,0.09002658,0.09600527,0.10163819
0.03982779,0.04804686,0.05576490,0.06314136,0.07025448,0.07712539,0.08373838,0.09006088,0.09605999,0.10171250
0.03983414,0.04805289,0.05576907,0.06314364,0.07025864,0.07713959,0.08377349,0.09012786,0.09616768,0.10186647
0.03984390,0.04806284,0.05577349,0.06313793,0.07024047,0.07710890,0.08373202,0.09007835,0.09611293,0.10180874
0.03984027,0.04806609,0.05578061,0.06314635,0.07024882,0.07711782,0.08374394,0.09009629,0.09613918,0.10184423
0.03984186,0.04807662,0.05580133,0.06317644,0.07028519,0.07715521,0.08377564,0.09011529,0.09613925,0.10182047
0.03984206,0.04807462,0.05579582,0.06316810,0.07027763,0.07715527,0.08379224,0.09015759,0.09621504,0.10193541
0.03984464,0.04808204,0.05580860,0.06318638,0.07030176,0.07718635,0.08383251,0.09021041,0.09628442,0.10202535
0.03983633,0.04807157,0.05579313,0.06316304,0.07026661,0.07713409,0.08375724,0.09010687,0.09614902,0.10185646
0.03983799,0.04807377,0.05579692,0.06317114,0.07028571,0.07717544,0.08383512,0.09023593,0.09634173,0.10212160
0.03984169,0.04808026,0.05581112,0.06320142,0.07034341,0.07727346,0.08398571,0.09044842,0.09662131,0.10246930
0.03984641,0.04808588,0.05582094,0.06322396,0.07039078,0.07735868,0.08412031,0.09064103,0.09687744,0.10279189
0.03984211,0.04808321,0.05582160,0.06322819,0.07039717,0.07736465,0.08412280,0.09063697,0.09686390,0.10276608
0.03984867,0.04808990,0.05582717,0.06323068,0.07039426,0.07735333,0.08409953,0.09059838,0.09680757,0.10269089
0.03985070,0.04808599,0.05581965,0.06322292,0.07039219,0.07736604,0.08413854,0.09067590,0.09693465,0.10287621
0.03985534,0.04809760,0.05584288,0.06326276,0.07045346,0.07745453,0.08426224,0.09084496,0.09715989,0.10316727
0.03985481,0.04810607,0.05585518,0.06327359,0.07045899,0.07745295,0.08425375,0.09083132,0.09714353,0.10315050
0.03985857,0.04810845,0.05585842,0.06328355,0.07048484,0.07750591,0.08434517,0.09097081,0.09733795,0.10340386
0.03986236,0.04811311,0.05586370,0.06328711,0.07048186,0.07748940,0.08430726,0.09090423,0.09723714,0.10326534
0.03985329,0.04810383,0.05585265,0.06327302,0.07046372,0.07746621,0.08427773,0.09086678,0.09719015,0.10320758
0.03986022,0.04811556,0.05587022,0.06329729,0.07049381,0.07749997,0.08431299,0.09090276,0.09722848,0.10325236
0.03985969,0.04811819,0.05587621,0.06330652,0.07050567,0.07751341,0.08432663,0.09091515,0.09723836,0.10325898
0.03985156,0.04810403,0.05586047,0.06329637,0.07051275,0.07755396,0.08441931,0.09107758,0.09748428,0.10359704
0.03984345,0.04809978,0.05586457,0.06331307,0.07054783,0.07761579,0.08451842,0.09122511,0.09769005,0.10386822
0.03983588,0.04808584,0.05584313,0.06328345,0.07050839,0.07756308,0.08444758,0.09113150,0.09757106,0.10372411
0.03983712,0.04809105,0.05584841,0.06329001,0.07052275,0.07759448,0.08450422,0.09121721,0.09768400,0.10385764
0.03983673,0.04809040,0.05584390,0.06327641,0.07049268,0.07753871,0.08441318,0.09108320,0.09750283,0.10362888
0.03983498,0.04809236,0.05584934,0.06328433,0.07050071,0.07754423,0.08441533,0.09108438,0.09750868,0.10364718
0.03983971,0.04809984,0.05585977,0.06330247,0.07053590,0.07760828,0.08451989,0.09123900,0.09772003,0.10391911
0.03984059,0.04810620,0.05587384,0.06332624,0.07057121,0.07765798,0.08458866,0.09133279,0.09784448,0.10407807
0.03985181,0.04811621,0.05588043,0.06332452,0.07055275,0.07761142,0.08450118,0.09119198,0.09764006,0.10380289
0.03985712,0.04811715,0.05587079,0.06329589,0.07049463,0.07751276,0.08435275,0.09098830,0.09737992,0.10348855
0.03985806,0.04812425,0.05588567,0.06332121,0.07053260,0.07756539,0.08442267,0.09107943,0.09749751,0.10363857
0.03985319,0.04812113,0.05588398,0.06331776,0.07052178,0.07754062,0.08437801,0.09101069,0.09740261,0.10351737
0.03985848,0.04812497,0.05588479,0.06331481,0.07051572,0.07753353,0.08437279,0.09101030,0.09740961,0.10353386
0.03984677,0.04811563,0.05588634,0.06333810,0.07057149,0.07763050,0.08451651,0.09120284,0.09764997,0.10381887
0.03984540,0.04811468,0.05588388,0.06333388,0.07056871,0.07763569,0.08453844,0.09125101,0.09773323,0.10394441
0.03984076,0.04811553,0.05589072,0.06334586,0.07058454,0.07765322,0.08455384,0.09125822,0.09772426,0.10391040
0.03983515,0.04810735,0.05588296,0.06334077,0.07058036,0.07764321,0.08452735,0.09120333,0.09763050,0.10377056
0.03983563,0.04810863,0.05588720,0.06334675,0.07058274,0.07763276,0.08449245,0.09113237,0.09751425,0.10360338
0.03983608,0.04810864,0.05587889,0.06331972,0.07052390,0.07752692,0.08432428,0.09088887,0.09718662,0.10318769
0.03984684,0.04812162,0.05589285,0.06332920,0.07051806,0.07749029,0.08423879,0.09073649,0.09695154,0.10285774
0.03984874,0.04812156,0.05588741,0.06331038,0.07047300,0.07740209,0.08408861,0.09050627,0.09662652,0.10242798
0.03985384,0.04812882,0.05589794,0.06332690,0.07049874,0.07743938,0.08413769,0.09056486,0.09669024,0.10249108
0.03985321,0.04812972,0.05590197,0.06333682,0.07052102,0.07748567,0.08422421,0.09071044,0.09691384,0.10280980
0.03985594,0.04813141,0.05589844,0.06332455,0.07049847,0.07745464,0.08419111,0.09068635,0.09691317,0.10284802
0.03985810,0.04813742,0.05591036,0.06334273,0.07052093,0.07747749,0.08420959,0.09069587,0.09690997,0.10282939
0.03983933,0.04811791,0.05589447,0.06333606,0.07052990,0.07750725,0.08426139,0.09076563,0.09698885,0.10290587
0.03983656,0.04811673,0.05589936,0.06335540,0.07057537,0.07759364,0.08440577,0.09098566,0.09730077,0.10332276
0.03984157,0.04812109,0.05590553,0.06336357,0.07058363,0.07759823,0.08440173,0.09096765,0.09726372,0.10326240
0.03984375,0.04811746,0.05588559,0.06331684,0.07050305,0.07748446,0.08426519,0.09082710,0.09714239,0.10318358
0.03984074,0.04811146,0.05587364,0.06329759,0.07047832,0.07745930,0.08424615,0.09081974,0.09714936,0.10320400
0.03984876,0.04811784,0.05588217,0.06331035,0.07049492,0.07747717,0.08426149,0.09082852,0.09714806,0.10318993
0.03984689,0.04812025,0.05589316,0.06333749,0.07055125,0.07758181,0.08443769,0.09110025,0.09753643,0.10371058
0.03983964,0.04810623,0.05587013,0.06330309,0.07050302,0.07751723,0.08435470,0.09099781,0.09741487,0.10357153
0.03983734,0.04810201,0.05586128,0.06328942,0.07048703,0.07750236,0.08434254,0.09098597,0.09739648,0.10353660
0.03984666,0.04812585,0.05589713,0.06333772,0.07055153,0.07758805,0.08445318,0.09112256,0.09755727,0.10371800
0.03984471,0.04812547,0.05589272,0.06332177,0.07051600,0.07752458,0.08435272,0.09097513,0.09735238,0.10344563
0.03984315,0.04812645,0.05589425,0.06332481,0.07052484,0.07754576,0.08439234,0.09103605,0.09743296,0.10354013
0.03984145,0.04812120,0.05588817,0.06332265,0.07053098,0.07756297,0.08442174,0.09107812,0.09748855,0.10361108
0.03984197,0.04811891,0.05587980,0.06330195,0.07049196,0.07750365,0.08434650,0.09099749,0.09741700,0.10356412
0.03985105,0.04813334,0.05589639,0.06331828,0.07050724,0.07751934,0.08436671,0.09102888,0.09746796,0.10364348
0.03985928,0.04814066,0.05589429,0.06329361,0.07044123,0.07739082,0.08415691,0.09072517,0.09706500,0.10314202
0.03985828,0.04814152,0.05589460,0.06328686,0.07041512,0.07732686,0.08403193,0.09051444,0.09674562,0.10269561
0.03986583,0.04815309,0.05590890,0.06330056,0.07042385,0.07732524,0.08401357,0.09047203,0.09667147,0.10258223
0.03986271,0.04815147,0.05591003,0.06330682,0.07043973,0.07735715,0.08406861,0.09055663,0.09679054,0.10273892
0.03986863,0.04815426,0.05590779,0.06329360,0.07040454,0.07728405,0.08393833,0.09034929,0.09648833,0.10232795
0.03988032,0.04817512,0.05593784,0.06333146,0.07045015,0.07734160,0.08401702,0.09046175,0.09664781,0.10254576
0.03988157,0.04817852,0.05594518,0.06334828,0.07048678,0.07741139,0.08413253,0.09063100,0.09687241,0.10282131
0.03989030,0.04819221,0.05596272,0.06336801,0.07050800,0.07743496,0.08416072,0.09066678,0.09691864,0.10288009
0.03988262,0.04817199,0.05592372,0.06330502,0.07041416,0.07730232,0.08398229,0.09043832,0.09663926,0.10255172
0.03988230,0.04817237,0.05592092,0.06329333,0.07038531,0.07724542,0.08388522,0.09029014,0.09643220,0.10228203
0.03988404,0.04817462,0.05592629,0.06330414,0.07040145,0.07726371,0.08390019,0.09029533,0.09642134,0.10224981
0.03989217,0.04818673,0.05594614,0.06333637,0.07045114,0.07733445,0.08399230,0.09040566,0.09654474,0.10238101
0.03988368,0.04817273,0.05593236,0.06332960,0.07045988,0.07736927,0.08406505,0.09052777,0.09672553,0.10262670
0.03988116,0.04817052,0.05593212,0.06333316,0.07046889,0.07738538,0.08409034,0.09056507,0.09677843,0.10269934
0.03987854,0.04817446,0.05594307,0.06335234,0.07049877,0.07742986,0.08415412,0.09065242,0.09689203,0.10283992
0.03987604,0.04816604,0.05593014,0.06333729,0.07048500,0.07742188,0.08415691,0.09067032,0.09692789,0.10289490
0.03988022,0.04817070,0.05593825,0.06335072,0.07050577,0.07745183,0.08419729,0.09072167,0.09699013,0.10296733
0.03988077,0.04817247,0.05593629,0.06333890,0.07047754,0.07740078,0.08411800,0.09061077,0.09684686,0.10279340
0.03987857,0.04816753,0.05592716,0.06332657,0.07046565,0.07739588,0.08412921,0.09064816,0.09691928,0.10290674
0.03988308,0.04816990,0.05592634,0.06332704,0.07047532,0.07742432,0.08418611,0.09074212,0.09705689,0.10309221
0.03988550,0.04817125,0.05592165,0.06331224,0.07045045,0.07739481,0.08416210,0.09073613,0.09708123,0.10315692
0.03986540,0.04814509,0.05588649,0.06326792,0.07039871,0.07733663,0.08409512,0.09065391,0.09697445,0.10301565
0.03987147,0.04814398,0.05587820,0.06325420,0.07038230,0.07732145,0.08408629,0.09065714,0.09699504,0.10305768
0.03987148,0.04814664,0.05588485,0.06326985,0.07041495,0.07738059,0.08418120,0.09079525,0.09718100,0.10329314
0.03987032,0.04814945,0.05589512,0.06329171,0.07045104,0.07743042,0.08424068,0.09085746,0.09723757,0.10333560
0.03986679,0.04814868,0.05590077,0.06330908,0.07048694,0.07749291,0.08433823,0.09099784,0.09742671,0.10357696
0.03986803,0.04815426,0.05591180,0.06332641,0.07051056,0.07752054,0.08436438,0.09101423,0.09742383,0.10354592
0.03986821,0.04815140,0.05590468,0.06331510,0.07049736,0.07751094,0.08436719,0.09104056,0.09748538,0.10365334
0.03986569,0.04814556,0.05589243,0.06329001,0.07044843,0.07742363,0.08422613,0.09083252,0.09720130,0.10328874
0.03987571,0.04815782,0.05590388,0.06329828,0.07045176,0.07742030,0.08421386,0.09080816,0.09716094,0.10322820
0.03987468,0.04815750,0.05590118,0.06329054,0.07043518,0.07738868,0.08415888,0.09072112,0.09703484,0.10305910
0.03988292,0.04816484,0.05590403,0.06328319,0.07041041,0.07733904,0.08407806,0.09060495,0.09688159,0.10286913
0.03988885,0.04817260,0.05590932,0.06328294,0.07040381,0.07732903,0.08407178,0.09061262,0.09691439,0.10293716
0.03989348,0.04817838,0.05591917,0.06329960,0.07042976,0.07736582,0.08411949,0.09067001,0.09697967,0.10300871
0.03989397,0.04818464,0.05593252,0.06332488,0.07047552,0.07744372,0.08424240,0.09084963,0.09722463,0.10332384
0.03990485,0.04818955,0.05592372,0.06329203,0.07040465,0.07731774,0.08404331,0.09056162,0.09683676,0.10283122
0.03990842,0.04819288,0.05592320,0.06328349,0.07038428,0.07728207,0.08398882,0.09048458,0.09673338,0.10269792
0.03990873,0.04819840,0.05593592,0.06330940,0.07043287,0.07736533,0.08411926,0.09067296,0.09698718,0.10302081
0.03992195,0.04820687,0.05593421,0.06328970,0.07038569,0.07728168,0.08399282,0.09050113,0.09677066,0.10276249
0.03991798,0.04820352,0.05593583,0.06330104,0.07041201,0.07732859,0.08406570,0.09060437,0.09690725,0.10293389
0.03992348,0.04821248,0.05594830,0.06331934,0.07044180,0.07737943,0.08414985,0.09073421,0.09709244,0.10317977
0.03992465,0.04821311,0.05595137,0.06333411,0.07048314,0.07746607,0.08430084,0.09096468,0.09741073,0.10358690
0.03992008,0.04820989,0.05595288,0.06334529,0.07050945,0.07751138,0.08436567,0.09104587,0.09750263,0.10368317
0.03992741,0.04821576,0.05595744,0.06334820,0.07051079,0.07751347,0.08437398,0.09106812,0.09754666,0.10375503
0.03991177,0.04819934,0.05594353,0.06333916,0.07050824,0.07751944,0.08439201,0.09110329,0.09760463,0.10384082
0.03991353,0.04820257,0.05595115,0.06335493,0.07053474,0.07755743,0.08444134,0.09116443,0.09767953,0.10393263
0.03990835,0.04819695,0.05593941,0.06333060,0.07049103,0.07748681,0.08433543,0.09101455,0.09747795,0.10367377
0.03992284,0.04821170,0.05595270,0.06334471,0.07051409,0.07753334,0.08442410,0.09116402,0.09770266,0.10398180
0.03991906,0.04820918,0.05594657,0.06332386,0.07046112,0.07742573,0.08423797,0.09087911,0.09730623,0.10346972
0.03992364,0.04821627,0.05595821,0.06334208,0.07048874,0.07746739,0.08429954,0.09096623,0.09742305,0.10361844
0.03991872,0.04820828,0.05594844,0.06333288,0.07048243,0.07746604,0.08430500,0.09098005,0.09744643,0.10365205
0.03992464,0.04821602,0.05595918,0.06334832,0.07050437,0.07749565,0.08434216,0.09102335,0.09749366,0.10370094
0.03993068,0.04821876,0.05595266,0.06332674,0.07046263,0.07742940,0.08424816,0.09089994,0.09734093,0.10352044
0.03992534,0.04820812,0.05593076,0.06328446,0.07038583,0.07729937,0.08404398,0.09060201,0.09693423,0.10299617
0.03992854,0.04821584,0.05594716,0.06331330,0.07042939,0.07735812,0.08411686,0.09068703,0.09702895,0.10309813
0.03992295,0.04821105,0.05594074,0.06330154,0.07040925,0.07732932,0.08408256,0.09065275,0.09700051,0.10307994
0.03992631,0.04821797,0.05594506,0.06329628,0.07038741,0.07728548,0.08401423,0.09056061,0.09688769,0.10295075
0.03992839,0.04821883,0.05594915,0.06331090,0.07042078,0.07734507,0.08410555,0.09068651,0.09704824,0.10314373
0.03993870,0.04823216,0.05596457,0.06332616,0.07043306,0.07735183,0.08410504,0.09067795,0.09703186,0.10312062
0.03995091,0.04825225,0.05599536,0.06336805,0.07048200,0.07739848,0.08413583,0.09067783,0.09698724,0.10302147
0.03994416,0.04824545,0.05598921,0.06336605,0.07049075,0.07742664,0.08419273,0.09077203,0.09712559,0.10320862
0.03994906,0.04825147,0.05599874,0.06338388,0.07052290,0.07748044,0.08427646,0.09089375,0.09729174,0.10342315
0.03995106,0.04825072,0.05598796,0.06335148,0.07045190,0.07734898,0.08406037,0.09057052,0.09684419,0.10284127
0.03994907,0.04825201,0.05599073,0.06335380,0.07045212,0.07734598,0.08405330,0.09055849,0.09682616,0.10281615
0.03994963,0.04825524,0.05599185,0.06335027,0.07044424,0.07733644,0.08404582,0.09055631,0.09683102,0.10282819
0.03994390,0.04825768,0.05600422,0.06337372,0.07047974,0.07738492,0.08410752,0.09062990,0.09691346,0.10291517
0.03994885,0.04826386,0.05600469,0.06336108,0.07044746,0.07732994,0.08403227,0.09054221,0.09682425,0.10283553
0.03994485,0.04826315,0.05600672,0.06336342,0.07044471,0.07731383,0.08399272,0.09046925,0.09670990,0.10267492
0.03993633,0.04825334,0.05599546,0.06335221,0.07043791,0.07731895,0.08401989,0.09052949,0.09681300,0.10282783
0.03993528,0.04825285,0.05599387,0.06334599,0.07042154,0.07728555,0.08396209,0.09044041,0.09668716,0.10266172
0.03993795,0.04826263,0.05600954,0.06336644,0.07044558,0.07731186,0.08398953,0.09046866,0.09671728,0.10269622
0.03993354,0.04826020,0.05600563,0.06335954,0.07043689,0.07730397,0.08398407,0.09046447,0.09671030,0.10268069
0.03992691,0.04825676,0.05600573,0.06336586,0.07045708,0.07735222,0.08407972,0.09062819,0.09695966,0.10302750
0.03992833,0.04826570,0.05602555,0.06340168,0.07051781,0.07745071,0.08423067,0.09084464,0.09725019,0.10339526
0.03992544,0.04826583,0.05602691,0.06340247,0.07051685,0.07744887,0.08423162,0.09085422,0.09727467,0.10343959
0.03992803,0.04827045,0.05603367,0.06340876,0.07051889,0.07744339,0.08421785,0.09083507,0.09725609,0.10342887
0.03992373,0.04826902,0.05603622,0.06341466,0.07052566,0.07744559,0.08420617,0.09079663,0.09717641,0.10329422
0.03992099,0.04826338,0.05602397,0.06339121,0.07048604,0.07738516,0.08412154,0.09068648,0.09704162,0.10313736
0.03991389,0.04825910,0.05602272,0.06339375,0.07049117,0.07738625,0.08410529,0.09063525,0.09693778,0.10296707
0.03990718,0.04825303,0.05602019,0.06339641,0.07049986,0.07739993,0.08411998,0.09064433,0.09693372,0.10294341
0.03991131,0.04825747,0.05602620,0.06340672,0.07051713,0.07742474,0.08414904,0.09067036,0.09694698,0.10293385
0.03990704,0.04825713,0.05603422,0.06342897,0.07056291,0.07750649,0.08428030,0.09086321,0.09721015,0.10327222
0.03990127,0.04825023,0.05602881,0.06343037,0.07057792,0.07754272,0.08434558,0.09096478,0.09735394,0.10346247
0.03990384,0.04824877,0.05602765,0.06343500,0.07059624,0.07758556,0.08442534,0.09109259,0.09753727,0.10370421
0.03989548,0.04823192,0.05600439,0.06340739,0.07056650,0.07755672,0.08440198,0.09108126,0.09754606,0.10374187
0.03989607,0.04823449,0.05601121,0.06342150,0.07059169,0.07759756,0.08446379,0.09116986,0.09766729,0.10390103
0.03989740,0.04823752,0.05601809,0.06343521,0.07061504,0.07763146,0.08450575,0.09121370,0.09770427,0.10392159
0.03989351,0.04823816,0.05602097,0.06343532,0.07060400,0.07759830,0.08443892,0.09110327,0.09754329,0.10370621
0.03988415,0.04822786,0.05601324,0.06343621,0.07062301,0.07764761,0.08453103,0.09124807,0.09774626,0.10396852
0.03989268,0.04823929,0.05603083,0.06346285,0.07066201,0.07770227,0.08460375,0.09133985,0.09785679,0.10409660
0.03989314,0.04822878,0.05600553,0.06341760,0.07058988,0.07759376,0.08444668,0.09112065,0.09756253,0.10371684
0.03988266,0.04822526,0.05601154,0.06343613,0.07062302,0.07764122,0.08450514,0.09118428,0.09762454,0.10377108
0.03988928,0.04823669,0.05602837,0.06346100,0.07065935,0.07769156,0.08456967,0.09126033,0.09770729,0.10385471
0.03989023,0.04823741,0.05602730,0.06345482,0.07064301,0.07765890,0.08451452,0.09117763,0.09759364,0.10370829
0.03989150,0.04824410,0.05604135,0.06347585,0.07066834,0.07768360,0.08453207,0.09118129,0.09757774,0.10366907
0.03989609,0.04825242,0.05605882,0.06351043,0.07072981,0.07778201,0.08467582,0.09137544,0.09782347,0.10396416
0.03990283,0.04826081,0.05606571,0.06351054,0.07071662,0.07774920,0.08461837,0.09129005,0.09770828,0.10381828
0.03989725,0.04825780,0.05606342,0.06350006,0.07068291,0.07767412,0.08448535,0.09108825,0.09743455,0.10347638
0.03990082,0.04826488,0.05607010,0.06350228,0.07067520,0.07764819,0.08442990,0.09099066,0.09728323,0.10326270
0.03990465,0.04826535,0.05606724,0.06349736,0.07067044,0.07764689,0.08443604,0.09100798,0.09731439,0.10330889
0.03989778,0.04826177,0.05606471,0.06348895,0.07064868,0.07760720,0.08437858,0.09093772,0.09723973,0.10323977
0.03988987,0.04824709,0.05604759,0.06347473,0.07064500,0.07762414,0.08442720,0.09102779,0.09737812,0.10342997
0.03989466,0.04826217,0.05607691,0.06352285,0.07071643,0.07772308,0.08455719,0.09119152,0.09757728,0.10366532
0.03989822,0.04826934,0.05608225,0.06351883,0.07069575,0.07768158,0.08449630,0.09111881,0.09750494,0.10360744
0.03989580,0.04826715,0.05607605,0.06349943,0.07064834,0.07758803,0.08433943,0.09088638,0.09719145,0.10321350
0.03989207,0.04826200,0.05606645,0.06347937,0.07061056,0.07752446,0.08424112,0.09074356,0.09699407,0.10295220
0.03988665,0.04826273,0.05607555,0.06349987,0.07064559,0.07757631,0.08431082,0.09083087,0.09709768,0.10306999
0.03988854,0.04827131,0.05609081,0.06351887,0.07066436,0.07759231,0.08432458,0.09084611,0.09712003,0.10310513
0.03987952,0.04825500,0.05606320,0.06347572,0.07060168,0.07750588,0.08420953,0.09069676,0.09693027,0.10286901
0.03987612,0.04825178,0.05605797,0.06346595,0.07058462,0.07747856,0.08416936,0.09064264,0.09686321,0.10279206
0.03986769,0.04824356,0.05605533,0.06347740,0.07061987,0.07754663,0.08427699,0.09079345,0.09705772,0.10302835
0.03986688,0.04825324,0.05607810,0.06351460,0.07067199,0.07761426,0.08436240,0.09090146,0.09719529,0.10320315
0.03987435,0.04826133,0.05609152,0.06354147,0.07072332,0.07770279,0.08450071,0.09110012,0.09746156,0.10354088
0.03987864,0.04827059,0.05610859,0.06356729,0.07075487,0.07773163,0.08451349,0.09108095,0.09739524,0.10341534
0.03987975,0.04827194,0.05611188,0.06357469,0.07076909,0.07775482,0.08454613,0.09112162,0.09744119,0.10346340
0.03987465,0.04826898,0.05611138,0.06357998,0.07078766,0.07779773,0.08462599,0.09124989,0.09762610,0.10370938
0.03987982,0.04827802,0.05612178,0.06358413,0.07077371,0.07775140,0.08453295,0.09109840,0.09740900,0.10342467
0.03987277,0.04827145,0.05611363,0.06356757,0.07073711,0.07768108,0.08441669,0.09092811,0.09718164,0.10314152
0.03987819,0.04827936,0.05612420,0.06358120,0.07075482,0.07770442,0.08444763,0.09096906,0.09723554,0.10321187
0.03987101,0.04827207,0.05611408,0.06356214,0.07071546,0.07762741,0.08431102,0.09074951,0.09691187,0.10276763
0.03988101,0.04828065,0.05611642,0.06355262,0.07068693,0.07757169,0.08422009,0.09061672,0.09673271,0.10253977
0.03987111,0.04826853,0.05610136,0.06353271,0.07065924,0.07753298,0.08416743,0.09054771,0.09664541,0.10243254
0.03986167,0.04825435,0.05607821,0.06349372,0.07059609,0.07743783,0.08403519,0.09037771,0.09644165,0.10220262
0.03985391,0.04824546,0.05606970,0.06349171,0.07061126,0.07748378,0.08412617,0.09052644,0.09665791,0.10249275
0.03985262,0.04824317,0.05606340,0.06347783,0.07058464,0.07743745,0.08405238,0.09041831,0.09651069,0.10230407
0.03985920,0.04825085,0.05607297,0.06349396,0.07061417,0.07748718,0.08412700,0.09051931,0.09663659,0.10245154
0.03985151,0.04823957,0.05605853,0.06347813,0.07059957,0.07747589,0.08411936,0.09051332,0.09662806,0.10243467
0.03985838,0.04824979,0.05607061,0.06349168,0.07061506,0.07749491,0.08414512,0.09055101,0.09668451,0.10251756
0.03985898,0.04825412,0.05607796,0.06349617,0.07060415,0.07745133,0.08405098,0.09039184,0.09645142,0.10220734
0.03985214,0.04824575,0.05607125,0.06349473,0.07061253,0.07747582,0.08409965,0.09047358,0.09657457,0.10237846
0.03983539,0.04823077,0.05606166,0.06349670,0.07063358,0.07752361,0.08418123,0.09059496,0.09674038,0.10259167
0.03984327,0.04823537,0.05606152,0.06349292,0.07062977,0.07752682,0.08420280,0.09065006,0.09684598,0.10276384
0.03983792,0.04822633,0.05605286,0.06349218,0.07064841,0.07757976,0.08430662,0.09082042,0.09709529,0.10310012
0.03983564,0.04821873,0.05603689,0.06346437,0.07060443,0.07751532,0.08421844,0.09070686,0.09695662,0.10293831
0.03983072,0.04820498,0.05600916,0.06341427,0.07052328,0.07739641,0.08405845,0.09050615,0.09671865,0.10266854
0.03982773,0.04820430,0.05601388,0.06342830,0.07055108,0.07744273,0.08412793,0.09060251,0.09684387,0.10282249
0.03983134,0.04820829,0.05601749,0.06343108,0.07055244,0.07744261,0.08412782,0.09060616,0.09685709,0.10285221
0.03983218,0.04821028,0.05601293,0.06340735,0.07049505,0.07733799,0.08396511,0.09037799,0.09655949,0.10248412
0.03983165,0.04821133,0.05601592,0.06341259,0.07050286,0.07734871,0.08397900,0.09039517,0.09658003,0.10250815
0.03983282,0.04820993,0.05601341,0.06341067,0.07050213,0.07734792,0.08397502,0.09038341,0.09655517,0.10246489
0.03984050,0.04821899,0.05601995,0.06340984,0.07049062,0.07732512,0.08394254,0.09034376,0.09651039,0.10241580
0.03984817,0.04822755,0.05602810,0.06341527,0.07049061,0.07731798,0.08392857,0.09032502,0.09648967,0.10239551
0.03985908,0.04823490,0.05602838,0.06340418,0.07046300,0.07726905,0.08385543,0.09022745,0.09636986,0.10225705
0.03986226,0.04823123,0.05601835,0.06338670,0.07043394,0.07721957,0.08377210,0.09009453,0.09617254,0.10198422
0.03986128,0.04822474,0.05600456,0.06336226,0.07039226,0.07715046,0.08366287,0.08993225,0.09594640,0.10168705
0.03987080,0.04824157,0.05603218,0.06340786,0.07046552,0.07726294,0.08382754,0.09016263,0.09625529,0.10208525
0.03987033,0.04825004,0.05605252,0.06344437,0.07052302,0.07734569,0.08393788,0.09029995,0.09641587,0.10226300
0.03987260,0.04825550,0.05606439,0.06346480,0.07055401,0.07738974,0.08399805,0.09037924,0.09651652,0.10238608
0.03987243,0.04826044,0.05607780,0.06349187,0.07060028,0.07746033,0.08409699,0.09050888,0.09667722,0.10257631
0.03986696,0.04825557,0.05607420,0.06348780,0.07059145,0.07743940,0.08405325,0.09042913,0.09654770,0.10238492
0.03985544,0.04823937,0.05605460,0.06346827,0.07057747,0.07743715,0.08406801,0.09046431,0.09660470,0.10246366
0.03985606,0.04824490,0.05606678,0.06348630,0.07059700,0.07745055,0.08406595,0.09043779,0.09654667,0.10236962
0.03985305,0.04823901,0.05606195,0.06348719,0.07060881,0.07747927,0.08411791,0.09051831,0.09665865,0.10251291
0.03984820,0.04823744,0.05606221,0.06348954,0.07061716,0.07750169,0.08416516,0.09060081,0.09678356,0.10268268
0.03984939,0.04823959,0.05606581,0.06349642,0.07063033,0.07752397,0.08419757,0.09064178,0.09682930,0.10272829
0.03985394,0.04825250,0.05609124,0.06354185,0.07070434,0.07763518,0.08435366,0.09084859,0.09709034,0.10304477
0.03985342,0.04825212,0.05609294,0.06354918,0.07072083,0.07766289,0.08439214,0.09089497,0.09714043,0.10309446
0.03985049,0.04824978,0.05608861,0.06353731,0.07069291,0.07760877,0.08430204,0.09076129,0.09695877,0.10286361
0.03985298,0.04825544,0.05610074,0.06356012,0.07073158,0.07766897,0.08438896,0.09087846,0.09710725,0.10304196
0.03985457,0.04825114,0.05608519,0.06352656,0.07066968,0.07756342,0.08422056,0.09062749,0.09675715,0.10258168
0.03984667,0.04825152,0.05610027,0.06356069,0.07072491,0.07763920,0.08431381,0.09073321,0.09686953,0.10269511
0.03984019,0.04825895,0.05612596,0.06360633,0.07079008,0.07772295,0.08441567,0.09085332,0.09700793,0.10285096
0.03983257,0.04824154,0.05609570,0.06355704,0.07071168,0.07760214,0.08423804,0.09060591,0.09668119,0.10243961
0.03983562,0.04824894,0.05611079,0.06358462,0.07075917,0.07767962,0.08435773,0.09078098,0.09692423,0.10276130
0.03982531,0.04823806,0.05610192,0.06358036,0.07076373,0.07769952,0.08440105,0.09085579,0.09703719,0.10291702
0.03982084,0.04823282,0.05609823,0.06358269,0.07077848,0.07773435,0.08446383,0.09095346,0.09717509,0.10309874
0.03982775,0.04823682,0.05609265,0.06356284,0.07074324,0.07768654,0.08440921,0.09089902,0.09712735,0.10306269
0.03983540,0.04824634,0.05610270,0.06357049,0.07074593,0.07768345,0.08440180,0.09089068,0.09712249,0.10306561
0.03982680,0.04823792,0.05609798,0.06357577,0.07077051,0.07773886,0.08449974,0.09104043,0.09732898,0.10332895
0.03981978,0.04823144,0.05608817,0.06355915,0.07074538,0.07770547,0.08446018,0.09099875,0.09729114,0.10330235
0.03982739,0.04824249,0.05610337,0.06357897,0.07077227,0.07774373,0.08451437,0.09107195,0.09738417,0.10341397
0.03982196,0.04824408,0.05611429,0.06360038,0.07080210,0.07777544,0.08453761,0.09107496,0.09735663,0.10334906
0.03982254,0.04824392,0.05611686,0.06360950,0.07082095,0.07780588,0.08458045,0.09113090,0.09742736,0.10343792
0.03982763,0.04825372,0.05613430,0.06363934,0.07086812,0.07787511,0.08467601,0.09125630,0.09758491,0.10362833
0.03982553,0.04824994,0.05612964,0.06363661,0.07087070,0.07788483,0.08469190,0.09127459,0.09759995,0.10363377
0.03981723,0.04823968,0.05612018,0.06363433,0.07088464,0.07792555,0.08477033,0.09140052,0.09778049,0.10387234
0.03981489,0.04823158,0.05610310,0.06360404,0.07083833,0.07786273,0.08469280,0.09131205,0.09768637,0.10377876
0.03981027,0.04822495,0.05609255,0.06358840,0.07081723,0.07783671,0.08466343,0.09128183,0.09765812,0.10375506
0.03981892,0.04824382,0.05612299,0.06363143,0.07087182,0.07789907,0.08472736,0.09133951,0.09770116,0.10377547
0.03982613,0.04825109,0.05612797,0.06362743,0.07085003,0.07785171,0.08464998,0.09123177,0.09756627,0.10361880
0.03982511,0.04825921,0.05614860,0.06366254,0.07089963,0.07791524,0.08472902,0.09133211,0.09769826,0.10379612
0.03983052,0.04826619,0.05616178,0.06368813,0.07094268,0.07797805,0.08481086,0.09142956,0.09780583,0.10390685
0.03983393,0.04826994,0.05616673,0.06369683,0.07095989,0.07801202,0.08487365,0.09153614,0.09797215,0.10414785
0.03983929,0.04827940,0.05617948,0.06371520,0.07098986,0.07806281,0.08495568,0.09165814,0.09813888,0.10435933
0.03984318,0.04828004,0.05617292,0.06369712,0.07095542,0.07800633,0.08487076,0.09153833,0.09797859,0.10415456
0.03984804,0.04828251,0.05617592,0.06370618,0.07097859,0.07805393,0.08495452,0.09167001,0.09816846,0.10441036
0.03983378,0.04826479,0.05615597,0.06368139,0.07094390,0.07800335,0.08488273,0.09157322,0.09804444,0.10425788
0.03982725,0.04825438,0.05613614,0.06364728,0.07089235,0.07793307,0.08479414,0.09146798,0.09792468,0.10412552
0.03983142,0.04825660,0.05613120,0.06363287,0.07087152,0.07791518,0.08479390,0.09150305,0.09801291,0.10428257
0.03983052,0.04825638,0.05612334,0.06360596,0.07081207,0.07780927,0.08462952,0.09127236,0.09771331,0.10391640
0.03983277,0.04826361,0.05613538,0.06362098,0.07082374,0.07780501,0.08459086,0.09117752,0.09754095,0.10364890
0.03983247,0.04827320,0.05615970,0.06366684,0.07090077,0.07792520,0.08476705,0.09142180,0.09786353,0.10405764
0.03983250,0.04827795,0.05617095,0.06368393,0.07092079,0.07794332,0.08477725,0.09141798,0.09784073,0.10401285
0.03982993,0.04827172,0.05616455,0.06368826,0.07095454,0.07803168,0.08494928,0.09170333,0.09826652,0.10460138
0.03983887,0.04828750,0.05618603,0.06371272,0.07097618,0.07804107,0.08493495,0.09165471,0.09817668,0.10446814
0.03984340,0.04829982,0.05620861,0.06374967,0.07103625,0.07813990,0.08509493,0.09190212,0.09853715,0.10496259
0.03984399,0.04830548,0.05621881,0.06376471,0.07105730,0.07816734,0.08512643,0.09193177,0.09855611,0.10496082
0.03984712,0.04830898,0.05622161,0.06376514,0.07105807,0.07817855,0.08516510,0.09201819,0.09870894,0.10519321
0.03985507,0.04832402,0.05624721,0.06380628,0.07112052,0.07826706,0.08528063,0.09215561,0.09885681,0.10533565
0.03986103,0.04833242,0.05625746,0.06381479,0.07111926,0.07824441,0.08522401,0.09205429,0.09870349,0.10512670
0.03985843,0.04833016,0.05625156,0.06380167,0.07109698,0.07821330,0.08518673,0.09201533,0.09866815,0.10509990
0.03986223,0.04833278,0.05624791,0.06378726,0.07106800,0.07816592,0.08511629,0.09191612,0.09853413,0.10492575
0.03987277,0.04834648,0.05626870,0.06382431,0.07113667,0.07828678,0.08531128,0.09220337,0.09892386,0.10541911
0.03986786,0.04834293,0.05626713,0.06381863,0.07111290,0.07822347,0.08518199,0.09198131,0.09858690,0.10495313
0.03987173,0.04835067,0.05627755,0.06382936,0.07112257,0.07823399,0.08519958,0.09201554,0.09864844,0.10505147
0.03987347,0.04835813,0.05629287,0.06385659,0.07116789,0.07830479,0.08530244,0.09215423,0.09882302,0.10525882
0.03986944,0.04835133,0.05628733,0.06385884,0.07118749,0.07835196,0.08538428,0.09227188,0.09897140,0.10542853
0.03987108,0.04835921,0.05630907,0.06390402,0.07126836,0.07848400,0.08558540,0.09255999,0.09936147,0.10593061
0.03987311,0.04836366,0.05631781,0.06392411,0.07131251,0.07856971,0.08573231,0.09278589,0.09967862,0.10634403
0.03988171,0.04837602,0.05633444,0.06394277,0.07132532,0.07856148,0.08568201,0.09267109,0.09948047,0.10605036
0.03988861,0.04838205,0.05634130,0.06395535,0.07134989,0.07860409,0.08574669,0.09275853,0.09958805,0.10617342
0.03988950,0.04838344,0.05634209,0.06395364,0.07134402,0.07859359,0.08573320,0.09274601,0.09958215,0.10618018
0.03989218,0.04838682,0.05634318,0.06394693,0.07131949,0.07853681,0.08562790,0.09257798,0.09934231,0.10586569
0.03990261,0.04839909,0.05636192,0.06397819,0.07137126,0.07861758,0.08574372,0.09273017,0.09952733,0.10607693
0.03991808,0.04842393,0.05639200,0.06400509,0.07138493,0.07861029,0.08571335,0.09268155,0.09947128,0.10602770
0.03991890,0.04842693,0.05639825,0.06401618,0.07140168,0.07863225,0.08573818,0.09270445,0.09948524,0.10602455
0.03993311,0.04844533,0.05641576,0.06402358,0.07138582,0.07857699,0.08562744,0.09252637,0.09923495,0.10570438
0.03992737,0.04843943,0.05640764,0.06401209,0.07137364,0.07857296,0.08564702,0.09258981,0.09936398,0.10591882
0.03992724,0.04844410,0.05641945,0.06403275,0.07140096,0.07859824,0.08565379,0.09255490,0.09926064,0.10572065
0.03992918,0.04844752,0.05642371,0.06403652,0.07140377,0.07860258,0.08566686,0.09258869,0.09933007,0.10584069
0.03993058,0.04845226,0.05642766,0.06403403,0.07138655,0.07855930,0.08558377,0.09245146,0.09912621,0.10556141
0.03992835,0.04845734,0.05643662,0.06403862,0.07137680,0.07852833,0.08553230,0.09238965,0.09907187,0.10553584
0.03992049,0.04845363,0.05643675,0.06404179,0.07137980,0.07852542,0.08551663,0.09235536,0.09901589,0.10545859
0.03992169,0.04845513,0.05643656,0.06403656,0.07136766,0.07850910,0.08550580,0.09236689,0.09907172,0.10558219
0.03992438,0.04845295,0.05642850,0.06402001,0.07133793,0.07845984,0.08543017,0.09225892,0.09892743,0.10540004
0.03992188,0.04845311,0.05643034,0.06402227,0.07134032,0.07846498,0.08544529,0.09229625,0.09900271,0.10552976
0.03991754,0.04844595,0.05642164,0.06401737,0.07135245,0.07851639,0.08556414,0.09251042,0.09933339,0.10598782
0.03991600,0.04844491,0.05641796,0.06400616,0.07132424,0.07845710,0.08545788,0.09234341,0.09909724,0.10568068
0.03991396,0.04845214,0.05643628,0.06403552,0.07135875,0.07848126,0.08544458,0.09225557,0.09889312,0.10532114
0.03991111,0.04845221,0.05643779,0.06403339,0.07134618,0.07845087,0.08538954,0.09217056,0.09877480,0.10516803
0.03991272,0.04845459,0.05643602,0.06402496,0.07133239,0.07843588,0.08537803,0.09216544,0.09877603,0.10517269
0.03991456,0.04845488,0.05642788,0.06400422,0.07130069,0.07840371,0.08536623,0.09220353,0.09889736,0.10540850
0.03991238,0.04845552,0.05643028,0.06400795,0.07130397,0.07840087,0.08534624,0.09215064,0.09879376,0.10523773
0.03991227,0.04845364,0.05642453,0.06400206,0.07130771,0.07842936,0.08541780,0.09228309,0.09900040,0.10552502
0.03990930,0.04845007,0.05641594,0.06398532,0.07128167,0.07839626,0.08538547,0.09226608,0.09901886,0.10560132
0.03991103,0.04844265,0.05639745,0.06395316,0.07123278,0.07832767,0.08529547,0.09215580,0.09889325,0.10546874
0.03990384,0.04843726,0.05640366,0.06398335,0.07130238,0.07845510,0.08550063,0.09245730,0.09930536,0.10599945
0.03990944,0.04844456,0.05641421,0.06399949,0.07132780,0.07849461,0.08555970,0.09254130,0.09941855,0.10614420
0.03991456,0.04845230,0.05642130,0.06400283,0.07132827,0.07850215,0.08559638,0.09263902,0.09961177,0.10646144
0.03990515,0.04843871,0.05640017,0.06397110,0.07128288,0.07844071,0.08551905,0.09255048,0.09952136,0.10638104
0.03990766,0.04843558,0.05639059,0.06395878,0.07127815,0.07845938,0.08557837,0.09266389,0.09969462,0.10661180
0.03991083,0.04843727,0.05639132,0.06395740,0.07127381,0.07845552,0.08558604,0.09270174,0.09978492,0.10677455
0.03991594,0.04844042,0.05639438,0.06396305,0.07128730,0.07848586,0.08564542,0.09280281,0.09993690,0.10698069
0.03990963,0.04843289,0.05638231,0.06394187,0.07125292,0.07843670,0.08558434,0.09273782,0.09987986,0.10694433
0.03990798,0.04842893,0.05637586,0.06393563,0.07125370,0.07845490,0.08563155,0.09282300,0.10000621,0.10710870
0.03991532,0.04844344,0.05639741,0.06396306,0.07128452,0.07848516,0.08565684,0.09284050,0.10001645,0.10711574
0.03990639,0.04844005,0.05639804,0.06396145,0.07126606,0.07842325,0.08551169,0.09256368,0.09956082,0.10644579
0.03990082,0.04844046,0.05640584,0.06397372,0.07127296,0.07840663,0.08544600,0.09242001,0.09931299,0.10607571
0.03988871,0.04843341,0.05640677,0.06398168,0.07128320,0.07841101,0.08543462,0.09238382,0.09924621,0.10597688
0.03989234,0.04844098,0.05642545,0.06401896,0.07134647,0.07851064,0.08558838,0.09261886,0.09959610,0.10647468
0.03989769,0.04845091,0.05644134,0.06404350,0.07138266,0.07855975,0.08564797,0.09268160,0.09965026,0.10650640
0.03989235,0.04844248,0.05643230,0.06403591,0.07138224,0.07857921,0.08570801,0.09280848,0.09987034,0.10684029
0.03989472,0.04844204,0.05642805,0.06402419,0.07135377,0.07851692,0.08558658,0.09259716,0.09953903,0.10636610
0.03989330,0.04843772,0.05641435,0.06399146,0.07128880,0.07840284,0.08540405,0.09232725,0.09916701,0.10588428
0.03988340,0.04842922,0.05641126,0.06400207,0.07132467,0.07847617,0.08552460,0.09249989,0.09939082,0.10615366
0.03988458,0.04843408,0.05641420,0.06398968,0.07127666,0.07836671,0.08532407,0.09217791,0.09892049,0.10551540
0.03988201,0.04842885,0.05639766,0.06395386,0.07121550,0.07827691,0.08520590,0.09203557,0.09876164,0.10534971
0.03988657,0.04844015,0.05642120,0.06399334,0.07127085,0.07834426,0.08527956,0.09211113,0.09883841,0.10543144
0.03988413,0.04844155,0.05642991,0.06400804,0.07128473,0.07834627,0.08525632,0.09204897,0.09872525,0.10525819
0.03988163,0.04843500,0.05642106,0.06400013,0.07128389,0.07836242,0.08530317,0.09214239,0.09888048,0.10548698
0.03986688,0.04841344,0.05639000,0.06395267,0.07120910,0.07824542,0.08512508,0.09188124,0.09851384,0.10499542
0.03987911,0.04843919,0.05643060,0.06400743,0.07127613,0.07832155,0.08520457,0.09195444,0.09856723,0.10501352
0.03988269,0.04844758,0.05644854,0.06403860,0.07132022,0.07837278,0.08525156,0.09198173,0.09855825,0.10495392
0.03988923,0.04845573,0.05645894,0.06405163,0.07133354,0.07838034,0.08524348,0.09194534,0.09848015,0.10482243
0.03989163,0.04846821,0.05648425,0.06410003,0.07142653,0.07855255,0.08554055,0.09241745,0.09917331,0.10577104
0.03989543,0.04847775,0.05650476,0.06413343,0.07147278,0.07861179,0.08561558,0.09251552,0.09930613,0.10595277
0.03989320,0.04848162,0.05652209,0.06417753,0.07156555,0.07878441,0.08590492,0.09295639,0.09992279,0.10675419
0.03989905,0.04849341,0.05653433,0.06418518,0.07156672,0.07878170,0.08590584,0.09297255,0.09996772,0.10684044
0.03988832,0.04847985,0.05652070,0.06417647,0.07157108,0.07881076,0.08597344,0.09309153,0.10014636,0.10708076
0.03988713,0.04848471,0.05653505,0.06420460,0.07161390,0.07886325,0.08602498,0.09312909,0.10015900,0.10706264
0.03988560,0.04848837,0.05654120,0.06421267,0.07162541,0.07888188,0.08605586,0.09317721,0.10022742,0.10715171
0.03987960,0.04848910,0.05654954,0.06422763,0.07164321,0.07889473,0.08605212,0.09314365,0.10015261,0.10702863
0.03987823,0.04848522,0.05653989,0.06420798,0.07161016,0.07884918,0.08600219,0.09310503,0.10014562,0.10707342
0.03987636,0.04847720,0.05652320,0.06418449,0.07158767,0.07884138,0.08602654,0.09317861,0.10028055,0.10727416
0.03987346,0.04846884,0.05651147,0.06416859,0.07156220,0.07879615,0.08594789,0.09305187,0.10009278,0.10701637
0.03986262,0.04845621,0.05649916,0.06416166,0.07156940,0.07882994,0.08602352,0.09318526,0.10029758,0.10730148
0.03985574,0.04844689,0.05648540,0.06414065,0.07153505,0.07877233,0.08593085,0.09304707,0.10010783,0.10705975
0.03985632,0.04844592,0.05648365,0.06414083,0.07153984,0.07878232,0.08594363,0.09305810,0.10011220,0.10705388
0.03986278,0.04845692,0.05650352,0.06417836,0.07160594,0.07888639,0.08608967,0.09324184,0.10032126,0.10727093
0.03985972,0.04844954,0.05648882,0.06415153,0.07156093,0.07881742,0.08599297,0.09311659,0.10016919,0.10709487
0.03986404,0.04845792,0.05649445,0.06414284,0.07152012,0.07871937,0.08580670,0.09281047,0.09971778,0.10648405
0.03986226,0.04845424,0.05648211,0.06411036,0.07145013,0.07858784,0.08558435,0.09246692,0.09922738,0.10583062
0.03986042,0.04844614,0.05647027,0.06409771,0.07143941,0.07858086,0.08558152,0.09246740,0.09922963,0.10583310
0.03985525,0.04843727,0.05645349,0.06407263,0.07141328,0.07857136,0.08561690,0.09258258,0.09945929,0.10620471
0.03985176,0.04843759,0.05646239,0.06409436,0.07145262,0.07863523,0.08571498,0.09272669,0.09966152,0.10647517
0.03985470,0.04844236,0.05646782,0.06410058,0.07146332,0.07865834,0.08576198,0.09281042,0.09979330,0.10666261
0.03985113,0.04844419,0.05647817,0.06412641,0.07151778,0.07876287,0.08594589,0.09310642,0.10023038,0.10725962
0.03985945,0.04845915,0.05650215,0.06416098,0.07156116,0.07880668,0.08597219,0.09308793,0.10013497,0.10705740
0.03985858,0.04846013,0.05650809,0.06417407,0.07158202,0.07883336,0.08599936,0.09310713,0.10013627,0.10703177
0.03986241,0.04846795,0.05652298,0.06419888,0.07162009,0.07888793,0.08607161,0.09319401,0.10022992,0.10712112
0.03986357,0.04846817,0.05651885,0.06418631,0.07159375,0.07884055,0.08599423,0.09307737,0.10006638,0.10690620
0.03986339,0.04845937,0.05649931,0.06415070,0.07153468,0.07875001,0.08586558,0.09290713,0.09985478,0.10665616
0.03986863,0.04846855,0.05651310,0.06416818,0.07155427,0.07876944,0.08588059,0.09291017,0.09983529,0.10660240
0.03987204,0.04847979,0.05653480,0.06420385,0.07160778,0.07884409,0.08597810,0.09303019,0.09997573,0.10676042
0.03986590,0.04847451,0.05653532,0.06421604,0.07164051,0.07891191,0.08610163,0.09323304,0.10027911,0.10717871
0.03986444,0.04846850,0.05652184,0.06418961,0.07158705,0.07880486,0.08590195,0.09289423,0.09975577,0.10643463
0.03986094,0.04846959,0.05652716,0.06419455,0.07158320,0.07878264,0.08585489,0.09282261,0.09966761,0.10634339
0.03986324,0.04846768,0.05651592,0.06417088,0.07154597,0.07873235,0.08579228,0.09274656,0.09957349,0.10622325
0.03985749,0.04846496,0.05651465,0.06416890,0.07154124,0.07872294,0.08577648,0.09272364,0.09954475,0.10619239
0.03985176,0.04846022,0.05651268,0.06416674,0.07152868,0.07868175,0.08568161,0.09254623,0.09925628,0.10576852
0.03985778,0.04846994,0.05652959,0.06419360,0.07156918,0.07874302,0.08577733,0.09269828,0.09949306,0.10612043
0.03986749,0.04848085,0.05654295,0.06421643,0.07161309,0.07882197,0.08590535,0.09288781,0.09975421,0.10646084
0.03987744,0.04848301,0.05653349,0.06419452,0.07158011,0.07877954,0.08585318,0.09282272,0.09967069,0.10635264
0.03987986,0.04848642,0.05653830,0.06420477,0.07160386,0.07883042,0.08595206,0.09299742,0.09995283,0.10677238
0.03987084,0.04847627,0.05652742,0.06419276,0.07158840,0.07880662,0.08591267,0.09293432,0.09985902,0.10664347
0.03986707,0.04846805,0.05651156,0.06416840,0.07155750,0.07877468,0.08588963,0.09293455,0.09989944,0.10674031
0.03986614,0.04846617,0.05650493,0.06414927,0.07151231,0.07868318,0.08572608,0.09267168,0.09951418,0.10621849
0.03987682,0.04848114,0.05652209,0.06416640,0.07152810,0.07869872,0.08574628,0.09270561,0.09957359,0.10631510
0.03988055,0.04848661,0.05653155,0.06418622,0.07156970,0.07877923,0.08588863,0.09293671,0.09992016,0.10679868
0.03988352,0.04848146,0.05651615,0.06415435,0.07150818,0.07866532,0.08569008,0.09261604,0.09944225,0.10613816
0.03987671,0.04847567,0.05651417,0.06415685,0.07151097,0.07865721,0.08565248,0.09252558,0.09927563,0.10587726
0.03987084,0.04847456,0.05651566,0.06415716,0.07150353,0.07863231,0.08559831,0.09242999,0.09912805,0.10567008
0.03988078,0.04848807,0.05653398,0.06418114,0.07153482,0.07867513,0.08566100,0.09252523,0.09927129,0.10587666
0.03987654,0.04848209,0.05652279,0.06415966,0.07149626,0.07860967,0.08555493,0.09236147,0.09903169,0.10554519
0.03987687,0.04847387,0.05650437,0.06413107,0.07146174,0.07858281,0.08556330,0.09244698,0.09924466,0.10593417
0.03987820,0.04848321,0.05652698,0.06417538,0.07153701,0.07869630,0.08571794,0.09264027,0.09946950,0.10618123
0.03987826,0.04848336,0.05652759,0.06417696,0.07153934,0.07869912,0.08572375,0.09265730,0.09951202,0.10626653
0.03987632,0.04847312,0.05650699,0.06413968,0.07147251,0.07858124,0.08552426,0.09233957,0.09903971,0.10561106
0.03987567,0.04846720,0.05649680,0.06412996,0.07147486,0.07861695,0.08562502,0.09254451,0.09938867,0.10613655
0.03986868,0.04845852,0.05648709,0.06411868,0.07146031,0.07859609,0.08559315,0.09249504,0.09931366,0.10602803
0.03986704,0.04845564,0.05648708,0.06412619,0.07148260,0.07864573,0.08568937,0.09266196,0.09957540,0.10640293
0.03986027,0.04844304,0.05646761,0.06410041,0.07145452,0.07862437,0.08568919,0.09270106,0.09967152,0.10656910
0.03986617,0.04844982,0.05647147,0.06410124,0.07145673,0.07863597,0.08572075,0.09276456,0.09977850,0.10672847
0.03986692,0.04845332,0.05647798,0.06411047,0.07146898,0.07865267,0.08574412,0.09279603,0.09981717,0.10677062
0.03986868,0.04845692,0.05648711,0.06412717,0.07149133,0.07867296,0.08574840,0.09276630,0.09973567,0.10662430
0.03985474,0.04844542,0.05647879,0.06412431,0.07149470,0.07867919,0.08574811,0.09274401,0.09967229,0.10650140
0.03986042,0.04846486,0.05651251,0.06417183,0.07155605,0.07875564,0.08584196,0.09285778,0.09980770,0.10665865
0.03986672,0.04847520,0.05652952,0.06420500,0.07162633,0.07889955,0.08611194,0.09331538,0.10051024,0.10764570
0.03986908,0.04847615,0.05653208,0.06421357,0.07164844,0.07894574,0.08619411,0.09344424,0.10069295,0.10788471
0.03987121,0.04847812,0.05653298,0.06421592,0.07165605,0.07896310,0.08622638,0.09349721,0.10077245,0.10799575
0.03988743,0.04849996,0.05655863,0.06424099,0.07167126,0.07895099,0.08615904,0.09333832,0.10048467,0.10754989
0.03989422,0.04850892,0.05656883,0.06425118,0.07167760,0.07894382,0.08612095,0.09324531,0.10031073,0.10727301
0.03989803,0.04851853,0.05659042,0.06429107,0.07174140,0.07903505,0.08624006,0.09338951,0.10047481,0.10745080
0.03989768,0.04851713,0.05658716,0.06428345,0.07172608,0.07900841,0.08619886,0.09333144,0.10039869,0.10735632
0.03989176,0.04851597,0.05658524,0.06427127,0.07169048,0.07893260,0.08606313,0.09311505,0.10008288,0.10692748
0.03988897,0.04851468,0.05658263,0.06426541,0.07167987,0.07891395,0.08602838,0.09304959,0.09996679,0.10673931
0.03987836,0.04850285,0.05657199,0.06425970,0.07168111,0.07891916,0.08602829,0.09303044,0.09991416,0.10664199
0.03988481,0.04851339,0.05658860,0.06427830,0.07168955,0.07889631,0.08594527,0.09285457,0.09961484,0.10619616
0.03989241,0.04852170,0.05659726,0.06428793,0.07170259,0.07891679,0.08597772,0.09290257,0.09967994,0.10627768
0.03988853,0.04852354,0.05660482,0.06429931,0.07171372,0.07892233,0.08597259,0.09288375,0.09964759,0.10623516
0.03988503,0.04851277,0.05658339,0.06426399,0.07166423,0.07886434,0.08592001,0.09285883,0.09967833,0.10635041
0.03988570,0.04851603,0.05659523,0.06429204,0.07172000,0.07896475,0.08608822,0.09312314,0.10006818,0.10689099
0.03989181,0.04851999,0.05659936,0.06429994,0.07173582,0.07899078,0.08612232,0.09315765,0.10009121,0.10688946
0.03989747,0.04853338,0.05661775,0.06431990,0.07175107,0.07899079,0.08609274,0.09308293,0.09995834,0.10669094
0.03990035,0.04853692,0.05661853,0.06431186,0.07172047,0.07891235,0.08592879,0.09278730,0.09948441,0.10600062
0.03990022,0.04853537,0.05661408,0.06430240,0.07170267,0.07888243,0.08588382,0.09272608,0.09940762,0.10591023
0.03989849,0.04853669,0.05661663,0.06430537,0.07170582,0.07888589,0.08588788,0.09273080,0.09941247,0.10591395
0.03989011,0.04852572,0.05659658,0.06426598,0.07163402,0.07876717,0.08570869,0.09248146,0.09908922,0.10551931
0.03989262,0.04852661,0.05659375,0.06425385,0.07160287,0.07870331,0.08559573,0.09230232,0.09882845,0.10516512
0.03990279,0.04853488,0.05659129,0.06423337,0.07155801,0.07862850,0.08548579,0.09215172,0.09863046,0.10491173
0.03990169,0.04853557,0.05659228,0.06423113,0.07154635,0.07859838,0.08542616,0.09205106,0.09847867,0.10470148
0.03990870,0.04854127,0.05659602,0.06423124,0.07154074,0.07858685,0.08541242,0.09204344,0.09848897,0.10474259
0.03991302,0.04855150,0.05661166,0.06425142,0.07156116,0.07859747,0.08539723,0.09198240,0.09836156,0.10453144
0.03991587,0.04855275,0.05660930,0.06424050,0.07153218,0.07853704,0.08529057,0.09181648,0.09812751,0.10422569
0.03990928,0.04854297,0.05659478,0.06421936,0.07150189,0.07849376,0.08522860,0.09172831,0.09800463,0.10406000
0.03990572,0.04854681,0.05661180,0.06425377,0.07155622,0.07856984,0.08532847,0.09185454,0.09816011,0.10424729
0.03990444,0.04854387,0.05660597,0.06424098,0.07152771,0.07850856,0.08520643,0.09163327,0.09779471,0.10369290
0.03991329,0.04856116,0.05663747,0.06429233,0.07160581,0.07862193,0.08536582,0.09185219,0.09808951,0.10408177
0.03991134,0.04855771,0.05663042,0.06427776,0.07157953,0.07858146,0.08531202,0.09179012,0.09802816,0.10403275
0.03990725,0.04855137,0.05661444,0.06424293,0.07151532,0.07847578,0.08515146,0.09156105,0.09771815,0.10363195
0.03991050,0.04856285,0.05663845,0.06428353,0.07157898,0.07857253,0.08529535,0.09176962,0.09801081,0.10402753
0.03990790,0.04856270,0.05663969,0.06428525,0.07158080,0.07857433,0.08529584,0.09176467,0.09799258,0.10398488
0.03991195,0.04856134,0.05663185,0.06426981,0.07155606,0.07853799,0.08524518,0.09169667,0.09790378,0.10387136
0.03991270,0.04856527,0.05664364,0.06429388,0.07159455,0.07858779,0.08529582,0.09173015,0.09789667,0.10379814
0.03990927,0.04856174,0.05664030,0.06428709,0.07157672,0.07854769,0.08521943,0.09160203,0.09770145,0.10352199
0.03991236,0.04856633,0.05664905,0.06430594,0.07161818,0.07863324,0.08537953,0.09187358,0.09812336,0.10413025
0.03990045,0.04855315,0.05664296,0.06431679,0.07165662,0.07870868,0.08549754,0.09203407,0.09832049,0.10435403
0.03991093,0.04857007,0.05667502,0.06437693,0.07175935,0.07886637,0.08571753,0.09231765,0.09866370,0.10474947
0.03991736,0.04857473,0.05667805,0.06437391,0.07174315,0.07882973,0.08565493,0.09222608,0.09854266,0.10460057
0.03991359,0.04857461,0.05668685,0.06439707,0.07178650,0.07889938,0.08575636,0.09236294,0.09871607,0.10480904
0.03991834,0.04857837,0.05668925,0.06439829,0.07179036,0.07891690,0.08580718,0.09247368,0.09891620,0.10512610
0.03991921,0.04857815,0.05668689,0.06439193,0.07177677,0.07889170,0.08576501,0.09240794,0.09881859,0.10498650
0.03991757,0.04857929,0.05669127,0.06440148,0.07179557,0.07892675,0.08582657,0.09250929,0.09897520,0.10521461
0.03991541,0.04857120,0.05667804,0.06438585,0.07178073,0.07891512,0.08581884,0.09250382,0.09896805,0.10520027
0.03991531,0.04857200,0.05668155,0.06439522,0.07179943,0.07894546,0.08586092,0.09255528,0.09902471,0.10525724
0.03991617,0.04857471,0.05668802,0.06440897,0.07182401,0.07898314,0.08591199,0.09261798,0.09909551,0.10533144
0.03992569,0.04859132,0.05671290,0.06444667,0.07188198,0.07907071,0.08603907,0.09279365,0.09932713,0.10562425
0.03993037,0.04859825,0.05672305,0.06446234,0.07190628,0.07910661,0.08608837,0.09285619,0.09940055,0.10570442
0.03993090,0.04860134,0.05672931,0.06446953,0.07190642,0.07908534,0.08602662,0.09273339,0.09919785,0.10540717
0.03993004,0.04861138,0.05674715,0.06448651,0.07190854,0.07905342,0.08593682,0.09255850,0.09890961,0.10497903
0.03994007,0.04863157,0.05678021,0.06453427,0.07197231,0.07913497,0.08603892,0.09268466,0.09906334,0.10516308
0.03994141,0.04864005,0.05679824,0.06456034,0.07199839,0.07914592,0.08601374,0.09259913,0.09889340,0.10488781
0.03994773,0.04864591,0.05679793,0.06454772,0.07196634,0.07908566,0.08591535,0.09245299,0.09869166,0.10462535
0.03994842,0.04865038,0.05680664,0.06455910,0.07197443,0.07907991,0.08588169,0.09237555,0.09855452,0.10441409
0.03994899,0.04865564,0.05681803,0.06457284,0.07198257,0.07907286,0.08585063,0.09231415,0.09845964,0.10428570
0.03994934,0.04865568,0.05681689,0.06456580,0.07195912,0.07901727,0.08574418,0.09213784,0.09819656,0.10392259
0.03994515,0.04864559,0.05680449,0.06455712,0.07196431,0.07905041,0.08582145,0.09227504,0.09840706,0.10421603
0.03995208,0.04865785,0.05682697,0.06459625,0.07202700,0.07914371,0.08595231,0.09245022,0.09863304,0.10449908
0.03994929,0.04865967,0.05682798,0.06459281,0.07201665,0.07912513,0.08592572,0.09241767,0.09859831,0.10446706
0.03995069,0.04866814,0.05684577,0.06462222,0.07206056,0.07918784,0.08601366,0.09253929,0.09876325,0.10468496
0.03994070,0.04865471,0.05683251,0.06461221,0.07205503,0.07918547,0.08601046,0.09252904,0.09873828,0.10463707
0.03994215,0.04866237,0.05684938,0.06464183,0.07210051,0.07924844,0.08609075,0.09262511,0.09884806,0.10475872
0.03993843,0.04865501,0.05683583,0.06462231,0.07207990,0.07923720,0.08610382,0.09267931,0.09895897,0.10493826
0.03994085,0.04865818,0.05683855,0.06462321,0.07207859,0.07923340,0.08609605,0.09266410,0.09893108,0.10489149
0.03994625,0.04866931,0.05685157,0.06463613,0.07209091,0.07924625,0.08611213,0.09268705,0.09896438,0.10493747
0.03995456,0.04867743,0.05685837,0.06464093,0.07209296,0.07924419,0.08610378,0.09266928,0.09893310,0.10488773
0.03995844,0.04867957,0.05685704,0.06463691,0.07209104,0.07925335,0.08613586,0.09273691,0.09904772,0.10505828
0.03996058,0.04867884,0.05685190,0.06463242,0.07210050,0.07929691,0.08623701,0.09291823,0.09932721,0.10544731
0.03995629,0.04867296,0.05684225,0.06461716,0.07207842,0.07926726,0.08619965,0.09287405,0.09927837,0.10539693
0.03994497,0.04866172,0.05683071,0.06460140,0.07205312,0.07922699,0.08614003,0.09279239,0.09917391,0.10527077
0.03994123,0.04865815,0.05682588,0.06459152,0.07203213,0.07918722,0.08607203,0.09268464,0.09901302,0.10504233
0.03993423,0.04864730,0.05680893,0.06456653,0.07199658,0.07913814,0.08600708,0.09260319,0.09891661,0.10493445
0.03993786,0.04865136,0.05681454,0.06457342,0.07200498,0.07914912,0.08602205,0.09262325,0.09894213,0.10496505
0.03993515,0.04865607,0.05683267,0.06461391,0.07208034,0.07927308,0.08620620,0.09287458,0.09926238,0.10535157
0.03993844,0.04867003,0.05686121,0.06465891,0.07214034,0.07934275,0.08627658,0.09293407,0.09929817,0.10535113
0.03992636,0.04865158,0.05683620,0.06462322,0.07208393,0.07924973,0.08612715,0.09270759,0.09897623,0.10491967
0.03993412,0.04866244,0.05685298,0.06464724,0.07211478,0.07928599,0.08616645,0.09274637,0.09900974,0.10494238
0.03993927,0.04867046,0.05686216,0.06465736,0.07212718,0.07930363,0.08619406,0.09279012,0.09907651,0.10503889
0.03993659,0.04867107,0.05686833,0.06467212,0.07215557,0.07935277,0.08627267,0.09290794,0.09924341,0.10526394
0.03993817,0.04867114,0.05686688,0.06467282,0.07216234,0.07936574,0.08628597,0.09290981,0.09921842,0.10519576
0.03994111,0.04867315,0.05686631,0.06467001,0.07215757,0.07935830,0.08627423,0.09289197,0.09919302,0.10516191
0.03995158,0.04868604,0.05687653,0.06467031,0.07213848,0.07930852,0.08618163,0.09274473,0.09898058,0.10487554
0.03995584,0.04868739,0.05687531,0.06466938,0.07214256,0.07932261,0.08621014,0.09279131,0.09904829,0.10496699
0.03995370,0.04868246,0.05686876,0.06466421,0.07214390,0.07933607,0.08623995,0.09283966,0.09911564,0.10505285
0.03996279,0.04869096,0.05687756,0.06467203,0.07214641,0.07932613,0.08620840,0.09277636,0.09901063,0.10489727
0.03995921,0.04868970,0.05688126,0.06468646,0.07217850,0.07938164,0.08628986,0.09288192,0.09913429,0.10503023
0.03995744,0.04868877,0.05688001,0.06468294,0.07216990,0.07936342,0.08625514,0.09282175,0.09903867,0.10488931
0.03995487,0.04868508,0.05687098,0.06466530,0.07214157,0.07932409,0.08620637,0.09276639,0.09898010,0.10483070
0.03994808,0.04867295,0.05685702,0.06465459,0.07214314,0.07935216,0.08627981,0.09290654,0.09920800,0.10516493
0.03995056,0.04868541,0.05688036,0.06468941,0.07218927,0.07940834,0.08634427,0.09297830,0.09928783,0.10525556
0.03995994,0.04870150,0.05690018,0.06470726,0.07219770,0.07939957,0.08631198,0.09291878,0.09920020,0.10514120
0.03996705,0.04871700,0.05693046,0.06475408,0.07225863,0.07946913,0.08638328,0.09298522,0.09925662,0.10518432
0.03995844,0.04870764,0.05692122,0.06474379,0.07224333,0.07944147,0.08633281,0.09289966,0.09912364,0.10499308
0.03994644,0.04869515,0.05691130,0.06473765,0.07224107,0.07944341,0.08634008,0.09291403,0.09914696,0.10502677
0.03995169,0.04870699,0.05692404,0.06474353,0.07223302,0.07941623,0.08629066,0.09284109,0.09905049,0.10490742
0.03994952,0.04870423,0.05691860,0.06473373,0.07221916,0.07940253,0.08628641,0.09286018,0.09910974,0.10502438
0.03994592,0.04870372,0.05691906,0.06473269,0.07221791,0.07940813,0.08631119,0.09291955,0.09921948,0.10519841
0.03994763,0.04870551,0.05692905,0.06475930,0.07226769,0.07948459,0.08641423,0.09304604,0.09936444,0.10535640
0.03995733,0.04872002,0.05695154,0.06479274,0.07231314,0.07953950,0.08647212,0.09309733,0.09939809,0.10536145
0.03995539,0.04871764,0.05694570,0.06477695,0.07227645,0.07946664,0.08634449,0.09289486,0.09910138,0.10495367
0.03995108,0.04870852,0.05693065,0.06475381,0.07224366,0.07942471,0.08629663,0.09284677,0.09906055,0.10492850
0.03993950,0.04869664,0.05692092,0.06474935,0.07224915,0.07944736,0.08634682,0.09293790,0.09920795,0.10514795
0.03994303,0.04870117,0.05692881,0.06476446,0.07227609,0.07949211,0.08641757,0.09304525,0.09936421,0.10536568
0.03995022,0.04871386,0.05694446,0.06477904,0.07228437,0.07948812,0.08639529,0.09299925,0.09928995,0.10525956
0.03994823,0.04871714,0.05695952,0.06481256,0.07234192,0.07957274,0.08650665,0.09313376,0.09944174,0.10542187
0.03995288,0.04872607,0.05697370,0.06483008,0.07235808,0.07958117,0.08650071,0.09310772,0.09939150,0.10534519
0.03995280,0.04872356,0.05697045,0.06482820,0.07236108,0.07959436,0.08653087,0.09316223,0.09947734,0.10546824
0.03994531,0.04871564,0.05696565,0.06482662,0.07235628,0.07957244,0.08647224,0.09304487,0.09928015,0.10517347
0.03995655,0.04872715,0.05697388,0.06482645,0.07234031,0.07953110,0.08639460,0.09291975,0.09909703,0.10492305
0.03996241,0.04873032,0.05697382,0.06482178,0.07232855,0.07950837,0.08635565,0.09285827,0.09900606,0.10479544
0.03996889,0.04873352,0.05697095,0.06481181,0.07230961,0.07947675,0.08630664,0.09278775,0.09891189,0.10467797
0.03995825,0.04872173,0.05695358,0.06478126,0.07225779,0.07939755,0.08619704,0.09264768,0.09874361,0.10448532
0.03995133,0.04870995,0.05693974,0.06476928,0.07225518,0.07941662,0.08625524,0.09276677,0.09894765,0.10479812
0.03994048,0.04869892,0.05692869,0.06475400,0.07222816,0.07936788,0.08617287,0.09263758,0.09875808,0.10453535
0.03994262,0.04870647,0.05694420,0.06477930,0.07226504,0.07941898,0.08624131,0.09272573,0.09886632,0.10466164
0.03994553,0.04871095,0.05694817,0.06478410,0.07227367,0.07943449,0.08626583,0.09275981,0.09890879,0.10470977
0.03994412,0.04870607,0.05693158,0.06474792,0.07220945,0.07933249,0.08611456,0.09254622,0.09861908,0.10433049
0.03993838,0.04869848,0.05691946,0.06472636,0.07217047,0.07926459,0.08600382,0.09237832,0.09838119,0.10401253
0.03992943,0.04868912,0.05690818,0.06470863,0.07213962,0.07921383,0.08592809,0.09227515,0.09825057,0.10385618
0.03992823,0.04869138,0.05691289,0.06471733,0.07215587,0.07924278,0.08597610,0.09234935,0.09835819,0.10400383
0.03993077,0.04869854,0.05692458,0.06473242,0.07217274,0.07926012,0.08599360,0.09236773,0.09837881,0.10402816
0.03993435,0.04869978,0.05692483,0.06473351,0.07217518,0.07926200,0.08599085,0.09235520,0.09835134,0.10398130
0.03993079,0.04869561,0.05691791,0.06472234,0.07215872,0.07923935,0.08596100,0.09231694,0.09830328,0.10392195
0.03994056,0.04870830,0.05693192,0.06473681,0.07217244,0.07925071,0.08596840,0.09231917,0.09829955,0.10391173
0.03993313,0.04870065,0.05692581,0.06472866,0.07215551,0.07921699,0.08591010,0.09222952,0.09817333,0.10374535
0.03993281,0.04870212,0.05692918,0.06473090,0.07215104,0.07919870,0.08587064,0.09216262,0.09807458,0.10361244
0.03993292,0.04869965,0.05691815,0.06470581,0.07210783,0.07913529,0.08578675,0.09205920,0.09795328,0.10347526
0.03993960,0.04870927,0.05692906,0.06471773,0.07212149,0.07915126,0.08580452,0.09207689,0.09796782,0.10348279
0.03993881,0.04870381,0.05691910,0.06470360,0.07210353,0.07913007,0.08578134,0.09205409,0.09794930,0.10347410
0.03993618,0.04870171,0.05691297,0.06469306,0.07209443,0.07913454,0.08581625,0.09213888,0.09810362,0.10371582
0.03994148,0.04871188,0.05692775,0.06471219,0.07211904,0.07916724,0.08586039,0.09219768,0.09817965,0.10381096
0.03993709,0.04870779,0.05692456,0.06471143,0.07212242,0.07917596,0.08587464,0.09221640,0.09820074,0.10383153
0.03993218,0.04869895,0.05691397,0.06470266,0.07212235,0.07919581,0.08592965,0.09232436,0.09837995,0.10409892
0.03992300,0.04868428,0.05689425,0.06467259,0.07207030,0.07910456,0.08577813,0.09209000,0.09804114,0.10363705
0.03991949,0.04868016,0.05688689,0.06466006,0.07205225,0.07908349,0.08576023,0.09208501,0.09806120,0.10369510
0.03993682,0.04870083,0.05690440,0.06467040,0.07205568,0.07908529,0.08576974,0.09211359,0.09812004,0.10379360
0.03993814,0.04869955,0.05689926,0.06466207,0.07204656,0.07907818,0.08576648,0.09211411,0.09812216,0.10379327
0.03993923,0.04870652,0.05691866,0.06469954,0.07210584,0.07916111,0.08587414,0.09224819,0.09828587,0.10399143
0.03994768,0.04872402,0.05695277,0.06475810,0.07219523,0.07928473,0.08603159,0.09243565,0.09849705,0.10421883
0.03993428,0.04871015,0.05693833,0.06474402,0.07218294,0.07927532,0.08602523,0.09243155,0.09849377,0.10421474
0.03993504,0.04871529,0.05694732,0.06475633,0.07219918,0.07929737,0.08605605,0.09247499,0.09855430,0.10429705
0.03994194,0.04872513,0.05696857,0.06480468,0.07229624,0.07946861,0.08632817,0.09287313,0.09909988,0.10500628
0.03993166,0.04871091,0.05694605,0.06476775,0.07223949,0.07938966,0.08622833,0.09275638,0.09897099,0.10486923
0.03992616,0.04870935,0.05694975,0.06477580,0.07224874,0.07939532,0.08622488,0.09273829,0.09893308,0.10480692
0.03992446,0.04871151,0.05695770,0.06479026,0.07226674,0.07940877,0.08622072,0.09270022,0.09884402,0.10465138
0.03991510,0.04870014,0.05694338,0.06477158,0.07224188,0.07937612,0.08617940,0.09265004,0.09878510,0.10458372
0.03991793,0.04871032,0.05696330,0.06480327,0.07228600,0.07943229,0.08624749,0.09273145,0.09888332,0.10470403
0.03990341,0.04869976,0.05696176,0.06481299,0.07230715,0.07946309,0.08628429,0.09276900,0.09891531,0.10472368
0.03989521,0.04869482,0.05696246,0.06482266,0.07233068,0.07950703,0.08635583,0.09287440,0.09905856,0.10490597
0.03990121,0.04869587,0.05695314,0.06479413,0.07227178,0.07940588,0.08620150,0.09265818,0.09877462,0.10455142
0.03989358,0.04868652,0.05694108,0.06477736,0.07224605,0.07936329,0.08613043,0.09254469,0.09860454,0.10431214
0.03989283,0.04868828,0.05694029,0.06476704,0.07221854,0.07931143,0.08604839,0.09242818,0.09845066,0.10411913
0.03989529,0.04869771,0.05695984,0.06480222,0.07227569,0.07939553,0.08616181,0.09257098,0.09862163,0.10431682
0.03989590,0.04870578,0.05698254,0.06485043,0.07236381,0.07954025,0.08638032,0.09287894,0.09903156,0.10483720
0.03988990,0.04870008,0.05698125,0.06485519,0.07237198,0.07954607,0.08637732,0.09286238,0.09899972,0.10479160
0.03989690,0.04871691,0.05701871,0.06492410,0.07248164,0.07970224,0.08658139,0.09311149,0.09928768,0.10510997
0.03989887,0.04871891,0.05702349,0.06493678,0.07250906,0.07975148,0.08665806,0.09321864,0.09942566,0.10527696
0.03989957,0.04871833,0.05702279,0.06493567,0.07250702,0.07975039,0.08666383,0.09324122,0.09947760,0.10537150
0.03990221,0.04873221,0.05704940,0.06497454,0.07255739,0.07981303,0.08674266,0.09334379,0.09961446,0.10555483
0.03991451,0.04875340,0.05708228,0.06502321,0.07262505,0.07989891,0.08683971,0.09343843,0.09968824,0.10558711
0.03991857,0.04876216,0.05710200,0.06506109,0.07268971,0.08000040,0.08698949,0.09364911,0.09997304,0.10595915
0.03991979,0.04876071,0.05709593,0.06505272,0.07268658,0.08001538,0.08704004,0.09375578,0.10015727,0.10624093
0.03990988,0.04875321,0.05708644,0.06503618,0.07265755,0.07996872,0.08697172,0.09366326,0.10003955,0.10609822
0.03991960,0.04876576,0.05709971,0.06504698,0.07266115,0.07995943,0.08694503,0.09361830,0.09998047,0.10603409
0.03991726,0.04876738,0.05710797,0.06506332,0.07268672,0.07999540,0.08699318,0.09368185,0.10006462,0.10614594
0.03991718,0.04877535,0.05713148,0.06510983,0.07276080,0.08009609,0.08711359,0.09381086,0.10018969,0.10625582
0.03992225,0.04878207,0.05714164,0.06512470,0.07278057,0.08011851,0.08713284,0.09381734,0.10017072,0.10619692
0.03992969,0.04879266,0.05715979,0.06515606,0.07283105,0.08019378,0.08723825,0.09395825,0.10035292,0.10642685
0.03992622,0.04878411,0.05714552,0.06513446,0.07280016,0.08015151,0.08718267,0.09388799,0.10026754,0.10632689
0.03992050,0.04878309,0.05714938,0.06514427,0.07282027,0.08019033,0.08725152,0.09399899,0.10043139,0.10655135
0.03992567,0.04878677,0.05714865,0.06514588,0.07284430,0.08027096,0.08743529,0.09434069,0.10098804,0.10737536
0.03992316,0.04878715,0.05715334,0.06515701,0.07286371,0.08029926,0.08747165,0.09438311,0.10103396,0.10742226
0.03993511,0.04880375,0.05717604,0.06518379,0.07288864,0.08031319,0.08746385,0.09434335,0.10095435,0.10729849
0.03992898,0.04879579,0.05716413,0.06516305,0.07285083,0.08024704,0.08735600,0.09417950,0.10072066,0.10698296
0.03992620,0.04879252,0.05715989,0.06515937,0.07285085,0.08025595,0.08738154,0.09423195,0.10081192,0.10712501
0.03993373,0.04880403,0.05717185,0.06517012,0.07286001,0.08026249,0.08738211,0.09422029,0.10077930,0.10706149
0.03993177,0.04879862,0.05715815,0.06514182,0.07281097,0.08018845,0.08728170,0.09409532,0.10063451,0.10690389
0.03992841,0.04879561,0.05715138,0.06512592,0.07278023,0.08013761,0.08720651,0.09399271,0.10050253,0.10674140
0.03992501,0.04879409,0.05715588,0.06513986,0.07280531,0.08017357,0.08725133,0.09404312,0.10055467,0.10679150
0.03992687,0.04879182,0.05714521,0.06511748,0.07276948,0.08012299,0.08718386,0.09395530,0.10044208,0.10664972
0.03992679,0.04879457,0.05715384,0.06513603,0.07280263,0.08017576,0.08726117,0.09406165,0.10058131,0.10682465
0.03992745,0.04879132,0.05714899,0.06513197,0.07280010,0.08017297,0.08725367,0.09404248,0.10054147,0.10675399
0.03992582,0.04879140,0.05715137,0.06513722,0.07280884,0.08018616,0.08727292,0.09407023,0.10058074,0.10680784
0.03992583,0.04878837,0.05714498,0.06512735,0.07279634,0.08017229,0.08725880,0.09405663,0.10056823,0.10679691
0.03991797,0.04878686,0.05715008,0.06514247,0.07282863,0.08023079,0.08735229,0.09419229,0.10075114,0.10703000
0.03991707,0.04878580,0.05714772,0.06513640,0.07281509,0.08020585,0.08731394,0.09414232,0.10069584,0.10697959
0.03991457,0.04878284,0.05715513,0.06517009,0.07289381,0.08035036,0.08754684,0.09448736,0.10117582,0.10761328
0.03991542,0.04878532,0.05715688,0.06517090,0.07289739,0.08036570,0.08758841,0.09457348,0.10132583,0.10784431
0.03990149,0.04877342,0.05715252,0.06518160,0.07293455,0.08044607,0.08773445,0.09481169,0.10168311,0.10834354
0.03990521,0.04877682,0.05715279,0.06517051,0.07289848,0.08036759,0.08759475,0.09459313,0.10137143,0.10792947
0.03990635,0.04877161,0.05714410,0.06516553,0.07290791,0.08040636,0.08768205,0.09475070,0.10162027,0.10828604
0.03990363,0.04876825,0.05714408,0.06517646,0.07294199,0.08048100,0.08781985,0.09497788,0.10196349,0.10876840
0.03989242,0.04875326,0.05712601,0.06515228,0.07290345,0.08041384,0.08770349,0.09478676,0.10167060,0.10835014
0.03989951,0.04875800,0.05713523,0.06517788,0.07296344,0.08053210,0.08790778,0.09510556,0.10212923,0.10896738
0.03990638,0.04876580,0.05714591,0.06519582,0.07299312,0.08057590,0.08796518,0.09517362,0.10220399,0.10904528
0.03989078,0.04874843,0.05712621,0.06517219,0.07296422,0.08054228,0.08792975,0.09514093,0.10217893,0.10903186
0.03989782,0.04877065,0.05716239,0.06522014,0.07302202,0.08060853,0.08800339,0.09522100,0.10226461,0.10912262
0.03989138,0.04876297,0.05715042,0.06519646,0.07297739,0.08053338,0.08788776,0.09505409,0.10203502,0.10881970
0.03988930,0.04876357,0.05715174,0.06520247,0.07299914,0.08058864,0.08799907,0.09524579,0.10232967,0.10923469
0.03989909,0.04877535,0.05716817,0.06522733,0.07303927,0.08065514,0.08810654,0.09540984,0.10256381,0.10954792
0.03989684,0.04876753,0.05715011,0.06519569,0.07299360,0.08059701,0.08803695,0.09532673,0.10246133,0.10941772
0.03989358,0.04876202,0.05714316,0.06518785,0.07298653,0.08059498,0.08804702,0.09535757,0.10252108,0.10951206
0.03989160,0.04876057,0.05714429,0.06519061,0.07298326,0.08056724,0.08796404,0.09517895,0.10220381,0.10901906
0.03988019,0.04874383,0.05712422,0.06516788,0.07295951,0.08054674,0.08795363,0.09518708,0.10223938,0.10909032
0.03988186,0.04874499,0.05712599,0.06517285,0.07297051,0.08056402,0.08797119,0.09519033,0.10220582,0.10899332
0.03987894,0.04874005,0.05712112,0.06516921,0.07296656,0.08055351,0.08794247,0.09512769,0.10209233,0.10881399
0.03987753,0.04873638,0.05711722,0.06516835,0.07297298,0.08057300,0.08798306,0.09519963,0.10220704,0.10898234
0.03987765,0.04874150,0.05712309,0.06516719,0.07295435,0.08052524,0.08789499,0.09506216,0.10201436,0.10873251
0.03987037,0.04873746,0.05712237,0.06516593,0.07294534,0.08049909,0.08784136,0.09497096,0.10187697,0.10854281
0.03987449,0.04874296,0.05713056,0.06517698,0.07295658,0.08050362,0.08782757,0.09492335,0.10177836,0.10837711
0.03987214,0.04874877,0.05714431,0.06519760,0.07298306,0.08053359,0.08785510,0.09493794,0.10176582,0.10832182
0.03987935,0.04875937,0.05715724,0.06521446,0.07301065,0.08058512,0.08794996,0.09509987,0.10201991,0.10869106
0.03987421,0.04875698,0.05715548,0.06520950,0.07299997,0.08056991,0.08793561,0.09509485,0.10203375,0.10873247
0.03986784,0.04874255,0.05712903,0.06516699,0.07294051,0.08049869,0.08786508,0.09504380,0.10202469,0.10878812
0.03987364,0.04874438,0.05713042,0.06517653,0.07297138,0.08056603,0.08798242,0.09522001,0.10226255,0.10908480
0.03987836,0.04874972,0.05713188,0.06516491,0.07293225,0.08048178,0.08783581,0.09499748,0.10195609,0.10869211
0.03987907,0.04874701,0.05712631,0.06515631,0.07292152,0.08047175,0.08783091,0.09500256,0.10197532,0.10872834
0.03986986,0.04874137,0.05712537,0.06516259,0.07293894,0.08050506,0.08788390,0.09507615,0.10206663,0.10883129
0.03986954,0.04873847,0.05711956,0.06515759,0.07294416,0.08053600,0.08796106,0.09522237,0.10230359,0.10917623
0.03986171,0.04872401,0.05709747,0.06512945,0.07291337,0.08050665,0.08793702,0.09520692,0.10229929,0.10918489
0.03985389,0.04871704,0.05708906,0.06511376,0.07288043,0.08044396,0.08783205,0.09504926,0.10208184,0.10890401
0.03985867,0.04872123,0.05709497,0.06513090,0.07292663,0.08054517,0.08802037,0.09535870,0.10254285,0.10953872
0.03985419,0.04871734,0.05708531,0.06510313,0.07286096,0.08041388,0.08778949,0.09499208,0.10200758,0.10881000
0.03986234,0.04872788,0.05709939,0.06512495,0.07289943,0.08048252,0.08790440,0.09516901,0.10225919,0.10914419
0.03986002,0.04872651,0.05710331,0.06514162,0.07294446,0.08058477,0.08810699,0.09552395,0.10281726,0.10994483
0.03985986,0.04873359,0.05712048,0.06517365,0.07299827,0.08066842,0.08822826,0.09568907,0.10303026,0.11020747
0.03985937,0.04873481,0.05712127,0.06516824,0.07298013,0.08063275,0.08817375,0.09561837,0.10294880,0.11012150
0.03985619,0.04873631,0.05712473,0.06517082,0.07297914,0.08062695,0.08816517,0.09561315,0.10295625,0.11015172
0.03985928,0.04874013,0.05712830,0.06516977,0.07296838,0.08060265,0.08812627,0.09556208,0.10289853,0.11009453
0.03986109,0.04873649,0.05711421,0.06513806,0.07291481,0.08052911,0.08804113,0.09547795,0.10282866,0.11004966
0.03985584,0.04872492,0.05709637,0.06511748,0.07289772,0.08052262,0.08804984,0.09550061,0.10285712,0.11007089
0.03984546,0.04871034,0.05708056,0.06510426,0.07289171,0.08052996,0.08807920,0.09556307,0.10296442,0.11023296
0.03983534,0.04870508,0.05707793,0.06509589,0.07286136,0.08045280,0.08792280,0.09529096,0.10254172,0.10963219
0.03983488,0.04870700,0.05708194,0.06510029,0.07286456,0.08045640,0.08793468,0.09532578,0.10261810,0.10976792
0.03982143,0.04869276,0.05707064,0.06509914,0.07288293,0.08050208,0.08800974,0.09542435,0.10272739,0.10987193
0.03981756,0.04869098,0.05707403,0.06511129,0.07290585,0.08053461,0.08804783,0.09546308,0.10276324,0.10990392
0.03982426,0.04869759,0.05708054,0.06511934,0.07291975,0.08056367,0.08810840,0.09557764,0.10295618,0.11019601
0.03983035,0.04870661,0.05709818,0.06515406,0.07298176,0.08066534,0.08826420,0.09580253,0.10326258,0.11059114
0.03983810,0.04871949,0.05712327,0.06520237,0.07306555,0.08079558,0.08844921,0.09604754,0.10356970,0.11095965
0.03983259,0.04871429,0.05712182,0.06520761,0.07307535,0.08080214,0.08844247,0.09602023,0.10352098,0.11089519
0.03983985,0.04871758,0.05711656,0.06518772,0.07303425,0.08073440,0.08834515,0.09589369,0.10336865,0.11072237
0.03984584,0.04873315,0.05714183,0.06522430,0.07308703,0.08081239,0.08846111,0.09606209,0.10360269,0.11103115
0.03984393,0.04874053,0.05715677,0.06523644,0.07307377,0.08073649,0.08827219,0.09570410,0.10302549,0.11020114
0.03985232,0.04875166,0.05716616,0.06523988,0.07307146,0.08073669,0.08829307,0.09577197,0.10316944,0.11044606
0.03985709,0.04876348,0.05719160,0.06528611,0.07314944,0.08086287,0.08848869,0.09606042,0.10357220,0.11097881
0.03985777,0.04876751,0.05719453,0.06527860,0.07311578,0.08077862,0.08832002,0.09576768,0.10311744,0.11033407
0.03986467,0.04877813,0.05720798,0.06529693,0.07314633,0.08083536,0.08842314,0.09594077,0.10338287,0.11070822
0.03986691,0.04878496,0.05722320,0.06531988,0.07316712,0.08083105,0.08835744,0.09576864,0.10305923,0.11019740
0.03987353,0.04879273,0.05723124,0.06532726,0.07317441,0.08084171,0.08837883,0.09581182,0.10313690,0.11032090
0.03986851,0.04879227,0.05723478,0.06533561,0.07319089,0.08087319,0.08843698,0.09591299,0.10329949,0.11056121
0.03986777,0.04879231,0.05724219,0.06536008,0.07324395,0.08096725,0.08858517,0.09612879,0.10359551,0.11094713
0.03987997,0.04880538,0.05725393,0.06536422,0.07322690,0.08090727,0.08845437,0.09589769,0.10323868,0.11044797
0.03988523,0.04881215,0.05726769,0.06539438,0.07328916,0.08102550,0.08866104,0.09623118,0.10373690,0.11114046
0.03988255,0.04881017,0.05726345,0.06538420,0.07326957,0.08099490,0.08862066,0.09618484,0.10368994,0.11109824
0.03988646,0.04881329,0.05726444,0.06538323,0.07326965,0.08100498,0.08865796,0.09627386,0.10385729,0.11136576
0.03987920,0.04880009,0.05723759,0.06532942,0.07316922,0.08083309,0.08838722,0.09587835,0.10331727,0.11067111
0.03988190,0.04880172,0.05724594,0.06535341,0.07322315,0.08094188,0.08858979,0.09622472,0.10385822,0.11144493
0.03988918,0.04881787,0.05727239,0.06538827,0.07326248,0.08098141,0.08862592,0.09625507,0.10388179,0.11146207
0.03988217,0.04881708,0.05728576,0.06542964,0.07335670,0.08116864,0.08896148,0.09680082,0.10469027,0.11256203
0.03988344,0.04881925,0.05728881,0.06543310,0.07335974,0.08116993,0.08895847,0.09678893,0.10466314,0.11251317
0.03987349,0.04880270,0.05727136,0.06542192,0.07335896,0.08117731,0.08896405,0.09677677,0.10461616,0.11241856
0.03987766,0.04880361,0.05726473,0.06540555,0.07333587,0.08115787,0.08896583,0.09682134,0.10472326,0.11260079
0.03987320,0.04879971,0.05726421,0.06541541,0.07336962,0.08123678,0.08911783,0.09707577,0.10510288,0.11311548
0.03986973,0.04880207,0.05726574,0.06540865,0.07334678,0.08118971,0.08903738,0.09695167,0.10492499,0.11287611
0.03986631,0.04879920,0.05725871,0.06539190,0.07331098,0.08111804,0.08890420,0.09672652,0.10458130,0.11239909
0.03986867,0.04879867,0.05725235,0.06537662,0.07328325,0.08107238,0.08883223,0.09661783,0.10442587,0.11219010
0.03986472,0.04879492,0.05724839,0.06537423,0.07328701,0.08108850,0.08886607,0.09667133,0.10449653,0.11227210
0.03986249,0.04879560,0.05725142,0.06537684,0.07328416,0.08107359,0.08883163,0.09660981,0.10440137,0.11213885
0.03985522,0.04879394,0.05725883,0.06539243,0.07329951,0.08107210,0.08879211,0.09651347,0.10423838,0.11191037
0.03985325,0.04879094,0.05726098,0.06541009,0.07334133,0.08113878,0.08887250,0.09658523,0.10427402,0.11188561
0.03986247,0.04879889,0.05726390,0.06540076,0.07330984,0.08107401,0.08876403,0.09642546,0.10405982,0.11161866
0.03986727,0.04880380,0.05727034,0.06541201,0.07333472,0.08112943,0.08887571,0.09662500,0.10437765,0.11207616
0.03987267,0.04881022,0.05728027,0.06542222,0.07332869,0.08106992,0.08870196,0.09625965,0.10374382,0.11111705
0.03986579,0.04880409,0.05727002,0.06539591,0.07326689,0.08094582,0.08848286,0.09591138,0.10323757,0.11043557
0.03986452,0.04880911,0.05727965,0.06540516,0.07326840,0.08093128,0.08844489,0.09584510,0.10314151,0.11031152
0.03986591,0.04881623,0.05729348,0.06542650,0.07330153,0.08098714,0.08854193,0.09600715,0.10339289,0.11067142
0.03986235,0.04881442,0.05729334,0.06542418,0.07328553,0.08093818,0.08843615,0.09582107,0.10310861,0.11027998
0.03986182,0.04880722,0.05727673,0.06539590,0.07324373,0.08088277,0.08836992,0.09574998,0.10304080,0.11022383
0.03985718,0.04880740,0.05728191,0.06540354,0.07325202,0.08089444,0.08839544,0.09580829,0.10315626,0.11042029
0.03985832,0.04880690,0.05727076,0.06536555,0.07315696,0.08069198,0.08801370,0.09516060,0.10215678,0.10900287
0.03985886,0.04881149,0.05728333,0.06539193,0.07320179,0.08075564,0.08808994,0.09523583,0.10221189,0.10901723
0.03986239,0.04881885,0.05729263,0.06540066,0.07320696,0.08075344,0.08807524,0.09520256,0.10215428,0.10893134
0.03986818,0.04882916,0.05731021,0.06542671,0.07324175,0.08079845,0.08813533,0.09528681,0.10227498,0.10910142
0.03986562,0.04882510,0.05730701,0.06542687,0.07325146,0.08083115,0.08821329,0.09543956,0.10253426,0.10949433
0.03987711,0.04884301,0.05733291,0.06546268,0.07330003,0.08089778,0.08830705,0.09557308,0.10272166,0.10974810
0.03986889,0.04883237,0.05732502,0.06546259,0.07331104,0.08092025,0.08833778,0.09560543,0.10274672,0.10975678
0.03987250,0.04883536,0.05732554,0.06545706,0.07329389,0.08088478,0.08827763,0.09551616,0.10262697,0.10960847
0.03988152,0.04884707,0.05733247,0.06545047,0.07326189,0.08080987,0.08813501,0.09527440,0.10225205,0.10907037
0.03987279,0.04883844,0.05732290,0.06544023,0.07325462,0.08081324,0.08816041,0.09533557,0.10236268,0.10924136
0.03987089,0.04883869,0.05732580,0.06544309,0.07325011,0.08078964,0.08810278,0.09522736,0.10218794,0.10898713
0.03986977,0.04883742,0.05732798,0.06545244,0.07326920,0.08081799,0.08813503,0.09525242,0.10219001,0.10894863
0.03986380,0.04883656,0.05734000,0.06548877,0.07334483,0.08095171,0.08834911,0.09557093,0.10263567,0.10953919
0.03986082,0.04883337,0.05733353,0.06547540,0.07332316,0.08092385,0.08832084,0.09555110,0.10263469,0.10956699
0.03984672,0.04882076,0.05732235,0.06546478,0.07331190,0.08090874,0.08829463,0.09550171,0.10254686,0.10942566
0.03985457,0.04883076,0.05733555,0.06548309,0.07334132,0.08096100,0.08838605,0.09564976,0.10276583,0.10972342
0.03986108,0.04884382,0.05735550,0.06551777,0.07340663,0.08108074,0.08859087,0.09597414,0.10324253,0.11037724
0.03986417,0.04885109,0.05736934,0.06554292,0.07345121,0.08115640,0.08871159,0.09615395,0.10349293,0.11070514
0.03986919,0.04885438,0.05737011,0.06554317,0.07345472,0.08116737,0.08873313,0.09618671,0.10353460,0.11075110
0.03987818,0.04885839,0.05736343,0.06551977,0.07340556,0.08107611,0.08857254,0.09591891,0.10311666,0.11014408
0.03987930,0.04885902,0.05736753,0.06553086,0.07342420,0.08109741,0.08858460,0.09590318,0.10305084,0.11000660
0.03987359,0.04885398,0.05736819,0.06554706,0.07347221,0.08119833,0.08876084,0.09617438,0.10343050,0.11050054
0.03987383,0.04885561,0.05737268,0.06555982,0.07350561,0.08127456,0.08891178,0.09643728,0.10384065,0.11108413
0.03986840,0.04884775,0.05736226,0.06555157,0.07350702,0.08129216,0.08894688,0.09648324,0.10388341,0.11110579
0.03985912,0.04883776,0.05735168,0.06554529,0.07351375,0.08132324,0.08901452,0.09659834,0.10405362,0.11133455
0.03985887,0.04884195,0.05735734,0.06554756,0.07350824,0.08130706,0.08898579,0.09655522,0.10399364,0.11125469
0.03985459,0.04884192,0.05736154,0.06555564,0.07352219,0.08133304,0.08903369,0.09663618,0.10411694,0.11142571
0.03985478,0.04884129,0.05735385,0.06553259,0.07347031,0.08123027,0.08884844,0.09633072,0.10365436,0.11077706
0.03985562,0.04883496,0.05733451,0.06549421,0.07340742,0.08113860,0.08872557,0.09617666,0.10347174,0.11057060
0.03984651,0.04882705,0.05732475,0.06547665,0.07337269,0.08107247,0.08860850,0.09598556,0.10318360,0.11016653
0.03984438,0.04883373,0.05735054,0.06553255,0.07347232,0.08123359,0.08885307,0.09633778,0.10366656,0.11079875
0.03983471,0.04881265,0.05731261,0.06546996,0.07337719,0.08110155,0.08868610,0.09614489,0.10346186,0.11059781
0.03982721,0.04880473,0.05730308,0.06546041,0.07337051,0.08109991,0.08868935,0.09614972,0.10346205,0.11058560
0.03982150,0.04880103,0.05729740,0.06544121,0.07331719,0.08098263,0.08847070,0.09578921,0.10292234,0.10983831
0.03981887,0.04880282,0.05730749,0.06546285,0.07334867,0.08101333,0.08847943,0.09574617,0.10279421,0.10959421
0.03981125,0.04879638,0.05730486,0.06546352,0.07334714,0.08099941,0.08844069,0.09567141,0.10267629,0.10943133
0.03981245,0.04879432,0.05729752,0.06544238,0.07329829,0.08090591,0.08828503,0.09543739,0.10235035,0.10900321
0.03981759,0.04880422,0.05731157,0.06546290,0.07333127,0.08096104,0.08837504,0.09557658,0.10255253,0.10927973
0.03981863,0.04880949,0.05731700,0.06546405,0.07332453,0.08094638,0.08835840,0.09557025,0.10257325,0.10934529
0.03982816,0.04882690,0.05734783,0.06551157,0.07338897,0.08102618,0.08845252,0.09568025,0.10270400,0.10950420
0.03982332,0.04881738,0.05733574,0.06549776,0.07337275,0.08100660,0.08843036,0.09565965,0.10269290,0.10951314
0.03981666,0.04881455,0.05734297,0.06552486,0.07343328,0.08111589,0.08860210,0.09590280,0.10301017,0.10990148
0.03982105,0.04881658,0.05733942,0.06550906,0.07339506,0.08104200,0.08847739,0.09571215,0.10274064,0.10954397
0.03982195,0.04880959,0.05732059,0.06547729,0.07335188,0.08099017,0.08841927,0.09564858,0.10267042,0.10946399
0.03980816,0.04878425,0.05728266,0.06542744,0.07329215,0.08092148,0.08833933,0.09555155,0.10254844,0.10930954
0.03980520,0.04877636,0.05726728,0.06540245,0.07325579,0.08087353,0.08828310,0.09549521,0.10250460,0.10929309
0.03981641,0.04879222,0.05728409,0.06541620,0.07326307,0.08087189,0.08827101,0.09547197,0.10247021,0.10924806
0.03982275,0.04878875,0.05726430,0.06537377,0.07319097,0.08076078,0.08810811,0.09524118,0.10215378,0.10882931
0.03982239,0.04877881,0.05723926,0.06532352,0.07310002,0.08060751,0.08786499,0.09487683,0.10163676,0.10813230
0.03981828,0.04877849,0.05724238,0.06533048,0.07311135,0.08062341,0.08788501,0.09489972,0.10166052,0.10815440
0.03982289,0.04878832,0.05725667,0.06534903,0.07313526,0.08065495,0.08792692,0.09495463,0.10173044,0.10824044
0.03982272,0.04878714,0.05725145,0.06533834,0.07312451,0.08066007,0.08797455,0.09507832,0.10196467,0.10861467
0.03983568,0.04880191,0.05726873,0.06536032,0.07315433,0.08070048,0.08802607,0.09513774,0.10202458,0.10866427
0.03983641,0.04880631,0.05727861,0.06537824,0.07318090,0.08073383,0.08806326,0.09517662,0.10206475,0.10870694
0.03983516,0.04879934,0.05726568,0.06535684,0.07314348,0.08066774,0.08795220,0.09500284,0.10181151,0.10836063
0.03983092,0.04879618,0.05726451,0.06535920,0.07314885,0.08067130,0.08794427,0.09497023,0.10174004,0.10823761
0.03983393,0.04880597,0.05728916,0.06540793,0.07322861,0.08078531,0.08809214,0.09514908,0.10194595,0.10846705
0.03984310,0.04881522,0.05729385,0.06539801,0.07318954,0.08069996,0.08794337,0.09492209,0.10163000,0.10805606
0.03984699,0.04882774,0.05732242,0.06545139,0.07327626,0.08082554,0.08810798,0.09512009,0.10185130,0.10828856
0.03984685,0.04882772,0.05732582,0.06546530,0.07330843,0.08088109,0.08818731,0.09521868,0.10196129,0.10840093
0.03984100,0.04882369,0.05732273,0.06546463,0.07331548,0.08090516,0.08824003,0.09531162,0.10210372,0.10859867
0.03983189,0.04881295,0.05731140,0.06545590,0.07331476,0.08091842,0.08827179,0.09536374,0.10217540,0.10868723
0.03983212,0.04881486,0.05731466,0.06545670,0.07330467,0.08088594,0.08820519,0.09525389,0.10201746,0.10848086
0.03983322,0.04881568,0.05731974,0.06547163,0.07333523,0.08093714,0.08828062,0.09535551,0.10214570,0.10863484
0.03982263,0.04880594,0.05731472,0.06547428,0.07334745,0.08096277,0.08832826,0.09543890,0.10228178,0.10884048
0.03982368,0.04880547,0.05730997,0.06546400,0.07333345,0.08095069,0.08832748,0.09546156,0.10234091,0.10894801
0.03983261,0.04881872,0.05733238,0.06549863,0.07338343,0.08101956,0.08841802,0.09557413,0.10247244,0.10909217
0.03982572,0.04881224,0.05732450,0.06548410,0.07335410,0.08096460,0.08832417,0.09542654,0.10225620,0.10879406
0.03983519,0.04882455,0.05733851,0.06549861,0.07336975,0.08098541,0.08835726,0.09548066,0.10233993,0.10891446
0.03984878,0.04884414,0.05736100,0.06551916,0.07338338,0.08098888,0.08835081,0.09546868,0.10233009,0.10891566
0.03985415,0.04885382,0.05737230,0.06552959,0.07339242,0.08099943,0.08837007,0.09550755,0.10240098,0.10902973
0.03984616,0.04884195,0.05735534,0.06550404,0.07335320,0.08094071,0.08828610,0.09539344,0.10225341,0.10884742
0.03984271,0.04883332,0.05734146,0.06548569,0.07333353,0.08092456,0.08827768,0.09539367,0.10225837,0.10884850
0.03983976,0.04882905,0.05733761,0.06548724,0.07334671,0.08095506,0.08832899,0.09546577,0.10234738,0.10894739
0.03984611,0.04883707,0.05734450,0.06548903,0.07334035,0.08094176,0.08831521,0.09546189,0.10236505,0.10899710
0.03985343,0.04884476,0.05735059,0.06548904,0.07332698,0.08090431,0.08824020,0.09533490,0.10217316,0.10873071
0.03985989,0.04885454,0.05736466,0.06550665,0.07334920,0.08093745,0.08829776,0.09543704,0.10234374,0.10899340
0.03986014,0.04885753,0.05737353,0.06552478,0.07337963,0.08098113,0.08835199,0.09549522,0.10239664,0.10903122
0.03986011,0.04885721,0.05737073,0.06551833,0.07337001,0.08096987,0.08834015,0.09548239,0.10238116,0.10901120
0.03986881,0.04887204,0.05739184,0.06554163,0.07338609,0.08096302,0.08828867,0.09536049,0.10216212,0.10867068
0.03986428,0.04886356,0.05737391,0.06550470,0.07331775,0.08085019,0.08812058,0.09513119,0.10187157,0.10832409
0.03986164,0.04886985,0.05738945,0.06552341,0.07332863,0.08083985,0.08807573,0.09504062,0.10172729,0.10812159
0.03984855,0.04885736,0.05738043,0.06552057,0.07333359,0.08085243,0.08809367,0.09506039,0.10174556,0.10813658
0.03984216,0.04884486,0.05736385,0.06550685,0.07333611,0.08089152,0.08819556,0.09525471,0.10206180,0.10860061
0.03983693,0.04883173,0.05733918,0.06546636,0.07327381,0.08079915,0.08806260,0.09506915,0.10181157,0.10827534
0.03984341,0.04883650,0.05734006,0.06545629,0.07324063,0.08072675,0.08793255,0.09486259,0.10151103,0.10786628
0.03985212,0.04884225,0.05733899,0.06544842,0.07323057,0.08072536,0.08795775,0.09493785,0.10166183,0.10811578
0.03986043,0.04885675,0.05735866,0.06547003,0.07324835,0.08073095,0.08794097,0.09488837,0.10157132,0.10797959
0.03987213,0.04886487,0.05735815,0.06545519,0.07321338,0.08067010,0.08784889,0.09476066,0.10140481,0.10777224
0.03986888,0.04886294,0.05735880,0.06545889,0.07321774,0.08066781,0.08782671,0.09470020,0.10128507,0.10757290
0.03985887,0.04885132,0.05734816,0.06545608,0.07323300,0.08071415,0.08791873,0.09485233,0.10150971,0.10787916
0.03985829,0.04884698,0.05733331,0.06542307,0.07317142,0.08060902,0.08775101,0.09460173,0.10115842,0.10741473
0.03986911,0.04886524,0.05735701,0.06544679,0.07318574,0.08059973,0.08769875,0.09448307,0.10094830,0.10708958
0.03986809,0.04886635,0.05736507,0.06546295,0.07320731,0.08062071,0.08771072,0.09447636,0.10091317,0.10701711
0.03986830,0.04886379,0.05735390,0.06543649,0.07316058,0.08055212,0.08762351,0.09437931,0.10082012,0.10694556
0.03986933,0.04886424,0.05735188,0.06542893,0.07314485,0.08052857,0.08759774,0.09436304,0.10083049,0.10700295
0.03986629,0.04886664,0.05736014,0.06543877,0.07314842,0.08051470,0.08755237,0.09427033,0.10067446,0.10676918
0.03986833,0.04888043,0.05738970,0.06548828,0.07322161,0.08061423,0.08767972,0.09442635,0.10086011,0.10698623
0.03987987,0.04889628,0.05740964,0.06551483,0.07326110,0.08067627,0.08777603,0.09456936,0.10106175,0.10725684
0.03988133,0.04889824,0.05741115,0.06551090,0.07324610,0.08064672,0.08773215,0.09451544,0.10100561,0.10720871
0.03987224,0.04888565,0.05739272,0.06548817,0.07322590,0.08064035,0.08775258,0.09457425,0.10111077,0.10736371
0.03987319,0.04888811,0.05740696,0.06552289,0.07328507,0.08072158,0.08784672,0.09466578,0.10117922,0.10738596
0.03986701,0.04888556,0.05741369,0.06554021,0.07330944,0.08074433,0.08785440,0.09464117,0.10110277,0.10723749
0.03986754,0.04888544,0.05741647,0.06555009,0.07333086,0.08078186,0.08791220,0.09472227,0.10120873,0.10736850
0.03986347,0.04888524,0.05741842,0.06554967,0.07331966,0.08074867,0.08784547,0.09461258,0.10105019,0.10715896
0.03986940,0.04889265,0.05742819,0.06556093,0.07333260,0.08076550,0.08786916,0.09464509,0.10109136,0.10720638
0.03987656,0.04890710,0.05745101,0.06559534,0.07338379,0.08083939,0.08797143,0.09478047,0.10126338,0.10741741
0.03988141,0.04891209,0.05745385,0.06559268,0.07337259,0.08081893,0.08794476,0.09475477,0.10124915,0.10742681
0.03987702,0.04891077,0.05746129,0.06561828,0.07342709,0.08091384,0.08809173,0.09496442,0.10152967,0.10778315
0.03988536,0.04892551,0.05748664,0.06565815,0.07348539,0.08099528,0.08820234,0.09511129,0.10171997,0.10802287
0.03988788,0.04892672,0.05748937,0.06566234,0.07348724,0.08098645,0.08817012,0.09504018,0.10159415,0.10782868
0.03987354,0.04891219,0.05747287,0.06564092,0.07345466,0.08093223,0.08808067,0.09490120,0.10139298,0.10755585
0.03987443,0.04892097,0.05749386,0.06567720,0.07350806,0.08100275,0.08816662,0.09499986,0.10150135,0.10767117
0.03987164,0.04891116,0.05747520,0.06564709,0.07346138,0.08093165,0.08806138,0.09484991,0.10129628,0.10740156
0.03988136,0.04892597,0.05749511,0.06567098,0.07348880,0.08096422,0.08810297,0.09490587,0.10137221,0.10750212
0.03988244,0.04892725,0.05750091,0.06568512,0.07351581,0.08101110,0.08817971,0.09502457,0.10154532,0.10774061
0.03989437,0.04893677,0.05750266,0.06567234,0.07347997,0.08094218,0.08806716,0.09485852,0.10131755,0.10744521
0.03989069,0.04893680,0.05750977,0.06568629,0.07349716,0.08095559,0.08806695,0.09483317,0.10125536,0.10733562
0.03988256,0.04892780,0.05749994,0.06567088,0.07346585,0.08089462,0.08796238,0.09467369,0.10103391,0.10704969
0.03988233,0.04892273,0.05748616,0.06564629,0.07342963,0.08084699,0.08790418,0.09460606,0.10095813,0.10696713
0.03989083,0.04893795,0.05751076,0.06568343,0.07348315,0.08092170,0.08800585,0.09474088,0.10113187,0.10718452
0.03988682,0.04893308,0.05750374,0.06566815,0.07344757,0.08084881,0.08787622,0.09453595,0.10083669,0.10678929
0.03987760,0.04891340,0.05747010,0.06561844,0.07338152,0.08076896,0.08778861,0.09444958,0.10076215,0.10673702
0.03986927,0.04889460,0.05743106,0.06555007,0.07327742,0.08062665,0.08760957,0.09423817,0.10052391,0.10647722
0.03986727,0.04889307,0.05742860,0.06554157,0.07325297,0.08057301,0.08751298,0.09408719,0.10031137,0.10620097
0.03986286,0.04889334,0.05743414,0.06555200,0.07326955,0.08059962,0.08755625,0.09415569,0.10041416,0.10634592
0.03986775,0.04890296,0.05744461,0.06555673,0.07325968,0.08056413,0.08748230,0.09402946,0.10022207,0.10607601
0.03987285,0.04890529,0.05744594,0.06555814,0.07326196,0.08056842,0.08749074,0.09404534,0.10024957,0.10611957
0.03987046,0.04889840,0.05742965,0.06552940,0.07321989,0.08051497,0.08743094,0.09398694,0.10020223,0.10609389
0.03987896,0.04890895,0.05744151,0.06554300,0.07323638,0.08053553,0.08745591,0.09401544,0.10023234,0.10612324
0.03988892,0.04892360,0.05746916,0.06559245,0.07331381,0.08064288,0.08759078,0.09417188,0.10040207,0.10629700
0.03988611,0.04891530,0.05744861,0.06555208,0.07324532,0.08053752,0.08743975,0.09396676,0.10013543,0.10596288
0.03989217,0.04892664,0.05746604,0.06557731,0.07327966,0.08058023,0.08748689,0.09401111,0.10016728,0.10597140
0.03989958,0.04893808,0.05747908,0.06559096,0.07329522,0.08060135,0.08751892,0.09406005,0.10023881,0.10607007
0.03989126,0.04893122,0.05747072,0.06557904,0.07327792,0.08057649,0.08748424,0.09401393,0.10018050,0.10599952
0.03986887,0.04890158,0.05743389,0.06553385,0.07322260,0.08050943,0.08740442,0.09392108,0.10007518,0.10588312
0.03987358,0.04890579,0.05744114,0.06554825,0.07324852,0.08054989,0.08746040,0.09399159,0.10015795,0.10597528
0.03987343,0.04890592,0.05743682,0.06553277,0.07321418,0.08048871,0.08736472,0.09385503,0.09997643,0.10574783
0.03988257,0.04891080,0.05743416,0.06551901,0.07318455,0.08043643,0.08728060,0.09372770,0.09979297,0.10549482
0.03987398,0.04890493,0.05743354,0.06552210,0.07318588,0.08042879,0.08725691,0.09368183,0.09971996,0.10539069
0.03987233,0.04890401,0.05743098,0.06551333,0.07316588,0.08039371,0.08720487,0.09361291,0.09963568,0.10529347
0.03986374,0.04889741,0.05743016,0.06552311,0.07319280,0.08044669,0.08729516,0.09375325,0.09983905,0.10557187
0.03985694,0.04889384,0.05742800,0.06552246,0.07319375,0.08044865,0.08729701,0.09375373,0.09983704,0.10556658
0.03986168,0.04890008,0.05743740,0.06553559,0.07321075,0.08047120,0.08733000,0.09380578,0.09991977,0.10569308
0.03986721,0.04890785,0.05744755,0.06555031,0.07323123,0.08049567,0.08735384,0.09382280,0.09992380,0.10567918
0.03985786,0.04889507,0.05742653,0.06551310,0.07316716,0.08039156,0.08719454,0.09359228,0.09960656,0.10526161
0.03984418,0.04888718,0.05742692,0.06552557,0.07319481,0.08043661,0.08725915,0.09367952,0.09972115,0.10541009
0.03984728,0.04888714,0.05742431,0.06552031,0.07318323,0.08041139,0.08721063,0.09359730,0.09959513,0.10523111
0.03984212,0.04888297,0.05742044,0.06552011,0.07319458,0.08044573,0.08728138,0.09371805,0.09977793,0.10548515
0.03985054,0.04889226,0.05742731,0.06552029,0.07318362,0.08042008,0.08723913,0.09365913,0.09970416,0.10540005
0.03984494,0.04888987,0.05742703,0.06552021,0.07318179,0.08041525,0.08723023,0.09364424,0.09967965,0.10536035
0.03985841,0.04891054,0.05745329,0.06554854,0.07320738,0.08043440,0.08724205,0.09365099,0.09968609,0.10537273
0.03985776,0.04890475,0.05744435,0.06553536,0.07318434,0.08039178,0.08716763,0.09353171,0.09950918,0.10512636
0.03986114,0.04891531,0.05746146,0.06556055,0.07321957,0.08043754,0.08722201,0.09359038,0.09956615,0.10517494
0.03986157,0.04891767,0.05746758,0.06557327,0.07324408,0.08048110,0.08729240,0.09369429,0.09970801,0.10535640
0.03985541,0.04890531,0.05745169,0.06555812,0.07323569,0.08048751,0.08732361,0.09376175,0.09982394,0.10553305
0.03985927,0.04891144,0.05746008,0.06557084,0.07325624,0.08051795,0.08736175,0.09379961,0.09984781,0.10552481
0.03984840,0.04890263,0.05745152,0.06555912,0.07323588,0.08048316,0.08730858,0.09372706,0.09975782,0.10542145
0.03985123,0.04890920,0.05746094,0.06557117,0.07325002,0.08049759,0.08731984,0.09373017,0.09974658,0.10538886
0.03985379,0.04891302,0.05746129,0.06556241,0.07322467,0.08044675,0.08723364,0.09359843,0.09955953,0.10513795
0.03985286,0.04891150,0.05745946,0.06556393,0.07323429,0.08046802,0.08726747,0.09364252,0.09960874,0.10518521
0.03986694,0.04892905,0.05747934,0.06558496,0.07325652,0.08049251,0.08729542,0.09367439,0.09964376,0.10522130
0.03985648,0.04892008,0.05747285,0.06558109,0.07325472,0.08049149,0.08729315,0.09366824,0.09963100,0.10519955
0.03985466,0.04891791,0.05746927,0.06557752,0.07325637,0.08050782,0.08733673,0.09375264,0.09976854,0.10539973
0.03985394,0.04891518,0.05745997,0.06555668,0.07321981,0.08045335,0.08726520,0.09366823,0.09967815,0.10531187
0.03984139,0.04890255,0.05744707,0.06554227,0.07320100,0.08042540,0.08722154,0.09360076,0.09957775,0.10516922
0.03983519,0.04889311,0.05742821,0.06550842,0.07314939,0.08035575,0.08713512,0.09349968,0.09946456,0.10504657
0.03984760,0.04890645,0.05743954,0.06551376,0.07314380,0.08033383,0.08709147,0.09342923,0.09936267,0.10490911
0.03984716,0.04891040,0.05744915,0.06553061,0.07316927,0.08036847,0.08713438,0.09347771,0.09941242,0.10495470
0.03983993,0.04890333,0.05744492,0.06553248,0.07318075,0.08039290,0.08717468,0.09353639,0.09949162,0.10505630
0.03984406,0.04891174,0.05745821,0.06555095,0.07320611,0.08042880,0.08722630,0.09360945,0.09959129,0.10518634
0.03984918,0.04891857,0.05746427,0.06555221,0.07319788,0.08040641,0.08718548,0.09354649,0.09950305,0.10507014
0.03985528,0.04891870,0.05745398,0.06552700,0.07315303,0.08033763,0.08708971,0.09342238,0.09935123,0.10489318
0.03985275,0.04890471,0.05742826,0.06549181,0.07311212,0.08029560,0.08705175,0.09339426,0.09933900,0.10490283
0.03985879,0.04891226,0.05743814,0.06550532,0.07313218,0.08032611,0.08709642,0.09345569,0.09941850,0.10500055
0.03986218,0.04892657,0.05746722,0.06555202,0.07319883,0.08041472,0.08720864,0.09359256,0.09958018,0.10518624
0.03985766,0.04891880,0.05745470,0.06553138,0.07316456,0.08036028,0.08712806,0.09348176,0.09943753,0.10501245
0.03986542,0.04893247,0.05747508,0.06556204,0.07321084,0.08042858,0.08722506,0.09361363,0.09960940,0.10522824
0.03985212,0.04890950,0.05743851,0.06550845,0.07313586,0.08032697,0.08709148,0.09344337,0.09939884,0.10497499
0.03984948,0.04890589,0.05742930,0.06548845,0.07310021,0.08027176,0.08701410,0.09334253,0.09927428,0.10482712
0.03984724,0.04890497,0.05742918,0.06549059,0.07310724,0.08028711,0.08704140,0.09338494,0.09933394,0.10490496
0.03985724,0.04892029,0.05744972,0.06551486,0.07313213,0.08030849,0.08705489,0.09338639,0.09931973,0.10487216
0.03986557,0.04892731,0.05745383,0.06551571,0.07312930,0.08030081,0.08704058,0.09336370,0.09928742,0.10482970
0.03986863,0.04892820,0.05744993,0.06550300,0.07310298,0.08025444,0.08696588,0.09325134,0.09912853,0.10461710
0.03986557,0.04892963,0.05745541,0.06551100,0.07310983,0.08025446,0.08695218,0.09321677,0.09906648,0.10452213
0.03986793,0.04893504,0.05746013,0.06551022,0.07309835,0.08022732,0.08690502,0.09314607,0.09896974,0.10439783
0.03986518,0.04892761,0.05744411,0.06547948,0.07304763,0.08015444,0.08681177,0.09303813,0.09885593,0.10428903
0.03987509,0.04893833,0.05745695,0.06549713,0.07307274,0.08018829,0.08685349,0.09308452,0.09890165,0.10432721
0.03986817,0.04893147,0.05745100,0.06549186,0.07306735,0.08018155,0.08684417,0.09307188,0.09888573,0.10430876
0.03986726,0.04893330,0.05745604,0.06550039,0.07307745,0.08018825,0.08683968,0.09304663,0.09882954,0.10421186
0.03987551,0.04894287,0.05747225,0.06552603,0.07311267,0.08023140,0.08688822,0.09309768,0.09888029,0.10425978
0.03986870,0.04893340,0.05745404,0.06549221,0.07305628,0.08014635,0.08676981,0.09294270,0.09868693,0.10402745
0.03986724,0.04893296,0.05745569,0.06549788,0.07306805,0.08016532,0.08679497,0.09297057,0.09871207,0.10404343
0.03986951,0.04893734,0.05746386,0.06551280,0.07309416,0.08020794,0.08685936,0.09306113,0.09883175,0.10419347
0.03987354,0.04894749,0.05748317,0.06554111,0.07312909,0.08024584,0.08689605,0.09309256,0.09885444,0.10420476
0.03986830,0.04893640,0.05746289,0.06550781,0.07308001,0.08018044,0.08681654,0.09300347,0.09876167,0.10411453
0.03987086,0.04894235,0.05747137,0.06552035,0.07309776,0.08020281,0.08684119,0.09302711,0.09878103,0.10412707
0.03986827,0.04893952,0.05746609,0.06550655,0.07306763,0.08014840,0.08675555,0.09290500,0.09861918,0.10392410
0.03987322,0.04894370,0.05746830,0.06550316,0.07305393,0.08011976,0.08670826,0.09283683,0.09852963,0.10381446
0.03986824,0.04893420,0.05745277,0.06547941,0.07301826,0.08006741,0.08663451,0.09273803,0.09840388,0.10366173
0.03986841,0.04893634,0.05746043,0.06549680,0.07304956,0.08011566,0.08670083,0.09282151,0.09850205,0.10377117
0.03987554,0.04894196,0.05746179,0.06549209,0.07303623,0.08008936,0.08665552,0.09275018,0.09839738,0.10362607
0.03987875,0.04894437,0.05745920,0.06548103,0.07301491,0.08005806,0.08661649,0.09270711,0.09835475,0.10358855
0.03988218,0.04895015,0.05746851,0.06549477,0.07303273,0.08007766,0.08663364,0.09271641,0.09835047,0.10356531
0.03989347,0.04896387,0.05748668,0.06552120,0.07307257,0.08013669,0.08671741,0.09282934,0.09849539,0.10374332
0.03989438,0.04897375,0.05750230,0.06553713,0.07308208,0.08013245,0.08669190,0.09277535,0.09840645,0.10361411
0.03989490,0.04897375,0.05750043,0.06553400,0.07307977,0.08013419,0.08670171,0.09279757,0.09844539,0.10367374
0.03989864,0.04898270,0.05751990,0.06556928,0.07313442,0.08020942,0.08679658,0.09290962,0.09857128,0.10380974
0.03989489,0.04898117,0.05751965,0.06557148,0.07314372,0.08023357,0.08684534,0.09299351,0.09870042,0.10399306
0.03989201,0.04897639,0.05751485,0.06557151,0.07315343,0.08025582,0.08688040,0.09303936,0.09875356,0.10404936
0.03989224,0.04897751,0.05751373,0.06556666,0.07314519,0.08024555,0.08686961,0.09302914,0.09874422,0.10404036
0.03989184,0.04897658,0.05751178,0.06556345,0.07313869,0.08023141,0.08684193,0.09298156,0.09867092,0.10393656
0.03989250,0.04898108,0.05751958,0.06557677,0.07316176,0.08026944,0.08690000,0.09306385,0.09878033,0.10407473
0.03988722,0.04897063,0.05750122,0.06554651,0.07311543,0.08020457,0.08681680,0.09296499,0.09867014,0.10395830
0.03987919,0.04896513,0.05749826,0.06554462,0.07311222,0.08019703,0.08680120,0.09293674,0.09862386,0.10388813
0.03988675,0.04898212,0.05752552,0.06558176,0.07315820,0.08025002,0.08685856,0.09299534,0.09868053,0.10393998
0.03989322,0.04899214,0.05753964,0.06559909,0.07317666,0.08026679,0.08687066,0.09300001,0.09867538,0.10392302
0.03990198,0.04900457,0.05755469,0.06561342,0.07318605,0.08026824,0.08686349,0.09298601,0.09865840,0.10390834
0.03990548,0.04901474,0.05757136,0.06563641,0.07321628,0.08030751,0.08691370,0.09304867,0.09873445,0.10399815
0.03990494,0.04901856,0.05757595,0.06564006,0.07321871,0.08030911,0.08691501,0.09305004,0.09873584,0.10399910
0.03989841,0.04900858,0.05755971,0.06561337,0.07317525,0.08024099,0.08681392,0.09290834,0.09854725,0.10375898
0.03990170,0.04901364,0.05756179,0.06560834,0.07315994,0.08021299,0.08677148,0.09285031,0.09847293,0.10366806
0.03989667,0.04900687,0.05755398,0.06559795,0.07314349,0.08018663,0.08673253,0.09279794,0.09840818,0.10359335
0.03989505,0.04900757,0.05755588,0.06559905,0.07314151,0.08017881,0.08671533,0.09276703,0.09835874,0.10352052
0.03989774,0.04900890,0.05755115,0.06558500,0.07311672,0.08014376,0.08667212,0.09271884,0.09830920,0.10347323
0.03989948,0.04901091,0.05755874,0.06560386,0.07315166,0.08019780,0.08674593,0.09281072,0.09841557,0.10358939
0.03989417,0.04900533,0.05755196,0.06559404,0.07313736,0.08017844,0.08672179,0.09278305,0.09838672,0.10356277
0.03989500,0.04901081,0.05756495,0.06562010,0.07318517,0.08025889,0.08684661,0.09296363,0.09863337,0.10388431
0.03988413,0.04899926,0.05755295,0.06560842,0.07317475,0.08025076,0.08684213,0.09296473,0.09864256,0.10390445
0.03989029,0.04900453,0.05755511,0.06560454,0.07316169,0.08022567,0.08680254,0.09290844,0.09856763,0.10380922
0.03990381,0.04902568,0.05758424,0.06563903,0.07319785,0.08026053,0.08683490,0.09293898,0.09859830,0.10384249
0.03990858,0.04903828,0.05760485,0.06566897,0.07323973,0.08031794,0.08691196,0.09303989,0.09872690,0.10400200
0.03990247,0.04903807,0.05761068,0.06568139,0.07325713,0.08033587,0.08692409,0.09303957,0.09870852,0.10396174
0.03990046,0.04903723,0.05760779,0.06567384,0.07324320,0.08031480,0.08689549,0.09300268,0.09866168,0.10390225
0.03989091,0.04902529,0.05759500,0.06565921,0.07322332,0.08028541,0.08685276,0.09294384,0.09858517,0.10380764
0.03989101,0.04902080,0.05758503,0.06564404,0.07320473,0.08026656,0.08683778,0.09293733,0.09859182,0.10383188
0.03988255,0.04900726,0.05756509,0.06561926,0.07317909,0.08024569,0.08682801,0.09294490,0.09862222,0.10388954
0.03988343,0.04900813,0.05756631,0.06562380,0.07319143,0.08027001,0.08686703,0.09299956,0.09869189,0.10397238
0.03988292,0.04900645,0.05755940,0.06560773,0.07316383,0.08023006,0.08681505,0.09293651,0.09861904,0.10389109
0.03988965,0.04901380,0.05756637,0.06561333,0.07316804,0.08023369,0.08681938,0.09294316,0.09862982,0.10390786
0.03988228,0.04901088,0.05757251,0.06563065,0.07319800,0.08027821,0.08688112,0.09302526,0.09873549,0.10403989
0.03988771,0.04901598,0.05757701,0.06563598,0.07320554,0.08028784,0.08689066,0.09303076,0.09873179,0.10402137
0.03988528,0.04901478,0.05757832,0.06564477,0.07322932,0.08033463,0.08696743,0.09314262,0.09888196,0.10421146
0.03987885,0.04900384,0.05756124,0.06562312,0.07320622,0.08031293,0.08694880,0.09312746,0.09886970,0.10420098
0.03988067,0.04901172,0.05757522,0.06564147,0.07322507,0.08032676,0.08695162,0.09311395,0.09883597,0.10414487
0.03988552,0.04901423,0.05757283,0.06563292,0.07321007,0.08030528,0.08692350,0.09307888,0.09879375,0.10409555
0.03988705,0.04901547,0.05757214,0.06562993,0.07320605,0.08030208,0.08692233,0.09307983,0.09879576,0.10409665
0.03988001,0.04901005,0.05756820,0.06562431,0.07319294,0.08027363,0.08686962,0.09299392,0.09866864,0.10392189
0.03987500,0.04900773,0.05757007,0.06563029,0.07320070,0.08027857,0.08686581,0.09297516,0.09862943,0.10385790
0.03987066,0.04900464,0.05756691,0.06562573,0.07319212,0.08026248,0.08683880,0.09293466,0.09857389,0.10378679
0.03987590,0.04900239,0.05755260,0.06559590,0.07314615,0.08020312,0.08677100,0.09286382,0.09850452,0.10372185
0.03987938,0.04901167,0.05757008,0.06562463,0.07319049,0.08026843,0.08686313,0.09298862,0.09866730,0.10392691
0.03988389,0.04901861,0.05758289,0.06564753,0.07322823,0.08032523,0.08694211,0.09309184,0.09879615,0.10408237
0.03987340,0.04900151,0.05755919,0.06562004,0.07320318,0.08031237,0.08695377,0.09314140,0.09889641,0.10424436
0.03986709,0.04899628,0.05754943,0.06559770,0.07315947,0.08023899,0.08684364,0.09298896,0.09869770,0.10399694
0.03987003,0.04900047,0.05755933,0.06561836,0.07319676,0.08029926,0.08693312,0.09311311,0.09886073,0.10420151
0.03988135,0.04902293,0.05759197,0.06565832,0.07323843,0.08033416,0.08695119,0.09310457,0.09881753,0.10411814
0.03987672,0.04902534,0.05760173,0.06567760,0.07327086,0.08038369,0.08702119,0.09319726,0.09893373,0.10425734
0.03987086,0.04902222,0.05759776,0.06566739,0.07324735,0.08033854,0.08694582,0.09308396,0.09877647,0.10405212
0.03987093,0.04902759,0.05760744,0.06567852,0.07325589,0.08034040,0.08693762,0.09306326,0.09874165,0.10400219
0.03987847,0.04904673,0.05764366,0.06573594,0.07333747,0.08044802,0.08707170,0.09322244,0.09892278,0.10420056
0.03987208,0.04905041,0.05765864,0.06576031,0.07336758,0.08048018,0.08710322,0.09325199,0.09895022,0.10422659
0.03987489,0.04905524,0.05766748,0.06577593,0.07339269,0.08051709,0.08715372,0.09331729,0.09903095,0.10432288
0.03987314,0.04904942,0.05766141,0.06577104,0.07338852,0.08051245,0.08714753,0.09330887,0.09902000,0.10430934
0.03987751,0.04904765,0.05765020,0.06574840,0.07335547,0.08047367,0.08711096,0.09328470,0.09901956,0.10434411
0.03987605,0.04904994,0.05765572,0.06575520,0.07335798,0.08046313,0.08707709,0.09321732,0.09890962,0.10418418
0.03987222,0.04904577,0.05765653,0.06576611,0.07338278,0.08050413,0.08713521,0.09329219,0.09899964,0.10428674
0.03987614,0.04905128,0.05766563,0.06578059,0.07340360,0.08053152,0.08716870,0.09333062,0.09904139,0.10433004
0.03987173,0.04904674,0.05766068,0.06577796,0.07340666,0.08054308,0.08719081,0.09336478,0.09908872,0.10439133
0.03987435,0.04904872,0.05766216,0.06578017,0.07341128,0.08055206,0.08720650,0.09338998,0.09912641,0.10444432
0.03989014,0.04906715,0.05767953,0.06579354,0.07341934,0.08055491,0.08720508,0.09338550,0.09912009,0.10443740
0.03988014,0.04906613,0.05769217,0.06582223,0.07346614,0.08062279,0.08729820,0.09350886,0.09927901,0.10463702
0.03989392,0.04908033,0.05770553,0.06583173,0.07346761,0.08061139,0.08726838,0.09345421,0.09919230,0.10451047
0.03989553,0.04908922,0.05772366,0.06586343,0.07351852,0.08068675,0.08737185,0.09358755,0.09935576,0.10470343
0.03988916,0.04907995,0.05771191,0.06585161,0.07351219,0.08069470,0.08740506,0.09365787,0.09947475,0.10488149
0.03989370,0.04907962,0.05771023,0.06585262,0.07351892,0.08070899,0.08742768,0.09368857,0.09951230,0.10492377
0.03989102,0.04907470,0.05770448,0.06585071,0.07352699,0.08073183,0.08746626,0.09373901,0.09956621,0.10496947
0.03988645,0.04907045,0.05770704,0.06586790,0.07356827,0.08080774,0.08758737,0.09391476,0.09980405,0.10527445
0.03989311,0.04907275,0.05770104,0.06585025,0.07353508,0.08075459,0.08751000,0.09380972,0.09966906,0.10510837
0.03989489,0.04907280,0.05769575,0.06583530,0.07350821,0.08071698,0.08746600,0.09376586,0.09963295,0.10508788
0.03988094,0.04905265,0.05766567,0.06578878,0.07343718,0.08061329,0.08732292,0.09357904,0.09940064,0.10481059
0.03988376,0.04904986,0.05765281,0.06576170,0.07339345,0.08055294,0.08724831,0.09349432,0.09931108,0.10472195
0.03989506,0.04906732,0.05768103,0.06580533,0.07345665,0.08063929,0.08736034,0.09363305,0.09947581,0.10491049
0.03990315,0.04908172,0.05770454,0.06584113,0.07350885,0.08071341,0.08746354,0.09377393,0.09966389,0.10515546
0.03990355,0.04908036,0.05770489,0.06584536,0.07351930,0.08073431,0.08750171,0.09383854,0.09976575,0.10530607
0.03990732,0.04909119,0.05772055,0.06586516,0.07354505,0.08077034,0.08755434,0.09391533,0.09987455,0.10545422
0.03989961,0.04908119,0.05770490,0.06583808,0.07349906,0.08069642,0.08744237,0.09375497,0.09965651,0.10517134
0.03990265,0.04908582,0.05770999,0.06584127,0.07349633,0.08068327,0.08741459,0.09370880,0.09958858,0.10507851
0.03989952,0.04907737,0.05769695,0.06582590,0.07348214,0.08067571,0.08742152,0.09374033,0.09965613,0.10519367
0.03990690,0.04908204,0.05769955,0.06582669,0.07347878,0.08066313,0.08739299,0.09368868,0.09957476,0.10507715
0.03990553,0.04908421,0.05770517,0.06583722,0.07349793,0.08069787,0.08745329,0.09378621,0.09972126,0.10528310
0.03990903,0.04908825,0.05771267,0.06585334,0.07352879,0.08074958,0.08753112,0.09389393,0.09986082,0.10545456
0.03989998,0.04907950,0.05770667,0.06585279,0.07353490,0.08076136,0.08754565,0.09390724,0.09986898,0.10545452
0.03989684,0.04907585,0.05770021,0.06584062,0.07351390,0.08072802,0.08749565,0.09383514,0.09976824,0.10531792
0.03990496,0.04909001,0.05772094,0.06586762,0.07354650,0.08076612,0.08754010,0.09388753,0.09983035,0.10539129
0.03990572,0.04909453,0.05772844,0.06587655,0.07355426,0.08076849,0.08753124,0.09386071,0.09977897,0.10530975
0.03991236,0.04910207,0.05773414,0.06588129,0.07356200,0.08078485,0.08756240,0.09391261,0.09985681,0.10541766
0.03991610,0.04911241,0.05775616,0.06592001,0.07361968,0.08085951,0.08764766,0.09399891,0.09993312,0.10547307
0.03991772,0.04911905,0.05776916,0.06593895,0.07364316,0.08088616,0.08767696,0.09403141,0.09997020,0.10551659
0.03991119,0.04911152,0.05775906,0.06592621,0.07362905,0.08087304,0.08766806,0.09403060,0.09998178,0.10554499
0.03990945,0.04911452,0.05776752,0.06594103,0.07364996,0.08089792,0.08769302,0.09405066,0.09999177,0.10554030
0.03991232,0.04911965,0.05777644,0.06595391,0.07366633,0.08091683,0.08771334,0.09407139,0.10001222,0.10556018
0.03991137,0.04912029,0.05777734,0.06595292,0.07365979,0.08089897,0.08767630,0.09400582,0.09990826,0.10540835
0.03992521,0.04913262,0.05778973,0.06596679,0.07367741,0.08092328,0.08771024,0.09405194,0.09996867,0.10548491
0.03992762,0.04913395,0.05778764,0.06596164,0.07367184,0.08092259,0.08772265,0.09408828,0.10004139,0.10560678
0.03991963,0.04912582,0.05777859,0.06595094,0.07365680,0.08089796,0.08768112,0.09402136,0.09994039,0.10546368
0.03992246,0.04913135,0.05778928,0.06596690,0.07367573,0.08091675,0.08769810,0.09403802,0.09996184,0.10549802
0.03993285,0.04914425,0.05780932,0.06600103,0.07373251,0.08100635,0.08783229,0.09422970,0.10022433,0.10584391
0.03994001,0.04916086,0.05783895,0.06604679,0.07379746,0.08109374,0.08794593,0.09437431,0.10040536,0.10606712
0.03993309,0.04914828,0.05781869,0.06602011,0.07376539,0.08105446,0.08789393,0.09430078,0.10029933,0.10591676
0.03993443,0.04915578,0.05783769,0.06605432,0.07381808,0.08112864,0.08799228,0.09442577,0.10045345,0.10610268
0.03993324,0.04915295,0.05783127,0.06604214,0.07379780,0.08109826,0.08795023,0.09437072,0.10038411,0.10601771
0.03992639,0.04914013,0.05781552,0.06602745,0.07378782,0.08109630,0.08796027,0.09439843,0.10043707,0.10610494
0.03992123,0.04912742,0.05779532,0.06600105,0.07375468,0.08105274,0.08789963,0.09431202,0.10031540,0.10593879
0.03991580,0.04912462,0.05779753,0.06601186,0.07377918,0.08109719,0.08797113,0.09441822,0.10046404,0.10613702
0.03991725,0.04912314,0.05778947,0.06599379,0.07374821,0.08105078,0.08790700,0.09433445,0.10035916,0.10600998
0.03991502,0.04912667,0.05780017,0.06601595,0.07378841,0.08111611,0.08800346,0.09446604,0.10052769,0.10621534
0.03991148,0.04911104,0.05777342,0.06598407,0.07376132,0.08110530,0.08801970,0.09451790,0.10062074,0.10635193
0.03990777,0.04911557,0.05779147,0.06601884,0.07381297,0.08117291,0.08810352,0.09462060,0.10074749,0.10650979
0.03991601,0.04912908,0.05781021,0.06604657,0.07385798,0.08124892,0.08822944,0.09481885,0.10104134,0.10692046
0.03991612,0.04912579,0.05780471,0.06604247,0.07386053,0.08126485,0.08826720,0.09488863,0.10115465,0.10708922
0.03992120,0.04913654,0.05781972,0.06606037,0.07387947,0.08128171,0.08827734,0.09488638,0.10113427,0.10704591
0.03992446,0.04913960,0.05782614,0.06607670,0.07391285,0.08133906,0.08836495,0.09500929,0.10129538,0.10724526
0.03991691,0.04912523,0.05779795,0.06602782,0.07383612,0.08122573,0.08820404,0.09478812,0.10100117,0.10686695
0.03990640,0.04911452,0.05778790,0.06601766,0.07382234,0.08120123,0.08815856,0.09470987,0.10087874,0.10669105
0.03991074,0.04912246,0.05780014,0.06603563,0.07384989,0.08124570,0.08823051,0.09482173,0.10104303,0.10691862
0.03990583,0.04911465,0.05779500,0.06604150,0.07387580,0.08129989,0.08831996,0.09495209,0.10121864,0.10714236
0.03990339,0.04911048,0.05779166,0.06604133,0.07388058,0.08131023,0.08833503,0.09496985,0.10123618,0.10715642
0.03991226,0.04912174,0.05780534,0.06605374,0.07388535,0.08129889,0.08829752,0.09489539,0.10111453,0.10697916
0.03991674,0.04911942,0.05778755,0.06601774,0.07383451,0.08124103,0.08824258,0.09485327,0.10109374,0.10698619
0.03992184,0.04912209,0.05778073,0.06599657,0.07379816,0.08119164,0.08818295,0.09478508,0.10101673,0.10689830
0.03991737,0.04911036,0.05775875,0.06595946,0.07373694,0.08109421,0.08803590,0.09457518,0.10073189,0.10652809
0.03992017,0.04911493,0.05776822,0.06597729,0.07376778,0.08114352,0.08810965,0.09467962,0.10087340,0.10671281
0.03991402,0.04910695,0.05775398,0.06595561,0.07374327,0.08112579,0.08811050,0.09471004,0.10094118,0.10682143
0.03992231,0.04912538,0.05778684,0.06600748,0.07382007,0.08123467,0.08825951,0.09490743,0.10119437,0.10713590
0.03991774,0.04912358,0.05779025,0.06601687,0.07383453,0.08125189,0.08827652,0.09492133,0.10120286,0.10713752
0.03991774,0.04912168,0.05778959,0.06602062,0.07384462,0.08126956,0.08830320,0.09495905,0.10125418,0.10720524
0.03992785,0.04912643,0.05778545,0.06600986,0.07383556,0.08127575,0.08834158,0.09504753,0.10140899,0.10743879
0.03993449,0.04913595,0.05779454,0.06601249,0.07382204,0.08123318,0.08825517,0.09490223,0.10119130,0.10713827
0.03994177,0.04914916,0.05781748,0.06604767,0.07387088,0.08129608,0.08833130,0.09498932,0.10128574,0.10723559
0.03994821,0.04915491,0.05782189,0.06605525,0.07388839,0.08132915,0.08838235,0.09505719,0.10136655,0.10732397
0.03995046,0.04916066,0.05782779,0.06605335,0.07386719,0.08127460,0.08827913,0.09489029,0.10112286,0.10699360
0.03994533,0.04915252,0.05781785,0.06604427,0.07386302,0.08128013,0.08829908,0.09492857,0.10118208,0.10707475
0.03994805,0.04915988,0.05782801,0.06605740,0.07387958,0.08129944,0.08831865,0.09494421,0.10118856,0.10706684
0.03995399,0.04916549,0.05783290,0.06606208,0.07388519,0.08130770,0.08833225,0.09496706,0.10122572,0.10712403
0.03995296,0.04916379,0.05783195,0.06606272,0.07388764,0.08131226,0.08833962,0.09497828,0.10124170,0.10714513
0.03995196,0.04915819,0.05782322,0.06605203,0.07387532,0.08129759,0.08832088,0.09495312,0.10120755,0.10709962
0.03995990,0.04917023,0.05784212,0.06607710,0.07390322,0.08132436,0.08834334,0.09496932,0.10121689,0.10710275
0.03996132,0.04917272,0.05784234,0.06606858,0.07387845,0.08127674,0.08826825,0.09486438,0.10108173,0.10693849
0.03995267,0.04916550,0.05783557,0.06605967,0.07386465,0.08125593,0.08823972,0.09482903,0.10104175,0.10689678
0.03994763,0.04916202,0.05783606,0.06607002,0.07389477,0.08131896,0.08835057,0.09500269,0.10129152,0.10723297
0.03995800,0.04917716,0.05785651,0.06609546,0.07392445,0.08135313,0.08839109,0.09505260,0.10135411,0.10731085
0.03996465,0.04918531,0.05786327,0.06609227,0.07389784,0.08128661,0.08826775,0.09485784,0.10107780,0.10694846
0.03996908,0.04918962,0.05786320,0.06608221,0.07387435,0.08125071,0.08822506,0.09481688,0.10104766,0.10693675
0.03996570,0.04918496,0.05785516,0.06606961,0.07385574,0.08122367,0.08818589,0.09476064,0.10096849,0.10682845
0.03995753,0.04916936,0.05783188,0.06603816,0.07381504,0.08117207,0.08812206,0.09468465,0.10088238,0.10673601
0.03994237,0.04914369,0.05779437,0.06598941,0.07375656,0.08110592,0.08805073,0.09461107,0.10080977,0.10666762
0.03994671,0.04915106,0.05780189,0.06599087,0.07374193,0.08106196,0.08796237,0.09446307,0.10058839,0.10636211
0.03994710,0.04914892,0.05779693,0.06598351,0.07373323,0.08105275,0.08795241,0.09445068,0.10057085,0.10633631
0.03993564,0.04913355,0.05777589,0.06595676,0.07370066,0.08101241,0.08789932,0.09437665,0.10046515,0.10618696
0.03993384,0.04913447,0.05778051,0.06596579,0.07371399,0.08102778,0.08791145,0.09437735,0.10044422,0.10613355
0.03993520,0.04913354,0.05777961,0.06596815,0.07372383,0.08105045,0.08795310,0.09444440,0.10054280,0.10626906
0.03994038,0.04913688,0.05777945,0.06596279,0.07371070,0.08102512,0.08790907,0.09437368,0.10043700,0.10612051
0.03995153,0.04915404,0.05780095,0.06598488,0.07372940,0.08103737,0.08791283,0.09436749,0.10041946,0.10608989
0.03993886,0.04913968,0.05778728,0.06597226,0.07371714,0.08102479,0.08790001,0.09435538,0.10040967,0.10608426
0.03994476,0.04914028,0.05778520,0.06597318,0.07372712,0.08104838,0.08793942,0.09441057,0.10047886,0.10616464
0.03995027,0.04914856,0.05780415,0.06601154,0.07379396,0.08115258,0.08808936,0.09461391,0.10074217,0.10649296
0.03994602,0.04915337,0.05781678,0.06602915,0.07381124,0.08116160,0.08807972,0.09457351,0.10065848,0.10635450
0.03993699,0.04913375,0.05778337,0.06597967,0.07374579,0.08108334,0.08799404,0.09448658,0.10057604,0.10628119
0.03994110,0.04914994,0.05781670,0.06603581,0.07382956,0.08119761,0.08813942,0.09466169,0.10077816,0.10650696
0.03993947,0.04915213,0.05782338,0.06604805,0.07384767,0.08122061,0.08816502,0.09468661,0.10079871,0.10651960
0.03994225,0.04915090,0.05781454,0.06602689,0.07381092,0.08116820,0.08810033,0.09461580,0.10072942,0.10645975
0.03994911,0.04915843,0.05782103,0.06602537,0.07378899,0.08110977,0.08798785,0.09443218,0.10045954,0.10609148
0.03994923,0.04915579,0.05781585,0.06602043,0.07378853,0.08111869,0.08801102,0.09447380,0.10052273,0.10617811
0.03994395,0.04915137,0.05781616,0.06603007,0.07381371,0.08116680,0.08808966,0.09458948,0.10068008,0.10637950
0.03994541,0.04915599,0.05782520,0.06604504,0.07383709,0.08120219,0.08814136,0.09466180,0.10077654,0.10650236
0.03994331,0.04915152,0.05781387,0.06602109,0.07379244,0.08112674,0.08802398,0.09449161,0.10054420,0.10620100
0.03994310,0.04915417,0.05782128,0.06603458,0.07381294,0.08115450,0.08805806,0.09452944,0.10058150,0.10623203
0.03994163,0.04915260,0.05781561,0.06602045,0.07378710,0.08111484,0.08800285,0.09445681,0.10048940,0.10611854
0.03993957,0.04915097,0.05781388,0.06601962,0.07378949,0.08112368,0.08802190,0.09448992,0.10054000,0.10618916
0.03993977,0.04915402,0.05781775,0.06602138,0.07378523,0.08111030,0.08799887,0.09446006,0.10050913,0.10616502
0.03993638,0.04914893,0.05781247,0.06601521,0.07377461,0.08108891,0.08795873,0.09439308,0.10040841,0.10602571
0.03993951,0.04914510,0.05779841,0.06599096,0.07374375,0.08105801,0.08793619,0.09438786,0.10042893,0.10607914
0.03993729,0.04915161,0.05781227,0.06601018,0.07376596,0.08108120,0.08795883,0.09440858,0.10044634,0.10609176
0.03994204,0.04916086,0.05782414,0.06602495,0.07378579,0.08110943,0.08799919,0.09446445,0.10052026,0.10618522
0.03993236,0.04915037,0.05781806,0.06602745,0.07379895,0.08113318,0.08803207,0.09450448,0.10056555,0.10623440
0.03994395,0.04915922,0.05782404,0.06603361,0.07380927,0.08115007,0.08805463,0.09452791,0.10058169,0.10623285
0.03994957,0.04916551,0.05783075,0.06604159,0.07382004,0.08116496,0.08807402,0.09455094,0.10060628,0.10625606
0.03994550,0.04916025,0.05782657,0.06604169,0.07382753,0.08118271,0.08810507,0.09459864,0.10067412,0.10634730
0.03994350,0.04916398,0.05784199,0.06607570,0.07388569,0.08126801,0.08821752,0.09473570,0.10083149,0.10651978
0.03995236,0.04917581,0.05785396,0.06608607,0.07389415,0.08127513,0.08822413,0.09474245,0.10083855,0.10652676
0.03995610,0.04918725,0.05787454,0.06611730,0.07393844,0.08133576,0.08830465,0.09484590,0.10096701,0.10668110
0.03996461,0.04919770,0.05788610,0.06613068,0.07395648,0.08136259,0.08834440,0.09490174,0.10104078,0.10677347
0.03996301,0.04919625,0.05788322,0.06612249,0.07393687,0.08132454,0.08828125,0.09480804,0.10091261,0.10660845
0.03996178,0.04920111,0.05789237,0.06613317,0.07394576,0.08132769,0.08827418,0.09478620,0.10087194,0.10654582
0.03996111,0.04919905,0.05788763,0.06612620,0.07393980,0.08132843,0.08828871,0.09482160,0.10093429,0.10663960
0.03996476,0.04920087,0.05788421,0.06611196,0.07390437,0.08125740,0.08816604,0.09463227,0.10066610,0.10628397
0.03997295,0.04920881,0.05788643,0.06610348,0.07388169,0.08121846,0.08811015,0.09456009,0.10057935,0.10618506
0.03996961,0.04920640,0.05788306,0.06609944,0.07387863,0.08121727,0.08810961,0.09455677,0.10056842,0.10616129
0.03997196,0.04920747,0.05788813,0.06611435,0.07390850,0.08126594,0.08817971,0.09465012,0.10068635,0.10630477
0.03997329,0.04920803,0.05788706,0.06611123,0.07390283,0.08125626,0.08816323,0.09462306,0.10064466,0.10624488
0.03997938,0.04921562,0.05788975,0.06610470,0.07388596,0.08123094,0.08813343,0.09459356,0.10062000,0.10622877
0.03997069,0.04920717,0.05788158,0.06609795,0.07388418,0.08123925,0.08815765,0.09463966,0.10069379,0.10633555
0.03998175,0.04922028,0.05789573,0.06611270,0.07389799,0.08124838,0.08815609,0.09461996,0.10064820,0.10625694
0.03997072,0.04920737,0.05787960,0.06608949,0.07386288,0.08119693,0.08808531,0.09452875,0.10053708,0.10612755
0.03995616,0.04918917,0.05785613,0.06605426,0.07380527,0.08110496,0.08794825,0.09433878,0.10028979,0.10582172
0.03995902,0.04919237,0.05786105,0.06606427,0.07382456,0.08113747,0.08799698,0.09440538,0.10037451,0.10592362
0.03995690,0.04919304,0.05786496,0.06607011,0.07382798,0.08113158,0.08797400,0.09435816,0.10029755,0.10581334
0.03995466,0.04920423,0.05789316,0.06611740,0.07389363,0.08121163,0.08806207,0.09444675,0.10037911,0.10588102
0.03995452,0.04920383,0.05789242,0.06611767,0.07389608,0.08121692,0.08807054,0.09445865,0.10039476,0.10590076
0.03995691,0.04920344,0.05788857,0.06611309,0.07389546,0.08122534,0.08809230,0.09449669,0.10045056,0.10597462
0.03995561,0.04919987,0.05788800,0.06612313,0.07392483,0.08128180,0.08818101,0.09461960,0.10060675,0.10616119
0.03995641,0.04919520,0.05787626,0.06610491,0.07390124,0.08125329,0.08814693,0.09457848,0.10055679,0.10610075
0.03995885,0.04919970,0.05788476,0.06612334,0.07393911,0.08132262,0.08826060,0.09474845,0.10079272,0.10640930
0.03996576,0.04920481,0.05788549,0.06611569,0.07391939,0.08128853,0.08821174,0.09468630,0.10072017,0.10632997
0.03996105,0.04919856,0.05787154,0.06608742,0.07387390,0.08122783,0.08814153,0.09461378,0.10065217,0.10627179
0.03996933,0.04920676,0.05787914,0.06609429,0.07387959,0.08123128,0.08814127,0.09460818,0.10063967,0.10625097
0.03997743,0.04921405,0.05788589,0.06610234,0.07389314,0.08125651,0.08818509,0.09467693,0.10073828,0.10638262
0.03996797,0.04919625,0.05785332,0.06605227,0.07382668,0.08117760,0.08809916,0.09458978,0.10065539,0.10630883
0.03997129,0.04920733,0.05787262,0.06607736,0.07385383,0.08120351,0.08812188,0.09460888,0.10067169,0.10632402
0.03997327,0.04920951,0.05787933,0.06609051,0.07387248,0.08122399,0.08813830,0.09461415,0.10065875,0.10628685
0.03996659,0.04919741,0.05786033,0.06606098,0.07382841,0.08116359,0.08806309,0.09452844,0.10056824,0.10619738
0.03997138,0.04920778,0.05787707,0.06608487,0.07385845,0.08119724,0.08809711,0.09455967,0.10059404,0.10621571
0.03996816,0.04920883,0.05788247,0.06609709,0.07388099,0.08123336,0.08814899,0.09462810,0.10067846,0.10631450
0.03996844,0.04921240,0.05788810,0.06610231,0.07388230,0.08122819,0.08813698,0.09461107,0.10065960,0.10629741
0.03997092,0.04921541,0.05789110,0.06610863,0.07389782,0.08125934,0.08818918,0.09468784,0.10076236,0.10642575
0.03997761,0.04922155,0.05789571,0.06611353,0.07390844,0.08128420,0.08823870,0.09477275,0.10089236,0.10660861
0.03997465,0.04922219,0.05789841,0.06611658,0.07391111,0.08128678,0.08824178,0.09477674,0.10089740,0.10661469
0.03997373,0.04921739,0.05788660,0.06609591,0.07388186,0.08125097,0.08820226,0.09473655,0.10085937,0.10658133
0.03997564,0.04922394,0.05789514,0.06610533,0.07389221,0.08126351,0.08821941,0.09476167,0.10089648,0.10663479
0.03998049,0.04923467,0.05790671,0.06611276,0.07389139,0.08125065,0.08819014,0.09471052,0.10081716,0.10652086
0.03998200,0.04924108,0.05791632,0.06612086,0.07388940,0.08122746,0.08813428,0.09461230,0.10066988,0.10632120
0.03998798,0.04925507,0.05793589,0.06614187,0.07391050,0.08125219,0.08817058,0.09467056,0.10076085,0.10645437
0.03998357,0.04925752,0.05794499,0.06615800,0.07393675,0.08129510,0.08823891,0.09477309,0.10090455,0.10664345
0.03998537,0.04926455,0.05796079,0.06618548,0.07397865,0.08135361,0.08831562,0.09486918,0.10102092,0.10678077
0.03998224,0.04926030,0.05795713,0.06618594,0.07398717,0.08137462,0.08835430,0.09493157,0.10111372,0.10691087
0.03997648,0.04925142,0.05794229,0.06616437,0.07395963,0.08134370,0.08832495,0.09491115,0.10111152,0.10693725
0.03997383,0.04924223,0.05792592,0.06614373,0.07394189,0.08134087,0.08835343,0.09499022,0.10126116,0.10717598
0.03997213,0.04923807,0.05791693,0.06613243,0.07393664,0.08135484,0.08840294,0.09509299,0.10143472,0.10743631
0.03995790,0.04922428,0.05790740,0.06613330,0.07395402,0.08139174,0.08845714,0.09515660,0.10149505,0.10747768
0.03995517,0.04922244,0.05790906,0.06614406,0.07398119,0.08144342,0.08854161,0.09528154,0.10166678,0.10770056
0.03994742,0.04921060,0.05789759,0.06613549,0.07397363,0.08143023,0.08851284,0.09522645,0.10157624,0.10756863
0.03995338,0.04921828,0.05790938,0.06615722,0.07401263,0.08149533,0.08861526,0.09538037,0.10179845,0.10787741
0.03994771,0.04920754,0.05789015,0.06612729,0.07397091,0.08144264,0.08855460,0.09531637,0.10173661,0.10782336
0.03994840,0.04920525,0.05787877,0.06610011,0.07392497,0.08138018,0.08848220,0.09524276,0.10167013,0.10777010
0.03995562,0.04921486,0.05788708,0.06610250,0.07391632,0.08135466,0.08843312,0.09516290,0.10155249,0.10760862
0.03994220,0.04919770,0.05786619,0.06607710,0.07388627,0.08132170,0.08840144,0.09513873,0.10154298,0.10762061
0.03995377,0.04921237,0.05788563,0.06610192,0.07391861,0.08136522,0.08845966,0.09521333,0.10163297,0.10772233
0.03995190,0.04920855,0.05788006,0.06609484,0.07391081,0.08135917,0.08846038,0.09522846,0.10167211,0.10779596
0.03995071,0.04920966,0.05788280,0.06609677,0.07390768,0.08134497,0.08842774,0.09516953,0.10157967,0.10766434
0.03995893,0.04922444,0.05790678,0.06613322,0.07396090,0.08142134,0.08853648,0.09532276,0.10179137,0.10794869
0.03995020,0.04921345,0.05789072,0.06611140,0.07393768,0.08140772,0.08855010,0.09538623,0.10192929,0.10818430
0.03995089,0.04921246,0.05788837,0.06610873,0.07393211,0.08139019,0.08850499,0.09529356,0.10176812,0.10793598
0.03995944,0.04922911,0.05791687,0.06615845,0.07401984,0.08153884,0.08874118,0.09564489,0.10226024,0.10858990
0.03996394,0.04923340,0.05792478,0.06617670,0.07405852,0.08161144,0.08886370,0.09583381,0.10253005,0.10895093
0.03996726,0.04923777,0.05793141,0.06618818,0.07407860,0.08164392,0.08891141,0.09589800,0.10261035,0.10904576
0.03997564,0.04925078,0.05794776,0.06620364,0.07408509,0.08163032,0.08886578,0.09581026,0.10247416,0.10885912
0.03996444,0.04923575,0.05792790,0.06617579,0.07404436,0.08157225,0.08878837,0.09571508,0.10236617,0.10874548
0.03995913,0.04923533,0.05792817,0.06617134,0.07403071,0.08154873,0.08875990,0.09569193,0.10236216,0.10877528
0.03996272,0.04925107,0.05795951,0.06621798,0.07409307,0.08163065,0.08886922,0.09583935,0.10255905,0.10903129
0.03996646,0.04925882,0.05797043,0.06622575,0.07408520,0.08158916,0.08877296,0.09566708,0.10229253,0.10865744
0.03996796,0.04926668,0.05798989,0.06626393,0.07415133,0.08169541,0.08893530,0.09590525,0.10262836,0.10911203
0.03996077,0.04926051,0.05798727,0.06627189,0.07418143,0.08176439,0.08906544,0.09612318,0.10296173,0.10958491
0.03996638,0.04926850,0.05800077,0.06629035,0.07419976,0.08177196,0.08904529,0.09605315,0.10281814,0.10934737
0.03996890,0.04927270,0.05800782,0.06630224,0.07421990,0.08180448,0.08909349,0.09611790,0.10289688,0.10943423
0.03997236,0.04927549,0.05801020,0.06630445,0.07422300,0.08181027,0.08910467,0.09613831,0.10293134,0.10948781
0.03997666,0.04928010,0.05801227,0.06630086,0.07421065,0.08178501,0.08906008,0.09606561,0.10282080,0.10933089
0.03996927,0.04927037,0.05799574,0.06627237,0.07416617,0.08172183,0.08897583,0.09595719,0.10268400,0.10916092
0.03996471,0.04926424,0.05798478,0.06625168,0.07413136,0.08167064,0.08890836,0.09587522,0.10258984,0.10905642
0.03997145,0.04927067,0.05799136,0.06625508,0.07412253,0.08163456,0.08882580,0.09572594,0.10235626,0.10872650
0.03996906,0.04926614,0.05798894,0.06625813,0.07413128,0.08164466,0.08882793,0.09570676,0.10230048,0.10861945
0.03996260,0.04925273,0.05796162,0.06621462,0.07407714,0.08159292,0.08879568,0.09571057,0.10235228,0.10872416
0.03997105,0.04926572,0.05797354,0.06621923,0.07406972,0.08157121,0.08875948,0.09566056,0.10228882,0.10864649
0.03998354,0.04928257,0.05799390,0.06624406,0.07410134,0.08161171,0.08880961,0.09571920,0.10235330,0.10871332
0.03998745,0.04929274,0.05801873,0.06629439,0.07418957,0.08175226,0.08901915,0.09601563,0.10275326,0.10922949
0.03999410,0.04930728,0.05804400,0.06633186,0.07424170,0.08182267,0.08911156,0.09613282,0.10289655,0.10939869
0.03999594,0.04930606,0.05803602,0.06631167,0.07420327,0.08176045,0.08902089,0.09600988,0.10273815,0.10920231
0.04001204,0.04932553,0.05805454,0.06632174,0.07419365,0.08171718,0.08892942,0.09585736,0.10251520,0.10890381
0.04001155,0.04932153,0.05804839,0.06631524,0.07419064,0.08172346,0.08895181,0.09590255,0.10258881,0.10900978
0.04000750,0.04931370,0.05803526,0.06629609,0.07416565,0.08169385,0.08891938,0.09586927,0.10255663,0.10898074
0.04001255,0.04932070,0.05804245,0.06630321,0.07417812,0.08172527,0.08899198,0.09601148,0.10279828,0.10934761
0.04000520,0.04931523,0.05804334,0.06631506,0.07420412,0.08176605,0.08904546,0.09607346,0.10286351,0.10941080
0.04000232,0.04931380,0.05803990,0.06630512,0.07418233,0.08172602,0.08897934,0.09597161,0.10271485,0.10920410
0.03999463,0.04929897,0.05801647,0.06627588,0.07415583,0.08171654,0.08900469,0.09604952,0.10285906,0.10942173
0.03999814,0.04930804,0.05802970,0.06629156,0.07416945,0.08171792,0.08897645,0.09596834,0.10269974,0.10916209
0.04000369,0.04931575,0.05803848,0.06630206,0.07418609,0.08174992,0.08903782,0.09607635,0.10287216,0.10941418
0.04001401,0.04933509,0.05806706,0.06633672,0.07422114,0.08177792,0.08905094,0.09606812,0.10283893,0.10935570
0.04001420,0.04933715,0.05806479,0.06632137,0.07418262,0.08170611,0.08893718,0.09590635,0.10262635,0.10909264
0.04002050,0.04933616,0.05805207,0.06629656,0.07414838,0.08166574,0.08889250,0.09585693,0.10256974,0.10902526
0.04001256,0.04933359,0.05805937,0.06631483,0.07417372,0.08168787,0.08889507,0.09582027,0.10247501,0.10885851
0.04001534,0.04934370,0.05807452,0.06633439,0.07419690,0.08171380,0.08892456,0.09585764,0.10252888,0.10894092
0.04001537,0.04934157,0.05806860,0.06632357,0.07417977,0.08168752,0.08888411,0.09579609,0.10243867,0.10881551
0.04001526,0.04934114,0.05806826,0.06632428,0.07418585,0.08170887,0.08893676,0.09590040,0.10261582,0.10908353
0.04002908,0.04935533,0.05808301,0.06633562,0.07418559,0.08168594,0.08887889,0.09579590,0.10245498,0.10885968
0.04002256,0.04935217,0.05808577,0.06634622,0.07420346,0.08170724,0.08889625,0.09579861,0.10242999,0.10879326
0.04002911,0.04937059,0.05811785,0.06639136,0.07425976,0.08177261,0.08896898,0.09587711,0.10251222,0.10887623
0.04003007,0.04936770,0.05810596,0.06636486,0.07421566,0.08171274,0.08890050,0.09581126,0.10246154,0.10885178
0.04003369,0.04937736,0.05812147,0.06638485,0.07423855,0.08173595,0.08891902,0.09581695,0.10244391,0.10879969
0.04003421,0.04938033,0.05812953,0.06640260,0.07426974,0.08178081,0.08897283,0.09587030,0.10248439,0.10881434
0.04004522,0.04940045,0.05815666,0.06643564,0.07431085,0.08183694,0.08905658,0.09599930,0.10267882,0.10909332
0.04004596,0.04940334,0.05817046,0.06647300,0.07438763,0.08197170,0.08926923,0.09630838,0.10309837,0.10963067
0.04004432,0.04940674,0.05818013,0.06648780,0.07440717,0.08199863,0.08930994,0.09637199,0.10319457,0.10976742
0.04004806,0.04940494,0.05816703,0.06645207,0.07433754,0.08188909,0.08916213,0.09619427,0.10299874,0.10956497
0.04004556,0.04940006,0.05815991,0.06644285,0.07432502,0.08187003,0.08913137,0.09614580,0.10292720,0.10946693
0.04005165,0.04940693,0.05816990,0.06645682,0.07434391,0.08189676,0.08917224,0.09621076,0.10302863,0.10961739
0.04005166,0.04940267,0.05815455,0.06642009,0.07427177,0.08177213,0.08897680,0.09592801,0.10264729,0.10913366
0.04005726,0.04940795,0.05815543,0.06641475,0.07425960,0.08175292,0.08895017,0.09589290,0.10260192,0.10907565
0.04006095,0.04940722,0.05815124,0.06640598,0.07424204,0.08171907,0.08889022,0.09579673,0.10246138,0.10888629
0.04005168,0.04939579,0.05813883,0.06639838,0.07424957,0.08175588,0.08897254,0.09594013,0.10267764,0.10918125
0.04004986,0.04939098,0.05813300,0.06639668,0.07426446,0.08181065,0.08910106,0.09618172,0.10306881,0.10974791
0.04004698,0.04938274,0.05812130,0.06638404,0.07425595,0.08181512,0.08913100,0.09625143,0.10319148,0.10993298
0.04003586,0.04937444,0.05811560,0.06638021,0.07425254,0.08181010,0.08912211,0.09623678,0.10317006,0.10990495
0.04002954,0.04937030,0.05811623,0.06638888,0.07427196,0.08184172,0.08916606,0.09629232,0.10323629,0.10998128
0.04002832,0.04937200,0.05812022,0.06639403,0.07427597,0.08184113,0.08915703,0.09627163,0.10320224,0.10993393
0.04002691,0.04937255,0.05812364,0.06640051,0.07428605,0.08185631,0.08918048,0.09630890,0.10326119,0.11002365
0.04003423,0.04937893,0.05812967,0.06640160,0.07427072,0.08180521,0.08906756,0.09610544,0.10294181,0.10957183
0.04003351,0.04938246,0.05813825,0.06641579,0.07429510,0.08185226,0.08915869,0.09626818,0.10320364,0.10995348
0.04003425,0.04938750,0.05814779,0.06642673,0.07429801,0.08182991,0.08908670,0.09611843,0.10294985,0.10957678
0.04002275,0.04937436,0.05813354,0.06640508,0.07425682,0.08175281,0.08895490,0.09591331,0.10265605,0.10918476
0.04001386,0.04936444,0.05812234,0.06638719,0.07422024,0.08167804,0.08881577,0.09568006,0.10230029,0.10868452
0.04002503,0.04937830,0.05814484,0.06642375,0.07427561,0.08175718,0.08892520,0.09582843,0.10249747,0.10893966
0.04002596,0.04937686,0.05813707,0.06640296,0.07423458,0.08168859,0.08882094,0.09567932,0.10229409,0.10867391
0.04001384,0.04936766,0.05813044,0.06639414,0.07421446,0.08164296,0.08873086,0.09552300,0.10205019,0.10832511
0.04001718,0.04937478,0.05814579,0.06641873,0.07424522,0.08167397,0.08875549,0.09553625,0.10205034,0.10831406
0.04001929,0.04938235,0.05815773,0.06643271,0.07425825,0.08168293,0.08875778,0.09553047,0.10203660,0.10829389
0.04002289,0.04938527,0.05816020,0.06643358,0.07425577,0.08167601,0.08874762,0.09552154,0.10203650,0.10831202
0.04002774,0.04939089,0.05816682,0.06644126,0.07426303,0.08167986,0.08874414,0.09550666,0.10200672,0.10826511
0.04003070,0.04939998,0.05818554,0.06647404,0.07431559,0.08175862,0.08885495,0.09565337,0.10219026,0.10848333
0.04004040,0.04941623,0.05820193,0.06648285,0.07430839,0.08172591,0.08878549,0.09553431,0.10200836,0.10822693
0.04005019,0.04943673,0.05823187,0.06652304,0.07436170,0.08179853,0.08888818,0.09568208,0.10221835,0.10851511
0.04005517,0.04943671,0.05822178,0.06649725,0.07431315,0.08171823,0.08876494,0.09550312,0.10197069,0.10818764
0.04006032,0.04944412,0.05823653,0.06652511,0.07436167,0.08179721,0.08888646,0.09568065,0.10221729,0.10851363
0.04006041,0.04944692,0.05824907,0.06655884,0.07443290,0.08192613,0.08909486,0.09598878,0.10264049,0.10905993
0.04006764,0.04945356,0.05825010,0.06654990,0.07440821,0.08187628,0.08900567,0.09584201,0.10241645,0.10874094
0.04007900,0.04946488,0.05826428,0.06656799,0.07442761,0.08189053,0.08900585,0.09581890,0.10236263,0.10865218
0.04007709,0.04946166,0.05826560,0.06658200,0.07446336,0.08195603,0.08910627,0.09595558,0.10253290,0.10885019
0.04008909,0.04948446,0.05829702,0.06661678,0.07449281,0.08196820,0.08908695,0.09589003,0.10240818,0.10865728
0.04007524,0.04946782,0.05827990,0.06660215,0.07448412,0.08197048,0.08910761,0.09593840,0.10249407,0.10878902
0.04007606,0.04946403,0.05827125,0.06658305,0.07444473,0.08189849,0.08898975,0.09576186,0.10224781,0.10846499
0.04007712,0.04946532,0.05827575,0.06659371,0.07446435,0.08193034,0.08903806,0.09583167,0.10234440,0.10859309
0.04007591,0.04946277,0.05826780,0.06657360,0.07442459,0.08186398,0.08893929,0.09569615,0.10216962,0.10837879
0.04007358,0.04945973,0.05826534,0.06657123,0.07441824,0.08184445,0.08889158,0.09560042,0.10200395,0.10812279
0.04008331,0.04946926,0.05827611,0.06658549,0.07443881,0.08187402,0.08893169,0.09565084,0.10206270,0.10818678
0.04008030,0.04946665,0.05827542,0.06659411,0.07447358,0.08196195,0.08910763,0.09595273,0.10252569,0.10883783
0.04008144,0.04946162,0.05826133,0.06656703,0.07442943,0.08189704,0.08901897,0.09583837,0.10238483,0.10867076
0.04008578,0.04946768,0.05826985,0.06657541,0.07443375,0.08189450,0.08900971,0.09582590,0.10237507,0.10867020
0.04009054,0.04947491,0.05827940,0.06658613,0.07444323,0.08189848,0.08900227,0.09580049,0.10232588,0.10859325
0.04009375,0.04947882,0.05828435,0.06659186,0.07444937,0.08190460,0.08900784,0.09580479,0.10232765,0.10859038
0.04009436,0.04948265,0.05829185,0.06660333,0.07446581,0.08192782,0.08904019,0.09584866,0.10238513,0.10866295
0.04009779,0.04948586,0.05829783,0.06661409,0.07448242,0.08194999,0.08906571,0.09587351,0.10240416,0.10867110
0.04009283,0.04947860,0.05828531,0.06658814,0.07443037,0.08185624,0.08891356,0.09564699,0.10208999,0.10826023
0.04007951,0.04945458,0.05825548,0.06655682,0.07439916,0.08182350,0.08887496,0.09559700,0.10202375,0.10817524
0.04008857,0.04946726,0.05828006,0.06659791,0.07445419,0.08188211,0.08892061,0.09560988,0.10198422,0.10806681
0.04008736,0.04946234,0.05827158,0.06658574,0.07443918,0.08186744,0.08891210,0.09561543,0.10201274,0.10812705
0.04008087,0.04944759,0.05824556,0.06654544,0.07438223,0.08179177,0.08881524,0.09549415,0.10186318,0.10794526
0.04006818,0.04943230,0.05823378,0.06654281,0.07439200,0.08181381,0.08884606,0.09552737,0.10189033,0.10795673
0.04006706,0.04943140,0.05823221,0.06653883,0.07438392,0.08179940,0.08882205,0.09548946,0.10183359,0.10787609
0.04007162,0.04943416,0.05823223,0.06653516,0.07437651,0.08179021,0.08881563,0.09549257,0.10185407,0.10792155
0.04007444,0.04944120,0.05824404,0.06655168,0.07439806,0.08181949,0.08885944,0.09556222,0.10196397,0.10808647
0.04006923,0.04943605,0.05824176,0.06655854,0.07442194,0.08186833,0.08893984,0.09567815,0.10211605,0.10827214
0.04006624,0.04942956,0.05823192,0.06654726,0.07441098,0.08185734,0.08892504,0.09565236,0.10207005,0.10819673
0.04006127,0.04942078,0.05821553,0.06651905,0.07436692,0.08179390,0.08883868,0.09553890,0.10192444,0.10801351
0.04007069,0.04943538,0.05823429,0.06653985,0.07438840,0.08181645,0.08886444,0.09557103,0.10196631,0.10806797
0.04008448,0.04945635,0.05826118,0.06656528,0.07439882,0.08179287,0.08878419,0.09541022,0.10170276,0.10768410
0.04009469,0.04947211,0.05828315,0.06659215,0.07442957,0.08182839,0.08882773,0.09546685,0.10177835,0.10778427
0.04009106,0.04947701,0.05829830,0.06662035,0.07447682,0.08190476,0.08894680,0.09564404,0.10202850,0.10811928
0.04009295,0.04948940,0.05832551,0.06666416,0.07453546,0.08197234,0.08901281,0.09569337,0.10204246,0.10807758
0.04009346,0.04948898,0.05832375,0.06665767,0.07451834,0.08193652,0.08894855,0.09559014,0.10189010,0.10786748
0.04008766,0.04948414,0.05832439,0.06667053,0.07455185,0.08199951,0.08904881,0.09573337,0.10207940,0.10810337
0.04008672,0.04948559,0.05833408,0.06669932,0.07461307,0.08210579,0.08920921,0.09595154,0.10235323,0.10842599
0.04008052,0.04947612,0.05832210,0.06668463,0.07459648,0.08208977,0.08919773,0.09594959,0.10236622,0.10845905
0.04008063,0.04947737,0.05832605,0.06669004,0.07459973,0.08208568,0.08918020,0.09591212,0.10230252,0.10836365
0.04008402,0.04947702,0.05832181,0.06668542,0.07460323,0.08211202,0.08924947,0.09604693,0.10252408,0.10868837
0.04008161,0.04947416,0.05831804,0.06667892,0.07459190,0.08209349,0.08922068,0.09600412,0.10246344,0.10860681
0.04007695,0.04946550,0.05830409,0.06665787,0.07456122,0.08204907,0.08915609,0.09591067,0.10233120,0.10842632
0.04007451,0.04946167,0.05829609,0.06664033,0.07452700,0.08199100,0.08906828,0.09578897,0.10217318,0.10823100
0.04007674,0.04946272,0.05829338,0.06662645,0.07449134,0.08192165,0.08895369,0.09561921,0.10194070,0.10793106
0.04007849,0.04946566,0.05829388,0.06661967,0.07447219,0.08188572,0.08889805,0.09554297,0.10184510,0.10781912
0.04007761,0.04946342,0.05828704,0.06659894,0.07442437,0.08179600,0.08875248,0.09533049,0.10155895,0.10745732
0.04007631,0.04946090,0.05828304,0.06659358,0.07441912,0.08179354,0.08875518,0.09533883,0.10157072,0.10746785
0.04008184,0.04946260,0.05828317,0.06659733,0.07443061,0.08181403,0.08878309,0.09537090,0.10160353,0.10749904
0.04008598,0.04947168,0.05829984,0.06662352,0.07446980,0.08187216,0.08886854,0.09549358,0.10177359,0.10772552
0.04008527,0.04946851,0.05829955,0.06663063,0.07448713,0.08190060,0.08890734,0.09554104,0.10182776,0.10778484
0.04008151,0.04945869,0.05828338,0.06661339,0.07447730,0.08190782,0.08894056,0.09560698,0.10193012,0.10792418
0.04008187,0.04946434,0.05830170,0.06665274,0.07454669,0.08201704,0.08909983,0.09582620,0.10221797,0.10828750
0.04006719,0.04945431,0.05830269,0.06666966,0.07458334,0.08207635,0.08918400,0.09593649,0.10235441,0.10844877
0.04007191,0.04946237,0.05831613,0.06669205,0.07462091,0.08213874,0.08928405,0.09608897,0.10257401,0.10874810
0.04007509,0.04946803,0.05832341,0.06669946,0.07462814,0.08214629,0.08929248,0.09609832,0.10258363,0.10875666
0.04007378,0.04946329,0.05831285,0.06668117,0.07460009,0.08210673,0.08924067,0.09603485,0.10250999,0.10867446
0.04007590,0.04946764,0.05831702,0.06668585,0.07461067,0.08213310,0.08929628,0.09613525,0.10267095,0.10891000
0.04007651,0.04946625,0.05831165,0.06667675,0.07460219,0.08213491,0.08932295,0.09620409,0.10279891,0.10911094
0.04007490,0.04947327,0.05832542,0.06669372,0.07461751,0.08214239,0.08931490,0.09617145,0.10273203,0.10900071
0.04006670,0.04946827,0.05832730,0.06670569,0.07463962,0.08217030,0.08933969,0.09618065,0.10271143,0.10893658
0.04006326,0.04946181,0.05832149,0.06670561,0.07465095,0.08219857,0.08938921,0.09625329,0.10280595,0.10904874
0.04005788,0.04945407,0.05831041,0.06669149,0.07463660,0.08218924,0.08939123,0.09627199,0.10284394,0.10910523
0.04005192,0.04943712,0.05828269,0.06665163,0.07458192,0.08211615,0.08929544,0.09614881,0.10268880,0.10891428
0.04005174,0.04943121,0.05827053,0.06663042,0.07454429,0.08204930,0.08918257,0.09597221,0.10243327,0.10856952
0.04005427,0.04943030,0.05826115,0.06660687,0.07450093,0.08198159,0.08908786,0.09585001,0.10228503,0.10839798
0.04005092,0.04942772,0.05825622,0.06659406,0.07447310,0.08193200,0.08901153,0.09574416,0.10214872,0.10823159
0.04005949,0.04944351,0.05828460,0.06664262,0.07455176,0.08205275,0.08918705,0.09598577,0.10246458,0.10862587
0.04005299,0.04944252,0.05829263,0.06666073,0.07457826,0.08208382,0.08921743,0.09600961,0.10247634,0.10862097
0.04005977,0.04944089,0.05828416,0.06665255,0.07458229,0.08211484,0.08929063,0.09613789,0.10266831,0.10888021
0.04005934,0.04944333,0.05829300,0.06667353,0.07462180,0.08217948,0.08938688,0.09627150,0.10284343,0.10909880
0.04004964,0.04943742,0.05829540,0.06669446,0.07467713,0.08228908,0.08957255,0.09655445,0.10324172,0.10962542
0.04005005,0.04943958,0.05829986,0.06669885,0.07467827,0.08228498,0.08956360,0.09654340,0.10323275,0.10962283
0.04004356,0.04942921,0.05828260,0.06667033,0.07463433,0.08222236,0.08948028,0.09643910,0.10310938,0.10948457
0.04003957,0.04941906,0.05826087,0.06663055,0.07456947,0.08212543,0.08934566,0.09626381,0.10289338,0.10923015
0.04004087,0.04941998,0.05826197,0.06662950,0.07455961,0.08209573,0.08928216,0.09615190,0.10272015,0.10898620
0.04003552,0.04941489,0.05825735,0.06662308,0.07454436,0.08206016,0.08921172,0.09603084,0.10253372,0.10872255
0.04004290,0.04942683,0.05827722,0.06665616,0.07459840,0.08214605,0.08934314,0.09622286,0.10280075,0.10907630
0.04004669,0.04943021,0.05827861,0.06665386,0.07458864,0.08212155,0.08929308,0.09613438,0.10266124,0.10887558
0.04004600,0.04943853,0.05830250,0.06670316,0.07467384,0.08225251,0.08947853,0.09638146,0.10297496,0.10925841
0.04004573,0.04943814,0.05829945,0.06669300,0.07465282,0.08221868,0.08943163,0.09632233,0.10290501,0.10917937
0.04005500,0.04944708,0.05831210,0.06671153,0.07467608,0.08224228,0.08944902,0.09632617,0.10288867,0.10913816
0.04006421,0.04945873,0.05832663,0.06672749,0.07469223,0.08225926,0.08946997,0.09635625,0.10293375,0.10920332
0.04006221,0.04945990,0.05832232,0.06670196,0.07462475,0.08212801,0.08925640,0.09604859,0.10252860,0.10870519
0.04006301,0.04946005,0.05832320,0.06670431,0.07462806,0.08213037,0.08925458,0.09603826,0.10250477,0.10866272
0.04005512,0.04945025,0.05830830,0.06667620,0.07457380,0.08203202,0.08908976,0.09578218,0.10213366,0.10815726
0.04004464,0.04944161,0.05830162,0.06666949,0.07456452,0.08201814,0.08907019,0.09575660,0.10210185,0.10811845
0.04003794,0.04943045,0.05828773,0.06665565,0.07455223,0.08200705,0.08905809,0.09573974,0.10207546,0.10807748
0.04003848,0.04942797,0.05828420,0.06665639,0.07456334,0.08203247,0.08909761,0.09578878,0.10212636,0.10812140
0.04004531,0.04943315,0.05828703,0.06665666,0.07456087,0.08202679,0.08908814,0.09577524,0.10210904,0.10810118
0.04003675,0.04941829,0.05826364,0.06662315,0.07451625,0.08197137,0.08902417,0.09570710,0.10204290,0.10804423
0.04004363,0.04942480,0.05826875,0.06662703,0.07452172,0.08198440,0.08905357,0.09576356,0.10213769,0.10818786
0.04004946,0.04943194,0.05827107,0.06661859,0.07449628,0.08193617,0.08897820,0.09565874,0.10200315,0.10802495
0.04006051,0.04944430,0.05828494,0.06663533,0.07451848,0.08196747,0.08902297,0.09572177,0.10208927,0.10813866
0.04006102,0.04944061,0.05828033,0.06663397,0.07452413,0.08198345,0.08905212,0.09576579,0.10214812,0.10821031
0.04005969,0.04943561,0.05827209,0.06662090,0.07450235,0.08194728,0.08899459,0.09567906,0.10202393,0.10804070
0.04006623,0.04944634,0.05828615,0.06664275,0.07453950,0.08200840,0.08908850,0.09581402,0.10220703,0.10827730
0.04007060,0.04945406,0.05829630,0.06665481,0.07455750,0.08204240,0.08915388,0.09592924,0.10239082,0.10854601
0.04007640,0.04946467,0.05831320,0.06667874,0.07459132,0.08209229,0.08922889,0.09603981,0.10254687,0.10875529
0.04006861,0.04946669,0.05833019,0.06671704,0.07466161,0.08220979,0.08941124,0.09630375,0.10290496,0.10921405
0.04006225,0.04945644,0.05830979,0.06667887,0.07459273,0.08208950,0.08921157,0.09599293,0.10245251,0.10859546
0.04007554,0.04946672,0.05831389,0.06667765,0.07459327,0.08210464,0.08925771,0.09608690,0.10260848,0.10882285
0.04007526,0.04947291,0.05832562,0.06669825,0.07463038,0.08216913,0.08936235,0.09624457,0.10283009,0.10911566
0.04006583,0.04946452,0.05831724,0.06668848,0.07461779,0.08215302,0.08934370,0.09622672,0.10281858,0.10911740
0.04005719,0.04944989,0.05829198,0.06664344,0.07453927,0.08202279,0.08914034,0.09592814,0.10240501,0.10857373
0.04005072,0.04944692,0.05829231,0.06664567,0.07454121,0.08202240,0.08913633,0.09591988,0.10239222,0.10855602
0.04005389,0.04945191,0.05829709,0.06664554,0.07453031,0.08199600,0.08909177,0.09585631,0.10230971,0.10845492
0.04006395,0.04946376,0.05831055,0.06666174,0.07455277,0.08202992,0.08914277,0.09592913,0.10240732,0.10857818
0.04007146,0.04947612,0.05832612,0.06667462,0.07455190,0.08199979,0.08906530,0.09578637,0.10218446,0.10826566
0.04006709,0.04947372,0.05832095,0.06665980,0.07452048,0.08194606,0.08898524,0.09567758,0.10204580,0.10809688
0.04006960,0.04947411,0.05831706,0.06665317,0.07451544,0.08194915,0.08900449,0.09572134,0.10212132,0.10820923
0.04006938,0.04947106,0.05831479,0.06665386,0.07451749,0.08194700,0.08898945,0.09568318,0.10205021,0.10809750
0.04006349,0.04946491,0.05830534,0.06663780,0.07449200,0.08191056,0.08894289,0.09563034,0.10199782,0.10805421
0.04006365,0.04946354,0.05830938,0.06665489,0.07453048,0.08197945,0.08905117,0.09578576,0.10220563,0.10831642
0.04005748,0.04946365,0.05831968,0.06667858,0.07457067,0.08204010,0.08913735,0.09590291,0.10235830,0.10850718
0.04006110,0.04947309,0.05833518,0.06669802,0.07458869,0.08204839,0.08912640,0.09586425,0.10228639,0.10840028
0.04006740,0.04948003,0.05834007,0.06669807,0.07458209,0.08203497,0.08910816,0.09584553,0.10227346,0.10840031
0.04005514,0.04946679,0.05832006,0.06666453,0.07452715,0.08194938,0.08898151,0.09566753,0.10203552,0.10809702
0.04005006,0.04945588,0.05830085,0.06663319,0.07447852,0.08187722,0.08887912,0.09552839,0.10185410,0.10786927
0.04005293,0.04945722,0.05829665,0.06662277,0.07446445,0.08186367,0.08886989,0.09552556,0.10185757,0.10787714
0.04004423,0.04944597,0.05828136,0.06659773,0.07441874,0.08178165,0.08873246,0.09531209,0.10154818,0.10745494
0.04004689,0.04944899,0.05828707,0.06660976,0.07443957,0.08181108,0.08876775,0.09534890,0.10158169,0.10748062
0.04004494,0.04944711,0.05829135,0.06662796,0.07447835,0.08187539,0.08886142,0.09547541,0.10174465,0.10768397
0.04004537,0.04944472,0.05828421,0.06661519,0.07446089,0.08185563,0.08884236,0.09545991,0.10173497,0.10768157
0.04003760,0.04943922,0.05828524,0.06662860,0.07449493,0.08192152,0.08895417,0.09563387,0.10198817,0.10803038
0.04003403,0.04943529,0.05828254,0.06663036,0.07450528,0.08194547,0.08899815,0.09570626,0.10209934,0.10819202
0.04003647,0.04944862,0.05831027,0.06667596,0.07456964,0.08202550,0.08908716,0.09579556,0.10218035,0.10825802
0.04004581,0.04945976,0.05832443,0.06669338,0.07459046,0.08204969,0.08911415,0.09582419,0.10220913,0.10828552
0.04004244,0.04946157,0.05833719,0.06672153,0.07463532,0.08210818,0.08917838,0.09588209,0.10224602,0.10828613
0.04004715,0.04947659,0.05836564,0.06676998,0.07471300,0.08222510,0.08934347,0.09610194,0.10252428,0.10862366
0.04005027,0.04948085,0.05837413,0.06678375,0.07473119,0.08224410,0.08935604,0.09609713,0.10248849,0.10854240
0.04005648,0.04948408,0.05837193,0.06677660,0.07472247,0.08223866,0.08935866,0.09611144,0.10251664,0.10858525
0.04006071,0.04948980,0.05838069,0.06678774,0.07473309,0.08224358,0.08935077,0.09608253,0.10245835,0.10848998
0.04006769,0.04949530,0.05838370,0.06678709,0.07472616,0.08222635,0.08931873,0.09603156,0.10238541,0.10839349
0.04008121,0.04951646,0.05841182,0.06682019,0.07475968,0.08225308,0.08932992,0.09601859,0.10234133,0.10831389
0.04010027,0.04953392,0.05842302,0.06682245,0.07475357,0.08224215,0.08931919,0.09601294,0.10234428,0.10832726
0.04010053,0.04954153,0.05843933,0.06684839,0.07479104,0.08229451,0.08939089,0.09610850,0.10246726,0.10847949
0.04010427,0.04954578,0.05844623,0.06685903,0.07480485,0.08230844,0.08939907,0.09610261,0.10243744,0.10841571
0.04011462,0.04955827,0.05846298,0.06687758,0.07481982,0.08231406,0.08939084,0.09607791,0.10239562,0.10835775
0.04011601,0.04956133,0.05846736,0.06688035,0.07481774,0.08230527,0.08937512,0.09605605,0.10236849,0.10832555
0.04011377,0.04956162,0.05847296,0.06689383,0.07484040,0.08233612,0.08941040,0.09608931,0.10239125,0.10832837
0.04010929,0.04955561,0.05846455,0.06688530,0.07483723,0.08234519,0.08943751,0.09613747,0.10246020,0.10841515
0.04009976,0.04954796,0.05845971,0.06688434,0.07484112,0.08235394,0.08944969,0.09615052,0.10247120,0.10842150
0.04008993,0.04953444,0.05844049,0.06685692,0.07480342,0.08230523,0.08939129,0.09608583,0.10240517,0.10835993
0.04009277,0.04952787,0.05841604,0.06680517,0.07471496,0.08217139,0.08920501,0.09584238,0.10210252,0.10799850
0.04008997,0.04952531,0.05841081,0.06679299,0.07469122,0.08213171,0.08914499,0.09575731,0.10198739,0.10784823
0.04008860,0.04952448,0.05840943,0.06679146,0.07468904,0.08212592,0.08913021,0.09572698,0.10193542,0.10777039
0.04008577,0.04952428,0.05841276,0.06679743,0.07469505,0.08212854,0.08912591,0.09571252,0.10190791,0.10772721
0.04008884,0.04952366,0.05840289,0.06677256,0.07465052,0.08206146,0.08903553,0.09560022,0.10177668,0.10758093
0.04009503,0.04953730,0.05842485,0.06680355,0.07469234,0.08211710,0.08910858,0.09569395,0.10189337,0.10772153
0.04009540,0.04954556,0.05844386,0.06683589,0.07473898,0.08217791,0.08918321,0.09578226,0.10199545,0.10783755
0.04009922,0.04954869,0.05844709,0.06683970,0.07474334,0.08218228,0.08918655,0.09578305,0.10199178,0.10782729
0.04010059,0.04954467,0.05843909,0.06683263,0.07474613,0.08220690,0.08924629,0.09589081,0.10215865,0.10806181
0.04009786,0.04954127,0.05843327,0.06682526,0.07474310,0.08221924,0.08928841,0.09597770,0.10230335,0.10827381
0.04009504,0.04953819,0.05842936,0.06681563,0.07471746,0.08216284,0.08918419,0.09580863,0.10205430,0.10793256
0.04008977,0.04953423,0.05842538,0.06681140,0.07471419,0.08216375,0.08919474,0.09583606,0.10210669,0.10801764
0.04009514,0.04954287,0.05843825,0.06682716,0.07472955,0.08217490,0.08919848,0.09583050,0.10209131,0.10799317
0.04008518,0.04953496,0.05842644,0.06680297,0.07468114,0.08208763,0.08905696,0.09562115,0.10180452,0.10762433
0.04007566,0.04952173,0.05841330,0.06679448,0.07468055,0.08209572,0.08907140,0.09563650,0.10181282,0.10761611
0.04007723,0.04952565,0.05842324,0.06681496,0.07471816,0.08215932,0.08917124,0.09578259,0.10201335,0.10787642
0.04008934,0.04954175,0.05844318,0.06683697,0.07473848,0.08217307,0.08917353,0.09576932,0.10198144,0.10782364
0.04008460,0.04953955,0.05844146,0.06683299,0.07472910,0.08215516,0.08914444,0.09572744,0.10192645,0.10775645
0.04008107,0.04953346,0.05842768,0.06680621,0.07468469,0.08208883,0.08905198,0.09560480,0.10177020,0.10756411
0.04008303,0.04954103,0.05843984,0.06681948,0.07469466,0.08209157,0.08904490,0.09558697,0.10174217,0.10752753
0.04008030,0.04954427,0.05844443,0.06681814,0.07467825,0.08205002,0.08896845,0.09546718,0.10157254,0.10730353
0.04008565,0.04955056,0.05844458,0.06680579,0.07464836,0.08199842,0.08889164,0.09536247,0.10143815,0.10713861
0.04007492,0.04953898,0.05844202,0.06682648,0.07470778,0.08211115,0.08906959,0.09561385,0.10176723,0.10754622
0.04007113,0.04953848,0.05845036,0.06685243,0.07476034,0.08219742,0.08919424,0.09577925,0.10197404,0.10779393
0.04007374,0.04953726,0.05844592,0.06684282,0.07474062,0.08216024,0.08913167,0.09568511,0.10184534,0.10763123
0.04007574,0.04954206,0.05844943,0.06684218,0.07473486,0.08215035,0.08912046,0.09567698,0.10184583,0.10764641
0.04006955,0.04953273,0.05843374,0.06681927,0.07470741,0.08212443,0.08910430,0.09567938,0.10187461,0.10770741
0.04006274,0.04952544,0.05842906,0.06682071,0.07471586,0.08213654,0.08911262,0.09567354,0.10184315,0.10763941
0.04006107,0.04951797,0.05842097,0.06681576,0.07471608,0.08214326,0.08912720,0.09569742,0.10187757,0.10768501
0.04004706,0.04949943,0.05839379,0.06677494,0.07465643,0.08206047,0.08901870,0.09556264,0.10171758,0.10750193
0.04004481,0.04949526,0.05838799,0.06677151,0.07466339,0.08208951,0.08908368,0.09567763,0.10189497,0.10775111
0.04003797,0.04948472,0.05837774,0.06676169,0.07465179,0.08207395,0.08906383,0.09565569,0.10187538,0.10773969
0.04003966,0.04948530,0.05837621,0.06675515,0.07463580,0.08204341,0.08901393,0.09558255,0.10177639,0.10761349
0.04003361,0.04947994,0.05837249,0.06675326,0.07463332,0.08203480,0.08899116,0.09553645,0.10169820,0.10749607
0.04002990,0.04947551,0.05836910,0.06675731,0.07465704,0.08209522,0.08910803,0.09572975,0.10198565,0.10789138
0.04002779,0.04947515,0.05836681,0.06675036,0.07464448,0.08207696,0.08908348,0.09569708,0.10194183,0.10783285
0.04002678,0.04947035,0.05835854,0.06673829,0.07462655,0.08204943,0.08904169,0.09563638,0.10185840,0.10772408
0.04001295,0.04944747,0.05833459,0.06672193,0.07462567,0.08207055,0.08909006,0.09571591,0.10197136,0.10787072
0.04001258,0.04944707,0.05833618,0.06672972,0.07464529,0.08210899,0.08915557,0.09581757,0.10211804,0.10806999
0.04001675,0.04944204,0.05831837,0.06669490,0.07458799,0.08202143,0.08902756,0.09563756,0.10187493,0.10775491
0.04001351,0.04943886,0.05831303,0.06668378,0.07456799,0.08199150,0.08898890,0.09559290,0.10182752,0.10770764
0.04001158,0.04943743,0.05831145,0.06668141,0.07456527,0.08199124,0.08899677,0.09561694,0.10187693,0.10779137
0.04000996,0.04943182,0.05830370,0.06667588,0.07456886,0.08201298,0.08904668,0.09570468,0.10201071,0.10797739
0.04000802,0.04942982,0.05830260,0.06667789,0.07457733,0.08203147,0.08907765,0.09574838,0.10206479,0.10803732
0.04000659,0.04942585,0.05829502,0.06666855,0.07457047,0.08203313,0.08909475,0.09578761,0.10213165,0.10813550
0.04001977,0.04944010,0.05830551,0.06666922,0.07455368,0.08198986,0.08901617,0.09566721,0.10196671,0.10792725
0.04001253,0.04942869,0.05828883,0.06664729,0.07452485,0.08194961,0.08895769,0.09558297,0.10185003,0.10777346
0.04001437,0.04943104,0.05829078,0.06664508,0.07451143,0.08191505,0.08888999,0.09546953,0.10167942,0.10753699
0.04001749,0.04943465,0.05829360,0.06664485,0.07450393,0.08189432,0.08884964,0.09540414,0.10158545,0.10741287
0.04001741,0.04944131,0.05831035,0.06667419,0.07454503,0.08194254,0.08889712,0.09544095,0.10160095,0.10739698
0.04001145,0.04942912,0.05829352,0.06665439,0.07452450,0.08192545,0.08889043,0.09545428,0.10164564,0.10748473
0.03999753,0.04940864,0.05826061,0.06660364,0.07445322,0.08183438,0.08878373,0.09533904,0.10153102,0.10738083
0.03998812,0.04939825,0.05824682,0.06658611,0.07443558,0.08182386,0.08878902,0.09536781,0.10158807,0.10746728
0.03999473,0.04940130,0.05824251,0.06657612,0.07442689,0.08182780,0.08881979,0.09544045,0.10171639,0.10766229
0.03999226,0.04939473,0.05823138,0.06655685,0.07439318,0.08177247,0.08873672,0.09532615,0.10157090,0.10748914
0.03998630,0.04938449,0.05821736,0.06653953,0.07437292,0.08174965,0.08871134,0.09529764,0.10153814,0.10745092
0.03997555,0.04938164,0.05822400,0.06655991,0.07441364,0.08181873,0.08881674,0.09544578,0.10173301,0.10769388
0.03997999,0.04939957,0.05826249,0.06662369,0.07450450,0.08193631,0.08895946,0.09561166,0.10192043,0.10790200
0.03997462,0.04938798,0.05824129,0.06658368,0.07443077,0.08181049,0.08876323,0.09533039,0.10154585,0.10743326
0.03997988,0.04940148,0.05826175,0.06660779,0.07445242,0.08181997,0.08874732,0.09527325,0.10143069,0.10724436
0.03997760,0.04939926,0.05825815,0.06660151,0.07444077,0.08179819,0.08870909,0.09521206,0.10134118,0.10712313
0.03997256,0.04938976,0.05824175,0.06657710,0.07440835,0.08175842,0.08866274,0.09515943,0.10128177,0.10705571
0.03997596,0.04940066,0.05826311,0.06661071,0.07445431,0.08181434,0.08872289,0.09521446,0.10131925,0.10706125
0.03996767,0.04939140,0.05825439,0.06660180,0.07444053,0.08178617,0.08866631,0.09511215,0.10115245,0.10681174
0.03996243,0.04938852,0.05825374,0.06659880,0.07443003,0.08176390,0.08862917,0.09505811,0.10108036,0.10672111
0.03997065,0.04940346,0.05827735,0.06662805,0.07445751,0.08178024,0.08862534,0.09502714,0.10101825,0.10662711
0.03996622,0.04940227,0.05827783,0.06662567,0.07444631,0.08175532,0.08858469,0.09497219,0.10095338,0.10655849
0.03996807,0.04940315,0.05827679,0.06662116,0.07443498,0.08173177,0.08854173,0.09490173,0.10084745,0.10641024
0.03996750,0.04940155,0.05827443,0.06661752,0.07442883,0.08172237,0.08852996,0.09489038,0.10084097,0.10641412
0.03996850,0.04940821,0.05828380,0.06662925,0.07444471,0.08174600,0.08856650,0.09494630,0.10092361,0.10653112
0.03996990,0.04940593,0.05827907,0.06662572,0.07444833,0.08176239,0.08859831,0.09499171,0.10097612,0.10658033
0.03997253,0.04940682,0.05828007,0.06663051,0.07446337,0.08179619,0.08865991,0.09508893,0.10111424,0.10676146
0.03997292,0.04941358,0.05829206,0.06664205,0.07446674,0.08178500,0.08863146,0.09504522,0.10106161,0.10670934
0.03996844,0.04941087,0.05828508,0.06662225,0.07442297,0.08170467,0.08850208,0.09485561,0.10080262,0.10637424
0.03997730,0.04942659,0.05831427,0.06667339,0.07450503,0.08182702,0.08867436,0.09508708,0.10110133,0.10674610
0.03998893,0.04944454,0.05833880,0.06670306,0.07453589,0.08185341,0.08869020,0.09508700,0.10108116,0.10670304
0.03998304,0.04944425,0.05834618,0.06671826,0.07455786,0.08188106,0.08872322,0.09512600,0.10112737,0.10675778
0.03998758,0.04944569,0.05834254,0.06670820,0.07453910,0.08185000,0.08867541,0.09505727,0.10103504,0.10664147
0.03999140,0.04944727,0.05834094,0.06670215,0.07452568,0.08182402,0.08863021,0.09498612,0.10093249,0.10650432
0.03997951,0.04943816,0.05833444,0.06669856,0.07452529,0.08182705,0.08863680,0.09499613,0.10094528,0.10651849
0.03997829,0.04944177,0.05834408,0.06671441,0.07454734,0.08185668,0.08867779,0.09505475,0.10102957,0.10663718
0.03998393,0.04945070,0.05835660,0.06673335,0.07457774,0.08190524,0.08875192,0.09516127,0.10117346,0.10682082
0.03998010,0.04944982,0.05835822,0.06673571,0.07457686,0.08189511,0.08872516,0.09511016,0.10109088,0.10670097
0.03996681,0.04944163,0.05836300,0.06676123,0.07463097,0.08198552,0.08885916,0.09529411,0.10132967,0.10699756
0.03995636,0.04942311,0.05833600,0.06672574,0.07458545,0.08192638,0.08878132,0.09519201,0.10119832,0.10683333
0.03997015,0.04944504,0.05836638,0.06676247,0.07462474,0.08196364,0.08881218,0.09521323,0.10120849,0.10683316
0.03997245,0.04944879,0.05836707,0.06675207,0.07459220,0.08189632,0.08869731,0.09503909,0.10096532,0.10651378
0.03997663,0.04945743,0.05837998,0.06676669,0.07460254,0.08189394,0.08867315,0.09498501,0.10087495,0.10638281
0.03998674,0.04946915,0.05838902,0.06676912,0.07459504,0.08187364,0.08863762,0.09493253,0.10080476,0.10629518
0.03999440,0.04947753,0.05839461,0.06677038,0.07459305,0.08187185,0.08864121,0.09494742,0.10083650,0.10634812
0.03999833,0.04947564,0.05838681,0.06675868,0.07457880,0.08185422,0.08861668,0.09490997,0.10077832,0.10626052
0.03999467,0.04947414,0.05838791,0.06676173,0.07458290,0.08185944,0.08862496,0.09492557,0.10080774,0.10631201
0.04000018,0.04948546,0.05840613,0.06678673,0.07461494,0.08189979,0.08867605,0.09499098,0.10089210,0.10642071
0.03999234,0.04947209,0.05839165,0.06677242,0.07459761,0.08187275,0.08863095,0.09491932,0.10078629,0.10627459
0.04000316,0.04948656,0.05841462,0.06680837,0.07464864,0.08193847,0.08870874,0.09500451,0.10087207,0.10635217
0.04000414,0.04948422,0.05840951,0.06680022,0.07463645,0.08191985,0.08867964,0.09495949,0.10080503,0.10625713
0.04000657,0.04948808,0.05841270,0.06680076,0.07463300,0.08191201,0.08866809,0.09494597,0.10079218,0.10624830
0.04001418,0.04949092,0.05840975,0.06679433,0.07462903,0.08191862,0.08869379,0.09499828,0.10087672,0.10636839
0.04000392,0.04948154,0.05839560,0.06676686,0.07458040,0.08184407,0.08859245,0.09487281,0.10073252,0.10621256
0.04000920,0.04948518,0.05839251,0.06675185,0.07454803,0.08178777,0.08850372,0.09474105,0.10054543,0.10595703
0.04000153,0.04947723,0.05838724,0.06675253,0.07455736,0.08180672,0.08853103,0.09477334,0.10057767,0.10598325
0.04000874,0.04948282,0.05838694,0.06673956,0.07452243,0.08174010,0.08842460,0.09462192,0.10037958,0.10574012
0.04001090,0.04949059,0.05839835,0.06675506,0.07454343,0.08176790,0.08845973,0.09466389,0.10042683,0.10579017
0.03999890,0.04948265,0.05839329,0.06675048,0.07453701,0.08175881,0.08844894,0.09465371,0.10042020,0.10579005
0.03999430,0.04947709,0.05838788,0.06674591,0.07453384,0.08175744,0.08844974,0.09465697,0.10042614,0.10579885
0.03999827,0.04947538,0.05837882,0.06672535,0.07449564,0.08169492,0.08835671,0.09452823,0.10025757,0.10558739
0.04000429,0.04948710,0.05839645,0.06675292,0.07454015,0.08176421,0.08845758,0.09466556,0.10043434,0.10580504
0.04000679,0.04949454,0.05840963,0.06677346,0.07457091,0.08180873,0.08851952,0.09474851,0.10054180,0.10594052
0.03999760,0.04948622,0.05840164,0.06676637,0.07456455,0.08180179,0.08850976,0.09473318,0.10051820,0.10590643
0.04000609,0.04950091,0.05842213,0.06679238,0.07459596,0.08183905,0.08855398,0.09478599,0.10058149,0.10598209
0.04000414,0.04949456,0.05841426,0.06678793,0.07460234,0.08186459,0.08860625,0.09487068,0.10070200,0.10613964
0.04000174,0.04949192,0.05840949,0.06677890,0.07458862,0.08184821,0.08859169,0.09486443,0.10071178,0.10617354
0.04000253,0.04949559,0.05841446,0.06678429,0.07459305,0.08184896,0.08858458,0.09484416,0.10067257,0.10610979
0.04000439,0.04949592,0.05841328,0.06677821,0.07457702,0.08181752,0.08853292,0.09476887,0.10057198,0.10598387
0.03999882,0.04949181,0.05841325,0.06678179,0.07458355,0.08182740,0.08854763,0.09479062,0.10060337,0.10602770
0.03999929,0.04948773,0.05840261,0.06676376,0.07455811,0.08179521,0.08850991,0.09474888,0.10055907,0.10598185
0.03998529,0.04946676,0.05837103,0.06671854,0.07449677,0.08171586,0.08841134,0.09463081,0.10042218,0.10582781
0.03998362,0.04947014,0.05838474,0.06674752,0.07454576,0.08178982,0.08851526,0.09476914,0.10059835,0.10604391
0.03998133,0.04946272,0.05837168,0.06673047,0.07452629,0.08176779,0.08848852,0.09473411,0.10055096,0.10598045
0.03998353,0.04947104,0.05838674,0.06675290,0.07455632,0.08180491,0.08853155,0.09478137,0.10060040,0.10602983
0.03997970,0.04946655,0.05837917,0.06673739,0.07452452,0.08174534,0.08843123,0.09462775,0.10038303,0.10574128
0.03997234,0.04945790,0.05836761,0.06672049,0.07449981,0.08171040,0.08838298,0.09456169,0.10029298,0.10561972
0.03996969,0.04945434,0.05836348,0.06671427,0.07448922,0.08169325,0.08835736,0.09452580,0.10024470,0.10555642
0.03998141,0.04947197,0.05838841,0.06674527,0.07452293,0.08172560,0.08838441,0.09454385,0.10025009,0.10554524
0.03997992,0.04946669,0.05837442,0.06671718,0.07447469,0.08165072,0.08827629,0.09439613,0.10005703,0.10530205
0.03997807,0.04946288,0.05836735,0.06670068,0.07443854,0.08158187,0.08816039,0.09421906,0.09980618,0.10496723
0.03996901,0.04945088,0.05834971,0.06667462,0.07440147,0.08153158,0.08809528,0.09413832,0.09970975,0.10485569
0.03998285,0.04945846,0.05835183,0.06667649,0.07441204,0.08156194,0.08815691,0.09424169,0.09986353,0.10506626
0.03998559,0.04946346,0.05835832,0.06668353,0.07441689,0.08155942,0.08813984,0.09420178,0.09979220,0.10495538
0.03998189,0.04946289,0.05836230,0.06669365,0.07443452,0.08158588,0.08817633,0.09424910,0.09985049,0.10502404
0.03998114,0.04946546,0.05836649,0.06669825,0.07443866,0.08159004,0.08818298,0.09426247,0.09987589,0.10506700
0.03998293,0.04947190,0.05837868,0.06671928,0.07447244,0.08164014,0.08825158,0.09434977,0.09998001,0.10518428
0.03997585,0.04946883,0.05837785,0.06671607,0.07446098,0.08161478,0.08820789,0.09428501,0.09989315,0.10507565
0.03997460,0.04946265,0.05836491,0.06669594,0.07443365,0.08157986,0.08816417,0.09423055,0.09982558,0.10499256
0.03997908,0.04946806,0.05837612,0.06671849,0.07447286,0.08164081,0.08825191,0.09435013,0.09998187,0.10519011
0.03998108,0.04946769,0.05837398,0.06671315,0.07446229,0.08162272,0.08822354,0.09430795,0.09992160,0.10510688
0.03998086,0.04947147,0.05838146,0.06672258,0.07446922,0.08162087,0.08820631,0.09426962,0.09985800,0.10501562
0.03998250,0.04947954,0.05839634,0.06674393,0.07449702,0.08165547,0.08824781,0.09431737,0.09991048,0.10507051
0.03997670,0.04947037,0.05838195,0.06672047,0.07445939,0.08159795,0.08816464,0.09420331,0.09976121,0.10488294
0.03997862,0.04947534,0.05839106,0.06673516,0.07448055,0.08162562,0.08819809,0.09424123,0.09980193,0.10492470
0.03997888,0.04948156,0.05840473,0.06675849,0.07451401,0.08166735,0.08824442,0.09428758,0.09984375,0.10495807
0.03997396,0.04947162,0.05838823,0.06673343,0.07447749,0.08161551,0.08817283,0.09419193,0.09972042,0.10480451
0.03997818,0.04947867,0.05839878,0.06674697,0.07449267,0.08163034,0.08818524,0.09420018,0.09972337,0.10480158
0.03997640,0.04947489,0.05839189,0.06673523,0.07447296,0.08159831,0.08813591,0.09412861,0.09962511,0.10467291
0.03997342,0.04946500,0.05837603,0.06671397,0.07444537,0.08156182,0.08808674,0.09406252,0.09953793,0.10456093
0.03998885,0.04948116,0.05838723,0.06671446,0.07443026,0.08152685,0.08802803,0.09397652,0.09942160,0.10441197
0.03999346,0.04948956,0.05839414,0.06671596,0.07442388,0.08151069,0.08800017,0.09393494,0.09936427,0.10433699
0.03999652,0.04949213,0.05839518,0.06671738,0.07443034,0.08152771,0.08803236,0.09398504,0.09943312,0.10442376
0.03999703,0.04950228,0.05841889,0.06675695,0.07448738,0.08160360,0.08812858,0.09410322,0.09957490,0.10459066
0.03999418,0.04949825,0.05842101,0.06677170,0.07451793,0.08165006,0.08818903,0.09417468,0.09965384,0.10467335
0.03999812,0.04950066,0.05842549,0.06678367,0.07454158,0.08168719,0.08823928,0.09423609,0.09972355,0.10474811
0.03998418,0.04948302,0.05840101,0.06675117,0.07450180,0.08164159,0.08818880,0.09418062,0.09966192,0.10467847
0.03998302,0.04948705,0.05841509,0.06677748,0.07453962,0.08168845,0.08824183,0.09423754,0.09972150,0.10474059
0.03997739,0.04947629,0.05839585,0.06674522,0.07449058,0.08162062,0.08815495,0.09413265,0.09960048,0.10460575
0.03997963,0.04946743,0.05837537,0.06671602,0.07445826,0.08159212,0.08813729,0.09413197,0.09962144,0.10465133
0.03997526,0.04945948,0.05835749,0.06668251,0.07440508,0.08151659,0.08803757,0.09400677,0.09946999,0.10447335
0.03998273,0.04946582,0.05836355,0.06668981,0.07441558,0.08153180,0.08805794,0.09403170,0.09949809,0.10450287
0.03999029,0.04948103,0.05838398,0.06671316,0.07443927,0.08155265,0.08807220,0.09403542,0.09948752,0.10447473
0.03997335,0.04946041,0.05835876,0.06668169,0.07439975,0.08150374,0.08801302,0.09396544,0.09940659,0.10438315
0.03997573,0.04947218,0.05838112,0.06671585,0.07444717,0.08156578,0.08809061,0.09405900,0.09951610,0.10450834
0.03997892,0.04947930,0.05839482,0.06673864,0.07448146,0.08161378,0.08815441,0.09414063,0.09961746,0.10463103
0.03996885,0.04946144,0.05836478,0.06669364,0.07442093,0.08153928,0.08806882,0.09404715,0.09951899,0.10452983
0.03997966,0.04947938,0.05839120,0.06673122,0.07447276,0.08160864,0.08815897,0.09416096,0.09965858,0.10469645
0.03999380,0.04950113,0.05842039,0.06676899,0.07452059,0.08166845,0.08823316,0.09425223,0.09976965,0.10482971
0.03998636,0.04949312,0.05841364,0.06676684,0.07452732,0.08168862,0.08827121,0.09431226,0.09985522,0.10494375
0.03997965,0.04949242,0.05842471,0.06679271,0.07456999,0.08174958,0.08835151,0.09441245,0.09997543,0.10508380
0.03997482,0.04948823,0.05842278,0.06679492,0.07457955,0.08177056,0.08838806,0.09446828,0.10005354,0.10518643
0.03997222,0.04949070,0.05843704,0.06682599,0.07463139,0.08184640,0.08849053,0.09459941,0.10021482,0.10537891
0.03996504,0.04948065,0.05842202,0.06680155,0.07459301,0.08179101,0.08841687,0.09450787,0.10010708,0.10525750
0.03996386,0.04948055,0.05842486,0.06681058,0.07461252,0.08182539,0.08846984,0.09458206,0.10020386,0.10537706
0.03996572,0.04948374,0.05843118,0.06682020,0.07462387,0.08183563,0.08847567,0.09458043,0.10019244,0.10535440
0.03996335,0.04947711,0.05842074,0.06680709,0.07460992,0.08182275,0.08846540,0.09457390,0.10019049,0.10535766
0.03996123,0.04947408,0.05842055,0.06681088,0.07461642,0.08182961,0.08847031,0.09457522,0.10018748,0.10535047
0.03997061,0.04948482,0.05843167,0.06682442,0.07463588,0.08185830,0.08851040,0.09462749,0.10025151,0.10542508
0.03996954,0.04948422,0.05843079,0.06682299,0.07463421,0.08185672,0.08850863,0.09462434,0.10024487,0.10541211
0.03996658,0.04947977,0.05842804,0.06682584,0.07464636,0.08188099,0.08854687,0.09467755,0.10031340,0.10549584
0.03996192,0.04947810,0.05842878,0.06683090,0.07465724,0.08189775,0.08856844,0.09470250,0.10034060,0.10552477
0.03997013,0.04948376,0.05843120,0.06683390,0.07466757,0.08192370,0.08861853,0.09478447,0.10046068,0.10568744
0.03997638,0.04949202,0.05843861,0.06683638,0.07466213,0.08190842,0.08859181,0.09474445,0.10040529,0.10561460
0.03997302,0.04949342,0.05844655,0.06685172,0.07468388,0.08193411,0.08861842,0.09476939,0.10042692,0.10563240
0.03998161,0.04950619,0.05846261,0.06686706,0.07469498,0.08193908,0.08861667,0.09476108,0.10041254,0.10561260
0.03998050,0.04950845,0.05846782,0.06687386,0.07469989,0.08193674,0.08860097,0.09472617,0.10035357,0.10552607
0.03997323,0.04949706,0.05844984,0.06684669,0.07466024,0.08188146,0.08852827,0.09463634,0.10024896,0.10541060
0.03997677,0.04950079,0.05845508,0.06685494,0.07467337,0.08190154,0.08855712,0.09467506,0.10029765,0.10546828
0.03996976,0.04949831,0.05846413,0.06687751,0.07470643,0.08193900,0.08859194,0.09470062,0.10030828,0.10545944
0.03996813,0.04949768,0.05846026,0.06686772,0.07469060,0.08191947,0.08857280,0.09468683,0.10030499,0.10547144
0.03996366,0.04949407,0.05845444,0.06685528,0.07466658,0.08187834,0.08850858,0.09459345,0.10017685,0.10530378
0.03996667,0.04949961,0.05846209,0.06686740,0.07468667,0.08190988,0.08855436,0.09465551,0.10025645,0.10540160
0.03995959,0.04949526,0.05846331,0.06687720,0.07470828,0.08194648,0.08860896,0.09473078,0.10035462,0.10552435
0.03996609,0.04949342,0.05844995,0.06685004,0.07466589,0.08188805,0.08853421,0.09463996,0.10024846,0.10540397
0.03996303,0.04949709,0.05846669,0.06688890,0.07473672,0.08200017,0.08869596,0.09485856,0.10053007,0.10575367
0.03996529,0.04950226,0.05847104,0.06689273,0.07474422,0.08201744,0.08872891,0.09491151,0.10060526,0.10585135
0.03997036,0.04949970,0.05846079,0.06687702,0.07472659,0.08200203,0.08871992,0.09491290,0.10062056,0.10588353
0.03997721,0.04950600,0.05846809,0.06688531,0.07473392,0.08200480,0.08871349,0.09489231,0.10058094,0.10582043
0.03997854,0.04951056,0.05848048,0.06690775,0.07476571,0.08204374,0.08875743,0.09493991,0.10063173,0.10587438
0.03997535,0.04950571,0.05847554,0.06690221,0.07475817,0.08203257,0.08874111,0.09491716,0.10060157,0.10583625
0.03997740,0.04950397,0.05847381,0.06690742,0.07477793,0.08207319,0.08880662,0.09500919,0.10071977,0.10597881
0.03997887,0.04951180,0.05849152,0.06693771,0.07482327,0.08213655,0.08889181,0.09512076,0.10086250,0.10615722
0.03997650,0.04950708,0.05848779,0.06693936,0.07483707,0.08217108,0.08895590,0.09522201,0.10100645,0.10634715
0.03998347,0.04951426,0.05849360,0.06694234,0.07483576,0.08216364,0.08893994,0.09519475,0.10096516,0.10628954
0.03998058,0.04951445,0.05849729,0.06694796,0.07484126,0.08216723,0.08894006,0.09518982,0.10095343,0.10626905
0.03997680,0.04950410,0.05847995,0.06692665,0.07482165,0.08215721,0.08894887,0.09522690,0.10102721,0.10638623
0.03997465,0.04949574,0.05845823,0.06688465,0.07475375,0.08205882,0.08881617,0.09505691,0.10081811,0.10613750
0.03998448,0.04951094,0.05847945,0.06691283,0.07479044,0.08210581,0.08887470,0.09512731,0.10089977,0.10622911
0.03998420,0.04950975,0.05847826,0.06691452,0.07479807,0.08212167,0.08890036,0.09516391,0.10094839,0.10629088
0.03998190,0.04950766,0.05847442,0.06690807,0.07478881,0.08210950,0.08888474,0.09514372,0.10092193,0.10625605
0.03998596,0.04951660,0.05848904,0.06693304,0.07482967,0.08216982,0.08896537,0.09524318,0.10103730,0.10638377
0.03998477,0.04951789,0.05849881,0.06696105,0.07488774,0.08226964,0.08911700,0.09545436,0.10131328,0.10672750
0.03998343,0.04950675,0.05846829,0.06690453,0.07480249,0.08215603,0.08897748,0.09529276,0.10113425,0.10653612
0.03997419,0.04949222,0.05844658,0.06687490,0.07476503,0.08211070,0.08892384,0.09523010,0.10106204,0.10645429
0.03997056,0.04948680,0.05843869,0.06686204,0.07474319,0.08207425,0.08886593,0.09514329,0.10093895,0.10628811
0.03998308,0.04949560,0.05845034,0.06688589,0.07478759,0.08214479,0.08896537,0.09527226,0.10109660,0.10647260
0.03998029,0.04949357,0.05844643,0.06687648,0.07477062,0.08212020,0.08893472,0.09523810,0.10106190,0.10644037
0.03998601,0.04950134,0.05845911,0.06689889,0.07480805,0.08217744,0.08901573,0.09534603,0.10119921,0.10660895
0.03999137,0.04951179,0.05847815,0.06693012,0.07485186,0.08223067,0.08907292,0.09540109,0.10124678,0.10664509
0.03999856,0.04952334,0.05849115,0.06694260,0.07486376,0.08224311,0.08908709,0.09541767,0.10126580,0.10666620
0.03999787,0.04952889,0.05851149,0.06698519,0.07493257,0.08233850,0.08920696,0.09555878,0.10142485,0.10684032
0.03999564,0.04952535,0.05850998,0.06698923,0.07494510,0.08236228,0.08924514,0.09561516,0.10150356,0.10694542
0.03999873,0.04952822,0.05851039,0.06699035,0.07495407,0.08238738,0.08929349,0.09569154,0.10161019,0.10708228
0.03999310,0.04952466,0.05851513,0.06700539,0.07497809,0.08241708,0.08932509,0.09572189,0.10163754,0.10710653
0.03999715,0.04953270,0.05852310,0.06700867,0.07497224,0.08239883,0.08929297,0.09567636,0.10158068,0.10704160
0.03999730,0.04953408,0.05852918,0.06702332,0.07499911,0.08243999,0.08934858,0.09574519,0.10166091,0.10713153
0.03999315,0.04953191,0.05853433,0.06703993,0.07502907,0.08248369,0.08940614,0.09581745,0.10174983,0.10724014
0.03999791,0.04953589,0.05853730,0.06704143,0.07502775,0.08247635,0.08938746,0.09578052,0.10168699,0.10714379
0.04000588,0.04954481,0.05854796,0.06705672,0.07505238,0.08251616,0.08944854,0.09586828,0.10180557,0.10729580
0.03999401,0.04953238,0.05853448,0.06704438,0.07504526,0.08252057,0.08947340,0.09592497,0.10190729,0.10745673
0.03998332,0.04951562,0.05850477,0.06699443,0.07496759,0.08240823,0.08932050,0.09572682,0.10166018,0.10715768
0.03998744,0.04952418,0.05852036,0.06702009,0.07500641,0.08246271,0.08939205,0.09581569,0.10176592,0.10727959
0.03999668,0.04953547,0.05853508,0.06703651,0.07501966,0.08246666,0.08938114,0.09578602,0.10171544,0.10720796
0.04000123,0.04954515,0.05854885,0.06705281,0.07503629,0.08248073,0.08938963,0.09578658,0.10170725,0.10719230
0.04000973,0.04955628,0.05855932,0.06705983,0.07503855,0.08247921,0.08938771,0.09578966,0.10172201,0.10722589
0.04001285,0.04956062,0.05856513,0.06706715,0.07504678,0.08248671,0.08939159,0.09578587,0.10170567,0.10719170
0.04001967,0.04956012,0.05855500,0.06704488,0.07501103,0.08243723,0.08932863,0.09570966,0.10161618,0.10708863
0.04002188,0.04955924,0.05854549,0.06702074,0.07496700,0.08236922,0.08923339,0.09558427,0.10145762,0.10689357
0.04003379,0.04957444,0.05855969,0.06702824,0.07496066,0.08234122,0.08917601,0.09549040,0.10132103,0.10670897
0.04003999,0.04958400,0.05856901,0.06703600,0.07496767,0.08234999,0.08919049,0.09551568,0.10136295,0.10677375
0.04003917,0.04958744,0.05857811,0.06705219,0.07499343,0.08238884,0.08924635,0.09559199,0.10146197,0.10689617
0.04004589,0.04959271,0.05858148,0.06705527,0.07499961,0.08240259,0.08927270,0.09563641,0.10153043,0.10699516
0.04004812,0.04959929,0.05859299,0.06707214,0.07502338,0.08243599,0.08931937,0.09570051,0.10161637,0.10710730
0.04005664,0.04961161,0.05861196,0.06710119,0.07506549,0.08249339,0.08939363,0.09579271,0.10172714,0.10723688
0.04005311,0.04960903,0.05860952,0.06709646,0.07505665,0.08248007,0.08937689,0.09577481,0.10171124,0.10722679
0.04004714,0.04960113,0.05860238,0.06709084,0.07505135,0.08247220,0.08936271,0.09575068,0.10167438,0.10717559
0.04004407,0.04959679,0.05859712,0.06708455,0.07504506,0.08246932,0.08936888,0.09577283,0.10171964,0.10725046
0.04004151,0.04959374,0.05859635,0.06709117,0.07506670,0.08251566,0.08945115,0.09590339,0.10191157,0.10751701
0.04004566,0.04959683,0.05860101,0.06709946,0.07507903,0.08253076,0.08946709,0.09591871,0.10192609,0.10753222
0.04004455,0.04958954,0.05858963,0.06709124,0.07508240,0.08255247,0.08951123,0.09598717,0.10201925,0.10764959
0.04003796,0.04958756,0.05859719,0.06711345,0.07512669,0.08262819,0.08962836,0.09615487,0.10224478,0.10793756
0.04002927,0.04957805,0.05858875,0.06711009,0.07513224,0.08264492,0.08965626,0.09619136,0.10228487,0.10797418
0.04003000,0.04957993,0.05858920,0.06710616,0.07511954,0.08261686,0.08960375,0.09610297,0.10214728,0.10777293
0.04002147,0.04956363,0.05856466,0.06707452,0.07508272,0.08257522,0.08955508,0.09604294,0.10207062,0.10767458
0.04002795,0.04957307,0.05857717,0.06709064,0.07510376,0.08260298,0.08959110,0.09608771,0.10212306,0.10773179
0.04002693,0.04957070,0.05857618,0.06709835,0.07513021,0.08265883,0.08968633,0.09623100,0.10232157,0.10799113
0.04003619,0.04958351,0.05859460,0.06712229,0.07515582,0.08267854,0.08968997,0.09620741,0.10226016,0.10788308
0.04003270,0.04958053,0.05859623,0.06713331,0.07518048,0.08271993,0.08975012,0.09628768,0.10236162,0.10800686
0.04003254,0.04957832,0.05858423,0.06710362,0.07512854,0.08264452,0.08965171,0.09616714,0.10221972,0.10784441
0.04003151,0.04957639,0.05858097,0.06710176,0.07513446,0.08266719,0.08970119,0.09625346,0.10235242,0.10803241
0.04003055,0.04957391,0.05857945,0.06710826,0.07516112,0.08272927,0.08981455,0.09643262,0.10260938,0.10837617
0.04003098,0.04957737,0.05858915,0.06712747,0.07519256,0.08277510,0.08987680,0.09651372,0.10271243,0.10850490
0.04003353,0.04957611,0.05857983,0.06710546,0.07515348,0.08271531,0.08979415,0.09640800,0.10258528,0.10835925
0.04003238,0.04957517,0.05858222,0.06711581,0.07517701,0.08275819,0.08986420,0.09651483,0.10273990,0.10857321
0.04005080,0.04959767,0.05860115,0.06712377,0.07516673,0.08272211,0.08979422,0.09640250,0.10257693,0.10835215
0.04004094,0.04958421,0.05858100,0.06709531,0.07512964,0.08267593,0.08973698,0.09633025,0.10248400,0.10823200
0.04003112,0.04958082,0.05858692,0.06711023,0.07514961,0.08269317,0.08974047,0.09630670,0.10241889,0.10811057
0.04003147,0.04956950,0.05855954,0.06706348,0.07508260,0.08260691,0.08963632,0.09618464,0.10227632,0.10794175
0.04003010,0.04957124,0.05856401,0.06707198,0.07509899,0.08263714,0.08968686,0.09626090,0.10238153,0.10807655
0.04003120,0.04957303,0.05856858,0.06708071,0.07510965,0.08264403,0.08968247,0.09623774,0.10233350,0.10799961
0.04002335,0.04956306,0.05855183,0.06705021,0.07505836,0.08256586,0.08957235,0.09609146,0.10214757,0.10777124
0.04003243,0.04957735,0.05857482,0.06708568,0.07511047,0.08263885,0.08966999,0.09621638,0.10230084,0.10795218
0.04003626,0.04958687,0.05859342,0.06711279,0.07514226,0.08267065,0.08969851,0.09624097,0.10232375,0.10797828
0.04003308,0.04958132,0.05858519,0.06710256,0.07513193,0.08266264,0.08969506,0.09624377,0.10233396,0.10799672
0.04003407,0.04958199,0.05858975,0.06711528,0.07515664,0.08270244,0.08975260,0.09632175,0.10243562,0.10812624
0.04003731,0.04959224,0.05861129,0.06715352,0.07521610,0.08278615,0.08986208,0.09645714,0.10259583,0.10830902
0.04003501,0.04958928,0.05860745,0.06714529,0.07519831,0.08275273,0.08980619,0.09637110,0.10247105,0.10813607
0.04002903,0.04957796,0.05859210,0.06712956,0.07518825,0.08275535,0.08982818,0.09641835,0.10254879,0.10824912
0.04002738,0.04958207,0.05860871,0.06716394,0.07524217,0.08282740,0.08991496,0.09651569,0.10265268,0.10835633
0.04002629,0.04958598,0.05861920,0.06718148,0.07526626,0.08285609,0.08994470,0.09654155,0.10266888,0.10835684
0.04002464,0.04958612,0.05862202,0.06718957,0.07528330,0.08288557,0.08998892,0.09660128,0.10274352,0.10844481
0.04002943,0.04959329,0.05863256,0.06720470,0.07530381,0.08291129,0.09001815,0.09663043,0.10276709,0.10845561
0.04002242,0.04958042,0.05861128,0.06717494,0.07526726,0.08287096,0.08997755,0.09659273,0.10273445,0.10842897
0.04001811,0.04957176,0.05859824,0.06715983,0.07525187,0.08285420,0.08995485,0.09655683,0.10267688,0.10834136
0.04001866,0.04956771,0.05859204,0.06715488,0.07525137,0.08286126,0.08997291,0.09658987,0.10272913,0.10841693
0.04000087,0.04954523,0.05856370,0.06712051,0.07521270,0.08282179,0.08993737,0.09656359,0.10271746,0.10842482
0.03999794,0.04954888,0.05858057,0.06715667,0.07527334,0.08291164,0.09006049,0.09672270,0.10291351,0.10865690
0.03999750,0.04955418,0.05859557,0.06718393,0.07531258,0.08296016,0.09011459,0.09677909,0.10296998,0.10871248
0.03998782,0.04954001,0.05857478,0.06715672,0.07528069,0.08292613,0.09008158,0.09675089,0.10295099,0.10870743
0.03998459,0.04953378,0.05856409,0.06714023,0.07525646,0.08289138,0.09003284,0.09668417,0.10286192,0.10859151
0.03998515,0.04953165,0.05856221,0.06714403,0.07527237,0.08292680,0.09009612,0.09678407,0.10300690,0.10878898
0.03997412,0.04951172,0.05853436,0.06710946,0.07523369,0.08288913,0.09006703,0.09677271,0.10302275,0.10884079
0.03997976,0.04952195,0.05855086,0.06713868,0.07528568,0.08297572,0.09020026,0.09696368,0.10328114,0.10917475
0.03997892,0.04952563,0.05856391,0.06716604,0.07533060,0.08303820,0.09027684,0.09704832,0.10336646,0.10925324
0.03997121,0.04951224,0.05854151,0.06713732,0.07530368,0.08302340,0.09028304,0.09708063,0.10342547,0.10933548
0.03996558,0.04950306,0.05852925,0.06712049,0.07527923,0.08298703,0.09022911,0.09700218,0.10331456,0.10918370
0.03997524,0.04951574,0.05854857,0.06715099,0.07532371,0.08304483,0.09029593,0.09707090,0.10337648,0.10922967
0.03996468,0.04950174,0.05853416,0.06714149,0.07532534,0.08306342,0.09033653,0.09713799,0.10347427,0.10936232
0.03996602,0.04950406,0.05853876,0.06714760,0.07533058,0.08306493,0.09033161,0.09712407,0.10344868,0.10932220
0.03997285,0.04952065,0.05857089,0.06720165,0.07541436,0.08318714,0.09050064,0.09734719,0.10373186,0.10967028
0.03997575,0.04951584,0.05855786,0.06718139,0.07538692,0.08314987,0.09044803,0.09727178,0.10362539,0.10952462
0.03996572,0.04950335,0.05854167,0.06716290,0.07537028,0.08314136,0.09045448,0.09729880,0.10367627,0.10960010
0.03997234,0.04950998,0.05854913,0.06717241,0.07538215,0.08315405,0.09046459,0.09730171,0.10366695,0.10957372
0.03998553,0.04952898,0.05857631,0.06720999,0.07543213,0.08321867,0.09054691,0.09740574,0.10379724,0.10973472
0.03997971,0.04951528,0.05854739,0.06715891,0.07535336,0.08310846,0.09040291,0.09722635,0.10358099,0.10948001
0.03997725,0.04951368,0.05854698,0.06716005,0.07535548,0.08310951,0.09039994,0.09721656,0.10356261,0.10945263
0.03997568,0.04950641,0.05853289,0.06714180,0.07534067,0.08310902,0.09042548,0.09727872,0.10366987,0.10961123
0.03997375,0.04950512,0.05852863,0.06712791,0.07530698,0.08304317,0.09031494,0.09711251,0.10343948,0.10931071
0.03997004,0.04949846,0.05852482,0.06713347,0.07532669,0.08307909,0.09036708,0.09718010,0.10352205,0.10940879
0.03997079,0.04949954,0.05852353,0.06712750,0.07531499,0.08306106,0.09034124,0.09714320,0.10346891,0.10933273
0.03996971,0.04950771,0.05854162,0.06715497,0.07535111,0.08310653,0.09039860,0.09721632,0.10356216,0.10945033
0.03996262,0.04950285,0.05853501,0.06713785,0.07531425,0.08304339,0.09030628,0.09709486,0.10341330,0.10927649
0.03997392,0.04951079,0.05853976,0.06713771,0.07530541,0.08302025,0.09026242,0.09702413,0.10331073,0.10913870
0.03996893,0.04949927,0.05852277,0.06711662,0.07528277,0.08299999,0.09024962,0.09702481,0.10333176,0.10918774
0.03997248,0.04949886,0.05851602,0.06709973,0.07525028,0.08294498,0.09016424,0.09690085,0.10316107,0.10896249
0.03996582,0.04949373,0.05851020,0.06709113,0.07523763,0.08292822,0.09014461,0.09688056,0.10314273,0.10894861
0.03995984,0.04949099,0.05851161,0.06709939,0.07525594,0.08295787,0.09018342,0.09692279,0.10317996,0.10897095
0.03996489,0.04949619,0.05851342,0.06709490,0.07524508,0.08294373,0.09017100,0.09691745,0.10318627,0.10899209
0.03995774,0.04948721,0.05849890,0.06706931,0.07520368,0.08288242,0.09008568,0.09680387,0.10304041,0.10881058
0.03995435,0.04947923,0.05849261,0.06707477,0.07523344,0.08295014,0.09020494,0.09698725,0.10329886,0.10915303
0.03995020,0.04947348,0.05848804,0.06707288,0.07523501,0.08295509,0.09021199,0.09699380,0.10330128,0.10914710
0.03994734,0.04947147,0.05849099,0.06708662,0.07526760,0.08301634,0.09031245,0.09714375,0.10350993,0.10942227
0.03994531,0.04947396,0.05849973,0.06710381,0.07529681,0.08306294,0.09038315,0.09724557,0.10364928,0.10960448
0.03995426,0.04948617,0.05851357,0.06711721,0.07530644,0.08306472,0.09037280,0.09721894,0.10360250,0.10953408
0.03995577,0.04948819,0.05851454,0.06711805,0.07531132,0.08308067,0.09040912,0.09728632,0.10371215,0.10969697
0.03995422,0.04948399,0.05850324,0.06709293,0.07526341,0.08299978,0.09028507,0.09710996,0.10347590,0.10939502
0.03995328,0.04948282,0.05850248,0.06709469,0.07526999,0.08301315,0.09030715,0.09714285,0.10352186,0.10945618
0.03995422,0.04947969,0.05849254,0.06707333,0.07523174,0.08295258,0.09021960,0.09702499,0.10337180,0.10927326
0.03996405,0.04949242,0.05849979,0.06706602,0.07520016,0.08288646,0.09010849,0.09685878,0.10314119,0.10897003
0.03996888,0.04949883,0.05850298,0.06706208,0.07518452,0.08285410,0.09005513,0.09678172,0.10303950,0.10884413
0.03997433,0.04951371,0.05852827,0.06709438,0.07521930,0.08288746,0.09008345,0.09680071,0.10304362,0.10882675
0.03997495,0.04951454,0.05852695,0.06709030,0.07521447,0.08288638,0.09009209,0.09682532,0.10308976,0.10889890
0.03996650,0.04949842,0.05850157,0.06705351,0.07516376,0.08281936,0.09000685,0.09672035,0.10296387,0.10875100
0.03997317,0.04950430,0.05851122,0.06707385,0.07520344,0.08288784,0.09011294,0.09687101,0.10316362,0.10900198
0.03996953,0.04949540,0.05849485,0.06704734,0.07516470,0.08283473,0.09004289,0.09678126,0.10305161,0.10886565
0.03997009,0.04949775,0.05849477,0.06704076,0.07514887,0.08280726,0.09000081,0.09672077,0.10296846,0.10875564
0.03996913,0.04950017,0.05850393,0.06705743,0.07517184,0.08283423,0.09002925,0.09674855,0.10299414,0.10877847
0.03996179,0.04950462,0.05852358,0.06709647,0.07523597,0.08293009,0.09016316,0.09692542,0.10321689,0.10904800
0.03996531,0.04950429,0.05852347,0.06710212,0.07525253,0.08296224,0.09021523,0.09700128,0.10331983,0.10918066
0.03995888,0.04949334,0.05851274,0.06709508,0.07525088,0.08296632,0.09022437,0.09701394,0.10333369,0.10919285
0.03996253,0.04950310,0.05852696,0.06710884,0.07525711,0.08295707,0.09019170,0.09695046,0.10323285,0.10904905
0.03996676,0.04950468,0.05852205,0.06709285,0.07522584,0.08290820,0.09012534,0.09686876,0.10313910,0.10894692
0.03996068,0.04950633,0.05853854,0.06713419,0.07530527,0.08304011,0.09032254,0.09714043,0.10349020,0.10937863
0.03996004,0.04950259,0.05853040,0.06712005,0.07528269,0.08300640,0.09027570,0.09707988,0.10341689,0.10929472
0.03996476,0.04951166,0.05854779,0.06715489,0.07534816,0.08311822,0.09045008,0.09733148,0.10375738,0.10973225
0.03996404,0.04950873,0.05854382,0.06714947,0.07534086,0.08310814,0.09043503,0.09730772,0.10372008,0.10967619
0.03995457,0.04949849,0.05853928,0.06715568,0.07536120,0.08314513,0.09049082,0.09738406,0.10381804,0.10979593
0.03994219,0.04948530,0.05852718,0.06714739,0.07536079,0.08315768,0.09052107,0.09743515,0.10389095,0.10988971
0.03993935,0.04948005,0.05852923,0.06717138,0.07542264,0.08327132,0.09069658,0.09767825,0.10420364,0.11027126
0.03994037,0.04948248,0.05853161,0.06717205,0.07542009,0.08326445,0.09068494,0.09766225,0.10418450,0.11025087
0.03994232,0.04948221,0.05852573,0.06715800,0.07539493,0.08322455,0.09062600,0.09757960,0.10407348,0.11010717
0.03994945,0.04948925,0.05852902,0.06715519,0.07538531,0.08320803,0.09060185,0.09754589,0.10402744,0.11004581
0.03995962,0.04950409,0.05854960,0.06718628,0.07543486,0.08328500,0.09071398,0.09769854,0.10422338,0.11028568
0.03995255,0.04949116,0.05853282,0.06716956,0.07542445,0.08328838,0.09073856,0.09775082,0.10430860,0.11040775
0.03994502,0.04948603,0.05853360,0.06718122,0.07545393,0.08334317,0.09082531,0.09787462,0.10447294,0.11061486
0.03994574,0.04948936,0.05853838,0.06718676,0.07546115,0.08335543,0.09084853,0.09791656,0.10454210,0.11071942
0.03995103,0.04950309,0.05856643,0.06723574,0.07553994,0.08347514,0.09102099,0.09815238,0.10484930,0.11110302
0.03994874,0.04949789,0.05855945,0.06722861,0.07553551,0.08347698,0.09103238,0.09817544,0.10488466,0.11115002
0.03993994,0.04948461,0.05854131,0.06720102,0.07549079,0.08340627,0.09092715,0.09802860,0.10469102,0.11090634
0.03994131,0.04948736,0.05854289,0.06719773,0.07547836,0.08337912,0.09087817,0.09794966,0.10457407,0.11074428
0.03993633,0.04947853,0.05853249,0.06718753,0.07546769,0.08336390,0.09085145,0.09790320,0.10449992,0.11063588
0.03993821,0.04947842,0.05853131,0.06718790,0.07547438,0.08338367,0.09089205,0.09797215,0.10460335,0.11077796
0.03993129,0.04947301,0.05852843,0.06719063,0.07548682,0.08341025,0.09093716,0.09803965,0.10469619,0.11089788
0.03993092,0.04946628,0.05851268,0.06716389,0.07545023,0.08336782,0.09089415,0.09800098,0.10466556,0.11087752
0.03993145,0.04946360,0.05849992,0.06713332,0.07539649,0.08328992,0.09079582,0.09788950,0.10454993,0.11076686
0.03992439,0.04945440,0.05848927,0.06712222,0.07538839,0.08329198,0.09081826,0.09794382,0.10464709,0.11091605
0.03993409,0.04946783,0.05850614,0.06713962,0.07540305,0.08330260,0.09082590,0.09795096,0.10465639,0.11092954
0.03993403,0.04946794,0.05850336,0.06712877,0.07537927,0.08326366,0.09077308,0.09788856,0.10459050,0.11086688
0.03993237,0.04947715,0.05852074,0.06714829,0.07539466,0.08327057,0.09076975,0.09787514,0.10456793,0.11083594
0.03994271,0.04949156,0.05853722,0.06716513,0.07541096,0.08328554,0.09078186,0.09788173,0.10456535,0.11081996
0.03994065,0.04948673,0.05853368,0.06716790,0.07542429,0.08331106,0.09081803,0.09792441,0.10460902,0.11085898
0.03994300,0.04949272,0.05853940,0.06717199,0.07542877,0.08332038,0.09083722,0.09795759,0.10465878,0.11092642
0.03994905,0.04950341,0.05855166,0.06718421,0.07544449,0.08334777,0.09088612,0.09803618,0.10477151,0.11107363
0.03995129,0.04950621,0.05854925,0.06716949,0.07541195,0.08329533,0.09081526,0.09795083,0.10467642,0.11097315
0.03995274,0.04950526,0.05854641,0.06716749,0.07541462,0.08330689,0.09083993,0.09799234,0.10473751,0.11105532
0.03995341,0.04949556,0.05851912,0.06711610,0.07533484,0.08319765,0.09070403,0.09783631,0.10457068,0.11088842
0.03995710,0.04950107,0.05852558,0.06712319,0.07534329,0.08320781,0.09071430,0.09784282,0.10456811,0.11087129
0.03995488,0.04950302,0.05853945,0.06715620,0.07540314,0.08330309,0.09085318,0.09803108,0.10480806,0.11116183
0.03993790,0.04948947,0.05853499,0.06716970,0.07544693,0.08339111,0.09099815,0.09824225,0.10509023,0.11151576
0.03994148,0.04949253,0.05853945,0.06718135,0.07547393,0.08344132,0.09107721,0.09835294,0.10523307,0.11168999
0.03994363,0.04949646,0.05855244,0.06721114,0.07552717,0.08352377,0.09119455,0.09851121,0.10543841,0.11194811
0.03993673,0.04949820,0.05856877,0.06724697,0.07558458,0.08360134,0.09128766,0.09861321,0.10554216,0.11204716
0.03993799,0.04950404,0.05858092,0.06726680,0.07561343,0.08364038,0.09133715,0.09867207,0.10560827,0.11211802
0.03993420,0.04949784,0.05857445,0.06726612,0.07562575,0.08367165,0.09139037,0.09874679,0.10570113,0.11222386
0.03993777,0.04950241,0.05858663,0.06729618,0.07568585,0.08377347,0.09154255,0.09895346,0.10596215,0.11253601
0.03993706,0.04949744,0.05857519,0.06727970,0.07566854,0.08375971,0.09153444,0.09894989,0.10595925,0.11252836
0.03993355,0.04949244,0.05856908,0.06727370,0.07566679,0.08377039,0.09156897,0.09902070,0.10607767,0.11270342
0.03993651,0.04949131,0.05856400,0.06726447,0.07565265,0.08375052,0.09154317,0.09898954,0.10604206,0.11266422
0.03994283,0.04950736,0.05858706,0.06729008,0.07567620,0.08376812,0.09155245,0.09899036,0.10603671,0.11265704
0.03994837,0.04951272,0.05859146,0.06729419,0.07568353,0.08378502,0.09158712,0.09905131,0.10613140,0.11279124
0.03993820,0.04949671,0.05856825,0.06726632,0.07565806,0.08377214,0.09159754,0.09909385,0.10621206,0.11291322
0.03993365,0.04949450,0.05856376,0.06725287,0.07562911,0.08372261,0.09152370,0.09899266,0.10608049,0.11274810
0.03993884,0.04950133,0.05857189,0.06725991,0.07563061,0.08371118,0.09148897,0.09892259,0.10596322,0.11257346
0.03992745,0.04948809,0.05855976,0.06725016,0.07562336,0.08370628,0.09148718,0.09892645,0.10597711,0.11260286
0.03991885,0.04947500,0.05853743,0.06721437,0.07557075,0.08363370,0.09139061,0.09880049,0.10581523,0.11239824
0.03992895,0.04948607,0.05854837,0.06722598,0.07558646,0.08365874,0.09143059,0.09886032,0.10589864,0.11250782
0.03991997,0.04947076,0.05852279,0.06718255,0.07551574,0.08355198,0.09128214,0.09866866,0.10566608,0.11223924
0.03991144,0.04945730,0.05850930,0.06717522,0.07551961,0.08356997,0.09131492,0.09871513,0.10572396,0.11230569
0.03991791,0.04947654,0.05854611,0.06723369,0.07560343,0.08368142,0.09145346,0.09887707,0.10590347,0.11249630
0.03991934,0.04948068,0.05855797,0.06725676,0.07563997,0.08373188,0.09151597,0.09894762,0.10597677,0.11256663
0.03990991,0.04946804,0.05854302,0.06724337,0.07563720,0.08375250,0.09157261,0.09904929,0.10612734,0.11276524
0.03991405,0.04947251,0.05854517,0.06724414,0.07564219,0.08377106,0.09161534,0.09912505,0.10624138,0.11291899
0.03991132,0.04947416,0.05854841,0.06724588,0.07563861,0.08375869,0.09159313,0.09909564,0.10621084,0.11289550
0.03992421,0.04948668,0.05855699,0.06724580,0.07562495,0.08372668,0.09153836,0.09901423,0.10609941,0.11275110
0.03991154,0.04947483,0.05854958,0.06724579,0.07563681,0.08375723,0.09159525,0.09910313,0.10622227,0.11290600
0.03991098,0.04948342,0.05857168,0.06728651,0.07570451,0.08386458,0.09175765,0.09933576,0.10653755,0.11331262
0.03990997,0.04948498,0.05857674,0.06729879,0.07573044,0.08391241,0.09183558,0.09944998,0.10669120,0.11350612
0.03990466,0.04947041,0.05855717,0.06728396,0.07573624,0.08395799,0.09193862,0.09962277,0.10693942,0.11382993
0.03990323,0.04947165,0.05856652,0.06730634,0.07577459,0.08401281,0.09200865,0.09970632,0.10703533,0.11393787
0.03990807,0.04948211,0.05858236,0.06732180,0.07577943,0.08399551,0.09195964,0.09961982,0.10690937,0.11377320
0.03990858,0.04948298,0.05858469,0.06732326,0.07577748,0.08399098,0.09195862,0.09963290,0.10694910,0.11385143
0.03991441,0.04949106,0.05859376,0.06733235,0.07578440,0.08399227,0.09195092,0.09961441,0.10692011,0.11381383
0.03991275,0.04949055,0.05859216,0.06732870,0.07577882,0.08398612,0.09194693,0.09961637,0.10693209,0.11383936
0.03991784,0.04949962,0.05860898,0.06736100,0.07583577,0.08407632,0.09207679,0.09978921,0.10714817,0.11409660
0.03991563,0.04949517,0.05860272,0.06735150,0.07582048,0.08405274,0.09204336,0.09974555,0.10709481,0.11403458
0.03991393,0.04949843,0.05861390,0.06737399,0.07585771,0.08410744,0.09211711,0.09983883,0.10720739,0.11416599
0.03991458,0.04949664,0.05861532,0.06738577,0.07588539,0.08415289,0.09217837,0.09991126,0.10728533,0.11424399
0.03992479,0.04951005,0.05863356,0.06740218,0.07588486,0.08411529,0.09208394,0.09974505,0.10703891,0.11391470
0.03992997,0.04952143,0.05865192,0.06743020,0.07592710,0.08417697,0.09216927,0.09985621,0.10717590,0.11407598
0.03991719,0.04950381,0.05862753,0.06739505,0.07587561,0.08410324,0.09206767,0.09972151,0.10700360,0.11386250
0.03991588,0.04950204,0.05862788,0.06740317,0.07589834,0.08414622,0.09213344,0.09980913,0.10710959,0.11398235
0.03991541,0.04950096,0.05863338,0.06742253,0.07593799,0.08421039,0.09222338,0.09992361,0.10724609,0.11413825
0.03991181,0.04949572,0.05862396,0.06740740,0.07591670,0.08418492,0.09219872,0.09990689,0.10724495,0.11415953
0.03991276,0.04949982,0.05863349,0.06742669,0.07595371,0.08424970,0.09230005,0.10004948,0.10742885,0.11438126
0.03990427,0.04949079,0.05862358,0.06741364,0.07593485,0.08422411,0.09226988,0.10001971,0.10740607,0.11437224
0.03990844,0.04949400,0.05862415,0.06741202,0.07593247,0.08422079,0.09226179,0.09999937,0.10736399,0.11429908
0.03990437,0.04949050,0.05863053,0.06743612,0.07597836,0.08428763,0.09234444,0.10009038,0.10745585,0.11438575
0.03991256,0.04950346,0.05865213,0.06747175,0.07603441,0.08436921,0.09245380,0.10022694,0.10761738,0.11456956
0.03991365,0.04950419,0.05864884,0.06746027,0.07600820,0.08431911,0.09236908,0.10009706,0.10743351,0.11432542
0.03991477,0.04951730,0.05868067,0.06751776,0.07609665,0.08444076,0.09252196,0.10027505,0.10762779,0.11452619
0.03991570,0.04950974,0.05866340,0.06748884,0.07605339,0.08438119,0.09244626,0.10018560,0.10752823,0.11442035
0.03991085,0.04950281,0.05864944,0.06746278,0.07601041,0.08431636,0.09235538,0.10006693,0.10738350,0.11425460
0.03990699,0.04949657,0.05864030,0.06745028,0.07599476,0.08429800,0.09233388,0.10004007,0.10734716,0.11420335
0.03991489,0.04950299,0.05864125,0.06743975,0.07596589,0.08424560,0.09225655,0.09994052,0.10723107,0.11407774
0.03991750,0.04950155,0.05864284,0.06745622,0.07601523,0.08435004,0.09243789,0.10021559,0.10760965,0.11456316
0.03991838,0.04950189,0.05863681,0.06743673,0.07597351,0.08427678,0.09232492,0.10005715,0.10740256,0.11430619
0.03992058,0.04951102,0.05865416,0.06746301,0.07600912,0.08432081,0.09237438,0.10010688,0.10744607,0.11433674
0.03991954,0.04951357,0.05866015,0.06747261,0.07602303,0.08434104,0.09240438,0.10015104,0.10750877,0.11442166
0.03992059,0.04951497,0.05865883,0.06746400,0.07600242,0.08430495,0.09235113,0.10008049,0.10742163,0.11431877
0.03992726,0.04952380,0.05866952,0.06747670,0.07601712,0.08432102,0.09236769,0.10009694,0.10743798,0.11433561
0.03992858,0.04952422,0.05867078,0.06748114,0.07602823,0.08434267,0.09240334,0.10014940,0.10750947,0.11442787
0.03992769,0.04951711,0.05865314,0.06744845,0.07597480,0.08426104,0.09228505,0.09998649,0.10729576,0.11415946
0.03993300,0.04952610,0.05866560,0.06746405,0.07599199,0.08427705,0.09229675,0.09999151,0.10729300,0.11414904
0.03993492,0.04952451,0.05866001,0.06746001,0.07600019,0.08430906,0.09236056,0.10008954,0.10742285,0.11430560
0.03992861,0.04951199,0.05863798,0.06743006,0.07597001,0.08429139,0.09237060,0.10014190,0.10752951,0.11447525
0.03992528,0.04951025,0.05863814,0.06742966,0.07596440,0.08427424,0.09233481,0.10008087,0.10743813,0.11435017
0.03992187,0.04951231,0.05864044,0.06742135,0.07593293,0.08420932,0.09223071,0.09993674,0.10725691,0.11413702
0.03992087,0.04951080,0.05863387,0.06740224,0.07589087,0.08413230,0.09210696,0.09975637,0.10701281,0.11382480
0.03991365,0.04950006,0.05861525,0.06736871,0.07583109,0.08403090,0.09194706,0.09952270,0.10669362,0.11341215
0.03991190,0.04949615,0.05860465,0.06734397,0.07578215,0.08394841,0.09182570,0.09936222,0.10649779,0.11318680
0.03990861,0.04949469,0.05860868,0.06735721,0.07580625,0.08398127,0.09186174,0.09939443,0.10651976,0.11319399
0.03990317,0.04948128,0.05858298,0.06731484,0.07574423,0.08389856,0.09175894,0.09927303,0.10638151,0.11304055
0.03990349,0.04948036,0.05858179,0.06731775,0.07575824,0.08393114,0.09181574,0.09935657,0.10649129,0.11317402
0.03989666,0.04947492,0.05857710,0.06731423,0.07575438,0.08392202,0.09179399,0.09931463,0.10642321,0.11307615
0.03990046,0.04948321,0.05859130,0.06733560,0.07578338,0.08395796,0.09183512,0.09935843,0.10646676,0.11311638
0.03990087,0.04948847,0.05860083,0.06734890,0.07579903,0.08397385,0.09184958,0.09937135,0.10647982,0.11313265
0.03989512,0.04948480,0.05859998,0.06735409,0.07581766,0.08401729,0.09193045,0.09950001,0.10666240,0.11337094
0.03989615,0.04948547,0.05860613,0.06737291,0.07585725,0.08408683,0.09203896,0.09965434,0.10686590,0.11362346
0.03990201,0.04948330,0.05859132,0.06734072,0.07580465,0.08401321,0.09194569,0.09954362,0.10673964,0.11348267
0.03990020,0.04948594,0.05860097,0.06736333,0.07584791,0.08408300,0.09204334,0.09966578,0.10688027,0.11363527
0.03989918,0.04948294,0.05859501,0.06734979,0.07581823,0.08402713,0.09195330,0.09953819,0.10671659,0.11344060
0.03989871,0.04948096,0.05858689,0.06732669,0.07576839,0.08393763,0.09181266,0.09933840,0.10645359,0.11311338
0.03989083,0.04946840,0.05856966,0.06730429,0.07573622,0.08388573,0.09172764,0.09920702,0.10626558,0.11286248
0.03989388,0.04946896,0.05856820,0.06730206,0.07573462,0.08388600,0.09173049,0.09921232,0.10627242,0.11286932
0.03989666,0.04947023,0.05857020,0.06731104,0.07576040,0.08394027,0.09182395,0.09935218,0.10646156,0.11310705
0.03990480,0.04947780,0.05857598,0.06731470,0.07576218,0.08394151,0.09182691,0.09935919,0.10647411,0.11312540
0.03990789,0.04948858,0.05859468,0.06734152,0.07579791,0.08398615,0.09187875,0.09941512,0.10653053,0.11317898
0.03990847,0.04949094,0.05859721,0.06733863,0.07577925,0.08393743,0.09178455,0.09926232,0.10631040,0.11288736
0.03990007,0.04947916,0.05858670,0.06733543,0.07579051,0.08397182,0.09185165,0.09937113,0.10646812,0.11309898
0.03990057,0.04948541,0.05860327,0.06736584,0.07583696,0.08403424,0.09192712,0.09945460,0.10655387,0.11318191
0.03990516,0.04949281,0.05861105,0.06737095,0.07583682,0.08402834,0.09191745,0.09944487,0.10654839,0.11318472
0.03990454,0.04949061,0.05861064,0.06737785,0.07585692,0.08406497,0.09196967,0.09950795,0.10661572,0.11324975
0.03989189,0.04947465,0.05859222,0.06735741,0.07583462,0.08404063,0.09194309,0.09947946,0.10658640,0.11322126
0.03989447,0.04947658,0.05859303,0.06735512,0.07582582,0.08402186,0.09191239,0.09943685,0.10653338,0.11315987
0.03988928,0.04946608,0.05857417,0.06732241,0.07577354,0.08394648,0.09181381,0.09931798,0.10639875,0.11301433
0.03989291,0.04947810,0.05859593,0.06735389,0.07581290,0.08399073,0.09185990,0.09936372,0.10644317,0.11305748
0.03990344,0.04949600,0.05862599,0.06739988,0.07587644,0.08407094,0.09195424,0.09946943,0.10655837,0.11318148
0.03990569,0.04949932,0.05863228,0.06741081,0.07589300,0.08409381,0.09198439,0.09950856,0.10660899,0.11324666
0.03990573,0.04949794,0.05863204,0.06741541,0.07590683,0.08412118,0.09202877,0.09957203,0.10669212,0.11334897
0.03990660,0.04949353,0.05861902,0.06739040,0.07586825,0.08407006,0.09196874,0.09950866,0.10663206,0.11329901
0.03990691,0.04949209,0.05861377,0.06737711,0.07584279,0.08403049,0.09191599,0.09944577,0.10656279,0.11322677
0.03990263,0.04948497,0.05860060,0.06735249,0.07580026,0.08396455,0.09182345,0.09932585,0.10641630,0.11305519
0.03989884,0.04948102,0.05860094,0.06736209,0.07582305,0.08400311,0.09187907,0.09939878,0.10650602,0.11316063
0.03990322,0.04949037,0.05861881,0.06739384,0.07587370,0.08407494,0.09197094,0.09950713,0.10662654,0.11328952
0.03989821,0.04947676,0.05859475,0.06736125,0.07583882,0.08404600,0.09195520,0.09950904,0.10664743,0.11332834
0.03989637,0.04946836,0.05858006,0.06733785,0.07580063,0.08398294,0.09185467,0.09935845,0.10643647,0.11304997
0.03989564,0.04946857,0.05858232,0.06734131,0.07580086,0.08397206,0.09182249,0.09929428,0.10633070,0.11289497
0.03989396,0.04947521,0.05859687,0.06735942,0.07581362,0.08396689,0.09178574,0.09921419,0.10619925,0.11270819
0.03990161,0.04948863,0.05862246,0.06740253,0.07587684,0.08404934,0.09188363,0.09932243,0.10631291,0.11282339
0.03989577,0.04948235,0.05861222,0.06738213,0.07583846,0.08398600,0.09179122,0.09920012,0.10616247,0.11264790
0.03989837,0.04948484,0.05861213,0.06737359,0.07581400,0.08393877,0.09171657,0.09909628,0.10603016,0.11248960
0.03991054,0.04950188,0.05863966,0.06741737,0.07587789,0.08402455,0.09182468,0.09922672,0.10618318,0.11266587
0.03990687,0.04950401,0.05865447,0.06745301,0.07594305,0.08412698,0.09197006,0.09941820,0.10642165,0.11295065
0.03990954,0.04951333,0.05867011,0.06747125,0.07595599,0.08412283,0.09193541,0.09934107,0.10629348,0.11276677
0.03991528,0.04951078,0.05865409,0.06744120,0.07591615,0.08408117,0.09190108,0.09932152,0.10629283,0.11278577
0.03991865,0.04951641,0.05866401,0.06745375,0.07592526,0.08407780,0.09187597,0.09926772,0.10620690,0.11266748
0.03991477,0.04951303,0.05866049,0.06745103,0.07592619,0.08408686,0.09189882,0.09931057,0.10627571,0.11276740
0.03991671,0.04951339,0.05865987,0.06744893,0.07592157,0.08407820,0.09188416,0.09928774,0.10624271,0.11272257
0.03991424,0.04951067,0.05865832,0.06744753,0.07591863,0.08407231,0.09187458,0.09927440,0.10622596,0.11270285
0.03991986,0.04952691,0.05868928,0.06749771,0.07599288,0.08417473,0.09200715,0.09943654,0.10641514,0.11291567
0.03990926,0.04951774,0.05868862,0.06751091,0.07602207,0.08421916,0.09206447,0.09950395,0.10649008,0.11299593
0.03990910,0.04952148,0.05870093,0.06753552,0.07606071,0.08427212,0.09213137,0.09958429,0.10658328,0.11310138
0.03990657,0.04951596,0.05869159,0.06752155,0.07603993,0.08424066,0.09208474,0.09951871,0.10649651,0.11299287
0.03989769,0.04950037,0.05866451,0.06747941,0.07598035,0.08416227,0.09198645,0.09939897,0.10635324,0.11282372
0.03990311,0.04951230,0.05867943,0.06749693,0.07600383,0.08419884,0.09204563,0.09949054,0.10648529,0.11300175
0.03990050,0.04951625,0.05868635,0.06749860,0.07599025,0.08416078,0.09197693,0.09938918,0.10635295,0.11284246
0.03990403,0.04951068,0.05867130,0.06747315,0.07595221,0.08410758,0.09190679,0.09930187,0.10624987,0.11272617
0.03990903,0.04952204,0.05868809,0.06749680,0.07598514,0.08415122,0.09196060,0.09936340,0.10631551,0.11279207
0.03990671,0.04952101,0.05869097,0.06750388,0.07599389,0.08415678,0.09195638,0.09934202,0.10626981,0.11271586
0.03990298,0.04951435,0.05867917,0.06748326,0.07595854,0.08409984,0.09187251,0.09922896,0.10612846,0.11254929
0.03990442,0.04951516,0.05867871,0.06747752,0.07594178,0.08406610,0.09181662,0.09914700,0.10601777,0.11240833
0.03990229,0.04950730,0.05866503,0.06745703,0.07590937,0.08401207,0.09172880,0.09901378,0.10583023,0.11216112
0.03990183,0.04950166,0.05865172,0.06743355,0.07587630,0.08397362,0.09169138,0.09898405,0.10581382,0.11216212
0.03990190,0.04950148,0.05865301,0.06743979,0.07589187,0.08400274,0.09173693,0.09904691,0.10589296,0.11225513
0.03990670,0.04950190,0.05865031,0.06743844,0.07589927,0.08402818,0.09179000,0.09913590,0.10602388,0.11243158
0.03990936,0.04950212,0.05865150,0.06744886,0.07593020,0.08409146,0.09189585,0.09929169,0.10623411,0.11269851
0.03990745,0.04949556,0.05863547,0.06741774,0.07587809,0.08401307,0.09178736,0.09915126,0.10606186,0.11249612
0.03991063,0.04949600,0.05863382,0.06741327,0.07586965,0.08400042,0.09177165,0.09913463,0.10604681,0.11248503
0.03991511,0.04950517,0.05864817,0.06743392,0.07589792,0.08403732,0.09181751,0.09918878,0.10610741,0.11254921
0.03991253,0.04950415,0.05864595,0.06742505,0.07587491,0.08399181,0.09174175,0.09907683,0.10595561,0.11235590
0.03991256,0.04950883,0.05866452,0.06747003,0.07595876,0.08412325,0.09192413,0.09930906,0.10623423,0.11267702
0.03991956,0.04952011,0.05867929,0.06748250,0.07595876,0.08409811,0.09186155,0.09919925,0.10607062,0.11245586
0.03992656,0.04953059,0.05869287,0.06749474,0.07596430,0.08409399,0.09184877,0.09918223,0.10605560,0.11244936
0.03993190,0.04954080,0.05870788,0.06751227,0.07598201,0.08411117,0.09186707,0.09920534,0.10608829,0.11249649
0.03994155,0.04955379,0.05872028,0.06751642,0.07596898,0.08407355,0.09180053,0.09910856,0.10596186,0.11234171
0.03993620,0.04954823,0.05871765,0.06752148,0.07598869,0.08411703,0.09187847,0.09923216,0.10614174,0.11258715
0.03992875,0.04953859,0.05870246,0.06749399,0.07594076,0.08404178,0.09177241,0.09909596,0.10597963,0.11240559
0.03992977,0.04953934,0.05870086,0.06748576,0.07592059,0.08400429,0.09171326,0.09901261,0.10587141,0.11227326
0.03992763,0.04953591,0.05870221,0.06749807,0.07594977,0.08405717,0.09179840,0.09914008,0.10605182,0.11251684
0.03992662,0.04953665,0.05870568,0.06750341,0.07595323,0.08405194,0.09177584,0.09909163,0.10597057,0.11239816
0.03992543,0.04953390,0.05869872,0.06748894,0.07592974,0.08402035,0.09173907,0.09905374,0.10593580,0.11237018
0.03992362,0.04953515,0.05870332,0.06749253,0.07592571,0.08400146,0.09169872,0.09898670,0.10583853,0.11224064
0.03992956,0.04953842,0.05870699,0.06750699,0.07596819,0.08409224,0.09185640,0.09922487,0.10616463,0.11265667
0.03993291,0.04953804,0.05870068,0.06749065,0.07593747,0.08404444,0.09179149,0.09914529,0.10607438,0.11256029
0.03992667,0.04953678,0.05870471,0.06749648,0.07593894,0.08403216,0.09175280,0.09906567,0.10593956,0.11235807
0.03992396,0.04953944,0.05871591,0.06752330,0.07599056,0.08411885,0.09188498,0.09925271,0.10618880,0.11267439
0.03991926,0.04953775,0.05872067,0.06753898,0.07602056,0.08416516,0.09194906,0.09933642,0.10629465,0.11280525
0.03992616,0.04954686,0.05873221,0.06755207,0.07603426,0.08417986,0.09196680,0.09936015,0.10632713,0.11284824
0.03993038,0.04954939,0.05873419,0.06754955,0.07601875,0.08414012,0.09189101,0.09923763,0.10614947,0.11260975
0.03993778,0.04955587,0.05873886,0.06755012,0.07601293,0.08412737,0.09187351,0.09921993,0.10613729,0.11260871
0.03993892,0.04956538,0.05875710,0.06757455,0.07604145,0.08415924,0.09190864,0.09925805,0.10617747,0.11264945
0.03993126,0.04954872,0.05872761,0.06752526,0.07596293,0.08404012,0.09173698,0.09902290,0.10587005,0.11226353
0.03993395,0.04955064,0.05872523,0.06751482,0.07593991,0.08399988,0.09167569,0.09893811,0.10576063,0.11212928
0.03992329,0.04953424,0.05869861,0.06747321,0.07587814,0.08391166,0.09155361,0.09877471,0.10554972,0.11186675
0.03991213,0.04952425,0.05868510,0.06745157,0.07584748,0.08387528,0.09151743,0.09874503,0.10553157,0.11186323
0.03990727,0.04951620,0.05867267,0.06743536,0.07583003,0.08386053,0.09150967,0.09874791,0.10554763,0.11189388
0.03991593,0.04952003,0.05866950,0.06742109,0.07580101,0.08381622,0.09145417,0.09868964,0.10549744,0.11186302
0.03991288,0.04950709,0.05864387,0.06738281,0.07575154,0.08375714,0.09138660,0.09861445,0.10541583,0.11177676
0.03991276,0.04950622,0.05863846,0.06737350,0.07574158,0.08374925,0.09138149,0.09861086,0.10541141,0.11176910
0.03991185,0.04950760,0.05864158,0.06737613,0.07574215,0.08374805,0.09138076,0.09861421,0.10542284,0.11179212
0.03990928,0.04950467,0.05863612,0.06736843,0.07573658,0.08375332,0.09140837,0.09867579,0.10552786,0.11194669
0.03991148,0.04951209,0.05864581,0.06737728,0.07574124,0.08375060,0.09139619,0.09865408,0.10549884,0.11191461
0.03990468,0.04950435,0.05863611,0.06736201,0.07571366,0.08370161,0.09131660,0.09853703,0.10534114,0.11171679
0.03990413,0.04950604,0.05864141,0.06737068,0.07572515,0.08371660,0.09133725,0.09856630,0.10538194,0.11177136
0.03990636,0.04950730,0.05863764,0.06735397,0.07568387,0.08363757,0.09120829,0.09837776,0.10512690,0.11144497
0.03990526,0.04950756,0.05864261,0.06737038,0.07572170,0.08370886,0.09132500,0.09854972,0.10536065,0.11174376
0.03989768,0.04949583,0.05862352,0.06733747,0.07566417,0.08361250,0.09117444,0.09833085,0.10506235,0.11135845
0.03989372,0.04948388,0.05860157,0.06730390,0.07561659,0.08354805,0.09109081,0.09822713,0.10493931,0.11121837
0.03988800,0.04948233,0.05860002,0.06729803,0.07560523,0.08353491,0.09108429,0.09823859,0.10498089,0.11130125
0.03989322,0.04948727,0.05860601,0.06730679,0.07561828,0.08355197,0.09110211,0.09825078,0.10497875,0.11127488
0.03990413,0.04949917,0.05861712,0.06731415,0.07561761,0.08353815,0.09106950,0.09819356,0.10489115,0.11115154
0.03990363,0.04950205,0.05862574,0.06733211,0.07565045,0.08359230,0.09115056,0.09830509,0.10503441,0.11132586
0.03990597,0.04950545,0.05863515,0.06735279,0.07568893,0.08365651,0.09124850,0.09844312,0.10521619,0.11155230
0.03990137,0.04949474,0.05862087,0.06734191,0.07569329,0.08369116,0.09132864,0.09858103,0.10541963,0.11182448
0.03990034,0.04949211,0.05862005,0.06735024,0.07571967,0.08374331,0.09141110,0.09869451,0.10556164,0.11199060
0.03989947,0.04948693,0.05860487,0.06731888,0.07566489,0.08365693,0.09128504,0.09852208,0.10533815,0.11171332
0.03989408,0.04947863,0.05859110,0.06729808,0.07563755,0.08362522,0.09125185,0.09849004,0.10530909,0.11168807
0.03989304,0.04947636,0.05858978,0.06730294,0.07565444,0.08365844,0.09130257,0.09855598,0.10538545,0.11176895
0.03989252,0.04947579,0.05858282,0.06727798,0.07559503,0.08354675,0.09112333,0.09829924,0.10504712,0.11134977
0.03989569,0.04948652,0.05860395,0.06731202,0.07564458,0.08361371,0.09120811,0.09840048,0.10516222,0.11147556
0.03989803,0.04948986,0.05860769,0.06731339,0.07563634,0.08358513,0.09114758,0.09829808,0.10501108,0.11127202
0.03989908,0.04948858,0.05859829,0.06729072,0.07559574,0.08352183,0.09105687,0.09817590,0.10485443,0.11107901
0.03989660,0.04949403,0.05861025,0.06730706,0.07561726,0.08355356,0.09110664,0.09825168,0.10496230,0.11122241
0.03989985,0.04949770,0.05861881,0.06732621,0.07565393,0.08361509,0.09119934,0.09837967,0.10512700,0.11142283
0.03990168,0.04950283,0.05862966,0.06734931,0.07570119,0.08370211,0.09134230,0.09859231,0.10541901,0.11179968
0.03989197,0.04948526,0.05860501,0.06731736,0.07565863,0.08364244,0.09125740,0.09847454,0.10526250,0.11160065
0.03989280,0.04949682,0.05863115,0.06736161,0.07572404,0.08373131,0.09137113,0.09861350,0.10542603,0.11178716
0.03988835,0.04948386,0.05860607,0.06732147,0.07566661,0.08365589,0.09127934,0.09850932,0.10531507,0.11167563
0.03988447,0.04948306,0.05861348,0.06734035,0.07569723,0.08369517,0.09132165,0.09854800,0.10534393,0.11168979
0.03989265,0.04948924,0.05861146,0.06732898,0.07568018,0.08367862,0.09131156,0.09854820,0.10535551,0.11171155
0.03989597,0.04949192,0.05861254,0.06732570,0.07566790,0.08365138,0.09126358,0.09847560,0.10525725,0.11158948
0.03989689,0.04948946,0.05860569,0.06731290,0.07564952,0.08363122,0.09124822,0.09847253,0.10527312,0.11162914
0.03989611,0.04948757,0.05860128,0.06730530,0.07564031,0.08362530,0.09125389,0.09850036,0.10533435,0.11173424
0.03989639,0.04949175,0.05860711,0.06730916,0.07563470,0.08359785,0.09118905,0.09838254,0.10515056,0.11147529
0.03988889,0.04948957,0.05861120,0.06732024,0.07565506,0.08363209,0.09124352,0.09846414,0.10526563,0.11162917
0.03989323,0.04948899,0.05860079,0.06729560,0.07561373,0.08357387,0.09116981,0.09837681,0.10516620,0.11151844
0.03989143,0.04949493,0.05861579,0.06731759,0.07563782,0.08359386,0.09117934,0.09836989,0.10513719,0.11146200
0.03988694,0.04949074,0.05860708,0.06729980,0.07560858,0.08355323,0.09112903,0.09831212,0.10507397,0.11139473
0.03988485,0.04949292,0.05861585,0.06731531,0.07562575,0.08356085,0.09111167,0.09825344,0.10495948,0.11121319
0.03988360,0.04947981,0.05858379,0.06725793,0.07553804,0.08343908,0.09095329,0.09805693,0.10472410,0.11093878
0.03988469,0.04948119,0.05859287,0.06728679,0.07559993,0.08354547,0.09111179,0.09827069,0.10499250,0.11125870
0.03988149,0.04947956,0.05860516,0.06732808,0.07568688,0.08369399,0.09133460,0.09857587,0.10538361,0.11173580
0.03988929,0.04949647,0.05862999,0.06735735,0.07571397,0.08370939,0.09132739,0.09853562,0.10530179,0.11160631
0.03988825,0.04948867,0.05861109,0.06732102,0.07565454,0.08362355,0.09121495,0.09839924,0.10514586,0.11143579
0.03989271,0.04949762,0.05862854,0.06735170,0.07570459,0.08369933,0.09132140,0.09853899,0.10531953,0.11164284
0.03988318,0.04948357,0.05860621,0.06731367,0.07564108,0.08360120,0.09118265,0.09835757,0.10509666,0.11138160
0.03987940,0.04947686,0.05859547,0.06729772,0.07561859,0.08357037,0.09114129,0.09830354,0.10502815,0.11129733
0.03988716,0.04948581,0.05860595,0.06731118,0.07563816,0.08360083,0.09118800,0.09837102,0.10511917,0.11141270
0.03988571,0.04948231,0.05860092,0.06731000,0.07564882,0.08363253,0.09125012,0.09847199,0.10526543,0.11160818
0.03989367,0.04949391,0.05860968,0.06730702,0.07562354,0.08357454,0.09115158,0.09832922,0.10507893,0.11138158
0.03990739,0.04950698,0.05862148,0.06731560,0.07562890,0.08358027,0.09116476,0.09835898,0.10513467,0.11147148
0.03991088,0.04951218,0.05862782,0.06732537,0.07564739,0.08361458,0.09122221,0.09844577,0.10525508,0.11162780
0.03992288,0.04952580,0.05864543,0.06734603,0.07566618,0.08362307,0.09121037,0.09840438,0.10517750,0.11151050
0.03992733,0.04952598,0.05863299,0.06731039,0.07559533,0.08350505,0.09103537,0.09816644,0.10487483,0.11114470
0.03992976,0.04952738,0.05863502,0.06731298,0.07559714,0.08350465,0.09103230,0.09816148,0.10486976,0.11114178
0.03992593,0.04952490,0.05863629,0.06731802,0.07560504,0.08351515,0.09104652,0.09818177,0.10489898,0.11118265
0.03992160,0.04951384,0.05861920,0.06729939,0.07559451,0.08352540,0.09108976,0.09826696,0.10503080,0.11136189
0.03992693,0.04951552,0.05861736,0.06729543,0.07558937,0.08351820,0.09107751,0.09824525,0.10499488,0.11130758
0.03993454,0.04952817,0.05863373,0.06731102,0.07559738,0.08351245,0.09105489,0.09820668,0.10494473,0.11125222
0.03993290,0.04952533,0.05862625,0.06729468,0.07556932,0.08347247,0.09100566,0.09815296,0.10489206,0.11120584
0.03992951,0.04951909,0.05861710,0.06728482,0.07556136,0.08346833,0.09100610,0.09815755,0.10489945,0.11121409
0.03992252,0.04951289,0.05861113,0.06728085,0.07556470,0.08348756,0.09105154,0.09823916,0.10502521,0.11138931
0.03993044,0.04952664,0.05863102,0.06730884,0.07560263,0.08353612,0.09111085,0.09830977,0.10510861,0.11148777
0.03993466,0.04953012,0.05863646,0.06732121,0.07562790,0.08357947,0.09117555,0.09839719,0.10521893,0.11162079
0.03993086,0.04952392,0.05863115,0.06731667,0.07561934,0.08355889,0.09113499,0.09833157,0.10512717,0.11150535
0.03993723,0.04952914,0.05863303,0.06731108,0.07559954,0.08351724,0.09106562,0.09823226,0.10499963,0.11135432
0.03993558,0.04952171,0.05861503,0.06727681,0.07554293,0.08343233,0.09094713,0.09807620,0.10480358,0.11111729
0.03992976,0.04952241,0.05862533,0.06729899,0.07557796,0.08347997,0.09100658,0.09814658,0.10488413,0.11120729
0.03993012,0.04952633,0.05863215,0.06730623,0.07558117,0.08347465,0.09099017,0.09811934,0.10484871,0.11116769
0.03993384,0.04953062,0.05863481,0.06730439,0.07557167,0.08345298,0.09094997,0.09805302,0.10474866,0.11102739
0.03993115,0.04952665,0.05862956,0.06729766,0.07556494,0.08345014,0.09095692,0.09807635,0.10479427,0.11109958
0.03993458,0.04952634,0.05862326,0.06728228,0.07553628,0.08340275,0.09088496,0.09797514,0.10466159,0.11093609
0.03994706,0.04953961,0.05863198,0.06727735,0.07550608,0.08333507,0.09076889,0.09780258,0.10442803,0.11064055
0.03995537,0.04955379,0.05865554,0.06731428,0.07556232,0.08341869,0.09088871,0.09796668,0.10464279,0.11091045
0.03996088,0.04956286,0.05867080,0.06733857,0.07559708,0.08346342,0.09094137,0.09802435,0.10470238,0.11096908
0.03995989,0.04956690,0.05868263,0.06736078,0.07563165,0.08351231,0.09100725,0.09811106,0.10481475,0.11111256
0.03996287,0.04957852,0.05870173,0.06738298,0.07564990,0.08351812,0.09099201,0.09806718,0.10473633,0.11099555
0.03997351,0.04959308,0.05872638,0.06742051,0.07570057,0.08358174,0.09106956,0.09816116,0.10485029,0.11113316
0.03997670,0.04959776,0.05873617,0.06743905,0.07573150,0.08362897,0.09113733,0.09825350,0.10497004,0.11128137
0.03997166,0.04959785,0.05874490,0.06746021,0.07576766,0.08368059,0.09120259,0.09832891,0.10505151,0.11136520
0.03996932,0.04959393,0.05874346,0.06746777,0.07579024,0.08372086,0.09125841,0.09839363,0.10511565,0.11141839
0.03997666,0.04959748,0.05873933,0.06745328,0.07576445,0.08368417,0.09121169,0.09833760,0.10505060,0.11134418
0.03998231,0.04960142,0.05874413,0.06746043,0.07577476,0.08369852,0.09123154,0.09836498,0.10508769,0.11139271
0.03998320,0.04960231,0.05874249,0.06745081,0.07574933,0.08364871,0.09114999,0.09824681,0.10493082,0.11119741
0.03999979,0.04962532,0.05877324,0.06749055,0.07579853,0.08370657,0.09121431,0.09831425,0.10499742,0.11125922
0.03999369,0.04962004,0.05876639,0.06748238,0.07579043,0.08369809,0.09120149,0.09828997,0.10495295,0.11118591
0.03998892,0.04961733,0.05876757,0.06749105,0.07581251,0.08374125,0.09127391,0.09839928,0.10510558,0.11138690
0.03998725,0.04961813,0.05876566,0.06747674,0.07577174,0.08365889,0.09113766,0.09820205,0.10484587,0.11106763
0.03997995,0.04961055,0.05875852,0.06747581,0.07578609,0.08369877,0.09121240,0.09831853,0.10500782,0.11127579
0.03998776,0.04962540,0.05878349,0.06751610,0.07585121,0.08380291,0.09137288,0.09855335,0.10533330,0.11170509
0.03999193,0.04963096,0.05879387,0.06753849,0.07589662,0.08388473,0.09150428,0.09874462,0.10559036,0.11202934
0.03999953,0.04964303,0.05880829,0.06755103,0.07590258,0.08388033,0.09148759,0.09871597,0.10555216,0.11198550
0.04000247,0.04964669,0.05880995,0.06754692,0.07588866,0.08385249,0.09144128,0.09864593,0.10545269,0.11185115
0.04000937,0.04965353,0.05881423,0.06754698,0.07588237,0.08383615,0.09140919,0.09859088,0.10536698,0.11172748
0.04000330,0.04964187,0.05879167,0.06751031,0.07583073,0.08377024,0.09133030,0.09849993,0.10526383,0.11161076
0.03999556,0.04963774,0.05879671,0.06753006,0.07587081,0.08383637,0.09142835,0.09863566,0.10544254,0.11183693
0.03999127,0.04962448,0.05877333,0.06749584,0.07582685,0.08378718,0.09138272,0.09860613,0.10544364,0.11188316
0.03998694,0.04961686,0.05875972,0.06746859,0.07577395,0.08369385,0.09123413,0.09839037,0.10515359,0.11151685
0.03999568,0.04963231,0.05878726,0.06751616,0.07584922,0.08380083,0.09137086,0.09854894,0.10532222,0.11168256
0.03999059,0.04963126,0.05879801,0.06754955,0.07591470,0.08390412,0.09151318,0.09872743,0.10553090,0.11191347
0.03998830,0.04963132,0.05880641,0.06757034,0.07595128,0.08395975,0.09159052,0.09882775,0.10565374,0.11205674
0.03998075,0.04962156,0.05879398,0.06755306,0.07592670,0.08392651,0.09154918,0.09878099,0.10560591,0.11201311
0.03997014,0.04961463,0.05879459,0.06756490,0.07595359,0.08397184,0.09161567,0.09887066,0.10572025,0.11215318
0.03996325,0.04961260,0.05879634,0.06756719,0.07595268,0.08396461,0.09160063,0.09884870,0.10569469,0.11212914
0.03996062,0.04961467,0.05879916,0.06756526,0.07594121,0.08394021,0.09156100,0.09879227,0.10562052,0.11203704
0.03996511,0.04961460,0.05879554,0.06755932,0.07593257,0.08392577,0.09153487,0.09874645,0.10554588,0.11192430
0.03996325,0.04961679,0.05880034,0.06756610,0.07594278,0.08394302,0.09156419,0.09879346,0.10561622,0.11202340
0.03996422,0.04962521,0.05881831,0.06759607,0.07598722,0.08400395,0.09164263,0.09888918,0.10572789,0.11214888
0.03996302,0.04962687,0.05882704,0.06761961,0.07603610,0.08408919,0.09177324,0.09907055,0.10596146,0.11243282
0.03997221,0.04963475,0.05883241,0.06762238,0.07603867,0.08409645,0.09179141,0.09910560,0.10601786,0.11251316
0.03996548,0.04962422,0.05881843,0.06760412,0.07601465,0.08406659,0.09175891,0.09907756,0.10600449,0.11252629
0.03997806,0.04964549,0.05884409,0.06762910,0.07603356,0.08407478,0.09175333,0.09905679,0.10596813,0.11247416
0.03998134,0.04964784,0.05884176,0.06761650,0.07600560,0.08402914,0.09169143,0.09898323,0.10588925,0.11239658
0.03998164,0.04965120,0.05884418,0.06761446,0.07599569,0.08400840,0.09165826,0.09893817,0.10583522,0.11233838
0.03998884,0.04965866,0.05884633,0.06760364,0.07596293,0.08394364,0.09155080,0.09877773,0.10561303,0.11204808
0.03998928,0.04966160,0.05885395,0.06761863,0.07598959,0.08398703,0.09161544,0.09886660,0.10572742,0.11218786
0.03999265,0.04967120,0.05887112,0.06764134,0.07601255,0.08400146,0.09160977,0.09882820,0.10564452,0.11205090
0.03999422,0.04967474,0.05887697,0.06765046,0.07602709,0.08402403,0.09164190,0.09886947,0.10569260,0.11210235
0.03998559,0.04966320,0.05886376,0.06763842,0.07601949,0.08402358,0.09164969,0.09888418,0.10571036,0.11211720
0.03997749,0.04965457,0.05885760,0.06763866,0.07603148,0.08405252,0.09169854,0.09895252,0.10579478,0.11221248
0.03997089,0.04965329,0.05886095,0.06764336,0.07603098,0.08403655,0.09165461,0.09886852,0.10566102,0.11202250
0.03997986,0.04966577,0.05887869,0.06766717,0.07606147,0.08407381,0.09169754,0.09891467,0.10570699,0.11206452
0.03999224,0.04968413,0.05890433,0.06770594,0.07612230,0.08416562,0.09182657,0.09908334,0.10591425,0.11230711
0.03998902,0.04968551,0.05890964,0.06771258,0.07612706,0.08416714,0.09182682,0.09908750,0.10592933,0.11234037
0.03998632,0.04968274,0.05891291,0.06772678,0.07615387,0.08420472,0.09187037,0.09913049,0.10596507,0.11236310
0.03998039,0.04967313,0.05889527,0.06769597,0.07610508,0.08413486,0.09177833,0.09901657,0.10583016,0.11220803
0.03998586,0.04968227,0.05890793,0.06771352,0.07612914,0.08416576,0.09181475,0.09905637,0.10587163,0.11225082
0.03998762,0.04968142,0.05890411,0.06770362,0.07610791,0.08412697,0.09175272,0.09896740,0.10575473,0.11210761
0.03998364,0.04967635,0.05889863,0.06769894,0.07610681,0.08413334,0.09176991,0.09899660,0.10579411,0.11215251
0.03997310,0.04965875,0.05886819,0.06765480,0.07605216,0.08407373,0.09171160,0.09894524,0.10575404,0.11212655
0.03998175,0.04967220,0.05888632,0.06768029,0.07609071,0.08413286,0.09179930,0.09906902,0.10592043,0.11234100
0.03997810,0.04967112,0.05889534,0.06770506,0.07613431,0.08419488,0.09187634,0.09915639,0.10601387,0.11243766
0.03998198,0.04967640,0.05890317,0.06771685,0.07615333,0.08422872,0.09193777,0.09926187,0.10618079,0.11268174
0.03998775,0.04968178,0.05890149,0.06770133,0.07611725,0.08416674,0.09184697,0.09914185,0.10603306,0.11250882
0.03998511,0.04967950,0.05889985,0.06770143,0.07612050,0.08417383,0.09185726,0.09915357,0.10604396,0.11251672
0.03997642,0.04966917,0.05889253,0.06770531,0.07614587,0.08423179,0.09195841,0.09930673,0.10625534,0.11278971
0.03997122,0.04965527,0.05886727,0.06766503,0.07608578,0.08414628,0.09184217,0.09915600,0.10606865,0.11256798
0.03997491,0.04965500,0.05885676,0.06763760,0.07603317,0.08405812,0.09170717,0.09896406,0.10581240,0.11224329
0.03995885,0.04963145,0.05882305,0.06758859,0.07596151,0.08395531,0.09156500,0.09877578,0.10557336,0.11195096
0.03996852,0.04963883,0.05882385,0.06758105,0.07594563,0.08393184,0.09153454,0.09873827,0.10552820,0.11189749
0.03996875,0.04963976,0.05882790,0.06758770,0.07595197,0.08393390,0.09152847,0.09872122,0.10549860,0.11185502
0.03997071,0.04963943,0.05882398,0.06757496,0.07591956,0.08386628,0.09140841,0.09853297,0.10523002,0.11149826
0.03997078,0.04963771,0.05882045,0.06757172,0.07592072,0.08387695,0.09143361,0.09857671,0.10529485,0.11158514
0.03996954,0.04963485,0.05881508,0.06756284,0.07590805,0.08386289,0.09142412,0.09858076,0.10532285,0.11164738
0.03997132,0.04963279,0.05881150,0.06755556,0.07589115,0.08382950,0.09136866,0.09849987,0.10521532,0.11151340
0.03996583,0.04962794,0.05880845,0.06755405,0.07588864,0.08382150,0.09134971,0.09846478,0.10516000,0.11143533
0.03996641,0.04962535,0.05880391,0.06754928,0.07588663,0.08382631,0.09136554,0.09849496,0.10520652,0.11149887
0.03997148,0.04963384,0.05881536,0.06756446,0.07590622,0.08384964,0.09139051,0.09851874,0.10522663,0.11151391
0.03996874,0.04962565,0.05880418,0.06755327,0.07589818,0.08384898,0.09140312,0.09855213,0.10528925,0.11161434
0.03996443,0.04961362,0.05877673,0.06750041,0.07580815,0.08370813,0.09119666,0.09826559,0.10490991,0.11113218
0.03995799,0.04960980,0.05877414,0.06749809,0.07580393,0.08369730,0.09117193,0.09821816,0.10483087,0.11101369
0.03996705,0.04961901,0.05878251,0.06750652,0.07581768,0.08372564,0.09122619,0.09830943,0.10496826,0.11120349
0.03997058,0.04961804,0.05878116,0.06750954,0.07583067,0.08375580,0.09128254,0.09840216,0.10510744,0.11139782
0.03996705,0.04961706,0.05877936,0.06750573,0.07582858,0.08376343,0.09130961,0.09845740,0.10519713,0.11152549
0.03996009,0.04960605,0.05876464,0.06748750,0.07580905,0.08374804,0.09130676,0.09847723,0.10524994,0.11162053
0.03995537,0.04960421,0.05876755,0.06749384,0.07581611,0.08375374,0.09131111,0.09848263,0.10526083,0.11164264
0.03996323,0.04961891,0.05878831,0.06752130,0.07585508,0.08381414,0.09140711,0.09863061,0.10547674,0.11193982
0.03995953,0.04962864,0.05882393,0.06759604,0.07598160,0.08400416,0.09167084,0.09897587,0.10590826,0.11245905
0.03996702,0.04963657,0.05883122,0.06760041,0.07597932,0.08399143,0.09164605,0.09894116,0.10586955,0.11242493
0.03997108,0.04963980,0.05882892,0.06758426,0.07593853,0.08391358,0.09151857,0.09875308,0.10561298,0.11209576
0.03996774,0.04963983,0.05883541,0.06759889,0.07596153,0.08394483,0.09155876,0.09880441,0.10567908,0.11218109
0.03997077,0.04964459,0.05884433,0.06761534,0.07598827,0.08398217,0.09160369,0.09885084,0.10571907,0.11220631
0.03996545,0.04963588,0.05882874,0.06759256,0.07596171,0.08395922,0.09159496,0.09886853,0.10577515,0.11231087
0.03995635,0.04963043,0.05883071,0.06760747,0.07599611,0.08401922,0.09168539,0.09899308,0.10593673,0.11251206
0.03994533,0.04962350,0.05883151,0.06762157,0.07603351,0.08409428,0.09181580,0.09919848,0.10623722,0.11292657
0.03994623,0.04963806,0.05886394,0.06767347,0.07609978,0.08416060,0.09185832,0.09918603,0.10613509,0.11270077
0.03993275,0.04962713,0.05885944,0.06768231,0.07613203,0.08422841,0.09197432,0.09936155,0.10637886,0.11301834
0.03993023,0.04962817,0.05886767,0.06770390,0.07617395,0.08429802,0.09207961,0.09951105,0.10658116,0.11328137
0.03992130,0.04962331,0.05887061,0.06772380,0.07622150,0.08438091,0.09219926,0.09966140,0.10674966,0.11345143
0.03992912,0.04964298,0.05890553,0.06777482,0.07628797,0.08446240,0.09229671,0.09977756,0.10688879,0.11361850
0.03993688,0.04964798,0.05890595,0.06777271,0.07628901,0.08447535,0.09233359,0.09985357,0.10702121,0.11382492
0.03993456,0.04964386,0.05890090,0.06777226,0.07630251,0.08451648,0.09242006,0.10000518,0.10725694,0.11416019
0.03994171,0.04965400,0.05891106,0.06778135,0.07631259,0.08453233,0.09244743,0.10004844,0.10731729,0.11423511
0.03994230,0.04965184,0.05890155,0.06775581,0.07625736,0.08442806,0.09226978,0.09977049,0.10691299,0.11368247
0.03994540,0.04965499,0.05890616,0.06776694,0.07628511,0.08448749,0.09237901,0.09994818,0.10717591,0.11404397
0.03995748,0.04967123,0.05892657,0.06778863,0.07629800,0.08447387,0.09231650,0.09981387,0.10694996,0.11371158
0.03995834,0.04967174,0.05892728,0.06779027,0.07630154,0.08448144,0.09233287,0.09984742,0.10701219,0.11381545
0.03996595,0.04967793,0.05893476,0.06780373,0.07632921,0.08453482,0.09242511,0.09999092,0.10721660,0.11408664
0.03996627,0.04968034,0.05893750,0.06780196,0.07631387,0.08449273,0.09234085,0.09984948,0.10700564,0.11379789
0.03997486,0.04969091,0.05894651,0.06780525,0.07630977,0.08448307,0.09233067,0.09984625,0.10701844,0.11383651
0.03998166,0.04969689,0.05895214,0.06781085,0.07631653,0.08449362,0.09234825,0.09987304,0.10705396,0.11387699
0.03998614,0.04970219,0.05896243,0.06782830,0.07633860,0.08451232,0.09235115,0.09984526,0.10698056,0.11374504
0.03998676,0.04970863,0.05897661,0.06785069,0.07637204,0.08456349,0.09243003,0.09996330,0.10714853,0.11397130
0.03998339,0.04970230,0.05896944,0.06784829,0.07638281,0.08459835,0.09250174,0.10008504,0.10733198,0.11422500
0.03997924,0.04969390,0.05895297,0.06781503,0.07632007,0.08449273,0.09234271,0.09986758,0.10705739,0.11389995
0.03997122,0.04967999,0.05893312,0.06779146,0.07629632,0.08447344,0.09233311,0.09987263,0.10708093,0.11394439
0.03997972,0.04969354,0.05895034,0.06781445,0.07632864,0.08451761,0.09238872,0.09993556,0.10714399,0.11399862
0.03997682,0.04968123,0.05891841,0.06774435,0.07619574,0.08429566,0.09205522,0.09947613,0.10655407,0.11328250
0.03999455,0.04970401,0.05894504,0.06777349,0.07622417,0.08431667,0.09205800,0.09944647,0.10647605,0.11314044
0.03999101,0.04969480,0.05892842,0.06775074,0.07620109,0.08430533,0.09207750,0.09952136,0.10663294,0.11340409
0.03998800,0.04969072,0.05892629,0.06775283,0.07621060,0.08432750,0.09211903,0.09958882,0.10673120,0.11353556
0.03998806,0.04969419,0.05893430,0.06777219,0.07625297,0.08440668,0.09224795,0.09977736,0.10698514,0.11385675
0.03999014,0.04970278,0.05894773,0.06778445,0.07625356,0.08438033,0.09217497,0.09963533,0.10675181,0.11351289
0.03999945,0.04970895,0.05894793,0.06777646,0.07623587,0.08435152,0.09213314,0.09957811,0.10667676,0.11341806
0.04000375,0.04970600,0.05893404,0.06775080,0.07619965,0.08430809,0.09208812,0.09953883,0.10665102,0.11341276
0.04000245,0.04969422,0.05890091,0.06768833,0.07610272,0.08417307,0.09191114,0.09931478,0.10637359,0.11307518
0.04000453,0.04969663,0.05890572,0.06769813,0.07611845,0.08419227,0.09192726,0.09931789,0.10635205,0.11301762
0.04000335,0.04968897,0.05889042,0.06767244,0.07607854,0.08413450,0.09184940,0.09921991,0.10623635,0.11288872
0.04000575,0.04969327,0.05890412,0.06770617,0.07614384,0.08424143,0.09200451,0.09942487,0.10648774,0.11317884
0.04001254,0.04970871,0.05892913,0.06773859,0.07617961,0.08427588,0.09203316,0.09944362,0.10649288,0.11316728
0.04000657,0.04969411,0.05890539,0.06770664,0.07614033,0.08422809,0.09197269,0.09936363,0.10638490,0.11302234
0.04001773,0.04970707,0.05892307,0.06772778,0.07615995,0.08424084,0.09197614,0.09935971,0.10637947,0.11302363
0.04001403,0.04970640,0.05891860,0.06770982,0.07611722,0.08415992,0.09184145,0.09915462,0.10608799,0.11263191
0.04001991,0.04971480,0.05893237,0.06773103,0.07614742,0.08420014,0.09189178,0.09921391,0.10615374,0.11270059
0.04001912,0.04971576,0.05893390,0.06773050,0.07614262,0.08419039,0.09187803,0.09919820,0.10613860,0.11268854
0.04002067,0.04972830,0.05896496,0.06778999,0.07624061,0.08433524,0.09207538,0.09945096,0.10644742,0.11305268
0.04002895,0.04973870,0.05898171,0.06781699,0.07628187,0.08439558,0.09215987,0.09956344,0.10658942,0.11322314
0.04002553,0.04973826,0.05898338,0.06781655,0.07627197,0.08436621,0.09209959,0.09946092,0.10643479,0.11300866
0.04003525,0.04974836,0.05899203,0.06782107,0.07626798,0.08434814,0.09206217,0.09940081,0.10635156,0.11290490
0.04003669,0.04974885,0.05899481,0.06783230,0.07629163,0.08438297,0.09210149,0.09943442,0.10636845,0.11289548
0.04003073,0.04974273,0.05899001,0.06782812,0.07628507,0.08437084,0.09208249,0.09941024,0.10634357,0.11287615
0.04003018,0.04973437,0.05897131,0.06779849,0.07624717,0.08433011,0.09204589,0.09938491,0.10633588,0.11289114
0.04001705,0.04971819,0.05895542,0.06778334,0.07622961,0.08430367,0.09200202,0.09931454,0.10623084,0.11274496
0.04001051,0.04970886,0.05893970,0.06775739,0.07619075,0.08425049,0.09193397,0.09923172,0.10613386,0.11263490
0.03999856,0.04968742,0.05890657,0.06770803,0.07611902,0.08414889,0.09179464,0.09904790,0.10590106,0.11235125
0.04000019,0.04968500,0.05890202,0.06770592,0.07612376,0.08416287,0.09181786,0.09907859,0.10593651,0.11238852
0.04000125,0.04968185,0.05889352,0.06769169,0.07610311,0.08413485,0.09178191,0.09903507,0.10588710,0.11233635
0.04000416,0.04968424,0.05888939,0.06767838,0.07608337,0.08411677,0.09177675,0.09905464,0.10594167,0.11243360
0.03999947,0.04968376,0.05889195,0.06768524,0.07609997,0.08415348,0.09184849,0.09917919,0.10613724,0.11271644
0.03999212,0.04967499,0.05887818,0.06766247,0.07606513,0.08410543,0.09178803,0.09910819,0.10605749,0.11262880
0.03999181,0.04967442,0.05887918,0.06766845,0.07608155,0.08414023,0.09185140,0.09921158,0.10621239,0.11284567
0.03998695,0.04966472,0.05886266,0.06764212,0.07604405,0.08409398,0.09180346,0.09917298,0.10619623,0.11286503
0.03999744,0.04967929,0.05887295,0.06763641,0.07601103,0.08402462,0.09169128,0.09901359,0.10598678,0.11260383
0.03998577,0.04965927,0.05884187,0.06759144,0.07594939,0.08394366,0.09158849,0.09888655,0.10583320,0.11242172
0.03997922,0.04965375,0.05884070,0.06759808,0.07596662,0.08397288,0.09162972,0.09893914,0.10589679,0.11249689
0.03998061,0.04965728,0.05884802,0.06761213,0.07599227,0.08401739,0.09170316,0.09905460,0.10606986,0.11274440
0.03998316,0.04965420,0.05883796,0.06759170,0.07595018,0.08393353,0.09155036,0.09880163,0.10568478,0.11219758
0.03998096,0.04965032,0.05882992,0.06757762,0.07593028,0.08391066,0.09152948,0.09878886,0.10568666,0.11222065
0.03999352,0.04966453,0.05884716,0.06759723,0.07594885,0.08392262,0.09152873,0.09877050,0.10564816,0.11216210
0.03999331,0.04966247,0.05884179,0.06758527,0.07592508,0.08387893,0.09145344,0.09864852,0.10546201,0.11189351
0.03998912,0.04966517,0.05885440,0.06761029,0.07596528,0.08393645,0.09152838,0.09873832,0.10556189,0.11199748
0.03999305,0.04966605,0.05884456,0.06758471,0.07592443,0.08388751,0.09148423,0.09871526,0.10557719,0.11206736
0.03999552,0.04966789,0.05884707,0.06758824,0.07592562,0.08387684,0.09144566,0.09862805,0.10541888,0.11181666
0.03999721,0.04966457,0.05883476,0.06756346,0.07588437,0.08381437,0.09135725,0.09851012,0.10526973,0.11163659
0.04000749,0.04967567,0.05884506,0.06757337,0.07589733,0.08383596,0.09139403,0.09856888,0.10535704,0.11175846
0.04000747,0.04967276,0.05883792,0.06756110,0.07588105,0.08381949,0.09138449,0.09857672,0.10539511,0.11184060
0.04000622,0.04967041,0.05883867,0.06757168,0.07590986,0.08387467,0.09147202,0.09869975,0.10555473,0.11203719
0.04001023,0.04967869,0.05884946,0.06758368,0.07592238,0.08388645,0.09148066,0.09870184,0.10554619,0.11201362
0.04000002,0.04967049,0.05884646,0.06758689,0.07593251,0.08390595,0.09151467,0.09875762,0.10563177,0.11213642
0.04000531,0.04967531,0.05885204,0.06758930,0.07592337,0.08387502,0.09145213,0.09865517,0.10548291,0.11193626
0.04001414,0.04968639,0.05886403,0.06760368,0.07594360,0.08390687,0.09150413,0.09873868,0.10561132,0.11212371
0.04000996,0.04967708,0.05884669,0.06757809,0.07590845,0.08385714,0.09143035,0.09862787,0.10544911,0.11189670
0.04001226,0.04967308,0.05882831,0.06753607,0.07583413,0.08374443,0.09127637,0.09843232,0.10521303,0.11162131
0.04000530,0.04966477,0.05881529,0.06751230,0.07578955,0.08366519,0.09114661,0.09823688,0.10494003,0.11126366
0.04000180,0.04965768,0.05880887,0.06751292,0.07580340,0.08369564,0.09119228,0.09829122,0.10499217,0.11130006
0.04000566,0.04967227,0.05883385,0.06754604,0.07584299,0.08374145,0.09124534,0.09835319,0.10506474,0.11138463
0.04000719,0.04966958,0.05882674,0.06753387,0.07582550,0.08371884,0.09121747,0.09831856,0.10501995,0.11132457
0.04001190,0.04967386,0.05882585,0.06752231,0.07579873,0.08367512,0.09115870,0.09824993,0.10494869,0.11125852
0.04001294,0.04967545,0.05883270,0.06754082,0.07583485,0.08373236,0.09123677,0.09834424,0.10505101,0.11135819
0.04001495,0.04968683,0.05885618,0.06757754,0.07588535,0.08379733,0.09131700,0.09844064,0.10516466,0.11149062
0.04001434,0.04968566,0.05885252,0.06756667,0.07585708,0.08373687,0.09120744,0.09826531,0.10490885,0.11114241
0.04001629,0.04968948,0.05885739,0.06757184,0.07586233,0.08374346,0.09121849,0.09828511,0.10494173,0.11119177
0.04001711,0.04968835,0.05885335,0.06755735,0.07582348,0.08366372,0.09108265,0.09808166,0.10466334,0.11083464
0.04002168,0.04969551,0.05885830,0.06755499,0.07581024,0.08363898,0.09104899,0.09804431,0.10462929,0.11081168
0.04002413,0.04970084,0.05886862,0.06757138,0.07583130,0.08366019,0.09106322,0.09804285,0.10460301,0.11075198
0.04002744,0.04970539,0.05887427,0.06757943,0.07584300,0.08367505,0.09107833,0.09805333,0.10460289,0.11073499
0.04003146,0.04971080,0.05887867,0.06758437,0.07585396,0.08369922,0.09112226,0.09812126,0.10469609,0.11085200
0.04002340,0.04970714,0.05887912,0.06758662,0.07585458,0.08369393,0.09110594,0.09808818,0.10464031,0.11076784
0.04002293,0.04970603,0.05887838,0.06758821,0.07586219,0.08371271,0.09114167,0.09814635,0.10472547,0.11088327
0.04001399,0.04969287,0.05886390,0.06757601,0.07585606,0.08371694,0.09116141,0.09818750,0.10479422,0.11098553
0.04001357,0.04969471,0.05886670,0.06757840,0.07585584,0.08371050,0.09114389,0.09815347,0.10473834,0.11090292
0.04001753,0.04970436,0.05888910,0.06761758,0.07591419,0.08378921,0.09124274,0.09827055,0.10487014,0.11104481
0.04001611,0.04970462,0.05888613,0.06760178,0.07587237,0.08370615,0.09110345,0.09806252,0.10458469,0.11067739
0.04001886,0.04970407,0.05888838,0.06761520,0.07590711,0.08377457,0.09121967,0.09824091,0.10483826,0.11101663
0.04002038,0.04970653,0.05889230,0.06761817,0.07590540,0.08376476,0.09119922,0.09820792,0.10479101,0.11095330
0.04002758,0.04972019,0.05891588,0.06766012,0.07597845,0.08388348,0.09137720,0.09845574,0.10511527,0.11135675
0.04002183,0.04971679,0.05891172,0.06764989,0.07595605,0.08384409,0.09131842,0.09837761,0.10501951,0.11124595
0.04001381,0.04970551,0.05890012,0.06764139,0.07595280,0.08384504,0.09131844,0.09836789,0.10498915,0.11118369
0.04001063,0.04971320,0.05892432,0.06768793,0.07602689,0.08395120,0.09146067,0.09854992,0.10521457,0.11145592
0.04001978,0.04972626,0.05894335,0.06771071,0.07604700,0.08396001,0.09145021,0.09851511,0.10515403,0.11137148
0.04001896,0.04972533,0.05894764,0.06772936,0.07609091,0.08404048,0.09157825,0.09870090,0.10540631,0.11169717
0.04000297,0.04970723,0.05893232,0.06772497,0.07610532,0.08407797,0.09163817,0.09877829,0.10549367,0.11178621
0.04000067,0.04970256,0.05892376,0.06770837,0.07607493,0.08402744,0.09156163,0.09867109,0.10535270,0.11160973
0.04000288,0.04970404,0.05892633,0.06771506,0.07608901,0.08405162,0.09159740,0.09871872,0.10541151,0.11167860
0.04000796,0.04971131,0.05893613,0.06772706,0.07610436,0.08407359,0.09163082,0.09876875,0.10548249,0.11177337
0.04001430,0.04971714,0.05894109,0.06773209,0.07611185,0.08408641,0.09165127,0.09879836,0.10552256,0.11182558
0.04000852,0.04971836,0.05894760,0.06774095,0.07611926,0.08408902,0.09164744,0.09878875,0.10551006,0.11181487
0.04000076,0.04970544,0.05892277,0.06769967,0.07606193,0.08402176,0.09158126,0.09873784,0.10548995,0.11184083
0.03999804,0.04970014,0.05891330,0.06768386,0.07603831,0.08398970,0.09154022,0.09868650,0.10542565,0.11175951
0.03998550,0.04968720,0.05889789,0.06766301,0.07601157,0.08395952,0.09151115,0.09866412,0.10541568,0.11176715
0.03998215,0.04968230,0.05889336,0.06765778,0.07599928,0.08392862,0.09144692,0.09855153,0.10524170,0.11152202
0.03997671,0.04967531,0.05888410,0.06764472,0.07597960,0.08389853,0.09140163,0.09848523,0.10514772,0.11139313
0.03996961,0.04968385,0.05891839,0.06771523,0.07609467,0.08406324,0.09161808,0.09875355,0.10546695,0.11176186
0.03995789,0.04966984,0.05890656,0.06770733,0.07609126,0.08406497,0.09162660,0.09877181,0.10549897,0.11181210
0.03995382,0.04966279,0.05889720,0.06769128,0.07606101,0.08401235,0.09154501,0.09865707,0.10534900,0.11162604
0.03996428,0.04967533,0.05891147,0.06771148,0.07609658,0.08407736,0.09165615,0.09883109,0.10560039,0.11196575
0.03996750,0.04967564,0.05890947,0.06770915,0.07609542,0.08407704,0.09165397,0.09882211,0.10557806,0.11192257
0.03997066,0.04968390,0.05892146,0.06772446,0.07611422,0.08409984,0.09168175,0.09885653,0.10562140,0.11197759
0.03996711,0.04968448,0.05893345,0.06775770,0.07617854,0.08420254,0.09182648,0.09904345,0.10584829,0.11224106
0.03997725,0.04969591,0.05894263,0.06776103,0.07617050,0.08417471,0.09176797,0.09894226,0.10569284,0.11202134
0.03997931,0.04970080,0.05895276,0.06777894,0.07619782,0.08421254,0.09181782,0.09900667,0.10577529,0.11212575
0.03997993,0.04970999,0.05897972,0.06783691,0.07630023,0.08436818,0.09202813,0.09926587,0.10607252,0.11244782
0.03998210,0.04971342,0.05898584,0.06784920,0.07632406,0.08440955,0.09209225,0.09935644,0.10619175,0.11259682
0.03998698,0.04972021,0.05899425,0.06785579,0.07632409,0.08439832,0.09206588,0.09931198,0.10612695,0.11250973
0.03998701,0.04972715,0.05900580,0.06786701,0.07632910,0.08439126,0.09204138,0.09926539,0.10605439,0.11240803
0.03998119,0.04971343,0.05898244,0.06783038,0.07627380,0.08431140,0.09193215,0.09912441,0.10588225,0.11220818
0.03997187,0.04970495,0.05897466,0.06782585,0.07627627,0.08432371,0.09195522,0.09915727,0.10592271,0.11225345
0.03996464,0.04969910,0.05896884,0.06782023,0.07627134,0.08431901,0.09194884,0.09914617,0.10590330,0.11222228
0.03996334,0.04970107,0.05896766,0.06780625,0.07623324,0.08424476,0.09182747,0.09896963,0.10566765,0.11192768
0.03997028,0.04971586,0.05898715,0.06782493,0.07624401,0.08424140,0.09180628,0.09892960,0.10560953,0.11185293
0.03995714,0.04970120,0.05896994,0.06780450,0.07622038,0.08421579,0.09178131,0.09890904,0.10559769,0.11185401
0.03995884,0.04969764,0.05895048,0.06776034,0.07614833,0.08411823,0.09166414,0.09877910,0.10546103,0.11171496
0.03995718,0.04969964,0.05895300,0.06776157,0.07614781,0.08411582,0.09165891,0.09876898,0.10544309,0.11168606
0.03995066,0.04968930,0.05893992,0.06774785,0.07613567,0.08410654,0.09165225,0.09876326,0.10543555,0.11167333
0.03995745,0.04969598,0.05894802,0.06776140,0.07615947,0.08414591,0.09171297,0.09885145,0.10555744,0.11183511
0.03994866,0.04968759,0.05894878,0.06778416,0.07621979,0.08425980,0.09189482,0.09911253,0.10590533,0.11227384
0.03996024,0.04970431,0.05897522,0.06782979,0.07629764,0.08438300,0.09207334,0.09935129,0.10620394,0.11262749
0.03996951,0.04971836,0.05899627,0.06785454,0.07631670,0.08438333,0.09204179,0.09927750,0.10608189,0.11245555
0.03997883,0.04972980,0.05901346,0.06788174,0.07635833,0.08444393,0.09212580,0.09938907,0.10622463,0.11263242
0.03997745,0.04972275,0.05900202,0.06787069,0.07635232,0.08444552,0.09213518,0.09940451,0.10624313,0.11265021
0.03997513,0.04971746,0.05899630,0.06786822,0.07635678,0.08445902,0.09215732,0.09943244,0.10627225,0.11267505
0.03997977,0.04972646,0.05901463,0.06790033,0.07640701,0.08453128,0.09225444,0.09955557,0.10642043,0.11284539
0.03997629,0.04972536,0.05901132,0.06789075,0.07638793,0.08450058,0.09221133,0.09950031,0.10635391,0.11276857
0.03997023,0.04971892,0.05900767,0.06789318,0.07640058,0.08452898,0.09226231,0.09958114,0.10647109,0.11292703
0.03997239,0.04971950,0.05900785,0.06789436,0.07640667,0.08454791,0.09230564,0.09966222,0.10660288,0.11312040
0.03997452,0.04971966,0.05900279,0.06788455,0.07639716,0.08454814,0.09232812,0.09972039,0.10670910,0.11328463
0.03997719,0.04972310,0.05900912,0.06789728,0.07642032,0.08458418,0.09237664,0.09977837,0.10677182,0.11334665
0.03996576,0.04970852,0.05899228,0.06788154,0.07641329,0.08459720,0.09242284,0.09987057,0.10692096,0.11356103
0.03996864,0.04971495,0.05900310,0.06789791,0.07643704,0.08463076,0.09246870,0.09993065,0.10699610,0.11365083
0.03997644,0.04971687,0.05899900,0.06789211,0.07643593,0.08464049,0.09249331,0.09997098,0.10704981,0.11371317
0.03998688,0.04972987,0.05902142,0.06792982,0.07649342,0.08472185,0.09260340,0.10011581,0.10723603,0.11394720
0.03999431,0.04973292,0.05901571,0.06790862,0.07644896,0.08464741,0.09249507,0.09997315,0.10706166,0.11374586
0.03999807,0.04973128,0.05900616,0.06789130,0.07642363,0.08461222,0.09244729,0.09991076,0.10698466,0.11365665
0.03999167,0.04972302,0.05899584,0.06787615,0.07640021,0.08457863,0.09240488,0.09986464,0.10694299,0.11362916
0.03999389,0.04972380,0.05899620,0.06788307,0.07642680,0.08464237,0.09252459,0.10005727,0.10722111,0.11399983
0.03998921,0.04972005,0.05899465,0.06788791,0.07644589,0.08468788,0.09261292,0.10020744,0.10745214,0.11432813
0.03998425,0.04971810,0.05899644,0.06789244,0.07645158,0.08469228,0.09261231,0.10019731,0.10742825,0.11428737
0.03997778,0.04971337,0.05899121,0.06788206,0.07642961,0.08465313,0.09255373,0.10012132,0.10734053,0.11419582
0.03997299,0.04971099,0.05899027,0.06788561,0.07644305,0.08468201,0.09260133,0.10018718,0.10742033,0.11428246
0.03996427,0.04969654,0.05897238,0.06787153,0.07644208,0.08470357,0.09265370,0.10027655,0.10755005,0.11445276
0.03996123,0.04969200,0.05896634,0.06786429,0.07643486,0.08469857,0.09265362,0.10028400,0.10756733,0.11448173
0.03994729,0.04967274,0.05894462,0.06784521,0.07642685,0.08471458,0.09271122,0.10040362,0.10776911,0.11478250
0.03994437,0.04966865,0.05893754,0.06783209,0.07640512,0.08468305,0.09267092,0.10035810,0.10772383,0.11474351
0.03994156,0.04966436,0.05892205,0.06779288,0.07632773,0.08455220,0.09247257,0.10008189,0.10736467,0.11430175
0.03993815,0.04966468,0.05892748,0.06781270,0.07637960,0.08465969,0.09266093,0.10037325,0.10777430,0.11483652
0.03994699,0.04968167,0.05895069,0.06784133,0.07641569,0.08470843,0.09272888,0.10046570,0.10789332,0.11498037
0.03995013,0.04968797,0.05895889,0.06784989,0.07642371,0.08471579,0.09273621,0.10047441,0.10790556,0.11499879
0.03993412,0.04967000,0.05894446,0.06784678,0.07644175,0.08476601,0.09282912,0.10061809,0.10810462,0.11525447
0.03992784,0.04966578,0.05894184,0.06784173,0.07642483,0.08472195,0.09273831,0.10046008,0.10786194,0.11491537
0.03991978,0.04966086,0.05893875,0.06783703,0.07641276,0.08469361,0.09268181,0.10036207,0.10771007,0.11470023
0.03991682,0.04965813,0.05894342,0.06785774,0.07645784,0.08477025,0.09279598,0.10051879,0.10791352,0.11495376
0.03992938,0.04967494,0.05896502,0.06788752,0.07650508,0.08485164,0.09293440,0.10073952,0.10823955,0.11540218
0.03993523,0.04967964,0.05896049,0.06786493,0.07645574,0.08476718,0.09280720,0.10056398,0.10801372,0.11512876
0.03993613,0.04968246,0.05896521,0.06786752,0.07644741,0.08473496,0.09273575,0.10043787,0.10781952,0.11485625
0.03992997,0.04968049,0.05897259,0.06789197,0.07649758,0.08481831,0.09285656,0.10059617,0.10801116,0.11507411
0.03993079,0.04967895,0.05896480,0.06786830,0.07644313,0.08471431,0.09268194,0.10032941,0.10763235,0.11456662
0.03993621,0.04968930,0.05897947,0.06788912,0.07647106,0.08474754,0.09271590,0.10035794,0.10764901,0.11456576
0.03993790,0.04969168,0.05897398,0.06786562,0.07641803,0.08465227,0.09256473,0.10013692,0.10734503,0.11416773
0.03993816,0.04968969,0.05896696,0.06784810,0.07638384,0.08459644,0.09248446,0.10003170,0.10721626,0.11401805
0.03994408,0.04969560,0.05897424,0.06785770,0.07639461,0.08460496,0.09248580,0.10002062,0.10718826,0.11397003
0.03994549,0.04969624,0.05897052,0.06784404,0.07636653,0.08456209,0.09243290,0.09996650,0.10714369,0.11394551
0.03993527,0.04968684,0.05896041,0.06782860,0.07633490,0.08449702,0.09231343,0.09977197,0.10685726,0.11355606
0.03994278,0.04969300,0.05896489,0.06782823,0.07632237,0.08446194,0.09224510,0.09966232,0.10670252,0.11335693
0.03994857,0.04970124,0.05897664,0.06784559,0.07634935,0.08450515,0.09231332,0.09976507,0.10684824,0.11355163
0.03994952,0.04970334,0.05897802,0.06784432,0.07634340,0.08449158,0.09228805,0.09972323,0.10678489,0.11346244
0.03993755,0.04969038,0.05896777,0.06783767,0.07633678,0.08447610,0.09225076,0.09964985,0.10666274,0.11328238
0.03993211,0.04968137,0.05895276,0.06781663,0.07631236,0.08445311,0.09223531,0.09964830,0.10668084,0.11332466
0.03993236,0.04968187,0.05895533,0.06782102,0.07631433,0.08444473,0.09220715,0.09959203,0.10659097,0.11319913
0.03993455,0.04968358,0.05895661,0.06782110,0.07631042,0.08443297,0.09218391,0.09955478,0.10653845,0.11313123
0.03992960,0.04967930,0.05894750,0.06779956,0.07626389,0.08434307,0.09202851,0.09931158,0.10618862,0.11266178
0.03993393,0.04968399,0.05895186,0.06780599,0.07627769,0.08437351,0.09208891,0.09941799,0.10635747,0.11290756
0.03993299,0.04967564,0.05893386,0.06777832,0.07624374,0.08434019,0.09206553,0.09941445,0.10638249,0.11296746
0.03991664,0.04965546,0.05891002,0.06775210,0.07621643,0.08431220,0.09203595,0.09938101,0.10634193,0.11291616
0.03991769,0.04965600,0.05891183,0.06775492,0.07621733,0.08430457,0.09200921,0.09932171,0.10623587,0.11275066
0.03990789,0.04964370,0.05889374,0.06772557,0.07616763,0.08422172,0.09187812,0.09912722,0.10596485,0.11239334
0.03991746,0.04965801,0.05891692,0.06776668,0.07624019,0.08434041,0.09205498,0.09936917,0.10627310,0.11276437
0.03991500,0.04965853,0.05892254,0.06778028,0.07626759,0.08439081,0.09213974,0.09949995,0.10646021,0.11301564
0.03991245,0.04965376,0.05891486,0.06777387,0.07626984,0.08441023,0.09218430,0.09957598,0.10657184,0.11316486
0.03990583,0.04964460,0.05890489,0.06776889,0.07627866,0.08444300,0.09225024,0.09968154,0.10672005,0.11335557
0.03991432,0.04965746,0.05892343,0.06779516,0.07631660,0.08449797,0.09232748,0.09978473,0.10685061,0.11351287
0.03991421,0.04966052,0.05892818,0.06779890,0.07631451,0.08448299,0.09229140,0.09971974,0.10675061,0.11337395
0.03991761,0.04966445,0.05892846,0.06779129,0.07629535,0.08444851,0.09223743,0.09964196,0.10664500,0.11323732
0.03991252,0.04966054,0.05892965,0.06780587,0.07633465,0.08452555,0.09236522,0.09983176,0.10690506,0.11357227
0.03991072,0.04966382,0.05894324,0.06783266,0.07637599,0.08458204,0.09243747,0.09992074,0.10701200,0.11369831
0.03991065,0.04966904,0.05895778,0.06785756,0.07640809,0.08461471,0.09246283,0.09993226,0.10700610,0.11367476
0.03990932,0.04966955,0.05896437,0.06787075,0.07642369,0.08462444,0.09245603,0.09989778,0.10693402,0.11355761
0.03990229,0.04965998,0.05894818,0.06783977,0.07636656,0.08452982,0.09231588,0.09970910,0.10669868,0.11328095
0.03991190,0.04967875,0.05897889,0.06788626,0.07643434,0.08462638,0.09245016,0.09989028,0.10693491,0.11357833
0.03991793,0.04968387,0.05898307,0.06788472,0.07641873,0.08458653,0.09237592,0.09977314,0.10676886,0.11336007
0.03992163,0.04968780,0.05899037,0.06790070,0.07645048,0.08464226,0.09246388,0.09990043,0.10694078,0.11357999
0.03991469,0.04967795,0.05898045,0.06789293,0.07644787,0.08464890,0.09248435,0.09993910,0.10700137,0.11366553
0.03991566,0.04967617,0.05897778,0.06789402,0.07645799,0.08467198,0.09252213,0.09999134,0.10706675,0.11374254
0.03991702,0.04967915,0.05897981,0.06789343,0.07645525,0.08467033,0.09252706,0.10000946,0.10710456,0.11380571
0.03992262,0.04969177,0.05901006,0.06795149,0.07654670,0.08479418,0.09267620,0.10017273,0.10726936,0.11396003
0.03992195,0.04969498,0.05901958,0.06796869,0.07656912,0.08481316,0.09267699,0.10013701,0.10717855,0.11379809
0.03992122,0.04969462,0.05902006,0.06797356,0.07658557,0.08485385,0.09276062,0.10028648,0.10741753,0.11414752
0.03992173,0.04970045,0.05902382,0.06796281,0.07654398,0.08476248,0.09259975,0.10003794,0.10706687,0.11368543
0.03991218,0.04969515,0.05902972,0.06798938,0.07659868,0.08484740,0.09271070,0.10016590,0.10720051,0.11381340
0.03991541,0.04970192,0.05903984,0.06799751,0.07659566,0.08482354,0.09265835,0.10008022,0.10707898,0.11365488
0.03991130,0.04969931,0.05903726,0.06799326,0.07658961,0.08481720,0.09265356,0.10007772,0.10707748,0.11365110
0.03990844,0.04968617,0.05901296,0.06795685,0.07654209,0.08476290,0.09259956,0.10003205,0.10704764,0.11364309
0.03991474,0.04969990,0.05903543,0.06799014,0.07658941,0.08482858,0.09268830,0.10014804,0.10719388,0.11382122
0.03991292,0.04969412,0.05902141,0.06796246,0.07654373,0.08476373,0.09260789,0.10006085,0.10711285,0.11376145
0.03991916,0.04970233,0.05903273,0.06797654,0.07655724,0.08476998,0.09259812,0.10002614,0.10704568,0.11365646
0.03992322,0.04970341,0.05903319,0.06797770,0.07655746,0.08476408,0.09257742,0.09997919,0.10695967,0.11351890
0.03992295,0.04970648,0.05903937,0.06798623,0.07656813,0.08477737,0.09259395,0.09999928,0.10698320,0.11354556
0.03991778,0.04969691,0.05902655,0.06796723,0.07653500,0.08471887,0.09249844,0.09985693,0.10678683,0.11329050
0.03992372,0.04970426,0.05903554,0.06797619,0.07653707,0.08470005,0.09243847,0.09973237,0.10657465,0.11297093
0.03992674,0.04970461,0.05903655,0.06797934,0.07654085,0.08470075,0.09243109,0.09971135,0.10653449,0.11290670
0.03991275,0.04969112,0.05902520,0.06797605,0.07655610,0.08474927,0.09252994,0.09987739,0.10678242,0.11324804
0.03990557,0.04968074,0.05901637,0.06797296,0.07656210,0.08476748,0.09256390,0.09993118,0.10686041,0.11335429
0.03991803,0.04969529,0.05903819,0.06800551,0.07660901,0.08483410,0.09265756,0.10006054,0.10703429,0.11358064
0.03991808,0.04969767,0.05904493,0.06802012,0.07663697,0.08488202,0.09273154,0.10016483,0.10717084,0.11374929
0.03991515,0.04969299,0.05903788,0.06800852,0.07661765,0.08485291,0.09269352,0.10012239,0.10713138,0.11372190
0.03991793,0.04969756,0.05904679,0.06802812,0.07665754,0.08492382,0.09280453,0.10027903,0.10733532,0.11397171
0.03991857,0.04969773,0.05904722,0.06802513,0.07664201,0.08488247,0.09272248,0.10014258,0.10713398,0.11369916
0.03992042,0.04969895,0.05904996,0.06803111,0.07665333,0.08490162,0.09275236,0.10018614,0.10719357,0.11377593
0.03991141,0.04968933,0.05904230,0.06803378,0.07667966,0.08496785,0.09287577,0.10038371,0.10748105,0.11416700
0.03991154,0.04968859,0.05904144,0.06803506,0.07668376,0.08497109,0.09286890,0.10035272,0.10740942,0.11403825
0.03991453,0.04969055,0.05903810,0.06802342,0.07666255,0.08493925,0.09282410,0.10029102,0.10732586,0.11392794
0.03992375,0.04969806,0.05904390,0.06802885,0.07667030,0.08495432,0.09285451,0.10034746,0.10742039,0.11407238
0.03991564,0.04968632,0.05902714,0.06800551,0.07663796,0.08490943,0.09279231,0.10026207,0.10730525,0.11392093
0.03991065,0.04967997,0.05902122,0.06800051,0.07663070,0.08489274,0.09275608,0.10019501,0.10719655,0.11376139
0.03990726,0.04967680,0.05901886,0.06800016,0.07663520,0.08490607,0.09278186,0.10023519,0.10725105,0.11382852
0.03991108,0.04968267,0.05903124,0.06802281,0.07666753,0.08494152,0.09280883,0.10023948,0.10721821,0.11374551
0.03991881,0.04969406,0.05904819,0.06804573,0.07669802,0.08498517,0.09287585,0.10034293,0.10737131,0.11395936
0.03992918,0.04970757,0.05906431,0.06806387,0.07671839,0.08500952,0.09290814,0.10038933,0.10743942,0.11405695
0.03991415,0.04968664,0.05903429,0.06802383,0.07666837,0.08494866,0.09283379,0.10029727,0.10732448,0.11391366
0.03992917,0.04971346,0.05907488,0.06808205,0.07674950,0.08505751,0.09297298,0.10046653,0.10752106,0.11413326
0.03992808,0.04971027,0.05906961,0.06807516,0.07674293,0.08505564,0.09298245,0.10049502,0.10757589,0.11422036
0.03991655,0.04969697,0.05904531,0.06802711,0.07665392,0.08490543,0.09275079,0.10016461,0.10713431,0.11366069
0.03991901,0.04970553,0.05905777,0.06803804,0.07665560,0.08488831,0.09270424,0.10007814,0.10699872,0.11346890
0.03991953,0.04971228,0.05907168,0.06806111,0.07669139,0.08494282,0.09278564,0.10019540,0.10716008,0.11368070
0.03990835,0.04970023,0.05905578,0.06803816,0.07666058,0.08490648,0.09274814,0.10016160,0.10713415,0.11366560
0.03991679,0.04970856,0.05905893,0.06803034,0.07663339,0.08484833,0.09264561,0.10000133,0.10690442,0.11335725
0.03992059,0.04970892,0.05905790,0.06802732,0.07662206,0.08481551,0.09257300,0.09986902,0.10669408,0.11305419
0.03991856,0.04970457,0.05905411,0.06802283,0.07660858,0.08477779,0.09249154,0.09972352,0.10646634,0.11272969
0.03992059,0.04970219,0.05904266,0.06799777,0.07656478,0.08471005,0.09239528,0.09959518,0.10630343,0.11253074
0.03992917,0.04971541,0.05906510,0.06803807,0.07663299,0.08481508,0.09254292,0.09978748,0.10653919,0.11280645
0.03993089,0.04972071,0.05907156,0.06804620,0.07664546,0.08483575,0.09257587,0.09983625,0.10660644,0.11289393
0.03993524,0.04973360,0.05910347,0.06810686,0.07674307,0.08497578,0.09276022,0.10006330,0.10687180,0.11319163
0.03992704,0.04971776,0.05907580,0.06806622,0.07669103,0.08491511,0.09269341,0.09999176,0.10679585,0.11311084
0.03992789,0.04971793,0.05907584,0.06806431,0.07668354,0.08489719,0.09266000,0.09993851,0.10671970,0.11301014
0.03992563,0.04970899,0.05905416,0.06802101,0.07660815,0.08478065,0.09249665,0.09972620,0.10645868,0.11270177
0.03992056,0.04969896,0.05904100,0.06800727,0.07659743,0.08477708,0.09250466,0.09975026,0.10650305,0.11277017
0.03992103,0.04970091,0.05904890,0.06802570,0.07663330,0.08483982,0.09260486,0.09989811,0.10670711,0.11303694
0.03992543,0.04970989,0.05905924,0.06803385,0.07663725,0.08483973,0.09260239,0.09989520,0.10670502,0.11303574
0.03992897,0.04971990,0.05907578,0.06805749,0.07666938,0.08488196,0.09265587,0.09996014,0.10678055,0.11312017
0.03993392,0.04971982,0.05906415,0.06802886,0.07661899,0.08480673,0.09255544,0.09983703,0.10663959,0.11296753
0.03994059,0.04973093,0.05908392,0.06806109,0.07666474,0.08486412,0.09262059,0.09990545,0.10670718,0.11303099
0.03993270,0.04972293,0.05907547,0.06804856,0.07664376,0.08483216,0.09257777,0.09985387,0.10664967,0.11297022
0.03993391,0.04972670,0.05907956,0.06804757,0.07662986,0.08479603,0.09251011,0.09974687,0.10649799,0.11277118
0.03993159,0.04972640,0.05908579,0.06806428,0.07666169,0.08484822,0.09258759,0.09985329,0.10663521,0.11293931
0.03993013,0.04972129,0.05907791,0.06805429,0.07665037,0.08483677,0.09257782,0.09984778,0.10663726,0.11295269
0.03992208,0.04971061,0.05906565,0.06803886,0.07662815,0.08480297,0.09252737,0.09977603,0.10654049,0.11282827
0.03991825,0.04970551,0.05905606,0.06802330,0.07660620,0.08477455,0.09249219,0.09973343,0.10648956,0.11276814
0.03991542,0.04969354,0.05902621,0.06796774,0.07652434,0.08467465,0.09238912,0.09964489,0.10643288,0.11275835
0.03991370,0.04969431,0.05903435,0.06798549,0.07655185,0.08471132,0.09243468,0.09969992,0.10649875,0.11283696
0.03991267,0.04970217,0.05906319,0.06804573,0.07665062,0.08485191,0.09261736,0.09992334,0.10676103,0.11313637
0.03991429,0.04970942,0.05907996,0.06807601,0.07669817,0.08492091,0.09271283,0.10005114,0.10692767,0.11334841
0.03991679,0.04972136,0.05910653,0.06812259,0.07676896,0.08501659,0.09282932,0.10017999,0.10705752,0.11346687
0.03990782,0.04970999,0.05909776,0.06812483,0.07679329,0.08507367,0.09292602,0.10031788,0.10723328,0.11367382
0.03990498,0.04970679,0.05909720,0.06813419,0.07682383,0.08513803,0.09303562,0.10048118,0.10745522,0.11395613
0.03989765,0.04969418,0.05907927,0.06810822,0.07678454,0.08507895,0.09295058,0.10036518,0.10730466,0.11376859
0.03990244,0.04970557,0.05910343,0.06814952,0.07684275,0.08514968,0.09302730,0.10044092,0.10737292,0.11382361
0.03989032,0.04968219,0.05906527,0.06809177,0.07676183,0.08504522,0.09290233,0.10030074,0.10722373,0.11367165
0.03988854,0.04967757,0.05905023,0.06805750,0.07669958,0.08494797,0.09276588,0.10012401,0.10700833,0.11342107
0.03988655,0.04967034,0.05904147,0.06805555,0.07671642,0.08499699,0.09285912,0.10027008,0.10721164,0.11368227
0.03988128,0.04966050,0.05902760,0.06803725,0.07669361,0.08497045,0.09283061,0.10024214,0.10718711,0.11366372
0.03987228,0.04964481,0.05900187,0.06799958,0.07664435,0.08491199,0.09276661,0.10017671,0.10712430,0.11360722
0.03988367,0.04965051,0.05900114,0.06798814,0.07661344,0.08484936,0.09265844,0.10000961,0.10688668,0.11328999
0.03987937,0.04964835,0.05899952,0.06798418,0.07660609,0.08484142,0.09265641,0.10002201,0.10692220,0.11335614
0.03988205,0.04965109,0.05900675,0.06799778,0.07662466,0.08486173,0.09267532,0.10003750,0.10693348,0.11336322
0.03987632,0.04964724,0.05900514,0.06799732,0.07662345,0.08485754,0.09266572,0.10001986,0.10690499,0.11332091
0.03987832,0.04964755,0.05900700,0.06800544,0.07664153,0.08488670,0.09270415,0.10006352,0.10694864,0.11335917
0.03987722,0.04964291,0.05900052,0.06800022,0.07664293,0.08490136,0.09273857,0.10012286,0.10703618,0.11347626
0.03986824,0.04963836,0.05899875,0.06799730,0.07663415,0.08488468,0.09271633,0.10010126,0.10702360,0.11348157
0.03985326,0.04961971,0.05896852,0.06794714,0.07655662,0.08477504,0.09257327,0.09992654,0.10682119,0.11325662
0.03985736,0.04962184,0.05896446,0.06793315,0.07653222,0.08474252,0.09253585,0.09988691,0.10678091,0.11321634
0.03986028,0.04961921,0.05895791,0.06792538,0.07652455,0.08473443,0.09252586,0.09987338,0.10676225,0.11319090
0.03985548,0.04960968,0.05893919,0.06789311,0.07647524,0.08466675,0.09244078,0.09977324,0.10664962,0.11306776
0.03986105,0.04961608,0.05895328,0.06792214,0.07652787,0.08475330,0.09257282,0.09996263,0.10690748,0.11340382
0.03986555,0.04962498,0.05896855,0.06794472,0.07655851,0.08479268,0.09262116,0.10001912,0.10697009,0.11346948
0.03986957,0.04963292,0.05898450,0.06797256,0.07660192,0.08485587,0.09270902,0.10013694,0.10712295,0.11366185
0.03986659,0.04962640,0.05897503,0.06795770,0.07657790,0.08481910,0.09265649,0.10006602,0.10703132,0.11354744
0.03987101,0.04963994,0.05900410,0.06801138,0.07666731,0.08495578,0.09285075,0.10032577,0.10736163,0.11395070
0.03986266,0.04962769,0.05898778,0.06799029,0.07664144,0.08492639,0.09282026,0.10029721,0.10733802,0.11393468
0.03985170,0.04961063,0.05896005,0.06794586,0.07657571,0.08483758,0.09270946,0.10016787,0.10719518,0.11378412
0.03985077,0.04960568,0.05895221,0.06793828,0.07657468,0.08485239,0.09275099,0.10024706,0.10732206,0.11396751
0.03986083,0.04961516,0.05895442,0.06792380,0.07653314,0.08477522,0.09263416,0.10009247,0.10713727,0.11376433
0.03986465,0.04962468,0.05897001,0.06794766,0.07656835,0.08482411,0.09269725,0.10016850,0.10722375,0.11385812
0.03986267,0.04961570,0.05895071,0.06791240,0.07650795,0.08472644,0.09254881,0.09995619,0.10693628,0.11348670
0.03986055,0.04961178,0.05894666,0.06791026,0.07651082,0.08473897,0.09257682,0.10000566,0.10701215,0.11359208
0.03985215,0.04959412,0.05892164,0.06787815,0.07646990,0.08468642,0.09251019,0.09992372,0.10691501,0.11348075
0.03985467,0.04959792,0.05892558,0.06788276,0.07647735,0.08469963,0.09253136,0.09995306,0.10695013,0.11351690
0.03984899,0.04959425,0.05892588,0.06788693,0.07648434,0.08470927,0.09254544,0.09997523,0.10698514,0.11356961
0.03985778,0.04960910,0.05894668,0.06791267,0.07651078,0.08472794,0.09254484,0.09994349,0.10691254,0.11345011
0.03984906,0.04960366,0.05894697,0.06792170,0.07653105,0.08476021,0.09258739,0.09999186,0.10695966,0.11348676
0.03985231,0.04961164,0.05895858,0.06793463,0.07653943,0.08475512,0.09255849,0.09992909,0.10685446,0.11333275
0.03985375,0.04961432,0.05895830,0.06793158,0.07653583,0.08475281,0.09255767,0.09992807,0.10685013,0.11332112
0.03985636,0.04962209,0.05896984,0.06794993,0.07657086,0.08482071,0.09267781,0.10011916,0.10712714,0.11369391
0.03986085,0.04962670,0.05897289,0.06795015,0.07656940,0.08482244,0.09269158,0.10015678,0.10720189,0.11381910
0.03986638,0.04963207,0.05897716,0.06794697,0.07654698,0.08476626,0.09258826,0.09999722,0.10698252,0.11354130
0.03986506,0.04963084,0.05897343,0.06793554,0.07652176,0.08472173,0.09252039,0.09990379,0.10686293,0.11339617
0.03986386,0.04962353,0.05896073,0.06791762,0.07649910,0.08469559,0.09249250,0.09987577,0.10683599,0.11337106
0.03985622,0.04960802,0.05893424,0.06787800,0.07644248,0.08461573,0.09238160,0.09972581,0.10663962,0.11312206
0.03984292,0.04959529,0.05892175,0.06787073,0.07645158,0.08465637,0.09246989,0.09987610,0.10686292,0.11342550
0.03984018,0.04958969,0.05890991,0.06784880,0.07641698,0.08460959,0.09241520,0.09982093,0.10681632,0.11339648
0.03983855,0.04959395,0.05892468,0.06788148,0.07647702,0.08470683,0.09255806,0.10001491,0.10706339,0.11369534
0.03984071,0.04959371,0.05891991,0.06786946,0.07645366,0.08466609,0.09249209,0.09991512,0.10692180,0.11350561
0.03985070,0.04960426,0.05893325,0.06788871,0.07648286,0.08470974,0.09255375,0.09999613,0.10702073,0.11361863
0.03985979,0.04961553,0.05895070,0.06791593,0.07652368,0.08476731,0.09262910,0.10008718,0.10712240,0.11372358
0.03987197,0.04962623,0.05895591,0.06790730,0.07648903,0.08469184,0.09249761,0.09988654,0.10684323,0.11336080
0.03987434,0.04963032,0.05896379,0.06791696,0.07649628,0.08469355,0.09249362,0.09987978,0.10683875,0.11336458
0.03987585,0.04963699,0.05897608,0.06793161,0.07651087,0.08470830,0.09251086,0.09990252,0.10686936,0.11340418
0.03988276,0.04964698,0.05899136,0.06795459,0.07654322,0.08475074,0.09256350,0.09996513,0.10694155,0.11348541
0.03988155,0.04964718,0.05899221,0.06795887,0.07655729,0.08478340,0.09262383,0.10006060,0.10707713,0.11366360
0.03987981,0.04964175,0.05898499,0.06795414,0.07656039,0.08480080,0.09266323,0.10013032,0.10718504,0.11381623
0.03987214,0.04963968,0.05899690,0.06798916,0.07663020,0.08492135,0.09285464,0.10041486,0.10758427,0.11434850
0.03988271,0.04965342,0.05900979,0.06799800,0.07663291,0.08491717,0.09284457,0.10040195,0.10757324,0.11434502
0.03988771,0.04965528,0.05900949,0.06799509,0.07662462,0.08489734,0.09280312,0.10032553,0.10744700,0.11415451
0.03987725,0.04964061,0.05899336,0.06798215,0.07661993,0.08490487,0.09282480,0.10036119,0.10749499,0.11421249
0.03986949,0.04963421,0.05899289,0.06799515,0.07665602,0.08497454,0.09293867,0.10052927,0.10772598,0.11451317
0.03985949,0.04961990,0.05896706,0.06794944,0.07658297,0.08486872,0.09279736,0.10035271,0.10751678,0.11427533
0.03986367,0.04962968,0.05898261,0.06796633,0.07659136,0.08485439,0.09274491,0.10024903,0.10735328,0.11404847
0.03986340,0.04962289,0.05896225,0.06792741,0.07653388,0.08478209,0.09266262,0.10016060,0.10726088,0.11395281
0.03985663,0.04961349,0.05895730,0.06793824,0.07657261,0.08485842,0.09278207,0.10032417,0.10746554,0.11419254
0.03985468,0.04961137,0.05895416,0.06793381,0.07656957,0.08486279,0.09280219,0.10036899,0.10754305,0.11430862
0.03985422,0.04961518,0.05896698,0.06795859,0.07660903,0.08491895,0.09287460,0.10045377,0.10763343,0.11439653
0.03985510,0.04961141,0.05895603,0.06793687,0.07657248,0.08486479,0.09280258,0.10036647,0.10753573,0.11429483
0.03985682,0.04960727,0.05894143,0.06790705,0.07652122,0.08478452,0.09268625,0.10020947,0.10733681,0.11405572
0.03986973,0.04963438,0.05898542,0.06797247,0.07661522,0.08491484,0.09285799,0.10042291,0.10758724,0.11433482
0.03986514,0.04962406,0.05896161,0.06792250,0.07652435,0.08476885,0.09264547,0.10013689,0.10722556,0.11389950
0.03986148,0.04961985,0.05895687,0.06791619,0.07651591,0.08475879,0.09263504,0.10012739,0.10721785,0.11389367
0.03986051,0.04961561,0.05894618,0.06789843,0.07649543,0.08474444,0.09263773,0.10015725,0.10728225,0.11399651
0.03985688,0.04961128,0.05894268,0.06789468,0.07648654,0.08472286,0.09259596,0.10009044,0.10718930,0.11387983
0.03986617,0.04962323,0.05895590,0.06791008,0.07650359,0.08473702,0.09259843,0.10006996,0.10713462,0.11378170
0.03987518,0.04964053,0.05898460,0.06795566,0.07657368,0.08484042,0.09274415,0.10026634,0.10738869,0.11409866
0.03987174,0.04964000,0.05899874,0.06799997,0.07666514,0.08499551,0.09297634,0.10058381,0.10779346,0.11458718
0.03987265,0.04964898,0.05901860,0.06803447,0.07671730,0.08506700,0.09306801,0.10069680,0.10792989,0.11475026
0.03988178,0.04965761,0.05902761,0.06803914,0.07670813,0.08503270,0.09299841,0.10058467,0.10777161,0.11454555
0.03988301,0.04966145,0.05903426,0.06805079,0.07672679,0.08505717,0.09302242,0.10059729,0.10775935,0.11449477
0.03987258,0.04964317,0.05900198,0.06799207,0.07662687,0.08490204,0.09280123,0.10030365,0.10739122,0.11405343
0.03986175,0.04962857,0.05899094,0.06799444,0.07665529,0.08497114,0.09292573,0.10049628,0.10766133,0.11440659
0.03987034,0.04964418,0.05901199,0.06801325,0.07666052,0.08495038,0.09286769,0.10039206,0.10750484,0.11419452
0.03987375,0.04964912,0.05901653,0.06801404,0.07665326,0.08492968,0.09282734,0.10032579,0.10740722,0.11406142
0.03986402,0.04963445,0.05899658,0.06799177,0.07663558,0.08492604,0.09284703,0.10037561,0.10749045,0.11417805
0.03986473,0.04963687,0.05900037,0.06799535,0.07663573,0.08491860,0.09282841,0.10034451,0.10744877,0.11413075
0.03987088,0.04964654,0.05901622,0.06802228,0.07668040,0.08498802,0.09292808,0.10047680,0.10761226,0.11432056
0.03987552,0.04965016,0.05901608,0.06801640,0.07666475,0.08495515,0.09286751,0.10037677,0.10746165,0.11411033
0.03987528,0.04965310,0.05902322,0.06802605,0.07667429,0.08496321,0.09287548,0.10038909,0.10748512,0.11415281
0.03987858,0.04966232,0.05904232,0.06806039,0.07673397,0.08506405,0.09303753,0.10063374,0.10783207,0.11461789
0.03988153,0.04967018,0.05904983,0.06806739,0.07674859,0.08510306,0.09312332,0.10078932,0.10807656,0.11496406
0.03988167,0.04966645,0.05903575,0.06803607,0.07669335,0.08501788,0.09300289,0.10062890,0.10787186,0.11471147
0.03987875,0.04966682,0.05904378,0.06805690,0.07673264,0.08508060,0.09309243,0.10074675,0.10801796,0.11488461
0.03988331,0.04967836,0.05906235,0.06808075,0.07675781,0.08509965,0.09309377,0.10071559,0.10793834,0.11474178
0.03988227,0.04968255,0.05907287,0.06809443,0.07676966,0.08510534,0.09309099,0.10070437,0.10792080,0.11472147
0.03988176,0.04967893,0.05906466,0.06807890,0.07674167,0.08505631,0.09300917,0.10057657,0.10773469,0.11446747
0.03986360,0.04965466,0.05903160,0.06803361,0.07667953,0.08497153,0.09289581,0.10042950,0.10755002,0.11424250
0.03985782,0.04964453,0.05901851,0.06802484,0.07668804,0.08501335,0.09298582,0.10057787,0.10776075,0.11451390
0.03984792,0.04963225,0.05900417,0.06800809,0.07666518,0.08497654,0.09292456,0.10048143,0.10761989,0.11432162
0.03984524,0.04963113,0.05900380,0.06801071,0.07667916,0.08501664,0.09300921,0.10062857,0.10784354,0.11463035
0.03985317,0.04964842,0.05903184,0.06805357,0.07674522,0.08511892,0.09316310,0.10084819,0.10813879,0.11500571
0.03985112,0.04965630,0.05905518,0.06810045,0.07682813,0.08525364,0.09336507,0.10112888,0.10850393,0.11545570
0.03985025,0.04965288,0.05905070,0.06809880,0.07683735,0.08528652,0.09343807,0.10125935,0.10870715,0.11574295
0.03983256,0.04962673,0.05901431,0.06805082,0.07677608,0.08520862,0.09333811,0.10113055,0.10854255,0.11553652
0.03983432,0.04961789,0.05898959,0.06800392,0.07670113,0.08510130,0.09319619,0.10095381,0.10833235,0.11529519
0.03983165,0.04961079,0.05897480,0.06797608,0.07665064,0.08501523,0.09306115,0.10075907,0.10807172,0.11496718
0.03982745,0.04961566,0.05899202,0.06800335,0.07667743,0.08502424,0.09303247,0.10067471,0.10791868,0.11473830
0.03983169,0.04961613,0.05898682,0.06799301,0.07666417,0.08501152,0.09302459,0.10067613,0.10793322,0.11476856
0.03983285,0.04962584,0.05900899,0.06803495,0.07673608,0.08512498,0.09319032,0.10090219,0.10822423,0.11512595
0.03983536,0.04963314,0.05902380,0.06806213,0.07678224,0.08519653,0.09329196,0.10103621,0.10839070,0.11532337
0.03983806,0.04963845,0.05903908,0.06809514,0.07684084,0.08528746,0.09341914,0.10119999,0.10858838,0.11555047
0.03984040,0.04963786,0.05904081,0.06810854,0.07688037,0.08537211,0.09356973,0.10143553,0.10892316,0.11599301
0.03985166,0.04965378,0.05906348,0.06814641,0.07694913,0.08549399,0.09377015,0.10173805,0.10934534,0.11654474
0.03984862,0.04964136,0.05904456,0.06813010,0.07695013,0.08553011,0.09385804,0.10188951,0.10956573,0.11683375
0.03984973,0.04964331,0.05905140,0.06814573,0.07697718,0.08556891,0.09390660,0.10194422,0.10962259,0.11688917
0.03985437,0.04965346,0.05906818,0.06817130,0.07701866,0.08564029,0.09402655,0.10213123,0.10989057,0.11724565
0.03986439,0.04967030,0.05910072,0.06823061,0.07711619,0.08578659,0.09423016,0.10239777,0.11022242,0.11764221
0.03987169,0.04967640,0.05910640,0.06824071,0.07713988,0.08583621,0.09431857,0.10253540,0.11041536,0.11789207
0.03986932,0.04967135,0.05909986,0.06823421,0.07713812,0.08584928,0.09436148,0.10262486,0.11056586,0.11811350
0.03988045,0.04968961,0.05912283,0.06825856,0.07716133,0.08587002,0.09437914,0.10263880,0.11057488,0.11811572
0.03987652,0.04968668,0.05911745,0.06825022,0.07715226,0.08586360,0.09437956,0.10265130,0.11060553,0.11817052
0.03988919,0.04970608,0.05915035,0.06830531,0.07724185,0.08600385,0.09458813,0.10294346,0.11099110,0.11865311
0.03987953,0.04969178,0.05913322,0.06829007,0.07723545,0.08601426,0.09462240,0.10300586,0.11108232,0.11877077
0.03988254,0.04969542,0.05913473,0.06828094,0.07720296,0.08594418,0.09450204,0.10282643,0.11083983,0.11846539
0.03988345,0.04969888,0.05914212,0.06829238,0.07721396,0.08594382,0.09447479,0.10275648,0.11071518,0.11827966
0.03988686,0.04970915,0.05916364,0.06833424,0.07729120,0.08607662,0.09468522,0.10306408,0.11113362,0.11881586
0.03987831,0.04970738,0.05916982,0.06835258,0.07732603,0.08613053,0.09475871,0.10315634,0.11124361,0.11894311
0.03988868,0.04971864,0.05918061,0.06835787,0.07731492,0.08608741,0.09466686,0.10300201,0.11101849,0.11864446
0.03988907,0.04971673,0.05916986,0.06832549,0.07724499,0.08596567,0.09448448,0.10275676,0.11071339,0.11828538
0.03989525,0.04972411,0.05917678,0.06833234,0.07725594,0.08598981,0.09453481,0.10284708,0.11085501,0.11848536
0.03988755,0.04972090,0.05918595,0.06836308,0.07731787,0.08609059,0.09467804,0.10303173,0.11107660,0.11873791
0.03989538,0.04973300,0.05920540,0.06838826,0.07733862,0.08608873,0.09463121,0.10291863,0.11088115,0.11845084
0.03989354,0.04972934,0.05919897,0.06837882,0.07732746,0.08608004,0.09463253,0.10293976,0.11093212,0.11854005
0.03988996,0.04972918,0.05920705,0.06839815,0.07735814,0.08611802,0.09466959,0.10296520,0.11093524,0.11851213
0.03988856,0.04972560,0.05920074,0.06839067,0.07735406,0.08612281,0.09468627,0.10299223,0.11096670,0.11853943
0.03988954,0.04972278,0.05919301,0.06837852,0.07733744,0.08609970,0.09465289,0.10294451,0.11090184,0.11845667
0.03990155,0.04973903,0.05921389,0.06841187,0.07739866,0.08620893,0.09483048,0.10320690,0.11125953,0.11891454
0.03989899,0.04973370,0.05921029,0.06841880,0.07743099,0.08628554,0.09496939,0.10342038,0.11155206,0.11928384
0.03989632,0.04972818,0.05919158,0.06837271,0.07734224,0.08614098,0.09476107,0.10314696,0.11121810,0.11889767
0.03989255,0.04972395,0.05918477,0.06835568,0.07730130,0.08605784,0.09461628,0.10292406,0.11090632,0.11849240
0.03988942,0.04972242,0.05918510,0.06835774,0.07730198,0.08604942,0.09458663,0.10285887,0.11079201,0.11831818
0.03988816,0.04971938,0.05918244,0.06835418,0.07729266,0.08602771,0.09454694,0.10279884,0.11071323,0.11822545
0.03988114,0.04970731,0.05916593,0.06833580,0.07727606,0.08601636,0.09454333,0.10280440,0.11072859,0.11825083
0.03988577,0.04971560,0.05918109,0.06836488,0.07732681,0.08609355,0.09464660,0.10292841,0.11086489,0.11839010
0.03988834,0.04972273,0.05919707,0.06839354,0.07737026,0.08615133,0.09471531,0.10300215,0.11093634,0.11845176
0.03989846,0.04973412,0.05920362,0.06838766,0.07734530,0.08610508,0.09465218,0.10293245,0.11087320,0.11840767
0.03991017,0.04974970,0.05922629,0.06842354,0.07740389,0.08619787,0.09478940,0.10311999,0.11111147,0.11869251
0.03991635,0.04975735,0.05923429,0.06842925,0.07739905,0.08616786,0.09471653,0.10298839,0.11091065,0.11841809
0.03992050,0.04976135,0.05923713,0.06842946,0.07739819,0.08617317,0.09474089,0.10304736,0.11101852,0.11858531
0.03992440,0.04977090,0.05925350,0.06845536,0.07743828,0.08623332,0.09482624,0.10316043,0.11115855,0.11874871
0.03992865,0.04977843,0.05926143,0.06845727,0.07742448,0.08619234,0.09474743,0.10303665,0.11098750,0.11853260
0.03992635,0.04978293,0.05927653,0.06848945,0.07748255,0.08628686,0.09488968,0.10323711,0.11125435,0.11887100
0.03992625,0.04977990,0.05926901,0.06847502,0.07745623,0.08624149,0.09481759,0.10313211,0.11111289,0.11869211
0.03993315,0.04979490,0.05928339,0.06847634,0.07743277,0.08618787,0.09473813,0.10304015,0.11102690,0.11863112
0.03992699,0.04978943,0.05927711,0.06847277,0.07744105,0.08622158,0.09481196,0.10316586,0.11121097,0.11887476
0.03993171,0.04979466,0.05928895,0.06849924,0.07749173,0.08630654,0.09493960,0.10334102,0.11143432,0.11914353
0.03993421,0.04979702,0.05928737,0.06848470,0.07744976,0.08622051,0.09479598,0.10313387,0.11116655,0.11882501
0.03992866,0.04979324,0.05928789,0.06849255,0.07746881,0.08625534,0.09485036,0.10320892,0.11125995,0.11893167
0.03992712,0.04980179,0.05931191,0.06853500,0.07752897,0.08632835,0.09492844,0.10328368,0.11132472,0.11898265
0.03993965,0.04982954,0.05936359,0.06861893,0.07765165,0.08649404,0.09513981,0.10354305,0.11163494,0.11934710
0.03994262,0.04983671,0.05937093,0.06862238,0.07764634,0.08647379,0.09509818,0.10347522,0.11153872,0.11922289
0.03993955,0.04982819,0.05936066,0.06861646,0.07765010,0.08648606,0.09510778,0.10346232,0.11148004,0.11909707
0.03992983,0.04981661,0.05934408,0.06859276,0.07761852,0.08644607,0.09505772,0.10339902,0.11139931,0.11899459
0.03992493,0.04980417,0.05932140,0.06856206,0.07758539,0.08641804,0.09504367,0.10340875,0.11144266,0.11908026
0.03992761,0.04980800,0.05933084,0.06858281,0.07761971,0.08646231,0.09508932,0.10344536,0.11146106,0.11907419
0.03992186,0.04979694,0.05931523,0.06856439,0.07759950,0.08643913,0.09506015,0.10340698,0.11141161,0.11901367
0.03991711,0.04978624,0.05929370,0.06852065,0.07751600,0.08629468,0.09483376,0.10308173,0.11097682,0.11846518
0.03990933,0.04977829,0.05928571,0.06851224,0.07750745,0.08628674,0.09482709,0.10307667,0.11097359,0.11846414
0.03992030,0.04979443,0.05931021,0.06854686,0.07754952,0.08632703,0.09485007,0.10306301,0.11090359,0.11832039
0.03992690,0.04980737,0.05932414,0.06856138,0.07756962,0.08636236,0.09491278,0.10316463,0.11105243,0.11852036
0.03992478,0.04980364,0.05931374,0.06854226,0.07754286,0.08632996,0.09487555,0.10312154,0.11100115,0.11845833
0.03993016,0.04981496,0.05933871,0.06859224,0.07763239,0.08647499,0.09509046,0.10341594,0.11137821,0.11891511
0.03992779,0.04981899,0.05934543,0.06859787,0.07763306,0.08646567,0.09506461,0.10336637,0.11129858,0.11880104
0.03992612,0.04982235,0.05935676,0.06862061,0.07766963,0.08651637,0.09512755,0.10343871,0.11137803,0.11888683
0.03992429,0.04981866,0.05934789,0.06860792,0.07766346,0.08653497,0.09519217,0.10356767,0.11158283,0.11917139
0.03993463,0.04984012,0.05938090,0.06865158,0.07771479,0.08658948,0.09524645,0.10362232,0.11164360,0.11924826
0.03994238,0.04984484,0.05937992,0.06864282,0.07769651,0.08656014,0.09520456,0.10356628,0.11157155,0.11915806
0.03994084,0.04984911,0.05938871,0.06865591,0.07772127,0.08661356,0.09530991,0.10374664,0.11184421,0.11953204
0.03994689,0.04986038,0.05941320,0.06870993,0.07782824,0.08679895,0.09559529,0.10414563,0.11236170,0.12016611
0.03994799,0.04985548,0.05939623,0.06867286,0.07776160,0.08669372,0.09544497,0.10394729,0.11211562,0.11987461
0.03994687,0.04985094,0.05938294,0.06863698,0.07768267,0.08654930,0.09521617,0.10362269,0.11169225,0.11935620
0.03995130,0.04985471,0.05938038,0.06861976,0.07764056,0.08647161,0.09509360,0.10344895,0.11146458,0.11907499
0.03995231,0.04986240,0.05939936,0.06866069,0.07772153,0.08661658,0.09532804,0.10379475,0.11193677,0.11968113
0.03995161,0.04986507,0.05940434,0.06866961,0.07774049,0.08665691,0.09540564,0.10392770,0.11214215,0.11997247
0.03994381,0.04985220,0.05938046,0.06862241,0.07765277,0.08650890,0.09517746,0.10360186,0.11170540,0.11941652
0.03994870,0.04986262,0.05939820,0.06864983,0.07769071,0.08655682,0.09523544,0.10367250,0.11179413,0.11953052
0.03995415,0.04986338,0.05938284,0.06860840,0.07761757,0.08645121,0.09510048,0.10351350,0.11161702,0.11934076
0.03995283,0.04986514,0.05938975,0.06861639,0.07761553,0.08642334,0.09503050,0.10338862,0.11142996,0.11908963
0.03996111,0.04987296,0.05939606,0.06861278,0.07758359,0.08633518,0.09485319,0.10309074,0.11098706,0.11848658
0.03995380,0.04986488,0.05938018,0.06857772,0.07751477,0.08621772,0.09467479,0.10284320,0.11066650,0.11809270
0.03995448,0.04986705,0.05938025,0.06857010,0.07749360,0.08617816,0.09461420,0.10276186,0.11056731,0.11798024
0.03993640,0.04984102,0.05934341,0.06852147,0.07743495,0.08611326,0.09454727,0.10269606,0.11050418,0.11791995
0.03993715,0.04984515,0.05935648,0.06854833,0.07747752,0.08616924,0.09461045,0.10275809,0.11055663,0.11795593
0.03994049,0.04984999,0.05935958,0.06854403,0.07745763,0.08612367,0.09452866,0.10263087,0.11037765,0.11772215
0.03994756,0.04985653,0.05936646,0.06855144,0.07746527,0.08613222,0.09454077,0.10265120,0.11041190,0.11777592
0.03995609,0.04986646,0.05937822,0.06856136,0.07746472,0.08610842,0.09447955,0.10253982,0.11024053,0.11753761
0.03996136,0.04986804,0.05936735,0.06853070,0.07741040,0.08602959,0.09437668,0.10241317,0.11008944,0.11736061
0.03995458,0.04985691,0.05935156,0.06850976,0.07738138,0.08598581,0.09430893,0.10231241,0.10994922,0.11717817
0.03995176,0.04985578,0.05934963,0.06850569,0.07737994,0.08600083,0.09436164,0.10242668,0.11014662,0.11747502
0.03996336,0.04986986,0.05936352,0.06851442,0.07737876,0.08598702,0.09433566,0.10239204,0.11010867,0.11743944
0.03995881,0.04987343,0.05938024,0.06854842,0.07743211,0.08605821,0.09441928,0.10248001,0.11019227,0.11751096
0.03995587,0.04986696,0.05937233,0.06854320,0.07743550,0.08607845,0.09446753,0.10257004,0.11033906,0.11772887
0.03996098,0.04987317,0.05938020,0.06854977,0.07743535,0.08606469,0.09443312,0.10250915,0.11024784,0.11760553
0.03996130,0.04987825,0.05939042,0.06857096,0.07748392,0.08616906,0.09462987,0.10283548,0.11073432,0.11827211
0.03995923,0.04987959,0.05939829,0.06858705,0.07750600,0.08619085,0.09464321,0.10283329,0.11071284,0.11823156
0.03995985,0.04988041,0.05939811,0.06858054,0.07748204,0.08613193,0.09452740,0.10263848,0.11042101,0.11783112
0.03995972,0.04987589,0.05938805,0.06856346,0.07745715,0.08609969,0.09448937,0.10259643,0.11037593,0.11778261
0.03996505,0.04988531,0.05939665,0.06856050,0.07742597,0.08602043,0.09434380,0.10237277,0.11007111,0.11740164
0.03997461,0.04990392,0.05942539,0.06859613,0.07745966,0.08603683,0.09432260,0.10229290,0.10991560,0.11716071
0.03998104,0.04991191,0.05944558,0.06863775,0.07752602,0.08612345,0.09441754,0.10237899,0.10997360,0.11717231
0.03996738,0.04989966,0.05943752,0.06863754,0.07753916,0.08615744,0.09448103,0.10248020,0.11011898,0.11736599
0.03996208,0.04989317,0.05942731,0.06862401,0.07752627,0.08615408,0.09450133,0.10254193,0.11024070,0.11756437
0.03995864,0.04989364,0.05943121,0.06863179,0.07753702,0.08616428,0.09450437,0.10252854,0.11020021,0.11748616
0.03995500,0.04989487,0.05943600,0.06863461,0.07753088,0.08614405,0.09446847,0.10247891,0.11014129,0.11742369
0.03995638,0.04989848,0.05944837,0.06866323,0.07758328,0.08622700,0.09458826,0.10264264,0.11035782,0.11770356
0.03996548,0.04991327,0.05946886,0.06869055,0.07762105,0.08628188,0.09466976,0.10276176,0.11052508,0.11792716
0.03996004,0.04990869,0.05946346,0.06868334,0.07761023,0.08626271,0.09463324,0.10269486,0.11041228,0.11775269
0.03995800,0.04990372,0.05945374,0.06866561,0.07758136,0.08622216,0.09458464,0.10264534,0.11037038,0.11772614
0.03995516,0.04990207,0.05944773,0.06864770,0.07754241,0.08615265,0.09447559,0.10248886,0.11016006,0.11745740
0.03995158,0.04989812,0.05943986,0.06863279,0.07751608,0.08610883,0.09440721,0.10238954,0.11002575,0.11728719
0.03995720,0.04991217,0.05947415,0.06870196,0.07763353,0.08628471,0.09464841,0.10270059,0.11040980,0.11774654
0.03996262,0.04991746,0.05947694,0.06870367,0.07764014,0.08630477,0.09469003,0.10276915,0.11050710,0.11787123
0.03995784,0.04991243,0.05947117,0.06869153,0.07760953,0.08623735,0.09456431,0.10256515,0.11021006,0.11747318
0.03996157,0.04991210,0.05945880,0.06865669,0.07754186,0.08612751,0.09440335,0.10234355,0.10991749,0.11709916
0.03996536,0.04992172,0.05947217,0.06867102,0.07755068,0.08611875,0.09435982,0.10224513,0.10974409,0.11683296
0.03996559,0.04992537,0.05948239,0.06869746,0.07760876,0.08622557,0.09453004,0.10248875,0.11006624,0.11723488
0.03996690,0.04993099,0.05949943,0.06873581,0.07768355,0.08635793,0.09474515,0.10281207,0.11051975,0.11783495
0.03997406,0.04993332,0.05949615,0.06872827,0.07767415,0.08634980,0.09474168,0.10281634,0.11053407,0.11786073
0.03997313,0.04993361,0.05949919,0.06873431,0.07768242,0.08635916,0.09475111,0.10282542,0.11054323,0.11787128
0.03997505,0.04993982,0.05950840,0.06874689,0.07770015,0.08638543,0.09479119,0.10288602,0.11063149,0.11799345
0.03996938,0.04992777,0.05948811,0.06871818,0.07766683,0.08635581,0.09477602,0.10289537,0.11067217,0.11806818
0.03995824,0.04991445,0.05947401,0.06871094,0.07768201,0.08641430,0.09489959,0.10310259,0.11097617,0.11847633
0.03995405,0.04991292,0.05948731,0.06875531,0.07777546,0.08657384,0.09513836,0.10342769,0.11138794,0.11896930
0.03994664,0.04990031,0.05946482,0.06871676,0.07771252,0.08647769,0.09500210,0.10324778,0.11116428,0.11870402
0.03994499,0.04989333,0.05944909,0.06868322,0.07764815,0.08636860,0.09483654,0.10301763,0.11086477,0.11833274
0.03995571,0.04991171,0.05946932,0.06869863,0.07765234,0.08635559,0.09480097,0.10295533,0.11077361,0.11821304
0.03996376,0.04992285,0.05948385,0.06871907,0.07768618,0.08641637,0.09490658,0.10312478,0.11102375,0.11855667
0.03996886,0.04992913,0.05948899,0.06872429,0.07769750,0.08644449,0.09496540,0.10322879,0.11118534,0.11878426
0.03994991,0.04990474,0.05946391,0.06870843,0.07770453,0.08648933,0.09506074,0.10338207,0.11139767,0.11905147
0.03996053,0.04991665,0.05947713,0.06872518,0.07772918,0.08652735,0.09511680,0.10345812,0.11149208,0.11915946
0.03996419,0.04991608,0.05947176,0.06871299,0.07770305,0.08647288,0.09501325,0.10328196,0.11122114,0.11877580
0.03996508,0.04990764,0.05945548,0.06868896,0.07766636,0.08641293,0.09491698,0.10313870,0.11102605,0.11853051
0.03994851,0.04989022,0.05943584,0.06866601,0.07764117,0.08639263,0.09491602,0.10317608,0.11112032,0.11869571
0.03995163,0.04989326,0.05943617,0.06866648,0.07764893,0.08641684,0.09496532,0.10325668,0.11123537,0.11884570
0.03994976,0.04989241,0.05943808,0.06866846,0.07764034,0.08637806,0.09487042,0.10307896,0.11095292,0.11844469
0.03995732,0.04990736,0.05946175,0.06869885,0.07767108,0.08639765,0.09486323,0.10302800,0.11084323,0.11826565
0.03996164,0.04990975,0.05945618,0.06867648,0.07761913,0.08629933,0.09469924,0.10277920,0.11049308,0.11780163
0.03994902,0.04989256,0.05943615,0.06865434,0.07759552,0.08627489,0.09467461,0.10275526,0.11047124,0.11778402
0.03994935,0.04989673,0.05944469,0.06866637,0.07760984,0.08629044,0.09469050,0.10277038,0.11048400,0.11779243
0.03995168,0.04989526,0.05943223,0.06863241,0.07754007,0.08616868,0.09450193,0.10250411,0.11013395,0.11735668
0.03993988,0.04987780,0.05941046,0.06861262,0.07753386,0.08619239,0.09457469,0.10264523,0.11036064,0.11768270
0.03993939,0.04987653,0.05940678,0.06860200,0.07750905,0.08614631,0.09450442,0.10255462,0.11026026,0.11758759
0.03993807,0.04987994,0.05941147,0.06859943,0.07748342,0.08607569,0.09436485,0.10232525,0.10992721,0.11714525
0.03993867,0.04988673,0.05942055,0.06860305,0.07746803,0.08602384,0.09425937,0.10215327,0.10968229,0.11682736
0.03993573,0.04988877,0.05942227,0.06859479,0.07743905,0.08596493,0.09416435,0.10201961,0.10951096,0.11662218
0.03994702,0.04990957,0.05945417,0.06863741,0.07749124,0.08602424,0.09422543,0.10207298,0.10954318,0.11661715
0.03994115,0.04990291,0.05945445,0.06865699,0.07754567,0.08612963,0.09439503,0.10231451,0.10985798,0.11700126
0.03994631,0.04991189,0.05945990,0.06864404,0.07749129,0.08600574,0.09417345,0.10197180,0.10937840,0.11637736
0.03995243,0.04991970,0.05946671,0.06864278,0.07747192,0.08595634,0.09408153,0.10182547,0.10916734,0.11609321
0.03994752,0.04990628,0.05943966,0.06860002,0.07741618,0.08589462,0.09402353,0.10178214,0.10914960,0.11611111
0.03995094,0.04991166,0.05944638,0.06860462,0.07741291,0.08587520,0.09397790,0.10170035,0.10902403,0.11593787
0.03995214,0.04991316,0.05944406,0.06859845,0.07740857,0.08588430,0.09401647,0.10178604,0.10917313,0.11616325
0.03995800,0.04992698,0.05946516,0.06862506,0.07743712,0.08590975,0.09403334,0.10178939,0.10915918,0.11612941
0.03996994,0.04993705,0.05947597,0.06863963,0.07745815,0.08594050,0.09407854,0.10185547,0.10925345,0.11625899
0.03996360,0.04992824,0.05946100,0.06861333,0.07741199,0.08586174,0.09395187,0.10166585,0.10898885,0.11591177
0.03996648,0.04993462,0.05946662,0.06861623,0.07741504,0.08587351,0.09398525,0.10173544,0.10910828,0.11609193
0.03995897,0.04992685,0.05946057,0.06861506,0.07742210,0.08588997,0.09400865,0.10175968,0.10912481,0.11609125
0.03996136,0.04993151,0.05947182,0.06863882,0.07746822,0.08597367,0.09414944,0.10197856,0.10944095,0.11651959
0.03996315,0.04993274,0.05946447,0.06861152,0.07740805,0.08586714,0.09398343,0.10174133,0.10912308,0.11611446
0.03995837,0.04993980,0.05949168,0.06866884,0.07750762,0.08602184,0.09420460,0.10203672,0.10949590,0.11656358
0.03997032,0.04995946,0.05952233,0.06871459,0.07757305,0.08611221,0.09432646,0.10219812,0.10970554,0.11682959
0.03997356,0.04996359,0.05952831,0.06872588,0.07759832,0.08616633,0.09442909,0.10237112,0.10997040,0.11720550
0.03997752,0.04997037,0.05954048,0.06875057,0.07764945,0.08626566,0.09460518,0.10265589,0.11039457,0.11779457
0.03997969,0.04997306,0.05954159,0.06874120,0.07761548,0.08618947,0.09446769,0.10243889,0.11008307,0.11737835
0.03998106,0.04997112,0.05954001,0.06874312,0.07762271,0.08620109,0.09447836,0.10243824,0.11005664,0.11730984
0.03998183,0.04997327,0.05954361,0.06875022,0.07763476,0.08621794,0.09449805,0.10245733,0.11007103,0.11731560
0.03997546,0.04996653,0.05954406,0.06876937,0.07768376,0.08630386,0.09462195,0.10261412,0.11025080,0.11750570
0.03998042,0.04997223,0.05954859,0.06877226,0.07768588,0.08630610,0.09462373,0.10261265,0.11024136,0.11748254
0.03998495,0.04997370,0.05954734,0.06876633,0.07767355,0.08628710,0.09459978,0.10258730,0.11021942,0.11746938
0.03998730,0.04998462,0.05957677,0.06882674,0.07778076,0.08645921,0.09485460,0.10293922,0.11067679,0.11803362
0.03998693,0.04997722,0.05956735,0.06882493,0.07780015,0.08651569,0.09496332,0.10311146,0.11091833,0.11834472
0.03997710,0.04996201,0.05954533,0.06879469,0.07775554,0.08644437,0.09484882,0.10293693,0.11066979,0.11801289
0.03997597,0.04996175,0.05954194,0.06878317,0.07773048,0.08640078,0.09478349,0.10284961,0.11056329,0.11789226
0.03997536,0.04996664,0.05955276,0.06880274,0.07776751,0.08647101,0.09490844,0.10305278,0.11086576,0.11830935
0.03997303,0.04996399,0.05955214,0.06880163,0.07775425,0.08642280,0.09479356,0.10283664,0.11051770,0.11780743
0.03996990,0.04996749,0.05956949,0.06883642,0.07780392,0.08647947,0.09484732,0.10287935,0.11054539,0.11782079
0.03997057,0.04996715,0.05956273,0.06882183,0.07778490,0.08646336,0.09484277,0.10289334,0.11058139,0.11787858
0.03996504,0.04995249,0.05953496,0.06877900,0.07772280,0.08637364,0.09471321,0.10270972,0.11033010,0.11754862
0.03996677,0.04994966,0.05953084,0.06878738,0.07776659,0.08648196,0.09491725,0.10303846,0.11080710,0.11819059
0.03997021,0.04995253,0.05953296,0.06879063,0.07777648,0.08650743,0.09496887,0.10312597,0.11093758,0.11836775
0.03997370,0.04995714,0.05954160,0.06880308,0.07778843,0.08651192,0.09495818,0.10309348,0.11087897,0.11828148
0.03997924,0.04996569,0.05955574,0.06882584,0.07781969,0.08654645,0.09498563,0.10309978,0.11084847,0.11819896
0.03998099,0.04996467,0.05954591,0.06879968,0.07776657,0.08645105,0.09482865,0.10286073,0.11050893,0.11774473
0.03998364,0.04998393,0.05958245,0.06884948,0.07782026,0.08649501,0.09484757,0.10284038,0.11043782,0.11761463
0.03998766,0.04998578,0.05958737,0.06886654,0.07786034,0.08656842,0.09496275,0.10300386,0.11065496,0.11789030
0.03998953,0.04998960,0.05960203,0.06890806,0.07795285,0.08674221,0.09524984,0.10343343,0.11125037,0.11866812
0.03998889,0.04998932,0.05960509,0.06891793,0.07797294,0.08677680,0.09530498,0.10351700,0.11137123,0.11883484
0.03998746,0.04998371,0.05959941,0.06891914,0.07799182,0.08682783,0.09540493,0.10368270,0.11161771,0.11917433
0.03999474,0.04999716,0.05961823,0.06893974,0.07801157,0.08684841,0.09543367,0.10373161,0.11170092,0.11930546
0.03998054,0.04998452,0.05961196,0.06894374,0.07802775,0.08687479,0.09546331,0.10375338,0.11170176,0.11927293
0.03997373,0.04996614,0.05957768,0.06889409,0.07797036,0.08682608,0.09544674,0.10379435,0.11182201,0.11948695
0.03997439,0.04997748,0.05960738,0.06895256,0.07807082,0.08698338,0.09567478,0.10410312,0.11221570,0.11996400
0.03997915,0.04998472,0.05962062,0.06897862,0.07811862,0.08706280,0.09579498,0.10427077,0.11243409,0.12023319
0.03999319,0.04999903,0.05963730,0.06900079,0.07815474,0.08712983,0.09591785,0.10447828,0.11275344,0.12068576
0.03999625,0.05000427,0.05964168,0.06900296,0.07815461,0.08712676,0.09590820,0.10445381,0.11270184,0.12059267
0.04001639,0.05002725,0.05965860,0.06900660,0.07813572,0.08707061,0.09579408,0.10425813,0.11240252,0.12017259
0.04001965,0.05002780,0.05965486,0.06899767,0.07811663,0.08702832,0.09570717,0.10410046,0.11214861,0.11980186
0.04001858,0.05003109,0.05966538,0.06902356,0.07816931,0.08711866,0.09584233,0.10428277,0.11237610,0.12006966
0.04002496,0.05003884,0.05968178,0.06906137,0.07824878,0.08726657,0.09608746,0.10465000,0.11288248,0.12072347
0.04001123,0.05002419,0.05966435,0.06903518,0.07820245,0.08718404,0.09595088,0.10444352,0.11259477,0.12034833
0.04001930,0.05003661,0.05968720,0.06907630,0.07826852,0.08727664,0.09606417,0.10456467,0.11270662,0.12043264
0.04002139,0.05004560,0.05970797,0.06911495,0.07833187,0.08737115,0.09619482,0.10473452,0.11291708,0.12068399
0.04001863,0.05003466,0.05968001,0.06905927,0.07823940,0.08723862,0.09602724,0.10454447,0.11272157,0.12050076
0.04001177,0.05002627,0.05966952,0.06904637,0.07822540,0.08722803,0.09602737,0.10456326,0.11276516,0.12057207
0.04001821,0.05003182,0.05967290,0.06904237,0.07820878,0.08719808,0.09599073,0.10453377,0.11276124,0.12061331
0.04002692,0.05003453,0.05966766,0.06902613,0.07817724,0.08714837,0.09592495,0.10446088,0.11269616,0.12057409
0.04002324,0.05003174,0.05966586,0.06902056,0.07816049,0.08711264,0.09586424,0.10437249,0.11258103,0.12043604
0.04002392,0.05003629,0.05967417,0.06902831,0.07816168,0.08710495,0.09585374,0.10437473,0.11261807,0.12053134
0.04002838,0.05003442,0.05966977,0.06902734,0.07817223,0.08713798,0.09592233,0.10449148,0.11279226,0.12076753
0.04003275,0.05004344,0.05968738,0.06905960,0.07822828,0.08723056,0.09606737,0.10470644,0.11309344,0.12116769
0.04003479,0.05005251,0.05970888,0.06910195,0.07830272,0.08734991,0.09624411,0.10495034,0.11340956,0.12155569
0.04002798,0.05004044,0.05968499,0.06906037,0.07823798,0.08725628,0.09611494,0.10477806,0.11318663,0.12127587
0.04002234,0.05003961,0.05969311,0.06908238,0.07827831,0.08731974,0.09620792,0.10490867,0.11336361,0.12150694
0.04002547,0.05005361,0.05972431,0.06913739,0.07836236,0.08743708,0.09636205,0.10510170,0.11359528,0.12177418
0.04003270,0.05005748,0.05971927,0.06910730,0.07827756,0.08725646,0.09603976,0.10459594,0.11287561,0.12082480
0.04003880,0.05006179,0.05972040,0.06910476,0.07827209,0.08725206,0.09604568,0.10462734,0.11295193,0.12096643
0.04003433,0.05005690,0.05971010,0.06908899,0.07826211,0.08727491,0.09614392,0.10485254,0.11335428,0.12158534
0.04003109,0.05005693,0.05971344,0.06909296,0.07826300,0.08726879,0.09612739,0.10482403,0.11331521,0.12154023
0.04002726,0.05005366,0.05971216,0.06909410,0.07826196,0.08725371,0.09608092,0.10472802,0.11315579,0.12131060
0.04000893,0.05003819,0.05970126,0.06908213,0.07823331,0.08718202,0.09593210,0.10446641,0.11275097,0.12074214
0.04001191,0.05003601,0.05969255,0.06906379,0.07819900,0.08712164,0.09583315,0.10431659,0.11254046,0.12046490
0.04000459,0.05002326,0.05967165,0.06902996,0.07814451,0.08703565,0.09570293,0.10412934,0.11228527,0.12013418
0.04000510,0.05001603,0.05965408,0.06900063,0.07810254,0.08697863,0.09562524,0.10402149,0.11213466,0.11992679
0.04000641,0.05001591,0.05965209,0.06899615,0.07809234,0.08695410,0.09557121,0.10391802,0.11196064,0.11966374
0.04001109,0.05001214,0.05963644,0.06896883,0.07806153,0.08693864,0.09559962,0.10402426,0.11217846,0.12002165
0.04001023,0.05000910,0.05963382,0.06896882,0.07806519,0.08694471,0.09560374,0.10401916,0.11215516,0.11997117
0.04001045,0.05000556,0.05963094,0.06897173,0.07807656,0.08696332,0.09562419,0.10403261,0.11215074,0.11993769
0.04001891,0.05001600,0.05964201,0.06897908,0.07807108,0.08693183,0.09555174,0.10390543,0.11195870,0.11967560
0.04001641,0.05001789,0.05965436,0.06900938,0.07812934,0.08703146,0.09570928,0.10413872,0.11228412,0.12010559
0.04001775,0.05002541,0.05966910,0.06903227,0.07816244,0.08707998,0.09578237,0.10424803,0.11244090,0.12031808
0.04001788,0.05002068,0.05965896,0.06902566,0.07817876,0.08714653,0.09592866,0.10449918,0.11281292,0.12081646
0.04001569,0.05001479,0.05964407,0.06899147,0.07810953,0.08702136,0.09572420,0.10419421,0.11239286,0.12027555
0.04002308,0.05002021,0.05964522,0.06898947,0.07811005,0.08703724,0.09577740,0.10431477,0.11261423,0.12062864
0.04001846,0.05002123,0.05964880,0.06898477,0.07807786,0.08695209,0.09561074,0.10403854,0.11220444,0.12006795
0.04001715,0.05001363,0.05963514,0.06896901,0.07806719,0.08695388,0.09562868,0.10406992,0.11223965,0.12009236
0.03999836,0.04999557,0.05962270,0.06896751,0.07808007,0.08698069,0.09566421,0.10410492,0.11226289,0.12009306
0.03999454,0.04999440,0.05962983,0.06898784,0.07811467,0.08702501,0.09570777,0.10413254,0.11225705,0.12003647
0.03999416,0.04999693,0.05963605,0.06899703,0.07812497,0.08703600,0.09572275,0.10415883,0.11230445,0.12011485
0.03999657,0.05000812,0.05965754,0.06903082,0.07817475,0.08710829,0.09582762,0.10430921,0.11251382,0.12039460
0.03999560,0.05000398,0.05965383,0.06903056,0.07817889,0.08711289,0.09582266,0.10428026,0.11244562,0.12027449
0.03998836,0.04999422,0.05963540,0.06899507,0.07811375,0.08699925,0.09563607,0.10399449,0.11203759,0.11972789
0.03998400,0.04998206,0.05961360,0.06896408,0.07807764,0.08696506,0.09561179,0.10398695,0.11205134,0.11976516
0.03997865,0.04996845,0.05959013,0.06892893,0.07803062,0.08690937,0.09555475,0.10393962,0.11202683,0.11977636
0.03998135,0.04997686,0.05960875,0.06896106,0.07808007,0.08698143,0.09565615,0.10407721,0.11220581,0.11999890
0.03997662,0.04997872,0.05962167,0.06899157,0.07813827,0.08708175,0.09581672,0.10431733,0.11254254,0.12044422
0.03998484,0.04998589,0.05962996,0.06900452,0.07815672,0.08710246,0.09583417,0.10432677,0.11254199,0.12043490
0.03998452,0.04998415,0.05962170,0.06897986,0.07810142,0.08700011,0.09566927,0.10408727,0.11222059,0.12002903
0.03998998,0.04998516,0.05962140,0.06898880,0.07814022,0.08709914,0.09586366,0.10440889,0.11269112,0.12065705
0.03998611,0.04997627,0.05961080,0.06898966,0.07817579,0.08719847,0.09605472,0.10471247,0.11311794,0.12120856
0.03998849,0.04997804,0.05961330,0.06899950,0.07820725,0.08727190,0.09619131,0.10492814,0.11341950,0.12159345
0.04000226,0.04999343,0.05963597,0.06903851,0.07827909,0.08740306,0.09641643,0.10528351,0.11393528,0.12228872
0.03999422,0.04998819,0.05963562,0.06903871,0.07826350,0.08734075,0.09626530,0.10499932,0.11348179,0.12164405
0.03998679,0.04997706,0.05962022,0.06902054,0.07824864,0.08734001,0.09629185,0.10506526,0.11359566,0.12181012
0.03998536,0.04997427,0.05961380,0.06901104,0.07824092,0.08734410,0.09632224,0.10513857,0.11372772,0.12201377
0.04000025,0.04998852,0.05962659,0.06902574,0.07826307,0.08737720,0.09636465,0.10518327,0.11376451,0.12203226
0.04000900,0.04999447,0.05962250,0.06899868,0.07819286,0.08723597,0.09611953,0.10480207,0.11322165,0.12131221
0.04000749,0.04999177,0.05962297,0.06901048,0.07822611,0.08729933,0.09621745,0.10493360,0.11338102,0.12149051
0.04000673,0.04998790,0.05962017,0.06901691,0.07825602,0.08737371,0.09636188,0.10517368,0.11373779,0.12197783
0.04000527,0.04999661,0.05964775,0.06907019,0.07834092,0.08749855,0.09653890,0.10541733,0.11406116,0.12238977
0.04001053,0.05000418,0.05965493,0.06907765,0.07835325,0.08752299,0.09658364,0.10548922,0.11416379,0.12252282
0.04000604,0.05000378,0.05965216,0.06906097,0.07830297,0.08741221,0.09638315,0.10517417,0.11371844,0.12194157
0.04000271,0.05000330,0.05965976,0.06908275,0.07834295,0.08747142,0.09646113,0.10527105,0.11383610,0.12208334
0.03999642,0.04998973,0.05962997,0.06902246,0.07823457,0.08729807,0.09621069,0.10493869,0.11342427,0.12159974
0.03998567,0.04997466,0.05961315,0.06900802,0.07822580,0.08729448,0.09620662,0.10492469,0.11339032,0.12153825
0.03999540,0.04999293,0.05964384,0.06905471,0.07829036,0.08737689,0.09630616,0.10504166,0.11352717,0.12169950
0.04000142,0.04999723,0.05965021,0.06906816,0.07831518,0.08741499,0.09635639,0.10510016,0.11358822,0.12175638
0.03998451,0.04997039,0.05961279,0.06902286,0.07827288,0.08739719,0.09639306,0.10522348,0.11382549,0.12212548
0.03997897,0.04996045,0.05959677,0.06899745,0.07823314,0.08733631,0.09630250,0.10509369,0.11364699,0.12189004
0.03997703,0.04995256,0.05958119,0.06898220,0.07823968,0.08739816,0.09645875,0.10538006,0.11408855,0.12249835
0.03998299,0.04995901,0.05958180,0.06896894,0.07820208,0.08732308,0.09633224,0.10519063,0.11382974,0.12216929
0.03998010,0.04996319,0.05959375,0.06898621,0.07821929,0.08733200,0.09632168,0.10514728,0.11374030,0.12202298
0.03998103,0.04995718,0.05956800,0.06892457,0.07810073,0.08712918,0.09600259,0.10468016,0.11309955,0.12119290
0.03998207,0.04995751,0.05957217,0.06893556,0.07811732,0.08714461,0.09600469,0.10465306,0.11302624,0.12105779
0.03999492,0.04996946,0.05958227,0.06894704,0.07813848,0.08718837,0.09608646,0.10478704,0.11322212,0.12131922
0.04000435,0.04998094,0.05958956,0.06894536,0.07812387,0.08715624,0.09603048,0.10469912,0.11309341,0.12114164
0.04001027,0.04998940,0.05959774,0.06894742,0.07811074,0.08711693,0.09595402,0.10457661,0.11291931,0.12091403
0.04000777,0.04998533,0.05958878,0.06892905,0.07807441,0.08704737,0.09582985,0.10437464,0.11262014,0.12050569
0.04000702,0.04998011,0.05957725,0.06891161,0.07805480,0.08703234,0.09582784,0.10439407,0.11266801,0.12058690
0.04000262,0.04997236,0.05956343,0.06888819,0.07801764,0.08697902,0.09576020,0.10431965,0.11259942,0.12053968
0.04000258,0.04997696,0.05957927,0.06892409,0.07808263,0.08708246,0.09591296,0.10453449,0.11288986,0.12091796
0.04000775,0.04998438,0.05958807,0.06892931,0.07807003,0.08702447,0.09576914,0.10425757,0.11243463,0.12024875
0.04001210,0.04999207,0.05960491,0.06896779,0.07814926,0.08716732,0.09599782,0.10458934,0.11287924,0.12080819
0.04000461,0.04998207,0.05959575,0.06896749,0.07817419,0.08724107,0.09614582,0.10483253,0.11323005,0.12127001
0.04001409,0.04999530,0.05961331,0.06897998,0.07816267,0.08718141,0.09601536,0.10461581,0.11292116,0.12087144
0.04001602,0.05000124,0.05962310,0.06899465,0.07818736,0.08722619,0.09609405,0.10474324,0.11311021,0.12113110
0.04002396,0.05001460,0.05963833,0.06900660,0.07818875,0.08720852,0.09604868,0.10466240,0.11298783,0.12096329
0.04003475,0.05002385,0.05964632,0.06901419,0.07820113,0.08723881,0.09611833,0.10479741,0.11321291,0.12129692
0.04003724,0.05002327,0.05964129,0.06900071,0.07817421,0.08719693,0.09606681,0.10474790,0.11317956,0.12129209
0.04004037,0.05002550,0.05964152,0.06899687,0.07816272,0.08717251,0.09602425,0.10468462,0.11309692,0.12119488
0.04004012,0.05002712,0.05964723,0.06900846,0.07817992,0.08719233,0.09604129,0.10469203,0.11308779,0.12116343
0.04004853,0.05003311,0.05964680,0.06900015,0.07816741,0.08718537,0.09605497,0.10474413,0.11319495,0.12133798
0.04005561,0.05004416,0.05966076,0.06901205,0.07817089,0.08717454,0.09602507,0.10469165,0.11311780,0.12123573
0.04006372,0.05004681,0.05966105,0.06901530,0.07818310,0.08720110,0.09606981,0.10475625,0.11320202,0.12133811
0.04006607,0.05005413,0.05967421,0.06903684,0.07821824,0.08725979,0.09616718,0.10491009,0.11342838,0.12164768
0.04006853,0.05005277,0.05966994,0.06903575,0.07822755,0.08728413,0.09620673,0.10496087,0.11348416,0.12170228
0.04006454,0.05004373,0.05965444,0.06900621,0.07816688,0.08716456,0.09599219,0.10461309,0.11297019,0.12100013
0.04006427,0.05003980,0.05964094,0.06897833,0.07812289,0.08710687,0.09592643,0.10454604,0.11290781,0.12094630
0.04006176,0.05003260,0.05962942,0.06896292,0.07810309,0.08708081,0.09589116,0.10449818,0.11284430,0.12086506
0.04006003,0.05003029,0.05963110,0.06897074,0.07811624,0.08709437,0.09589530,0.10447919,0.11278737,0.12075731
0.04005983,0.05003325,0.05963612,0.06897265,0.07810634,0.08706251,0.09583290,0.10438151,0.11265392,0.12059082
0.04006231,0.05003106,0.05962292,0.06893801,0.07803103,0.08691973,0.09559394,0.10402240,0.11215975,0.11995646
0.04006072,0.05002994,0.05961852,0.06891967,0.07797823,0.08680033,0.09536703,0.10364558,0.11159747,0.11918555
0.04005766,0.05001538,0.05957985,0.06884331,0.07785308,0.08662034,0.09513217,0.10336118,0.11127237,0.11882974
0.04005068,0.05000742,0.05956466,0.06881334,0.07779744,0.08652471,0.09498106,0.10314133,0.11097532,0.11845265
0.04004089,0.04999437,0.05954532,0.06878051,0.07773950,0.08642731,0.09482984,0.10292482,0.11068702,0.11809167
0.04004163,0.04998872,0.05953169,0.06875999,0.07771535,0.08640402,0.09481208,0.10291636,0.11069006,0.11810665
0.04004015,0.04999182,0.05954266,0.06877714,0.07773016,0.08640167,0.09477382,0.10282258,0.11052315,0.11785303
0.04005026,0.05000956,0.05956957,0.06881540,0.07778520,0.08648318,0.09489434,0.10299495,0.11075800,0.11815729
0.04004690,0.04999876,0.05954386,0.06876791,0.07770923,0.08637180,0.09474025,0.10279067,0.11049660,0.11783333
0.04004310,0.04999298,0.05953698,0.06876197,0.07770879,0.08638380,0.09477321,0.10285359,0.11059788,0.11797994
0.04004481,0.04999393,0.05953456,0.06875219,0.07768584,0.08633976,0.09469819,0.10273651,0.11042792,0.11774810
0.04004273,0.04999196,0.05953874,0.06877097,0.07772910,0.08641742,0.09481882,0.10290639,0.11065050,0.11802400
0.04004669,0.04999520,0.05953556,0.06875972,0.07771128,0.08639493,0.09479158,0.10287166,0.11060375,0.11796029
0.04005571,0.05000026,0.05953045,0.06873551,0.07765729,0.08630137,0.09465158,0.10268173,0.11036306,0.11766959
0.04005379,0.04999966,0.05952845,0.06873714,0.07767568,0.08635522,0.09476060,0.10286230,0.11062580,0.11801910
0.04005492,0.05000336,0.05953466,0.06874467,0.07768065,0.08634979,0.09473326,0.10279974,0.11051529,0.11785040
0.04005300,0.04999248,0.05950644,0.06868678,0.07757648,0.08618062,0.09448179,0.10245337,0.11006781,0.11730187
0.04005756,0.05000233,0.05952444,0.06871579,0.07761866,0.08623809,0.09455729,0.10255006,0.11018869,0.11744914
0.04006049,0.05001407,0.05955028,0.06875705,0.07767173,0.08629689,0.09461660,0.10260788,0.11024669,0.11751179
0.04005923,0.05001420,0.05955074,0.06875106,0.07764677,0.08623676,0.09450475,0.10243062,0.10999536,0.11718332
0.04005842,0.05001234,0.05954862,0.06874822,0.07763970,0.08621846,0.09446583,0.10236124,0.10988697,0.11702969
0.04005156,0.05000542,0.05954232,0.06874477,0.07764149,0.08622683,0.09447994,0.10237724,0.10989806,0.11702705
0.04005167,0.05000433,0.05953823,0.06873137,0.07760685,0.08615339,0.09434625,0.10216135,0.10958086,0.11659453
0.04005578,0.05000958,0.05954392,0.06873686,0.07761192,0.08616030,0.09436217,0.10219909,0.10965744,0.11672839
0.04004146,0.04998931,0.05951820,0.06870616,0.07757326,0.08610567,0.09427946,0.10207481,0.10947977,0.11648944
0.04004782,0.04999877,0.05953151,0.06872373,0.07759445,0.08612852,0.09430068,0.10208996,0.10948353,0.11647603
0.04005404,0.05001055,0.05955126,0.06875537,0.07764347,0.08620259,0.09440940,0.10224372,0.10969221,0.11674792
0.04004600,0.05000657,0.05955397,0.06876747,0.07766481,0.08622907,0.09443444,0.10226064,0.10969606,0.11673613
0.04005596,0.05000949,0.05954609,0.06874283,0.07761591,0.08614615,0.09430518,0.10207113,0.10943259,0.11638700
0.04006074,0.05001614,0.05955750,0.06875897,0.07763366,0.08616042,0.09431051,0.10206295,0.10940796,0.11634477
0.04006156,0.05002140,0.05956734,0.06877331,0.07765204,0.08618027,0.09432545,0.10206269,0.10937973,0.11627546
0.04006975,0.05003081,0.05958400,0.06880444,0.07770486,0.08626172,0.09444199,0.10222004,0.10958252,0.11652704
0.04007336,0.05003687,0.05959430,0.06882264,0.07773649,0.08631455,0.09452572,0.10234511,0.10975857,0.11676159
0.04006591,0.05002973,0.05959117,0.06883137,0.07776732,0.08637834,0.09463202,0.10250052,0.10996608,0.11702076
0.04006740,0.05003586,0.05960406,0.06885032,0.07778785,0.08639251,0.09462998,0.10247242,0.10990341,0.11691716
0.04006304,0.05003556,0.05961160,0.06886857,0.07781971,0.08644159,0.09470102,0.10257130,0.11003668,0.11709119
0.04006572,0.05002952,0.05959849,0.06885207,0.07780434,0.08643029,0.09469386,0.10256578,0.11002899,0.11707742
0.04007040,0.05003049,0.05959831,0.06885553,0.07781912,0.08646722,0.09476570,0.10268503,0.11020581,0.11731852
0.04006667,0.05002843,0.05960172,0.06886507,0.07783057,0.08647109,0.09474839,0.10263103,0.11010025,0.11714930
0.04006629,0.05002645,0.05959701,0.06885336,0.07780228,0.08641025,0.09463258,0.10243312,0.10979144,0.11670244
0.04006823,0.05003430,0.05961557,0.06888704,0.07785470,0.08648262,0.09472263,0.10253526,0.10989781,0.11680423
0.04007501,0.05004659,0.05963448,0.06891279,0.07788581,0.08651487,0.09474916,0.10254773,0.10988795,0.11676498
0.04008059,0.05005398,0.05964491,0.06892521,0.07789492,0.08651176,0.09472364,0.10249083,0.10979352,0.11663015
0.04008570,0.05005432,0.05963759,0.06890555,0.07785705,0.08644970,0.09463220,0.10236610,0.10963291,0.11643230
0.04008415,0.05006636,0.05966476,0.06894897,0.07791837,0.08653090,0.09473472,0.10248992,0.10977611,0.11659112
0.04009043,0.05006884,0.05966285,0.06894416,0.07791476,0.08653530,0.09475589,0.10253730,0.10985863,0.11671631
0.04009296,0.05007227,0.05966857,0.06895185,0.07792251,0.08654015,0.09475471,0.10252746,0.10983833,0.11668472
0.04009353,0.05006911,0.05966530,0.06895590,0.07794282,0.08658598,0.09483501,0.10265061,0.11001188,0.11691504
0.04008653,0.05005791,0.05965222,0.06894337,0.07793247,0.08657845,0.09483053,0.10264970,0.11001580,0.11692571
0.04009214,0.05006521,0.05965475,0.06893354,0.07790462,0.08653027,0.09476271,0.10256470,0.10991661,0.11681513
0.04010379,0.05007879,0.05966749,0.06894257,0.07790867,0.08653100,0.09476469,0.10257425,0.10994015,0.11685799
0.04010590,0.05007734,0.05966622,0.06894372,0.07791239,0.08653455,0.09476234,0.10255798,0.10990107,0.11678773
0.04010529,0.05007789,0.05966659,0.06894353,0.07791090,0.08652951,0.09474919,0.10252996,0.10985003,0.11670520
0.04011072,0.05008341,0.05966801,0.06892965,0.07786474,0.08643128,0.09457993,0.10227425,0.10949720,0.11624931
0.04010785,0.05007347,0.05964452,0.06887999,0.07777223,0.08627772,0.09434719,0.10194513,0.10905611,0.11568274
0.04011857,0.05008898,0.05966561,0.06890704,0.07780661,0.08632298,0.09440923,0.10203144,0.10917446,0.11584011
0.04011592,0.05009622,0.05969095,0.06895691,0.07788443,0.08642933,0.09454291,0.10219068,0.10935774,0.11604647
0.04011822,0.05009639,0.05968490,0.06893994,0.07785309,0.08638263,0.09448229,0.10211939,0.10928007,0.11596714
0.04012665,0.05011130,0.05970792,0.06897375,0.07789906,0.08644032,0.09455035,0.10219652,0.10936555,0.11606078
0.04013036,0.05012236,0.05972226,0.06898248,0.07789011,0.08640151,0.09447171,0.10207115,0.10918958,0.11583288
0.04012805,0.05012326,0.05972436,0.06898358,0.07788699,0.08638877,0.09444099,0.10201142,0.10908810,0.11567661
0.04012673,0.05012289,0.05972870,0.06899444,0.07790427,0.08641096,0.09446657,0.10204026,0.10912212,0.11571957
0.04011230,0.05010341,0.05970225,0.06895736,0.07785223,0.08633966,0.09437241,0.10192082,0.10897642,0.11554807
