0.00000000,0.00000000,0.00000000,0.00000000,0.00000000,0.00000000,0.00000000,0.00000000,0.00000000,0.00000000
0.00013632,0.02497046,0.00527969,0.03286394,-0.01689324,0.03922716,-0.02942382,0.04473068,-0.03899671,0.04965675
0.00025459,0.03550572,0.00342764,0.04690169,-0.02512435,0.05623221,-0.04201322,0.06433595,-0.05542484,0.07151792
0.00009475,0.04360582,-0.01275087,0.05755293,-0.03703063,0.06888541,-0.05744281,0.07876066,-0.07347176,0.08771151
0.00019906,0.05051478,0.00548219,0.06640462,-0.03500556,0.07921465,-0.05976243,0.09029776,-0.07803893,0.10013961
0.00017242,0.05679369,-0.00781372,0.07477468,-0.03956010,0.08930334,-0.06604510,0.10189408,-0.08628159,0.11319904
-0.00007943,0.06283765,-0.01944587,0.08266393,-0.05289052,0.09850146,-0.07919888,0.11183551,-0.09911041,0.12327661
0.00012818,0.06829693,-0.02129823,0.08965999,-0.05869275,0.10662377,-0.08751263,0.12089300,-0.10944142,0.13324665
-0.00007513,0.07343022,-0.02700290,0.09635579,-0.06605440,0.11459041,-0.09619004,0.12994150,-0.11906255,0.14317583
-0.00024263,0.07809351,-0.02838882,0.10230764,-0.06898682,0.12163235,-0.10164352,0.13827048,-0.12691370,0.15314613
-0.00033044,0.08289234,-0.03188328,0.10900459,-0.07491343,0.12990475,-0.10950296,0.14767140,-0.13641387,0.16322218
0.00012463,0.08742677,-0.02920989,0.11511547,-0.07555945,0.13738108,-0.11289764,0.15631397,-0.14211694,0.17289418
0.00025808,0.09180460,-0.02719917,0.12098071,-0.07142893,0.14450527,-0.10972472,0.16469314,-0.14200111,0.18258823
0.00022925,0.09579848,-0.02795912,0.12642621,-0.07056470,0.15118147,-0.10625986,0.17227753,-0.13675705,0.19062120
0.00032558,0.09985051,-0.03046616,0.13167625,-0.07942163,0.15759005,-0.12222859,0.18006798,-0.15845332,0.20028018
0.00045906,0.10386316,-0.03190149,0.13676616,-0.08488119,0.16339927,-0.12813526,0.18642528,-0.16370231,0.20699007
0.00051829,0.10771262,-0.03062669,0.14169721,-0.08411128,0.16906675,-0.12736008,0.19267946,-0.16408128,0.21377951
0.00013241,0.11163947,-0.03670316,0.14727967,-0.09018927,0.17597251,-0.13300846,0.20037657,-0.16790570,0.22152564
-0.00006394,0.11532221,-0.03551562,0.15178179,-0.08708077,0.18100225,-0.12814755,0.20578916,-0.16217531,0.22725591
0.00004522,0.11889696,-0.03957298,0.15664716,-0.09710453,0.18690179,-0.14152480,0.21249367,-0.17598207,0.23463096
0.00011948,0.12283042,-0.03960550,0.16157551,-0.09734210,0.19243605,-0.13947904,0.21820459,-0.16715484,0.24015743
0.00011399,0.12621343,-0.03662921,0.16593857,-0.08867302,0.19747773,-0.12151560,0.22409770,0.14686122,0.24720806
0.00025123,0.12996629,-0.03080936,0.17091591,-0.08661070,0.20339141,-0.12596341,0.23069812,0.12685779,0.25436696
0.00008368,0.13327344,-0.03759414,0.17508097,-0.09375298,0.20822370,-0.12891307,0.23619367,0.15691834,0.26065383
0.00011900,0.13704906,-0.03635612,0.18036369,-0.08544752,0.21504911,0.13125694,0.24498210,0.20282135,0.27197720
0.00012781,0.14050650,-0.03753819,0.18471140,-0.08805329,0.21999338,0.12116399,0.25017311,0.19871496,0.27697516
0.00027024,0.14412307,-0.03796500,0.18946562,-0.09645941,0.22568900,-0.13131734,0.25652034,0.17787100,0.28361902
0.00019632,0.14765911,-0.04035923,0.19373987,-0.10582436,0.23043899,-0.15751357,0.26173072,-0.19284413,0.28939462
0.00030237,0.15070166,-0.03476820,0.19757993,-0.09800057,0.23494907,-0.14005798,0.26705539,0.17682996,0.29579308
0.00007127,0.15418707,-0.04186556,0.20205011,-0.10946666,0.24017916,-0.15990402,0.27290553,-0.18598798,0.30207434
0.00014359,0.15775560,-0.04236801,0.20671272,-0.11522926,0.24582456,-0.17483241,0.27940985,-0.22015650,0.30931462
0.00001179,0.16117387,-0.04276448,0.21139195,-0.11686919,0.25151482,-0.17872546,0.28587775,-0.22722878,0.31634175
-0.00011268,0.16413042,-0.04695859,0.21518038,-0.12345589,0.25605434,-0.18781870,0.29126930,-0.23934230,0.32279168
-0.00005023,0.16745634,-0.04614519,0.21948471,-0.12466161,0.26102592,-0.19124175,0.29660991,-0.24522741,0.32823418
0.00008176,0.17061734,-0.04350699,0.22404836,-0.12046635,0.26704411,-0.18439429,0.30426122,-0.23628900,0.33771713
0.00015506,0.17415094,-0.04005455,0.22841889,-0.11558024,0.27196856,-0.18023603,0.30933659,-0.23306800,0.34244837
0.00051737,0.17763974,-0.03925833,0.23282283,-0.12655590,0.27710608,-0.20101864,0.31496598,-0.26018247,0.34817416
0.00039729,0.18083981,-0.04184898,0.23681769,-0.12627340,0.28159363,-0.20102911,0.31983883,-0.26215101,0.35336162
0.00065375,0.18416438,-0.04202786,0.24121983,-0.12520169,0.28678706,-0.19590042,0.32550958,-0.25157276,0.35923379
0.00073111,0.18736227,-0.03679043,0.24504473,-0.11940376,0.29107039,-0.19260220,0.33010105,-0.25015715,0.36398973
0.00082937,0.19078975,-0.02679341,0.24990958,-0.11422638,0.29718436,-0.19427253,0.33737840,-0.25832655,0.37237421
0.00061311,0.19390747,-0.03458374,0.25381042,-0.11957324,0.30150681,-0.19771506,0.34178793,-0.25919979,0.37664243
0.00037870,0.19738830,-0.03661571,0.25823751,-0.11794460,0.30650897,-0.19368723,0.34720570,-0.25446244,0.38249608
0.00042106,0.20049626,-0.03284540,0.26180308,-0.11394571,0.31004505,-0.18609733,0.35038770,-0.24050159,0.38522188
0.00052960,0.20397910,-0.04109441,0.26622301,-0.12731101,0.31519260,-0.19830532,0.35627525,-0.25116125,0.39196869
0.00071495,0.20741255,0.01674750,0.27060492,-0.10726040,0.32027633,-0.18966259,0.36221230,-0.25824077,0.39896109
0.00069590,0.21037927,0.03742798,0.27418743,-0.09290718,0.32443988,-0.19617461,0.36707259,-0.27619359,0.40470849
0.00089565,0.21362675,0.04498032,0.27823086,0.09488418,0.32925963,0.13439976,0.37283401,0.20928714,0.41148468
0.00060474,0.21693122,0.03208625,0.28235656,-0.07728881,0.33413751,-0.09515693,0.37857672,0.24252521,0.41830805
0.00048911,0.22037769,-0.01382096,0.28655665,-0.11380535,0.33895691,-0.19545833,0.38390643,-0.26302397,0.42408778
0.00082595,0.22347216,0.03402315,0.29052351,-0.12122903,0.34333746,-0.21711140,0.38848080,-0.29586504,0.42892253
0.00076239,0.22682298,0.05012231,0.29467764,0.12811614,0.34775424,0.20896324,0.39256612,0.28321263,0.43200629
0.00037981,0.23012971,0.04702838,0.29872548,0.13266040,0.35215748,0.21389184,0.39707717,0.28188087,0.43645836
0.00063340,0.23367733,0.05169539,0.30280137,0.14114985,0.35620174,0.22796566,0.40066627,0.30348976,0.43923606
0.00062327,0.23691017,0.04749443,0.30646598,0.12316687,0.35999703,0.20157150,0.40430131,0.28094409,0.44241333
0.00074955,0.24013679,0.04430883,0.31036709,0.10953880,0.36435590,0.19744947,0.40909797,0.28889890,0.44772525
0.00072043,0.24376148,0.04513839,0.31483436,0.11633303,0.36912529,0.19060308,0.41362801,0.27121188,0.45146182
0.00061143,0.24727648,0.04609060,0.31942664,0.11994488,0.37482184,0.20995721,0.42060169,0.30056603,0.45984676
0.00030390,0.25042814,0.04047563,0.32343797,0.09242441,0.37939384,0.17656662,0.42552676,0.28261770,0.46499266
0.00064619,0.25351471,0.05012507,0.32703576,0.10743803,0.38296917,0.16258972,0.42872564,0.26810060,0.46758480
0.00087071,0.25707288,0.05884677,0.33094330,0.14331113,0.38687474,0.22102401,0.43257472,0.29558834,0.47144102
0.00085174,0.26044873,0.05744542,0.33510553,0.13864251,0.39146653,0.21208104,0.43734110,0.28641458,0.47619822
0.00098907,0.26376823,0.06178942,0.33912822,0.15107823,0.39588658,0.22882218,0.44187864,0.30043305,0.48057098
0.00125586,0.26704953,0.06394725,0.34299125,0.15095783,0.40016976,0.22530456,0.44654452,0.29520508,0.48559715
0.00144010,0.27059700,0.07198210,0.34739512,0.17177607,0.40538721,0.25980774,0.45270386,0.33530707,0.49293375
0.00149409,0.27392355,0.07006633,0.35138570,0.15956614,0.40961349,0.23705076,0.45686374,0.31058677,0.49682180
0.00158619,0.27721223,0.06816462,0.35555480,0.15064627,0.41445521,0.22066927,0.46222704,0.29955644,0.50256814
0.00185942,0.28032657,0.07871789,0.35935917,0.17545906,0.41863602,0.26114488,0.46648145,0.34235983,0.50670221
0.00180222,0.28367361,0.07549865,0.36363503,0.16789697,0.42377758,0.25147194,0.47249258,0.33654721,0.51360493
0.00172184,0.28690861,0.07781863,0.36739634,0.17694718,0.42775994,0.26885109,0.47655742,0.35670692,0.51770896
0.00166689,0.29030510,0.07353269,0.37119514,0.16390851,0.43167366,0.25072475,0.48058919,0.34342501,0.52210693
0.00155051,0.29372147,0.06863335,0.37514421,0.13447188,0.43610462,-0.19184638,0.48540118,-0.24594251,0.52713304
0.00157531,0.29719240,0.07234549,0.37921146,0.13327142,0.44047227,-0.24093600,0.48997139,-0.34073561,0.53190439
0.00157620,0.30045352,0.07077133,0.38318074,-0.11011090,0.44481171,-0.27361428,0.49445864,-0.36788901,0.53642009
0.00190559,0.30407174,0.08066221,0.38734346,0.15545032,0.44933144,-0.24583573,0.49946116,-0.35872231,0.54231435
0.00202867,0.30747811,0.08245346,0.39149869,0.16491102,0.45383894,-0.20255219,0.50399140,-0.33328783,0.54643574
0.00238550,0.31077283,0.09212414,0.39537080,0.18941675,0.45793845,0.24729036,0.50800394,-0.24867037,0.55000621
0.00227950,0.31396881,0.08553510,0.39933701,0.17277199,0.46246387,0.20013473,0.51317397,-0.27001880,0.55602595
0.00258799,0.31730699,0.09049506,0.40341205,0.18973886,0.46703053,0.26761796,0.51815309,0.34912433,0.56135892
0.00254944,0.32071579,0.08952499,0.40754208,0.18180719,0.47159657,0.23848642,0.52309934,0.30639797,0.56672570
0.00228836,0.32374210,0.08929565,0.41097937,0.18220706,0.47531194,0.22201951,0.52696911,-0.30526044,0.57053150
0.00242580,0.32699805,0.09144520,0.41479002,0.19783847,0.47972613,0.28530791,0.53242213,0.36421669,0.57781841
0.00273757,0.33016343,0.09539090,0.41839717,0.20345133,0.48340960,0.29335453,0.53594939,0.37422362,0.58093024
0.00313507,0.33376488,0.10507499,0.42254263,0.22541715,0.48800059,0.32694301,0.54088067,0.41603155,0.58608459
0.00335814,0.33691101,0.10771860,0.42593109,0.22575158,0.49107121,0.31889809,0.54313653,0.39675659,0.58690855
0.00330387,0.34005960,0.10758561,0.42968825,0.22774038,0.49544628,0.32272062,0.54831020,0.40140476,0.59317803
0.00366096,0.34343036,0.11139021,0.43380607,0.23528527,0.50002343,0.33542051,0.55313179,0.42095909,0.59817775
0.00361808,0.34717032,0.11089498,0.43814434,0.23374037,0.50456818,0.32892087,0.55758291,0.40489964,0.60211172
0.00368542,0.35070850,0.10757410,0.44233211,0.22142188,0.50915111,0.30527545,0.56242109,0.36886529,0.60712290
0.00343902,0.35391885,0.10560974,0.44609662,0.22378020,0.51305814,0.31831225,0.56622228,0.39782132,0.61070062
0.00320693,0.35742780,0.10378127,0.45002225,0.22105218,0.51723449,0.31590656,0.57068621,0.39962294,0.61562192
0.00329336,0.36055677,0.10485166,0.45346170,0.22362036,0.52102572,0.32154817,0.57494791,0.40701798,0.62046378
0.00345395,0.36401575,0.10795230,0.45762569,0.22616482,0.52564137,0.32460834,0.57978402,0.41458096,0.62525851
0.00331560,0.36760590,0.10647590,0.46186105,0.22482458,0.53039172,0.32319483,0.58513677,0.41285918,0.63139618
0.00320086,0.37113184,0.10448278,0.46553735,0.22073251,0.53392979,0.32089058,0.58841078,0.41582291,0.63434612
0.00311359,0.37440269,0.10684312,0.46906080,0.22673619,0.53737820,0.33014818,0.59164353,0.42446687,0.63721086
0.00315064,0.37781898,0.11154323,0.47277916,0.23963377,0.54098838,0.34589485,0.59486983,0.43653156,0.63988461
0.00303836,0.38097627,0.11223905,0.47625316,0.24266515,0.54451609,0.35340954,0.59841582,0.44851962,0.64352158
0.00323579,0.38435171,0.11641562,0.47995673,0.24954093,0.54844122,0.36262170,0.60256492,0.45910689,0.64791624
0.00347299,0.38728024,0.12075087,0.48323187,0.25508408,0.55196293,0.36571119,0.60630143,0.45926525,0.65186896
0.00339163,0.39061096,0.11985811,0.48687226,0.25331049,0.55571230,0.36430474,0.61003104,0.45937769,0.65547380
0.00343738,0.39416325,0.11764643,0.49083014,0.25108870,0.55963487,0.36457370,0.61367608,0.46214347,0.65877248
0.00352308,0.39731654,0.11841993,0.49410218,0.24908530,0.56268567,0.35970873,0.61618797,0.45528088,0.66036436
0.00366138,0.40085140,0.11984031,0.49823621,0.24749387,0.56716614,0.35113647,0.62074148,0.44077838,0.66469820
0.00382487,0.40404014,0.12428289,0.50197756,0.25800046,0.57129078,0.36801216,0.62509267,0.46098348,0.66914880
0.00398025,0.40751926,0.12563482,0.50573682,0.26296661,0.57516888,0.37680841,0.62901519,0.47224736,0.67305212
0.00409999,0.41063072,0.12678848,0.50898997,0.26100023,0.57827660,0.37108370,0.63188955,0.46447052,0.67573810
0.00437783,0.41383543,0.12817032,0.51254626,0.26011404,0.58190109,0.36650922,0.63548691,0.45837126,0.67928073
0.00439979,0.41701450,0.13207649,0.51604903,0.26969493,0.58534894,0.38083318,0.63864104,0.47373083,0.68192162
0.00455110,0.42031408,0.13700857,0.51952766,0.27867161,0.58872360,0.38984382,0.64178819,0.47918955,0.68474565
0.00453673,0.42359451,0.13865671,0.52318350,0.28100208,0.59251846,0.39182032,0.64557478,0.48054647,0.68839680
0.00454903,0.42652461,0.14214157,0.52605561,0.28658256,0.59528126,0.39644825,0.64825052,0.48274563,0.69102151
0.00446577,0.42970933,0.14144195,0.52936555,0.28559176,0.59874385,0.39601334,0.65196919,0.48357536,0.69513714
0.00451164,0.43277385,0.14470795,0.53267514,0.29206148,0.60211457,0.40373100,0.65524833,0.49133112,0.69818102
0.00458361,0.43592750,0.14408869,0.53582533,0.29182805,0.60515879,0.40436302,0.65822421,0.49306337,0.70117610
0.00473099,0.43926454,0.14886732,0.53914336,0.30187827,0.60829375,0.41627918,0.66118804,0.50388856,0.70402212
0.00469145,0.44241912,0.14757866,0.54269027,0.29870568,0.61209257,0.41180388,0.66519818,0.49925295,0.70822988
0.00468582,0.44592411,0.14826079,0.54653393,0.30028424,0.61610273,0.41247822,0.66931859,0.49806240,0.71243657
0.00475359,0.44895253,0.14855760,0.54982121,0.29973576,0.61959012,0.40969990,0.67297425,0.49185922,0.71625794
0.00480172,0.45209025,0.15111220,0.55307848,0.30659763,0.62287061,0.42202030,0.67620730,0.50998245,0.71936170
0.00495931,0.45552183,0.15260248,0.55687799,0.30794511,0.62677569,0.42139490,0.68003879,0.50566087,0.72296097
0.00508266,0.45829911,0.15660296,0.55960212,0.31387429,0.62940597,0.42688220,0.68261648,0.50858037,0.72556442
0.00530978,0.46140299,0.15976927,0.56284325,0.31779955,0.63264338,0.43018007,0.68581732,0.51020829,0.72871646
0.00529306,0.46465171,0.16040628,0.56632401,0.31856641,0.63628659,0.43026405,0.68963689,0.50926458,0.73270663
0.00537487,0.46788886,0.16092322,0.56968420,0.32163709,0.63960534,0.43705119,0.69284847,0.52026746,0.73576458
0.00551188,0.47119245,0.16090989,0.57304859,0.31883661,0.64274653,0.43186331,0.69557110,0.51368290,0.73793261
0.00537254,0.47408108,0.16044649,0.57578281,0.31884760,0.64527598,0.43136421,0.69794446,0.51150524,0.74023807
0.00503627,0.47707856,0.15643057,0.57871907,0.31139411,0.64798880,0.42169226,0.70039658,0.50076967,0.74248606
0.00494691,0.47998601,0.15601232,0.58135620,0.31054622,0.65021183,0.41806940,0.70224538,0.49148324,0.74408786
0.00481352,0.48297082,0.15753007,0.58427182,0.31533795,0.65310801,0.42583497,0.70522027,0.50219531,0.74725549
0.00480347,0.48588887,0.15687342,0.58723815,0.31482478,0.65606149,0.42546150,0.70815288,0.50134531,0.75014480
0.00475823,0.48904532,0.15224106,0.59014562,0.30599446,0.65876062,0.41368099,0.71071844,0.48610155,0.75266899
0.00470366,0.49205376,0.15050935,0.59318872,0.30437451,0.66155495,0.41331999,0.71312914,0.48766586,0.75458624
0.00493486,0.49501430,0.15520191,0.59611260,0.30985646,0.66447341,0.41721984,0.71624890,0.48737736,0.75815188
0.00496486,0.49803984,0.15273909,0.59915198,0.30391898,0.66734781,0.40861219,0.71883900,0.47673073,0.76035990
0.00505437,0.50136609,0.15490677,0.60260272,0.30971664,0.67077872,0.41971368,0.72217725,0.49828514,0.76355711
0.00501413,0.50424066,0.15571517,0.60527194,0.31347099,0.67318023,0.42758647,0.72428650,0.51169617,0.76536018
0.00496911,0.50710910,0.15678501,0.60792223,0.31295992,0.67547594,0.42213732,0.72621993,0.49842055,0.76695481
0.00466181,0.51026979,0.15129626,0.61094913,0.30517442,0.67824265,0.41401875,0.72864673,0.49149733,0.76894740
0.00470507,0.51313530,0.15961858,0.61377983,0.32196936,0.68099647,0.43747644,0.73132206,0.52198067,0.77154206
0.00479097,0.51609159,0.15808321,0.61652582,0.31483026,0.68351810,0.42359402,0.73366564,0.50217995,0.77374392
0.00451728,0.51919512,0.15440822,0.61962479,0.30836628,0.68647778,0.41298535,0.73642647,0.48496976,0.77624650
0.00457401,0.52199542,0.15316577,0.62245219,0.30570340,0.68926775,0.40814349,0.73920649,0.47505325,0.77907600
0.00429169,0.52499690,0.15205008,0.62541064,0.30413866,0.69211795,0.40380155,0.74197074,0.46094578,0.78181036
0.00434255,0.52782866,0.15296204,0.62808502,0.30738684,0.69456380,0.41111049,0.74420497,0.47638834,0.78387688
0.00416749,0.53072743,0.15180673,0.63102356,0.30520499,0.69749958,0.40667724,0.74711392,0.46519548,0.78673135
0.00426342,0.53390962,0.15207349,0.63422544,0.30687472,0.70065978,0.41042108,0.75023536,0.47296281,0.78981638
0.00397840,0.53686699,0.14818476,0.63702771,0.30602845,0.70327230,0.41687185,0.75270214,0.49356913,0.79217489
0.00399924,0.53951466,0.14437568,0.63949272,0.29669466,0.70548704,0.40130524,0.75459214,0.46770279,0.79366667
0.00376992,0.54212545,0.13745566,0.64192208,0.28350885,0.70775427,0.37962030,0.75680227,0.41826102,0.79592993
0.00389819,0.54479994,0.14263290,0.64432690,0.29591864,0.70987135,0.40101206,0.75866936,0.46620548,0.79760168
0.00371402,0.54749916,0.13827316,0.64682734,0.28864377,0.71216526,0.39185955,0.76079278,0.45466599,0.79961231
0.00378294,0.55054667,0.13870429,0.64970271,0.28569449,0.71479144,0.38010671,0.76320524,0.41325705,0.80185973
0.00399051,0.55360891,0.14707727,0.65278539,0.30362492,0.71784195,0.40930248,0.76624822,0.47279635,0.80493848
0.00398093,0.55649010,0.14677503,0.65542837,0.30741624,0.72018940,0.42276467,0.76829050,0.50616307,0.80667313
0.00387190,0.55906799,0.14469774,0.65786131,0.30417688,0.72242783,0.41447268,0.77033486,0.48547267,0.80853040
0.00350525,0.56180133,0.13949621,0.66040383,0.29757280,0.72473952,0.40707091,0.77241737,0.47495854,0.81036063
0.00391130,0.56475870,0.14271515,0.66354138,0.29955707,0.72795986,0.40876140,0.77569256,0.47955061,0.81368649
0.00380474,0.56738405,0.14037241,0.66586854,0.29178467,0.72998661,0.39006723,0.77741025,0.42577075,0.81506512
0.00360272,0.57019231,0.13802199,0.66833200,0.29098326,0.73212259,0.39487261,0.77927469,0.45196491,0.81669932
0.00345325,0.57319105,0.13822295,0.67107510,0.29633858,0.73458195,0.40919493,0.78144303,0.48540848,0.81857475
0.00340054,0.57585083,0.14409489,0.67355871,0.30857351,0.73678381,0.42579897,0.78333773,0.50649553,0.82015533
0.00334437,0.57865089,0.14197555,0.67622811,0.30437812,0.73936599,0.41813670,0.78585781,0.49280581,0.82263409
0.00336907,0.58101920,0.14207538,0.67835083,0.30427758,0.74137253,0.41856130,0.78787019,0.49575809,0.82476851
0.00339361,0.58393828,0.14506210,0.68108139,0.31329900,0.74383949,0.43356188,0.79003913,0.51764321,0.82660749
0.00327186,0.58686152,0.14303764,0.68383511,0.31217553,0.74648510,0.43531226,0.79263493,0.52415117,0.82917163
0.00351665,0.58957742,0.14961376,0.68642409,0.32279510,0.74899003,0.44702790,0.79514551,0.53577555,0.83177229
0.00356925,0.59203522,0.15527480,0.68861398,0.33510586,0.75097590,0.46342155,0.79701595,0.55487133,0.83359508
0.00339796,0.59463642,0.15538831,0.69081748,0.33745041,0.75272098,0.46737405,0.79832943,0.55948840,0.83452477
0.00360601,0.59729841,0.15774228,0.69311611,0.34130053,0.75477651,0.47319265,0.80023848,0.56790774,0.83638617
0.00358073,0.60001350,0.15568731,0.69558176,0.33748403,0.75693800,0.46873743,0.80207553,0.56316131,0.83788670
0.00374701,0.60246578,0.15661853,0.69762096,0.33829493,0.75857594,0.46891292,0.80332990,0.56222203,0.83874566
0.00338951,0.60486492,0.14964938,0.69968679,0.32965529,0.76037753,0.46086821,0.80494625,0.55561495,0.84025005
0.00357934,0.60753137,0.14877409,0.70206291,0.32503990,0.76252045,0.45191969,0.80691128,0.54164158,0.84209333
0.00368672,0.61028307,0.15160684,0.70460197,0.32664545,0.76496260,0.44919649,0.80930684,0.53113931,0.84448474
0.00382850,0.61277826,0.14842983,0.70685508,0.31794498,0.76704922,0.43581205,0.81127915,0.51245063,0.84636712
0.00377883,0.61545680,0.14842344,0.70932557,0.32149540,0.76935949,0.44654564,0.81346985,0.53608915,0.84846514
0.00352176,0.61788883,0.14867963,0.71149550,0.32265362,0.77126425,0.44851501,0.81515980,0.53981541,0.84997127
0.00366849,0.62079989,0.15424571,0.71412901,0.32976994,0.77363646,0.45520784,0.81731739,0.54651413,0.85196399
0.00352464,0.62366634,0.15386128,0.71665181,0.32855141,0.77587159,0.45131293,0.81931053,0.53826888,0.85373244
0.00345597,0.62623178,0.15135778,0.71901501,0.32909167,0.77806298,0.45717492,0.82136863,0.54962334,0.85567541
0.00328836,0.62874355,0.14915028,0.72137523,0.32692736,0.78032891,0.45783922,0.82356231,0.55442875,0.85779577
0.00354034,0.63125683,0.15437910,0.72346477,0.33326015,0.78206030,0.46198794,0.82496407,0.55400647,0.85887324
0.00337829,0.63399149,0.15317438,0.72585912,0.33308570,0.78422158,0.46277507,0.82696175,0.55504312,0.86073384
0.00343935,0.63635351,0.15629274,0.72803037,0.33960035,0.78627238,0.47196038,0.82895565,0.56589818,0.86271623
0.00337872,0.63899976,0.15460226,0.73044872,0.33948895,0.78856493,0.47343826,0.83120578,0.56796347,0.86500637
0.00371932,0.64129761,0.16141158,0.73242496,0.34417295,0.79027936,0.47368348,0.83270008,0.56476032,0.86631926
0.00354148,0.64365640,0.16103801,0.73428172,0.34737750,0.79172008,0.48090378,0.83377449,0.57669661,0.86703161
0.00376905,0.64586953,0.16773603,0.73619781,0.35819821,0.79342203,0.49320642,0.83529738,0.58955341,0.86838880
0.00359391,0.64822872,0.16303238,0.73808458,0.35012920,0.79496590,0.48175087,0.83660820,0.57399022,0.86956097
0.00378939,0.65036622,0.16699393,0.74002522,0.35554412,0.79677269,0.48707721,0.83829254,0.57846434,0.87110645
0.00383494,0.65258120,0.16703755,0.74198242,0.35691234,0.79854287,0.49008962,0.83996350,0.58303657,0.87275324
0.00353422,0.65492346,0.16206652,0.74400397,0.35091587,0.80029772,0.48429022,0.84149640,0.57741843,0.87410259
0.00354397,0.65737051,0.16414708,0.74613510,0.35687926,0.80224771,0.49317956,0.84335701,0.58892955,0.87593775
0.00369219,0.65986666,0.16476606,0.74821725,0.35910845,0.80403289,0.49743999,0.84492518,0.59528277,0.87733586
0.00381887,0.66212041,0.16816111,0.75000727,0.36309684,0.80549519,0.50126632,0.84614031,0.59898864,0.87836460
0.00375343,0.66443024,0.16875359,0.75206245,0.36330028,0.80736184,0.50076206,0.84790627,0.59753991,0.88010670
0.00339080,0.66617191,0.16371834,0.75359430,0.35932236,0.80877531,0.49982259,0.84928419,0.60065335,0.88152528
0.00345044,0.66860994,0.16135583,0.75577572,0.35541418,0.81071878,0.49637504,0.85098100,0.59821424,0.88295494
0.00342457,0.67090587,0.15555367,0.75774131,0.34485318,0.81237321,0.48531165,0.85231553,0.58917123,0.88396987
0.00330442,0.67294554,0.16037958,0.75950936,0.35652207,0.81398305,0.50029506,0.85383004,0.60530957,0.88543317
0.00363710,0.67521921,0.16509136,0.76130522,0.36119821,0.81540519,0.50288619,0.85492192,0.60505337,0.88620623
0.00352581,0.67725349,0.16535465,0.76298138,0.36443174,0.81681591,0.50717384,0.85614946,0.60910603,0.88730726
0.00360620,0.67977521,0.16730591,0.76524678,0.36790650,0.81888961,0.51225127,0.85809520,0.61563269,0.88918035
0.00350409,0.68190773,0.16182401,0.76697883,0.36122421,0.82035608,0.50702574,0.85941526,0.61207024,0.89046718
0.00389350,0.68403047,0.16845105,0.76893534,0.36794772,0.82225107,0.51233280,0.86126224,0.61579733,0.89224445
0.00415901,0.68613294,0.17276791,0.77075875,0.37294680,0.82389407,0.51721107,0.86274349,0.62061132,0.89355008
0.00410844,0.68817221,0.17311460,0.77256417,0.37148830,0.82548268,0.51403838,0.86414581,0.61647225,0.89478072
0.00413265,0.69000982,0.16871669,0.77407127,0.36017086,0.82678241,0.49775125,0.86532254,0.59683040,0.89588360
0.00425952,0.69224594,0.16892237,0.77594313,0.35691191,0.82840218,0.49111490,0.86675665,0.58715049,0.89718333
0.00442166,0.69447321,0.17229035,0.77787339,0.36077586,0.83008898,0.49359440,0.86823112,0.58757401,0.89846636
0.00453172,0.69685491,0.17233584,0.77985307,0.36003716,0.83171876,0.49284794,0.86953780,0.58724423,0.89945014
0.00442922,0.69916048,0.17196362,0.78188784,0.35944764,0.83356131,0.49254612,0.87125043,0.58780598,0.90108081
0.00425840,0.70121703,0.17339864,0.78349280,0.36218656,0.83482226,0.49493636,0.87224678,0.58886848,0.90187979
0.00411183,0.70312988,0.17012401,0.78503383,0.35526757,0.83612137,0.48456927,0.87336641,0.57385250,0.90285661
0.00411114,0.70478920,0.17084455,0.78632174,0.35621101,0.83716842,0.48550857,0.87425153,0.57555015,0.90361805
0.00418652,0.70716132,0.17221034,0.78839376,0.35795145,0.83904689,0.48748083,0.87600991,0.57826513,0.90531691
0.00419097,0.70927724,0.17557355,0.79027638,0.36528138,0.84078070,0.49748713,0.87767380,0.59007469,0.90697284
0.00412636,0.71095672,0.17444619,0.79159086,0.36232792,0.84186543,0.49376597,0.87860022,0.58671353,0.90777977
0.00432297,0.71277009,0.17392855,0.79300770,0.36107892,0.84296651,0.49478116,0.87945500,0.59259167,0.90844048
0.00426564,0.71497785,0.17100465,0.79487204,0.35614606,0.84455502,0.49036039,0.88081736,0.59069483,0.90962366
0.00414374,0.71712860,0.16912818,0.79675960,0.35491388,0.84624404,0.49076066,0.88232784,0.59283675,0.91094837
0.00404156,0.71930440,0.16648425,0.79861905,0.35174517,0.84790681,0.48677661,0.88384085,0.58649401,0.91232061
0.00384884,0.72129535,0.15969615,0.80025844,0.33884207,0.84936835,0.46986165,0.88519789,0.56667774,0.91360327
0.00364803,0.72348696,0.15191879,0.80203415,0.32804752,0.85088843,0.46017535,0.88653495,0.55873629,0.91479636
0.00409663,0.72551336,0.15703749,0.80378745,0.33254816,0.85246842,0.46056971,0.88801235,0.55257719,0.91622350
0.00384120,0.72740265,0.15036961,0.80536496,0.32098522,0.85384013,0.44586311,0.88922370,0.53527973,0.91729878
0.00365586,0.72938884,0.14763073,0.80701117,0.31840162,0.85528685,0.44558499,0.89053093,0.53954074,0.91848401
0.00384778,0.73119514,0.15004936,0.80842593,0.32360262,0.85642850,0.45309418,0.89146950,0.54832058,0.91926835
0.00396670,0.73308108,0.14999793,0.81002229,0.32043300,0.85780974,0.44687030,0.89266954,0.53909286,0.92030756
0.00416551,0.73484985,0.15589981,0.81149481,0.32825446,0.85908433,0.45277766,0.89379751,0.54021697,0.92131186
0.00441544,0.73660985,0.15724113,0.81294046,0.32934255,0.86031093,0.45368030,0.89485605,0.54187045,0.92224060
0.00448396,0.73834179,0.15611636,0.81435100,0.32126061,0.86154000,0.43456971,0.89597020,0.50753945,0.92326699
0.00428422,0.74041087,0.15041324,0.81610360,0.30561304,0.86311778,0.39772404,0.89748675,-0.36819438,0.92481178
0.00439824,0.74256889,0.15014670,0.81800780,0.30285996,0.86483682,0.39137759,0.89904631,-0.39955441,0.92621871
0.00469780,0.74448936,0.15840073,0.81961529,0.32033530,0.86619937,0.42729021,0.90018298,0.48783313,0.92712634
0.00453836,0.74573476,0.15182817,0.82045402,0.30372968,0.86680579,0.38797277,0.90063823,-0.42866493,0.92748138
0.00461623,0.74728804,0.15472672,0.82164871,0.31218064,0.86778690,0.40916482,0.90146753,0.41192691,0.92819249
0.00468493,0.74905942,0.15429489,0.82300109,0.31255502,0.86889285,0.41617886,0.90239186,0.46529741,0.92896621
0.00440177,0.75067054,0.15267444,0.82434844,0.30765654,0.87011056,0.39764232,0.90353890,-0.38825346,0.93007877
0.00420541,0.75253983,0.14397754,0.82601406,0.28405414,0.87168473,0.31207101,0.90508385,-0.49875593,0.93163230
0.00457088,0.75437858,0.15180520,0.82755050,0.30069398,0.87304386,0.36921013,0.90632711,-0.48014626,0.93278969
0.00443383,0.75642631,0.15067267,0.82910807,0.30232743,0.87429388,0.38189249,0.90736764,-0.45434008,0.93368901
0.00421815,0.75805134,0.14599367,0.83042682,0.29186244,0.87551183,0.35380142,0.90859334,-0.47899179,0.93499047
0.00392235,0.75951692,0.13965156,0.83148175,0.27232668,0.87627755,-0.33510798,0.90914688,-0.53401594,0.93539789
0.00410342,0.76111338,0.14910396,0.83262911,0.30672919,0.87712341,0.40501046,0.90975389,0.42702582,0.93578680
0.00397716,0.76261327,0.14888884,0.83366034,0.31188493,0.87783592,0.42349851,0.91021989,0.49755617,0.93604711
0.00401702,0.76407264,0.15226077,0.83474164,0.32141304,0.87863663,0.44022810,0.91077233,0.52243252,0.93635257
0.00415620,0.76580867,0.15478695,0.83620327,0.32863057,0.87997411,0.45552081,0.91206289,0.54911038,0.93764558
0.00423986,0.76722793,0.15190915,0.83736725,0.31865752,0.88102673,0.43894782,0.91307750,0.52702372,0.93867306
0.00438941,0.76915444,0.15173915,0.83900693,0.31831678,0.88250842,0.44052468,0.91446352,0.53122894,0.93998889
0.00458900,0.77062531,0.15378429,0.84028353,0.31571040,0.88371246,0.42827906,0.91568056,0.50441878,0.94128316
0.00462275,0.77235592,0.15322626,0.84161964,0.31349057,0.88478307,0.42331667,0.91655200,0.49204516,0.94199325
0.00461500,0.77368991,0.15593860,0.84253544,0.32556704,0.88540921,0.45044913,0.91694342,0.54158145,0.94216629
0.00447067,0.77544767,0.15398021,0.84393333,0.32269787,0.88658897,0.44835285,0.91798074,0.54187076,0.94311055
0.00444955,0.77719642,0.14792352,0.84542305,0.31218087,0.88793293,0.43850874,0.91923096,0.53577451,0.94429696
0.00433379,0.77874934,0.14529498,0.84657839,0.30817907,0.88889048,0.43578062,0.92010249,0.53542213,0.94516126
0.00416432,0.78009699,0.14269258,0.84768222,0.30115896,0.88987239,0.42278953,0.92102039,0.51704903,0.94604690
0.00407235,0.78155323,0.14021387,0.84881575,0.29155048,0.89084396,0.39807072,0.92190673,0.45984377,0.94689002
0.00432556,0.78300953,0.14162499,0.84988169,0.28554939,0.89166661,0.37480059,0.92253264,0.33228646,0.94734004
0.00448742,0.78468453,0.14361322,0.85122425,0.28548499,0.89286054,0.35816739,0.92364785,-0.45031797,0.94840862
0.00459816,0.78638364,0.14854379,0.85258755,0.30139718,0.89401090,0.40461592,0.92465432,0.46233289,0.94931600
0.00466644,0.78779025,0.14737809,0.85354803,0.29796699,0.89469863,0.40305206,0.92513628,0.47645789,0.94961865
0.00482250,0.78905572,0.15563682,0.85455234,0.31970725,0.89557009,0.44006789,0.92594208,0.53002983,0.95040196
0.00471899,0.79055227,0.15679997,0.85567892,0.32627335,0.89650451,0.45225413,0.92676902,0.54613095,0.95116637
0.00460708,0.79209961,0.14783757,0.85693890,0.30157604,0.89762954,0.40738224,0.92782429,0.46725649,0.95219476
0.00477814,0.79359812,0.15444744,0.85809988,0.31668302,0.89857431,0.43033148,0.92863059,0.50272441,0.95291892
0.00497895,0.79507483,0.15395380,0.85925148,0.31101292,0.89950062,0.41749312,0.92936500,0.47786337,0.95347158
0.00451350,0.79669316,0.14391811,0.86053888,0.29423305,0.90055265,0.39465578,0.93022488,0.43591524,0.95416726
0.00456410,0.79854839,0.14993787,0.86219098,0.31222442,0.90211105,0.43278792,0.93174008,0.52374860,0.95566707
0.00483587,0.80018624,0.15792672,0.86362532,0.33069772,0.90351143,0.45992441,0.93318264,0.55569886,0.95718569
0.00461309,0.80187506,0.14878233,0.86502545,0.30658637,0.90471493,0.41709808,0.93423052,0.48512194,0.95810006
0.00466976,0.80337263,0.15209547,0.86626969,0.31465921,0.90579951,0.43091617,0.93519376,0.50948505,0.95894793
0.00478656,0.80481038,0.15902176,0.86745244,0.33509307,0.90684324,0.46621936,0.93615137,0.56311974,0.95984142
0.00496636,0.80619760,0.16604667,0.86845420,0.35194286,0.90758610,0.49067948,0.93670284,0.59273687,0.96023960
0.00487160,0.80774072,0.16477738,0.86970788,0.34685965,0.90861896,0.48266313,0.93756081,0.58355687,0.96095558
0.00482800,0.80922449,0.16304346,0.87082757,0.34484961,0.90953147,0.48153919,0.93833122,0.58407019,0.96161632
0.00477107,0.81053796,0.15937093,0.87185971,0.33590724,0.91036395,0.46843653,0.93899066,0.56678790,0.96211312
0.00479739,0.81194072,0.15894619,0.87285395,0.33509096,0.91113714,0.46565736,0.93961191,0.56004409,0.96261830
0.00485050,0.81330895,0.16372414,0.87401675,0.34181121,0.91215890,0.47152748,0.94049937,0.56457976,0.96336331
0.00509559,0.81474519,0.17269227,0.87518627,0.35778429,0.91315613,0.49166994,0.94135790,0.58824450,0.96409671
0.00484790,0.81596240,0.16509202,0.87612776,0.34200296,0.91395681,0.46875934,0.94208881,0.55781848,0.96480841
0.00466930,0.81697906,0.15851123,0.87681544,0.32548208,0.91449460,0.43920679,0.94255543,0.50551478,0.96524513
0.00427955,0.81827089,0.14420351,0.87768363,0.28661370,0.91510337,0.32473545,0.94300147,-0.50725676,0.96558836
0.00421063,0.81952790,0.14099404,0.87869812,0.27292314,0.91599976,-0.32675474,0.94382628,-0.53363886,0.96635969
0.00419137,0.82092473,0.14102155,0.87977429,0.27616923,0.91685712,-0.27851264,0.94452610,-0.52448990,0.96694733
0.00413002,0.82224613,0.13442197,0.88080230,0.24981254,0.91774545,-0.37049214,0.94534142,-0.54060857,0.96772497
0.00423736,0.82349916,0.13543377,0.88173082,0.24955550,0.91845860,-0.37938081,0.94588693,-0.54866807,0.96813206
0.00441106,0.82487522,0.13155162,0.88273825,0.19030758,0.91924045,-0.42477424,0.94649784,-0.57377150,0.96859216
0.00433203,0.82630769,0.12527156,0.88387671,-0.16357536,0.92024119,-0.42771475,0.94744011,-0.56844559,0.96952351
0.00441548,0.82730101,0.13292433,0.88454362,0.22442211,0.92076573,-0.39382551,0.94789855,-0.54626706,0.96995465
0.00411117,0.82882382,0.11884017,0.88574415,-0.20059538,0.92173320,-0.42422245,0.94868988,-0.55884828,0.97060848
0.00400562,0.82964869,0.11804542,0.88617967,-0.18551503,0.92193344,-0.41748546,0.94872953,-0.55425669,0.97053154
0.00410006,0.83095836,0.12555821,0.88712672,0.18081277,0.92262137,-0.41008041,0.94918732,-0.55753235,0.97077392
0.00415581,0.83241054,0.13096214,0.88835970,0.24606734,0.92376035,-0.34354301,0.95031445,-0.52028543,0.97195237
0.00436301,0.83327526,0.13772507,0.88885012,0.27750373,0.92402740,0.36830938,0.95040108,0.33172360,0.97186040
0.00450296,0.83432708,0.14391080,0.88961380,0.29531494,0.92466308,0.41123468,0.95098515,0.50261097,0.97243993
0.00450663,0.83582144,0.14551026,0.89083111,0.29520771,0.92575376,0.40303036,0.95201771,0.47908933,0.97345088
0.00442773,0.83664708,0.14409455,0.89130784,0.29473005,0.92602523,0.40572649,0.95214568,0.48505463,0.97346622
0.00466307,0.83792453,0.15293766,0.89231122,0.31159058,0.92688082,0.42138845,0.95292347,0.47973049,0.97421872
0.00484587,0.83906670,0.15861308,0.89318851,0.32464954,0.92760254,0.44318696,0.95355112,0.52064097,0.97479892
0.00479412,0.84040648,0.15419144,0.89431576,0.31535457,0.92862164,0.43310090,0.95452062,0.51617197,0.97576969
0.00491597,0.84149081,0.15907290,0.89512727,0.32925774,0.92928403,0.45699765,0.95507431,0.55213831,0.97621689
0.00505695,0.84278092,0.16127128,0.89633167,0.33287942,0.93049678,0.46123588,0.95634139,0.55643837,0.97756998
0.00507021,0.84364566,0.15712816,0.89685097,0.31793160,0.93077580,0.43258523,0.95641251,0.51187360,0.97743158
0.00488726,0.84514426,0.15386059,0.89820421,0.31304517,0.93204267,0.43086778,0.95761675,0.52062729,0.97858851
0.00500945,0.84642544,0.15778790,0.89927657,0.32101228,0.93301078,0.43943688,0.95853496,0.52479979,0.97949008
0.00532824,0.84754917,0.16605650,0.90017690,0.33791928,0.93383074,0.46439519,0.95932017,0.55895000,0.98025647
0.00540206,0.84867069,0.16628604,0.90100437,0.33510692,0.93446911,0.45700943,0.95982941,0.54614826,0.98069033
0.00538696,0.85004047,0.16403550,0.90220248,0.32628761,0.93559914,0.43832119,0.96093505,0.51576491,0.98179244
0.00519822,0.85155533,0.15224643,0.90349869,0.28290432,0.93681263,-0.32091569,0.96211036,-0.53343149,0.98294935
0.00506115,0.85283444,0.15091947,0.90454959,0.29028383,0.93773717,0.32272448,0.96294725,-0.50566501,0.98371265
0.00485779,0.85358134,0.14684786,0.90511688,0.28414687,0.93819489,0.33041389,0.96334083,-0.48599648,0.98406906
0.00486472,0.85498247,0.14952313,0.90632345,0.30203967,0.93929582,0.40720178,0.96434424,0.46518895,0.98496369
0.00479395,0.85611142,0.14858482,0.90719195,0.30245177,0.94005057,0.41535875,0.96506617,0.49605861,0.98570219
0.00487463,0.85717716,0.15355906,0.90801233,0.32020699,0.94069864,0.45305489,0.96556606,0.55915663,0.98606022
0.00464188,0.85800826,0.14618476,0.90854639,0.30517829,0.94101361,0.43578677,0.96570287,0.54323961,0.98604284
0.00460061,0.85917794,0.14822950,0.90950552,0.30819446,0.94187687,0.43622357,0.96652804,0.54027788,0.98686996
0.00453147,0.86026337,0.14205469,0.91042265,0.28575669,0.94267796,0.39728867,0.96723635,0.49276731,0.98749308
0.00473103,0.86139586,0.14592659,0.91137376,0.28749225,0.94356055,0.38340460,0.96809393,0.44608108,0.98834389
0.00493943,0.86275752,0.15523789,0.91251284,0.31949916,0.94455520,0.44982923,0.96894726,0.55500448,0.98903766
0.00531872,0.86399411,0.16814288,0.91361026,0.34867875,0.94556965,0.48820554,0.96988442,0.59431097,0.98988809
0.00532437,0.86477065,0.16393687,0.91417760,0.33405081,0.94607237,0.46157183,0.97040269,0.55613254,0.99047507
0.00517959,0.86578087,0.16144699,0.91483190,0.32748867,0.94650157,0.44656294,0.97064509,0.52627762,0.99053862
0.00515261,0.86669822,0.15915052,0.91545822,0.32521714,0.94692924,0.45076423,0.97092244,0.54506932,0.99070042
0.00503067,0.86744061,0.15179913,0.91594654,0.30577329,0.94730403,0.42247020,0.97124691,0.51057130,0.99101462
0.00505726,0.86825213,0.15402821,0.91649488,0.31026273,0.94767623,0.42862343,0.97148507,0.52018053,0.99114224
0.00496861,0.86955015,0.15548256,0.91756799,0.31770642,0.94862758,0.44250850,0.97234691,0.53682274,0.99192910
0.00477785,0.87032657,0.14181514,0.91805792,0.26843694,0.94894649,0.23962941,0.97256357,-0.50008574,0.99209275
0.00467899,0.87143864,0.13262898,0.91884178,0.21182636,0.94949377,-0.38608856,0.97291912,-0.53221415,0.99227833
0.00477171,0.87229335,0.13295461,0.91944250,0.17510635,0.94992459,-0.41045812,0.97320947,-0.55103305,0.99243779
0.00472803,0.87315129,0.13344550,0.92007670,0.20873335,0.95044728,-0.38833277,0.97367690,-0.53008629,0.99287789
0.00480171,0.87441061,0.13773599,0.92118924,0.23667050,0.95149036,-0.36419972,0.97468646,-0.51704922,0.99387192
0.00472788,0.87527094,0.14064797,0.92174844,0.27453288,0.95187621,0.37836153,0.97494806,0.47690463,0.99403629
0.00470973,0.87563281,0.14045240,0.92172332,0.27387362,0.95162149,0.37815825,0.97454970,0.48177179,0.99355652
0.00486739,0.87623342,0.14723733,0.92200435,0.29492943,0.95172028,0.41804712,0.97452763,0.52972777,0.99345098
0.00493074,0.87705244,0.14748431,0.92261679,0.29126379,0.95222405,0.40550395,0.97495858,0.51013463,0.99381884
0.00504105,0.87790865,0.15376495,0.92318151,0.30904536,0.95256534,0.43254628,0.97511102,0.53652466,0.99380871
0.00495386,0.87876150,0.15186072,0.92391119,0.30039580,0.95327913,0.41342687,0.97585197,0.51257711,0.99460246
0.00470248,0.87929445,0.14157708,0.92422460,0.25485873,0.95340880,-0.32646548,0.97579344,-0.49278426,0.99433409
0.00484076,0.88034648,0.15193015,0.92514993,0.30185741,0.95430359,0.41327604,0.97670009,0.50698054,0.99527324
0.00499066,0.88094787,0.15848635,0.92548670,0.31797693,0.95452072,0.43956323,0.97686562,0.54032841,0.99542782
0.00498449,0.88190044,0.15452213,0.92618935,0.30516456,0.95512749,0.41597155,0.97745093,0.50886950,0.99603779
0.00530283,0.88297826,0.16193190,0.92709432,0.32158795,0.95595676,0.43834518,0.97824676,0.52962252,0.99682031
0.00492738,0.88375804,0.14772785,0.92767025,0.28149702,0.95642286,0.35032142,0.97863041,-0.40828827,0.99713206
0.00525752,0.88425309,0.16410280,0.92798969,0.32881608,0.95668083,0.45501982,0.97888719,0.55711668,0.99743294
0.00545159,0.88522078,0.16722600,0.92868987,0.32659320,0.95718857,0.43957153,0.97923934,0.52779935,0.99765472
0.00537850,0.88563237,0.16609327,0.92895880,0.32833477,0.95741790,0.44989255,0.97948853,0.54968229,0.99796565
0.00540713,0.88637222,0.16506393,0.92957472,0.32023148,0.95798695,0.42960177,0.98003295,0.51761553,0.99849730
0.00545150,0.88724788,0.16615700,0.93018647,0.32362307,0.95845040,0.43640564,0.98038557,0.52757739,0.99875417
0.00534830,0.88802770,0.16285720,0.93076064,0.31413651,0.95897002,0.41695823,0.98091144,0.49528838,0.99930954
0.00563398,0.88869210,0.17028637,0.93120548,0.33393205,0.95930767,0.45424780,0.98119399,0.55045327,0.99956846
0.00540675,0.88943525,0.16841311,0.93173585,0.33188169,0.95970681,0.44987080,0.98150802,0.54025135,0.99982668
0.00515263,0.89001618,0.16203199,0.93207816,0.31689356,0.95991392,0.42384455,0.98161909,0.49957212,0.99985731
0.00508836,0.89083593,0.16137795,0.93267967,0.31989768,0.96040307,0.43690434,0.98203161,0.53121096,1.00020947
0.00493932,0.89135484,0.16003422,0.93297658,0.32074021,0.96058446,0.43946537,0.98216327,0.52969435,1.00034400
0.00498113,0.89208908,0.16423030,0.93348009,0.33041583,0.96091607,0.45442615,0.98232925,0.55125534,1.00033032
0.00513985,0.89298029,0.16786336,0.93420540,0.33387915,0.96156514,0.45315532,0.98293087,0.54250058,1.00089586
0.00541367,0.89372647,0.17895536,0.93478764,0.36070022,0.96205870,0.49512646,0.98336992,0.59649859,1.00129992
0.00568689,0.89452257,0.18377651,0.93537540,0.36932864,0.96251679,0.50609383,0.98373564,0.60827782,1.00159773
0.00569083,0.89565492,0.18299032,0.93631897,0.36547105,0.96335476,0.49771825,0.98450513,0.59475595,1.00232257
0.00549836,0.89638517,0.18137914,0.93679630,0.36385454,0.96372484,0.49605984,0.98483975,0.59259196,1.00266772
0.00561752,0.89708900,0.18380098,0.93740520,0.36659585,0.96432075,0.49715386,0.98544551,0.59193318,1.00327928
0.00556784,0.89782794,0.17807450,0.93794245,0.34739207,0.96473636,0.46155407,0.98576994,0.53844291,1.00353020
0.00583116,0.89836755,0.18315723,0.93828576,0.35859672,0.96494713,0.48224437,0.98586145,0.57414409,1.00350279
0.00581757,0.89907898,0.18126404,0.93893033,0.35272011,0.96562180,0.46921926,0.98661010,0.55009174,1.00435626
0.00601019,0.89952558,0.18573363,0.93918619,0.35914093,0.96574692,0.47640274,0.98661758,0.55897729,1.00424260
0.00603967,0.90020815,0.18545411,0.93968154,0.35631727,0.96618180,0.47005146,0.98706000,0.54876441,1.00473638
0.00626453,0.90062678,0.19344886,0.93989771,0.37140040,0.96629614,0.48844804,0.98711787,0.56579565,1.00477265
0.00626015,0.90128936,0.19223641,0.94039495,0.36783063,0.96669158,0.48100295,0.98743383,0.55278231,1.00502159
0.00611194,0.90199722,0.18808532,0.94097987,0.35923368,0.96723510,0.46825201,0.98797874,0.53558513,1.00559270
0.00605661,0.90262579,0.18768532,0.94146778,0.35812803,0.96763446,0.46495464,0.98830443,0.52612505,1.00585388
0.00582679,0.90337319,0.18170952,0.94210208,0.34197935,0.96823680,0.42578196,0.98889931,-0.44055594,1.00644587
0.00576348,0.90404352,0.17735542,0.94260161,0.33099897,0.96865745,0.39405039,0.98926177,-0.50858656,1.00674522
0.00557013,0.90487633,0.16990726,0.94319134,0.30510317,0.96909378,-0.36455952,0.98958666,-0.56902387,1.00698409
0.00563260,0.90551538,0.16940845,0.94366929,0.29578147,0.96944367,-0.40805697,0.98981960,-0.58664207,1.00709407
0.00583212,0.90632307,0.17915364,0.94440302,0.33422784,0.97016980,0.39777853,0.99056753,-0.50976385,1.00787916
0.00580957,0.90707962,0.17855815,0.94502771,0.33071428,0.97069311,0.38108172,0.99099432,-0.52309015,1.00820814
0.00589539,0.90789719,0.18233363,0.94569993,0.33765797,0.97127010,0.39345151,0.99150306,-0.52517969,1.00866748
0.00615585,0.90851465,0.18643096,0.94624580,0.34453982,0.97179870,0.40403981,0.99203549,-0.53101756,1.00921589
0.00622110,0.90897931,0.18641269,0.94654442,0.34242687,0.97200474,0.38686927,0.99217303,-0.54716896,1.00929464
0.00601553,0.90977811,0.18250006,0.94709083,0.33503848,0.97239645,0.35868349,0.99245444,-0.55466922,1.00949258
0.00566130,0.91030009,0.17113705,0.94739970,0.29948192,0.97257190,-0.40996394,0.99252058,-0.59186776,1.00946108
0.00577234,0.91113524,0.17656049,0.94800897,0.32132543,0.97304658,-0.30061113,0.99289181,-0.56831350,1.00974087
0.00574060,0.91190517,0.17748979,0.94865556,0.32704162,0.97363445,0.33349745,0.99344757,-0.55441913,1.01028509
0.00539846,0.91202362,0.16975743,0.94862794,0.31118891,0.97353976,-0.30996545,0.99331855,-0.55797487,1.01014495
0.00529861,0.91262334,0.16834964,0.94918793,0.31173808,0.97412159,0.27574548,0.99395354,-0.54301007,1.01085576
0.00532871,0.91317625,0.16869618,0.94964791,0.31392483,0.97455797,0.31851457,0.99437797,-0.53796171,1.01125166
0.00543730,0.91350291,0.17287029,0.94989078,0.33350157,0.97475467,0.42769987,0.99453234,0.43041158,1.01136693
0.00555320,0.91372101,0.17650467,0.94996533,0.34540462,0.97477221,0.45759364,0.99452779,0.53174079,1.01135187
0.00547611,0.91427898,0.17253164,0.95040172,0.33227625,0.97517585,0.42550141,0.99492756,0.42409584,1.01176029
0.00520073,0.91510542,0.16587299,0.95108246,0.31440794,0.97579122,0.37619706,0.99550830,-0.49039531,1.01231866
0.00527990,0.91549122,0.16865362,0.95117765,0.32064993,0.97565569,0.38020363,0.99515951,-0.51214095,1.01176625
0.00542574,0.91615599,0.17395595,0.95170832,0.33603954,0.97610954,0.42794736,0.99557408,-0.36333996,1.01216720
0.00541662,0.91688419,0.17412688,0.95226094,0.33847043,0.97657682,0.43672607,0.99600363,0.44034483,1.01258684
0.00540767,0.91746505,0.17523403,0.95266974,0.34206852,0.97687571,0.44751143,0.99621881,0.49711488,1.01273510
0.00579914,0.91802615,0.18358174,0.95310952,0.35694964,0.97728488,0.46905480,0.99664055,0.53401677,1.01319879
0.00564072,0.91853669,0.18159343,0.95347262,0.35618188,0.97757624,0.47133151,0.99690222,0.54194012,1.01346685
0.00551832,0.91903102,0.17708672,0.95380238,0.34669957,0.97782678,0.45656393,0.99710590,0.51754280,1.01363470
0.00557863,0.91987242,0.17682862,0.95445467,0.33959324,0.97833257,0.43220018,0.99749314,0.35220313,1.01392278
0.00543071,0.92028040,0.17355910,0.95468812,0.33297693,0.97846738,0.41877148,0.99756857,-0.44939212,1.01396877
0.00581561,0.92071397,0.18336542,0.95503251,0.35608616,0.97881091,0.46689151,0.99794350,0.52736722,1.01438354
0.00570039,0.92127494,0.18548404,0.95551182,0.36464952,0.97930334,0.48453693,0.99850443,0.56245737,1.01505284
0.00582698,0.92199931,0.18725903,0.95605522,0.37009937,0.97973934,0.49774897,0.99886839,0.58968031,1.01536668
0.00582377,0.92254942,0.18867948,0.95641716,0.37196925,0.97997376,0.49843068,0.99899491,0.58777639,1.01539451
0.00576554,0.92303192,0.18785365,0.95670773,0.37061633,0.98014301,0.49840642,0.99907228,0.59184329,1.01539620
0.00551617,0.92360585,0.18180916,0.95719106,0.35848777,0.98060379,0.48087702,0.99954248,0.56945816,1.01590347
0.00542288,0.92394225,0.17750343,0.95736156,0.34913506,0.98066852,0.46595597,0.99952010,0.54712541,1.01580004
0.00580400,0.92418979,0.18840972,0.95753829,0.36975778,0.98080563,0.49312817,0.99961764,0.57835740,1.01584575
0.00600184,0.92455879,0.19443675,0.95784659,0.38308322,0.98111093,0.51319774,0.99991907,0.60541961,1.01612489
0.00595616,0.92517366,0.19066252,0.95840328,0.37175967,0.98165234,0.49233478,1.00046027,0.57379575,1.01667137
0.00597109,0.92561522,0.18930075,0.95865085,0.36608239,0.98177716,0.47948901,1.00047588,0.54950294,1.01657222
0.00604864,0.92632103,0.19071637,0.95914726,0.36828436,0.98214646,0.48254453,1.00076323,0.55486508,1.01680822
0.00587759,0.92669298,0.18815559,0.95942102,0.36640461,0.98239627,0.48418873,1.00100886,0.56319515,1.01705831
0.00589874,0.92696271,0.19005403,0.95954929,0.37155377,0.98247330,0.49329510,1.00106591,0.57692219,1.01710862
0.00576500,0.92740671,0.18726412,0.95992837,0.36865956,0.98286680,0.49342938,1.00151082,0.58282601,1.01762778
0.00593568,0.92791080,0.19261005,0.96035388,0.37940593,0.98322936,0.50791436,1.00181117,0.59960203,1.01786299
0.00580815,0.92853286,0.19101339,0.96078954,0.37814425,0.98354678,0.50815111,1.00202627,0.60228341,1.01797449
0.00564920,0.92901908,0.18710991,0.96119278,0.37090621,0.98393415,0.49713398,1.00242977,0.58596288,1.01841209
0.00568875,0.92990973,0.18829414,0.96199209,0.37420969,0.98471433,0.50432508,1.00322297,0.59878096,1.01924199
0.00590441,0.93025081,0.19590722,0.96214534,0.38902626,0.98474220,0.52395251,1.00316036,0.62140402,1.01911248
0.00559454,0.93060746,0.18888755,0.96228636,0.37856742,0.98472308,0.51335349,1.00299293,0.61232771,1.01879337
0.00613089,0.93096022,0.19976580,0.96255312,0.39451632,0.98493108,0.52890312,1.00313965,0.62455599,1.01886788
0.00642199,0.93126982,0.20540932,0.96274393,0.40286036,0.98504377,0.53802590,1.00317277,0.63386338,1.01881272
0.00587328,0.93158176,0.19062500,0.96295892,0.37632255,0.98527590,0.50496644,1.00349285,0.59757998,1.01927715
0.00585955,0.93209139,0.19063035,0.96334249,0.37885751,0.98558183,0.51130008,1.00373630,0.60777344,1.01946151
0.00622107,0.93237710,0.20195732,0.96349554,0.39945320,0.98564801,0.53594202,1.00372298,0.63295115,1.01936669
0.00625362,0.93255338,0.20382779,0.96348597,0.40176258,0.98552501,0.53669637,1.00352146,0.63099599,1.01911426
0.00607266,0.93300589,0.19961709,0.96381466,0.39520951,0.98576154,0.52917483,1.00367578,0.62304384,1.01918974
0.00593625,0.93359985,0.19919084,0.96428845,0.39645023,0.98616180,0.53176058,1.00402052,0.62626133,1.01949128
0.00590219,0.93390980,0.20063538,0.96456878,0.39952860,0.98643908,0.53543972,1.00429264,0.63026303,1.01974947
0.00549553,0.93439742,0.19210246,0.96496262,0.38814514,0.98678508,0.52490262,1.00460052,0.62150317,1.02001934
0.00555746,0.93493585,0.19153500,0.96535152,0.38539665,0.98709499,0.52035924,1.00486410,0.61554422,1.02024961
0.00546082,0.93516970,0.18889213,0.96547938,0.37876304,0.98719334,0.51040803,1.00497389,0.60317666,1.02039654
0.00515565,0.93551122,0.18230929,0.96574851,0.36964546,0.98744751,0.50187238,1.00523128,0.59656689,1.02066349
0.00504933,0.93616875,0.18037526,0.96625376,0.36830085,0.98785953,0.50246576,1.00556843,0.59943549,1.02092930
0.00500101,0.93600888,0.17567996,0.96595765,0.35343466,0.98747630,0.47368197,1.00512053,0.55036844,1.02042645
0.00499611,0.93644147,0.17586108,0.96621144,0.35537442,0.98762348,0.47912640,1.00519540,0.56166884,1.02045139
0.00524059,0.93677526,0.18235557,0.96636438,0.36732104,0.98766395,0.49678182,1.00514954,0.58790739,1.02032983
0.00526955,0.93703089,0.18649431,0.96648030,0.37984344,0.98770526,0.51868513,1.00514892,0.61966861,1.02030583
0.00513654,0.93739440,0.18329847,0.96675433,0.37396564,0.98795253,0.51059261,1.00539531,0.60943999,1.02056957
0.00512311,0.93786870,0.18397403,0.96707716,0.37455124,0.98820410,0.51077575,1.00560438,0.61010536,1.02074602
0.00531835,0.93812926,0.18805403,0.96725699,0.38083809,0.98840250,0.51658511,1.00587779,0.61399963,1.02114101
0.00539752,0.93858817,0.19313694,0.96762188,0.39228123,0.98874132,0.53312746,1.00622143,0.63481774,1.02151045
0.00503691,0.93892507,0.18535208,0.96789674,0.38025481,0.98896414,0.51940435,1.00637547,0.61974108,1.02157348
0.00520207,0.93925880,0.18696621,0.96813353,0.37771431,0.98912826,0.50921938,1.00646532,0.59959200,1.02158313
0.00557036,0.93979701,0.19574490,0.96863130,0.39078012,0.98961953,0.52285974,1.00695883,0.61254829,1.02207706
0.00565466,0.94012814,0.19897600,0.96876443,0.39576276,0.98961588,0.52795428,1.00684303,0.61745268,1.02186304
0.00552085,0.94037932,0.19403401,0.96886173,0.38790413,0.98961993,0.51989479,1.00678443,0.61048749,1.02176226
0.00554684,0.94064638,0.19651939,0.96904864,0.39519336,0.98976987,0.53226081,1.00691241,0.62793459,1.02187583
0.00562231,0.94095285,0.19795214,0.96926984,0.39696055,0.98995697,0.53422854,1.00707757,0.63061564,1.02202301
0.00552893,0.94130442,0.19621022,0.96962085,0.39502673,0.99034681,0.53291600,1.00752024,0.62976163,1.02252407
0.00540993,0.94160074,0.19292229,0.96978497,0.38721997,0.99044827,0.52130492,1.00758991,0.61504946,1.02258223
0.00526424,0.94218025,0.19018534,0.97037930,0.38200975,0.99108063,0.51441474,1.00825821,0.60732474,1.02327319
0.00530220,0.94272660,0.19128891,0.97088553,0.38561124,0.99156685,0.52167522,1.00872729,0.61890046,1.02372705
0.00537894,0.94306377,0.19552744,0.97110887,0.39364722,0.99171633,0.53172427,1.00882301,0.62988447,1.02378524
0.00521906,0.94360656,0.19456878,0.97158020,0.39354465,0.99217034,0.53282079,1.00927021,0.63249821,1.02422239
0.00491116,0.94402483,0.18603468,0.97190435,0.37997639,0.99240860,0.51804906,1.00943978,0.61805644,1.02434279
0.00455577,0.94424906,0.17889042,0.97197404,0.36796408,0.99237776,0.50310327,1.00932614,0.60135254,1.02415378
0.00425171,0.94471254,0.17094432,0.97238011,0.35557946,0.99277801,0.49043226,1.00973551,0.59084447,1.02457735
0.00416296,0.94517456,0.16512718,0.97270765,0.34181522,0.99301534,0.47008691,1.00989535,0.56580685,1.02466161
0.00408967,0.94534974,0.16468643,0.97280520,0.34259534,0.99304880,0.47345147,1.00985942,0.57253585,1.02455391
0.00410085,0.94570500,0.16474656,0.97316686,0.34153252,0.99347007,0.47097546,1.01036736,0.56987847,1.02516367
0.00412617,0.94581414,0.16571550,0.97313926,0.34520159,0.99337691,0.48024361,1.01024043,0.58587210,1.02501941
0.00402415,0.94597711,0.16378606,0.97326933,0.34176809,0.99354146,0.47538646,1.01045830,0.57953946,1.02529622
0.00403243,0.94628510,0.16556551,0.97346999,0.34854843,0.99367263,0.48724855,1.01053769,0.59417666,1.02533248
0.00405169,0.94668258,0.16667019,0.97377956,0.34962133,0.99396637,0.48545694,1.01084887,0.58803875,1.02568466
0.00421026,0.94683973,0.17225145,0.97382600,0.36025906,0.99394879,0.49821023,1.01078851,0.59998705,1.02559437
0.00420044,0.94718433,0.17098590,0.97409185,0.35860447,0.99420471,0.49759352,1.01106802,0.60112485,1.02591516
0.00415209,0.94756786,0.16945283,0.97436143,0.35533076,0.99440186,0.49361008,1.01120518,0.59756569,1.02599636
0.00433480,0.94756011,0.17493794,0.97423767,0.36421749,0.99418290,0.50254502,1.01089813,0.60472190,1.02560751
0.00446486,0.94763476,0.18081611,0.97431377,0.37624869,0.99429252,0.51854719,1.01105104,0.62344412,1.02580619
0.00467743,0.94782278,0.18800367,0.97444669,0.39036038,0.99442164,0.53662235,1.01119233,0.64290285,1.02596562
0.00491544,0.94847332,0.19508875,0.97501214,0.40217456,0.99497443,0.55062970,1.01176698,0.65794157,1.02658310
0.00491034,0.94876910,0.19253914,0.97514513,0.39660039,0.99496269,0.54356282,1.01162228,0.65036817,1.02631729
0.00471648,0.94884214,0.18454832,0.97515574,0.38014751,0.99493498,0.52190552,1.01155680,0.62631598,1.02620465
0.00446653,0.94919116,0.17539174,0.97545526,0.36193052,0.99518889,0.49796951,1.01176891,0.59933282,1.02638593
0.00433233,0.94955069,0.17020528,0.97574460,0.35041296,0.99546798,0.48235272,1.01206249,0.58166175,1.02670710
0.00459715,0.94981031,0.17966072,0.97594513,0.36786567,0.99563547,0.50343350,1.01219720,0.60331620,1.02680038
0.00453002,0.95034449,0.17816603,0.97641782,0.36562801,0.99607091,0.50126868,1.01259736,0.60128893,1.02715957
0.00475618,0.95080984,0.18711118,0.97684892,0.38466296,0.99652889,0.52728913,1.01309878,0.63131518,1.02770893
0.00448878,0.95130539,0.17835300,0.97730447,0.36759442,0.99694734,0.50494572,1.01347334,0.60607908,1.02803339
0.00431657,0.95151306,0.17460391,0.97741107,0.36004433,0.99701462,0.49510559,1.01353825,0.59543343,1.02812564
0.00431036,0.95150166,0.17662411,0.97725179,0.36404032,0.99675707,0.49993623,1.01320153,0.60082884,1.02772390
0.00435040,0.95164483,0.17892936,0.97732922,0.36863128,0.99678737,0.50569924,1.01318817,0.60668787,1.02766608
0.00402383,0.95209787,0.17005967,0.97765044,0.35251747,0.99703206,0.48477398,1.01338305,0.58309859,1.02782281
0.00367575,0.95248382,0.16011075,0.97805546,0.33530111,0.99748970,0.46475554,1.01390532,0.56410877,1.02841594
0.00370957,0.95271339,0.15859665,0.97817502,0.32959561,0.99753365,0.45470560,1.01387696,0.55097085,1.02831689
0.00370251,0.95286836,0.16041290,0.97829348,0.33793244,0.99764914,0.46932411,1.01400675,0.56853812,1.02847593
0.00360317,0.95317226,0.15466461,0.97849568,0.32424137,0.99777508,0.44870332,1.01407481,0.54321844,1.02850531
0.00382041,0.95372798,0.16385885,0.97895898,0.34641591,0.99819275,0.48282906,1.01446894,0.58662019,1.02888947
0.00372960,0.95394175,0.16400994,0.97910371,0.35012257,0.99831552,0.49088654,1.01458418,0.59840007,1.02900564
0.00366962,0.95401504,0.16074431,0.97913351,0.34363812,0.99835204,0.48360101,1.01465353,0.59207491,1.02912893
0.00379316,0.95409613,0.16310929,0.97910477,0.34559949,0.99825770,0.48315832,1.01451187,0.58818336,1.02894006
0.00427700,0.95413444,0.18019008,0.97906389,0.37682049,0.99817492,0.51976165,1.01439342,0.62457751,1.02878031
0.00405619,0.95426343,0.17253607,0.97915354,0.36258228,0.99823411,0.50188231,1.01441370,0.60502951,1.02874562
0.00404635,0.95420213,0.17098981,0.97899834,0.35745745,0.99802292,0.49383057,1.01415403,0.59616158,1.02843634
0.00423296,0.95457136,0.17383026,0.97943389,0.36255288,0.99854705,0.50232656,1.01477703,0.60852316,1.02916533
0.00440376,0.95466209,0.18304936,0.97940112,0.38116321,0.99841558,0.52577534,1.01455369,0.63326536,1.02885572
0.00446815,0.95512338,0.18183994,0.97975608,0.37646975,0.99871569,0.51779102,1.01482305,0.62297988,1.02910543
0.00447143,0.95569509,0.18226494,0.98027569,0.37727809,0.99921878,0.51857854,1.01531708,0.62348029,1.02958174
0.00411253,0.95573676,0.17157775,0.98018268,0.35769348,0.99902424,0.49447145,1.01503381,0.59838074,1.02921693
0.00436648,0.95596797,0.17873270,0.98030693,0.36566145,0.99907832,0.49660011,1.01503098,0.59112000,1.02916362
0.00435421,0.95603834,0.17899283,0.98040361,0.36835014,0.99919770,0.50334361,1.01516465,0.60265326,1.02930880
0.00437153,0.95631636,0.17744421,0.98058057,0.36196400,0.99934268,0.49062998,1.01532878,0.58325364,1.02954015
0.00399291,0.95650906,0.16770323,0.98068424,0.34520420,0.99939306,0.47022147,1.01533992,0.56291624,1.02951800
0.00387120,0.95671027,0.16278756,0.98079457,0.33386537,0.99945487,0.45370674,1.01537815,0.54401424,1.02955124
0.00401975,0.95662373,0.16858086,0.98068676,0.34937863,0.99935824,0.48103540,1.01530471,0.58153319,1.02950619
0.00415648,0.95686172,0.17270899,0.98083055,0.35625831,0.99941544,0.48726880,1.01528299,0.58409913,1.02940888
0.00432351,0.95704225,0.17754928,0.98094876,0.36319078,0.99948294,0.49258824,1.01529513,0.58505848,1.02936026
0.00449676,0.95734280,0.18333916,0.98117138,0.37315776,0.99966913,0.50400117,1.01546147,0.59594598,1.02951338
0.00448626,0.95744948,0.18064793,0.98126498,0.36427609,0.99979810,0.48684457,1.01565041,0.56788651,1.02977356
0.00433621,0.95783998,0.17338311,0.98153341,0.34691567,0.99999129,0.45533016,1.01579661,0.50474386,1.02989958
0.00423730,0.95807236,0.16955517,0.98176788,0.33625032,1.00026609,0.43341812,1.01612449,0.42232092,1.03027988
0.00400500,0.95840338,0.16379157,0.98204040,0.32503374,1.00049621,0.41127710,1.01631750,-0.45564808,1.03043727
0.00385803,0.95833914,0.16205420,0.98190699,0.32249138,1.00032000,0.39890671,1.01610507,-0.50259413,1.03018642
0.00421509,0.95855975,0.17325013,0.98206266,0.34740884,1.00044685,0.45363174,1.01622251,0.48141941,1.03030605
0.00440124,0.95859426,0.18100898,0.98207594,0.36485560,1.00046191,0.48564338,1.01623665,0.55919998,1.03030968
0.00454099,0.95914723,0.18473359,0.98256512,0.37247998,1.00087219,0.49711651,1.01655804,0.57601070,1.03053143
0.00461042,0.95932161,0.18728687,0.98275953,0.37946350,1.00111009,0.50997025,1.01685108,0.59788852,1.03088911
0.00423056,0.95913134,0.17775402,0.98251502,0.36483831,1.00086027,0.49443242,1.01662095,0.58359032,1.03069664
0.00424821,0.95932755,0.17561962,0.98276711,0.35713848,1.00119553,0.48012683,1.01704934,0.56095211,1.03122373
0.00415892,0.95919483,0.17488849,0.98256038,0.35895662,1.00096157,0.48754109,1.01681604,0.57758841,1.03101266
0.00449754,0.95953797,0.18525141,0.98289362,0.37818459,1.00130082,0.51254578,1.01717977,0.60707870,1.03142393
0.00413208,0.95966770,0.17413097,0.98291639,0.35594871,1.00123837,0.48015268,1.01703524,0.56254875,1.03119283
0.00412996,0.96005739,0.17237348,0.98322073,0.34986558,1.00144174,0.46877856,1.01713101,0.54308811,1.03118534
0.00430385,0.96002630,0.17811213,0.98310666,0.35821734,1.00124574,0.47611959,1.01685718,0.54713235,1.03083433
0.00426960,0.96012906,0.17844975,0.98313041,0.35973583,1.00122764,0.47997880,1.01681879,0.55739765,1.03078861
0.00421864,0.96035480,0.17889700,0.98332978,0.36399503,1.00141401,0.49159820,1.01700086,0.58197168,1.03097658
0.00412655,0.96080422,0.17295039,0.98369980,0.34840699,1.00173633,0.46518894,1.01728339,0.54351907,1.03122148
0.00410061,0.96086296,0.17096428,0.98367695,0.34204541,1.00167669,0.45148877,1.01720119,0.51532142,1.03111992
0.00387987,0.96107342,0.16337148,0.98374992,0.32284797,1.00164249,0.40745386,1.01706681,-0.44442795,1.03089246
0.00414073,0.96146767,0.17413226,0.98408406,0.35074693,1.00193433,0.46874458,1.01732004,0.54770113,1.03110342
0.00410012,0.96154242,0.17548241,0.98407682,0.35659381,1.00189843,0.48189091,1.01728353,0.57261207,1.03108291
0.00397753,0.96161082,0.17150473,0.98400966,0.34710445,1.00169125,0.46557170,1.01692597,0.54797467,1.03056182
0.00406265,0.96181997,0.17347404,0.98417318,0.35382284,1.00184672,0.48078643,1.01709460,0.57479903,1.03075834
0.00424002,0.96183367,0.18178398,0.98413172,0.37273512,1.00176492,0.50743183,1.01697004,0.60498765,1.03058589
0.00452470,0.96197035,0.18773543,0.98424632,0.38079340,1.00191164,0.51430826,1.01717929,0.60867817,1.03087720
0.00453607,0.96222106,0.18802178,0.98444827,0.38154692,1.00209366,0.51604291,1.01735707,0.61160805,1.03106312
0.00447652,0.96257789,0.18740118,0.98467499,0.38216245,1.00222783,0.51879947,1.01741832,0.61714957,1.03106414
0.00458629,0.96279657,0.18841582,0.98488472,0.38226474,1.00242099,0.51770748,1.01758556,0.61539371,1.03119814
0.00468879,0.96278500,0.18991626,0.98481630,0.38337431,1.00232196,0.51667137,1.01746680,0.61048552,1.03105897
0.00472506,0.96299218,0.18972956,0.98503497,0.38171014,1.00257909,0.51376423,1.01776954,0.60694172,1.03140737
0.00471324,0.96284935,0.18837501,0.98488932,0.37919404,1.00246118,0.51104356,1.01769220,0.60475932,1.03137269
0.00478511,0.96310210,0.19377492,0.98513213,0.39275502,1.00276379,0.53259142,1.01809481,0.63364205,1.03190123
0.00478901,0.96333112,0.19546905,0.98538221,0.39723812,1.00306473,0.53921143,1.01845619,0.64163557,1.03232206
0.00458807,0.96341535,0.19423287,0.98535050,0.39946387,1.00294611,0.54559402,1.01825434,0.65151263,1.03203337
0.00466365,0.96349988,0.19377824,0.98543165,0.39543998,1.00302859,0.53778378,1.01834503,0.64082988,1.03213944
0.00451092,0.96364257,0.19030168,0.98552421,0.39203250,1.00311030,0.53751013,1.01843810,0.64485598,1.03226225
0.00461855,0.96400638,0.19331724,0.98585343,0.39712790,1.00341233,0.54256825,1.01871149,0.64857537,1.03250445
0.00462074,0.96413005,0.19442110,0.98594436,0.39964413,1.00344979,0.54570143,1.01867480,0.65168442,1.03237371
0.00425218,0.96416864,0.18424199,0.98589864,0.38254631,1.00334664,0.52623166,1.01852239,0.63250916,1.03218424
0.00397880,0.96423524,0.17618552,0.98592132,0.36929608,1.00336230,0.51207171,1.01855674,0.61965541,1.03225836
0.00391211,0.96441404,0.17221938,0.98609077,0.36002040,1.00354459,0.49928937,1.01876190,0.60607781,1.03248731
0.00380300,0.96471371,0.16868699,0.98634626,0.35325822,1.00376800,0.49094790,1.01895779,0.59794480,1.03265613
0.00406788,0.96482575,0.17839239,0.98645333,0.37087518,1.00390120,0.51017116,1.01913309,0.61413338,1.03288776
0.00334878,0.96506089,0.15583957,0.98656339,0.32996837,1.00392206,0.46137397,1.01908759,0.56671879,1.03279455
0.00318482,0.96540224,0.14886054,0.98685305,0.31356050,1.00417627,0.43655409,1.01931178,0.53760644,1.03299074
0.00334368,0.96558680,0.15885876,0.98698058,0.34033700,1.00426716,0.47975688,1.01937649,0.58959305,1.03303874
0.00352139,0.96581406,0.16432176,0.98715835,0.34802077,1.00442529,0.48422759,1.01952556,0.58844480,1.03318288
0.00360482,0.96607501,0.16825875,0.98742407,0.35682852,1.00473498,0.49764098,1.01989199,0.60573074,1.03360876
0.00367095,0.96620047,0.17317305,0.98741857,0.36935100,1.00461229,0.51461355,1.01964656,0.62275570,1.03323236
0.00341909,0.96684074,0.16627772,0.98804970,0.36021885,1.00528100,0.50759289,1.02038425,0.61913703,1.03406441
0.00350971,0.96695906,0.16794231,0.98815549,0.36069325,1.00537623,0.50590632,1.02046096,0.61583528,1.03411032
0.00351246,0.96723626,0.16844164,0.98837145,0.36070731,1.00554710,0.50464148,1.02058285,0.61289757,1.03417028
0.00353334,0.96740962,0.16793192,0.98844161,0.35919000,1.00554158,0.50333007,1.02051315,0.61279885,1.03404220
0.00353569,0.96729006,0.16619449,0.98823820,0.35520407,1.00526539,0.49835277,1.02016934,0.60754500,1.03364046
0.00331224,0.96723491,0.15935916,0.98810179,0.34379456,1.00508380,0.48587551,1.01994769,0.59591059,1.03337200
0.00354756,0.96759862,0.16858232,0.98842717,0.35832411,1.00540517,0.49908385,1.02028441,0.60491085,1.03373762
0.00326328,0.96800499,0.16183594,0.98878542,0.35124297,1.00574550,0.49649722,1.02061275,0.60821784,1.03405496
0.00328938,0.96792769,0.16185473,0.98861904,0.34766131,1.00548354,0.48591056,1.02024407,0.59005019,1.03356778
0.00311226,0.96788233,0.16164260,0.98861595,0.35342940,1.00553232,0.49716599,1.02034172,0.60399629,1.03370943
0.00297220,0.96812830,0.15494515,0.98886594,0.33709298,1.00579339,0.47223357,1.02062147,0.57243908,1.03401853
0.00307716,0.96824621,0.15890951,0.98894557,0.34340273,1.00583960,0.47839869,1.02062833,0.57674508,1.03397492
0.00313506,0.96847964,0.15723568,0.98914399,0.33687671,1.00604028,0.46848230,1.02085245,0.56610086,1.03423595
0.00320071,0.96882053,0.16102657,0.98948892,0.34540944,1.00639731,0.47977095,1.02122587,0.57860056,1.03462562
0.00321959,0.96868790,0.16197260,0.98927666,0.34670782,1.00609328,0.47960262,1.02080785,0.57445375,1.03406536
0.00302307,0.96888034,0.15420287,0.98951261,0.33053506,1.00639700,0.45742130,1.02119108,0.54914714,1.03454015
0.00324772,0.96888674,0.16282344,0.98946410,0.34685520,1.00629745,0.47915497,1.02103693,0.57504525,1.03432636
0.00334428,0.96889412,0.16738425,0.98941383,0.35493806,1.00622729,0.48807673,1.02097016,0.58307590,1.03428122
0.00354915,0.96895792,0.17376140,0.98943588,0.36610073,1.00623635,0.50217484,1.02098131,0.59964387,1.03430199
0.00325195,0.96926767,0.16543355,0.98969870,0.35236290,1.00647778,0.48508248,1.02121601,0.57934269,1.03454469
0.00318714,0.96961294,0.16505641,0.98992368,0.35313751,1.00659242,0.48705755,1.02121557,0.58231819,1.03442087
0.00283404,0.96980663,0.14960872,0.99012098,0.32093057,1.00678464,0.44305664,1.02139743,0.53156586,1.03458676
0.00299572,0.97035913,0.15671294,0.99061976,0.33588373,1.00724268,0.46404738,1.02182512,0.55598175,1.03500031
0.00303638,0.97043287,0.15790478,0.99062336,0.33870865,1.00717639,0.46954945,1.02168259,0.56569439,1.03477445
0.00287628,0.97032913,0.15020996,0.99047567,0.32205678,1.00699260,0.44431500,1.02146446,0.53112912,1.03452462
0.00244480,0.97065833,0.13235726,0.99076994,0.28488171,1.00727665,0.38321484,1.02175572,0.38747493,1.03483486
0.00229540,0.97046072,0.12146721,0.99060147,0.25036338,1.00712176,0.20996041,1.02159797,-0.47182597,1.03465882
0.00246545,0.97067108,0.13215131,0.99082434,0.28796331,1.00736860,0.40479729,1.02187073,0.49815128,1.03495196
0.00234412,0.97041688,0.12702676,0.99047443,0.27671026,1.00694340,0.38352110,1.02139656,0.45523197,1.03446087
0.00244307,0.97021095,0.13531095,0.99025470,0.30454631,1.00673778,0.44057118,1.02121235,0.55007482,1.03429825
0.00249117,0.97025728,0.13824826,0.99023226,0.31528844,1.00667751,0.46137449,1.02113015,0.57877169,1.03420480
0.00250949,0.97028171,0.14202405,0.99026034,0.32686354,1.00673960,0.47746297,1.02123877,0.59489446,1.03436810
0.00247239,0.97038092,0.13958535,0.99029365,0.32042714,1.00673271,0.46679832,1.02120563,0.58008083,1.03431655
0.00247710,0.97061487,0.13992361,0.99051568,0.32218667,1.00696372,0.46922899,1.02146636,0.58184520,1.03462258
0.00252979,0.97069766,0.14004530,0.99059173,0.31767589,1.00705063,0.45900031,1.02157207,0.56765643,1.03475254
0.00231510,0.97075604,0.13216437,0.99058867,0.30536990,1.00701134,0.44455656,1.02151534,0.54876313,1.03469238
0.00211295,0.97105104,0.11786843,0.99085633,0.26726624,1.00727637,0.38739851,1.02178019,0.47802374,1.03495044
0.00207619,0.97129002,0.11117885,0.99101288,0.24507751,1.00734520,0.35866278,1.02174798,0.46949057,1.03480257
0.00191754,0.97153485,0.09975507,0.99122514,0.19549575,1.00753178,-0.25467523,1.02190922,0.35094157,1.03493924
0.00217317,0.97154518,0.11848516,0.99116050,0.27372041,1.00739935,0.41259850,1.02171075,0.53292187,1.03467710
0.00197581,0.97165511,0.09977174,0.99128645,0.18906776,1.00753005,-0.28168159,1.02184158,-0.31844128,1.03480974
0.00186547,0.97156241,0.09298208,0.99116935,0.12191143,1.00739194,-0.31933766,1.02167390,-0.39808927,1.03459860
0.00196965,0.97150417,0.10129159,0.99109086,0.16588335,1.00729380,-0.36547352,1.02156466,-0.50791393,1.03449204
0.00206642,0.97164820,0.10930039,0.99115417,0.23037321,1.00731660,0.27927292,1.02156995,-0.41866995,1.03449881
0.00189782,0.97196732,0.08997259,0.99147796,-0.22043351,1.00763984,-0.40763046,1.02187776,-0.53455304,1.03477026
0.00209420,0.97181896,0.10571200,0.99136648,0.13085464,1.00755793,-0.39297872,1.02181543,-0.53545387,1.03471895
0.00233009,0.97199419,0.12519544,0.99157877,0.27454317,1.00781939,0.38686855,1.02213654,0.47483089,1.03511197
0.00249974,0.97226872,0.13337741,0.99186101,0.29234614,1.00812585,0.41446781,1.02246726,0.51527107,1.03546275
0.00244874,0.97216951,0.13168216,0.99171646,0.28743886,1.00796145,0.40205302,1.02230417,0.49168435,1.03532574
0.00237971,0.97229190,0.12857969,0.99178050,0.27963585,1.00798424,0.38530651,1.02229566,0.45563687,1.03529534
0.00228199,0.97254073,0.12288432,0.99196940,0.26180462,1.00811419,0.34381450,1.02236157,-0.36131870,1.03528478
0.00196664,0.97255578,0.09563561,0.99194636,-0.23678505,1.00806268,-0.43623925,1.02228242,-0.56950099,1.03517036
0.00206234,0.97251575,0.10695172,0.99185232,-0.18204004,1.00795604,-0.42440842,1.02218972,-0.56896011,1.03510890
0.00187688,0.97260575,0.08991454,0.99191150,-0.24478053,1.00798722,-0.44029792,1.02218514,-0.57473381,1.03505904
0.00207176,0.97257882,0.10490700,0.99190986,-0.18220123,1.00801250,-0.41499858,1.02222806,-0.55506956,1.03510503
0.00235362,0.97238668,0.12458481,0.99168677,0.25618716,1.00776392,-0.26326974,1.02195869,-0.49738941,1.03482060
0.00241919,0.97260305,0.12901773,0.99184630,0.27151556,1.00786769,0.33257419,1.02200432,-0.47105235,1.03480598
0.00219186,0.97251692,0.11912136,0.99179114,0.24781905,1.00786135,-0.21177698,1.02206374,-0.47766474,1.03494832
0.00196159,0.97290503,0.10294958,0.99215270,-0.08472009,1.00820110,-0.39179067,1.02238054,-0.53201255,1.03524015
0.00152257,0.97296515,-0.03352890,0.99221493,-0.28733904,1.00826755,-0.46362270,1.02244944,-0.58965463,1.03530900
0.00142193,0.97284116,-0.04356476,0.99208798,-0.28247637,1.00813324,-0.45440192,1.02229611,-0.57716698,1.03512433
0.00152651,0.97264298,0.05565039,0.99182022,-0.27091191,1.00777218,-0.44688984,1.02181763,-0.57081351,1.03450880
0.00175755,0.97282411,0.09704411,0.99203555,-0.11380626,1.00803721,-0.37600441,1.02213793,-0.50934342,1.03488615
0.00163270,0.97285175,0.09495263,0.99207337,0.19240054,1.00810205,-0.27334563,1.02222460,-0.38938100,1.03497968
0.00170072,0.97255158,0.10799425,0.99177593,0.26734443,1.00783413,0.41853509,1.02199555,0.54636420,1.03479248
0.00161209,0.97292051,0.10368623,0.99211065,0.26679866,1.00816458,0.42775178,1.02234014,0.56175124,1.03516302
0.00124901,0.97292631,0.01771422,0.99206331,-0.23559565,1.00808525,-0.36651874,1.02224384,-0.38161929,1.03506290
0.00146309,0.97301275,0.07740055,0.99209383,-0.16631461,1.00806635,-0.30077323,1.02216781,0.42515617,1.03491924
0.00107608,0.97304939,-0.08494859,0.99217587,-0.28732512,1.00820358,-0.43716107,1.02236067,-0.53855056,1.03516782
0.00107906,0.97300650,-0.07877012,0.99210750,-0.27707559,1.00812330,-0.42056027,1.02227789,-0.50777886,1.03509249
0.00141988,0.97317713,0.07237998,0.99229897,-0.16740014,1.00836527,0.24927191,1.02259610,0.48498574,1.03551195
0.00113827,0.97299205,-0.07449415,0.99201900,-0.27559884,1.00802994,-0.41939316,1.02222597,-0.50290943,1.03511460
0.00117075,0.97306752,-0.07794449,0.99211113,-0.28727741,1.00813503,-0.44008713,1.02234315,-0.53968570,1.03524385
0.00137533,0.97316078,-0.03600700,0.99213758,-0.27724383,1.00811867,-0.44536407,1.02229375,-0.56094494,1.03516814
0.00172746,0.97315693,0.09427974,0.99210576,-0.20333576,1.00806030,-0.40684499,1.02220128,-0.53393655,1.03503323
0.00211614,0.97327973,0.12450318,0.99227303,0.27608637,1.00827090,0.38980991,1.02244835,0.49020157,1.03530982
0.00241206,0.97338875,0.13744744,0.99241651,0.30084962,1.00847702,0.42183301,1.02273288,0.52113003,1.03568387
0.00257549,0.97338421,0.14367880,0.99233591,0.31414571,1.00836356,0.44240669,1.02261188,0.54659632,1.03557426
0.00283554,0.97348232,0.15671491,0.99239769,0.34184751,1.00839100,0.47921244,1.02260135,0.58437290,1.03552068
0.00315688,0.97366070,0.16898686,0.99258441,0.36373474,1.00857276,0.50483547,1.02277567,0.60898888,1.03569134
0.00311782,0.97402043,0.16753296,0.99292178,0.35894159,1.00889781,0.49619795,1.02309412,0.59758943,1.03600819
0.00273173,0.97400899,0.15467889,0.99291769,0.33661421,1.00890101,0.46835007,1.02310295,0.56729661,1.03601884
0.00260220,0.97414293,0.14836567,0.99300847,0.32313753,1.00895752,0.44922031,1.02312804,0.54450007,1.03601647
0.00289410,0.97423696,0.16078084,0.99304931,0.34984830,1.00894936,0.48834225,1.02307755,0.59211049,1.03593316
0.00298093,0.97421366,0.16192818,0.99306357,0.34665039,1.00899858,0.47604856,1.02316902,0.56734802,1.03608033
0.00285183,0.97422874,0.15677523,0.99312558,0.33711286,1.00913417,0.46431275,1.02338608,0.55584461,1.03637878
0.00263341,0.97448406,0.14784315,0.99333498,0.31934548,1.00929904,0.43967888,1.02351371,0.52669038,1.03647796
0.00263905,0.97458784,0.14702797,0.99344970,0.31544177,1.00944321,0.42951811,1.02369684,0.50143081,1.03670249
0.00285909,0.97455784,0.15305224,0.99337038,0.32605484,1.00933308,0.44629730,1.02356971,0.53007249,1.03657181
0.00276364,0.97475966,0.14976729,0.99358976,0.31796823,1.00959239,0.42985437,1.02387920,0.49681949,1.03693779
0.00253999,0.97448425,0.13990613,0.99329696,0.29125820,1.00927427,0.34614464,1.02352017,-0.50518882,1.03651250
0.00235043,0.97467244,0.13007474,0.99347070,0.26046422,1.00946384,-0.35533621,1.02373855,-0.54175825,1.03676505
0.00227701,0.97475801,0.12548245,0.99353518,0.24041756,1.00951442,-0.38748079,1.02377363,-0.55248333,1.03677946
0.00213518,0.97468494,0.11549054,0.99340702,0.12562848,1.00934344,-0.42476928,1.02357299,-0.57140746,1.03656142
0.00203816,0.97469779,0.10937698,0.99334569,-0.21277172,1.00920009,-0.44340938,1.02333596,-0.58515733,1.03621862
0.00213029,0.97479709,0.11988593,0.99348447,0.20884036,1.00938328,-0.41310905,1.02357694,-0.56847604,1.03653517
0.00231998,0.97497899,0.12972063,0.99366747,0.25426367,1.00959513,-0.38490779,1.02383415,-0.55907293,1.03685296
0.00234591,0.97480944,0.12744795,0.99349540,0.22198831,1.00943009,-0.42856415,1.02369109,-0.58848464,1.03674967
0.00244058,0.97477166,0.13346263,0.99344368,0.24743911,1.00937695,-0.42211028,1.02363580,-0.58991114,1.03668512
0.00281023,0.97510671,0.15286642,0.99376455,0.31820310,1.00968359,0.40157613,1.02392862,-0.49615980,1.03696669
0.00286016,0.97498346,0.15691037,0.99357516,0.32880900,1.00943161,0.42918534,1.02362075,-0.37197018,1.03661324
0.00275689,0.97488499,0.15289131,0.99348254,0.32156187,1.00934645,0.41570606,1.02353904,-0.46445436,1.03653138
0.00277470,0.97524649,0.15315151,0.99387903,0.32329248,1.00977940,0.42486578,1.02401394,-0.37165670,1.03705870
0.00281705,0.97545797,0.15442691,0.99414489,0.32295136,1.01008543,0.41526646,1.02434580,-0.47993745,1.03740338
0.00279750,0.97531750,0.14986067,0.99401169,0.30365531,1.00995821,0.29103792,1.02421903,-0.55445381,1.03726929
0.00267740,0.97568733,0.14544701,0.99441999,0.29518371,1.01040809,-0.27502851,1.02471781,-0.55665081,1.03782348
0.00280105,0.97576762,0.14799828,0.99456954,0.29757711,1.01065227,-0.24239321,1.02507177,-0.55215863,1.03829341
0.00263914,0.97589968,0.13859680,0.99462351,0.26361127,1.01062684,-0.40336609,1.02496802,-0.57957459,1.03811495
0.00286569,0.97566866,0.15137218,0.99441376,0.31006926,1.01043611,0.37207440,1.02478296,-0.52315028,1.03792088
0.00282100,0.97543104,0.15249822,0.99417370,0.31489147,1.01017845,0.38598971,1.02450263,-0.52129512,1.03761552
0.00278228,0.97555907,0.15020007,0.99428734,0.30729148,1.01027049,0.34502029,1.02456741,-0.54312800,1.03765114
0.00302456,0.97583630,0.15774683,0.99450173,0.32105264,1.01042104,0.38754921,1.02464661,-0.53202149,1.03765245
0.00292362,0.97575978,0.15404712,0.99437973,0.31599779,1.01028066,0.39347321,1.02450229,-0.50497035,1.03751618
0.00294766,0.97559418,0.15659491,0.99421678,0.32589880,1.01011655,0.42701311,1.02433048,0.30841138,1.03733207
0.00276238,0.97561531,0.15013303,0.99428321,0.31346381,1.01023452,0.40789088,1.02449892,-0.42185713,1.03754632
0.00281824,0.97571338,0.15049992,0.99436476,0.31143186,1.01029252,0.39434532,1.02453200,-0.48374638,1.03755683
0.00271181,0.97560453,0.14535355,0.99422188,0.29655691,1.01011204,0.32492315,1.02430312,-0.52941911,1.03726441
0.00278476,0.97570291,0.15143888,0.99434544,0.31932073,1.01028256,0.42786779,1.02453403,0.47690553,1.03756571
0.00308863,0.97576919,0.16312303,0.99445907,0.34430115,1.01043202,0.46814115,1.02471076,0.54974272,1.03776264
0.00316928,0.97632371,0.16592941,0.99501108,0.34809184,1.01098797,0.46994608,1.02526796,0.54453761,1.03831164
0.00326085,0.97628745,0.16802076,0.99492498,0.34777088,1.01085935,0.46152861,1.02510072,0.51289697,1.03810822
0.00306544,0.97646264,0.16144487,0.99501049,0.33408975,1.01087111,0.43724886,1.02504926,0.42768350,1.03800241
0.00295919,0.97629625,0.15851400,0.99474158,0.32934897,1.01051727,0.42776635,1.02462163,-0.42005679,1.03751145
0.00279868,0.97652018,0.15203388,0.99497734,0.31382230,1.01074488,0.39056400,1.02482486,-0.50280949,1.03767736
0.00260037,0.97691716,0.14468350,0.99535276,0.29361584,1.01113187,-0.25235909,1.02525135,-0.54798302,1.03817235
0.00268379,0.97678572,0.14823402,0.99526581,0.30317379,1.01107589,0.31991382,1.02521610,-0.54623477,1.03815605
0.00287134,0.97706193,0.15554416,0.99558056,0.32215032,1.01141882,0.41048276,1.02557608,-0.47850921,1.03852436
0.00306245,0.97731989,0.16230614,0.99578264,0.33735491,1.01156196,0.44659845,1.02565115,0.48908153,1.03851981
0.00281943,0.97699136,0.15398570,0.99539912,0.32225666,1.01112822,0.42634083,1.02517024,0.45813325,1.03799276
0.00288016,0.97714944,0.15453673,0.99550333,0.32097464,1.01119088,0.42097197,1.02520199,0.42455820,1.03800509
0.00277786,0.97727077,0.15143783,0.99553845,0.31644252,1.01114446,0.41756242,1.02508090,0.43881680,1.03781608
0.00254440,0.97706909,0.13895241,0.99537176,0.27844055,1.01101105,-0.31473089,1.02497096,-0.53423063,1.03771569
0.00197046,0.97667555,0.10088928,0.99496035,-0.25112297,1.01058376,-0.45431966,1.02452129,-0.58655522,1.03723296
0.00208174,0.97646075,0.10138413,0.99472900,-0.26995082,1.01032988,-0.47276546,1.02424544,-0.60508033,1.03693806
0.00231239,0.97679172,0.11961107,0.99504693,-0.21114782,1.01064687,-0.45471219,1.02456872,-0.59579914,1.03727325
0.00217684,0.97680430,0.09992577,0.99506190,-0.29638940,1.01067302,-0.50069116,1.02460024,-0.63434803,1.03729873
0.00202088,0.97696665,0.09357175,0.99529025,-0.29588845,1.01096448,-0.49755623,1.02495307,-0.63165370,1.03771548
0.00201666,0.97678729,0.09276878,0.99510079,-0.29776567,1.01079721,-0.49951731,1.02482891,-0.63368411,1.03764759
0.00194954,0.97680412,0.08251123,0.99514281,-0.31050297,1.01087342,-0.50784008,1.02494988,-0.63958906,1.03782396
0.00209029,0.97706544,0.09815162,0.99545146,-0.29549578,1.01120991,-0.50061379,1.02530025,-0.63583511,1.03817918
0.00206562,0.97710052,0.10180151,0.99554754,-0.28878938,1.01136046,-0.49822393,1.02550031,-0.63586015,1.03842356
0.00198447,0.97711778,0.09579060,0.99564482,-0.29184676,1.01151402,-0.49706693,1.02569685,-0.63356285,1.03865257
0.00222298,0.97713843,0.11527637,0.99572508,-0.25441499,1.01166039,-0.48247182,1.02591623,-0.62638979,1.03895268
0.00232150,0.97683388,0.12412762,0.99534879,-0.19420002,1.01122553,-0.46336635,1.02543237,-0.61179808,1.03842851
0.00207527,0.97694250,0.11351671,0.99540179,-0.22499258,1.01123263,-0.45868337,1.02539884,-0.60175480,1.03835815
0.00191525,0.97691780,0.10695503,0.99537091,-0.23649260,1.01123075,-0.45580403,1.02544498,-0.59432060,1.03845843
0.00223791,0.97723941,0.13175819,0.99568378,0.26646244,1.01152361,-0.34507507,1.02570810,-0.53723840,1.03867921
0.00237958,0.97730169,0.14313294,0.99574012,0.30933340,1.01158824,0.41372594,1.02578110,0.42136773,1.03875517
0.00231927,0.97752017,0.13953939,0.99589523,0.29924253,1.01171411,0.38815717,1.02590736,-0.45608121,1.03891031
0.00220857,0.97757898,0.13823171,0.99599599,0.30216891,1.01188233,0.40262622,1.02615371,-0.38160001,1.03923952
0.00239072,0.97753402,0.14898865,0.99598165,0.32854997,1.01191625,0.45445241,1.02624806,0.53782996,1.03940396
0.00251068,0.97770598,0.15510697,0.99610947,0.34006412,1.01203673,0.46922360,1.02639716,0.55543519,1.03961555
0.00270122,0.97800931,0.16173857,0.99643106,0.35158906,1.01235565,0.48417407,1.02670388,0.57437876,1.03990771
0.00252950,0.97812330,0.15691845,0.99655338,0.34515554,1.01246654,0.47823465,1.02678853,0.56985822,1.03995535
0.00234187,0.97832210,0.14940944,0.99673508,0.33247168,1.01260672,0.46436831,1.02686223,0.55698877,1.03993919
0.00229152,0.97860999,0.14809422,0.99696771,0.33022216,1.01277431,0.46033338,1.02694411,0.54869765,1.03991231
0.00237201,0.97838658,0.15246803,0.99681847,0.34050321,1.01267765,0.47734630,1.02687798,0.57445280,1.03985365
0.00260438,0.97822548,0.16564410,0.99661580,0.36869176,1.01246520,0.51624374,1.02667258,0.62116433,1.03966807
0.00263612,0.97817836,0.16863526,0.99650680,0.37568978,1.01230780,0.52605223,1.02646621,0.63296647,1.03940616
0.00262032,0.97849637,0.16911909,0.99683611,0.37866922,1.01265265,0.53160291,1.02683520,0.64092095,1.03981100
0.00242067,0.97841571,0.16120225,0.99685254,0.36545883,1.01274312,0.51670172,1.02698105,0.62576449,1.03999899
0.00279957,0.97842373,0.17365496,0.99688475,0.38278947,1.01280775,0.53352453,1.02708336,0.64074005,1.04014030
0.00276799,0.97844414,0.17364657,0.99689019,0.38360668,1.01279681,0.53503094,1.02705379,0.64257449,1.04009045
0.00258639,0.97858867,0.16677757,0.99700333,0.37319878,1.01288293,0.52444888,1.02711147,0.63288385,1.04011682
0.00272097,0.97822715,0.16817429,0.99659323,0.37048763,1.01242515,0.51713809,1.02661332,0.62227218,1.03958535
0.00291059,0.97831694,0.17224805,0.99659543,0.37328929,1.01232934,0.51669825,1.02640899,0.61897278,1.03926169
0.00317889,0.97820600,0.18227918,0.99640857,0.39071533,1.01210666,0.53729855,1.02617988,0.64066787,1.03904671
0.00306192,0.97832407,0.18078633,0.99653485,0.39019150,1.01226092,0.53756244,1.02637738,0.64079630,1.03930078
0.00318435,0.97824076,0.18447035,0.99644313,0.39520470,1.01216531,0.54237253,1.02626911,0.64514806,1.03916457
0.00307338,0.97827268,0.18013401,0.99648889,0.38736945,1.01223124,0.53267236,1.02635621,0.63447019,1.03927606
0.00311525,0.97831002,0.18165417,0.99659417,0.38939141,1.01242631,0.53433233,1.02664184,0.63565070,1.03964660
0.00303599,0.97836974,0.18141718,0.99674877,0.39183301,1.01264769,0.53988541,1.02690438,0.64419368,1.03993057
0.00298365,0.97843522,0.18153476,0.99684493,0.39420957,1.01276209,0.54459748,1.02702719,0.65076354,1.04005653
0.00299801,0.97839948,0.18009499,0.99684421,0.38909830,1.01279875,0.53585344,1.02711162,0.63872348,1.04020268
0.00301925,0.97824457,0.17886698,0.99668181,0.38442163,1.01262687,0.52757795,1.02692099,0.62723428,1.03998109
0.00315128,0.97819004,0.18121857,0.99664218,0.38703425,1.01261707,0.53009778,1.02695723,0.62960847,1.04008064
0.00318534,0.97805106,0.18065849,0.99650360,0.38456044,1.01247408,0.52634214,1.02680746,0.62556751,1.03992297
0.00315775,0.97809496,0.17910685,0.99656529,0.38341417,1.01256144,0.52706143,1.02692449,0.62840768,1.04007073
0.00306763,0.97815790,0.17535660,0.99651911,0.37708039,1.01240940,0.51962906,1.02666947,0.62043589,1.03971507
0.00317944,0.97821013,0.17753147,0.99651656,0.37721193,1.01235024,0.51440737,1.02655407,0.60761361,1.03954518
0.00339138,0.97826809,0.18351619,0.99656022,0.38665782,1.01236974,0.52628731,1.02654978,0.62291614,1.03952626
0.00368035,0.97843148,0.19032435,0.99672027,0.39527802,1.01251370,0.53391386,1.02666383,0.62869461,1.03959575
0.00361710,0.97843217,0.18989778,0.99668899,0.39601604,1.01242878,0.53560835,1.02650810,0.63078493,1.03935595
0.00393990,0.97835674,0.19636172,0.99655630,0.40357900,1.01228185,0.54228540,1.02637625,0.63649110,1.03925825
0.00373672,0.97827231,0.19193097,0.99652947,0.39839515,1.01232300,0.53805920,1.02649298,0.63363697,1.03945336
0.00363231,0.97835152,0.19031397,0.99662556,0.39695767,1.01242294,0.53720685,1.02659196,0.63332261,1.03955146
0.00352771,0.97811237,0.18908701,0.99631733,0.39757040,1.01204099,0.54018206,1.02612863,0.63836871,1.03899847
0.00326840,0.97807455,0.18094397,0.99624854,0.38399287,1.01195974,0.52416288,1.02604738,0.62145212,1.03892839
0.00314567,0.97814455,0.18048494,0.99634544,0.38717916,1.01208064,0.53190494,1.02618309,0.63396372,1.03906985
0.00284008,0.97804281,0.17021646,0.99626753,0.37042899,1.01203032,0.51307807,1.02616271,0.61588786,1.03908234
0.00241315,0.97801164,0.15486333,0.99626709,0.34452958,1.01205665,0.48095974,1.02620408,0.57834292,1.03912266
0.00251125,0.97823966,0.15840633,0.99654220,0.35086342,1.01238165,0.48891296,1.02658948,0.58727244,1.03958377
0.00244693,0.97829432,0.15542121,0.99657794,0.34304978,1.01241505,0.47526232,1.02663385,0.56677526,1.03964982
0.00268403,0.97839000,0.16454695,0.99666887,0.36024492,1.01248518,0.49848171,1.02666753,0.59519822,1.03963447
0.00240022,0.97854270,0.15359184,0.99679995,0.34267850,1.01259964,0.47898620,1.02677205,0.57522869,1.03973744
0.00256319,0.97857750,0.16135591,0.99687011,0.35637292,1.01270726,0.49497761,1.02690851,0.59180233,1.03988574
0.00257162,0.97866546,0.16201285,0.99700573,0.35739124,1.01288820,0.49682459,1.02712546,0.59575050,1.04013218
0.00259051,0.97862655,0.16422837,0.99698657,0.36395591,1.01289800,0.50761237,1.02716328,0.60993288,1.04018872
0.00259433,0.97862947,0.16799457,0.99698126,0.37395998,1.01292636,0.52222270,1.02725878,0.62757866,1.04037950
0.00291028,0.97849606,0.17957456,0.99683416,0.39201617,1.01276377,0.54126385,1.02707039,0.64547352,1.04015260
0.00266722,0.97848256,0.16784729,0.99683413,0.36974457,1.01278752,0.51297592,1.02712187,0.61395900,1.04023107
0.00275057,0.97831810,0.17122354,0.99660177,0.37573830,1.01250487,0.52061370,1.02680674,0.62276978,1.03989816
0.00272281,0.97815273,0.17074914,0.99638551,0.37709368,1.01223335,0.52480386,1.02647172,0.62958972,1.03948916
0.00279532,0.97813056,0.17630542,0.99634143,0.38899384,1.01214689,0.54079607,1.02633451,0.64813686,1.03930109
0.00279993,0.97787229,0.17416709,0.99604030,0.38301821,1.01181064,0.53227966,1.02596649,0.63855461,1.03890167
0.00274680,0.97790562,0.17147198,0.99605557,0.37759733,1.01183514,0.52508103,1.02601409,0.63032475,1.03897924
0.00269967,0.97776703,0.16720539,0.99585414,0.36805631,1.01155959,0.51215299,1.02564714,0.61557948,1.03850366
0.00300446,0.97781965,0.17603042,0.99597425,0.38132424,1.01174162,0.52645670,1.02588746,0.62907763,1.03879725
0.00300019,0.97815588,0.17587252,0.99628342,0.37993033,1.01204107,0.52352372,1.02619654,0.62486104,1.03913387
0.00290922,0.97823801,0.17057531,0.99638850,0.36708709,1.01216105,0.50278287,1.02632655,0.59540432,1.03927228
0.00330686,0.97798269,0.18400017,0.99616780,0.38890107,1.01198447,0.52886868,1.02619751,0.62500653,1.03919296
0.00313878,0.97835353,0.18176060,0.99653403,0.38964685,1.01233190,0.53467410,1.02652537,0.63638073,1.03950876
0.00308469,0.97827167,0.18082137,0.99637702,0.38863821,1.01211478,0.53331050,1.02626726,0.63416409,1.03923492
0.00302460,0.97827641,0.17926958,0.99634541,0.38625455,1.01202789,0.53027003,1.02611829,0.62993549,1.03901891
0.00287695,0.97805657,0.17624558,0.99613041,0.38304524,1.01184151,0.52796002,1.02597853,0.62880363,1.03894413
0.00294593,0.97834168,0.17850496,0.99642585,0.38788902,1.01215959,0.53590490,1.02632832,0.64055525,1.03933048
0.00275614,0.97836484,0.17290282,0.99641259,0.37873826,1.01212032,0.52483625,1.02627027,0.62813750,1.03925788
0.00293323,0.97842726,0.18050076,0.99647520,0.39427262,1.01218222,0.54705307,1.02633277,0.65622809,1.03932422
0.00285300,0.97882221,0.17725359,0.99679654,0.38847705,1.01242700,0.53947987,1.02649101,0.64692150,1.03938157
0.00292943,0.97911101,0.17928250,0.99708019,0.39064515,1.01271336,0.54124138,1.02678182,0.64850627,1.03967698
0.00277477,0.97905814,0.17365649,0.99706769,0.38238166,1.01272690,0.53338501,1.02680529,0.64207104,1.03969222
0.00253157,0.97915200,0.17006754,0.99713366,0.38101406,1.01276304,0.53437848,1.02680732,0.64400205,1.03965467
0.00249835,0.97908706,0.16619360,0.99704556,0.37186808,1.01263540,0.52146425,1.02662200,0.62867532,1.03939297
0.00261965,0.97910338,0.16824188,0.99702054,0.37307295,1.01258740,0.52202248,1.02657399,0.62951139,1.03936953
0.00241047,0.97893200,0.16084696,0.99683922,0.36071523,1.01240932,0.50766210,1.02640669,0.61480320,1.03921868
0.00221359,0.97932543,0.15344460,0.99714373,0.34696222,1.01263923,0.48793669,1.02656694,0.58860237,1.03930962
0.00218865,0.97956839,0.15337748,0.99734961,0.34848434,1.01280883,0.49082178,1.02669767,0.59192760,1.03939907
0.00194982,0.97968926,0.14337081,0.99743065,0.33145390,1.01285007,0.47098618,1.02669142,0.57142702,1.03933545
0.00196691,0.97963790,0.14644789,0.99731541,0.33850994,1.01267753,0.47897582,1.02646562,0.57746607,1.03905983
0.00207253,0.97996185,0.14950151,0.99764843,0.34053602,1.01302980,0.47747952,1.02685328,0.57104164,1.03950166
0.00203376,0.97993075,0.14561894,0.99760788,0.33011364,1.01294141,0.45913715,1.02669426,0.54145371,1.03926017
0.00210096,0.97987365,0.14617670,0.99751851,0.32829736,1.01284423,0.45269280,1.02660201,0.52476326,1.03917572
0.00196950,0.97997125,0.14433420,0.99766263,0.33481906,1.01303327,0.47511049,1.02683672,0.57399871,1.03945676
0.00210571,0.98016699,0.15108429,0.99794118,0.34709056,1.01337632,0.49091445,1.02723583,0.59331014,1.03990901
0.00192221,0.98072611,0.14334515,0.99844368,0.33539556,1.01382540,0.47970951,1.02763648,0.58458824,1.04026863
0.00215717,0.98070636,0.15119147,0.99838580,0.34501803,1.01373897,0.48713655,1.02753139,0.58907721,1.04015556
0.00235613,0.98049448,0.15961119,0.99815073,0.36028793,1.01348649,0.50587857,1.02726673,0.60907440,1.03988321
0.00257369,0.98073149,0.16744833,0.99836703,0.37322441,1.01368648,0.52122648,1.02745373,0.62574012,1.04006016
0.00245907,0.98046394,0.16627663,0.99803398,0.37595347,1.01330893,0.52887602,1.02704935,0.63789639,1.03964643
0.00242843,0.98048290,0.16613983,0.99805975,0.37731749,1.01333640,0.53120759,1.02707312,0.64010388,1.03965825
0.00258967,0.98070457,0.16958706,0.99833975,0.37869716,1.01368624,0.52868876,1.02750900,0.63408124,1.04019833
0.00196952,0.98086071,0.14560309,0.99847345,0.34194503,1.01379312,0.48971258,1.02758452,0.59619574,1.04023847
0.00182880,0.98094157,0.13560045,0.99859887,0.32211234,1.01398046,0.46508520,1.02784470,0.56912531,1.04057999
0.00168964,0.98072710,0.13248942,0.99843034,0.32148806,1.01384492,0.46839048,1.02772228,0.57592083,1.04044655
0.00175366,0.98037238,0.13344726,0.99804766,0.32079684,1.01342994,0.46537362,1.02727135,0.57017843,1.03995583
0.00189030,0.98014942,0.14386682,0.99782848,0.34132619,1.01322247,0.49092182,1.02707827,0.59901032,1.03977577
0.00172028,0.97989101,0.13254485,0.99756230,0.31830021,1.01298368,0.46053459,1.02688848,0.56282743,1.03964959
0.00154651,0.97975611,0.11950007,0.99745959,0.29042140,1.01291030,0.42116449,1.02684047,0.50855616,1.03962366
0.00176269,0.97987811,0.13515774,0.99752974,0.32384330,1.01293689,0.46675629,1.02683225,0.56712650,1.03959329
0.00156061,0.97975001,0.11421803,0.99734910,0.26925517,1.01272959,0.36854197,1.02662229,-0.43290670,1.03940477
0.00123924,0.97969332,0.07965628,0.99728089,-0.20008849,1.01264458,-0.40493038,1.02651077,-0.54988136,1.03925794
0.00118630,0.97975271,0.06190051,0.99730824,-0.24663989,1.01263674,-0.43053352,1.02647789,-0.56478664,1.03921770
0.00145218,0.97965306,0.09706509,0.99722431,0.14951243,1.01258099,-0.39632837,1.02645098,-0.54926966,1.03921312
0.00138407,0.97953869,0.09767850,0.99712855,0.21780364,1.01250678,-0.31093275,1.02639836,-0.49591054,1.03918423
0.00150187,0.97954859,0.10447917,0.99716137,0.23736639,1.01257750,0.24768065,1.02651039,-0.47784115,1.03933684
0.00129577,0.97969476,0.08683527,0.99728075,0.15497089,1.01266022,-0.35158589,1.02655741,-0.49850813,1.03935411
0.00127254,0.97954556,0.07395009,0.99711156,-0.23091904,1.01250170,-0.41914649,1.02643119,-0.55354652,1.03927322
0.00137110,0.97982257,0.07753429,0.99750078,-0.24384254,1.01299899,-0.43212338,1.02702873,-0.56187170,1.03996013
0.00145747,0.97982658,0.09120324,0.99752543,-0.19703434,1.01304674,-0.40860105,1.02710273,-0.54560817,1.04006589
0.00171298,0.97997396,0.11573012,0.99767097,0.25903324,1.01321334,0.33932564,1.02730066,-0.42780863,1.04029868
0.00184128,0.97987420,0.12242679,0.99752876,0.27559548,1.01299200,0.38029728,1.02697060,0.43523675,1.03983217
0.00168652,0.98007857,0.11408063,0.99776486,0.25654263,1.01328288,0.33941731,1.02733920,-0.41987542,1.04030232
0.00167892,0.98004076,0.11553105,0.99769878,0.27017272,1.01320565,0.39414858,1.02726075,0.49424507,1.04022809
0.00150608,0.98024205,0.10284645,0.99784339,0.22931322,1.01333040,0.25575558,1.02739159,-0.45662680,1.04038451
0.00162748,0.98019448,0.10805229,0.99778850,0.23581800,1.01328991,-0.25315808,1.02737697,-0.48448612,1.04040248
0.00155348,0.98033318,0.10951378,0.99787020,0.26337614,1.01330874,0.39837956,1.02733306,0.51394308,1.04029735
0.00146333,0.98003497,0.09424098,0.99755654,0.15867169,1.01295747,-0.35262869,1.02692881,-0.48595197,1.03982733
0.00125081,0.98013704,0.05977375,0.99766244,-0.25057831,1.01306244,-0.42202477,1.02702683,-0.54154442,1.03990957
0.00114791,0.98015381,-0.05632654,0.99764198,-0.28201959,1.01297454,-0.45127062,1.02685306,-0.57150813,1.03963894
0.00116486,0.97997858,-0.04714778,0.99750547,-0.27577105,1.01288368,-0.44339980,1.02680382,-0.56160788,1.03962446
0.00109990,0.97978878,-0.06051929,0.99733076,-0.27733245,1.01272630,-0.43864178,1.02667203,-0.55001214,1.03952555
0.00125911,0.98002530,0.04173299,0.99756920,-0.26477378,1.01295330,-0.43023856,1.02687013,-0.54144806,1.03967654
0.00142771,0.98013649,0.07391643,0.99765516,-0.25427032,1.01301540,-0.43578962,1.02689827,-0.56034951,1.03965522
0.00095893,0.97996757,-0.09618474,0.99751384,-0.31877874,1.01288570,-0.48801703,1.02677479,-0.60813713,1.03953817
0.00077466,0.98004085,-0.11666623,0.99754525,-0.34308686,1.01285152,-0.51232275,1.02665320,-0.63158570,1.03930903
0.00087333,0.98002322,-0.10756568,0.99755036,-0.33074815,1.01285764,-0.49859911,1.02664819,-0.61751469,1.03928664
0.00084068,0.97993567,-0.10625785,0.99745317,-0.32554592,1.01274291,-0.49078913,1.02651572,-0.60880312,1.03914322
0.00078240,0.98000598,-0.10020261,0.99746261,-0.31065154,1.01272551,-0.47128234,1.02649127,-0.58732046,1.03912183
0.00080077,0.98025480,-0.09751251,0.99773840,-0.30618387,1.01302877,-0.46614469,1.02681789,-0.58229001,1.03946448
0.00074536,0.98044971,-0.09597084,0.99795189,-0.29859664,1.01325524,-0.45515811,1.02705805,-0.57065069,1.03972315
0.00084773,0.98073324,-0.08238065,0.99829714,-0.27955927,1.01369760,-0.43212841,1.02762573,-0.54447305,1.04043862
0.00098290,0.98052943,-0.07361231,0.99815376,-0.27780960,1.01360962,-0.43633220,1.02759117,-0.55373487,1.04045609
0.00103783,0.98058783,-0.05491046,0.99819811,-0.26715979,1.01365109,-0.43582521,1.02764197,-0.56460437,1.04052976
0.00096702,0.98040147,-0.03717129,0.99802595,-0.23593049,1.01350864,-0.39115643,1.02753141,-0.51475529,1.04044606
0.00109732,0.98057976,0.06468328,0.99821593,-0.18537660,1.01371802,-0.34654529,1.02776023,-0.46981723,1.04068883
0.00116778,0.98078631,0.06908013,0.99840213,-0.19297488,1.01390408,-0.36624516,1.02795850,-0.49729741,1.04090778
0.00077173,0.98069199,-0.09410286,0.99829227,-0.29655950,1.01378090,-0.45570105,1.02783170,-0.57465908,1.04079206
0.00066889,0.98062774,-0.10707759,0.99812862,-0.31497120,1.01352036,-0.47505549,1.02747316,-0.59291855,1.04033249
0.00067784,0.98037265,-0.11338258,0.99788646,-0.32706410,1.01327472,-0.48776775,1.02721347,-0.60304963,1.04005652
0.00064031,0.98019134,-0.11156055,0.99765777,-0.32186377,1.01300987,-0.48145887,1.02691776,-0.59737347,1.03973083
0.00063982,0.98026899,-0.11238614,0.99771436,-0.32341603,1.01305243,-0.48314158,1.02694955,-0.59883208,1.03975102
0.00032554,0.98018976,-0.13203081,0.99766915,-0.34749010,1.01304196,-0.50584812,1.02698403,-0.61852019,1.03984627
0.00033366,0.98044342,-0.13394588,0.99795491,-0.35424210,1.01337353,-0.51721074,1.02736507,-0.63356571,1.04027609
0.00030013,0.98039557,-0.13443572,0.99789805,-0.35357418,1.01330482,-0.51539737,1.02728081,-0.63092933,1.04017604
0.00055670,0.98019944,-0.11737380,0.99769293,-0.33224570,1.01308242,-0.49662717,1.02702357,-0.61671782,1.03986135
0.00073251,0.98032553,-0.11214656,0.99782182,-0.33389065,1.01320740,-0.50445901,1.02713804,-0.62841256,1.03995846
0.00065866,0.98028291,-0.11708462,0.99782375,-0.33795339,1.01324534,-0.50698349,1.02720733,-0.62984749,1.04006100
0.00024296,0.98016635,-0.13573264,0.99773206,-0.35393436,1.01316466,-0.51682312,1.02712475,-0.63473397,1.03996532
0.00030108,0.98002693,-0.12940245,0.99750847,-0.34486672,1.01286684,-0.50821276,1.02675680,-0.62761914,1.03952814
0.00056985,0.97981532,-0.10443337,0.99727309,-0.30766527,1.01262248,-0.46972429,1.02651363,-0.59249180,1.03929722
0.00057384,0.98005770,-0.10709987,0.99756526,-0.31635307,1.01296011,-0.48303791,1.02689294,-0.60791902,1.03971414
0.00074740,0.98000902,-0.09092882,0.99751216,-0.29634623,1.01289533,-0.46305064,1.02681039,-0.58902744,1.03960881
0.00108774,0.98012054,0.04896933,0.99762860,-0.25046787,1.01302125,-0.43476670,1.02695049,-0.57438661,1.03976802
0.00101942,0.98038921,-0.06031711,0.99787132,-0.27963422,1.01328130,-0.45763281,1.02726857,-0.59160911,1.04018396
0.00118125,0.98037611,0.04083222,0.99786883,-0.26867393,1.01327626,-0.45215865,1.02725024,-0.58742921,1.04014436
0.00099498,0.98029682,-0.07915654,0.99778336,-0.30393849,1.01317356,-0.48339143,1.02710884,-0.61503007,1.03993919
0.00083703,0.98030409,-0.09472938,0.99770580,-0.31381672,1.01301969,-0.48800986,1.02689862,-0.61589248,1.03969867
0.00086971,0.98012761,-0.09257902,0.99749107,-0.31514717,1.01276596,-0.49207060,1.02660222,-0.62115211,1.03935325
0.00102308,0.98015015,-0.07000289,0.99754525,-0.29636810,1.01285477,-0.47682370,1.02673094,-0.60844501,1.03952837
0.00115230,0.97996628,-0.04497008,0.99738048,-0.29128359,1.01271877,-0.47879476,1.02663475,-0.61459579,1.03948117
0.00107610,0.97969436,-0.07359831,0.99703691,-0.30860394,1.01230039,-0.49267702,1.02613649,-0.62497052,1.03889723
0.00134597,0.97961838,0.07603467,0.99692152,-0.26638932,1.01216087,-0.46806282,1.02598021,-0.61022412,1.03872945
0.00124340,0.97943191,0.06852169,0.99676163,-0.26295194,1.01202376,-0.46107358,1.02586724,-0.60350822,1.03864554
0.00115732,0.97929881,0.02710466,0.99662336,-0.28272651,1.01186398,-0.47110352,1.02567750,-0.60747432,1.03841945
0.00114245,0.97912228,0.03617721,0.99642786,-0.27965232,1.01163585,-0.46927682,1.02540435,-0.60714613,1.03809202
0.00129300,0.97971950,0.06988068,0.99702425,-0.26995196,1.01221791,-0.46709545,1.02596677,-0.60693398,1.03862992
0.00135854,0.97969347,0.07455182,0.99699776,-0.26754203,1.01220591,-0.46528091,1.02598115,-0.60454096,1.03867834
0.00164325,0.97958156,0.10972739,0.99687814,0.20518348,1.01207170,-0.40574486,1.02582876,-0.56797458,1.03850573
0.00167764,0.97975595,0.11584906,0.99710521,0.25270319,1.01236387,-0.32543438,1.02619643,-0.53312400,1.03895655
0.00198354,0.97990468,0.13578289,0.99725621,0.30841259,1.01252568,0.42659526,1.02637087,0.48157820,1.03914009
0.00202084,0.97987655,0.13558197,0.99722999,0.30125707,1.01250143,0.39604913,1.02635296,-0.47252828,1.03913976
0.00196072,0.97973450,0.13359618,0.99705582,0.30142585,1.01230147,0.41144237,1.02611926,0.41919649,1.03885681
0.00199721,0.97976864,0.13629256,0.99708513,0.30550735,1.01234597,0.41191792,1.02617832,-0.36983384,1.03892006
0.00207225,0.97983722,0.14124239,0.99716081,0.31642639,1.01244256,0.43085753,1.02629792,0.45694329,1.03905951
0.00219243,0.97965827,0.14717587,0.99704017,0.32757047,1.01238309,0.44540124,1.02630624,0.48378561,1.03914488
0.00201092,0.97990809,0.13313661,0.99724660,0.28267858,1.01253648,-0.32803456,1.02640590,-0.56290338,1.03919548
0.00193089,0.97986337,0.12656006,0.99718822,0.25848763,1.01244620,-0.39149636,1.02626697,-0.57606175,1.03899494
0.00180154,0.98025100,0.11552318,0.99767777,0.14960802,1.01303482,-0.44490927,1.02695775,-0.60269237,1.03979390
0.00192024,0.98016043,0.12566889,0.99762122,0.24906571,1.01304032,-0.40999349,1.02703594,-0.58509717,1.03994391
0.00212415,0.97983843,0.13302938,0.99725166,0.26607672,1.01262185,-0.39901425,1.02656716,-0.58193174,1.03942365
0.00194663,0.97952566,0.11695256,0.99691488,-0.19326828,1.01226740,-0.46232701,1.02619127,-0.61554218,1.03901896
0.00190038,0.97952397,0.11039489,0.99697640,-0.23461041,1.01238121,-0.46973102,1.02634309,-0.61805442,1.03919708
0.00189081,0.97951694,0.11166789,0.99698362,-0.21911172,1.01241380,-0.46181213,1.02641126,-0.61074477,1.03931072
0.00137384,0.97920093,-0.03129505,0.99667042,-0.30905197,1.01211853,-0.50005482,1.02614534,-0.63368051,1.03908245
0.00162004,0.97927192,0.08843250,0.99675950,-0.26970975,1.01220285,-0.47295907,1.02621432,-0.61193064,1.03913357
0.00166496,0.97911687,0.09793127,0.99655993,-0.23657491,1.01196552,-0.45082887,1.02593669,-0.59264451,1.03881009
0.00129338,0.97924474,-0.04938164,0.99666216,-0.30415487,1.01204447,-0.49027223,1.02599258,-0.62179152,1.03884222
0.00131937,0.97917445,-0.03756490,0.99657022,-0.30103860,1.01193241,-0.48737826,1.02585532,-0.61874841,1.03867450
0.00161581,0.97928559,0.08802973,0.99675233,-0.26238174,1.01219405,-0.46171697,1.02620219,-0.59759183,1.03910701
0.00149089,0.97934581,0.08118146,0.99678934,-0.26213915,1.01222588,-0.45579156,1.02624475,-0.58868925,1.03917479
0.00155327,0.97956644,0.08247601,0.99708890,-0.26864846,1.01259992,-0.46399513,1.02669489,-0.59789218,1.03970635
0.00152238,0.97982699,0.06625167,0.99732318,-0.29499578,1.01282265,-0.48713890,1.02691918,-0.61943551,1.03993874
0.00183253,0.97994477,0.11116235,0.99741312,-0.17982633,1.01290043,-0.44052456,1.02700196,-0.58849444,1.04004539
0.00194659,0.98007843,0.11891736,0.99752541,0.19519488,1.01299597,-0.42947607,1.02708810,-0.58641195,1.04013363
0.00190240,0.98012745,0.11501950,0.99755467,0.15699395,1.01300189,-0.43032392,1.02707129,-0.58294814,1.04009901
0.00213016,0.98012628,0.13409575,0.99749290,0.28675186,1.01287604,0.33750974,1.02687403,-0.51391128,1.03981994
0.00194270,0.97988653,0.12072708,0.99725590,0.22245950,1.01261299,-0.41559628,1.02656810,-0.57839846,1.03945945
0.00196651,0.97989093,0.12342145,0.99716629,0.24091801,1.01242684,-0.40100144,1.02629965,-0.57086979,1.03913241
0.00184435,0.97974235,0.11760649,0.99696193,0.21651257,1.01217763,-0.41427745,1.02600631,-0.57583315,1.03878863
0.00184726,0.97958739,0.11722277,0.99676586,0.21191671,1.01193850,-0.41701917,1.02572207,-0.57767272,1.03845915
0.00175289,0.97955978,0.10713499,0.99679282,-0.20424135,1.01201656,-0.44656335,1.02583566,-0.59512765,1.03858735
0.00183494,0.97934643,0.11996070,0.99658424,0.24242700,1.01181795,-0.39031588,1.02565605,-0.56588548,1.03843505
0.00193424,0.97905407,0.12804521,0.99635180,0.28015845,1.01162683,0.33427748,1.02548701,-0.51045806,1.03826787
0.00176688,0.97909966,0.11684027,0.99641731,0.24729703,1.01170616,-0.34200171,1.02557622,-0.53248257,1.03836475
0.00174675,0.97898363,0.11525868,0.99624339,0.24407361,1.01148645,-0.33449036,1.02532021,-0.52373442,1.03808212
0.00167984,0.97896949,0.10988959,0.99616072,0.21583190,1.01134202,-0.37947546,1.02512344,-0.54131224,1.03784581
0.00136922,0.97916333,0.08742847,0.99639632,-0.20916070,1.01163087,-0.42015540,1.02547692,-0.56560054,1.03827798
0.00127417,0.97908237,0.05885384,0.99639215,-0.26670523,1.01170742,-0.45102539,1.02563508,-0.58463657,1.03851775
0.00123046,0.97916886,0.05305430,0.99651876,-0.27362231,1.01186425,-0.46175145,1.02581704,-0.59883107,1.03872422
0.00103258,0.97940046,-0.07591958,0.99681063,-0.30409985,1.01222182,-0.48442083,1.02624430,-0.61629336,1.03922501
0.00115771,0.97956343,0.03806217,0.99697389,-0.26678332,1.01235709,-0.44444737,1.02633181,-0.57473968,1.03924337
0.00113809,0.97974570,-0.05340550,0.99710571,-0.28723468,1.01244512,-0.46316805,1.02637788,-0.58890160,1.03924545
0.00114583,0.97971820,-0.05925702,0.99698575,-0.29040581,1.01223066,-0.46433779,1.02606287,-0.58803871,1.03882010
0.00094873,0.97941947,-0.09241932,0.99672390,-0.31374654,1.01201200,-0.48215238,1.02588015,-0.60160085,1.03865473
0.00091370,0.97924050,-0.11063333,0.99662166,-0.34250832,1.01197232,-0.51489644,1.02590341,-0.63536312,1.03874847
0.00088289,0.97920215,-0.11550622,0.99657816,-0.34944996,1.01191979,-0.52274141,1.02583583,-0.64380046,1.03866117
0.00094204,0.97953395,-0.10363799,0.99689447,-0.33283209,1.01222253,-0.50581646,1.02612624,-0.62818383,1.03894061
0.00118047,0.97936761,-0.07953044,0.99665726,-0.31151784,1.01193965,-0.48472717,1.02581719,-0.60614826,1.03861897
0.00137575,0.97919136,0.04199549,0.99644598,-0.28607407,1.01171267,-0.46494007,1.02558525,-0.59023477,1.03838719
0.00136831,0.97907617,-0.04089988,0.99629528,-0.29649377,1.01152777,-0.47294448,1.02536295,-0.59483559,1.03812091
0.00132076,0.97888391,-0.05895017,0.99610191,-0.30348391,1.01132713,-0.48005846,1.02514652,-0.60267750,1.03788173
0.00131213,0.97907804,-0.07964473,0.99631632,-0.32252342,1.01154850,-0.49948890,1.02536233,-0.62126987,1.03808060
0.00156375,0.97928549,0.04228558,0.99645299,-0.31039314,1.01161916,-0.49648540,1.02537055,-0.62294997,1.03803108
0.00163022,0.97935071,0.06858084,0.99654955,-0.30242863,1.01174882,-0.49362782,1.02552761,-0.62323996,1.03820965
0.00158128,0.97918881,0.05196888,0.99630282,-0.30956660,1.01139821,-0.49814101,1.02505359,-0.62640291,1.03759387
0.00162750,0.97925045,0.06511009,0.99638653,-0.30437413,1.01153818,-0.49483973,1.02526902,-0.62403781,1.03789663
0.00188763,0.97943497,0.09606630,0.99656993,-0.27782970,1.01171954,-0.47965447,1.02543923,-0.61333828,1.03804325
0.00182646,0.97947219,0.09136162,0.99659390,-0.28261941,1.01171984,-0.48213045,1.02541346,-0.61579853,1.03799531
0.00201656,0.97955727,0.10378295,0.99665891,-0.27189782,1.01176057,-0.48100034,1.02542775,-0.61757650,1.03798233
0.00202854,0.97964401,0.10469655,0.99682372,-0.27391613,1.01199772,-0.48459871,1.02573729,-0.62175769,1.03836530
0.00204438,0.97974311,0.10836988,0.99693597,-0.26081296,1.01211612,-0.47658393,1.02585785,-0.61503425,1.03848300
0.00237846,0.98001674,0.13190060,0.99716665,0.22985459,1.01229257,-0.42742036,1.02597117,-0.58448393,1.03853045
0.00233652,0.98030138,0.12897276,0.99741674,0.18876609,1.01251468,-0.44723570,1.02618006,-0.60020924,1.03874328
0.00198688,0.98012275,0.10943188,0.99718967,-0.24278059,1.01224894,-0.46397117,1.02588086,-0.60389801,1.03841642
0.00216316,0.98044900,0.12177556,0.99749730,-0.14977389,1.01254717,-0.44826570,1.02618033,-0.59655236,1.03872888
0.00234193,0.98029656,0.13612916,0.99729505,0.26550818,1.01228662,-0.39438417,1.02585435,-0.57242189,1.03833130
0.00248509,0.98032721,0.14086845,0.99730457,0.28257847,1.01226370,-0.33993135,1.02578504,-0.55124655,1.03820075
0.00227743,0.98025066,0.13155253,0.99709865,0.24785364,1.01192796,-0.41042079,1.02531526,-0.57739001,1.03759060
0.00250227,0.98006140,0.14476792,0.99692664,0.30014183,1.01179015,0.35029496,1.02521592,-0.52126221,1.03752716
0.00261214,0.98030114,0.15262552,0.99715715,0.32554551,1.01199203,0.43604033,1.02538328,0.47892757,1.03765928
0.00256865,0.98031502,0.15264359,0.99714796,0.33186069,1.01195576,0.45832987,1.02531617,0.54507403,1.03755757
0.00273597,0.98033017,0.15811203,0.99720759,0.33959964,1.01206637,0.46345029,1.02548809,0.54133860,1.03780169
0.00285028,0.98026535,0.16363851,0.99707725,0.35094022,1.01188578,0.47966611,1.02526633,0.56367253,1.03754380
0.00291114,0.98072611,0.16314837,0.99751597,0.34769452,1.01232636,0.47347452,1.02571876,0.55352091,1.03801145
0.00292548,0.98045120,0.16499858,0.99728728,0.35392076,1.01214068,0.48683598,1.02557203,0.57939307,1.03790036
0.00303139,0.98047033,0.16793259,0.99730442,0.35559308,1.01215956,0.48171970,1.02560199,0.56014107,1.03795384
0.00294820,0.98055421,0.16442267,0.99746006,0.35067483,1.01238288,0.47837658,1.02589847,0.56070251,1.03833628
0.00313605,0.98037827,0.17065487,0.99730369,0.36226779,1.01224947,0.49459730,1.02579220,0.58319509,1.03826464
0.00308350,0.98049548,0.17010228,0.99739181,0.36353316,1.01229975,0.49873252,1.02580775,0.59059504,1.03825724
0.00310361,0.98050534,0.17141648,0.99740292,0.36777270,1.01231701,0.50772777,1.02583788,0.60691675,1.03830917
0.00302560,0.98031744,0.16747084,0.99717797,0.36017825,1.01207699,0.49831136,1.02559640,0.59654615,1.03807696
0.00310292,0.98045597,0.17028128,0.99725550,0.36563018,1.01209270,0.50557082,1.02554653,0.60503459,1.03795187
0.00323638,0.98053947,0.17727050,0.99733526,0.38072164,1.01216849,0.52642980,1.02561899,0.63007801,1.03802035
0.00328040,0.98042422,0.17767901,0.99727169,0.37908438,1.01216068,0.52130646,1.02566956,0.62079279,1.03813167
0.00333867,0.98045939,0.17999873,0.99732453,0.38346733,1.01221174,0.52662005,1.02569861,0.62650897,1.03811657
0.00318928,0.98071441,0.17505235,0.99759501,0.37676670,1.01248363,0.52134993,1.02595980,0.62382574,1.03835288
0.00318950,0.98066359,0.17569567,0.99750033,0.37833247,1.01237206,0.52376461,1.02584848,0.62727590,1.03825256
0.00320292,0.98070091,0.17321627,0.99751289,0.37131650,1.01236467,0.51392182,1.02582667,0.61631047,1.03822433
0.00312261,0.98099850,0.16935760,0.99782242,0.36284710,1.01268236,0.50152232,1.02614543,0.60022055,1.03853277
0.00323183,0.98096912,0.17505681,0.99778932,0.37423886,1.01266054,0.51672647,1.02615541,0.61890471,1.03859557
0.00297907,0.98078319,0.16616727,0.99765354,0.35747993,1.01257844,0.49423191,1.02613093,0.59160873,1.03863170
0.00301324,0.98092438,0.16730224,0.99782703,0.35827607,1.01278404,0.49256897,1.02635951,0.58504576,1.03887115
0.00301050,0.98100343,0.16968990,0.99789094,0.36518478,1.01281443,0.50396241,1.02634571,0.60157595,1.03880704
0.00288919,0.98099376,0.16611075,0.99787474,0.35919285,1.01278918,0.49626355,1.02630850,0.59198610,1.03875574
0.00340564,0.98133576,0.18392626,0.99823346,0.38989711,1.01317050,0.53377200,1.02671038,0.63432968,1.03917480
0.00336473,0.98143912,0.18224238,0.99833387,0.38719883,1.01324335,0.53066709,1.02673774,0.63068833,1.03914365
0.00367217,0.98166140,0.19267514,0.99862411,0.40421764,1.01359478,0.54981215,1.02714150,0.65020062,1.03958862
0.00357834,0.98154641,0.19080376,0.99851175,0.40259691,1.01347280,0.54884087,1.02699831,0.64911725,1.03941260
0.00312734,0.98156022,0.17795862,0.99850916,0.38509919,1.01345188,0.53268425,1.02695646,0.63635522,1.03934475
0.00303812,0.98153469,0.17405046,0.99846297,0.37696003,1.01339420,0.52160453,1.02689325,0.62348444,1.03928030
0.00269629,0.98140892,0.16124731,0.99826447,0.35465415,1.01313600,0.49399719,1.02658479,0.59120577,1.03892994
0.00273033,0.98139380,0.16387662,0.99826306,0.36035824,1.01315719,0.50219086,1.02663541,0.60149220,1.03901520
0.00292035,0.98135097,0.16983411,0.99821451,0.36912216,1.01308764,0.51159653,1.02653032,0.61146803,1.03885786
0.00302244,0.98124855,0.17458488,0.99816570,0.37831250,1.01309269,0.52382854,1.02658837,0.62617841,1.03896655
0.00292087,0.98109619,0.17060108,0.99800303,0.37055462,1.01293921,0.51313211,1.02646174,0.61279213,1.03888156
0.00293543,0.98125885,0.17077994,0.99812139,0.37043034,1.01305306,0.51216434,1.02659954,0.61028245,1.03906436
0.00306197,0.98136691,0.17493658,0.99826897,0.37734076,1.01323413,0.52070532,1.02681754,0.62080480,1.03932783
0.00317039,0.98130007,0.17899425,0.99816046,0.38529982,1.01307139,0.53152125,1.02659529,0.63402713,1.03904699
0.00300472,0.98119606,0.17496311,0.99817927,0.38116222,1.01317909,0.52935156,1.02676702,0.63415660,1.03926622
0.00304812,0.98123754,0.17712646,0.99831724,0.38518504,1.01341379,0.53392230,1.02710589,0.63835978,1.03971743
0.00301141,0.98127957,0.17682385,0.99831758,0.38589110,1.01337425,0.53596028,1.02702000,0.64170267,1.03957666
0.00300056,0.98142564,0.17885093,0.99846007,0.39176887,1.01354050,0.54456097,1.02723854,0.65202280,1.03987620
0.00303156,0.98111461,0.17784102,0.99812159,0.38760073,1.01316702,0.53774778,1.02682206,0.64339988,1.03940958
0.00341363,0.98102780,0.18693792,0.99800930,0.39777601,1.01304290,0.54513589,1.02668724,0.64751099,1.03926131
0.00349196,0.98093700,0.18964882,0.99796575,0.40287965,1.01304328,0.55235934,1.02673284,0.65720762,1.03935848
0.00339732,0.98066002,0.18784782,0.99769763,0.40188764,1.01279983,0.55309256,1.02652909,0.65954719,1.03920570
0.00363273,0.98037303,0.19425188,0.99736295,0.41201502,1.01241039,0.56526111,1.02608161,0.67337552,1.03869869
0.00348190,0.98056673,0.19140389,0.99759132,0.40832201,1.01264738,0.56123166,1.02630101,0.66892933,1.03887271
0.00366196,0.98034511,0.19410462,0.99738356,0.40903350,1.01242580,0.55858107,1.02604763,0.66303710,1.03857599
0.00364686,0.98041262,0.19416921,0.99742513,0.40977391,1.01245243,0.56029699,1.02606547,0.66595872,1.03859009
0.00364791,0.98069369,0.19129611,0.99775891,0.40042349,1.01280804,0.54471988,1.02642199,0.64525540,1.03893276
0.00362826,0.98061096,0.19094363,0.99766380,0.40010481,1.01271519,0.54444142,1.02634764,0.64469801,1.03889337
0.00356280,0.98065104,0.18913687,0.99768051,0.39625475,1.01271986,0.53889736,1.02634433,0.63791250,1.03888310
0.00369190,0.98074088,0.19356931,0.99779665,0.40441083,1.01286184,0.54932374,1.02651997,0.64971978,1.03910323
0.00376137,0.98058994,0.19556243,0.99761054,0.40733398,1.01266396,0.55237959,1.02632290,0.65285369,1.03891436
0.00396691,0.98055357,0.20175386,0.99755205,0.41719776,1.01257006,0.56367920,1.02618290,0.66494622,1.03872092
0.00388465,0.98061367,0.20070078,0.99765211,0.41671924,1.01268717,0.56393864,1.02630443,0.66560673,1.03883823
0.00399865,0.98080908,0.20244923,0.99785628,0.41752858,1.01290381,0.56271328,1.02652972,0.66210074,1.03906520
0.00387668,0.98082772,0.19786287,0.99782529,0.40933260,1.01285449,0.55281954,1.02648103,0.65151024,1.03903041
0.00372311,0.98090430,0.19417578,0.99787126,0.40396904,1.01289749,0.54709566,1.02654073,0.64607039,1.03912853
0.00374515,0.98093768,0.19475590,0.99786587,0.40510025,1.01285612,0.54896328,1.02646650,0.64892902,1.03902479
0.00322331,0.98098507,0.17995257,0.99790442,0.38200968,1.01289107,0.52287395,1.02650111,0.62202024,1.03905770
0.00309593,0.98087247,0.17538187,0.99782461,0.37383675,1.01283236,0.51248644,1.02645329,0.60981745,1.03901071
0.00310431,0.98063100,0.17693757,0.99765759,0.37931088,1.01272749,0.52285789,1.02639075,0.62541612,1.03896157
0.00270312,0.98043760,0.16484463,0.99738774,0.36167474,1.01238047,0.50472208,1.02596680,0.60829829,1.03846448
0.00286227,0.98042327,0.16854350,0.99733813,0.36561750,1.01229489,0.50781448,1.02583946,0.61107353,1.03828677
0.00264967,0.98037737,0.15755452,0.99732571,0.34135888,1.01233153,0.47339251,1.02593748,0.57051954,1.03845485
0.00282905,0.98062037,0.16286591,0.99760245,0.34904900,1.01262567,0.48145032,1.02624576,0.57825031,1.03878347
0.00296407,0.98062141,0.16833571,0.99760147,0.36030396,1.01261470,0.49739913,1.02622219,0.59796380,1.03874423
0.00294631,0.98052119,0.16736027,0.99742582,0.35591007,1.01237833,0.48664593,1.02593828,0.57838491,1.03842316
0.00267949,0.98045950,0.15843997,0.99736847,0.34018544,1.01231700,0.46486445,1.02586759,0.54749826,1.03834232
0.00282127,0.98043265,0.16842561,0.99739156,0.36542756,1.01238014,0.50601144,1.02595992,0.60666365,1.03845261
0.00258692,0.98022089,0.16056984,0.99718017,0.35566566,1.01217865,0.50025888,1.02578108,0.60754895,1.03831061
0.00221084,0.98034956,0.14329444,0.99729454,0.32193226,1.01226407,0.45754238,1.02582707,0.56228509,1.03830772
0.00214777,0.98053226,0.14025125,0.99750344,0.31469809,1.01249263,0.44387855,1.02606907,0.53894140,1.03855958
0.00176053,0.98050270,0.11246951,0.99749077,0.21638155,1.01251539,-0.37402621,1.02614085,-0.52912943,1.03869086
0.00193607,0.98065225,0.12558621,0.99769331,0.27582117,1.01276034,0.37526067,1.02641949,0.42467882,1.03899561
0.00172071,0.98067544,0.10642586,0.99769975,-0.12854966,1.01272037,-0.41132004,1.02631250,-0.55446183,1.03880631
0.00168454,0.98091313,0.09516078,0.99793983,-0.25431879,1.01296303,-0.46019933,1.02656206,-0.59877372,1.03907320
0.00176501,0.98084994,0.10227984,0.99796988,-0.23701565,1.01308568,-0.45449102,1.02677344,-0.59691883,1.03936634
0.00171169,0.98062687,0.09504742,0.99770158,-0.25647063,1.01278309,-0.45968769,1.02644760,-0.59560166,1.03902801
0.00170818,0.98047871,0.09897112,0.99758713,-0.23746994,1.01268400,-0.44749710,1.02634499,-0.58556904,1.03890490
0.00214969,0.98062564,0.13388489,0.99773199,0.28462885,1.01282381,0.34208709,1.02647610,-0.50079315,1.03902754
0.00226485,0.98063563,0.13370838,0.99775757,0.27237979,1.01283768,-0.32311787,1.02646218,-0.53627797,1.03897894
0.00204746,0.98067593,0.12520969,0.99783537,0.25014192,1.01296388,-0.37284029,1.02665037,-0.54997927,1.03924046
0.00203571,0.98056007,0.12654322,0.99771596,0.25808515,1.01284808,-0.35444217,1.02654212,-0.54244792,1.03914130
0.00222191,0.98050753,0.13699223,0.99767063,0.29294867,1.01283093,0.37195094,1.02657405,-0.48098492,1.03924161
0.00209864,0.98056052,0.12753903,0.99768483,0.26102806,1.01280981,-0.33488544,1.02651909,-0.53178150,1.03915160
0.00216731,0.98054999,0.12723632,0.99765798,0.24265426,1.01275579,-0.39660672,1.02642691,-0.56279703,1.03900753
0.00247133,0.98077420,0.14648795,0.99790316,0.31018905,1.01303424,0.40058378,1.02675447,-0.46025530,1.03940212
0.00258233,0.98067030,0.15073621,0.99781354,0.32296655,1.01298014,0.43660591,1.02674414,0.49507263,1.03943918
0.00256773,0.98075542,0.15437513,0.99795778,0.33800632,1.01317272,0.46994285,1.02696972,0.56369987,1.03968068
0.00264470,0.98078597,0.15657364,0.99799257,0.34077002,1.01320899,0.47214026,1.02700692,0.56537344,1.03972172
0.00268660,0.98067133,0.15393554,0.99788155,0.32697825,1.01308809,0.44013569,1.02686360,0.50205730,1.03954491
0.00231900,0.98076773,0.14122247,0.99791400,0.30357785,1.01304748,0.40258191,1.02673560,0.38221062,1.03931356
0.00236107,0.98094069,0.14771079,0.99810669,0.32576957,1.01326680,0.45117867,1.02698378,0.53544098,1.03959002
0.00228659,0.98113952,0.14353136,0.99825614,0.31547858,1.01337976,0.43355150,1.02706660,0.50619807,1.03964686
0.00232677,0.98087855,0.14477054,0.99798217,0.31476115,1.01311214,0.42404330,1.02681581,0.45717445,1.03941954
0.00211025,0.98096855,0.12901330,0.99809217,0.25748489,1.01324777,-0.38066464,1.02697718,-0.55950251,1.03960334
0.00188306,0.98070982,0.10912249,0.99787528,-0.21513310,1.01304507,-0.44817848,1.02676823,-0.59224004,1.03937037
0.00187022,0.98070338,0.10653500,0.99790848,-0.23008122,1.01313888,-0.45276654,1.02693982,-0.59506845,1.03963476
0.00185573,0.98097253,0.11484925,0.99816009,0.20061060,1.01335694,-0.40582002,1.02711377,-0.55952665,1.03975639
0.00173787,0.98089759,0.10488605,0.99811791,-0.20583540,1.01334082,-0.43600391,1.02712280,-0.57884087,1.03979356
0.00217535,0.98081935,0.13395243,0.99812632,0.28871023,1.01342162,0.38586867,1.02726590,0.40623383,1.03999256
0.00217063,0.98064508,0.13320310,0.99797675,0.28797172,1.01331028,0.39242039,1.02720214,0.46342110,1.03998340
0.00234404,0.98086866,0.14227483,0.99820277,0.31346057,1.01353162,0.44263925,1.02741314,0.54470865,1.04017894
0.00238918,0.98080293,0.14530746,0.99807245,0.32156406,1.01334960,0.45478000,1.02719035,0.55791656,1.03992549
0.00252279,0.98085961,0.15258469,0.99813545,0.33627507,1.01342722,0.47303260,1.02728460,0.57676546,1.04003265
0.00269040,0.98084756,0.15674914,0.99808560,0.33856150,1.01334749,0.46858557,1.02717773,0.56314442,1.03989544
0.00260057,0.98057902,0.15573238,0.99779130,0.33936903,1.01300683,0.47009444,1.02678195,0.56178359,1.03944286
0.00255902,0.98058208,0.15482107,0.99773920,0.33553416,1.01290953,0.45847436,1.02664691,0.53362205,1.03927349
0.00267108,0.98025238,0.15779274,0.99732001,0.33879684,1.01242267,0.45959693,1.02611270,0.52765214,1.03871244
0.00286348,0.98044053,0.16478243,0.99747060,0.35398442,1.01254330,0.48598095,1.02620662,0.57598465,1.03878383
0.00291290,0.98046738,0.16681905,0.99745991,0.35723943,1.01248043,0.48893471,1.02607816,0.57741246,1.03857950
0.00307628,0.98026458,0.17119030,0.99724114,0.36309575,1.01225504,0.49503584,1.02585979,0.58479943,1.03838413
0.00294984,0.97995006,0.16784658,0.99698993,0.35874051,1.01206099,0.49198709,1.02571479,0.58502746,1.03827589
0.00303843,0.97976086,0.17254850,0.99679772,0.37099045,1.01186469,0.51211926,1.02552304,0.61267065,1.03810338
0.00273742,0.97982820,0.16060763,0.99680613,0.35005700,1.01182614,0.48804868,1.02544627,0.58923440,1.03799713
0.00254810,0.97988626,0.15649775,0.99681250,0.34750263,1.01178014,0.49043700,1.02534078,0.59767421,1.03782311
0.00257738,0.97970669,0.15679097,0.99663963,0.34647097,1.01161705,0.48715498,1.02519255,0.59165083,1.03769473
0.00250431,0.97968047,0.15182830,0.99658321,0.33351428,1.01152800,0.46606985,1.02505943,0.56338669,1.03750006
0.00246904,0.97982759,0.15127469,0.99673887,0.33260474,1.01169287,0.46396595,1.02523376,0.55858060,1.03768092
0.00238805,0.97981777,0.14411257,0.99676716,0.30938697,1.01176832,0.41192971,1.02536513,0.39943159,1.03787292
0.00227403,0.97972307,0.13819236,0.99667112,0.29477122,1.01166797,0.37776146,1.02525868,-0.46687081,1.03776011
0.00203653,0.97970896,0.12660110,0.99658183,0.26815966,1.01149060,0.30145724,1.02498645,-0.48987066,1.03738989
0.00207343,0.97980997,0.12788129,0.99672547,0.27036212,1.01168114,0.29256058,1.02522547,-0.50284614,1.03768107
0.00190026,0.97953296,0.12044167,0.99644439,0.24883826,1.01141000,-0.34829040,1.02497932,-0.53558503,1.03747418
0.00165710,0.97964996,0.08930223,0.99659983,-0.26721167,1.01158354,-0.46829639,1.02514968,-0.60615256,1.03762405
0.00193825,0.97953261,0.11733165,0.99649480,0.20365086,1.01150938,-0.41301705,1.02512280,-0.56952438,1.03765754
0.00223761,0.97963923,0.13621659,0.99657329,0.29085263,1.01158086,0.37066437,1.02521142,-0.47231179,1.03779032
0.00249458,0.97991620,0.14845902,0.99679117,0.32271947,1.01177712,0.44478898,1.02540760,0.52651443,1.03799677
0.00257736,0.98007178,0.15301788,0.99698976,0.33405144,1.01201936,0.46401148,1.02569893,0.55628243,1.03834420
0.00263292,0.98028156,0.15510670,0.99721490,0.33818271,1.01227660,0.46963646,1.02600412,0.56282479,1.03871374
0.00272906,0.98050804,0.15804902,0.99749136,0.34320005,1.01260336,0.47748532,1.02638731,0.57551118,1.03915937
0.00305186,0.98020450,0.16895417,0.99720134,0.36181203,1.01230422,0.49959987,1.02605533,0.59875233,1.03877450
0.00303828,0.98024898,0.16862848,0.99722471,0.35966899,1.01231419,0.49308009,1.02604190,0.58510189,1.03871589
0.00284542,0.98026206,0.16383735,0.99721062,0.35407981,1.01227582,0.48866889,1.02597367,0.58214922,1.03860626
0.00288160,0.98030806,0.16709359,0.99731350,0.36110361,1.01241948,0.49795783,1.02615386,0.59314849,1.03882604
0.00298417,0.98034587,0.17054190,0.99738517,0.36790793,1.01250937,0.50850879,1.02625047,0.60842221,1.03892027
0.00307487,0.98010678,0.17378073,0.99716100,0.37386270,1.01229377,0.51642412,1.02604673,0.61801417,1.03873712
0.00316073,0.98005346,0.17549790,0.99710932,0.37448743,1.01227728,0.51441557,1.02609078,0.61253107,1.03886008
0.00319368,0.97988924,0.17755349,0.99696036,0.38035094,1.01213547,0.52482654,1.02595405,0.62792827,1.03872977
0.00288247,0.98003704,0.16905583,0.99709626,0.36922200,1.01227258,0.51527584,1.02610815,0.62097728,1.03891650
0.00296957,0.98016132,0.17134135,0.99721941,0.37228170,1.01241193,0.51787661,1.02628068,0.62253194,1.03914118
0.00303362,0.98000319,0.17304670,0.99698590,0.37462216,1.01209588,0.52039551,1.02587241,0.62522663,1.03863396
0.00301240,0.98007568,0.17245582,0.99711121,0.37234347,1.01226861,0.51539663,1.02609016,0.61719320,1.03889261
0.00318076,0.97988806,0.17777545,0.99696446,0.37921215,1.01218697,0.52071419,1.02609187,0.62006539,1.03899344
0.00352794,0.97974162,0.18938569,0.99679048,0.39873798,1.01198480,0.54429425,1.02586316,0.64682222,1.03874392
0.00337408,0.97991897,0.18485272,0.99698030,0.39088162,1.01218545,0.53384854,1.02607277,0.63354857,1.03895923
0.00334569,0.97998611,0.18357754,0.99701421,0.38838084,1.01216934,0.53054692,1.02598412,0.62963631,1.03877321
0.00371492,0.98026009,0.19264031,0.99732496,0.40053957,1.01251251,0.54225007,1.02636222,0.63982842,1.03919180
0.00346518,0.98023754,0.18657193,0.99735703,0.39253382,1.01257668,0.53432252,1.02644156,0.63201102,1.03926579
0.00366407,0.98036632,0.19301142,0.99750330,0.40395235,1.01273692,0.54911586,1.02660911,0.64984288,1.03943085
0.00356927,0.98038443,0.19060105,0.99747569,0.39924840,1.01267715,0.54160233,1.02652911,0.63884971,1.03934603
0.00345300,0.98046008,0.18869413,0.99762174,0.39780971,1.01287765,0.54121375,1.02677188,0.63970366,1.03962199
0.00298747,0.98039402,0.17390335,0.99755140,0.37350701,1.01278900,0.51208461,1.02664712,0.60695073,1.03943783
0.00298339,0.98016293,0.17339705,0.99730799,0.37221306,1.01253529,0.51051352,1.02638227,0.60606723,1.03915902
0.00295924,0.97996503,0.17198001,0.99710232,0.36990412,1.01231541,0.50848478,1.02614067,0.60499215,1.03888986
0.00293828,0.97980490,0.17130024,0.99687280,0.36815755,1.01201846,0.50562974,1.02577140,0.60092886,1.03843537
0.00277020,0.97977138,0.16435491,0.99678834,0.35560398,1.01191046,0.48987077,1.02567149,0.58282797,1.03838015
0.00261621,0.97959044,0.15434956,0.99661655,0.33255754,1.01175246,0.45486914,1.02553406,0.53361103,1.03827345
0.00271272,0.97959629,0.15971715,0.99653945,0.34664747,1.01159787,0.48108050,1.02530418,0.57864403,1.03796842
0.00292978,0.97947375,0.16785794,0.99636477,0.36109098,1.01137791,0.49884716,1.02504089,0.59789014,1.03766150
0.00294021,0.97961111,0.16915597,0.99655214,0.36384227,1.01159176,0.50177705,1.02525536,0.59925135,1.03784914
0.00275440,0.97962575,0.16647412,0.99653007,0.36529940,1.01153446,0.51053964,1.02516643,0.61633355,1.03773170
0.00283932,0.97985059,0.16830428,0.99675110,0.36618705,1.01174963,0.50899509,1.02537998,0.61231468,1.03795016
0.00290891,0.97971735,0.17174507,0.99665010,0.37350152,1.01166593,0.51878137,1.02530171,0.62297100,1.03786382
0.00269462,0.97976403,0.16304352,0.99671707,0.35837013,1.01179271,0.50122534,1.02552837,0.60508619,1.03822504
0.00267100,0.97981505,0.16410444,0.99675804,0.36348847,1.01181357,0.51081986,1.02552214,0.61847670,1.03818542
0.00254013,0.97977497,0.16149283,0.99670337,0.36262929,1.01176794,0.51299309,1.02551126,0.62311018,1.03823769
0.00236698,0.97990862,0.15755226,0.99682324,0.36061899,1.01186624,0.51595198,1.02558422,0.63136829,1.03828484
0.00255442,0.98013448,0.16622611,0.99709710,0.37585930,1.01216977,0.53323700,1.02590134,0.64839773,1.03860202
0.00252513,0.98039014,0.16641523,0.99744624,0.37687313,1.01258011,0.53498093,1.02636270,0.65117573,1.03911862
0.00265522,0.98045159,0.16935153,0.99747648,0.37910212,1.01259000,0.53521369,1.02636687,0.64967726,1.03913698
0.00277862,0.98072183,0.17190636,0.99779700,0.38052126,1.01295120,0.53488765,1.02675612,0.64835806,1.03954147
0.00289526,0.98061455,0.17211508,0.99768355,0.37655681,1.01283340,0.52753421,1.02663227,0.63968804,1.03940967
0.00312816,0.98057190,0.18093236,0.99755946,0.38972986,1.01262905,0.53973511,1.02634313,0.64884060,1.03902908
0.00315025,0.98073336,0.18103337,0.99772818,0.38823615,1.01280199,0.53588872,1.02652193,0.64251784,1.03921656
0.00273037,0.98072132,0.16825720,0.99775584,0.37027261,1.01287253,0.51894441,1.02664205,0.62902782,1.03939662
0.00241144,0.98092889,0.15612119,0.99797891,0.34966260,1.01310294,0.49570330,1.02687153,0.60706401,1.03961682
0.00248307,0.98099658,0.15918918,0.99804166,0.35567227,1.01315568,0.50369420,1.02691185,0.61598483,1.03964420
0.00263130,0.98104981,0.16419432,0.99808286,0.36350353,1.01319438,0.51202051,1.02695431,0.62370436,1.03969704
0.00249922,0.98113376,0.15643250,0.99812230,0.34878534,1.01321174,0.49657022,1.02696864,0.61198426,1.03972434
0.00225689,0.98129605,0.14319895,0.99836056,0.32155930,1.01350440,0.46412705,1.02729041,0.58207441,1.04004271
0.00227270,0.98156383,0.14352898,0.99872213,0.32043753,1.01395727,0.46014497,1.02783302,0.57586080,1.04067302
0.00247006,0.98165620,0.15094340,0.99875882,0.33122352,1.01395588,0.46795161,1.02779540,0.57780706,1.04059299
0.00242858,0.98118528,0.15132323,0.99830224,0.33478099,1.01351411,0.47425264,1.02736415,0.58445375,1.04016753
0.00229224,0.98139488,0.14568712,0.99847236,0.32510687,1.01364030,0.46415869,1.02743835,0.57631020,1.04017722
0.00243191,0.98113038,0.15174685,0.99818021,0.33565485,1.01331944,0.47458793,1.02708587,0.58362045,1.03979020
0.00266585,0.98128908,0.16221174,0.99824217,0.35462686,1.01329163,0.49501837,1.02697913,0.59928833,1.03961933
0.00293116,0.98128270,0.17218557,0.99833866,0.37133993,1.01346824,0.51364861,1.02722262,0.61680478,1.03992362
0.00309709,0.98107786,0.17885482,0.99822188,0.38315437,1.01343880,0.52739321,1.02727117,0.63031637,1.04003290
0.00295035,0.98112305,0.17435672,0.99824043,0.37551030,1.01341272,0.51760951,1.02719078,0.61856697,1.03989298
0.00257405,0.98103414,0.16029684,0.99813559,0.34861919,1.01328337,0.47934016,1.02703262,0.56726233,1.03970198
0.00266843,0.98104187,0.16577678,0.99814548,0.36001533,1.01330673,0.49456244,1.02707916,0.58524275,1.03977902
0.00230145,0.98131201,0.14979039,0.99841359,0.32961620,1.01356472,0.45117566,1.02731831,0.51790034,1.03998917
0.00197940,0.98139369,0.13320731,0.99842254,0.29221403,1.01350158,0.37584716,1.02718894,-0.48556378,1.03980426
0.00179047,0.98169402,0.11725844,0.99875333,0.22741813,1.01385435,-0.39101011,1.02755397,-0.55548441,1.04017195
0.00118048,0.98169117,-0.06736767,0.99877528,-0.30754134,1.01390364,-0.48677217,1.02761986,-0.61359023,1.04023662
0.00102504,0.98158524,-0.08618469,0.99867707,-0.31742821,1.01380121,-0.49436048,1.02750303,-0.62059623,1.04009823
0.00090354,0.98144126,-0.09219916,0.99854411,-0.31632000,1.01367038,-0.48896252,1.02737191,-0.61284263,1.03996685
0.00073475,0.98141851,-0.10875870,0.99855012,-0.33088916,1.01370691,-0.50061090,1.02744097,-0.62317272,1.04007161
0.00077558,0.98158197,-0.10259336,0.99875260,-0.32334658,1.01395663,-0.49424215,1.02775324,-0.61893626,1.04046594
0.00081070,0.98146509,-0.09872913,0.99861728,-0.31945359,1.01379650,-0.49074418,1.02757247,-0.61566638,1.04027474
0.00094792,0.98122004,-0.09059823,0.99845138,-0.31726344,1.01371169,-0.49326108,1.02756457,-0.62120851,1.04033608
0.00107669,0.98115921,-0.07281536,0.99834185,-0.30313761,1.01355951,-0.48030599,1.02737155,-0.60838994,1.04010061
0.00086848,0.98110779,-0.09995279,0.99827673,-0.32237045,1.01348176,-0.49172148,1.02728151,-0.61317440,1.03999567
0.00090891,0.98080707,-0.09038227,0.99795447,-0.30961496,1.01315900,-0.47947410,1.02696612,-0.60306999,1.03968853
0.00071273,0.98066737,-0.11338889,0.99779159,-0.33691124,1.01297022,-0.50638286,1.02674482,-0.62832686,1.03942819
0.00092496,0.98056304,-0.10014295,0.99770708,-0.32686360,1.01289431,-0.49871888,1.02666728,-0.62125501,1.03933775
0.00101083,0.98059404,-0.08437277,0.99774510,-0.31112054,1.01293863,-0.48519691,1.02671456,-0.60997422,1.03938173
0.00124473,0.98104209,0.05923069,0.99828050,-0.27062361,1.01354358,-0.45546035,1.02737406,-0.58711255,1.04007992
0.00134406,0.98109985,0.08627519,0.99835300,-0.22348310,1.01361303,-0.42701436,1.02742527,-0.56702615,1.04009988
0.00139865,0.98082413,0.08167124,0.99806040,-0.25837003,1.01330786,-0.45641890,1.02711553,-0.59420663,1.03979540
0.00134348,0.98051653,0.05982727,0.99770583,-0.28763672,1.01292896,-0.47804256,1.02672852,-0.61167948,1.03941363
0.00156101,0.98063456,0.09890270,0.99777403,-0.21617027,1.01294939,-0.43925661,1.02670758,-0.58384439,1.03935999
0.00155300,0.98087386,0.09992024,0.99798059,-0.19105585,1.01312888,-0.42753715,1.02686310,-0.57548450,1.03948996
0.00104505,0.98092490,-0.08936417,0.99808683,-0.32301874,1.01327620,-0.50105901,1.02704365,-0.62682840,1.03970014
0.00134609,0.98077238,0.06846610,0.99793702,-0.26791128,1.01312990,-0.45523333,1.02689665,-0.58730216,1.03954404
0.00140967,0.98060556,0.07900927,0.99779126,-0.25546075,1.01299592,-0.44724803,1.02677039,-0.58098636,1.03942366
0.00134424,0.98080798,0.07012935,0.99799670,-0.26219518,1.01321306,-0.44746259,1.02700828,-0.57774698,1.03969192
0.00176391,0.98077144,0.12052630,0.99793159,0.27444236,1.01311971,0.38665805,1.02688487,0.46204695,1.03953472
0.00192525,0.98068129,0.13213854,0.99780743,0.31048206,1.01296873,0.45540897,1.02671079,0.56906308,1.03933795
0.00190188,0.98089221,0.13166535,0.99803716,0.31124598,1.01323144,0.45910111,1.02702266,0.57618098,1.03971923
0.00180065,0.98072606,0.12057927,0.99792762,0.28092369,1.01316831,0.41666232,1.02698956,0.53129369,1.03969614
0.00189567,0.98054879,0.12874817,0.99780440,0.30297900,1.01309903,0.44769506,1.02697907,0.56331960,1.03975016
0.00204032,0.98059568,0.13423484,0.99782310,0.30752773,1.01309866,0.44326744,1.02696335,0.54691155,1.03972293
0.00206871,0.98052147,0.13475315,0.99771660,0.30857226,1.01295022,0.44589746,1.02677226,0.55202305,1.03949615
0.00217676,0.98065153,0.13716632,0.99785572,0.30679507,1.01310614,0.43493003,1.02695795,0.53176464,1.03972647
0.00205974,0.98054570,0.12778988,0.99773453,0.27432954,1.01298101,0.35017440,1.02683694,-0.45045329,1.03961549
0.00224958,0.98054933,0.13863761,0.99774050,0.30168208,1.01298482,0.41149703,1.02683077,0.46749098,1.03959034
0.00223030,0.98054901,0.14006977,0.99777683,0.30843651,1.01306637,0.42908792,1.02695923,0.51398752,1.03976294
0.00199797,0.98045304,0.12904079,0.99769109,0.28482431,1.01299456,0.39457611,1.02690690,0.47143466,1.03973713
0.00213548,0.98078916,0.13973354,0.99799915,0.31699850,1.01328375,0.45656683,1.02719363,0.56829482,1.04004046
0.00228440,0.98060929,0.14419554,0.99779380,0.32247904,1.01305196,0.45984612,1.02693377,0.56789437,1.03975141
0.00223723,0.98045393,0.14146450,0.99762486,0.31677288,1.01286506,0.45331485,1.02671351,0.56321818,1.03947495
0.00254995,0.98058718,0.15290914,0.99766752,0.33566476,1.01281755,0.47261446,1.02657830,0.57783658,1.03925527
0.00244384,0.98069735,0.14791603,0.99778634,0.32463559,1.01294780,0.45613328,1.02672039,0.55701990,1.03940823
0.00225707,0.98066653,0.13720325,0.99773934,0.29938114,1.01287640,0.41707930,1.02661670,0.50630610,1.03926721
0.00230867,0.98048151,0.13917403,0.99757636,0.30274088,1.01275126,0.42046343,1.02654281,0.50814480,1.03925656
0.00209461,0.98048246,0.12474765,0.99761623,0.25159913,1.01281586,-0.33126162,1.02661925,-0.51390947,1.03933535
0.00211533,0.98065368,0.12657592,0.99778514,0.26316279,1.01297672,0.28080252,1.02677282,-0.48000048,1.03948586
0.00204675,0.98083057,0.12098051,0.99795693,0.23751109,1.01315967,-0.35221104,1.02697917,-0.51447376,1.03972249
0.00200239,0.98106851,0.12150454,0.99820381,0.25012426,1.01342751,-0.27506784,1.02727374,-0.48333439,1.04004616
0.00201688,0.98114934,0.12176687,0.99831072,0.24413476,1.01356967,-0.33886941,1.02744693,-0.50909660,1.04023853
0.00195595,0.98159620,0.11455009,0.99874486,0.17977526,1.01399430,-0.40507580,1.02785596,-0.54926724,1.04062211
0.00212794,0.98152129,0.12977202,0.99869579,0.27423865,1.01396570,0.32216954,1.02784990,-0.48964370,1.04064665
0.00220805,0.98147500,0.13567914,0.99867154,0.29543915,1.01394545,0.40176430,1.02781709,0.44847749,1.04058881
0.00188463,0.98105904,0.11870022,0.99818717,0.25566226,1.01340178,0.31972002,1.02721952,-0.44114224,1.03993745
0.00159779,0.98112309,0.09767049,0.99825442,-0.15226125,1.01348612,-0.39138029,1.02734025,-0.52902920,1.04011752
0.00203895,0.98110361,0.13337807,0.99824325,0.30709029,1.01346776,0.44304695,1.02730579,0.54643476,1.04006416
0.00204371,0.98135900,0.13506940,0.99857194,0.31294471,1.01387922,0.45453922,1.02780493,0.56498410,1.04065603
0.00191836,0.98143897,0.12770654,0.99864657,0.29559163,1.01396114,0.42961684,1.02790490,0.53656541,1.04078281
0.00175335,0.98146999,0.11862571,0.99864991,0.28101526,1.01394136,0.42214736,1.02786952,0.54287565,1.04074219
0.00174951,0.98124420,0.11818431,0.99841649,0.27526365,1.01370312,0.40241813,1.02762880,0.50671747,1.04050230
0.00152807,0.98102853,0.09469465,0.99822193,-0.15132058,1.01352740,-0.38490718,1.02746621,-0.51960704,1.04034398
0.00134641,0.98083084,0.06864649,0.99805705,-0.25530260,1.01340130,-0.43615569,1.02738574,-0.56280648,1.04031403
0.00163687,0.98072238,0.09870397,0.99789610,-0.17700776,1.01320989,-0.40881622,1.02717846,-0.55123959,1.04010143
0.00147556,0.98065468,0.07815112,0.99779383,-0.25483684,1.01307683,-0.44498844,1.02701367,-0.57905517,1.03989941
0.00162255,0.98066386,0.09584733,0.99784486,-0.18456248,1.01320215,-0.40277488,1.02723953,-0.54064668,1.04024991
0.00125338,0.98110166,0.05390510,0.99831898,-0.24959253,1.01370578,-0.41423030,1.02777052,-0.52915794,1.04080770
0.00162289,0.98107866,0.10640700,0.99832358,0.24039253,1.01373820,0.34867280,1.02782796,0.45672115,1.04088513
0.00152919,0.98078746,0.09967291,0.99803116,0.21996246,1.01343909,0.31632126,1.02752126,0.44323353,1.04057131
0.00139149,0.98080028,0.08212653,0.99801359,-0.20484904,1.01340206,-0.38430903,1.02746524,-0.50168921,1.04048584
0.00122421,0.98089965,0.04699652,0.99813441,-0.25215355,1.01354583,-0.41038397,1.02763378,-0.51323153,1.04067966
0.00085892,0.98099266,-0.09589674,0.99821050,-0.30688716,1.01359968,-0.46524812,1.02766822,-0.57576722,1.04070628
0.00107880,0.98065588,-0.02795134,0.99790957,-0.24552231,1.01331941,-0.39154944,1.02739784,-0.48151516,1.04044316
0.00133730,0.98090104,0.08800174,0.99815328,0.18520453,1.01355558,0.23518990,1.02762333,0.38445838,1.04065811
0.00120201,0.98120995,0.06028586,0.99846526,-0.23079463,1.01386460,-0.39027275,1.02792776,-0.50391613,1.04095852
0.00102501,0.98146390,-0.04505490,0.99870544,-0.24150410,1.01409004,-0.37006586,1.02813773,-0.39071030,1.04115124
0.00111542,0.98165873,0.05653557,0.99894720,-0.20398709,1.01437318,-0.31142455,1.02845628,0.44092752,1.04149487
0.00102407,0.98142983,0.01354399,0.99869120,-0.22742703,1.01407856,-0.35258861,1.02811419,-0.31672595,1.04109820
0.00091676,0.98155140,-0.06657902,0.99884424,-0.25649555,1.01425525,-0.39409578,1.02830128,-0.47896311,1.04127971
0.00115411,0.98130637,0.06811749,0.99852189,-0.18274145,1.01385125,-0.31519628,1.02781235,0.32910658,1.04069985
0.00118494,0.98113725,0.07406107,0.99835143,-0.15424261,1.01368661,-0.28700727,1.02765794,0.40866916,1.04056038
0.00141652,0.98113316,0.10422824,0.99831980,0.26112978,1.01361840,0.40715542,1.02754918,0.52903863,1.04040919
0.00159930,0.98117448,0.11555506,0.99839759,0.28148502,1.01373076,0.42598012,1.02768827,0.54345825,1.04056503
0.00183340,0.98135856,0.12854952,0.99855004,0.30522078,1.01384698,0.45011672,1.02777183,0.56289009,1.04062480
0.00175567,0.98140432,0.12188824,0.99866287,0.28567348,1.01400344,0.41791552,1.02795503,0.51997922,1.04082503
0.00174113,0.98148902,0.12232485,0.99875402,0.28556497,1.01412776,0.41300855,1.02813773,0.50607090,1.04109158
0.00187227,0.98158255,0.13491972,0.99886526,0.31966327,1.01422154,0.46512771,1.02818860,0.57316266,1.04107859
0.00166424,0.98121136,0.11801392,0.99843111,0.26926936,1.01371865,0.35948905,1.02760864,-0.45567029,1.04041293
0.00198174,0.98118372,0.13561462,0.99840010,0.30960621,1.01366132,0.43526327,1.02750760,0.51238053,1.04025274
0.00196460,0.98113840,0.13717556,0.99833507,0.31770871,1.01357724,0.45306772,1.02740661,0.54666238,1.04013753
0.00233141,0.98105672,0.15290901,0.99817760,0.34355990,1.01336141,0.48162396,1.02714198,0.57600960,1.03982937
0.00247818,0.98093879,0.15736336,0.99808333,0.34990961,1.01330439,0.48892911,1.02713730,0.58546236,1.03988889
0.00246105,0.98084647,0.15924272,0.99797553,0.35555827,1.01316336,0.49766952,1.02694646,0.59719279,1.03963083
0.00251272,0.98091637,0.16272484,0.99811644,0.36455683,1.01338026,0.51256486,1.02723851,0.61877182,1.03999320
0.00241973,0.98113800,0.15976174,0.99837462,0.36065780,1.01364304,0.50970567,1.02748487,0.61787813,1.04020926
0.00284346,0.98128960,0.17516335,0.99854273,0.38521639,1.01381078,0.53677511,1.02763773,0.64511298,1.04033656
0.00295272,0.98148648,0.17931493,0.99871649,0.39248674,1.01395584,0.54514141,1.02774517,0.65325632,1.04039664
0.00274842,0.98149141,0.17131866,0.99877876,0.37868115,1.01406250,0.52875980,1.02788588,0.63583872,1.04056409
0.00289211,0.98152034,0.17512357,0.99890584,0.38224173,1.01429042,0.53094268,1.02821820,0.63800498,1.04101002
0.00300344,0.98163770,0.18014241,0.99897751,0.39226678,1.01433355,0.54369473,1.02825034,0.65146986,1.04104202
0.00258306,0.98189626,0.16680131,0.99926988,0.37314934,1.01465751,0.52506614,1.02860919,0.63559998,1.04144282
0.00254448,0.98179261,0.16302035,0.99914331,0.36379248,1.01450159,0.51182498,1.02841541,0.62055647,1.04120313
0.00261198,0.98147762,0.16533083,0.99878985,0.36604845,1.01409320,0.51120527,1.02794270,0.61527456,1.04066083
0.00266075,0.98149309,0.16631050,0.99881389,0.36765875,1.01412479,0.51435543,1.02798494,0.62059008,1.04071864
0.00249893,0.98151575,0.16466227,0.99881783,0.37050540,1.01410938,0.52292600,1.02794680,0.63392725,1.04065147
0.00210076,0.98145242,0.15118274,0.99875784,0.35263060,1.01406288,0.50729043,1.02792805,0.62188484,1.04067818
0.00237466,0.98140564,0.16613671,0.99866347,0.37950117,1.01392352,0.53777957,1.02774031,0.65201708,1.04043456
0.00233232,0.98139709,0.16153542,0.99868967,0.37022792,1.01400521,0.52672712,1.02789578,0.64074510,1.04067701
0.00237506,0.98153630,0.16307035,0.99880261,0.37236170,1.01408556,0.52835172,1.02793492,0.64148772,1.04066480
0.00228153,0.98157489,0.15839371,0.99881541,0.36277184,1.01406865,0.51582171,1.02788592,0.62753882,1.04058369
0.00221358,0.98155088,0.15544238,0.99876360,0.35663976,1.01401223,0.50754972,1.02785203,0.61807926,1.04059833
0.00202423,0.98161306,0.14848473,0.99879245,0.34740136,1.01402328,0.49950007,1.02785986,0.61161903,1.04061788
0.00204293,0.98159354,0.14703518,0.99875071,0.34119402,1.01396478,0.48782069,1.02778517,0.59497355,1.04052413
0.00216515,0.98158661,0.15193913,0.99871831,0.34850235,1.01391369,0.49478471,1.02771353,0.60083092,1.04042373
0.00207308,0.98189333,0.14843536,0.99904226,0.34637365,1.01424696,0.49842426,1.02804891,0.61167947,1.04075424
0.00229710,0.98186618,0.15964375,0.99908053,0.36667721,1.01435248,0.52197544,1.02822102,0.63545301,1.04098924
0.00220430,0.98174335,0.15843267,0.99895728,0.36863624,1.01422513,0.52735762,1.02808559,0.64297689,1.04084513
0.00206256,0.98135399,0.15339402,0.99850119,0.36180844,1.01372647,0.52070609,1.02755883,0.63669162,1.04029704
0.00189947,0.98141690,0.14324539,0.99857175,0.34215888,1.01377445,0.49639348,1.02756580,0.60985825,1.04025051
0.00178447,0.98159743,0.13662541,0.99880560,0.33031353,1.01406321,0.48375042,1.02791132,0.59894229,1.04065413
0.00204977,0.98153396,0.14780034,0.99867666,0.34680402,1.01386553,0.50063977,1.02764151,0.61543571,1.04030919
0.00201648,0.98178126,0.14338386,0.99889111,0.33712093,1.01404396,0.49041725,1.02777584,0.60800079,1.04039129
0.00212201,0.98224029,0.14358294,0.99937200,0.32893108,1.01455184,0.47197701,1.02831515,0.58204336,1.04096802
0.00214428,0.98255994,0.14524288,0.99964683,0.33078369,1.01478115,0.47011696,1.02849833,0.57351777,1.04110341
0.00228583,0.98280108,0.15322317,0.99979248,0.34752043,1.01481870,0.49260879,1.02841541,0.59927030,1.04088924
0.00222853,0.98277230,0.15130911,0.99974186,0.34509237,1.01475500,0.48966803,1.02834321,0.59500734,1.04081502
0.00246936,0.98282444,0.16381702,0.99977817,0.36788674,1.01477598,0.51653009,1.02834918,0.62283325,1.04080498
0.00264988,0.98290333,0.16839270,0.99987683,0.37245465,1.01488608,0.51884981,1.02845997,0.62258978,1.04090531
0.00292907,0.98278631,0.17616607,0.99975176,0.38318693,1.01475586,0.52988918,1.02833185,0.63332775,1.04078535
0.00278776,0.98303423,0.17143737,0.99997257,0.37544395,1.01496510,0.52068045,1.02854903,0.62330483,1.04103076
0.00289282,0.98311799,0.17551329,1.00003299,0.38115909,1.01500483,0.52526720,1.02857451,0.62541281,1.04104874
0.00271749,0.98335318,0.16816510,1.00031268,0.36600307,1.01533272,0.50260543,1.02895179,0.59396005,1.04147628
0.00260011,0.98354914,0.16202488,1.00054621,0.35542678,1.01560637,0.49073248,1.02926785,0.58216352,1.04183452
0.00282812,0.98351679,0.17018099,1.00049624,0.36988809,1.01558577,0.51001319,1.02931955,0.60685821,1.04199483
0.00292891,0.98312757,0.17477555,1.00017285,0.38047741,1.01531290,0.52583211,1.02908940,0.62708992,1.04180638
0.00259345,0.98326496,0.16439725,1.00034570,0.36522836,1.01552486,0.50918133,1.02934534,0.60969176,1.04211335
0.00248793,0.98327121,0.16069094,1.00038499,0.35834680,1.01559458,0.50019056,1.02944117,0.59938603,1.04222895
0.00274274,0.98316906,0.16985896,1.00019284,0.37225309,1.01531982,0.51415526,1.02908873,0.61098439,1.04179978
0.00281931,0.98353339,0.17268968,1.00053529,0.37509117,1.01563016,0.51368853,1.02936836,0.60431925,1.04205877
0.00251025,0.98340916,0.16431195,1.00037800,0.36551311,1.01544437,0.50661638,1.02915425,0.60083029,1.04181176
0.00273097,0.98330768,0.17357853,1.00029565,0.38211022,1.01538137,0.52800102,1.02911327,0.62713478,1.04179358
0.00279790,0.98317652,0.17559252,1.00015729,0.38429320,1.01523245,0.52916716,1.02895576,0.62693255,1.04163613
0.00277857,0.98333764,0.17335782,1.00038249,0.37976102,1.01552909,0.52352052,1.02932545,0.62082807,1.04207588
0.00314684,0.98304343,0.18179839,1.00007404,0.38909481,1.01521701,0.53153052,1.02901715,0.62836278,1.04177670
0.00328262,0.98311895,0.18453293,1.00017455,0.39188156,1.01535302,0.53341791,1.02920077,0.62906860,1.04202305
0.00328689,0.98293383,0.18507255,0.99999968,0.39427598,1.01516581,0.53810256,1.02898005,0.63591913,1.04174773
0.00350275,0.98277193,0.19112993,0.99978264,0.40318221,1.01493222,0.54780058,1.02876009,0.64609370,1.04156891
0.00335871,0.98267833,0.18712533,0.99963386,0.39797293,1.01473929,0.54316045,1.02853374,0.64225469,1.04132018
0.00344070,0.98284067,0.19019860,0.99976927,0.40385578,1.01485216,0.55166098,1.02862779,0.65386849,1.04139828
0.00333551,0.98272671,0.18575512,0.99971792,0.39647664,1.01485270,0.54344810,1.02866896,0.64546388,1.04146621
0.00350326,0.98283781,0.19036152,0.99983241,0.40236900,1.01497629,0.54869233,1.02880052,0.64993991,1.04160073
0.00391437,0.98265395,0.19974037,0.99960447,0.41465247,1.01470823,0.56134216,1.02849512,0.66310343,1.04126292
0.00402119,0.98239509,0.20371053,0.99932714,0.42188254,1.01440927,0.57022828,1.02817813,0.67273895,1.04093919
0.00411413,0.98198697,0.20578549,0.99887768,0.42399610,1.01392749,0.57120583,1.02767487,0.67213977,1.04042970
0.00439697,0.98195750,0.20833675,0.99885572,0.42295370,1.01389637,0.56551860,1.02761750,0.66188069,1.04032645
0.00419618,0.98192126,0.20498948,0.99879966,0.41942872,1.01383669,0.56242506,1.02756548,0.65895634,1.04028970
0.00403257,0.98146851,0.20138279,0.99831888,0.41352785,1.01332754,0.55480057,1.02702163,0.64958917,1.03970212
0.00422143,0.98170764,0.20618325,0.99855010,0.42024710,1.01353538,0.56158521,1.02719604,0.65596200,1.03983472
0.00411348,0.98150360,0.20247120,0.99825283,0.41382027,1.01312928,0.55351695,1.02666932,0.64651589,1.03917779
0.00402333,0.98139569,0.19947661,0.99810876,0.40773971,1.01296353,0.54405886,1.02648922,0.63236201,1.03898740
0.00394488,0.98144451,0.19668572,0.99813135,0.40363826,1.01297649,0.54015187,1.02650317,0.62918614,1.03901128
0.00424897,0.98126318,0.20283515,0.99791568,0.41200042,1.01272829,0.54983601,1.02622331,0.64099849,1.03870067
0.00457632,0.98117060,0.21182701,0.99783168,0.42729594,1.01267661,0.56944667,1.02622840,0.66494288,1.03878558
0.00445550,0.98151681,0.20901756,0.99822347,0.42391601,1.01313957,0.56697189,1.02678513,0.66400582,1.03945628
0.00445630,0.98123747,0.20922975,0.99797210,0.42456435,1.01292872,0.56789140,1.02662216,0.66488423,1.03934797
0.00423049,0.98144611,0.20402175,0.99816021,0.41745318,1.01308779,0.56111990,1.02673877,0.65954274,1.03940167
0.00419979,0.98143434,0.20352606,0.99815002,0.41731405,1.01306106,0.56144170,1.02668018,0.66006268,1.03929997
0.00436287,0.98130083,0.20768735,0.99800338,0.42372741,1.01290292,0.56888040,1.02650536,0.66825255,1.03910027
0.00455217,0.98117196,0.21204599,0.99788195,0.43059594,1.01279413,0.57718777,1.02640357,0.67761906,1.03899422
0.00443997,0.98114161,0.21084279,0.99784342,0.42994864,1.01273283,0.57761386,1.02630446,0.67940656,1.03884195
0.00441547,0.98137336,0.20962475,0.99816553,0.42794800,1.01312155,0.57566684,1.02674601,0.67802802,1.03932460
0.00444130,0.98136197,0.21096491,0.99820401,0.43094370,1.01321590,0.58014598,1.02689808,0.68378809,1.03953506
0.00444278,0.98126259,0.20944451,0.99816171,0.42780851,1.01323545,0.57661634,1.02698277,0.68056325,1.03968892
0.00426465,0.98117345,0.20647393,0.99806523,0.42494615,1.01312782,0.57486387,1.02686367,0.67982504,1.03955948
0.00404974,0.98131138,0.20273326,0.99824974,0.42058965,1.01335206,0.57051942,1.02712841,0.67518136,1.03986916
0.00408150,0.98121336,0.20464320,0.99819299,0.42474152,1.01334973,0.57625232,1.02719599,0.68189505,1.04002464
0.00427550,0.98103743,0.20887148,0.99795473,0.43067161,1.01302302,0.58265952,1.02676550,0.68849930,1.03947930
0.00445037,0.98121218,0.21223695,0.99814869,0.43471963,1.01324815,0.58646538,1.02702889,0.69209245,1.03978572
0.00436312,0.98139258,0.21063212,0.99825581,0.43161318,1.01330195,0.58158946,1.02703203,0.68554260,1.03973531
0.00451414,0.98137022,0.21351455,0.99821676,0.43514218,1.01324927,0.58488377,1.02696564,0.68839933,1.03965472
0.00464250,0.98139175,0.21542493,0.99827916,0.43762604,1.01332826,0.58758522,1.02704286,0.69104159,1.03971562
0.00427739,0.98101316,0.20485583,0.99781102,0.41957489,1.01277010,0.56538731,1.02639796,0.66625638,1.03899114
0.00422850,0.98091651,0.20337080,0.99759448,0.41711382,1.01242615,0.56285975,1.02591677,0.66433470,1.03836042
0.00396057,0.98093521,0.19578289,0.99760087,0.40523475,1.01241665,0.54960107,1.02588292,0.65093385,1.03828798
0.00389938,0.98083393,0.19361797,0.99753890,0.39995154,1.01237393,0.54131030,1.02584716,0.63999452,1.03825245
0.00386721,0.98089408,0.19049363,0.99764476,0.39286787,1.01252347,0.53110622,1.02604889,0.62696331,1.03852314
0.00343617,0.98115262,0.17993894,0.99796531,0.37889988,1.01291600,0.51890621,1.02652231,0.61904442,1.03908895
0.00349267,0.98125838,0.18348359,0.99804503,0.38641566,1.01295842,0.52874547,1.02652553,0.62976256,1.03905871
0.00369448,0.98154029,0.18866078,0.99834688,0.39322077,1.01328995,0.53393405,1.02689126,0.63136435,1.03945823
0.00378779,0.98150871,0.19224620,0.99835612,0.39955103,1.01334329,0.54149875,1.02699685,0.63922790,1.03962940
0.00373095,0.98136324,0.19144875,0.99817713,0.40049688,1.01312338,0.54599372,1.02672272,0.64828404,1.03928496
0.00370042,0.98162213,0.18940292,0.99840388,0.39593937,1.01330972,0.53993823,1.02686087,0.64173045,1.03936283
0.00378790,0.98153233,0.19211520,0.99828531,0.39992477,1.01315407,0.54382323,1.02665584,0.64499663,1.03909268
0.00364206,0.98151356,0.18674938,0.99827375,0.39046534,1.01317439,0.53239200,1.02673620,0.63278885,1.03926381
0.00366585,0.98134519,0.18724812,0.99814717,0.39235327,1.01306878,0.53662754,1.02664133,0.63947606,1.03917312
0.00332817,0.98168180,0.17931735,0.99848066,0.38256367,1.01339581,0.52836185,1.02695985,0.63350481,1.03948383
0.00326832,0.98167349,0.17729483,0.99847030,0.37793458,1.01337287,0.52079106,1.02691117,0.62284359,1.03939532
0.00357869,0.98158000,0.18651744,0.99832239,0.39275007,1.01315874,0.53790985,1.02661863,0.64106788,1.03901287
0.00371854,0.98134330,0.19035713,0.99802861,0.39800344,1.01280309,0.54227938,1.02619662,0.64337106,1.03851996
0.00381661,0.98142100,0.19219434,0.99810820,0.40012217,1.01289770,0.54442262,1.02631548,0.64590647,1.03866613
0.00377346,0.98141976,0.19185833,0.99817430,0.40048985,1.01301897,0.54566133,1.02648786,0.64798000,1.03889096
0.00365783,0.98142633,0.18734041,0.99814753,0.39202474,1.01296048,0.53484035,1.02639671,0.63583293,1.03876496
0.00372354,0.98134163,0.18767578,0.99804840,0.39059945,1.01283848,0.53124297,1.02624122,0.63008180,1.03856534
0.00366078,0.98140420,0.18626128,0.99809381,0.38802362,1.01285887,0.52689256,1.02622786,0.62294690,1.03851179
0.00395192,0.98143229,0.19289588,0.99809831,0.39647564,1.01286638,0.53462586,1.02625682,0.62935070,1.03857169
0.00394279,0.98130057,0.19314591,0.99795859,0.39733358,1.01273163,0.53592507,1.02613971,0.63078141,1.03848724
0.00407789,0.98128363,0.19745191,0.99794011,0.40392270,1.01272752,0.54199346,1.02616607,0.63435116,1.03855837
0.00401026,0.98103650,0.19774197,0.99782128,0.40682873,1.01274466,0.54743927,1.02633011,0.64209673,1.03888620
0.00424135,0.98119167,0.20245499,0.99803135,0.41255110,1.01299795,0.55252709,1.02662247,0.64620925,1.03921679
0.00409931,0.98114827,0.19971642,0.99795277,0.40973138,1.01289753,0.55077140,1.02650738,0.64553815,1.03909156
0.00411037,0.98132072,0.20008488,0.99818984,0.41126130,1.01318357,0.55394865,1.02683369,0.65063603,1.03945389
0.00400963,0.98157348,0.19849775,0.99847915,0.41053194,1.01349784,0.55534410,1.02716213,0.65478525,1.03978724
0.00412033,0.98192413,0.20072513,0.99879725,0.41303569,1.01377863,0.55711252,1.02739781,0.65551821,1.03996642
0.00413361,0.98183801,0.20162292,0.99872909,0.41333907,1.01369107,0.55515800,1.02726668,0.65032585,1.03977752
0.00418429,0.98157178,0.20104801,0.99854200,0.41078252,1.01358458,0.55159848,1.02723811,0.64725839,1.03982182
0.00378534,0.98158673,0.19028016,0.99858435,0.39311372,1.01368108,0.52970131,1.02740209,0.62129836,1.04005720
0.00383987,0.98159511,0.19253475,0.99861876,0.39792309,1.01373393,0.53679652,1.02746916,0.63065011,1.04013719
0.00378752,0.98167906,0.19083426,0.99867070,0.39575690,1.01373548,0.53640186,1.02740554,0.63424748,1.03999544
0.00381723,0.98198960,0.19014968,0.99901328,0.39218345,1.01409895,0.52951303,1.02778222,0.62400932,1.04038147
0.00399483,0.98188254,0.19397671,0.99891608,0.39779234,1.01400890,0.53666758,1.02769865,0.63359719,1.04030368
0.00410029,0.98173421,0.19845932,0.99881017,0.40654193,1.01393105,0.54811902,1.02762946,0.64653983,1.04021916
0.00412387,0.98180044,0.20037352,0.99886038,0.41060948,1.01394845,0.55303927,1.02759829,0.65123362,1.04012721
0.00394624,0.98167483,0.19635542,0.99880640,0.40461306,1.01397604,0.54591383,1.02772190,0.64315391,1.04036317
0.00411581,0.98179624,0.20263361,0.99896714,0.41648796,1.01417360,0.56209003,1.02795533,0.66343704,1.04063461
0.00406648,0.98189019,0.20030259,0.99905096,0.41084694,1.01423893,0.55312473,1.02799890,0.65118980,1.04065586
0.00397192,0.98212717,0.19732284,0.99933379,0.40622938,1.01457005,0.54757107,1.02837767,0.64449766,1.04108128
0.00362576,0.98188290,0.18887818,0.99914029,0.39438209,1.01440506,0.53491430,1.02822857,0.63134250,1.04093980
0.00390150,0.98146542,0.19568635,0.99873223,0.40456781,1.01398523,0.54687602,1.02777631,0.64529384,1.04043416
0.00362748,0.98172207,0.19068567,0.99903835,0.39981577,1.01431625,0.54429719,1.02812287,0.64508201,1.04079684
0.00358709,0.98142516,0.19131085,0.99874557,0.40304076,1.01404460,0.55014947,1.02788846,0.65332948,1.04061434
0.00360323,0.98159431,0.19255915,0.99891143,0.40680166,1.01421808,0.55675281,1.02807408,0.66268746,1.04081178
0.00351658,0.98162517,0.19071695,0.99891079,0.40478898,1.01419820,0.55560142,1.02804572,0.66287041,1.04078260
0.00361190,0.98167834,0.19213698,0.99902624,0.40580368,1.01437205,0.55598020,1.02827265,0.66298545,1.04105627
0.00336380,0.98155457,0.18578930,0.99880232,0.39621834,1.01408413,0.54542216,1.02794510,0.65254063,1.04070704
0.00342031,0.98183823,0.18711326,0.99902468,0.39770514,1.01423660,0.54650944,1.02801456,0.65321450,1.04068094
0.00354568,0.98198182,0.19170667,0.99911154,0.40547847,1.01429149,0.55522222,1.02805865,0.66158408,1.04073471
0.00347788,0.98227141,0.18910454,0.99937653,0.40004802,1.01453819,0.54764804,1.02829119,0.65260464,1.04095378
0.00323983,0.98247137,0.18229194,0.99953437,0.38951353,1.01465237,0.53552806,1.02836129,0.63961287,1.04098240
0.00292413,0.98231584,0.17368815,0.99932192,0.37764443,1.01435595,0.52367978,1.02795823,0.62843241,1.04045494
0.00281333,0.98252304,0.17137258,0.99948471,0.37654487,1.01450405,0.52498033,1.02811569,0.63170136,1.04064283
0.00290721,0.98237190,0.17628328,0.99940283,0.38556745,1.01448718,0.53530190,1.02816295,0.64167874,1.04075528
0.00283773,0.98222330,0.17225346,0.99929477,0.37786376,1.01443822,0.52625680,1.02818204,0.63270537,1.04084077
0.00267775,0.98223782,0.16817532,0.99928302,0.37245099,1.01437790,0.52085045,1.02806288,0.62738225,1.04066003
0.00227488,0.98225500,0.15420000,0.99930476,0.35209371,1.01444057,0.50060990,1.02819510,0.60932369,1.04088462
0.00208266,0.98208351,0.14536750,0.99916462,0.33775832,1.01433798,0.48624120,1.02812858,0.59712545,1.04084634
0.00216035,0.98186452,0.14961541,0.99896988,0.34622533,1.01414705,0.49649367,1.02793406,0.60735139,1.04065069
0.00206412,0.98199078,0.14313715,0.99908448,0.33442215,1.01425762,0.48507564,1.02802832,0.59910329,1.04070744
0.00180426,0.98197513,0.13438372,0.99910709,0.32472168,1.01433849,0.47823029,1.02818362,0.59454964,1.04094842
0.00151026,0.98170929,0.12531721,0.99883060,0.32002294,1.01404029,0.48142175,1.02785194,0.60267758,1.04057130
0.00153929,0.98179163,0.12672648,0.99886786,0.32169695,1.01404227,0.48418668,1.02782457,0.60766986,1.04051742
0.00140043,0.98196371,0.12453430,0.99905546,0.32681243,1.01424882,0.49561645,1.02805352,0.62176049,1.04077353
0.00139808,0.98229258,0.12476587,0.99939379,0.32958128,1.01458098,0.50111117,1.02837305,0.62938303,1.04107932
0.00097244,0.98225420,0.08485155,0.99935054,0.26742872,1.01453544,0.44921467,1.02832908,0.58990886,1.04104164
0.00102273,0.98229092,0.09429295,0.99925655,0.28695491,1.01434375,0.46740048,1.02806637,0.60449431,1.04072895
0.00107448,0.98221313,0.09875244,0.99911032,0.29216090,1.01412337,0.47163124,1.02776664,0.60856696,1.04034150
0.00108270,0.98229505,0.08613328,0.99924075,0.25412787,1.01427908,0.43299760,1.02792691,0.57711159,1.04048942
0.00112671,0.98244676,0.09589919,0.99938078,0.27437823,1.01440074,0.44675853,1.02801893,0.58313291,1.04053756
0.00147817,0.98269205,0.12524020,0.99960079,0.32055928,1.01460339,0.48263160,1.02821696,0.60556222,1.04074557
0.00178559,0.98254465,0.14045203,0.99940008,0.34140787,1.01435626,0.50011672,1.02792832,0.61813478,1.04041608
0.00177256,0.98261812,0.13738659,0.99938639,0.33339447,1.01426494,0.48919758,1.02777158,0.60610709,1.04020784
0.00155419,0.98246139,0.12732359,0.99923240,0.32202219,1.01411277,0.48273218,1.02761637,0.60380691,1.04004182
0.00136943,0.98259590,0.11747927,0.99943372,0.31092729,1.01437216,0.47748788,1.02793106,0.60397073,1.04041203
0.00133720,0.98280351,0.11217682,0.99966564,0.29952572,1.01461757,0.46518284,1.02817828,0.59255818,1.04065112
0.00112346,0.98275373,0.09421695,0.99960555,0.27433624,1.01454448,0.44985608,1.02810156,0.58649645,1.04058882
0.00078437,0.98291143,-0.05496835,0.99975125,-0.18446449,1.01467615,0.37015229,1.02822194,0.54116781,1.04070261
0.00056879,0.98274593,-0.09329768,0.99959764,-0.26593938,1.01452282,-0.35294697,1.02805723,0.49671493,1.04051679
0.00075066,0.98253391,-0.07059275,0.99948752,-0.22964602,1.01451662,0.28774822,1.02816645,0.51770132,1.04075881
0.00060165,0.98205993,-0.08934142,0.99895974,-0.26089508,1.01390243,-0.35225670,1.02744126,0.48501664,1.03990002
0.00034859,0.98232873,-0.11161352,0.99920258,-0.29853766,1.01408938,-0.42644312,1.02754712,-0.48859084,1.03990436
0.00032851,0.98213626,-0.11653989,0.99899665,-0.30966365,1.01387654,-0.44747729,1.02732736,-0.53751983,1.03967405
0.00040354,0.98211745,-0.11229760,0.99897586,-0.30687803,1.01387314,-0.44855528,1.02735190,-0.54374463,1.03973410
0.00033451,0.98222513,-0.12069206,0.99908799,-0.32304494,1.01399815,-0.47095547,1.02750604,-0.57310447,1.03993962
0.00029832,0.98212918,-0.12120052,0.99908304,-0.32146642,1.01410675,-0.46610021,1.02774978,-0.56373904,1.04033651
0.00019824,0.98249700,-0.12754292,0.99952268,-0.33072446,1.01460073,-0.47737584,1.02827638,-0.57856799,1.04087290
0.00014253,0.98203902,-0.13042438,0.99911939,-0.33440394,1.01424746,-0.48147196,1.02797144,-0.58328202,1.04061035
-0.00000395,0.98198572,-0.13844496,0.99905420,-0.34451618,1.01417263,-0.49087770,1.02789042,-0.59165448,1.04052869
-0.00013714,0.98191398,-0.14248154,0.99901407,-0.34612077,1.01418133,-0.48638522,1.02795949,-0.57681956,1.04066454
-0.00002537,0.98192810,-0.13450849,0.99909379,-0.33273704,1.01434182,-0.47072868,1.02821844,-0.55959098,1.04103859
-0.00016240,0.98215487,-0.13720383,0.99933500,-0.33000694,1.01460701,-0.45804528,1.02851459,-0.52758111,1.04136988
-0.00018311,0.98205554,-0.13876842,0.99922701,-0.33107814,1.01447974,-0.45422538,1.02835845,-0.50364879,1.04117825
-0.00015571,0.98209473,-0.14123427,0.99932347,-0.34119153,1.01467122,-0.47831993,1.02867826,-0.56728494,1.04165730
-0.00014066,0.98228824,-0.14056680,0.99950434,-0.33964406,1.01483565,-0.47530997,1.02882305,-0.56164696,1.04178225
-0.00005842,0.98211481,-0.13794197,0.99933553,-0.33699444,1.01466669,-0.47314346,1.02865711,-0.56008011,1.04161993
-0.00051255,0.98178013,-0.15727054,0.99897778,-0.36440261,1.01429313,-0.50485846,1.02827603,-0.59820711,1.04124109
-0.00063297,0.98200080,-0.16439641,0.99917503,-0.37804525,1.01445685,-0.52394602,1.02839993,-0.62288416,1.04131966
-0.00062663,0.98194636,-0.16490427,0.99913278,-0.38078015,1.01443725,-0.52950240,1.02841095,-0.63118568,1.04136753
-0.00096555,0.98227143,-0.17683630,0.99944469,-0.39633528,1.01473732,-0.54483768,1.02870515,-0.64548165,1.04166170
-0.00073629,0.98239106,-0.17076462,0.99957234,-0.39075841,1.01487966,-0.54264575,1.02887105,-0.64814018,1.04185862
-0.00093360,0.98241405,-0.17736523,0.99963966,-0.39894135,1.01498755,-0.55013578,1.02901970,-0.65419074,1.04205111
-0.00067251,0.98247871,-0.16670443,0.99971315,-0.38344788,1.01504317,-0.53333029,1.02903158,-0.63712509,1.04199299
-0.00055017,0.98239962,-0.16262930,0.99964534,-0.37914971,1.01500336,-0.53060154,1.02903506,-0.63628932,1.04206210
-0.00046956,0.98222668,-0.15620383,0.99946524,-0.36771861,1.01479463,-0.51690976,1.02877192,-0.62166524,1.04171716
-0.00043018,0.98193228,-0.15375062,0.99916665,-0.36416272,1.01447715,-0.51374333,1.02842397,-0.61974038,1.04133007
-0.00028013,0.98204543,-0.15028927,0.99931576,-0.36335717,1.01465631,-0.51693014,1.02863294,-0.62657119,1.04157139
-0.00042971,0.98216903,-0.15507664,0.99935913,-0.36759927,1.01462573,-0.51838691,1.02853306,-0.62466955,1.04140380
-0.00023340,0.98225681,-0.15139404,0.99945600,-0.36951241,1.01473802,-0.52740790,1.02866168,-0.63981596,1.04154545
-0.00031517,0.98181024,-0.15240710,0.99897647,-0.36741437,1.01422660,-0.52154554,1.02811745,-0.63002064,1.04096772
-0.00046118,0.98176998,-0.15964181,0.99890420,-0.37741528,1.01412077,-0.53081014,1.02796956,-0.63725833,1.04076266
-0.00050713,0.98195170,-0.16013149,0.99917283,-0.37700611,1.01445615,-0.52921992,1.02835146,-0.63404617,1.04117279
-0.00051011,0.98215134,-0.16232310,0.99936946,-0.38001447,1.01466771,-0.53060996,1.02858860,-0.63239497,1.04144552
-0.00028986,0.98219763,-0.15465915,0.99941167,-0.37123058,1.01468877,-0.52320865,1.02857131,-0.62697947,1.04137466
-0.00032501,0.98180989,-0.15448777,0.99913102,-0.36984514,1.01450954,-0.52087164,1.02849794,-0.62361331,1.04141661
-0.00060965,0.98188693,-0.16305943,0.99918140,-0.37792580,1.01455373,-0.52559602,1.02855194,-0.62466350,1.04149419
-0.00063017,0.98202724,-0.16230010,0.99929737,-0.37520264,1.01462357,-0.52099092,1.02855774,-0.61827546,1.04142175
-0.00057174,0.98181467,-0.15759896,0.99905195,-0.36500758,1.01439033,-0.50545941,1.02837202,-0.59604588,1.04131699
-0.00053820,0.98192969,-0.15823240,0.99914646,-0.36871323,1.01446764,-0.51287084,1.02843027,-0.60828778,1.04134925
-0.00045061,0.98188821,-0.15192336,0.99910874,-0.35661034,1.01441312,-0.49584622,1.02833653,-0.58477244,1.04119201
-0.00022805,0.98205810,-0.13783478,0.99923126,-0.33202742,1.01448141,-0.46403544,1.02833611,-0.54283033,1.04110464
-0.00002219,0.98226059,-0.12848589,0.99950004,-0.32040882,1.01478936,-0.45387538,1.02865517,-0.53615193,1.04140712
0.00005782,0.98247545,-0.12368541,0.99973335,-0.31223425,1.01505153,-0.44247215,1.02895783,-0.51880661,1.04176212
-0.00016100,0.98236746,-0.13582808,0.99964263,-0.33188695,1.01498443,-0.47009343,1.02892460,-0.56421096,1.04177574
-0.00008262,0.98246045,-0.13087065,0.99971173,-0.31988346,1.01504923,-0.44740876,1.02900317,-0.52276993,1.04188774
-0.00001187,0.98263483,-0.12353344,0.99982776,-0.29950517,1.01509901,-0.40146517,1.02898270,0.42960134,1.04179284
-0.00007533,0.98246551,-0.12321103,0.99964059,-0.29207466,1.01489596,-0.37041579,1.02876314,0.49853436,1.04155435
0.00017296,0.98244735,-0.09941006,0.99966578,-0.20696229,1.01495716,0.41057771,1.02884785,0.57189811,1.04164630
0.00037523,0.98220778,-0.07690075,0.99946141,0.21896944,1.01480834,0.44345799,1.02876552,0.59141978,1.04163804
0.00024442,0.98235152,-0.09833651,0.99961365,-0.21122707,1.01497897,0.41086343,1.02896070,0.57550705,1.04186108
0.00043867,0.98269925,-0.07273202,0.99995075,0.21713465,1.01531448,0.44122055,1.02930287,0.59035590,1.04221835
0.00043473,0.98264049,-0.06601219,0.99986098,0.23782018,1.01522383,0.45253082,1.02922768,0.60016749,1.04216462
0.00051243,0.98251128,-0.05815434,0.99978068,0.23421411,1.01520633,0.44665458,1.02928982,0.59543244,1.04232663
0.00052406,0.98237978,-0.03721265,0.99964403,0.25489725,1.01508166,0.45794600,1.02919091,0.60313991,1.04226621
0.00058473,0.98242833,0.05940052,0.99966888,0.27522932,1.01508322,0.46795280,1.02916703,0.60736469,1.04221404
0.00074141,0.98246181,0.07052056,0.99966452,0.26476850,1.01504269,0.44988652,1.02909577,0.58774818,1.04211840
0.00046710,0.98249011,-0.06933067,0.99970113,0.20803226,1.01509041,0.43119078,1.02915500,0.58136039,1.04218829
0.00056215,0.98240331,-0.05566392,0.99954033,0.21919328,1.01484741,0.43035219,1.02881160,0.57851082,1.04172005
0.00085043,0.98235496,0.08455802,0.99940017,0.27876866,1.01463133,0.45744501,1.02852925,0.59073647,1.04137706
0.00090675,0.98240613,0.07967994,0.99948395,0.25590812,1.01471240,0.42782337,1.02858095,0.55903802,1.04137911
0.00062393,0.98255686,-0.06649565,0.99963596,-0.18508017,1.01487453,0.35413527,1.02876556,0.51584699,1.04159919
0.00069782,0.98258456,-0.01979809,0.99959948,0.21332071,1.01477593,0.41171413,1.02860614,0.55483941,1.04138104
0.00054323,0.98216231,-0.08149198,0.99914784,-0.22062466,1.01429273,0.34572642,1.02809497,0.52741305,1.04084810
0.00079480,0.98220361,-0.05194195,0.99914303,-0.20154030,1.01424567,0.28152773,1.02800932,0.48233119,1.04073134
0.00089103,0.98248288,0.05436318,0.99943194,0.15910490,1.01454060,0.34501158,1.02830918,0.49099531,1.04103312
0.00094714,0.98258692,0.05937169,0.99950470,0.09810477,1.01459983,0.29173013,1.02836894,0.44070030,1.04110464
0.00094929,0.98286104,0.06267029,0.99977537,0.14286870,1.01486378,0.30127997,1.02862468,0.44347852,1.04135192
0.00100972,0.98295608,0.07053541,0.99981891,0.10214801,1.01483922,-0.29914870,1.02852330,-0.42944559,1.04116701
0.00105871,0.98285727,0.07874100,0.99971910,0.16972171,1.01471999,-0.30164640,1.02836797,-0.45854758,1.04096139
0.00097138,0.98291644,0.06751214,0.99977587,-0.16289805,1.01477260,-0.33971080,1.02841869,-0.46669403,1.04101630
0.00078207,0.98288488,-0.04827861,0.99971795,-0.21625138,1.01470295,-0.33027044,1.02835894,0.34066841,1.04099345
0.00042683,0.98257174,-0.10418330,0.99941242,-0.29259911,1.01440549,-0.43174487,1.02806886,-0.52498931,1.04070824
0.00039904,0.98276802,-0.10738308,0.99964146,-0.30142284,1.01465687,-0.44946532,1.02833523,-0.55677065,1.04098165
0.00043939,0.98277643,-0.10652559,0.99965711,-0.30203678,1.01471491,-0.45010671,1.02845946,-0.55497521,1.04118947
0.00070541,0.98310781,-0.08515472,0.99999849,-0.27756110,1.01506514,-0.42516625,1.02882302,-0.52698311,1.04157267
0.00067661,0.98300160,-0.06609325,0.99990594,-0.21945341,1.01498699,-0.22898832,1.02876102,0.48455858,1.04152724
0.00058393,0.98335048,-0.08996253,1.00024676,-0.27477325,1.01533286,-0.41332966,1.02912533,-0.50143085,1.04192133
0.00083949,0.98341713,-0.01965637,1.00035375,-0.18781513,1.01548654,0.30724764,1.02933120,0.50152076,1.04218552
0.00073561,0.98333899,-0.06112153,1.00026403,-0.22275735,1.01538879,-0.29954105,1.02922030,0.47448898,1.04204875
0.00061403,0.98334248,-0.06842363,1.00023694,-0.21450114,1.01533442,0.29213900,1.02913809,0.50341578,1.04193787
0.00025815,0.98342820,-0.10850134,1.00023717,-0.28893999,1.01524474,-0.41632735,1.02895504,-0.48576100,1.04165819
0.00003259,0.98338938,-0.12668962,1.00020342,-0.32253748,1.01522537,-0.46493805,1.02896356,-0.56312935,1.04170916
0.00018624,0.98344550,-0.11759092,1.00027323,-0.31113150,1.01528329,-0.45743017,1.02898728,-0.56405415,1.04168019
0.00019217,0.98322527,-0.11945544,1.00001108,-0.31608200,1.01499193,-0.46361889,1.02867334,-0.56970819,1.04134756
0.00002106,0.98312491,-0.13051299,0.99989679,-0.33401766,1.01487137,-0.48580078,1.02855298,-0.59536744,1.04123252
0.00011874,0.98318168,-0.12389010,1.00001489,-0.32529269,1.01503221,-0.47867932,1.02874352,-0.59104022,1.04144878
0.00008700,0.98341136,-0.12395964,1.00023827,-0.32232335,1.01522644,-0.46976917,1.02890490,-0.57282908,1.04158654
0.00011134,0.98319391,-0.12607734,0.99994147,-0.32731702,1.01486207,-0.47591777,1.02847173,-0.58013763,1.04107393
0.00008470,0.98302010,-0.12539050,0.99971089,-0.32671630,1.01457881,-0.47817297,1.02813019,-0.58679524,1.04066506
-0.00009496,0.98336328,-0.13722240,0.99998825,-0.34548220,1.01478832,-0.49864854,1.02826210,-0.60670621,1.04070639
-0.00004395,0.98331563,-0.13729537,0.99996999,-0.35063615,1.01478990,-0.50968438,1.02826790,-0.62299643,1.04069568
-0.00001860,0.98341305,-0.13497125,1.00011352,-0.34788488,1.01495501,-0.50799490,1.02843359,-0.62287718,1.04084254
0.00014861,0.98359007,-0.12132999,1.00029878,-0.32582596,1.01516755,-0.48443660,1.02869586,-0.60112621,1.04117718
0.00015199,0.98354859,-0.12430829,1.00021760,-0.33437321,1.01506186,-0.49675910,1.02856874,-0.61522051,1.04102180
-0.00006413,0.98323513,-0.13811706,0.99995153,-0.35465726,1.01483005,-0.51774067,1.02836456,-0.63488914,1.04084122
-0.00004863,0.98312543,-0.13884270,0.99984072,-0.35596231,1.01469482,-0.51840118,1.02819737,-0.63451452,1.04064329
-0.00011778,0.98307340,-0.14157857,0.99974742,-0.35734913,1.01456242,-0.51717966,1.02802819,-0.63100032,1.04043970
-0.00018795,0.98297910,-0.14443340,0.99972941,-0.36163744,1.01461666,-0.52186987,1.02815728,-0.63539901,1.04064927
-0.00017882,0.98284561,-0.14843882,0.99954052,-0.37007519,1.01436445,-0.53199621,1.02783031,-0.64616816,1.04023433
-0.00006562,0.98264513,-0.14361114,0.99934989,-0.36506622,1.01419528,-0.52898778,1.02769306,-0.64554279,1.04014214
-0.00027261,0.98273024,-0.15234962,0.99953474,-0.37585026,1.01448369,-0.53897723,1.02808622,-0.65432548,1.04064138
0.00000627,0.98269113,-0.13884437,0.99944799,-0.35736994,1.01437535,-0.51964471,1.02797968,-0.63492183,1.04055885
0.00008137,0.98247104,-0.13584738,0.99914374,-0.35468703,1.01401200,-0.51804187,1.02756706,-0.63427449,1.04009956
0.00021110,0.98223672,-0.13059159,0.99890618,-0.34883770,1.01379068,-0.51226670,1.02738516,-0.62844636,1.03998289
0.00058810,0.98203374,-0.10013908,0.99874552,-0.30844976,1.01365409,-0.47253853,1.02725709,-0.59248747,1.03984916
0.00089193,0.98217632,-0.05755414,0.99883731,-0.27499659,1.01370222,-0.45046369,1.02726356,-0.58035981,1.03981141
0.00106538,0.98212743,0.05945012,0.99885750,-0.24553113,1.01378576,-0.42564151,1.02740485,-0.55603575,1.04000196
0.00100031,0.98223924,0.06217068,0.99898363,-0.21205267,1.01393348,-0.38193667,1.02757394,-0.50732511,1.04018701
0.00099224,0.98220665,0.05176516,0.99893689,-0.23541933,1.01386628,-0.40094171,1.02748623,-0.51797897,1.04008324
0.00115528,0.98205138,0.08080629,0.99879362,-0.18971289,1.01373169,-0.38374246,1.02735413,-0.51173063,1.03994730
0.00138550,0.98204149,0.10656582,0.99881126,0.25220881,1.01380364,0.36548354,1.02750962,0.45828502,1.04021534
0.00148816,0.98213064,0.11989009,0.99892504,0.29576553,1.01391695,0.44267995,1.02761198,0.56019081,1.04030755
0.00156009,0.98230440,0.11667168,0.99916228,0.27093380,1.01420104,0.38457875,1.02792553,0.46892067,1.04063007
0.00159805,0.98248151,0.11761660,0.99934187,0.26827916,1.01437183,0.36662304,1.02808091,0.36492748,1.04076323
0.00163586,0.98250370,0.11816490,0.99933967,0.26667957,1.01433940,0.35914010,1.02800347,-0.36080083,1.04062161
0.00139118,0.98242944,0.09798026,0.99929376,0.17757398,1.01430104,-0.36731567,1.02795726,-0.50940636,1.04055652
0.00142061,0.98230728,0.09912299,0.99916474,0.15112295,1.01416380,-0.38878718,1.02781022,-0.53193442,1.04040035
0.00136877,0.98225426,0.09794178,0.99909591,0.18858192,1.01408076,-0.36322292,1.02771921,-0.51151646,1.04030880
0.00131149,0.98249607,0.09431593,0.99937395,0.13856089,1.01435242,-0.38617827,1.02795795,-0.53219570,1.04049710
0.00134380,0.98230089,0.09711456,0.99924953,0.17299419,1.01430013,-0.37982266,1.02797378,-0.52852298,1.04057647
0.00146381,0.98249242,0.11388306,0.99951228,0.27244582,1.01462615,0.39575864,1.02835646,0.49082387,1.04101192
0.00125483,0.98245180,0.09650769,0.99942736,0.22537154,1.01450300,0.31662359,1.02818978,0.40959920,1.04079174
0.00116584,0.98234154,0.09503550,0.99932860,0.23374223,1.01438943,0.34285809,1.02804438,0.42541913,1.04060081
0.00118967,0.98218513,0.09524368,0.99918157,0.23303441,1.01424667,0.34813488,1.02789699,0.45196431,1.04043661
0.00106334,0.98233690,0.06907060,0.99931247,-0.20394817,1.01435366,-0.36803166,1.02798512,-0.46957214,1.04051654
0.00111514,0.98250723,0.08317514,0.99946755,0.17098638,1.01447821,-0.28471017,1.02805901,-0.36266565,1.04051868
0.00127008,0.98257438,0.09888963,0.99948365,0.23542175,1.01445155,0.34341514,1.02800806,0.44450973,1.04046492
0.00093742,0.98244681,-0.04325900,0.99939619,-0.26234868,1.01439300,-0.43058053,1.02796730,-0.55162769,1.04042905
0.00113465,0.98265778,0.08820078,0.99957786,0.20382658,1.01457562,0.24218210,1.02817492,-0.39345948,1.04068177
0.00129406,0.98263919,0.10236819,0.99956299,0.24752337,1.01455254,0.36634213,1.02813756,0.46964427,1.04062473
0.00113070,0.98238792,0.08255243,0.99930869,-0.11893505,1.01427643,-0.35841746,1.02782251,-0.49226744,1.04025474
0.00119812,0.98249237,0.09761436,0.99934563,0.24537597,1.01425153,0.37113763,1.02774554,0.47064751,1.04013866
0.00142061,0.98269646,0.11988673,0.99957717,0.30346069,1.01450481,0.45547114,1.02801045,0.57113260,1.04040203
0.00147954,0.98269287,0.12021648,0.99955030,0.29441485,1.01445420,0.43295563,1.02793946,0.53655620,1.04031794
0.00174900,0.98257288,0.13307059,0.99944641,0.31242368,1.01439227,0.44647166,1.02794070,0.54011776,1.04039827
0.00192904,0.98256141,0.13631181,0.99945485,0.31021228,1.01440574,0.43402170,1.02794690,0.51191757,1.04038925
0.00198469,0.98249218,0.13899339,0.99937391,0.31480445,1.01435092,0.43854512,1.02795413,0.51320913,1.04049062
0.00187826,0.98260781,0.13336963,0.99949968,0.30551351,1.01449679,0.42976748,1.02812294,0.50834663,1.04068176
0.00183376,0.98250823,0.13181599,0.99940528,0.30155672,1.01440100,0.42345400,1.02801615,0.50233817,1.04055024
0.00169892,0.98248417,0.12362063,0.99935148,0.28192993,1.01429613,0.38926924,1.02785344,0.42757109,1.04033250
0.00172568,0.98258961,0.12768216,0.99953625,0.29490314,1.01456817,0.41679957,1.02822001,0.49981256,1.04079761
0.00149944,0.98247671,0.11435475,0.99941381,0.26263480,1.01442871,0.34841556,1.02805806,-0.43733447,1.04060751
0.00139818,0.98223959,0.09870219,0.99919022,0.13401559,1.01421310,-0.39678360,1.02785211,-0.54384406,1.04041929
0.00145425,0.98223672,0.10956673,0.99919013,0.24571301,1.01420985,0.22134782,1.02783539,-0.48819353,1.04037947
0.00149401,0.98196580,0.11320546,0.99888465,0.25948138,1.01388071,0.34902497,1.02749556,-0.39298714,1.04004740
0.00134416,0.98205439,0.10439493,0.99906462,0.24411552,1.01415391,0.33225412,1.02785516,-0.40396111,1.04048256
0.00181600,0.98204527,0.13362206,0.99906909,0.31061102,1.01416463,0.44497590,1.02785863,0.54368210,1.04046108
0.00166606,0.98170324,0.13033387,0.99878774,0.31141596,1.01395392,0.45263265,1.02771500,0.55798282,1.04037085
0.00130189,0.98161309,0.10005137,0.99864267,0.22945253,1.01375163,0.29924124,1.02745485,-0.38930127,1.04005393
0.00144603,0.98147091,0.11189932,0.99848962,0.26218424,1.01359610,0.36980428,1.02730494,0.43015671,1.03991643
0.00140612,0.98160230,0.10537388,0.99860346,0.24503942,1.01369933,0.35719678,1.02740554,0.46498211,1.04002918
0.00142118,0.98154284,0.10951195,0.99852828,0.26601432,1.01360836,0.40392507,1.02730100,0.52315657,1.03991990
0.00125972,0.98132340,0.09256654,0.99823825,0.18616210,1.01328119,-0.32577981,1.02696091,-0.46571018,1.03958295
0.00115249,0.98157069,0.08616269,0.99852008,0.17685554,1.01358458,-0.30432372,1.02727857,-0.43811380,1.03990885
0.00141437,0.98185292,0.11048034,0.99884261,0.27026033,1.01393313,0.41038017,1.02764202,0.52959949,1.04027686
0.00161796,0.98195180,0.12662563,0.99890928,0.30849434,1.01397099,0.45963693,1.02765918,0.57863419,1.04028499
0.00157748,0.98171648,0.12263876,0.99862765,0.29999895,1.01366105,0.45133762,1.02733686,0.57363608,1.03996585
0.00164714,0.98162666,0.12928150,0.99855652,0.31531155,1.01361804,0.47041359,1.02732310,0.59318675,1.03998231
0.00182101,0.98131239,0.13542506,0.99829497,0.31802252,1.01341061,0.46166176,1.02717887,0.57262583,1.03990995
0.00165402,0.98149186,0.12370619,0.99843268,0.29021020,1.01349725,0.42032104,1.02720042,0.52180946,1.03984801
0.00170147,0.98147302,0.12938997,0.99852311,0.30680168,1.01368768,0.44733932,1.02747513,0.55638568,1.04019126
0.00157184,0.98117189,0.12091132,0.99826393,0.28994218,1.01346537,0.42714349,1.02728760,0.53632453,1.04004055
0.00146107,0.98148637,0.11416023,0.99859921,0.27857386,1.01384133,0.41764553,1.02772461,0.53145179,1.04055821
0.00156601,0.98148660,0.11981654,0.99862251,0.28931298,1.01386335,0.43000924,1.02772069,0.54192092,1.04050296
0.00162584,0.98152205,0.11903528,0.99864550,0.27551581,1.01386214,0.39433035,1.02768421,0.48276857,1.04041889
0.00138698,0.98131591,0.10216775,0.99841546,0.20405362,1.01363655,-0.37210086,1.02749349,-0.53375550,1.04029517
0.00134199,0.98129594,0.09588348,0.99833789,-0.16317574,1.01351928,-0.41161113,1.02734448,-0.56149749,1.04011614
0.00149880,0.98125721,0.10596176,0.99824335,0.15355537,1.01337239,-0.41999476,1.02714331,-0.57639225,1.03985614
0.00138188,0.98118400,0.08770801,0.99815570,-0.25545420,1.01327474,-0.46272460,1.02704449,-0.60577179,1.03976701
0.00128589,0.98115854,0.08544287,0.99812447,-0.24804538,1.01322834,-0.45654960,1.02697022,-0.60175761,1.03965281
0.00141075,0.98121180,0.10170705,0.99816621,-0.18087939,1.01326757,-0.43535483,1.02701563,-0.58848671,1.03971365
0.00132847,0.98116444,0.09760421,0.99806689,-0.16641765,1.01309570,-0.42148132,1.02675713,-0.57383086,1.03935991
0.00111118,0.98102233,0.06179309,0.99796383,-0.26633199,1.01305756,-0.45551866,1.02680469,-0.59063570,1.03951541
0.00140461,0.98109696,0.10234136,0.99802962,0.12191514,1.01312653,-0.41773895,1.02688825,-0.57253360,1.03962545
0.00126793,0.98127406,0.08582753,0.99821931,-0.24226372,1.01330966,-0.44946190,1.02704675,-0.59256636,1.03974017
0.00109718,0.98134547,-0.04746165,0.99826004,-0.30073074,1.01331142,-0.48901348,1.02700698,-0.62262434,1.03965494
0.00092909,0.98133023,-0.08184915,0.99822864,-0.31713626,1.01329046,-0.50078666,1.02700897,-0.63167209,1.03968716
0.00084888,0.98154229,-0.08538463,0.99851131,-0.31293509,1.01363129,-0.49117841,1.02739418,-0.61844689,1.04010175
0.00089535,0.98169817,-0.07546402,0.99865778,-0.30197735,1.01377498,-0.47972809,1.02753310,-0.60738200,1.04022840
0.00109513,0.98189875,0.04156088,0.99885098,-0.27646077,1.01396248,-0.45898219,1.02772077,-0.58910422,1.04042562
0.00114326,0.98201849,0.05135977,0.99895247,-0.27521353,1.01405761,-0.45844716,1.02781313,-0.58794928,1.04051360
0.00120162,0.98204328,0.08357356,0.99896054,-0.21889520,1.01408288,-0.41981151,1.02788515,-0.55705476,1.04065638
0.00101465,0.98219325,0.05018836,0.99913087,-0.25788344,1.01426928,-0.43831584,1.02808422,-0.56859665,1.04086317
0.00104808,0.98170175,0.05910277,0.99859453,-0.25201683,1.01367011,-0.43322019,1.02740830,-0.56287488,1.04010101
0.00117779,0.98174959,0.09212141,0.99865340,0.19707055,1.01374921,-0.32242076,1.02751772,-0.47601054,1.04025337
0.00107299,0.98181422,0.08251938,0.99873704,0.14390743,1.01383707,-0.33744553,1.02759333,-0.47207851,1.04029806
0.00128491,0.98198251,0.10180145,0.99893464,0.23910452,1.01406612,0.34229131,1.02785890,0.43142918,1.04060710
0.00144351,0.98233405,0.11627095,0.99932335,0.27757363,1.01448345,0.40334770,1.02829937,0.50146586,1.04106965
0.00140737,0.98243282,0.11916058,0.99936853,0.29359158,1.01447196,0.43557789,1.02822309,0.54611397,1.04091563
0.00153012,0.98216398,0.12218952,0.99908717,0.29065288,1.01416565,0.42066990,1.02787524,0.51761541,1.04050744
0.00170128,0.98207568,0.12903743,0.99902188,0.29634571,1.01414984,0.41663965,1.02792766,0.49948934,1.04064120
0.00191320,0.98182787,0.14373267,0.99872862,0.33212544,1.01381259,0.47388864,1.02755283,0.57945159,1.04023781
0.00198319,0.98169394,0.14787554,0.99861362,0.34257990,1.01374095,0.49125800,1.02754478,0.60359520,1.04031026
0.00208897,0.98191949,0.15188936,0.99889526,0.34767110,1.01410186,0.49446814,1.02800303,0.60342049,1.04088309
0.00204436,0.98192133,0.14875567,0.99886861,0.33910280,1.01404386,0.47940384,1.02791267,0.58096223,1.04075979
0.00169651,0.98205120,0.13120563,0.99903333,0.30456991,1.01424963,0.43158327,1.02815815,0.51967046,1.04104174
0.00181471,0.98202001,0.14014570,0.99896647,0.32443223,1.01416622,0.45898099,1.02806932,0.55269095,1.04095345
0.00187479,0.98181983,0.14431641,0.99880676,0.33344556,1.01402322,0.47272961,1.02792601,0.57303213,1.04079582
0.00202966,0.98207645,0.15191448,0.99906882,0.34774384,1.01428557,0.49245526,1.02817651,0.59850259,1.04101368
0.00203335,0.98225781,0.15359364,0.99918983,0.35249755,1.01433142,0.49940047,1.02812768,0.60667693,1.04084749
0.00203331,0.98217492,0.15151486,0.99910177,0.34788989,1.01422645,0.49379441,1.02799945,0.60095111,1.04069048
0.00171050,0.98227172,0.13678556,0.99924797,0.32403290,1.01442712,0.46812572,1.02826054,0.57660260,1.04101735
0.00171278,0.98220867,0.13618215,0.99914104,0.32042518,1.01428881,0.45983096,1.02809987,0.56273656,1.04084353
0.00195887,0.98215057,0.14747295,0.99909707,0.33757357,1.01424364,0.47579476,1.02803685,0.57369211,1.04074715
0.00180586,0.98205143,0.14146070,0.99901304,0.32930198,1.01418439,0.46905654,1.02800854,0.57053443,1.04075520
0.00176812,0.98211182,0.13973975,0.99899580,0.32721327,1.01410111,0.46789762,1.02787595,0.57027328,1.04059770
0.00167093,0.98198463,0.13303787,0.99883104,0.31219386,1.01390788,0.44625289,1.02766564,0.54321912,1.04038264
0.00162433,0.98190775,0.12478471,0.99883817,0.28379993,1.01397745,0.38264215,1.02778798,-0.38772833,1.04055599
0.00166015,0.98204415,0.11982592,0.99896581,0.25229679,1.01408640,-0.34843946,1.02787930,-0.53612446,1.04063434
0.00188609,0.98237107,0.13117624,0.99921772,0.28339454,1.01425131,0.34271781,1.02795112,-0.49679851,1.04061083
0.00227468,0.98243456,0.15407758,0.99921293,0.34183311,1.01417065,0.47558759,1.02778970,0.56891256,1.04036478
0.00225909,0.98249706,0.15430517,0.99939274,0.34375775,1.01444906,0.48000466,1.02814476,0.57674446,1.04077419
0.00177916,0.98233392,0.13018846,0.99921578,0.29222015,1.01426919,0.39601329,1.02797050,0.36069579,1.04061171
0.00155774,0.98234780,0.11524213,0.99917352,0.24493291,1.01415598,-0.33901021,1.02777452,-0.52595593,1.04032237
0.00125055,0.98254928,0.09434147,0.99941634,0.15494932,1.01443789,-0.37665374,1.02809337,-0.52183047,1.04067620
0.00153940,0.98242524,0.12190867,0.99934657,0.28645736,1.01444341,0.40980700,1.02820048,0.49760767,1.04091378
0.00171687,0.98267739,0.13101819,0.99958251,0.30312142,1.01465824,0.43063060,1.02839340,0.52211080,1.04108506
0.00171175,0.98264313,0.12836490,0.99955746,0.29416164,1.01464845,0.41350773,1.02840293,0.49312396,1.04111770
0.00206729,0.98277913,0.14933874,0.99978817,0.34051955,1.01496801,0.48281284,1.02879798,0.58713148,1.04157329
0.00203526,0.98270607,0.14951578,0.99975038,0.34333950,1.01494159,0.48806989,1.02876557,0.59382297,1.04152107
0.00181444,0.98267995,0.13895468,0.99976954,0.32193213,1.01502917,0.45707714,1.02894437,0.55315508,1.04181427
0.00136844,0.98263145,0.11145943,0.99964766,0.26193675,1.01482014,0.36128432,1.02864634,-0.27488204,1.04143228
0.00139699,0.98211387,0.11463165,0.99905367,0.27205309,1.01416257,0.38490441,1.02793471,0.44523063,1.04067204
0.00137711,0.98192247,0.10779331,0.99886629,0.23454571,1.01397975,-0.34183537,1.02775454,-0.52491928,1.04048792
0.00136890,0.98222273,0.09914386,0.99922026,-0.14473973,1.01437265,-0.41146231,1.02818157,-0.55880071,1.04095208
0.00127685,0.98212308,0.08644787,0.99912068,-0.23533189,1.01426109,-0.44065382,1.02805185,-0.58172006,1.04080077
0.00119655,0.98224643,0.07714098,0.99931002,-0.25160664,1.01448466,-0.44847116,1.02829298,-0.58708014,1.04105394
0.00129626,0.98206071,0.09422736,0.99909979,-0.17906020,1.01424825,-0.41604648,1.02802614,-0.56543728,1.04075165
0.00126212,0.98211459,0.09974254,0.99917047,0.21404359,1.01429300,-0.35007360,1.02802170,-0.52029889,1.04068313
0.00134833,0.98235719,0.09982568,0.99937942,0.16963624,1.01449024,-0.39594200,1.02822537,-0.55060135,1.04090728
0.00117926,0.98221219,0.06441683,0.99930273,-0.27085516,1.01446330,-0.46161729,1.02823958,-0.59771883,1.04096308
0.00119894,0.98219572,0.08461269,0.99935382,-0.21970188,1.01458950,-0.42635052,1.02844279,-0.57007100,1.04124169
0.00100371,0.98193367,0.03506065,0.99902750,-0.26975671,1.01420357,-0.45224611,1.02799834,-0.58596793,1.04073912
0.00093465,0.98179056,0.03515996,0.99886104,-0.25154843,1.01400682,-0.42270875,1.02776704,-0.54850590,1.04046585
0.00100896,0.98191215,0.04400292,0.99904495,-0.26144147,1.01423852,-0.43949531,1.02802553,-0.56871311,1.04072713
0.00136184,0.98209918,0.10205510,0.99927187,0.20361596,1.01449523,-0.36865710,1.02829848,-0.52510356,1.04100104
0.00173868,0.98215533,0.12503485,0.99927512,0.27216365,1.01444067,0.28475950,1.02818266,-0.51488391,1.04082091
0.00167128,0.98205036,0.12197611,0.99919930,0.25781851,1.01437841,-0.35710107,1.02812407,-0.54998776,1.04075729
0.00184446,0.98231311,0.13222058,0.99944974,0.29167823,1.01463612,0.37562476,1.02840122,-0.48011707,1.04105848
0.00163214,0.98206006,0.12209017,0.99913959,0.26644901,1.01426477,-0.27300376,1.02796249,-0.52734591,1.04054324
0.00161295,0.98214267,0.12532489,0.99927278,0.28738611,1.01447783,0.38974023,1.02827560,-0.39919023,1.04097260
0.00173952,0.98234416,0.13091482,0.99938904,0.29729353,1.01451174,0.40500130,1.02823368,0.39293066,1.04086473
0.00171766,0.98212374,0.13337589,0.99910749,0.31363663,1.01416951,0.45168070,1.02782780,0.55379938,1.04039050
0.00159719,0.98183582,0.11707750,0.99890990,0.25366867,1.01407194,-0.30883025,1.02784415,-0.52199762,1.04053743
0.00158769,0.98205169,0.11779426,0.99910192,0.26368872,1.01424444,0.33436989,1.02799408,-0.46424199,1.04065990
0.00149336,0.98211510,0.11241217,0.99916876,0.24441983,1.01431947,-0.31586742,1.02808260,-0.51427981,1.04076895
0.00162550,0.98211653,0.12525303,0.99908058,0.28827358,1.01413303,0.39680769,1.02778275,0.40952868,1.04034088
0.00155080,0.98215561,0.12253657,0.99912630,0.28705282,1.01418611,0.40784352,1.02784212,0.48825797,1.04040573
0.00194433,0.98197599,0.14471361,0.99899428,0.33257552,1.01413532,0.46984708,1.02788946,0.56482322,1.04055706
0.00180213,0.98198136,0.13787986,0.99899621,0.32314213,1.01410708,0.46308345,1.02781512,0.56334627,1.04042961
0.00187456,0.98205735,0.13979381,0.99902305,0.32277049,1.01408237,0.45739287,1.02772911,0.55022794,1.04026954
0.00246165,0.98220734,0.16338406,0.99923642,0.36212865,1.01435516,0.50422162,1.02806170,0.60339939,1.04066410
0.00216394,0.98230767,0.15060076,0.99939333,0.33995373,1.01457800,0.47852904,1.02835665,0.57695986,1.04103538
0.00206906,0.98231222,0.14668707,0.99938078,0.33442022,1.01455174,0.47475993,1.02831958,0.57723194,1.04098922
0.00212764,0.98250378,0.14980428,0.99961174,0.33976174,1.01484533,0.47932838,1.02869081,0.57854622,1.04144558
0.00218020,0.98236237,0.15017549,0.99949888,0.33608154,1.01476299,0.46860297,1.02864143,0.55840123,1.04143446
0.00206646,0.98247359,0.14264409,0.99956575,0.31811176,1.01478623,0.43859220,1.02862496,0.50645102,1.04138106
0.00207703,0.98255842,0.13783535,0.99958347,0.29604980,1.01472113,0.37104966,1.02846062,-0.49433697,1.04110151
0.00198948,0.98268129,0.13389160,0.99968027,0.28642988,1.01479114,0.32724122,1.02849993,-0.52035688,1.04110358
0.00186828,0.98270276,0.12416062,0.99971335,0.25065512,1.01483222,-0.37344614,1.02855550,-0.55014298,1.04118466
0.00191010,0.98269093,0.12885173,0.99978168,0.27546416,1.01496413,0.29781373,1.02873926,-0.51091001,1.04141176
0.00170718,0.98261780,0.12161714,0.99972006,0.26941541,1.01491891,0.33927704,1.02871465,-0.47496353,1.04141568
0.00151431,0.98243705,0.09916274,0.99953635,-0.21682016,1.01476559,-0.44035142,1.02861336,-0.58523224,1.04137738
0.00128006,0.98233975,0.05637534,0.99940177,-0.28942477,1.01458563,-0.47905028,1.02838730,-0.61195031,1.04110651
0.00114621,0.98245693,-0.05616359,0.99948660,-0.30624825,1.01463648,-0.49177993,1.02840293,-0.62275268,1.04108647
0.00109704,0.98269320,-0.06221419,0.99973379,-0.30544943,1.01489383,-0.48864074,1.02866542,-0.61815324,1.04134587
0.00100156,0.98293885,-0.06812668,0.99986065,-0.30267889,1.01491726,-0.48416068,1.02859404,-0.61401895,1.04118472
0.00121549,0.98281491,0.06662605,0.99965828,-0.26868524,1.01465158,-0.45839573,1.02827284,-0.59262052,1.04081298
0.00100950,0.98276271,-0.06524173,0.99961646,-0.29578725,1.01457889,-0.47327411,1.02813781,-0.60035453,1.04059215
0.00075365,0.98278435,-0.09718025,0.99968564,-0.31725462,1.01469694,-0.48739513,1.02830743,-0.60923341,1.04081542
0.00061685,0.98266675,-0.11072151,0.99955469,-0.33147385,1.01456487,-0.50001093,1.02818160,-0.62053302,1.04069897
0.00072600,0.98279253,-0.09660602,0.99963690,-0.31198476,1.01462051,-0.47816676,1.02823051,-0.59707538,1.04076168
0.00058047,0.98251412,-0.10875930,0.99939313,-0.32402302,1.01441843,-0.48872763,1.02808501,-0.60693630,1.04069240
0.00063055,0.98227573,-0.10794692,0.99922137,-0.32590196,1.01432424,-0.49206272,1.02807291,-0.61084817,1.04076592
0.00065014,0.98213876,-0.11041942,0.99911584,-0.33236779,1.01422917,-0.50056686,1.02797318,-0.62001120,1.04065123
0.00073307,0.98238736,-0.10426215,0.99930771,-0.32684607,1.01435084,-0.49675564,1.02800929,-0.61772914,1.04058588
0.00052855,0.98222632,-0.11768046,0.99907525,-0.34100297,1.01404874,-0.51048824,1.02764740,-0.63128921,1.04017931
0.00068136,0.98222481,-0.10766230,0.99907522,-0.33154301,1.01405458,-0.50255373,1.02765412,-0.62417204,1.04017549
0.00061030,0.98205727,-0.11766694,0.99891805,-0.34502257,1.01390264,-0.51617954,1.02751707,-0.63718289,1.04006789
0.00068565,0.98210409,-0.11320788,0.99895671,-0.34105851,1.01392984,-0.51210774,1.02753080,-0.63212543,1.04006660
0.00094756,0.98203922,-0.08372059,0.99891602,-0.31136060,1.01390993,-0.48528450,1.02751972,-0.60805464,1.04004756
0.00100233,0.98194906,-0.07733232,0.99886917,-0.30891036,1.01388845,-0.48570593,1.02751769,-0.61071358,1.04006349
0.00066997,0.98241026,-0.10932380,0.99932723,-0.33279259,1.01433357,-0.50167927,1.02794418,-0.62056282,1.04046649
0.00066231,0.98257160,-0.10684411,0.99951971,-0.32763725,1.01458146,-0.49572235,1.02827309,-0.61457978,1.04090142
0.00092302,0.98255759,-0.07765830,0.99945193,-0.30305617,1.01445284,-0.47863168,1.02808185,-0.60459018,1.04064559
0.00120042,0.98253905,0.08050545,0.99951059,-0.22568652,1.01458754,-0.42152374,1.02829042,-0.55827428,1.04092689
0.00121244,0.98266636,0.08183738,0.99961331,-0.22776342,1.01470212,-0.42536816,1.02844894,-0.56170171,1.04115813
0.00082576,0.98241968,-0.08544786,0.99927702,-0.30867486,1.01426584,-0.48340395,1.02790993,-0.60830481,1.04051781
0.00072636,0.98266909,-0.09114405,0.99951435,-0.30934428,1.01448488,-0.48043329,1.02809680,-0.60236066,1.04065694
0.00046852,0.98269893,-0.11698949,0.99950979,-0.33929822,1.01445612,-0.50936199,1.02804425,-0.63015995,1.04057793
0.00036212,0.98262387,-0.12520946,0.99939641,-0.34952837,1.01429988,-0.51900157,1.02784889,-0.63868572,1.04035360
0.00031088,0.98290537,-0.12935349,0.99971278,-0.35543086,1.01464386,-0.52553583,1.02820974,-0.64559941,1.04071827
0.00053623,0.98284577,-0.11073015,0.99963340,-0.33280569,1.01451954,-0.50555587,1.02802822,-0.62945735,1.04047684
0.00030473,0.98269590,-0.12809669,0.99951631,-0.35327489,1.01446170,-0.52428397,1.02804955,-0.64626532,1.04059321
0.00023575,0.98261229,-0.12908909,0.99938131,-0.34994588,1.01428951,-0.51660413,1.02784231,-0.63527748,1.04034390
0.00054075,0.98280511,-0.10741222,0.99962098,-0.32733252,1.01453683,-0.49995068,1.02806569,-0.62460276,1.04051635
0.00041597,0.98295684,-0.11710170,0.99978320,-0.33686290,1.01470251,-0.50691171,1.02822773,-0.62954338,1.04066736
0.00032068,0.98291273,-0.12536268,0.99969835,-0.34868528,1.01461794,-0.51935502,1.02817510,-0.64178196,1.04067649
0.00062906,0.98281245,-0.09921077,0.99958722,-0.32083304,1.01447113,-0.49742238,1.02797180,-0.62554179,1.04039862
0.00072990,0.98275784,-0.09246370,0.99954260,-0.31860267,1.01442285,-0.49904974,1.02791551,-0.62946785,1.04033541
0.00099164,0.98276463,0.02394982,0.99962201,-0.28590289,1.01459647,-0.47656736,1.02819374,-0.61273157,1.04071993
0.00094274,0.98272356,-0.05346984,0.99955049,-0.29783701,1.01449731,-0.48811815,1.02806869,-0.62412372,1.04056823
0.00100695,0.98256546,0.02150539,0.99930679,-0.29057001,1.01415569,-0.48338561,1.02762575,-0.62077133,1.04002498
0.00116704,0.98262682,0.08815426,0.99945269,-0.22977180,1.01438960,-0.44913813,1.02794880,-0.59795724,1.04044092
0.00093306,0.98254554,-0.02763494,0.99938996,-0.28495345,1.01435126,-0.47579815,1.02794224,-0.61279873,1.04047217
0.00103955,0.98254756,0.06308490,0.99936215,-0.27199799,1.01427890,-0.46952111,1.02780305,-0.60933113,1.04024148
0.00110207,0.98229489,0.07562157,0.99913987,-0.26048363,1.01408849,-0.46458860,1.02764086,-0.60768619,1.04010251
0.00131514,0.98213411,0.10765228,0.99901714,0.21919694,1.01398950,-0.39710491,1.02755601,-0.56454688,1.04002786
0.00139695,0.98208648,0.11625897,0.99897620,0.26011652,1.01397449,-0.31802599,1.02757980,-0.53745282,1.04009961
0.00156439,0.98215683,0.12588436,0.99905033,0.28172205,1.01405260,0.29803495,1.02766387,-0.53677958,1.04019234
0.00153463,0.98251807,0.12535579,0.99936873,0.28486332,1.01432798,0.35172769,1.02790165,-0.51292473,1.04040062
0.00158405,0.98261605,0.12932875,0.99940250,0.29734138,1.01431703,0.39796978,1.02785957,-0.44593624,1.04033632
0.00170577,0.98264722,0.13517381,0.99946105,0.30861416,1.01439518,0.41819177,1.02795142,0.36605075,1.04043978
0.00185777,0.98280475,0.14402910,0.99962273,0.32831622,1.01456249,0.45419766,1.02812217,0.52554417,1.04060883
0.00177507,0.98278097,0.13946579,0.99958291,0.31852925,1.01451385,0.43761966,1.02807049,0.48912449,1.04055983
0.00188597,0.98288622,0.14532948,0.99967969,0.33041942,1.01461843,0.45650305,1.02820492,0.52839557,1.04074708
0.00175667,0.98304222,0.13925820,0.99979417,0.31763412,1.01470227,0.43367740,1.02827079,0.46511698,1.04080710
0.00188386,0.98345157,0.14540616,1.00017733,0.33168437,1.01505182,0.46049552,1.02858191,0.53827262,1.04107660
0.00183770,0.98338636,0.14137903,1.00006689,0.32292089,1.01491008,0.44781509,1.02841453,0.51846863,1.04088172
0.00169756,0.98329242,0.13395758,0.99996422,0.30618497,1.01477750,0.41567228,1.02823094,0.37380348,1.04062495
0.00173051,0.98331885,0.13402911,1.00001565,0.30210605,1.01484213,0.39786725,1.02829232,-0.46976466,1.04066418
0.00179086,0.98327745,0.13977193,1.00002329,0.32039606,1.01489332,0.44475945,1.02837539,0.51627545,1.04076357
0.00195545,0.98305917,0.15108346,0.99978626,0.34660269,1.01464966,0.48710500,1.02814093,0.58433233,1.04055916
0.00211672,0.98292352,0.15817317,0.99964352,0.35892844,1.01448080,0.50197808,1.02793182,0.60039118,1.04030085
0.00206236,0.98271178,0.15337896,0.99942778,0.34805715,1.01425083,0.48579519,1.02768123,0.57783521,1.04002404
0.00203727,0.98289001,0.15031878,0.99954516,0.33878566,1.01432860,0.46821527,1.02773057,0.54651213,1.04004882
0.00180330,0.98279304,0.13770237,0.99954062,0.31295214,1.01441238,0.42799121,1.02789579,0.46295062,1.04028590
0.00163671,0.98249391,0.13031649,0.99918080,0.30069816,1.01400687,0.40937800,1.02745144,-0.27951781,1.03980561
0.00177569,0.98276696,0.13859473,0.99947821,0.31922934,1.01434904,0.44510342,1.02785886,0.51984070,1.04030003
0.00197187,0.98287345,0.14639102,0.99954929,0.33171194,1.01437301,0.46039807,1.02782532,0.54058062,1.04020032
0.00210325,0.98290862,0.15495903,0.99958752,0.35156323,1.01441935,0.49217636,1.02788247,0.58932875,1.04027466
0.00207244,0.98320449,0.15403158,0.99990265,0.34816317,1.01474499,0.48414285,1.02821075,0.57411010,1.04059902
0.00181615,0.98332718,0.14005607,1.00001117,0.31855286,1.01484334,0.43513846,1.02830195,0.46964120,1.04068364
0.00203490,0.98322881,0.14942177,0.99994892,0.33575558,1.01481947,0.46239932,1.02832333,0.53562830,1.04075964
0.00196829,0.98298970,0.14387809,0.99967450,0.31931661,1.01447756,0.42351607,1.02788852,-0.43258372,1.04021116
0.00216961,0.98297441,0.15222320,0.99974280,0.33434215,1.01464107,0.44728360,1.02815711,0.45651602,1.04059431
0.00243178,0.98311713,0.16315663,0.99988546,0.35791984,1.01478071,0.48969213,1.02828578,0.57135106,1.04070141
0.00238877,0.98311115,0.16254855,0.99988396,0.35740034,1.01477799,0.48884736,1.02827787,0.56947135,1.04068610
0.00267533,0.98283043,0.17564641,0.99960839,0.38252095,1.01448319,0.52456047,1.02795418,0.62021259,1.04032924
0.00269092,0.98264504,0.17581271,0.99939833,0.38345064,1.01425210,0.52698530,1.02770467,0.62467523,1.04005753
0.00255721,0.98286278,0.17124780,0.99961793,0.37593121,1.01449491,0.51775376,1.02798155,0.61422502,1.04037446
0.00253935,0.98290882,0.17021685,0.99970371,0.37463160,1.01460583,0.51689546,1.02811170,0.61397435,1.04052433
0.00271276,0.98301700,0.17589744,0.99980482,0.38434165,1.01470285,0.52961317,1.02820016,0.62975640,1.04059592
0.00262983,0.98297090,0.17192566,0.99973419,0.37663795,1.01459879,0.51966654,1.02805996,0.61819127,1.04041795
0.00247653,0.98304465,0.16575099,0.99981924,0.36485917,1.01468197,0.50320429,1.02812321,0.59631185,1.04044094
0.00242738,0.98345407,0.16362101,1.00027931,0.36175743,1.01519650,0.50060872,1.02869559,0.59522560,1.04107481
0.00223173,0.98347196,0.15645520,1.00033045,0.35139462,1.01527946,0.49098162,1.02881890,0.58866370,1.04125105
0.00262862,0.98316754,0.17047192,1.00004082,0.37342162,1.01502336,0.51645574,1.02860757,0.61683447,1.04108933
0.00272598,0.98313027,0.17305303,1.00001812,0.37647051,1.01501917,0.51834841,1.02862214,0.61649769,1.04112221
0.00263709,0.98312668,0.16819095,1.00007703,0.36732905,1.01511916,0.50672309,1.02874647,0.60249584,1.04125708
0.00258800,0.98320318,0.16609965,1.00014249,0.36317851,1.01516122,0.50116618,1.02875674,0.59592250,1.04122991
0.00290744,0.98297034,0.17890864,0.99989717,0.38655154,1.01493284,0.53147635,1.02857470,0.63230380,1.04112732
0.00291639,0.98310737,0.17963178,1.00006061,0.38748978,1.01514362,0.53124927,1.02884722,0.62947869,1.04147237
0.00302721,0.98328284,0.18250453,1.00020416,0.39121283,1.01525321,0.53519233,1.02891915,0.63397545,1.04149969
0.00291983,0.98311081,0.17851536,1.00003841,0.38547619,1.01509156,0.52991825,1.02875869,0.63010649,1.04133391
0.00307867,0.98304658,0.18368020,0.99997667,0.39375512,1.01503726,0.53934715,1.02871417,0.63980893,1.04129971
0.00289097,0.98333364,0.17844302,1.00026734,0.38651897,1.01534275,0.53186011,1.02904469,0.63223204,1.04166522
0.00270185,0.98329555,0.17248599,1.00019314,0.37795374,1.01525709,0.52319097,1.02896557,0.62416881,1.04160330
0.00248158,0.98353003,0.16492747,1.00041748,0.36687340,1.01546610,0.51157413,1.02916048,0.61247833,1.04178828
0.00239881,0.98376236,0.16336521,1.00071683,0.36558471,1.01582200,0.51024416,1.02957922,0.60952694,1.04228659
0.00245749,0.98387537,0.16694858,1.00084416,0.37458955,1.01596221,0.52482200,1.02973297,0.63044307,1.04245327
0.00244431,0.98384394,0.16698323,1.00086243,0.37453763,1.01601509,0.52473628,1.02981110,0.63090904,1.04254935
0.00235742,0.98391788,0.16129145,1.00095458,0.36319083,1.01613464,0.51063339,1.02996425,0.61551692,1.04273865
0.00245039,0.98367466,0.16239787,1.00067373,0.35961700,1.01580567,0.50011092,1.02958234,0.59775757,1.04230203
0.00241896,0.98372490,0.16157980,1.00075582,0.35865752,1.01592194,0.49950082,1.02973161,0.59790034,1.04248304
0.00224072,0.98333567,0.15248777,1.00034716,0.34093782,1.01547021,0.47681532,1.02921910,0.57189839,1.04189404
0.00231380,0.98352684,0.15560337,1.00054621,0.34760651,1.01565404,0.48758019,1.02937628,0.58822754,1.04201919
0.00228533,0.98343834,0.15863323,1.00045423,0.35722582,1.01555414,0.50178486,1.02926054,0.60451138,1.04187830
0.00239978,0.98320759,0.16517835,1.00024715,0.37058558,1.01537727,0.51922407,1.02912124,0.62434104,1.04178595
0.00258523,0.98299325,0.17076187,1.00002163,0.37857742,1.01516116,0.52803458,1.02892492,0.63375616,1.04161311
0.00214736,0.98311997,0.15501471,1.00015076,0.35493021,1.01527596,0.50330780,1.02902121,0.61010428,1.04169503
0.00231961,0.98328244,0.16203237,1.00034736,0.36520682,1.01551359,0.51268256,1.02930316,0.61707945,1.04202500
0.00218716,0.98340428,0.15789138,1.00050811,0.35940090,1.01572226,0.50690380,1.02957528,0.61202597,1.04237847
0.00203017,0.98345936,0.15384829,1.00056489,0.35763665,1.01576216,0.51123738,1.02958772,0.62358042,1.04235681
0.00203800,0.98332264,0.15404465,1.00040013,0.35840628,1.01556183,0.51273004,1.02934630,0.62541604,1.04207055
0.00197985,0.98332156,0.14999720,1.00037286,0.35090869,1.01549698,0.50452337,1.02923726,0.61779153,1.04191200
0.00214597,0.98326687,0.15705832,1.00031059,0.35965255,1.01541014,0.50947364,1.02911639,0.61745140,1.04175263
0.00227290,0.98328123,0.16486603,1.00027921,0.37713972,1.01534730,0.53342457,1.02903523,0.64507030,1.04166716
0.00215499,0.98331700,0.16110508,1.00029307,0.37288532,1.01534278,0.53038244,1.02901861,0.64331409,1.04164394
0.00196150,0.98321659,0.15455238,1.00021393,0.36524407,1.01528464,0.52459824,1.02898148,0.63966526,1.04162801
0.00188828,0.98351507,0.15250819,1.00047885,0.36246182,1.01551850,0.52184318,1.02918473,0.63706735,1.04179927
0.00181811,0.98342085,0.15112281,1.00032787,0.36228923,1.01530017,0.52294369,1.02889591,0.63872880,1.04143573
0.00197949,0.98336308,0.15778298,1.00022182,0.37173507,1.01513822,0.53213114,1.02867442,0.64713013,1.04115355
0.00204946,0.98329694,0.16047747,1.00019799,0.37459811,1.01514879,0.53320744,1.02871063,0.64597683,1.04120971
0.00198410,0.98338482,0.15705542,1.00031466,0.36793296,1.01529224,0.52475910,1.02886609,0.63648060,1.04135267
0.00203218,0.98343297,0.16074146,1.00040684,0.37497254,1.01541834,0.53319906,1.02901162,0.64544844,1.04149889
0.00206880,0.98333353,0.16352175,1.00030290,0.38043901,1.01531532,0.53982550,1.02890915,0.65257191,1.04139543
0.00200967,0.98369220,0.16035402,1.00070458,0.37249917,1.01576183,0.52725849,1.02940246,0.63582779,1.04193698
0.00224710,0.98389731,0.16783426,1.00093796,0.38261349,1.01602479,0.53806026,1.02970169,0.64743693,1.04228451
0.00192424,0.98355666,0.15334617,1.00052345,0.35956444,1.01555520,0.51328200,1.02919283,0.62303451,1.04175066
0.00198228,0.98345150,0.15547199,1.00037623,0.36203546,1.01537649,0.51537012,1.02898796,0.62500018,1.04152524
0.00177029,0.98353329,0.14667335,1.00048167,0.34908392,1.01550408,0.50248253,1.02913468,0.61308389,1.04168903
0.00164805,0.98339878,0.14277078,1.00034042,0.34475699,1.01536680,0.49959954,1.02900101,0.61235640,1.04155279
0.00181629,0.98354434,0.14772583,1.00046475,0.34870428,1.01545485,0.50039679,1.02904123,0.61073838,1.04153621
0.00169073,0.98375167,0.14460600,1.00074787,0.34594498,1.01578594,0.49821152,1.02939220,0.60822433,1.04187961
0.00152386,0.98335106,0.13863264,1.00032818,0.34124086,1.01536158,0.49826149,1.02897775,0.61295140,1.04148918
0.00170939,0.98335412,0.14772019,1.00032786,0.35304987,1.01536494,0.50711245,1.02899905,0.61782541,1.04154222
0.00181848,0.98323196,0.14940824,1.00023372,0.35226933,1.01530595,0.50400612,1.02897866,0.61346704,1.04156022
0.00200968,0.98301328,0.15704205,1.00000067,0.36441787,1.01506175,0.51727429,1.02872074,0.62634665,1.04128358
0.00206218,0.98309923,0.15971011,1.00010398,0.36891005,1.01517961,0.52284228,1.02884298,0.63301674,1.04139649
0.00197226,0.98322640,0.15549572,1.00027618,0.36058604,1.01537745,0.51178409,1.02905871,0.61999924,1.04162691
0.00201385,0.98309041,0.15605873,1.00014750,0.35924067,1.01527792,0.50825100,1.02902375,0.61519831,1.04169444
0.00192855,0.98318356,0.14985543,1.00021447,0.34612032,1.01529621,0.49131572,1.02897526,0.59695173,1.04156459
0.00221696,0.98303148,0.16181047,1.00006981,0.36635950,1.01514998,0.51541799,1.02882193,0.62266555,1.04140146
0.00221319,0.98308301,0.16063547,1.00021559,0.36472806,1.01537497,0.51486636,1.02912056,0.62382622,1.04177365
0.00238463,0.98317975,0.16539229,1.00034599,0.37018635,1.01554259,0.51910394,1.02933016,0.62692270,1.04203159
0.00278738,0.98312385,0.17962451,1.00036303,0.39268934,1.01561264,0.54372303,1.02943498,0.65056533,1.04215414
0.00257070,0.98314464,0.17471742,1.00034559,0.38767718,1.01557000,0.54045352,1.02937849,0.64893729,1.04209103
0.00249270,0.98302363,0.17373829,1.00014298,0.38743787,1.01527249,0.54089736,1.02897934,0.64969596,1.04158870
0.00238875,0.98301475,0.16982415,1.00014514,0.38177818,1.01529066,0.53570240,1.02901820,0.64560288,1.04165299
0.00219822,0.98295642,0.15979809,1.00011129,0.36150036,1.01528981,0.50840861,1.02905567,0.61318621,1.04173164
0.00232662,0.98275896,0.16541641,0.99998479,0.37226619,1.01523529,0.52265475,1.02908017,0.63019856,1.04184135
0.00230656,0.98324598,0.16556012,1.00048125,0.37357351,1.01573054,0.52454133,1.02957152,0.63197114,1.04232565
0.00239261,0.98328350,0.16715983,1.00046567,0.37377739,1.01566523,0.52234795,1.02945929,0.62751329,1.04217119
0.00203816,0.98304452,0.15334857,1.00012526,0.35267421,1.01525554,0.50044252,1.02900042,0.60740421,1.04167670
0.00232112,0.98294773,0.16278999,1.00004886,0.36492091,1.01519468,0.51127527,1.02895238,0.61615323,1.04164383
0.00259358,0.98255828,0.16852319,0.99961983,0.36892486,1.01471037,0.51149416,1.02839575,0.61344374,1.04099608
0.00221725,0.98241966,0.15643099,0.99949783,0.35091425,1.01460418,0.49156699,1.02830482,0.59242457,1.04091788
0.00223291,0.98258291,0.15454375,0.99970434,0.34486486,1.01487458,0.48198249,1.02865698,0.57964983,1.04136761
0.00217874,0.98245077,0.15305565,0.99955060,0.34193727,1.01469880,0.47674953,1.02845531,0.57054897,1.04113579
0.00213794,0.98226401,0.14741911,0.99937303,0.32543787,1.01452450,0.44644737,1.02828244,0.51808991,1.04096437
0.00204184,0.98252194,0.14397931,0.99969702,0.32160028,1.01492754,0.44417333,1.02878178,0.51610896,1.04158349
0.00189108,0.98278922,0.13662538,0.99999780,0.30313806,1.01527624,0.40176402,1.02918708,-0.44472285,1.04204865
0.00195938,0.98274983,0.14042819,0.99997123,0.31619872,1.01526581,0.43736246,1.02919547,0.50420904,1.04207496
0.00181554,0.98263095,0.13149544,0.99983871,0.29678060,1.01510521,0.40464851,1.02899730,0.40175222,1.04183235
0.00172554,0.98247961,0.12629301,0.99965620,0.28343686,1.01487870,0.37448330,1.02871868,-0.45417565,1.04149578
0.00166969,0.98285541,0.12606775,1.00005665,0.29010840,1.01527178,0.40510225,1.02907192,0.46445851,1.04177434
0.00164306,0.98237058,0.12816677,0.99954154,0.30327314,1.01473556,0.43875918,1.02852327,0.53976907,1.04122204
0.00153750,0.98216265,0.12283918,0.99927920,0.29405352,1.01442162,0.42944421,1.02815485,0.53322044,1.04079452
0.00141848,0.98199432,0.11488599,0.99908707,0.27822999,1.01421054,0.40952712,1.02793868,0.51003909,1.04059149
0.00133785,0.98203487,0.11029621,0.99908111,0.26613904,1.01417547,0.38487137,1.02787817,0.46005440,1.04050346
0.00145729,0.98204365,0.11989897,0.99912864,0.28617213,1.01426224,0.40855883,1.02800728,0.48144659,1.04067929
0.00127682,0.98217819,0.10781066,0.99923311,0.26336157,1.01435815,0.38577555,1.02810883,0.47644387,1.04079438
0.00110159,0.98201611,0.09068705,0.99904864,0.20916522,1.01414480,-0.23795423,1.02786208,-0.43954775,1.04050927
0.00090604,0.98199068,0.06795160,0.99894202,-0.17452483,1.01395654,-0.35252703,1.02759982,-0.47669830,1.04018975
0.00106613,0.98174808,0.09252526,0.99865594,0.23211620,1.01362610,0.34823938,1.02721984,0.44146957,1.03975385
0.00127813,0.98193494,0.11017247,0.99892011,0.27042376,1.01394701,0.39146085,1.02758389,0.46155855,1.04015409
0.00121847,0.98165420,0.10357267,0.99864541,0.25243947,1.01369001,0.36095228,1.02735527,0.37890129,1.03996552
0.00107099,0.98147235,0.08506447,0.99839495,-0.05935304,1.01337213,-0.37649738,1.02697475,-0.52639752,1.03952662
0.00098873,0.98139516,0.08552885,0.99834641,0.20188713,1.01337410,-0.26545385,1.02704094,-0.45830195,1.03966762
0.00118649,0.98141241,0.11391758,0.99836172,0.29463026,1.01339354,0.44495966,1.02706979,0.56037729,1.03971090
0.00122375,0.98141885,0.11273122,0.99835038,0.28673200,1.01335549,0.42928649,1.02698466,0.53730204,1.03955345
0.00135209,0.98153730,0.11740759,0.99848097,0.28606236,1.01351594,0.41731729,1.02719695,0.51488742,1.03984298
0.00137805,0.98168826,0.11995253,0.99860748,0.29624604,1.01361181,0.43835671,1.02724563,0.54729210,1.03982520
0.00140225,0.98151889,0.11668379,0.99846107,0.28294785,1.01348064,0.41637499,1.02713780,0.52273278,1.03975612
0.00149876,0.98163837,0.12139309,0.99854220,0.29122428,1.01351241,0.42326821,1.02711114,0.52153779,1.03966187
0.00140816,0.98190936,0.12112225,0.99888576,0.30340373,1.01392532,0.45367171,1.02759563,0.56860300,1.04022345
0.00158763,0.98174233,0.13418638,0.99867962,0.32675031,1.01368371,0.47750500,1.02731807,0.58861557,1.03990446
0.00172255,0.98162963,0.14032811,0.99857711,0.33407434,1.01355279,0.48130367,1.02712549,0.58740177,1.03961935
0.00163212,0.98165951,0.13166644,0.99860615,0.31075363,1.01358821,0.44187327,1.02716611,0.52639686,1.03965923
0.00161607,0.98192735,0.12821361,0.99893087,0.30067852,1.01395398,0.42215343,1.02756180,0.47843675,1.04007823
0.00158152,0.98160997,0.12774825,0.99867529,0.30295584,1.01375146,0.43097771,1.02739819,0.50918685,1.03993777
0.00170471,0.98150696,0.13558697,0.99853521,0.32213310,1.01356961,0.46444747,1.02717816,0.56707131,1.03968526
0.00156887,0.98181919,0.12918817,0.99885167,0.31184175,1.01389682,0.45374422,1.02751633,0.55740893,1.04003079
0.00159156,0.98194783,0.13112864,0.99905861,0.31714130,1.01416760,0.46185995,1.02784794,0.56722919,1.04042496
0.00171375,0.98190043,0.13278750,0.99897847,0.31105446,1.01404712,0.44311440,1.02768296,0.53248723,1.04021247
0.00191004,0.98195907,0.14174296,0.99904054,0.32604901,1.01413864,0.46123468,1.02781927,0.55528422,1.04040576
0.00182599,0.98185419,0.13609566,0.99890174,0.30994771,1.01396336,0.42917789,1.02760248,0.48848292,1.04014395
0.00208558,0.98179312,0.14969539,0.99887966,0.33896112,1.01397735,0.47527459,1.02764336,0.56903215,1.04019860
0.00220552,0.98191729,0.15506613,0.99908558,0.34739537,1.01425585,0.48319294,1.02799354,0.57341405,1.04062233
0.00223374,0.98176818,0.15757859,0.99896465,0.35521210,1.01414336,0.49791096,1.02787133,0.59751360,1.04047146
0.00209713,0.98175788,0.14832396,0.99898047,0.33329814,1.01416293,0.46124156,1.02787969,0.53592706,1.04045863
0.00213143,0.98202132,0.14712038,0.99930266,0.32583775,1.01453283,0.44085669,1.02828771,0.46208082,1.04089723
0.00244177,0.98202233,0.15982295,0.99926351,0.34939114,1.01448846,0.47602913,1.02826478,0.54546690,1.04091715
0.00234282,0.98189668,0.15444972,0.99919606,0.33764434,1.01448460,0.45680418,1.02832813,0.50423756,1.04105425
0.00241866,0.98197493,0.15401103,0.99926478,0.33179473,1.01453191,0.44136439,1.02834391,0.42630016,1.04103001
0.00231329,0.98225777,0.15425119,0.99955798,0.33873288,1.01484288,0.46081079,1.02867556,0.51807369,1.04138144
0.00219989,0.98197646,0.14796178,0.99925999,0.32255848,1.01453268,0.42592008,1.02835258,-0.44035480,1.04103976
0.00222181,0.98229029,0.14718635,0.99967447,0.31854068,1.01507417,0.41686859,1.02904574,-0.46118454,1.04190822
0.00217400,0.98245094,0.14505889,0.99990428,0.31188104,1.01535990,0.39394757,1.02938254,-0.51060488,1.04229381
0.00236654,0.98243255,0.15591857,0.99984948,0.34097435,1.01527117,0.46460717,1.02925814,0.53211728,1.04213581
0.00245494,0.98261609,0.15909303,1.00000062,0.34667448,1.01540060,0.47219728,1.02936802,0.54278345,1.04222468
0.00191385,0.98240210,0.14092365,0.99975571,0.32044335,1.01512551,0.44324284,1.02906964,0.50386115,1.04190991
0.00178345,0.98223338,0.13692683,0.99954754,0.31795795,1.01488659,0.44772262,1.02881114,0.52723720,1.04164401
0.00184938,0.98251733,0.13655175,0.99978964,0.31047113,1.01509535,0.42693229,1.02899304,0.46725955,1.04180098
0.00207225,0.98240985,0.14553749,0.99970021,0.32581028,1.01501466,0.44859351,1.02890779,0.51515109,1.04169666
0.00229159,0.98250957,0.15225345,0.99980296,0.33591062,1.01512745,0.46230897,1.02903945,0.54081063,1.04185713
0.00220161,0.98233640,0.14868193,0.99963983,0.32759600,1.01496541,0.44571907,1.02887400,0.50010797,1.04168425
0.00190397,0.98200991,0.13359296,0.99928353,0.29587966,1.01456530,0.38925548,1.02841825,-0.46120996,1.04116235
0.00218441,0.98191052,0.14794478,0.99918046,0.32820159,1.01444696,0.45347274,1.02827608,0.53399701,1.04098985
0.00214014,0.98183889,0.14968609,0.99906281,0.33488086,1.01430361,0.46572551,1.02812344,0.55414899,1.04084370
0.00215728,0.98204794,0.15209923,0.99926466,0.34310401,1.01450428,0.48117442,1.02833209,0.57804637,1.04107084
0.00227564,0.98212990,0.15777290,0.99938037,0.35528522,1.01467433,0.49944582,1.02857849,0.60284188,1.04141337
0.00224532,0.98219050,0.15603338,0.99940495,0.35108653,1.01464824,0.49308080,1.02848876,0.59505932,1.04124907
0.00235760,0.98205926,0.15738125,0.99933578,0.34809073,1.01462370,0.48397739,1.02849561,0.58017661,1.04127409
0.00246831,0.98231960,0.16264579,0.99960412,0.35754668,1.01490078,0.49539116,1.02878213,0.59227264,1.04157293
0.00243300,0.98230105,0.16080615,0.99962667,0.35553974,1.01494399,0.49518943,1.02882684,0.59523222,1.04160049
0.00239268,0.98240963,0.15994337,0.99971083,0.35409278,1.01502052,0.49224380,1.02889872,0.58914189,1.04166046
0.00263840,0.98247121,0.16925515,0.99973904,0.37033975,1.01503628,0.51271630,1.02891752,0.61286069,1.04169430
0.00282371,0.98263675,0.17528658,0.99982428,0.37919908,1.01502554,0.52176592,1.02880963,0.62105529,1.04149320
0.00283283,0.98282840,0.17264214,0.99994297,0.37212257,1.01508215,0.51170063,1.02881080,0.60943461,1.04144443
0.00273513,0.98289419,0.16819951,1.00002175,0.36294862,1.01519823,0.49831441,1.02897849,0.59148855,1.04167260
0.00282018,0.98280316,0.17335421,0.99988086,0.37509769,1.01501834,0.51662171,1.02878508,0.61536148,1.04149415
0.00281376,0.98263718,0.17229826,0.99965504,0.37199269,1.01475568,0.51142094,1.02850286,0.60762430,1.04120559
0.00284067,0.98295793,0.17605122,0.99994950,0.38094923,1.01501605,0.52437411,1.02872410,0.62377047,1.04138158
0.00264845,0.98313015,0.17092794,1.00016451,0.37459239,1.01528823,0.51950134,1.02907168,0.62168135,1.04182446
0.00260561,0.98319700,0.16914791,1.00027121,0.37165521,1.01542069,0.51609977,1.02922144,0.61793878,1.04198765
0.00277374,0.98338235,0.17562707,1.00046046,0.38247556,1.01559935,0.52863560,1.02937811,0.63115189,1.04211271
0.00273337,0.98335478,0.17315145,1.00037504,0.37717295,1.01544476,0.52156815,1.02914652,0.62296501,1.04180056
0.00276950,0.98346937,0.17521143,1.00037469,0.38165640,1.01532264,0.52816216,1.02890008,0.63176487,1.04142751
0.00270723,0.98325217,0.17077697,1.00018498,0.37269781,1.01514596,0.51709922,1.02872786,0.61999658,1.04125377
0.00234393,0.98294381,0.15668049,0.99988473,0.34698604,1.01485469,0.48314056,1.02844923,0.57790352,1.04099148
0.00238843,0.98305982,0.16114999,1.00003651,0.35803333,1.01502945,0.49916636,1.02863427,0.59820155,1.04117337
0.00236249,0.98291790,0.16057692,0.99988815,0.35696748,1.01486360,0.49590017,1.02843859,0.58973624,1.04093559
0.00218479,0.98284440,0.14958200,0.99976451,0.33137475,1.01469380,0.45491117,1.02822551,0.52410306,1.04068258
0.00208052,0.98278039,0.14385853,0.99964521,0.31890221,1.01452701,0.43711931,1.02800590,0.50041898,1.04039950
0.00230053,0.98252014,0.15420701,0.99941776,0.34126505,1.01431683,0.47341937,1.02779393,0.56317113,1.04016469
0.00215300,0.98203640,0.14781672,0.99901077,0.33015221,1.01398864,0.45876814,1.02755612,0.54191218,1.04003377
0.00243005,0.98221283,0.16130168,0.99919342,0.35910424,1.01418700,0.50209946,1.02778034,0.60341459,1.04028994
0.00230734,0.98213756,0.15596098,0.99912718,0.34800312,1.01413400,0.48518643,1.02775263,0.57972441,1.04030167
0.00249629,0.98214925,0.16605381,0.99914483,0.36797151,1.01416638,0.51190033,1.02781067,0.61237344,1.04040054
0.00228388,0.98215289,0.15910622,0.99914086,0.35759129,1.01414793,0.49989930,1.02776517,0.59806882,1.04031247
0.00195546,0.98214772,0.14683190,0.99912479,0.33896626,1.01414689,0.48062559,1.02779390,0.58004203,1.04038294
0.00196105,0.98228387,0.14777627,0.99937816,0.34216789,1.01447932,0.48635519,1.02816973,0.58850906,1.04076773
0.00206265,0.98241767,0.15485730,0.99954000,0.35871905,1.01466428,0.51083643,1.02837841,0.61981036,1.04100497
0.00217441,0.98259821,0.15967366,0.99965303,0.36585569,1.01471035,0.51769277,1.02835741,0.62563030,1.04091840
0.00233051,0.98233497,0.16439730,0.99937316,0.37242422,1.01439760,0.52530263,1.02799869,0.63486284,1.04050402
0.00201723,0.98227811,0.15108641,0.99931912,0.34986789,1.01433116,0.49904518,1.02790963,0.60702870,1.04038970
0.00221854,0.98226276,0.15826652,0.99933722,0.35920798,1.01438954,0.50628671,1.02801031,0.61060707,1.04053147
0.00231813,0.98208432,0.16228172,0.99910400,0.36608036,1.01408647,0.51487504,1.02762843,0.62089288,1.04006456
0.00233607,0.98206800,0.16077739,0.99908566,0.36203465,1.01406928,0.50953283,1.02760842,0.61540940,1.04003352
0.00250911,0.98213253,0.16683004,0.99919612,0.37040483,1.01422924,0.51638524,1.02781149,0.61897043,1.04027061
0.00257692,0.98226009,0.17078761,0.99928302,0.37862867,1.01428291,0.52700249,1.02783944,0.63074512,1.04027778
0.00231363,0.98252518,0.16021819,0.99953755,0.36046611,1.01453386,0.50475749,1.02809653,0.60495032,1.04055019
0.00222927,0.98235756,0.15519926,0.99940949,0.34936122,1.01444300,0.48855404,1.02803910,0.58336770,1.04052184
0.00212890,0.98227846,0.15137236,0.99936200,0.34521533,1.01443569,0.48755795,1.02807727,0.58749435,1.04060568
0.00201937,0.98215652,0.14641918,0.99920395,0.33657027,1.01424009,0.47684992,1.02783977,0.57469107,1.04032017
0.00209505,0.98222537,0.14823392,0.99925522,0.33714277,1.01427500,0.47400130,1.02785697,0.56673573,1.04031966
0.00174814,0.98198077,0.13176318,0.99905019,0.30945539,1.01409875,0.44356730,1.02769997,0.53638190,1.04017168
0.00182748,0.98183610,0.13703862,0.99890871,0.32235971,1.01397932,0.46427497,1.02761915,0.56666704,1.04014370
0.00214788,0.98199334,0.14941350,0.99907765,0.33946846,1.01416309,0.47969874,1.02782413,0.57959990,1.04037608
0.00241232,0.98216902,0.15797786,0.99933772,0.34932280,1.01449548,0.48343537,1.02822306,0.57091330,1.04084095
0.00244169,0.98229729,0.15736753,0.99945700,0.34571631,1.01461942,0.47657854,1.02836038,0.56043693,1.04099828
0.00232496,0.98233645,0.15136246,0.99945498,0.33210243,1.01457849,0.45411593,1.02828395,0.52058748,1.04089034
0.00206491,0.98245358,0.14164825,0.99957872,0.31463180,1.01473204,0.42705750,1.02848909,0.44999289,1.04116667
0.00217678,0.98232719,0.14456636,0.99946393,0.31744093,1.01459974,0.42897805,1.02832002,0.45617008,1.04094524
0.00235713,0.98246454,0.15341923,0.99966320,0.33711259,1.01486256,0.46098139,1.02865616,0.52796018,1.04137059
0.00264021,0.98243472,0.16226678,0.99965370,0.35023405,1.01486819,0.47503368,1.02867237,0.54347976,1.04139145
0.00262107,0.98257181,0.16244751,0.99975984,0.35196370,1.01492672,0.47984486,1.02867178,0.55602748,1.04132286
0.00250403,0.98224618,0.15488331,0.99949656,0.33377233,1.01472769,0.44785670,1.02853822,0.48390810,1.04125562
0.00248343,0.98228131,0.15492809,0.99957482,0.33466796,1.01485508,0.45130721,1.02872159,0.50157462,1.04150266
0.00261569,0.98215761,0.16236954,0.99943871,0.35212479,1.01471481,0.48182212,1.02857956,0.56445058,1.04136048
0.00261689,0.98223740,0.16287300,0.99956414,0.35499685,1.01489143,0.48925815,1.02881372,0.57987599,1.04166142
0.00245986,0.98214181,0.15785035,0.99950623,0.35000368,1.01486500,0.48889151,1.02881246,0.58690143,1.04168016
0.00242384,0.98200143,0.16006601,0.99941060,0.35937574,1.01483177,0.50586349,1.02884797,0.61050510,1.04178338
0.00230505,0.98210975,0.15194654,0.99950694,0.34141678,1.01492743,0.48266326,1.02895524,0.58654871,1.04191641
0.00219156,0.98242178,0.14378439,0.99981549,0.32031139,1.01525089,0.44691649,1.02930483,0.53107783,1.04230299
0.00218999,0.98234901,0.14187316,0.99973838,0.31239074,1.01518221,0.42929802,1.02925106,0.49543660,1.04226654
0.00231204,0.98252466,0.14980979,0.99984578,0.33317331,1.01519821,0.46717683,1.02915640,0.56320470,1.04204285
0.00247835,0.98218583,0.15614373,0.99953120,0.34374861,1.01488859,0.47969858,1.02884181,0.57724948,1.04171835
0.00242989,0.98206976,0.15359061,0.99940143,0.33543800,1.01476062,0.46167741,1.02872208,0.54318228,1.04161146
0.00240581,0.98185155,0.15013252,0.99918340,0.32480920,1.01451163,0.44175405,1.02841174,0.50728388,1.04120972
0.00255876,0.98191044,0.15381612,0.99927702,0.33027468,1.01464253,0.45091206,1.02857710,0.52865551,1.04140526
0.00250401,0.98156876,0.15053563,0.99894252,0.32591540,1.01432138,0.45260367,1.02826502,0.54683983,1.04109445
0.00261037,0.98136850,0.15943650,0.99877997,0.35059762,1.01418574,0.49313156,1.02814836,0.59973880,1.04098668
0.00235622,0.98119889,0.14769055,0.99856848,0.32604415,1.01393180,0.45729012,1.02785403,0.55199935,1.04065845
0.00232161,0.98147451,0.14599610,0.99892369,0.32257452,1.01434898,0.45256547,1.02832140,0.54670708,1.04116498
0.00240783,0.98174463,0.14946505,0.99923054,0.32860837,1.01469727,0.46099621,1.02871368,0.55957273,1.04160312
0.00235118,0.98195661,0.14884545,0.99939191,0.32795438,1.01480515,0.45686703,1.02876109,0.54617356,1.04158381
0.00209888,0.98167184,0.13484842,0.99911355,0.29352696,1.01454406,0.39530670,1.02852199,0.40826269,1.04136943
0.00179830,0.98183194,0.12213979,0.99919895,0.27760552,1.01453365,0.39907941,1.02839679,0.49626627,1.04111411
0.00175088,0.98171970,0.11742656,0.99908285,0.25904457,1.01441971,0.35267128,1.02828631,0.39324720,1.04100356
0.00182026,0.98196354,0.12358732,0.99926630,0.27895046,1.01454804,0.39326641,1.02837154,0.47258307,1.04106034
0.00174358,0.98207611,0.12411688,0.99938128,0.28846505,1.01465577,0.41774502,1.02845941,0.51657166,1.04111317
0.00201036,0.98188146,0.13995211,0.99915341,0.32340458,1.01441686,0.46617903,1.02822204,0.57435506,1.04088522
0.00162801,0.98216905,0.11381535,0.99938716,0.25767761,1.01460940,0.36044517,1.02838662,0.41942410,1.04103424
0.00166338,0.98215046,0.11236229,0.99935164,0.23918624,1.01455784,-0.28509440,1.02832280,-0.48939641,1.04096495
0.00138807,0.98224293,0.08113046,0.99935644,-0.25011208,1.01446082,-0.44163398,1.02811906,-0.57509124,1.04065438
0.00124978,0.98224176,0.04617444,0.99928476,-0.28335836,1.01433209,-0.46637920,1.02794124,-0.59629171,1.04043295
0.00129808,0.98208347,0.05373597,0.99915607,-0.28055051,1.01421894,-0.46280466,1.02783775,-0.59135485,1.04033428
0.00147078,0.98225701,0.08631706,0.99925438,-0.24745881,1.01425593,-0.44165473,1.02782255,-0.57390943,1.04027328
0.00107774,0.98219199,-0.07635409,0.99924350,-0.30715491,1.01432745,-0.48114816,1.02799955,-0.60359562,1.04057209
0.00119684,0.98216328,-0.05790356,0.99917249,-0.30265021,1.01422516,-0.48237418,1.02788023,-0.60821754,1.04045260
0.00131335,0.98205974,0.04402846,0.99913241,-0.29221835,1.01426126,-0.47620478,1.02800228,-0.60476025,1.04066625
0.00118453,0.98176392,-0.06858489,0.99884993,-0.31224720,1.01399797,-0.49340677,1.02776131,-0.62046796,1.04044691
0.00118828,0.98196899,-0.06666525,0.99907198,-0.30900047,1.01419954,-0.48838397,1.02790180,-0.61386997,1.04048599
0.00148820,0.98191270,0.08529723,0.99894872,-0.26006563,1.01401775,-0.45500729,1.02766645,-0.58744264,1.04020345
0.00104954,0.98198824,-0.07140756,0.99906913,-0.29830022,1.01416787,-0.46928309,1.02784367,-0.58943759,1.04041044
0.00101026,0.98208069,-0.07951851,0.99920618,-0.30261064,1.01434421,-0.46976141,1.02806153,-0.58536668,1.04067752
0.00100724,0.98241197,-0.07868579,0.99957365,-0.29806285,1.01475268,-0.46063713,1.02851693,-0.57107170,1.04118491
0.00108675,0.98279870,-0.07204290,1.00006061,-0.29849168,1.01532731,-0.46587354,1.02916929,-0.58075657,1.04190923
0.00117229,0.98259080,0.04006223,0.99982214,-0.27199640,1.01506930,-0.44348182,1.02889440,-0.56130330,1.04161479
0.00107685,0.98265700,-0.07108481,0.99993134,-0.30111737,1.01522542,-0.47344921,1.02910026,-0.59405051,1.04187140
0.00142108,0.98302314,0.07788666,1.00030379,-0.26270704,1.01559848,-0.44979028,1.02947917,-0.57797107,1.04226659
0.00114288,0.98287683,-0.07504312,1.00017060,-0.30975987,1.01547840,-0.48343216,1.02936766,-0.60376048,1.04215627
0.00119046,0.98279459,-0.05744531,1.00009659,-0.29407873,1.01541434,-0.46555731,1.02931200,-0.58391820,1.04210609
0.00109969,0.98272373,-0.08203683,1.00002723,-0.30940340,1.01536435,-0.47724726,1.02930024,-0.59336345,1.04215039
0.00103389,0.98253899,-0.08783599,0.99984511,-0.31256197,1.01519926,-0.47900137,1.02916726,-0.59420217,1.04206557
0.00109107,0.98244321,-0.07526154,0.99974539,-0.30531335,1.01506811,-0.47766005,1.02897745,-0.59847274,1.04178897
0.00138251,0.98216412,0.09218178,0.99949206,-0.15319533,1.01485935,-0.37630602,1.02882510,-0.50368521,1.04169807
0.00152282,0.98224062,0.11003823,0.99949683,0.25388308,1.01482150,0.36178366,1.02876598,0.43810331,1.04163632
0.00190694,0.98229419,0.13768224,0.99957709,0.32144775,1.01491321,0.46503991,1.02885689,0.57395070,1.04171743
0.00189567,0.98227570,0.13676960,0.99951190,0.31946773,1.01480846,0.46353450,1.02871926,0.57430318,1.04155567
0.00188738,0.98205807,0.13394829,0.99925096,0.31204223,1.01449242,0.45343775,1.02834115,0.56301433,1.04111057
0.00182181,0.98204195,0.12604935,0.99931512,0.28895037,1.01459684,0.41917301,1.02846325,0.52769163,1.04123546
0.00194844,0.98200001,0.13590290,0.99930541,0.31488312,1.01459781,0.45695702,1.02845230,0.56792379,1.04118979
0.00201674,0.98198476,0.14086933,0.99919582,0.32574764,1.01439775,0.47006478,1.02816594,0.58009597,1.04082158
0.00214163,0.98204205,0.14684106,0.99921970,0.33697617,1.01438067,0.48352606,1.02809508,0.59392178,1.04068483
0.00217003,0.98202388,0.14988607,0.99920720,0.34679613,1.01438546,0.50049047,1.02813654,0.61644909,1.04078513
0.00224441,0.98191982,0.15305371,0.99914319,0.35132984,1.01436903,0.50371679,1.02817895,0.61718911,1.04090060
0.00235197,0.98182405,0.15721552,0.99906413,0.35778201,1.01431048,0.51007955,1.02815157,0.62232359,1.04091928
0.00241683,0.98187420,0.16047109,0.99905350,0.36227041,1.01424981,0.51347225,1.02804631,0.62403560,1.04077135
0.00224207,0.98176075,0.15488985,0.99887238,0.35421677,1.01401470,0.50455052,1.02776553,0.61395035,1.04044944
0.00237676,0.98148209,0.16004840,0.99852415,0.35970278,1.01358772,0.50647122,1.02725801,0.61146018,1.03986375
0.00220652,0.98153056,0.15225956,0.99852269,0.34719267,1.01355341,0.49390359,1.02720279,0.60093463,1.03979552
0.00204306,0.98162260,0.14579147,0.99861332,0.33864374,1.01366234,0.48759509,1.02735135,0.59812483,1.04000432
0.00201305,0.98160967,0.14709865,0.99855937,0.34444956,1.01354590,0.49709032,1.02715446,0.60974668,1.03970851
0.00243101,0.98192677,0.16628256,0.99885235,0.37683299,1.01380072,0.53233370,1.02736725,0.64366335,1.03988230
0.00254140,0.98158419,0.16915398,0.99853121,0.37969875,1.01352008,0.53482844,1.02714876,0.64682232,1.03975075
0.00259091,0.98166122,0.17161806,0.99865988,0.38360054,1.01369671,0.53828161,1.02737101,0.64899465,1.04001651
0.00235043,0.98166577,0.16521872,0.99863763,0.37522811,1.01364112,0.52930425,1.02727306,0.63889871,1.03986260
0.00277085,0.98173444,0.17821787,0.99871458,0.39410862,1.01372042,0.54922168,1.02735559,0.65859124,1.03994865
0.00252329,0.98165202,0.16986936,0.99863418,0.38293312,1.01363610,0.53940219,1.02726308,0.65116996,1.03984388
0.00289597,0.98158073,0.18106558,0.99849953,0.39746154,1.01345512,0.55251649,1.02704513,0.66211793,1.03959466
0.00295857,0.98167632,0.18152051,0.99857085,0.39734575,1.01350049,0.55197735,1.02705898,0.66124344,1.03957030
0.00299548,0.98176552,0.18087015,0.99865208,0.39420075,1.01355469,0.54685983,1.02708101,0.65499474,1.03956052
0.00312690,0.98172884,0.18320970,0.99858690,0.39669832,1.01346549,0.54918286,1.02697742,0.65727479,1.03945305
0.00324014,0.98185430,0.18814086,0.99868371,0.40580339,1.01355290,0.56026784,1.02706925,0.66923972,1.03955789
0.00287671,0.98160448,0.17764930,0.99846392,0.39088772,1.01335973,0.54567044,1.02689541,0.65665042,1.03939610
0.00289874,0.98175835,0.17719013,0.99852114,0.38943118,1.01334330,0.54417079,1.02681986,0.65570790,1.03927073
0.00301995,0.98196089,0.17928407,0.99871539,0.39000212,1.01351799,0.54240235,1.02697327,0.65220349,1.03940501
0.00292384,0.98189249,0.17578919,0.99868016,0.38310865,1.01353602,0.53287948,1.02705407,0.64061686,1.03955383
0.00282580,0.98161570,0.17190992,0.99835553,0.37577795,1.01319455,0.52416214,1.02671040,0.63200405,1.03921097
0.00287986,0.98152169,0.17335664,0.99826970,0.37704774,1.01311097,0.52337081,1.02662631,0.62795975,1.03912664
0.00295288,0.98155265,0.17614291,0.99823898,0.38082905,1.01301573,0.52611901,1.02647148,0.62897058,1.03891976
0.00318465,0.98137653,0.18049347,0.99803258,0.38440049,1.01279122,0.52700267,1.02624245,0.62700953,1.03870061
0.00288524,0.98139018,0.16677908,0.99805630,0.35606730,1.01282536,0.48675712,1.02628775,0.57495390,1.03875790
0.00277184,0.98125918,0.16382575,0.99795189,0.35262051,1.01275418,0.48383316,1.02625534,0.57154235,1.03876582
0.00266343,0.98139949,0.16134735,0.99812696,0.34829282,1.01295392,0.47646390,1.02646739,0.55786827,1.03898369
0.00259631,0.98138045,0.16072563,0.99812179,0.35001799,1.01295293,0.48145899,1.02646110,0.56663641,1.03896337
0.00284574,0.98133399,0.16730465,0.99815767,0.35692416,1.01306049,0.48378730,1.02663436,0.55897772,1.03920304
0.00248899,0.98127383,0.15379405,0.99805996,0.33237061,1.01292361,0.45217696,1.02645140,0.51824688,1.03896275
0.00270080,0.98120706,0.16186931,0.99798660,0.34795763,1.01284538,0.47526402,1.02636315,0.55573871,1.03885722
0.00252555,0.98130261,0.15235132,0.99808761,0.32493906,1.01294182,0.43547669,1.02644194,0.47415325,1.03890363
0.00274758,0.98141698,0.16245049,0.99822610,0.34748124,1.01310910,0.47396766,1.02663910,0.55552682,1.03912938
0.00279144,0.98131265,0.16462464,0.99799980,0.35373831,1.01276785,0.48742328,1.02618626,0.58223224,1.03856478
0.00293032,0.98124136,0.17162791,0.99795470,0.36960300,1.01275072,0.51126656,1.02619534,0.61330816,1.03859179
0.00308674,0.98116375,0.17859306,0.99785273,0.38254952,1.01261991,0.52676195,1.02603189,0.62903787,1.03839410
0.00295166,0.98121016,0.17516225,0.99786957,0.37798998,1.01260563,0.52177261,1.02598400,0.62302073,1.03830709
0.00305423,0.98113992,0.17893982,0.99783831,0.38427271,1.01260183,0.52904791,1.02600365,0.63083974,1.03834902
0.00333944,0.98119347,0.18685708,0.99794053,0.39534396,1.01276674,0.54009999,1.02624547,0.64106657,1.03868216
0.00341066,0.98096357,0.18940951,0.99768574,0.40023418,1.01250119,0.54654490,1.02598053,0.64846673,1.03842876
0.00319590,0.98103181,0.18280276,0.99770796,0.39081430,1.01246868,0.53786021,1.02587914,0.64181601,1.03824134
0.00318031,0.98097216,0.18103139,0.99769475,0.38843834,1.01249822,0.53689965,1.02595062,0.64328103,1.03835819
0.00294736,0.98127517,0.17420669,0.99808593,0.37915023,1.01297221,0.52828521,1.02651405,0.63616926,1.03902543
0.00337703,0.98123511,0.18820454,0.99809429,0.40153452,1.01303464,0.55283515,1.02662488,0.66007452,1.03917224
0.00327171,0.98125441,0.18469504,0.99812991,0.39615948,1.01308267,0.54744743,1.02667396,0.65531508,1.03921053
0.00303080,0.98104684,0.17678987,0.99790679,0.38186435,1.01284568,0.52876796,1.02642218,0.63310074,1.03894039
0.00302294,0.98129005,0.17871342,0.99821914,0.38624248,1.01321416,0.53401651,1.02684154,0.63801486,1.03941336
0.00301237,0.98135297,0.17980407,0.99829320,0.38981813,1.01329787,0.53943478,1.02693378,0.64463841,1.03951167
0.00285679,0.98151390,0.17093639,0.99844444,0.37127579,1.01346700,0.51479435,1.02714459,0.61602786,1.03978581
0.00270414,0.98140013,0.16546778,0.99834424,0.36213111,1.01338912,0.50464956,1.02709535,0.60653248,1.03976679
0.00282361,0.98151736,0.16804476,0.99852149,0.36208362,1.01359903,0.49906813,1.02732142,0.59451792,1.03999772
0.00251722,0.98162172,0.15553795,0.99872296,0.34006546,1.01389314,0.47393688,1.02770999,0.57043369,1.04048261
0.00259150,0.98156558,0.15647411,0.99863074,0.33824039,1.01375665,0.46604364,1.02752183,0.55292295,1.04023595
0.00281038,0.98164015,0.16025053,0.99872351,0.33838696,1.01386292,0.45795878,1.02763935,0.53262817,1.04036537
0.00277017,0.98182142,0.15719804,0.99890761,0.32920552,1.01404616,0.43826722,1.02781112,0.48412912,1.04051097
0.00261554,0.98182197,0.15334638,0.99889154,0.32354640,1.01402394,0.43302531,1.02778734,0.48717470,1.04048691
0.00235116,0.98195868,0.14207654,0.99911731,0.29713627,1.01434374,0.37576812,1.02820222,-0.46410394,1.04099695
0.00206762,0.98171659,0.12844201,0.99880713,0.25413477,1.01396613,-0.36729354,1.02774661,-0.54127024,1.04044391
0.00214355,0.98161390,0.13342755,0.99872608,0.27656029,1.01389534,0.26445605,1.02768104,-0.51356508,1.04038571
0.00265743,0.98150132,0.15216774,0.99863813,0.31525360,1.01382907,0.40571227,1.02763873,-0.43440547,1.04037123
0.00282402,0.98156499,0.15777888,0.99863750,0.32447507,1.01377408,0.41566796,1.02753518,-0.44427489,1.04022128
0.00287078,0.98121389,0.16227109,0.99828465,0.34065169,1.01341066,0.46008244,1.02715182,0.53763761,1.03980935
0.00270106,0.98110582,0.16029682,0.99818639,0.34380978,1.01332814,0.47419126,1.02708696,0.56877925,1.03976360
0.00281950,0.98093103,0.16704072,0.99799134,0.35956328,1.01311397,0.49836929,1.02684922,0.60066713,1.03950031
0.00303075,0.98086683,0.17446304,0.99791619,0.37290559,1.01303998,0.51502155,1.02678206,0.61889785,1.03944295
0.00315251,0.98078653,0.18015149,0.99779430,0.38292301,1.01286838,0.52506742,1.02656104,0.62555342,1.03917621
0.00303836,0.98048892,0.17468282,0.99751246,0.37023793,1.01260947,0.50572761,1.02632688,0.60038426,1.03896608
0.00307917,0.98019948,0.17479320,0.99723709,0.36701890,1.01234596,0.49666486,1.02607666,0.58335546,1.03873481
0.00339368,0.98025417,0.18711834,0.99733671,0.39279117,1.01247128,0.53475553,1.02621346,0.63424769,1.03887549
0.00333495,0.98015670,0.18358064,0.99721090,0.38520771,1.01234389,0.52494241,1.02610704,0.62407700,1.03881070
0.00305496,0.97995079,0.17713327,0.99699739,0.37642052,1.01211180,0.51547694,1.02585910,0.61411261,1.03855421
0.00280105,0.98034440,0.16739931,0.99736399,0.35903073,1.01243873,0.49486946,1.02614433,0.59362118,1.03880207
0.00291848,0.98049842,0.17389309,0.99754682,0.37425100,1.01262977,0.51806026,1.02632691,0.62324669,1.03895922
0.00298338,0.98037358,0.17588158,0.99739644,0.37706317,1.01244639,0.52068453,1.02611043,0.62522686,1.03871397
0.00308273,0.98033552,0.17724334,0.99735020,0.37608073,1.01239281,0.51427126,1.02605360,0.61125353,1.03866001
0.00310002,0.98025078,0.17755998,0.99723053,0.37602523,1.01225100,0.51279929,1.02589305,0.60722627,1.03847987
0.00305488,0.97988978,0.17435457,0.99678188,0.36864132,1.01171917,0.50230480,1.02528637,0.59487511,1.03780701
0.00300537,0.98000861,0.17284336,0.99690803,0.36534988,1.01185126,0.49633393,1.02542093,0.58442906,1.03794452
0.00270411,0.97998437,0.16662539,0.99691809,0.36070178,1.01189983,0.49796721,1.02551604,0.59552700,1.03810072
0.00252675,0.98023580,0.15938713,0.99717910,0.34794770,1.01218465,0.48293378,1.02583820,0.58015129,1.03847677
0.00289015,0.98023307,0.17388120,0.99716666,0.37514168,1.01216094,0.51790927,1.02579766,0.61933275,1.03841030
0.00283234,0.98025492,0.17362137,0.99733497,0.37663826,1.01246033,0.52118897,1.02621843,0.62357889,1.03894665
0.00287012,0.98020039,0.17497860,0.99725293,0.37752812,1.01233632,0.51995268,1.02603670,0.61984488,1.03868723
0.00274913,0.98000355,0.17224073,0.99706613,0.37534848,1.01215430,0.52037594,1.02586032,0.62358141,1.03851910
0.00268052,0.98015087,0.17017083,0.99722225,0.37203460,1.01232865,0.51591188,1.02606103,0.61719239,1.03875056
0.00254355,0.97995385,0.16521956,0.99702024,0.36473281,1.01210121,0.50806050,1.02579767,0.60872877,1.03844878
0.00221593,0.98008902,0.15034779,0.99716961,0.33668969,1.01226357,0.47285761,1.02595457,0.56945442,1.03857155
0.00239214,0.98011149,0.15929454,0.99725289,0.35597950,1.01240231,0.49995249,1.02614236,0.60277813,1.03879966
0.00224810,0.97990893,0.15246909,0.99704083,0.34398024,1.01220242,0.48596230,1.02596935,0.58788851,1.03866452
0.00228248,0.97971775,0.15553560,0.99687980,0.34962050,1.01208278,0.49219742,1.02589983,0.59416116,1.03864982
0.00212093,0.97977302,0.14994925,0.99688804,0.34171214,1.01205888,0.48483895,1.02584912,0.58849711,1.03856926
0.00206245,0.97959104,0.14951635,0.99666237,0.34295344,1.01179345,0.48648226,1.02555167,0.58815624,1.03824900
0.00190441,0.97926198,0.14030286,0.99633527,0.32237661,1.01146996,0.45668942,1.02522581,0.54861466,1.03791413
0.00154589,0.97930323,0.12127088,0.99644811,0.28669770,1.01164913,0.41472823,1.02546512,0.50501740,1.03820933
0.00160409,0.97945144,0.12240399,0.99660015,0.28315813,1.01180012,0.40302981,1.02561053,0.48306648,1.03834630
0.00153679,0.97917482,0.11863383,0.99634013,0.27172911,1.01156857,0.37609909,1.02541414,0.39148593,1.03818886
0.00130332,0.97888891,0.10308584,0.99609869,0.23599985,1.01137828,0.32870020,1.02527640,0.37637945,1.03810157
0.00104729,0.97892686,0.06660014,0.99612833,-0.23458296,1.01138703,-0.40520031,1.02525069,-0.52398236,1.03803023
0.00108947,0.97877857,0.06938602,0.99596127,-0.25076492,1.01122386,-0.43390860,1.02511503,-0.56279938,1.03794572
0.00118014,0.97887581,0.09022568,0.99606389,0.11821645,1.01131934,-0.35979422,1.02518594,-0.49142845,1.03797281
0.00141224,0.97884976,0.11474067,0.99603779,0.27282905,1.01128723,0.40456847,1.02513750,0.51577461,1.03789914
0.00143310,0.97852396,0.11559660,0.99566967,0.27628205,1.01088902,0.41326140,1.02472308,0.53030602,1.03748063
0.00136457,0.97878028,0.10374687,0.99584485,0.22104170,1.01095680,-0.27848847,1.02467464,-0.44698547,1.03731958
0.00116268,0.97854551,0.07901603,0.99561105,-0.22570263,1.01071303,-0.40762156,1.02441588,-0.52899819,1.03704479
0.00117132,0.97876419,0.06035741,0.99587243,-0.27543547,1.01100185,-0.45790054,1.02472589,-0.58405219,1.03737448
0.00106176,0.97880473,-0.04531473,0.99591269,-0.29120483,1.01104041,-0.46816178,1.02477043,-0.59090653,1.03744097
0.00137967,0.97872205,0.09953372,0.99576003,-0.09883902,1.01082436,-0.39513732,1.02449108,-0.53384785,1.03709163
0.00152496,0.97897266,0.12142242,0.99600893,0.28850495,1.01107932,0.42551897,1.02475768,0.53967243,1.03737591
0.00147640,0.97877405,0.11438319,0.99579494,0.26233335,1.01084513,0.37655495,1.02449959,0.48519564,1.03709316
0.00141665,0.97890782,0.11008034,0.99596212,0.24982723,1.01104442,0.35596253,1.02471883,0.47074768,1.03731502
0.00123493,0.97907257,0.09024044,0.99618105,-0.18272782,1.01128351,-0.38577557,1.02495560,-0.50288514,1.03753109
0.00148691,0.97905180,0.11446181,0.99617183,0.25651773,1.01129660,0.35322741,1.02500758,0.44547155,1.03764321
0.00144810,0.97927976,0.11010349,0.99631596,0.23638804,1.01135271,-0.18561027,1.02497014,-0.43123733,1.03751037
0.00133011,0.97957758,0.09591519,0.99664833,-0.21086228,1.01172682,-0.42526222,1.02539719,-0.56110741,1.03800107
0.00127161,0.97960498,0.09066767,0.99670245,-0.22738468,1.01182440,-0.43065878,1.02554752,-0.56364573,1.03821586
0.00139127,0.97943161,0.10023816,0.99652042,-0.21337893,1.01166516,-0.43795729,1.02543101,-0.57905172,1.03815361
0.00154642,0.97953922,0.11864358,0.99666530,0.25241096,1.01183583,-0.33012317,1.02561652,-0.52194443,1.03834398
0.00148093,0.97971441,0.11257747,0.99687057,0.22411361,1.01208660,-0.38498485,1.02592316,-0.54766353,1.03871280
0.00134459,0.97981389,0.10156269,0.99704438,-0.17367275,1.01231827,-0.42721946,1.02620178,-0.57549756,1.03903004
0.00137259,0.97975343,0.09790787,0.99696999,-0.22743525,1.01222107,-0.44850607,1.02606786,-0.59255359,1.03884323
0.00150747,0.97963121,0.10443419,0.99689073,-0.22753741,1.01218090,-0.45699517,1.02607495,-0.60276525,1.03891535
0.00173321,0.97975336,0.11689678,0.99699711,-0.16700132,1.01224154,-0.45188254,1.02606861,-0.60306857,1.03882353
0.00168672,0.97985938,0.11819836,0.99707205,0.19992530,1.01226874,-0.42736880,1.02603246,-0.58381709,1.03870790
0.00172433,0.98016588,0.12284583,0.99736645,0.23646235,1.01255581,-0.40845985,1.02630588,-0.57402081,1.03895508
0.00177180,0.98024949,0.12708994,0.99742473,0.26087312,1.01261028,-0.37269423,1.02637143,-0.55814488,1.03903731
0.00169690,0.98044764,0.12476725,0.99757110,0.26558113,1.01271329,-0.30408041,1.02643935,-0.52758828,1.03907860
0.00201742,0.98032184,0.14183067,0.99751563,0.30766229,1.01272399,0.40070033,1.02650999,-0.45659595,1.03920400
0.00186163,0.98038947,0.13183742,0.99752899,0.27957057,1.01267749,-0.22629485,1.02640148,-0.53331816,1.03903673
0.00166324,0.98021392,0.11838321,0.99737808,0.21441714,1.01255297,-0.41992211,1.02630229,-0.58046670,1.03895786
0.00154625,0.98003020,0.11152345,0.99724264,0.10744398,1.01244857,-0.43397042,1.02621041,-0.58583698,1.03885972
0.00130724,0.98024054,0.08794705,0.99744757,-0.25332230,1.01265299,-0.45609829,1.02640943,-0.59350813,1.03904450
0.00150267,0.98028415,0.10598707,0.99755273,-0.16690560,1.01280093,-0.42729017,1.02658469,-0.57406805,1.03923707
0.00125167,0.98039012,0.07834405,0.99763761,-0.26636919,1.01286411,-0.46151739,1.02663655,-0.59635115,1.03929167
0.00147408,0.98036634,0.10323752,0.99764876,-0.20468252,1.01289183,-0.43801030,1.02666388,-0.58251197,1.03930408
0.00163388,0.98029056,0.12156370,0.99758192,0.26336168,1.01283172,0.22343196,1.02660728,-0.50704916,1.03924713
0.00174616,0.98029406,0.12888815,0.99760536,0.28998841,1.01285424,0.40022312,1.02662076,0.45718838,1.03925068
0.00137818,0.98065025,0.10587706,0.99796222,0.21771197,1.01321462,-0.35242353,1.02698976,-0.51304743,1.03963577
0.00122435,0.98044317,0.09725229,0.99772746,0.18709343,1.01297285,-0.36060866,1.02675952,-0.50600418,1.03943530
0.00120984,0.98038401,0.09164161,0.99763237,0.13206476,1.01284020,-0.35586892,1.02659711,-0.47628183,1.03925335
0.00141161,0.98023393,0.11529624,0.99749580,0.27261446,1.01272636,0.39878873,1.02651719,0.50515320,1.03922150
0.00168148,0.98026047,0.13101244,0.99758041,0.30451662,1.01289913,0.43753821,1.02680683,0.53908732,1.03965466
0.00184598,0.98036337,0.14134281,0.99764815,0.32749499,1.01291645,0.46905212,1.02674935,0.57413820,1.03948990
0.00192367,0.98051709,0.14873098,0.99778623,0.34530996,1.01303911,0.49504649,1.02685361,0.60591856,1.03957000
0.00215147,0.98084020,0.16223818,0.99813460,0.37047349,1.01338696,0.52432464,1.02717835,0.63531069,1.03984552
0.00210442,0.98099033,0.16002125,0.99826717,0.36663088,1.01350603,0.51937864,1.02728451,0.62933222,1.03993612
0.00193173,0.98093917,0.15161747,0.99819733,0.35177944,1.01344048,0.50231687,1.02724095,0.61229905,1.03993035
0.00192220,0.98080178,0.14957306,0.99809948,0.34816983,1.01340496,0.49930307,1.02728678,0.61074538,1.04007605
0.00182694,0.98058189,0.14687364,0.99787064,0.34612623,1.01315690,0.49880381,1.02701560,0.61084566,1.03978326
0.00194431,0.98086084,0.15138486,0.99817695,0.35086092,1.01349286,0.50041956,1.02737671,0.60886271,1.04015938
0.00170307,0.98094366,0.13802245,0.99819723,0.32444690,1.01345196,0.46611244,1.02727914,0.57000078,1.04001074
0.00193704,0.98078678,0.14885879,0.99802796,0.34233551,1.01327170,0.48505407,1.02708647,0.58662736,1.03980493
0.00174343,0.98034767,0.13889889,0.99753348,0.32374007,1.01271969,0.46199750,1.02646711,0.56150286,1.03910570
0.00203315,0.98045114,0.15250279,0.99755985,0.34915701,1.01269032,0.49557895,1.02639926,0.60228131,1.03901244
0.00199570,0.98020790,0.15205383,0.99730515,0.35170983,1.01241643,0.50297311,1.02610516,0.61469023,1.03870041
0.00229767,0.98023927,0.16407708,0.99737011,0.37007678,1.01251148,0.52159823,1.02622663,0.63116922,1.03884202
0.00222764,0.98026422,0.16295413,0.99741093,0.37010210,1.01259962,0.52264168,1.02639147,0.63220260,1.03911106
0.00216324,0.98005284,0.15823954,0.99722243,0.36003038,1.01243579,0.50994195,1.02624709,0.61887625,1.03897600
0.00214757,0.98021999,0.15603371,0.99738150,0.35593209,1.01258113,0.50672590,1.02637799,0.61817384,1.03909833
0.00213022,0.98020177,0.15455872,0.99732927,0.35370590,1.01251594,0.50562283,1.02631064,0.61885767,1.03903429
0.00183859,0.97986532,0.14199898,0.99702390,0.33587570,1.01220709,0.49113687,1.02596467,0.60998435,1.03862087
0.00193893,0.98007254,0.14731010,0.99726048,0.34489297,1.01244350,0.50047869,1.02617698,0.61853883,1.03878943
0.00197459,0.98000729,0.14861754,0.99723212,0.34396139,1.01246712,0.49471925,1.02626784,0.60799694,1.03896278
0.00186665,0.98023672,0.14252600,0.99742634,0.33243856,1.01261532,0.48129032,1.02636322,0.59480275,1.03900029
0.00203568,0.98017504,0.15289880,0.99733084,0.35240672,1.01248733,0.50356420,1.02620535,0.61478824,1.03881615
0.00205107,0.97992691,0.15806644,0.99713210,0.36603624,1.01233495,0.52232962,1.02609289,0.63563516,1.03873572
0.00247974,0.98003187,0.17321659,0.99727377,0.38670123,1.01252781,0.54093414,1.02634688,0.65011079,1.03905793
0.00248992,0.98017356,0.17298153,0.99739753,0.38659528,1.01262484,0.54173047,1.02640805,0.65211758,1.03907471
0.00244013,0.98023200,0.16946194,0.99740709,0.37810888,1.01258910,0.52960047,1.02632755,0.63756924,1.03894816
0.00254233,0.98015909,0.17344137,0.99732365,0.38408754,1.01247386,0.53542687,1.02616090,0.64239587,1.03871210
0.00247189,0.98044458,0.17076750,0.99761605,0.37845633,1.01279138,0.52734604,1.02650910,0.63233666,1.03908830
0.00231299,0.98047848,0.16468682,0.99771262,0.36879370,1.01294919,0.51608711,1.02672801,0.61955914,1.03936886
0.00199764,0.98048146,0.15069217,0.99770184,0.34585850,1.01293705,0.49186182,1.02673095,0.59736143,1.03940172
0.00209028,0.98042137,0.15311683,0.99763640,0.34497804,1.01287078,0.48372758,1.02666523,0.58036303,1.03933685
0.00181325,0.98040746,0.14476998,0.99759942,0.33599099,1.01280270,0.47883208,1.02656783,0.58096685,1.03921851
0.00149133,0.98063351,0.12915265,0.99782950,0.30926486,1.01304780,0.44749888,1.02684405,0.54615710,1.03954116
0.00159567,0.98065856,0.13340359,0.99790352,0.31453353,1.01316727,0.45144551,1.02700292,0.54909747,1.03972988
0.00138728,0.98072010,0.11776586,0.99798504,0.27573539,1.01328394,0.38227729,1.02715984,0.34944899,1.03992655
0.00119568,0.98068535,0.10331374,0.99795792,0.23931810,1.01324447,0.29945583,1.02709747,-0.45441920,1.03983459
0.00108877,0.98087926,0.08577694,0.99809419,-0.21084049,1.01333299,-0.41985807,1.02714788,-0.56167491,1.03985699
0.00121302,0.98070734,0.10065886,0.99787922,0.20257771,1.01309725,-0.36996177,1.02690324,-0.52956174,1.03961134
0.00111163,0.98094195,0.08924937,0.99817438,-0.17622134,1.01346069,-0.39728070,1.02735280,-0.53669433,1.04017051
0.00128714,0.98083045,0.11154534,0.99808670,0.26652140,1.01339886,0.38839609,1.02731889,0.48480473,1.04016780
0.00112592,0.98044820,0.09174540,0.99780403,0.16480977,1.01321176,-0.35624086,1.02722282,-0.49553256,1.04015568
0.00076927,0.98042990,-0.06776784,0.99773296,-0.27999652,1.01308301,-0.44480737,1.02702890,-0.56254674,1.03988559
0.00071519,0.98054918,-0.07270210,0.99784408,-0.28445177,1.01318377,-0.45082859,1.02711328,-0.57065867,1.03994272
0.00077474,0.98054932,-0.06644774,0.99779213,-0.27894502,1.01308429,-0.44376613,1.02696355,-0.56172444,1.03973654
0.00093225,0.98074313,0.05020133,0.99796997,-0.24848564,1.01323848,-0.41414027,1.02709619,-0.52766800,1.03985580
0.00130269,0.98090564,0.10337827,0.99814022,0.22417177,1.01341506,0.12507863,1.02728056,-0.41502382,1.04005338
0.00118384,0.98092281,0.09823880,0.99817160,0.21912034,1.01347647,0.29109861,1.02738847,0.41399751,1.04023059
0.00138254,0.98110263,0.11248239,0.99831866,0.26716356,1.01358787,0.40011088,1.02746085,0.51837080,1.04025850
0.00088188,0.98134621,-0.06481551,0.99859974,-0.28648197,1.01391488,-0.45309334,1.02782699,-0.56901330,1.04064797
0.00103880,0.98147280,0.04851972,0.99870230,-0.26666371,1.01400776,-0.43778309,1.02791712,-0.55458014,1.04073804
0.00101309,0.98152862,0.01708783,0.99878715,-0.27636070,1.01413198,-0.44739693,1.02808614,-0.56421189,1.04095234
0.00096608,0.98144328,-0.04866483,0.99864773,-0.28412455,1.01391034,-0.45659780,1.02776775,-0.57724228,1.04053505
0.00094917,0.98150036,-0.06080166,0.99875862,-0.29500657,1.01405639,-0.47109498,1.02793375,-0.59532491,1.04070584
0.00084622,0.98146681,-0.07935962,0.99876717,-0.30179244,1.01410920,-0.46994288,1.02804479,-0.58718934,1.04089883
0.00108185,0.98146289,0.06581916,0.99871156,-0.24435540,1.01399641,-0.41572301,1.02787435,-0.53467933,1.04067251
0.00135427,0.98160912,0.10461588,0.99882912,0.22045101,1.01408258,-0.30330346,1.02793053,-0.46970792,1.04070457
0.00142538,0.98162385,0.11589203,0.99888488,0.27016379,1.01419892,0.38799365,1.02811975,0.47299106,1.04096954
0.00157337,0.98144718,0.13118447,0.99869116,0.31533801,1.01399809,0.46403280,1.02792147,0.57851488,1.04078170
0.00169473,0.98137426,0.14034571,0.99855808,0.33528392,1.01378827,0.48954568,1.02763207,0.60583912,1.04041509
0.00170465,0.98115886,0.14095893,0.99822755,0.33674299,1.01335085,0.49070622,1.02709778,0.60563448,1.03979683
0.00193898,0.98109998,0.15213945,0.99822077,0.35333685,1.01340092,0.50569953,1.02720793,0.61689545,1.03996962
0.00185308,0.98118793,0.14742336,0.99820825,0.34222474,1.01330760,0.48922799,1.02704509,0.59686745,1.03975211
0.00201208,0.98127581,0.15297466,0.99825243,0.34950222,1.01332289,0.49492414,1.02704069,0.59941209,1.03973284
0.00179883,0.98118502,0.14164520,0.99809275,0.32584930,1.01309874,0.46250398,1.02674706,0.56088560,1.03935816
0.00174638,0.98103536,0.13956166,0.99790791,0.32187528,1.01286921,0.45748528,1.02645573,0.55587555,1.03898374
0.00181547,0.98120197,0.14264501,0.99807661,0.32733844,1.01302738,0.46262358,1.02659309,0.55689928,1.03908832
0.00198533,0.98120559,0.15051505,0.99809497,0.34216668,1.01305373,0.48148357,1.02663066,0.57897502,1.03914594
0.00181242,0.98115026,0.14299077,0.99799656,0.33052367,1.01290587,0.46968695,1.02643209,0.56779735,1.03889939
0.00168868,0.98118452,0.13733214,0.99806988,0.32085357,1.01302056,0.45788034,1.02659281,0.55318687,1.03911533
0.00154669,0.98148877,0.13437163,0.99831971,0.32191836,1.01321888,0.46630864,1.02673784,0.57025864,1.03920287
0.00170249,0.98148132,0.14418642,0.99831920,0.33953019,1.01322269,0.48659646,1.02674566,0.59218523,1.03921083
0.00163035,0.98155420,0.13637902,0.99838009,0.31724603,1.01325734,0.44872895,1.02673005,0.53563497,1.03911721
0.00180046,0.98170024,0.14747977,0.99862168,0.34246718,1.01361109,0.48706177,1.02721243,0.58953304,1.03974290
0.00195795,0.98170222,0.15697624,0.99865960,0.36207499,1.01365184,0.51392678,1.02723353,0.62242237,1.03972607
0.00213405,0.98164130,0.16372321,0.99861578,0.37261994,1.01364500,0.52535717,1.02727300,0.63380924,1.03981268
0.00217350,0.98170700,0.16364368,0.99870077,0.37172301,1.01374796,0.52476546,1.02739411,0.63450071,1.03995253
0.00231749,0.98160202,0.16950798,0.99860319,0.38156021,1.01364795,0.53624527,1.02729582,0.64667046,1.03986454
0.00233554,0.98150610,0.17183564,0.99852069,0.38734277,1.01355974,0.54464762,1.02718570,0.65688628,1.03971812
0.00231086,0.98156671,0.17217439,0.99855665,0.38946719,1.01358773,0.54789177,1.02720567,0.66035132,1.03972342
0.00253468,0.98133279,0.17730704,0.99831290,0.39407764,1.01334639,0.55015365,1.02698132,0.66053039,1.03953266
0.00261652,0.98162112,0.18067348,0.99863560,0.40015004,1.01369787,0.55743069,1.02736087,0.66802531,1.03994030
0.00264091,0.98160130,0.18099063,0.99856084,0.39905911,1.01356535,0.55437874,1.02716656,0.66314413,1.03967953
0.00322351,0.98146818,0.19650384,0.99843023,0.41919821,1.01346578,0.57397214,1.02711842,0.68159426,1.03969605
0.00300478,0.98138920,0.19224477,0.99832488,0.41490506,1.01335658,0.57066731,1.02702633,0.67904975,1.03964412
0.00296206,0.98143829,0.18998819,0.99831858,0.41071218,1.01330250,0.56577148,1.02693194,0.67416889,1.03951680
0.00292951,0.98164114,0.18623877,0.99856106,0.40223672,1.01356090,0.55475556,1.02719253,0.66230396,1.03977150
0.00282421,0.98162758,0.18288844,0.99856122,0.39816088,1.01357283,0.55249245,1.02722097,0.66307153,1.03983101
0.00269583,0.98166728,0.17969870,0.99863893,0.39463819,1.01368013,0.54976536,1.02735273,0.66099847,1.03998518
0.00253297,0.98177868,0.17629985,0.99883912,0.39177574,1.01394653,0.54849847,1.02767014,0.66107774,1.04034080
0.00267304,0.98165451,0.17994655,0.99863482,0.39494734,1.01367258,0.54931690,1.02732843,0.65953374,1.03992810
0.00254062,0.98166539,0.17779602,0.99867471,0.39397285,1.01376668,0.54981151,1.02749017,0.66086008,1.04016158
0.00263433,0.98184985,0.17988425,0.99887680,0.39489611,1.01398682,0.54809093,1.02772562,0.65646496,1.04040718
0.00243475,0.98191566,0.17160973,0.99901328,0.38147615,1.01419623,0.53357246,1.02800841,0.64234666,1.04076380
0.00249596,0.98185685,0.17166123,0.99894162,0.37949859,1.01412593,0.53018508,1.02795968,0.63850499,1.04075789
0.00253002,0.98182155,0.17310670,0.99892978,0.38396759,1.01415670,0.53855801,1.02805165,0.65085160,1.04092674
0.00249356,0.98155628,0.16937413,0.99869192,0.37382933,1.01393558,0.52280796,1.02783668,0.63113469,1.04070816
0.00241121,0.98149776,0.16927428,0.99870170,0.37819025,1.01402891,0.53233311,1.02803861,0.64486850,1.04104768
0.00233574,0.98168005,0.16642735,0.99885488,0.37332570,1.01413736,0.52633370,1.02808272,0.63818788,1.04100860
0.00230706,0.98144459,0.16545649,0.99857346,0.37309102,1.01382072,0.52795458,1.02772718,0.64120395,1.04059850
0.00207431,0.98132255,0.15570206,0.99842542,0.35621411,1.01365824,0.50865967,1.02754555,0.62194369,1.04038573
0.00235973,0.98107715,0.16540875,0.99818190,0.36916303,1.01341201,0.51924359,1.02729302,0.62845186,1.04012642
0.00243899,0.98114034,0.16714709,0.99824383,0.36992507,1.01348508,0.51791634,1.02739713,0.62511649,1.04028546
0.00204189,0.98087716,0.15302289,0.99787549,0.34601651,1.01303695,0.48814190,1.02687911,0.59044919,1.03969579
0.00184537,0.98096157,0.14510154,0.99795485,0.33673239,1.01310280,0.48423235,1.02692227,0.59428148,1.03970939
0.00165420,0.98112888,0.13493827,0.99817197,0.31643430,1.01335198,0.45815987,1.02718885,0.56573026,1.03997927
0.00198212,0.98108124,0.15101388,0.99814245,0.34300666,1.01333169,0.48427332,1.02716774,0.58557564,1.03994588
0.00178592,0.98107808,0.14104885,0.99808636,0.32562706,1.01322020,0.46477960,1.02699807,0.56655467,1.03971832
0.00142347,0.98102322,0.11786162,0.99796541,0.26807261,1.01303408,0.35956828,1.02674483,-0.41875675,1.03939390
0.00175708,0.98093935,0.13918343,0.99792381,0.32014222,1.01301977,0.45548814,1.02675880,0.55365865,1.03944606
0.00187352,0.98101761,0.14714422,0.99801690,0.33504222,1.01309239,0.47304081,1.02678446,0.57255328,1.03940761
0.00166347,0.98093519,0.13720127,0.99792640,0.31857684,1.01297621,0.45603465,1.02662564,0.55880227,1.03919163
0.00179125,0.98073251,0.14326682,0.99769846,0.32805200,1.01271478,0.46521743,1.02632656,0.56615391,1.03885454
0.00183651,0.98098002,0.14588413,0.99801292,0.33413161,1.01309303,0.47344683,1.02676828,0.57461145,1.03935991
0.00191743,0.98085941,0.15025155,0.99789882,0.34296001,1.01298103,0.48583524,1.02665257,0.59016437,1.03923433
0.00201953,0.98089713,0.15714025,0.99801068,0.35978117,1.01316821,0.51129389,1.02691119,0.62226215,1.03955614
0.00171998,0.98081740,0.14489625,0.99795574,0.34366220,1.01313401,0.49861054,1.02690860,0.61421013,1.03960326
0.00189712,0.98102069,0.15117087,0.99817165,0.35264468,1.01337536,0.50837173,1.02718495,0.62488061,1.03992038
0.00154149,0.98111664,0.13244422,0.99823006,0.31854572,1.01339724,0.46970905,1.02716937,0.58766093,1.03986988
0.00162166,0.98116734,0.13958802,0.99830098,0.33560831,1.01348894,0.49168784,1.02729080,0.61026157,1.04003598
0.00150351,0.98118842,0.13424493,0.99837138,0.32621080,1.01360974,0.48060482,1.02745486,0.59874870,1.04023093
0.00140853,0.98125290,0.13183193,0.99851759,0.32564410,1.01383006,0.48344108,1.02774023,0.60417478,1.04056895
0.00116499,0.98133849,0.11454631,0.99866126,0.29196697,1.01400950,0.44644606,1.02793329,0.57091629,1.04075387
0.00124202,0.98122866,0.11528755,0.99848483,0.28629087,1.01377748,0.43461565,1.02765060,0.55740361,1.04042046
0.00113577,0.98121271,0.10562667,0.99846048,0.26065733,1.01374435,0.39753130,1.02761017,0.51737907,1.04037692
0.00086248,0.98136115,0.06907228,0.99856362,-0.19347645,1.01380736,-0.34221647,1.02763514,-0.35384621,1.04036536
0.00109361,0.98121728,0.10272750,0.99843299,0.26034109,1.01367964,0.41097588,1.02749288,0.54313996,1.04018531
0.00101711,0.98107015,0.09647504,0.99838612,0.24378557,1.01372772,0.39006491,1.02763200,0.52448198,1.04041059
0.00100416,0.98098773,0.10097671,0.99831943,0.26070650,1.01366386,0.40913966,1.02755895,0.53618820,1.04031678
0.00112411,0.98094379,0.11144867,0.99833124,0.28148923,1.01372818,0.42766007,1.02768297,0.54592736,1.04051186
0.00092496,0.98092070,0.08979924,0.99829616,0.21528597,1.01368343,0.32328518,1.02762907,0.44506737,1.04045057
0.00117824,0.98098091,0.11748873,0.99835211,0.29574948,1.01372668,0.44471592,1.02766036,0.56150284,1.04047260
0.00116520,0.98110028,0.11753812,0.99842277,0.29737293,1.01375210,0.44856728,1.02764646,0.56743388,1.04042579
0.00087801,0.98113207,0.09271098,0.99848470,0.24674136,1.01384793,0.39122518,1.02777585,0.51167043,1.04058554
0.00107681,0.98103617,0.11549831,0.99832527,0.30080518,1.01363455,0.45818275,1.02751663,0.58020429,1.04029011
0.00140274,0.98121424,0.13203635,0.99848782,0.32137953,1.01378794,0.46978750,1.02766493,0.58000286,1.04043826
0.00155030,0.98122716,0.13970194,0.99849498,0.33559901,1.01376486,0.48771467,1.02759388,0.60059066,1.04030646
0.00149935,0.98108959,0.13790012,0.99834082,0.33475068,1.01358428,0.48808177,1.02738045,0.60111274,1.04005732
0.00146461,0.98071595,0.13552763,0.99798362,0.33004710,1.01323339,0.48133312,1.02702546,0.59170764,1.03968579
0.00172235,0.98087084,0.14769897,0.99812104,0.34863523,1.01335684,0.50070741,1.02713573,0.61088572,1.03978096
0.00152048,0.98086831,0.13754098,0.99809433,0.33040719,1.01330108,0.47794439,1.02705266,0.58478053,1.03967588
0.00126958,0.98088133,0.11626531,0.99813935,0.28046803,1.01337875,0.40638736,1.02716047,0.49401499,1.03980896
0.00101376,0.98102417,0.09408700,0.99825929,0.21882906,1.01348927,0.21446648,1.02727572,-0.45247135,1.03994219
0.00114378,0.98092799,0.10480472,0.99811564,0.25164128,1.01331112,0.35784157,1.02707661,0.37840470,1.03973883
0.00067329,0.98101650,-0.07413169,0.99820701,-0.28407919,1.01339706,-0.44950391,1.02714629,-0.56948806,1.03977546
0.00058805,0.98124983,-0.08897455,0.99839841,-0.30080290,1.01352720,-0.46657666,1.02720034,-0.58642332,1.03974094
0.00056478,0.98148383,-0.09572642,0.99858186,-0.30997555,1.01366616,-0.47453191,1.02730261,-0.59157479,1.03981459
0.00075938,0.98167373,-0.08179452,0.99868717,-0.30331102,1.01368673,-0.47298854,1.02723421,-0.59322499,1.03965500
0.00046126,0.98185918,-0.11043445,0.99889327,-0.32826876,1.01392095,-0.49153035,1.02750629,-0.60583726,1.03997484
0.00046781,0.98179874,-0.11095613,0.99888562,-0.33116234,1.01397189,-0.49750683,1.02762877,-0.61492272,1.04018583
0.00044727,0.98182219,-0.10541550,0.99891875,-0.31597665,1.01400164,-0.47456005,1.02764478,-0.58571338,1.04017533
0.00037920,0.98243380,-0.10727748,0.99960719,-0.31349850,1.01475768,-0.46708088,1.02845412,-0.57266937,1.04102282
0.00013943,0.98260768,-0.12330832,0.99969693,-0.33214186,1.01475277,-0.48469241,1.02834884,-0.58972759,1.04081666
-0.00005771,0.98229754,-0.13001738,0.99943396,-0.33592211,1.01453626,-0.48506290,1.02818044,-0.58783037,1.04069671
-0.00016322,0.98236369,-0.13609445,0.99948135,-0.34520296,1.01458505,-0.49630330,1.02824674,-0.60105173,1.04079215
-0.00006820,0.98238815,-0.13004205,0.99950249,-0.33447189,1.01460044,-0.48073135,1.02825301,-0.57888172,1.04078842
0.00025105,0.98231199,-0.11043287,0.99948647,-0.31024636,1.01465785,-0.45808991,1.02839394,-0.55935185,1.04102353
0.00005810,0.98215387,-0.12041866,0.99933935,-0.32086082,1.01452871,-0.46805311,1.02829141,-0.57039645,1.04095722
-0.00000087,0.98207607,-0.12804126,0.99925881,-0.33580083,1.01446262,-0.48824175,1.02825432,-0.59542537,1.04096162
-0.00026204,0.98231326,-0.14217383,0.99944652,-0.35462632,1.01459433,-0.50731837,1.02832696,-0.61382875,1.04097302
-0.00038442,0.98237699,-0.14784453,0.99947235,-0.36328975,1.01458993,-0.51811449,1.02830240,-0.62681574,1.04093961
-0.00026346,0.98221510,-0.14029947,0.99931560,-0.35233052,1.01441396,-0.50754459,1.02809364,-0.61836988,1.04069014
-0.00045063,0.98226389,-0.15064199,0.99937953,-0.36806863,1.01449046,-0.52464009,1.02818222,-0.63483832,1.04079262
-0.00019855,0.98229393,-0.14327837,0.99933944,-0.36110264,1.01437613,-0.51909902,1.02798538,-0.63031393,1.04049805
-0.00038305,0.98228246,-0.14942165,0.99934468,-0.36722920,1.01439853,-0.52425604,1.02803160,-0.63507912,1.04058045
-0.00031261,0.98214499,-0.14800612,0.99923651,-0.36510620,1.01433830,-0.52021184,1.02804061,-0.62842992,1.04067585
-0.00000694,0.98229348,-0.13229444,0.99937839,-0.34209797,1.01445943,-0.49323362,1.02812926,-0.59782611,1.04072072
-0.00007437,0.98231132,-0.13272677,0.99932932,-0.33820600,1.01434317,-0.48436391,1.02794648,-0.58352213,1.04047281
0.00019504,0.98225762,-0.11627757,0.99925256,-0.31513788,1.01421794,-0.45857314,1.02775520,-0.55525624,1.04019940
0.00032964,0.98192469,-0.10706533,0.99891908,-0.30102015,1.01388912,-0.43848888,1.02743622,-0.52379956,1.03989587
0.00052305,0.98177623,-0.08678884,0.99879870,-0.27405537,1.01380136,-0.41061221,1.02739137,-0.49974718,1.03990792
0.00051532,0.98181784,-0.09004301,0.99885195,-0.27828297,1.01386870,-0.41238903,1.02747478,-0.49287623,1.04000769
0.00039857,0.98147505,-0.09245739,0.99856850,-0.26591089,1.01364642,-0.36048049,1.02731073,0.47717748,1.03989392
0.00047323,0.98159197,-0.08288048,0.99877137,-0.25715054,1.01392564,-0.37356744,1.02765470,-0.39725437,1.04029098
0.00068639,0.98146735,0.02668137,0.99861133,-0.14753075,1.01372877,0.35547620,1.02742725,0.51389758,1.04004226
0.00042446,0.98177499,-0.09215841,0.99894289,-0.27321234,1.01410654,-0.39834543,1.02786266,-0.46345627,1.04054236
0.00025848,0.98194642,-0.11094762,0.99913455,-0.30454560,1.01431676,-0.44098043,1.02809089,-0.52638796,1.04078569
0.00033193,0.98191939,-0.10796659,0.99906881,-0.30604283,1.01421926,-0.45115866,1.02797208,-0.55156937,1.04066194
0.00041292,0.98196876,-0.09654638,0.99915236,-0.28127784,1.01431348,-0.40734448,1.02806872,-0.46534586,1.04076001
0.00052695,0.98163056,-0.08411216,0.99880391,-0.26024271,1.01394408,-0.35971027,1.02766194,0.47096980,1.04029879
0.00083686,0.98155615,0.04561038,0.99873781,-0.18854523,1.01389511,0.33651337,1.02762455,0.52311308,1.04025586
0.00085676,0.98160137,0.03203563,0.99879582,-0.22305609,1.01397367,-0.30790177,1.02772634,0.48633238,1.04038186
0.00086740,0.98156341,0.06053496,0.99878146,-0.13750196,1.01400467,0.35142821,1.02781707,0.52422298,1.04054079
0.00093883,0.98178594,0.07329179,0.99900764,0.20196819,1.01424634,0.39525149,1.02808838,0.55121653,1.04085657
0.00106582,0.98156308,0.09897668,0.99875179,0.27532008,1.01394728,0.44920269,1.02773885,0.58681945,1.04044856
0.00099761,0.98148639,0.09283978,0.99863114,0.26197586,1.01378349,0.43587750,1.02752439,0.57550367,1.04017035
0.00095901,0.98140758,0.07995350,0.99856155,0.21731828,1.01371845,0.39533873,1.02746202,0.54617324,1.04011215
0.00125202,0.98170864,0.10666067,0.99883083,0.27300705,1.01396245,0.43329306,1.02769109,0.56708858,1.04033863
0.00107085,0.98180785,0.08928952,0.99892822,0.21965926,1.01405817,0.37292190,1.02779563,0.52032110,1.04046812
0.00096736,0.98161929,0.07182513,0.99872879,-0.17911564,1.01385021,-0.31258542,1.02757760,0.42246138,1.04023492
0.00123536,0.98182658,0.10857063,0.99894780,0.27436700,1.01409819,0.42664146,1.02786452,0.55437140,1.04056398
0.00104724,0.98194773,0.08092411,0.99908668,-0.14775033,1.01425418,-0.31756291,1.02803681,0.39599237,1.04075286
0.00073118,0.98170922,-0.08058846,0.99888937,-0.29196351,1.01410012,-0.45277351,1.02792085,-0.56526091,1.04066825
0.00096269,0.98179266,0.04104641,0.99902509,-0.26047949,1.01428622,-0.42878675,1.02815472,-0.54778197,1.04094512
0.00081778,0.98199652,-0.07127851,0.99917195,-0.28817934,1.01440549,-0.45356698,1.02827092,-0.57095983,1.04108309
0.00095559,0.98206373,0.06100843,0.99925481,-0.22193327,1.01450991,-0.37140790,1.02839967,-0.45548766,1.04123863
0.00104932,0.98193130,0.08425630,0.99913279,0.15622678,1.01437942,-0.30165606,1.02824709,-0.41786611,1.04105596
0.00081827,0.98173129,-0.05226077,0.99892453,-0.26454708,1.01414463,-0.42739982,1.02797078,-0.54705039,1.04072615
0.00033798,0.98180846,-0.11734266,0.99904958,-0.33164690,1.01430414,-0.49275778,1.02816172,-0.60820338,1.04095088
0.00080850,0.98186941,-0.07456111,0.99913092,-0.29266882,1.01441721,-0.46041908,1.02831773,-0.58078225,1.04116147
0.00073334,0.98193336,-0.08685061,0.99932390,-0.30475669,1.01472792,-0.47209256,1.02873457,-0.59183656,1.04167378
0.00111478,0.98187592,0.07060904,0.99931163,-0.25666262,1.01476119,-0.44192852,1.02880871,-0.57325647,1.04178207
0.00129567,0.98225454,0.09041037,0.99969849,-0.23088983,1.01515552,-0.43447217,1.02920949,-0.57277604,1.04218575
0.00135159,0.98204761,0.10019870,0.99948849,-0.15340944,1.01493374,-0.40945669,1.02896545,-0.55424359,1.04190631
0.00144416,0.98211933,0.11632660,0.99948933,0.26373522,1.01486829,0.35271582,1.02883487,-0.40702472,1.04171104
0.00106603,0.98203444,0.08085578,0.99936728,-0.20396160,1.01475014,-0.39409739,1.02875853,-0.52340697,1.04171159
0.00105001,0.98201436,0.07581917,0.99933240,-0.22676325,1.01468243,-0.41345805,1.02864155,-0.54531879,1.04153095
0.00110231,0.98180921,0.08695080,0.99906513,0.11355919,1.01436951,-0.35021333,1.02829872,-0.47990294,1.04117362
0.00109620,0.98174256,0.08804009,0.99897281,0.18753032,1.01424152,-0.25637387,1.02812740,-0.39643073,1.04095357
0.00108683,0.98150315,0.09536426,0.99872350,0.23429418,1.01398188,0.35632432,1.02785226,0.45730116,1.04065731
0.00121817,0.98165582,0.10752333,0.99891436,0.26249276,1.01421873,0.38376851,1.02814139,0.45974342,1.04100697
0.00134121,0.98172462,0.12168433,0.99901341,0.30360578,1.01434384,0.45195776,1.02828509,0.56355172,1.04115543
0.00136469,0.98127995,0.12000305,0.99852712,0.29650490,1.01382308,0.44039742,1.02773255,0.54893707,1.04057262
0.00122471,0.98166335,0.11079478,0.99892631,0.28294545,1.01424050,0.43298444,1.02817029,0.55223020,1.04103234
0.00151022,0.98115309,0.12659642,0.99846678,0.30844696,1.01382054,0.45685325,1.02778416,0.57153079,1.04067722
0.00120712,0.98135943,0.10491254,0.99865426,0.25627350,1.01399318,0.37640455,1.02794265,0.46377453,1.04082035
0.00092934,0.98153851,0.07277136,0.99885226,-0.18593040,1.01422252,-0.37086536,1.02821213,-0.49924951,1.04113560
0.00091316,0.98175175,0.08135934,0.99905042,0.20338868,1.01439695,0.31817588,1.02835867,0.43494984,1.04125239
0.00094814,0.98200172,0.08822017,0.99924546,0.22825652,1.01454066,0.35204262,1.02844602,0.45252459,1.04127300
0.00073036,0.98203016,0.04279501,0.99920712,-0.21232901,1.01444045,-0.37256166,1.02828634,-0.49489479,1.04105539
0.00079707,0.98234830,0.05372866,0.99955006,-0.22284418,1.01478662,-0.39945011,1.02861867,-0.53313772,1.04135907
0.00099311,0.98237270,0.09565848,0.99961031,0.24487536,1.01488660,0.36217785,1.02876059,0.43251510,1.04154306
0.00109960,0.98252914,0.10937970,0.99979822,0.28179351,1.01511415,0.42220496,1.02903451,0.52849335,1.04186846
0.00106685,0.98268096,0.10213302,1.00000678,0.25069428,1.01536243,0.33880801,1.02931087,-0.44731885,1.04216189
0.00079310,0.98260524,0.07692946,0.99988002,0.17839231,1.01516413,-0.32550174,1.02903331,-0.48592925,1.04180531
0.00056269,0.98243285,-0.03203497,0.99973675,-0.22326396,1.01503862,-0.39699815,1.02891460,-0.53332731,1.04168536
0.00058133,0.98234543,0.01632767,0.99957376,-0.21544409,1.01479272,-0.38826117,1.02857543,-0.52501377,1.04124034
0.00069789,0.98225256,0.05032345,0.99943092,-0.22569542,1.01462277,-0.40936319,1.02839563,-0.54617149,1.04107044
0.00065962,0.98218579,-0.04577104,0.99938447,-0.25798557,1.01459807,-0.43587265,1.02838966,-0.56751500,1.04107805
0.00063291,0.98230847,-0.06277631,0.99939512,-0.27157797,1.01451216,-0.44710320,1.02821175,-0.57706459,1.04080830
0.00049006,0.98211548,-0.09138647,0.99913676,-0.30171640,1.01417886,-0.47401001,1.02779823,-0.60072740,1.04031192
0.00048149,0.98219909,-0.09837352,0.99912596,-0.31378061,1.01409750,-0.48701589,1.02766942,-0.61339844,1.04015772
0.00058100,0.98241094,-0.08370409,0.99931142,-0.29788748,1.01428069,-0.47462403,1.02786568,-0.60480030,1.04038053
0.00071069,0.98229019,-0.02587539,0.99919589,-0.25108403,1.01418306,-0.43131336,1.02779971,-0.56646741,1.04036062
0.00079593,0.98262943,0.05951722,0.99955721,-0.22524113,1.01456152,-0.41267489,1.02818985,-0.55097959,1.04075811
0.00119598,0.98259238,0.11204008,0.99953384,0.27154631,1.01453914,0.37254086,1.02815613,-0.42781332,1.04070035
0.00105896,0.98262167,0.09033470,0.99959261,-0.15245910,1.01463841,-0.41168538,1.02831030,-0.56459965,1.04092441
0.00114497,0.98277220,0.10608954,0.99972077,0.25150616,1.01474030,0.24876281,1.02838050,-0.50850315,1.04095644
0.00110337,0.98292531,0.10548712,0.99985280,0.26072503,1.01485174,0.35856963,1.02847338,-0.44236235,1.04103401
0.00133920,0.98271293,0.12201700,0.99971129,0.29596707,1.01480227,0.42418678,1.02853579,0.50657525,1.04122758
0.00140863,0.98272210,0.12303004,0.99968939,0.29352071,1.01476520,0.41640675,1.02849241,0.49196569,1.04118703
0.00186396,0.98257381,0.15051551,0.99953009,0.34963414,1.01459345,0.49522933,1.02830447,0.59736890,1.04097874
0.00167621,0.98258974,0.14141012,0.99953562,0.33612987,1.01458548,0.48258014,1.02826913,0.58738765,1.04089778
0.00167927,0.98247349,0.14106706,0.99937029,0.33411172,1.01436704,0.47873794,1.02798911,0.58212679,1.04054313
0.00156521,0.98235021,0.13587975,0.99916888,0.32386804,1.01405920,0.46313344,1.02755166,0.55905452,1.03995805
0.00144702,0.98233528,0.13221616,0.99922584,0.32326293,1.01417322,0.47074227,1.02770849,0.57828809,1.04014368
0.00135110,0.98233639,0.12432881,0.99927136,0.30631783,1.01426171,0.44814396,1.02783851,0.55170354,1.04030704
0.00132309,0.98231899,0.12530650,0.99920929,0.31403162,1.01416808,0.46537564,1.02773052,0.57942744,1.04020595
0.00131761,0.98217318,0.12663392,0.99911016,0.31786661,1.01413441,0.46902171,1.02778607,0.58026505,1.04037766
0.00149688,0.98229182,0.13975397,0.99922784,0.34058777,1.01424500,0.49303312,1.02789064,0.60221903,1.04047990
0.00111945,0.98221458,0.11816519,0.99907833,0.30874883,1.01399951,0.46285767,1.02754061,0.57638051,1.04002830
0.00106855,0.98222490,0.11584785,0.99909122,0.30633903,1.01399018,0.46072294,1.02749215,0.57368870,1.03992534
0.00106047,0.98220022,0.11694682,0.99901402,0.31063506,1.01386778,0.46737177,1.02732711,0.58193315,1.03971916
0.00110153,0.98241812,0.11888190,0.99928415,0.31349691,1.01416386,0.47071306,1.02763426,0.58531049,1.04002487
0.00110273,0.98241637,0.11602683,0.99935163,0.30718380,1.01431158,0.46336937,1.02786894,0.57738639,1.04034973
0.00093830,0.98252453,0.10258724,0.99946841,0.28894595,1.01441104,0.45040161,1.02793339,0.57126683,1.04036346
0.00062341,0.98242740,0.02608561,0.99939381,-0.11820248,1.01436260,0.31876815,1.02791820,0.46033851,1.04039091
0.00077399,0.98205619,0.07814786,0.99905770,0.24417570,1.01406618,0.41147723,1.02766002,0.54271637,1.04016474
0.00060856,0.98198287,-0.02188601,0.99896880,0.14730883,1.01395287,0.36824336,1.02751846,0.52021975,1.03999640
0.00075952,0.98195616,0.06683947,0.99887731,0.20789362,1.01379714,0.37963557,1.02729688,0.51996169,1.03970532
0.00057952,0.98197081,-0.05041752,0.99893026,-0.15645156,1.01391104,0.36933717,1.02749156,0.53349370,1.03999846
0.00062564,0.98180972,-0.05957271,0.99878127,-0.22336965,1.01377270,-0.29406054,1.02736492,0.47693476,1.03988518
0.00060055,0.98192048,-0.03786411,0.99889026,-0.16296741,1.01388680,0.33626479,1.02749238,0.50081864,1.04003516
0.00058087,0.98195026,-0.04758621,0.99901436,-0.19900924,1.01408191,-0.24878919,1.02774029,0.45168619,1.04032363
0.00076903,0.98209775,0.07865820,0.99913202,0.23943080,1.01416864,0.40013316,1.02779405,0.52800286,1.04034341
0.00081863,0.98196450,0.08327293,0.99896773,0.24060756,1.01397449,0.39166457,1.02757104,0.51229613,1.04009134
0.00077985,0.98196468,0.09120083,0.99899493,0.27751464,1.01402866,0.44825178,1.02764625,0.57905558,1.04017793
0.00095262,0.98196778,0.10817987,0.99897316,0.30532596,1.01397221,0.47462282,1.02755400,0.60152640,1.04005323
0.00103782,0.98189928,0.10848289,0.99885904,0.29675159,1.01383397,0.45981867,1.02740322,0.58401831,1.03989786
0.00115744,0.98190501,0.11891751,0.99884027,0.31449117,1.01382810,0.47633705,1.02743113,0.59686475,1.03996875
0.00139266,0.98218243,0.13225914,0.99911116,0.33150032,1.01410455,0.48856558,1.02771590,0.60343602,1.04026105
0.00115761,0.98219940,0.11621027,0.99917117,0.30176095,1.01418741,0.45296190,1.02780166,0.56503096,1.04032845
0.00105304,0.98237881,0.10672867,0.99930119,0.28442255,1.01429913,0.43427116,1.02791939,0.54662873,1.04046799
0.00135316,0.98237733,0.13114155,0.99932119,0.32879769,1.01433601,0.48329623,1.02797359,0.59506669,1.04054220
0.00157901,0.98255213,0.13894092,0.99949455,0.33441276,1.01450799,0.48352723,1.02815032,0.59182574,1.04073429
0.00158258,0.98260974,0.13963128,0.99954812,0.33863008,1.01454281,0.49305650,1.02816022,0.60708178,1.04071846
0.00162707,0.98278832,0.14348809,0.99972169,0.34624415,1.01471267,0.50205848,1.02831757,0.61603456,1.04085010
0.00152384,0.98282109,0.14465821,0.99975263,0.35362185,1.01473976,0.51251275,1.02833343,0.62646564,1.04084345
0.00152803,0.98268011,0.14454011,0.99957096,0.35409351,1.01451898,0.51357418,1.02807203,0.62768610,1.04053904
0.00131880,0.98274469,0.13078230,0.99960498,0.33006945,1.01452132,0.48592495,1.02803768,0.59828847,1.04046038
0.00126955,0.98276387,0.12901886,0.99961488,0.32664355,1.01453066,0.48023292,1.02805888,0.59021048,1.04050743
0.00135997,0.98280710,0.13559952,0.99964315,0.33875024,1.01455001,0.49466240,1.02807185,0.60588589,1.04051509
0.00125405,0.98304249,0.12597841,0.99990146,0.31894339,1.01482515,0.46921469,1.02836619,0.57601963,1.04083831
0.00097712,0.98307978,0.10434573,0.99991001,0.27625864,1.01482818,0.41152156,1.02838608,0.49549418,1.04089661
0.00092169,0.98307866,0.09019385,0.99982405,0.22073673,1.01468128,-0.29502899,1.02818991,-0.50257984,1.04065393
0.00119156,0.98326174,0.11573388,1.00002341,0.28854668,1.01488055,0.41700556,1.02837811,0.49279734,1.04082383
0.00111834,0.98292882,0.11085869,0.99971236,0.28060154,1.01461517,0.40957979,1.02817156,0.49000907,1.04068228
0.00127938,0.98274275,0.12574748,0.99953059,0.31586617,1.01444711,0.46450049,1.02802178,0.57282220,1.04055266
0.00111126,0.98289281,0.10980069,0.99962215,0.27948567,1.01448880,0.41268798,1.02801908,0.50587543,1.04050935
0.00105742,0.98308319,0.10409798,0.99984036,0.26514619,1.01472582,0.39231708,1.02825733,0.48032120,1.04072942
0.00115070,0.98289836,0.10793003,0.99965587,0.26518958,1.01453661,0.37681452,1.02805954,0.39811779,1.04052162
0.00101484,0.98292830,0.09052823,0.99969597,0.19435898,1.01458870,-0.35157849,1.02812506,-0.51372713,1.04060392
0.00104808,0.98288808,0.09929903,0.99971417,0.24715364,1.01467739,0.34112163,1.02829117,-0.44256885,1.04085221
0.00101673,0.98289274,0.09726014,0.99983524,0.24731396,1.01489621,0.35694996,1.02859446,-0.34380495,1.04123176
0.00101162,0.98315139,0.09597987,1.00006885,0.24278774,1.01511538,0.34262181,1.02881713,-0.43450403,1.04148085
0.00084415,0.98304542,0.07066103,1.00003276,-0.15470924,1.01514492,-0.36356871,1.02891918,-0.51264364,1.04166522
0.00088826,0.98305343,0.07814837,0.99996986,0.15841336,1.01501195,-0.34305799,1.02871822,-0.50173587,1.04139733
0.00083747,0.98296748,0.06993772,0.99983923,-0.15319072,1.01485677,-0.36128454,1.02856254,-0.51215059,1.04127209
0.00080924,0.98316761,0.05425713,1.00012401,-0.22230257,1.01520415,-0.40100007,1.02895067,-0.53871077,1.04167837
0.00086575,0.98291479,0.07307802,0.99980976,-0.17970074,1.01482718,-0.38898583,1.02850770,-0.53913482,1.04116371
0.00066016,0.98317802,0.01671825,1.00013963,-0.21534099,1.01522210,-0.37751954,1.02896764,-0.51006424,1.04168746
0.00089193,0.98300590,0.09327509,1.00002599,0.25696742,1.01515990,0.40056205,1.02895214,0.50926977,1.04171338
0.00083186,0.98319228,0.08090245,1.00028833,0.21113036,1.01548833,0.29586011,1.02933149,-0.42792198,1.04212388
0.00107803,0.98294888,0.10713072,1.00000595,0.27577074,1.01517220,0.40769692,1.02899070,0.49017288,1.04177229
0.00125804,0.98282712,0.11981135,0.99992197,0.30019462,1.01511722,0.44159173,1.02896203,0.54252680,1.04177045
0.00141933,0.98247102,0.13345940,0.99956823,0.32949654,1.01477661,0.48157009,1.02864717,0.59234905,1.04149587
0.00115708,0.98224988,0.11503236,0.99931959,0.29698998,1.01447885,0.44596435,1.02828287,0.55788382,1.04104693
0.00125979,0.98231916,0.12413869,0.99941449,0.31575389,1.01459010,0.46885835,1.02840539,0.58252040,1.04117648
0.00123559,0.98241072,0.12570515,0.99957723,0.32546514,1.01484267,0.48602092,1.02876920,0.60456455,1.04167259
0.00105523,0.98250554,0.11849998,0.99965406,0.31984550,1.01489558,0.48404297,1.02879973,0.60467843,1.04168899
0.00102758,0.98255853,0.11340739,0.99969842,0.30903345,1.01492810,0.47124704,1.02881983,0.59132625,1.04169257
0.00089554,0.98252826,0.10508951,0.99963263,0.29741929,1.01483560,0.46044657,1.02870678,0.58224142,1.04156239
0.00090313,0.98233713,0.11274405,0.99948365,0.31681254,1.01472295,0.48465008,1.02863551,0.60777603,1.04154265
0.00067142,0.98220320,0.09529647,0.99932147,0.29906283,1.01451870,0.47378682,1.02838605,0.60291375,1.04125421
0.00086628,0.98207950,0.10990102,0.99919357,0.31294513,1.01437063,0.48260582,1.02819850,0.60871376,1.04101143
0.00082958,0.98201889,0.10723294,0.99914513,0.30897639,1.01432372,0.47824921,1.02813753,0.60390562,1.04091653
0.00071386,0.98202032,0.09601609,0.99910964,0.29436118,1.01427151,0.46558966,1.02808067,0.59310944,1.04086287
0.00117914,0.98176730,0.13089280,0.99887456,0.34113324,1.01405996,0.50576525,1.02789968,0.62438158,1.04072159
0.00145667,0.98199660,0.14553425,0.99914280,0.35847792,1.01436234,0.51784246,1.02823410,0.63012938,1.04108586
0.00126173,0.98202241,0.13995940,0.99917817,0.35497486,1.01438733,0.51818868,1.02823251,0.63408636,1.04104064
0.00110767,0.98217414,0.12966098,0.99939228,0.34130650,1.01466686,0.50710619,1.02858287,0.62657160,1.04146865
0.00112855,0.98212083,0.12916511,0.99930696,0.33871044,1.01453165,0.50330744,1.02837766,0.62240747,1.04117079
0.00111238,0.98225894,0.12634788,0.99945463,0.33260884,1.01468009,0.49620680,1.02852093,0.61566862,1.04130505
0.00094915,0.98234834,0.11324093,0.99950295,0.31039380,1.01467813,0.47104104,1.02845484,0.58923936,1.04115806
0.00081928,0.98220963,0.09594800,0.99930643,0.27201353,1.01443885,0.42077659,1.02818799,0.53104002,1.04087578
0.00085418,0.98220317,0.09479381,0.99933485,0.26311653,1.01453147,0.40537540,1.02837401,0.51108796,1.04118368
0.00056695,0.98233299,-0.02976497,0.99940420,-0.21435630,1.01456363,-0.38496017,1.02839168,-0.52272523,1.04120718
0.00042003,0.98238278,-0.08092149,0.99952480,-0.27518469,1.01472669,-0.44493751,1.02857586,-0.57507940,1.04139667
0.00033868,0.98252096,-0.08997725,0.99960788,-0.28292406,1.01475671,-0.44745813,1.02855645,-0.57297680,1.04133310
0.00021912,0.98245189,-0.10146256,0.99954532,-0.29481595,1.01471324,-0.45247923,1.02853357,-0.57001963,1.04132540
-0.00034004,0.98244887,-0.14161958,0.99954537,-0.35386402,1.01469432,-0.51205925,1.02847572,-0.62485577,1.04120989
-0.00018718,0.98245425,-0.13051563,0.99950631,-0.33586761,1.01460139,-0.49261100,1.02832250,-0.60574954,1.04099268
-0.00013379,0.98241436,-0.12960688,0.99944923,-0.33705626,1.01454144,-0.49543329,1.02827162,-0.60911979,1.04096306
0.00009097,0.98265861,-0.11323284,0.99971707,-0.31132553,1.01483580,-0.46727847,1.02860144,-0.58098077,1.04134563
0.00023479,0.98271410,-0.10325433,0.99973646,-0.29904165,1.01481869,-0.45646187,1.02853687,-0.57239525,1.04121490
-0.00002603,0.98275671,-0.12154612,0.99972824,-0.32268078,1.01473470,-0.47791587,1.02835746,-0.59040222,1.04092354
-0.00023169,0.98261404,-0.13342983,0.99957668,-0.34023095,1.01457862,-0.49825348,1.02819441,-0.61361694,1.04074822
-0.00011306,0.98259307,-0.12420660,0.99959526,-0.32205894,1.01464470,-0.47405527,1.02831588,-0.58506086,1.04093539
-0.00005386,0.98242327,-0.12265379,0.99943400,-0.32133140,1.01451274,-0.47355725,1.02823459,-0.58388962,1.04092855
0.00004879,0.98231164,-0.11850884,0.99932111,-0.31895783,1.01438121,-0.47558316,1.02806468,-0.59094117,1.04069741
0.00002993,0.98240424,-0.12141724,0.99945851,-0.32269548,1.01457095,-0.47873073,1.02831099,-0.59435236,1.04100418
-0.00020470,0.98240402,-0.12928256,0.99950572,-0.32859287,1.01465822,-0.48051894,1.02843389,-0.59281184,1.04116027
-0.00016000,0.98233739,-0.13197515,0.99937931,-0.33977232,1.01448189,-0.49780956,1.02821647,-0.61201486,1.04090680
-0.00044743,0.98236518,-0.14819594,0.99943797,-0.36374679,1.01455953,-0.52284422,1.02829913,-0.63628299,1.04097863
-0.00035759,0.98239515,-0.14317531,0.99944089,-0.35675714,1.01452725,-0.51606974,1.02821968,-0.63005271,1.04083611
-0.00053007,0.98229733,-0.15302421,0.99937610,-0.37209135,1.01448413,-0.53285224,1.02819213,-0.64684361,1.04082116
-0.00036024,0.98229081,-0.14105392,0.99943952,-0.35199914,1.01460286,-0.51102548,1.02835752,-0.62645915,1.04102825
-0.00041014,0.98234611,-0.14382053,0.99944724,-0.35491313,1.01456028,-0.51130465,1.02826358,-0.62299565,1.04088101
-0.00028215,0.98206958,-0.13621684,0.99920429,-0.34339029,1.01435515,-0.49954881,1.02809305,-0.61254052,1.04073902
0.00002757,0.98217230,-0.11584694,0.99933932,-0.31151342,1.01452720,-0.46409727,1.02830636,-0.57644421,1.04100138
-0.00020813,0.98227440,-0.12957364,0.99946950,-0.32925486,1.01468395,-0.48049434,1.02849269,-0.59082659,1.04122050
0.00000881,0.98235632,-0.11613268,0.99956494,-0.31051716,1.01483161,-0.46261954,1.02872508,-0.57641137,1.04156634
0.00010658,0.98238703,-0.10375454,0.99958024,-0.29034522,1.01483144,-0.44316402,1.02871344,-0.56114789,1.04154775
-0.00027575,0.98223261,-0.13141821,0.99942893,-0.33215312,1.01467267,-0.48525853,1.02854128,-0.59828853,1.04136433
-0.00000738,0.98229221,-0.11300447,0.99949613,-0.30483975,1.01474959,-0.45831260,1.02863347,-0.57438432,1.04147623
-0.00015721,0.98213890,-0.12241876,0.99935747,-0.31673032,1.01461119,-0.46791772,1.02847460,-0.58056473,1.04127445
-0.00035931,0.98238510,-0.13532637,0.99959954,-0.33741309,1.01486452,-0.49086720,1.02875474,-0.60361970,1.04159953
-0.00027633,0.98224483,-0.12780532,0.99947068,-0.32272793,1.01475639,-0.47322486,1.02867481,-0.58629959,1.04155622
-0.00036932,0.98186826,-0.13038213,0.99903751,-0.32196454,1.01427901,-0.46758896,1.02816044,-0.57694848,1.04100804
-0.00067271,0.98179768,-0.14502666,0.99901139,-0.34368801,1.01434540,-0.48944675,1.02835739,-0.59531798,1.04136512
-0.00057733,0.98183733,-0.13603363,0.99896703,-0.32333786,1.01420647,-0.45962022,1.02811267,-0.55743311,1.04099963
-0.00044263,0.98178037,-0.13310460,0.99891105,-0.32191354,1.01415213,-0.45957252,1.02805901,-0.55739358,1.04094330
-0.00050340,0.98177173,-0.13645899,0.99883927,-0.32599422,1.01402109,-0.46020560,1.02787319,-0.54905257,1.04070798
-0.00069728,0.98189472,-0.14442862,0.99894654,-0.33901033,1.01411465,-0.47823375,1.02795221,-0.57483955,1.04076900
-0.00075443,0.98210754,-0.14810053,0.99913137,-0.34769155,1.01426311,-0.49259060,1.02806293,-0.59597253,1.04084262
-0.00070385,0.98205783,-0.14729581,0.99915140,-0.34819068,1.01436506,-0.49557480,1.02824925,-0.60225085,1.04110517
-0.00068593,0.98216341,-0.14948182,0.99921492,-0.35389074,1.01438707,-0.50267842,1.02821808,-0.60866240,1.04100429
-0.00043801,0.98209871,-0.13748803,0.99906598,-0.33538861,1.01414904,-0.48274306,1.02787657,-0.58972238,1.04053886
-0.00029087,0.98212392,-0.12524016,0.99910438,-0.31071754,1.01421498,-0.45055966,1.02798705,-0.55364252,1.04071336
-0.00051314,0.98233241,-0.13803037,0.99934352,-0.33077490,1.01447611,-0.47133754,1.02825581,-0.57121978,1.04096957
-0.00051061,0.98260670,-0.13908176,0.99955830,-0.33276837,1.01465653,-0.47370165,1.02842046,-0.57413694,1.04113329
-0.00098313,0.98275136,-0.16084399,0.99975805,-0.36697661,1.01490476,-0.51201044,1.02871443,-0.61303459,1.04147625
-0.00129204,0.98239845,-0.17409030,0.99938564,-0.38846983,1.01451446,-0.53728996,1.02829909,-0.64079997,1.04102524
-0.00143326,0.98225823,-0.17867406,0.99923790,-0.39573821,1.01435640,-0.54555563,1.02812783,-0.64891171,1.04084004
-0.00140268,0.98241952,-0.17699448,0.99944899,-0.39148536,1.01459182,-0.53857186,1.02836643,-0.63921557,1.04106330
-0.00124844,0.98244286,-0.17399731,0.99949187,-0.38964434,1.01466370,-0.53909285,1.02846688,-0.64254463,1.04118717
-0.00114728,0.98213556,-0.16913963,0.99922305,-0.38119547,1.01444793,-0.52856751,1.02831224,-0.63043909,1.04109901
-0.00096758,0.98207343,-0.16326471,0.99913930,-0.37435522,1.01433779,-0.52368949,1.02817845,-0.62883780,1.04094853
-0.00092171,0.98190912,-0.16060072,0.99897962,-0.36927288,1.01418040,-0.51621731,1.02802436,-0.61811233,1.04079973
-0.00064018,0.98158749,-0.14907151,0.99863460,-0.35267966,1.01380795,-0.49862231,1.02762508,-0.60054889,1.04037631
-0.00078876,0.98183392,-0.15729158,0.99882809,-0.36663004,1.01395554,-0.51528837,1.02773201,-0.61873394,1.04044739
-0.00073160,0.98145597,-0.15544289,0.99846085,-0.36375417,1.01358171,-0.51132840,1.02733571,-0.61320916,1.04001522
-0.00078918,0.98125115,-0.15926883,0.99821968,-0.37062967,1.01328325,-0.51963590,1.02696278,-0.62239485,1.03955351
-0.00062843,0.98119734,-0.15179425,0.99811191,-0.35693674,1.01312181,-0.50000372,1.02675520,-0.59524574,1.03931177
-0.00052186,0.98138493,-0.14888185,0.99830900,-0.35633857,1.01331387,-0.50422434,1.02693384,-0.60577206,1.03947271
-0.00027530,0.98144775,-0.13626642,0.99833897,-0.33861965,1.01333755,-0.48745724,1.02697244,-0.59245793,1.03954406
-0.00035994,0.98139106,-0.14076797,0.99824091,-0.34398818,1.01322159,-0.49081855,1.02685102,-0.59244104,1.03942376
-0.00050403,0.98133358,-0.14720094,0.99819243,-0.35343787,1.01318754,-0.50177529,1.02684066,-0.60506323,1.03944946
-0.00052886,0.98099194,-0.14811609,0.99783858,-0.35580316,1.01283946,-0.50658134,1.02651837,-0.61359201,1.03917243
-0.00063260,0.98084938,-0.15602909,0.99772109,-0.36930512,1.01273597,-0.52175343,1.02642182,-0.62857881,1.03907859
-0.00069788,0.98101941,-0.15698410,0.99787555,-0.36650324,1.01287868,-0.51358323,1.02655189,-0.61483036,1.03918950
-0.00048916,0.98118964,-0.14658796,0.99800414,-0.34928650,1.01296386,-0.49355181,1.02659637,-0.59424129,1.03919988
-0.00040293,0.98114434,-0.14365297,0.99790850,-0.34731770,1.01282342,-0.49496606,1.02642057,-0.60039881,1.03899791
-0.00021242,0.98146377,-0.13813062,0.99823496,-0.34390658,1.01319162,-0.49539278,1.02685992,-0.60399626,1.03953495
-0.00027343,0.98171003,-0.14483836,0.99846848,-0.35917447,1.01342213,-0.51639150,1.02708469,-0.62785360,1.03974286
0.00000538,0.98152248,-0.13277489,0.99827834,-0.34524180,1.01320364,-0.50458065,1.02682321,-0.61886484,1.03942889
0.00017346,0.98160271,-0.12457541,0.99833683,-0.33671929,1.01322216,-0.49790736,1.02678849,-0.61347751,1.03933147
0.00021615,0.98170450,-0.12342480,0.99846770,-0.33844962,1.01336901,-0.50272509,1.02694406,-0.62055299,1.03949800
0.00019844,0.98172142,-0.12506827,0.99854377,-0.34114836,1.01349114,-0.50588758,1.02710621,-0.62361623,1.03969662
0.00067108,0.98182251,-0.07884718,0.99864590,-0.28380346,1.01360421,-0.45084189,1.02724157,-0.57274482,1.03986834
0.00099437,0.98173226,0.08658321,0.99863527,0.22043343,1.01365594,0.32864401,1.02733249,0.40584803,1.03997148
0.00129413,0.98207118,0.11316199,0.99894613,0.28277171,1.01393958,0.41968187,1.02758590,0.52367043,1.04019090
0.00135633,0.98187744,0.12034775,0.99876802,0.30211511,1.01377327,0.44955691,1.02741991,0.56212378,1.04000917
0.00147301,0.98175428,0.12515022,0.99862270,0.30688123,1.01358465,0.45111616,1.02717813,0.55995023,1.03971069
0.00140636,0.98187479,0.11629575,0.99877442,0.27745569,1.01377470,0.39286258,1.02741603,0.45341857,1.04000819
0.00135359,0.98203609,0.11679020,0.99901168,0.28553525,1.01409420,0.41306326,1.02782093,0.49851541,1.04050102
0.00112120,0.98198818,0.10485074,0.99894405,0.27224800,1.01400246,0.41042561,1.02770061,0.51467585,1.04034507
0.00094919,0.98179970,0.08934320,0.99883241,0.24268620,1.01397239,0.38123345,1.02775756,0.49685352,1.04049752
0.00111493,0.98182900,0.10878442,0.99888482,0.28826581,1.01403085,0.43881132,1.02780845,0.55478596,1.04053286
0.00093926,0.98200585,0.09901830,0.99915086,0.27928966,1.01435469,0.43519594,1.02816636,0.55398688,1.04090265
0.00092235,0.98185136,0.09073301,0.99897720,0.25221602,1.01415722,0.39199975,1.02794331,0.49535837,1.04065097
0.00106318,0.98161910,0.11003580,0.99871929,0.29699005,1.01387990,0.44987932,1.02765174,0.56078885,1.04035215
0.00114651,0.98166604,0.12141679,0.99878735,0.32103811,1.01396271,0.47895539,1.02774564,0.59191435,1.04045507
0.00094115,0.98157059,0.10739372,0.99857305,0.30482474,1.01364297,0.46972914,1.02733199,0.59114114,1.03995670
0.00082051,0.98181926,0.08949686,0.99880600,0.26834532,1.01388248,0.42363365,1.02759133,0.53557222,1.04024601
0.00075983,0.98176372,0.07869331,0.99875691,0.24954659,1.01381277,0.40570419,1.02747954,0.52065965,1.04007299
0.00072943,0.98155590,0.04250577,0.99853046,-0.14437073,1.01356131,-0.11679479,1.02720086,0.36237639,1.03977009
0.00077877,0.98172299,0.07175873,0.99871030,0.23357957,1.01372765,0.40017264,1.02734440,0.53262341,1.03989251
0.00093625,0.98124452,0.08898407,0.99826005,0.25873396,1.01328724,0.41789782,1.02689088,0.54298615,1.03939628
0.00057311,0.98139028,-0.07052179,0.99841184,-0.22984075,1.01345383,-0.33923694,1.02707490,0.30827278,1.03959433
0.00041181,0.98170209,-0.10094685,0.99877463,-0.29037695,1.01384997,-0.43410932,1.02749540,-0.53444408,1.04003429
0.00054939,0.98186491,-0.08546347,0.99899565,-0.26601448,1.01412839,-0.40258287,1.02783615,-0.49204623,1.04044344
0.00074671,0.98185285,-0.05853764,0.99899100,-0.23213447,1.01415328,-0.34722220,1.02790316,0.41415305,1.04055832
0.00098428,0.98193043,0.08070594,0.99909439,0.23189005,1.01426591,0.39740372,1.02801174,0.53538320,1.04065074
0.00115960,0.98204812,0.10393658,0.99919227,0.28263551,1.01436955,0.44335583,1.02813564,0.56884025,1.04080339
0.00070705,0.98216769,-0.06019840,0.99929418,-0.21893092,1.01445089,-0.25413026,1.02820381,0.48215302,1.04087300
0.00065392,0.98195920,-0.07850495,0.99905373,-0.25824238,1.01419456,-0.38986121,1.02794055,-0.46542705,1.04060956
0.00052954,0.98213781,-0.09915618,0.99922513,-0.29183651,1.01434142,-0.43462171,1.02804936,-0.52994353,1.04066932
0.00038602,0.98212411,-0.11447278,0.99926991,-0.31698416,1.01443906,-0.46815638,1.02820687,-0.57526158,1.04090234
0.00029577,0.98215290,-0.12245563,0.99927777,-0.33060266,1.01443293,-0.48521480,1.02820263,-0.59515705,1.04092073
0.00001886,0.98235661,-0.14092506,0.99946903,-0.35719589,1.01462023,-0.51369902,1.02838143,-0.62345688,1.04107936
0.00004808,0.98252061,-0.13505129,0.99960097,-0.34464368,1.01470568,-0.49698056,1.02840690,-0.60399607,1.04103406
0.00010316,0.98254175,-0.13494233,0.99957038,-0.34869866,1.01461363,-0.50508065,1.02824719,-0.61495432,1.04080120
0.00000488,0.98251117,-0.13647683,0.99946691,-0.34729831,1.01445471,-0.50122075,1.02805020,-0.60947890,1.04058253
0.00005223,0.98238450,-0.13019600,0.99929705,-0.33492601,1.01424723,-0.48549775,1.02780724,-0.59248314,1.04030229
0.00032567,0.98236753,-0.11198163,0.99935238,-0.30873098,1.01436203,-0.45712698,1.02797584,-0.56374613,1.04052433
0.00040509,0.98245444,-0.10608098,0.99937088,-0.30214567,1.01430813,-0.45303163,1.02784556,-0.56379581,1.04031288
0.00062709,0.98244095,-0.09144773,0.99941249,-0.29185709,1.01442514,-0.45174304,1.02805042,-0.57199443,1.04061338
0.00083021,0.98263200,-0.04692079,0.99956926,-0.24378155,1.01454854,-0.40309670,1.02814590,-0.52668277,1.04068737
0.00085369,0.98250536,-0.05086012,0.99944205,-0.25904753,1.01442833,-0.42952751,1.02804474,-0.55954088,1.04062258
0.00058324,0.98221702,-0.09239320,0.99905603,-0.28836486,1.01395540,-0.44343233,1.02749606,-0.55874906,1.04001167
0.00041819,0.98210152,-0.10683944,0.99892941,-0.30472999,1.01384570,-0.45627610,1.02742174,-0.56663425,1.03998728
0.00046951,0.98213265,-0.10297541,0.99891841,-0.29785604,1.01378398,-0.44655775,1.02729805,-0.55397077,1.03979045
0.00041991,0.98210576,-0.10218552,0.99884419,-0.28938245,1.01369408,-0.42859752,1.02722132,-0.52439834,1.03975155
0.00041105,0.98184741,-0.10614289,0.99857644,-0.30353934,1.01340510,-0.45621028,1.02690094,-0.56794239,1.03939160
0.00027265,0.98199165,-0.10833370,0.99874381,-0.29117265,1.01360065,-0.42218388,1.02713404,-0.50426503,1.03967429
0.00030836,0.98192944,-0.09727552,0.99866950,-0.25830175,1.01352069,-0.34328186,1.02704761,0.46055534,1.03957647
0.00049115,0.98200204,-0.09245699,0.99877682,-0.27661303,1.01363335,-0.42034284,1.02713762,-0.52748865,1.03961465
0.00042685,0.98157135,-0.09409347,0.99837898,-0.26818636,1.01324865,-0.39050228,1.02674661,-0.44990130,1.03919670
0.00028847,0.98156791,-0.11099157,0.99839924,-0.30514434,1.01330625,-0.45321165,1.02684341,-0.56173080,1.03933018
0.00027051,0.98155488,-0.11148315,0.99839708,-0.30707517,1.01331437,-0.45681852,1.02686403,-0.56594704,1.03936839
0.00044452,0.98160680,-0.09731353,0.99839952,-0.28774195,1.01327974,-0.43632269,1.02680403,-0.54464877,1.03929264
0.00048403,0.98202695,-0.09342911,0.99879559,-0.28100574,1.01365441,-0.42779439,1.02715587,-0.53510886,1.03961634
0.00071184,0.98198637,-0.02046428,0.99871101,-0.17061153,1.01352701,0.27749930,1.02699010,0.45361987,1.03941470
0.00049929,0.98231839,-0.07843515,0.99903987,-0.22953680,1.01386941,-0.26310509,1.02735709,0.47850602,1.03981461
0.00011029,0.98227107,-0.12039906,0.99898410,-0.31204644,1.01378612,-0.45059758,1.02722278,-0.54467287,1.03960498
-0.00001837,0.98253719,-0.12721521,0.99926049,-0.32263881,1.01408018,-0.46404698,1.02754122,-0.56097366,1.03995269
0.00018572,0.98254620,-0.11220211,0.99930826,-0.29878382,1.01416448,-0.43860488,1.02766301,-0.54052463,1.04011501
0.00010506,0.98278737,-0.12269260,0.99953354,-0.32334854,1.01437554,-0.47560677,1.02785863,-0.58725676,1.04029270
0.00010024,0.98247879,-0.12778158,0.99926384,-0.33620199,1.01413167,-0.49371178,1.02762835,-0.60815719,1.04006392
-0.00027139,0.98240334,-0.14672892,0.99921709,-0.36006922,1.01411348,-0.51490314,1.02764163,-0.62482364,1.04011218
-0.00031219,0.98233896,-0.15059933,0.99918961,-0.36836299,1.01413968,-0.52605048,1.02774086,-0.63718704,1.04030796
-0.00029734,0.98214138,-0.15083068,0.99895612,-0.36981563,1.01388165,-0.52858290,1.02747152,-0.64054574,1.04004046
-0.00020959,0.98230547,-0.14910809,0.99907685,-0.36823888,1.01397649,-0.52684540,1.02754956,-0.63863824,1.04010529
-0.00015809,0.98236857,-0.14740693,0.99916009,-0.36665347,1.01407682,-0.52561516,1.02766170,-0.63745022,1.04022202
-0.00003643,0.98266406,-0.14108517,0.99939731,-0.35821190,1.01426414,-0.51768372,1.02779987,-0.63092034,1.04030923
-0.00020953,0.98266954,-0.14838195,0.99944604,-0.36552859,1.01434266,-0.52149918,1.02789123,-0.63050682,1.04039677
0.00006263,0.98273342,-0.13626434,0.99957165,-0.35050118,1.01452761,-0.50686617,1.02813821,-0.61661738,1.04071092
0.00026872,0.98285842,-0.12205768,0.99973758,-0.33069835,1.01472051,-0.48729363,1.02833963,-0.59919876,1.04089949
0.00001743,0.98285568,-0.13894343,0.99974139,-0.35522164,1.01470452,-0.51354581,1.02829073,-0.62521104,1.04081340
0.00004504,0.98282680,-0.13645507,0.99968839,-0.35147945,1.01462788,-0.51011460,1.02819499,-0.62277694,1.04070197
0.00022236,0.98308554,-0.13264036,1.00001081,-0.35333409,1.01499866,-0.51762561,1.02860401,-0.63424957,1.04114310
0.00005355,0.98327155,-0.14121156,1.00021808,-0.36321130,1.01523144,-0.52622766,1.02886205,-0.64110773,1.04142181
0.00006429,0.98331610,-0.14138790,1.00021792,-0.36478493,1.01517174,-0.52946795,1.02873926,-0.64565963,1.04123994
-0.00002184,0.98331644,-0.14402051,1.00015598,-0.36624306,1.01506731,-0.52941251,1.02860964,-0.64460031,1.04109786
-0.00008301,0.98345719,-0.14822952,1.00028153,-0.37327858,1.01516557,-0.53834951,1.02866721,-0.65528397,1.04110318
-0.00002365,0.98330057,-0.14585135,1.00012762,-0.36993328,1.01502702,-0.53475670,1.02855085,-0.65170723,1.04101235
-0.00010817,0.98338673,-0.14732092,1.00027260,-0.36910579,1.01522967,-0.53174742,1.02880905,-0.64698288,1.04132160
-0.00001465,0.98323897,-0.14342921,1.00015259,-0.36540952,1.01515271,-0.52942453,1.02878604,-0.64574193,1.04136093
-0.00014126,0.98333214,-0.14732686,1.00021014,-0.36686998,1.01516647,-0.52779345,1.02875144,-0.64235726,1.04127784
-0.00010339,0.98317757,-0.14431126,1.00017690,-0.36154365,1.01522287,-0.52150448,1.02887267,-0.63585863,1.04144578
0.00012920,0.98287686,-0.13311507,0.99978993,-0.34704642,1.01474213,-0.50642257,1.02828274,-0.62025436,1.04072556
-0.00005368,0.98285314,-0.14120752,0.99970926,-0.35545687,1.01462805,-0.51250380,1.02815897,-0.62432129,1.04061666
0.00013622,0.98281428,-0.12763396,0.99970916,-0.33243089,1.01468485,-0.48505657,1.02828769,-0.59534826,1.04083047
0.00040732,0.98270514,-0.11144958,0.99967720,-0.31045380,1.01471634,-0.45996445,1.02837220,-0.56599083,1.04096012
0.00023635,0.98286775,-0.12143838,0.99982137,-0.32198294,1.01484292,-0.47042471,1.02848367,-0.57561178,1.04106204
0.00040537,0.98306013,-0.10992533,1.00007219,-0.30695852,1.01514541,-0.45568770,1.02883496,-0.56175745,1.04146270
0.00071747,0.98335440,-0.05699174,1.00033462,-0.21135345,1.01537495,-0.28772583,1.02902989,0.43996700,1.04162063
0.00058354,0.98319486,-0.08856938,1.00014754,-0.27728305,1.01514221,-0.42925948,1.02873914,-0.54461158,1.04126456
0.00039088,0.98333151,-0.11100856,1.00026639,-0.31227607,1.01528192,-0.46830042,1.02893066,-0.58324004,1.04153256
0.00043079,0.98330123,-0.10166752,1.00028697,-0.29366931,1.01535229,-0.44590153,1.02905853,-0.56123371,1.04173469
0.00048183,0.98332927,-0.10177452,1.00040342,-0.30134376,1.01554351,-0.46098579,1.02931524,-0.58120764,1.04204823
0.00055119,0.98369698,-0.09309716,1.00078368,-0.28615181,1.01593305,-0.44256680,1.02970803,-0.56201217,1.04243796
0.00050102,0.98384040,-0.09516977,1.00088250,-0.27945602,1.01597610,-0.42029397,1.02968015,-0.52187740,1.04231723
0.00055983,0.98393355,-0.09249720,1.00101960,-0.28053288,1.01615129,-0.42505376,1.02989076,-0.52768119,1.04256097
0.00023763,0.98389716,-0.11807880,1.00092927,-0.31741855,1.01600419,-0.46922833,1.02968662,-0.58009137,1.04230020
-0.00017194,0.98386240,-0.14341814,1.00086351,-0.35546352,1.01590726,-0.51077799,1.02956074,-0.62168341,1.04215256
-0.00001964,0.98374935,-0.13572682,1.00073295,-0.34418696,1.01575462,-0.49809915,1.02937394,-0.60836547,1.04191699
0.00022798,0.98378001,-0.11645779,1.00077300,-0.31142952,1.01580166,-0.45904183,1.02942451,-0.56711350,1.04196653
0.00015748,0.98396182,-0.11985092,1.00095662,-0.31605922,1.01597805,-0.46379221,1.02959044,-0.57064577,1.04212077
0.00000768,0.98388569,-0.13334534,1.00088220,-0.34056438,1.01591134,-0.49457124,1.02953855,-0.60487191,1.04209028
0.00044200,0.98378959,-0.11051000,1.00081438,-0.31343646,1.01586674,-0.46940220,1.02951898,-0.58228788,1.04210009
0.00063042,0.98364259,-0.09279772,1.00069042,-0.29262062,1.01574790,-0.45213803,1.02938913,-0.56968472,1.04194320
0.00101383,0.98374611,0.07307463,1.00077635,-0.16606660,1.01582413,-0.36321964,1.02946240,-0.49802791,1.04201928
0.00096325,0.98346626,0.06301359,1.00053294,-0.18650777,1.01560695,-0.35511159,1.02926049,-0.47533964,1.04182247
0.00115731,0.98372648,0.09670560,1.00077217,0.24978589,1.01581035,0.38389179,1.02941791,0.49745417,1.04192534
0.00127763,0.98381222,0.10669661,1.00088632,0.27134721,1.01596271,0.40801510,1.02961963,0.51464682,1.04218672
0.00127954,0.98370617,0.10887510,1.00078038,0.27506393,1.01584845,0.40652151,1.02948611,0.50107531,1.04202523
0.00085317,0.98402590,-0.05994649,1.00104233,-0.26838845,1.01609223,-0.43949988,1.02973943,-0.56599099,1.04230837
0.00100990,0.98390795,0.07487287,1.00100664,-0.14850466,1.01613158,-0.36672194,1.02985175,-0.51004575,1.04249754
0.00099406,0.98391247,0.06417740,1.00104022,-0.22801190,1.01621549,-0.41815672,1.03000377,-0.55706846,1.04273338
0.00086980,0.98361945,-0.04715357,1.00073766,-0.26755791,1.01589610,-0.44801944,1.02966338,-0.58104240,1.04236753
0.00110623,0.98355001,0.08615835,1.00062851,0.14182362,1.01574226,-0.38404407,1.02946229,-0.53782256,1.04212082
0.00125463,0.98346447,0.10581008,1.00044584,0.25485334,1.01547918,0.32404357,1.02913188,-0.48000308,1.04173331
0.00126704,0.98370282,0.10405342,1.00066950,0.24703637,1.01570145,0.26138198,1.02936036,-0.49916751,1.04197210
0.00130911,0.98387685,0.11350187,1.00088484,0.28435926,1.01593613,0.41188973,1.02959545,0.48516417,1.04219043
0.00115228,0.98359765,0.09912992,1.00058935,0.25508058,1.01561856,0.37278705,1.02925169,0.40511678,1.04181791
0.00121880,0.98363556,0.10007088,1.00056587,0.23776414,1.01554541,-0.28723209,1.02913195,-0.51405716,1.04165127
0.00110537,0.98349652,0.09369510,1.00042059,0.23927795,1.01540998,0.33212166,1.02902220,-0.44882559,1.04158051
0.00117011,0.98336371,0.10187636,1.00030621,0.26067641,1.01531766,0.37121365,1.02894787,-0.41659967,1.04151736
0.00118708,0.98357493,0.10632756,1.00057542,0.27568660,1.01560685,0.40572051,1.02922466,0.47801179,1.04175347
0.00132496,0.98365496,0.12150485,1.00066790,0.31012341,1.01572354,0.45678039,1.02937233,0.55872179,1.04193830
0.00118025,0.98359349,0.11406997,1.00061625,0.30025728,1.01567743,0.44754505,1.02932295,0.55031570,1.04187336
0.00133193,0.98356324,0.12629847,1.00066327,0.32615626,1.01579818,0.48290230,1.02951481,0.59469534,1.04213146
0.00118027,0.98326195,0.11419659,1.00035382,0.30624380,1.01549862,0.46349373,1.02924093,0.57824332,1.04189982
0.00108340,0.98309841,0.10317578,1.00015269,0.28306148,1.01525146,0.43502496,1.02893874,0.54803087,1.04153285
0.00103859,0.98300289,0.09596037,1.00006348,0.26710926,1.01515975,0.41714714,1.02885209,0.53271005,1.04146964
0.00135414,0.98283823,0.12388082,0.99990793,0.31528623,1.01501385,0.46564933,1.02871244,0.57546327,1.04133215
0.00120834,0.98270415,0.11114999,0.99969358,0.28897496,1.01471840,0.43111132,1.02833161,0.53427566,1.04085546
0.00123778,0.98257067,0.11148127,0.99957375,0.28360118,1.01460215,0.41607466,1.02820394,0.50725614,1.04070204
0.00140820,0.98252354,0.11911931,0.99954446,0.29229072,1.01459667,0.41992285,1.02821665,0.49938543,1.04071851
0.00147736,0.98249867,0.12439656,0.99956132,0.30071737,1.01466011,0.42527693,1.02833665,0.48935100,1.04090894
0.00155212,0.98213228,0.13083283,0.99924674,0.31761629,1.01440555,0.45637045,1.02814877,0.55081655,1.04079434
0.00146016,0.98202675,0.12656623,0.99915869,0.31150557,1.01433615,0.45044101,1.02809781,0.54576292,1.04076086
0.00124477,0.98211743,0.11357969,0.99926197,0.29300335,1.01444667,0.43439604,1.02820245,0.53450210,1.04083862
0.00116220,0.98196688,0.10216447,0.99906832,0.27104664,1.01420220,0.41461984,1.02789333,0.52429335,1.04044976
0.00140398,0.98188656,0.11992215,0.99909274,0.30301378,1.01431508,0.44794903,1.02808358,0.55200683,1.04071001
0.00159675,0.98183429,0.12903667,0.99907167,0.31625402,1.01432229,0.46239318,1.02810849,0.56906311,1.04074004
0.00150110,0.98189468,0.12733028,0.99914209,0.31901800,1.01437412,0.47112739,1.02812431,0.58308830,1.04071178
0.00135163,0.98226645,0.11280350,0.99952048,0.29104635,1.01479830,0.43978421,1.02862210,0.55129065,1.04130485
0.00142301,0.98245928,0.11372634,0.99966823,0.28808646,1.01489271,0.43351703,1.02865638,0.54298522,1.04127058
0.00162063,0.98262215,0.12988481,0.99986728,0.32329473,1.01515177,0.47904734,1.02898576,0.59440063,1.04166928
0.00170583,0.98240557,0.13649995,0.99968142,0.33717394,1.01499095,0.49695785,1.02885602,0.61470190,1.04158271
0.00175959,0.98253290,0.13916913,0.99978079,0.33985884,1.01506936,0.49727377,1.02892204,0.61215148,1.04164552
0.00155799,0.98230385,0.13212640,0.99960150,0.33469627,1.01494067,0.49697239,1.02884019,0.61554403,1.04160699
0.00125630,0.98266463,0.11043350,0.99991871,0.29925671,1.01522564,0.46330035,1.02910764,0.58725224,1.04187395
0.00097940,0.98292630,0.08520638,1.00011469,0.26507022,1.01535274,0.43918399,1.02916630,0.57138583,1.04186604
0.00092385,0.98306422,0.07598162,1.00020100,0.24962567,1.01538247,0.42939829,1.02913677,0.56788233,1.04177470
0.00110664,0.98307734,0.08193267,1.00020016,0.21831436,1.01535910,0.36948763,1.02908789,0.50070077,1.04170213
0.00115106,0.98307317,0.08980072,1.00014563,0.24107200,1.01525358,0.39386433,1.02893292,0.52409032,1.04149792
0.00117175,0.98312114,0.08614667,1.00026504,0.21067679,1.01543503,0.34003970,1.02917004,0.47585953,1.04178516
0.00134081,0.98330225,0.10082154,1.00048197,0.24842006,1.01568120,0.38378435,1.02944780,0.50825518,1.04209867
0.00142197,0.98325633,0.11094749,1.00041543,0.27915319,1.01561086,0.42529499,1.02938732,0.54440120,1.04205921
0.00144437,0.98307358,0.11505126,1.00022953,0.29064011,1.01543687,0.44113471,1.02924657,0.56081114,1.04197401
0.00178798,0.98314310,0.13412052,1.00028178,0.32279962,1.01547067,0.47424647,1.02926297,0.59046538,1.04197908
0.00188161,0.98282191,0.13679185,0.99995668,0.32497272,1.01515054,0.47495051,1.02895161,0.59016856,1.04167872
0.00193127,0.98261457,0.13541722,0.99970747,0.31684153,1.01485263,0.45979437,1.02858716,0.56986779,1.04122376
0.00201074,0.98238097,0.13505479,0.99946896,0.30685398,1.01461794,0.43511170,1.02836558,0.53001120,1.04102403
0.00198759,0.98259752,0.13381545,0.99967916,0.30670714,1.01483964,0.44108759,1.02860925,0.54646078,1.04129932
0.00232270,0.98253529,0.15115329,0.99964612,0.34048834,1.01482316,0.48305771,1.02859443,0.59039177,1.04127178
0.00257931,0.98222873,0.16152732,0.99934878,0.35776163,1.01454959,0.50226595,1.02836027,0.60904684,1.04109657
0.00247296,0.98226908,0.15820329,0.99939506,0.35197569,1.01460608,0.49348235,1.02842629,0.59626243,1.04116744
0.00230295,0.98236807,0.14917668,0.99952807,0.33027543,1.01473931,0.45697189,1.02852744,0.54064398,1.04120448
0.00216461,0.98216045,0.14542389,0.99925163,0.32761610,1.01440287,0.45963653,1.02814076,0.55301697,1.04078102
0.00199411,0.98218938,0.13899658,0.99925265,0.31863116,1.01435826,0.45204962,1.02804030,0.54870701,1.04061799
0.00196769,0.98219564,0.13896790,0.99931526,0.32283037,1.01447867,0.46397427,1.02822622,0.57040913,1.04088603
0.00191184,0.98206781,0.13421649,0.99918684,0.31026534,1.01432030,0.44402400,1.02801234,0.54454921,1.04058902
0.00186289,0.98199017,0.13196550,0.99906478,0.30652183,1.01416581,0.43913737,1.02783505,0.53723674,1.04039443
0.00221518,0.98203388,0.14981467,0.99909421,0.33975606,1.01419379,0.47957493,1.02786523,0.58008641,1.04042573
0.00225918,0.98204367,0.15180336,0.99911187,0.34415223,1.01421096,0.48509572,1.02788089,0.58496253,1.04044314
0.00221199,0.98207711,0.14729203,0.99914855,0.33199523,1.01427127,0.46569888,1.02797890,0.55794253,1.04058681
0.00232140,0.98242661,0.15276001,0.99951829,0.34268431,1.01464828,0.47892188,1.02835060,0.57201980,1.04094021
0.00225002,0.98262145,0.15165725,0.99974208,0.34232319,1.01489415,0.47870166,1.02861139,0.56973446,1.04120647
0.00250882,0.98248216,0.16168703,0.99959866,0.35840952,1.01476117,0.49678592,1.02849869,0.58884988,1.04111835
0.00226161,0.98231927,0.15068323,0.99947052,0.33709188,1.01467298,0.46647873,1.02845268,0.54427789,1.04111794
0.00217437,0.98234542,0.14918933,0.99950763,0.33849394,1.01470832,0.47309028,1.02848030,0.55871616,1.04113512
0.00211504,0.98243069,0.14893405,0.99953936,0.34102673,1.01469991,0.48048088,1.02844040,0.57531114,1.04106774
0.00202943,0.98232346,0.14485836,0.99935946,0.33750374,1.01444927,0.48318231,1.02811143,0.58808654,1.04064904
0.00222866,0.98225162,0.15255746,0.99930831,0.35071005,1.01441171,0.50038525,1.02808617,0.60930577,1.04063929
0.00244046,0.98245507,0.16030556,0.99950960,0.36312457,1.01463050,0.51383490,1.02833861,0.62244880,1.04093835
0.00238202,0.98273017,0.15763478,0.99979695,0.35844252,1.01493645,0.50846137,1.02866236,0.61690591,1.04127648
0.00247542,0.98291239,0.16053017,0.99993669,0.36303851,1.01502468,0.51408877,1.02868992,0.62377483,1.04123478
0.00260391,0.98303822,0.16699659,1.00003099,0.37489392,1.01513060,0.52787323,1.02884372,0.63771919,1.04146995
0.00263421,0.98303109,0.16749932,1.00012301,0.37534100,1.01533295,0.52831183,1.02916539,0.63836671,1.04191976
0.00233661,0.98306943,0.16011485,1.00017409,0.36952709,1.01535983,0.52771784,1.02914422,0.64284533,1.04183054
0.00209613,0.98321262,0.14777175,1.00023272,0.34736082,1.01534033,0.50291752,1.02904942,0.61951944,1.04166094
0.00209887,0.98335485,0.15061801,1.00035629,0.35408381,1.01544439,0.51057779,1.02914853,0.62614717,1.04178118
0.00222774,0.98348093,0.15104344,1.00047638,0.34646527,1.01555511,0.49271576,1.02925685,0.59850311,1.04189805
0.00228565,0.98345262,0.15281245,1.00049776,0.34800080,1.01562500,0.49315130,1.02937080,0.59801745,1.04204769
0.00240033,0.98346759,0.15785265,1.00053971,0.35772733,1.01568958,0.50600146,1.02945480,0.61329644,1.04214677
0.00240544,0.98329807,0.15764987,1.00041857,0.35922200,1.01561348,0.51197497,1.02942111,0.62524819,1.04215263
0.00230775,0.98296934,0.15632974,1.00015916,0.35968912,1.01541194,0.51369939,1.02926709,0.62684332,1.04203231
0.00180632,0.98287906,0.13291742,1.00005114,0.32322168,1.01526838,0.47902985,1.02907449,0.59904452,1.04178026
0.00197868,0.98257767,0.14151226,0.99977600,0.33750504,1.01501966,0.49405881,1.02884899,0.61319309,1.04157367
0.00185439,0.98234177,0.13056185,0.99953483,0.31328732,1.01478852,0.46510764,1.02863538,0.58547715,1.04137925
0.00199817,0.98227166,0.13847679,0.99939488,0.32317459,1.01456389,0.46727767,1.02831743,0.57653805,1.04096733
0.00172974,0.98200723,0.12284652,0.99912678,0.29017382,1.01430293,0.42231947,1.02807587,0.52392632,1.04075859
0.00164456,0.98190666,0.11835942,0.99887936,0.28266247,1.01391163,0.41746043,1.02754341,0.52706908,1.04008593
0.00157097,0.98196507,0.11737839,0.99888852,0.29124376,1.01387656,0.44106905,1.02746528,0.56162865,1.03996518
0.00160024,0.98236356,0.12098257,0.99931376,0.30189160,1.01432315,0.45616462,1.02792460,0.57742177,1.04042662
0.00167166,0.98246557,0.12543435,0.99943071,0.30817176,1.01447936,0.46079700,1.02814096,0.58066909,1.04072486
0.00196721,0.98247896,0.13863993,0.99950870,0.32700952,1.01461666,0.47583778,1.02832369,0.58900611,1.04093547
0.00181825,0.98233489,0.13218849,0.99938246,0.31675012,1.01450393,0.46497520,1.02821952,0.57863125,1.04083624
0.00196366,0.98250284,0.14187021,0.99947996,0.33715962,1.01455720,0.49044757,1.02824780,0.60516434,1.04085473
0.00201050,0.98259201,0.14726181,0.99961298,0.35125624,1.01474571,0.51151439,1.02850700,0.63109376,1.04120260
0.00185916,0.98235214,0.13755444,0.99938274,0.33045259,1.01453328,0.48568896,1.02831949,0.60480646,1.04104796
0.00190758,0.98221541,0.13907346,0.99933828,0.33123626,1.01458287,0.48417882,1.02846446,0.60099654,1.04129088
0.00178760,0.98234184,0.12884511,0.99953199,0.30487301,1.01483613,0.44489888,1.02878129,0.55418286,1.04168039
0.00175211,0.98223618,0.12390862,0.99951340,0.28894749,1.01489881,0.41504241,1.02891865,0.50856074,1.04188278
0.00157690,0.98225953,0.10922299,0.99945521,0.24806188,1.01477375,0.33461331,1.02874841,-0.36213379,1.04169221
0.00200607,0.98222402,0.14014718,0.99938491,0.32618890,1.01465758,0.46820654,1.02856589,0.57286773,1.04141624
0.00208152,0.98212468,0.14342790,0.99929875,0.33223118,1.01457586,0.47469933,1.02847932,0.57710801,1.04131457
0.00213356,0.98208316,0.14780289,0.99924932,0.34351614,1.01449759,0.49256096,1.02835843,0.60104345,1.04114480
0.00196589,0.98193422,0.13887155,0.99908296,0.32837168,1.01431354,0.47755438,1.02815295,0.58905920,1.04091086
0.00185723,0.98196254,0.12796746,0.99910807,0.30190976,1.01432685,0.44467372,1.02816038,0.55788526,1.04092628
0.00207594,0.98207030,0.13848773,0.99921935,0.31704218,1.01443622,0.45446312,1.02826514,0.55891077,1.04102743
0.00220135,0.98219504,0.14415800,0.99932077,0.32761913,1.01449655,0.46745676,1.02827101,0.57223552,1.04096840
0.00209534,0.98229079,0.13799721,0.99942544,0.31228809,1.01463266,0.44168742,1.02844762,0.53407284,1.04118959
0.00228633,0.98241777,0.14608919,0.99957273,0.32468553,1.01478754,0.45318587,1.02859385,0.54218695,1.04130898
0.00212940,0.98218839,0.14100539,0.99931889,0.31894093,1.01450126,0.44959605,1.02826420,0.53985521,1.04092236
0.00212800,0.98222817,0.14211896,0.99942547,0.32114403,1.01467553,0.45039965,1.02849981,0.53534866,1.04121034
0.00176191,0.98253947,0.12476634,0.99980145,0.28711147,1.01511090,0.40050601,1.02899617,0.44456482,1.04177411
0.00168951,0.98245945,0.12265685,0.99965927,0.29184231,1.01490618,0.42566234,1.02873009,0.52480061,1.04144883
0.00157044,0.98274780,0.11502272,0.99995991,0.27499139,1.01523081,0.40093822,1.02908083,0.48932612,1.04182019
0.00126446,0.98269112,0.09418155,0.99988261,0.23038236,1.01513098,0.34712978,1.02895542,0.43607703,1.04166724
0.00155080,0.98244641,0.12018131,0.99963354,0.29504747,1.01488715,0.43540917,1.02872458,0.53877856,1.04145657
0.00159521,0.98272211,0.12006060,0.99991276,0.28951132,1.01517526,0.42319208,1.02902670,0.51914694,1.04177787
0.00161787,0.98269935,0.12878412,0.99992045,0.31542869,1.01521357,0.46360342,1.02910179,0.57321919,1.04189464
0.00173410,0.98255309,0.13616736,0.99979542,0.32848790,1.01512803,0.47831928,1.02907369,0.58869068,1.04193978
0.00199454,0.98253245,0.15023924,0.99976239,0.35322193,1.01509757,0.50666475,1.02905636,0.61812474,1.04194053
0.00211461,0.98248645,0.15014505,0.99973368,0.34592374,1.01507759,0.49234739,1.02904558,0.59889649,1.04194589
0.00158796,0.98229777,0.12476678,0.99951921,0.30378491,1.01483160,0.44649542,1.02877048,0.55456810,1.04164764
0.00180166,0.98257517,0.13927709,0.99978043,0.33320304,1.01508636,0.48439935,1.02902293,0.59722994,1.04189773
0.00168403,0.98229098,0.13260387,0.99946830,0.32094611,1.01473098,0.47046044,1.02862083,0.58375784,1.04145430
0.00147766,0.98239265,0.12027429,0.99960208,0.30164704,1.01489272,0.45399018,1.02880921,0.57300048,1.04167111
0.00152324,0.98232626,0.12253342,0.99953725,0.30457669,1.01482350,0.45801676,1.02873138,0.58005406,1.04158138
0.00151013,0.98235281,0.12261901,0.99956264,0.30696289,1.01484294,0.46389197,1.02874643,0.58874270,1.04159607
0.00161863,0.98228930,0.12755718,0.99948287,0.30977413,1.01474422,0.45813734,1.02861753,0.57442373,1.04141993
0.00134628,0.98227993,0.10234659,0.99948210,0.24062387,1.01474534,0.34360058,1.02861319,0.42667637,1.04140187
0.00124870,0.98213316,0.09440844,0.99934446,0.21576276,1.01462922,0.24670116,1.02853004,-0.42170447,1.04135990
0.00120259,0.98219707,0.09434996,0.99940225,0.23536140,1.01468287,0.36602025,1.02857651,0.48620927,1.04139535
0.00105960,0.98195938,0.07722423,0.99917086,0.14214697,1.01447871,-0.31834877,1.02840904,-0.45740442,1.04126934
0.00092428,0.98210553,0.06234354,0.99923272,0.11437060,1.01444719,0.29449552,1.02828065,0.45950317,1.04104157
0.00099919,0.98199511,0.07737168,0.99913749,0.21823226,1.01437362,0.37824524,1.02824068,0.51467826,1.04105038
0.00115512,0.98198186,0.08738991,0.99908991,0.21102149,1.01429619,0.31695486,1.02815087,0.41476717,1.04097319
0.00078644,0.98181561,-0.07033530,0.99888031,-0.25886118,1.01403422,-0.40348186,1.02783122,-0.49955587,1.04059795
0.00060030,0.98158428,-0.09727913,0.99862115,-0.29553173,1.01374255,-0.44596017,1.02750982,-0.54869750,1.04024979
0.00060099,0.98135919,-0.09902762,0.99833943,-0.29810790,1.01337512,-0.44879942,1.02702534,-0.55307367,1.03961573
0.00055091,0.98146514,-0.09730029,0.99839283,-0.28983500,1.01339765,-0.43478024,1.02703119,-0.53295606,1.03961114
0.00035111,0.98156471,-0.11771557,0.99849568,-0.32264089,1.01350621,-0.47566867,1.02714142,-0.58369009,1.03971752
0.00041475,0.98151010,-0.11613272,0.99839891,-0.32586520,1.01337989,-0.48531624,1.02699528,-0.59958373,1.03955786
0.00037199,0.98184391,-0.11958902,0.99874563,-0.33080707,1.01375939,-0.49087610,1.02741068,-0.60553330,1.04000437
0.00072355,0.98168951,-0.08019277,0.99855402,-0.27925479,1.01352227,-0.44019481,1.02711371,-0.55919668,1.03963155
0.00085533,0.98197078,-0.00824368,0.99879398,-0.21527739,1.01373201,-0.34492735,1.02730344,-0.36826659,1.03980964
0.00071051,0.98187594,-0.07405321,0.99872389,-0.25277573,1.01370604,-0.37619761,1.02733528,-0.35616009,1.03991149
0.00103144,0.98174905,0.07001658,0.99853687,-0.12466204,1.01346065,0.24767256,1.02703319,0.46352672,1.03955941
0.00100484,0.98151478,0.05023059,0.99830409,-0.23229922,1.01322354,-0.38968904,1.02678141,-0.49514275,1.03927687
0.00115203,0.98138603,0.08376191,0.99823813,0.16247026,1.01321918,-0.30519118,1.02683734,-0.42034142,1.03939110
0.00090376,0.98162237,-0.05733879,0.99849027,-0.25974752,1.01345748,-0.41035722,1.02703635,-0.50722837,1.03952774
0.00077753,0.98183903,-0.08681605,0.99868693,-0.29324118,1.01365459,-0.45136377,1.02725265,-0.56239393,1.03977862
0.00080864,0.98211061,-0.09784580,0.99895404,-0.31842970,1.01392283,-0.48592277,1.02752544,-0.60361432,1.04006047
0.00080738,0.98194621,-0.09992796,0.99887397,-0.32084921,1.01392559,-0.48756974,1.02761200,-0.60424113,1.04023123
0.00086364,0.98201476,-0.08999576,0.99884621,-0.30979363,1.01381544,-0.47793573,1.02743321,-0.59678475,1.03999944
0.00098788,0.98171441,-0.07356684,0.99855309,-0.29480673,1.01353456,-0.46321363,1.02716047,-0.58170821,1.03972557
0.00119477,0.98167217,0.05518502,0.99845469,-0.26051572,1.01337833,-0.43301031,1.02694266,-0.55331324,1.03944087
0.00146171,0.98152185,0.09191844,0.99822888,-0.20238931,1.01307407,-0.40313254,1.02656028,-0.53243104,1.03898179
0.00203670,0.98142344,0.13593570,0.99812126,0.30999053,1.01298322,0.44816855,1.02651046,0.55931374,1.03899955
0.00201841,0.98149697,0.13375579,0.99821049,0.30292284,1.01308391,0.43570389,1.02660866,0.54309750,1.03907400
0.00183935,0.98148942,0.12600712,0.99817686,0.29119823,1.01301175,0.42895435,1.02648891,0.54714442,1.03889905
0.00180010,0.98132086,0.12246210,0.99799858,0.28231067,1.01281640,0.41577472,1.02627544,0.53202862,1.03866475
0.00141887,0.98173598,0.10044679,0.99843726,0.23803637,1.01328572,0.37889331,1.02679091,0.51905806,1.03924767
0.00168035,0.98156898,0.11897041,0.99826261,0.28039111,1.01311792,0.42018672,1.02664068,0.54227733,1.03912297
0.00176169,0.98179381,0.12374304,0.99855766,0.29068667,1.01350809,0.43141221,1.02715628,0.54996097,1.03979404
0.00146370,0.98168666,0.08396196,0.99848414,-0.23893510,1.01347983,-0.42428219,1.02718526,-0.54872391,1.03989061
0.00152865,0.98171947,0.08845683,0.99849260,-0.22651724,1.01343920,-0.41199819,1.02707563,-0.53097743,1.03969543
0.00141617,0.98165476,0.06502623,0.99843653,-0.26939695,1.01340877,-0.44465047,1.02707869,-0.56340652,1.03973512
0.00165651,0.98155394,0.09781749,0.99831978,-0.21090457,1.01328141,-0.41760137,1.02694547,-0.54825369,1.03959829
0.00150545,0.98144127,0.06935649,0.99819306,-0.27918970,1.01313293,-0.46158416,1.02676967,-0.58582846,1.03938825
0.00129033,0.98135286,-0.05699978,0.99815055,-0.30240764,1.01314655,-0.47904321,1.02684584,-0.60186464,1.03953214
0.00129927,0.98168373,0.04295211,0.99842705,-0.28371142,1.01334809,-0.46319474,1.02695762,-0.58897830,1.03954418
0.00138307,0.98145115,0.07678262,0.99816205,-0.24982316,1.01305600,-0.43612888,1.02664273,-0.56614826,1.03921104
0.00119770,0.98142992,-0.05606128,0.99811759,-0.29573794,1.01296788,-0.47378034,1.02649509,-0.60064335,1.03899104
0.00111859,0.98163723,-0.08170209,0.99835432,-0.31159807,1.01320459,-0.48393812,1.02671129,-0.60544309,1.03917006
0.00104634,0.98155623,-0.09411077,0.99828304,-0.32368783,1.01314141,-0.49568238,1.02666273,-0.61694975,1.03915214
0.00104763,0.98190258,-0.08828225,0.99861318,-0.31616981,1.01347082,-0.48778457,1.02701507,-0.60889609,1.03955329
0.00101029,0.98163469,-0.08255301,0.99833741,-0.30393303,1.01317730,-0.47244105,1.02669095,-0.59250952,1.03918139
0.00123424,0.98146605,0.04920760,0.99826508,-0.26793763,1.01321789,-0.44393299,1.02685654,-0.57013833,1.03948109
0.00106628,0.98132060,-0.07000364,0.99806048,-0.29325458,1.01295387,-0.46327389,1.02653821,-0.58479906,1.03911643
0.00122559,0.98144065,0.05607781,0.99816945,-0.26613228,1.01307096,-0.44771913,1.02669055,-0.57890677,1.03933748
0.00124510,0.98119344,0.06863520,0.99790078,-0.24722584,1.01276715,-0.43044767,1.02634337,-0.56226437,1.03893784
0.00152070,0.98119130,0.10076058,0.99783958,0.18218340,1.01263252,-0.37181088,1.02611252,-0.51934424,1.03858256
0.00138571,0.98140809,0.06871956,0.99812700,-0.26960215,1.01299073,-0.45452303,1.02652980,-0.58430852,1.03904135
0.00129197,0.98153346,0.05717959,0.99822482,-0.26467230,1.01306005,-0.43844205,1.02657318,-0.56085783,1.03906442
0.00129386,0.98145790,0.05410983,0.99817304,-0.26928915,1.01304437,-0.44390702,1.02660228,-0.56695028,1.03914603
0.00114207,0.98148374,-0.04599994,0.99818347,-0.27705166,1.01306226,-0.44558664,1.02664275,-0.56636643,1.03922379
0.00098807,0.98155484,-0.09153591,0.99834060,-0.31341585,1.01328213,-0.48061431,1.02691523,-0.59956433,1.03954247
0.00102315,0.98155264,-0.08126513,0.99834838,-0.30062514,1.01328979,-0.46647245,1.02691376,-0.58423056,1.03952053
0.00079825,0.98144920,-0.08495092,0.99824223,-0.27924423,1.01319669,-0.42151436,1.02684186,-0.51476029,1.03947126
0.00099162,0.98155683,0.05155795,0.99834298,-0.18715763,1.01329185,-0.24787660,1.02693046,0.44494068,1.03955302
0.00091713,0.98141132,-0.04463860,0.99819945,-0.23278498,1.01314505,-0.36752642,1.02678039,-0.45689628,1.03940314
0.00111307,0.98131553,0.06908670,0.99808424,-0.18230306,1.01300399,-0.34280293,1.02661320,-0.46572019,1.03921464
0.00109304,0.98148602,0.06879812,0.99827239,-0.13392552,1.01323200,0.22461621,1.02689953,0.42292132,1.03957388
0.00113878,0.98132515,0.08107288,0.99807903,0.21356541,1.01303066,0.37325824,1.02669620,0.50835840,1.03936516
0.00086372,0.98154097,-0.06029374,0.99837179,-0.24186529,1.01335549,-0.36805414,1.02700504,-0.43463159,1.03961283
0.00071224,0.98169893,-0.08879637,0.99856717,-0.28089392,1.01357957,-0.42350737,1.02725203,-0.52363965,1.03987878
0.00103186,0.98164931,0.06187170,0.99855579,-0.16376384,1.01361312,0.25519646,1.02735096,0.45048072,1.04007406
0.00121090,0.98183843,0.08541252,0.99863097,0.20923994,1.01356007,0.36269605,1.02715074,0.50643528,1.03970478
0.00118606,0.98197505,0.08472962,0.99878744,0.20904289,1.01371190,0.35943118,1.02728705,0.50007498,1.03981905
0.00123061,0.98232734,0.09407518,0.99920571,0.23411715,1.01416665,0.35779204,1.02774691,0.44766494,1.04025120
0.00135847,0.98230108,0.10636191,0.99918348,0.26315328,1.01414548,0.39203020,1.02771776,0.48203627,1.04019987
0.00126657,0.98234782,0.09908205,0.99924577,0.24496298,1.01422703,0.35772838,1.02782617,0.33903288,1.04034401
0.00132369,0.98236198,0.10294750,0.99920433,0.24734947,1.01415439,0.34381041,1.02774003,-0.42650277,1.04025707
0.00172646,0.98238326,0.13135433,0.99929057,0.31359838,1.01430279,0.45250727,1.02794942,0.54804171,1.04052693
0.00202089,0.98223522,0.14582879,0.99917465,0.33891077,1.01422419,0.48286188,1.02791142,0.58338834,1.04053321
0.00205424,0.98237874,0.15076509,0.99933515,0.35153389,1.01440682,0.50183604,1.02811627,0.60833079,1.04075749
0.00181284,0.98247572,0.14157260,0.99941980,0.33968285,1.01449371,0.49142257,1.02822414,0.59967224,1.04090699
0.00187297,0.98234026,0.14665668,0.99932055,0.35049597,1.01443437,0.50596497,1.02820569,0.61730152,1.04092878
0.00195582,0.98231027,0.14681465,0.99928454,0.34642153,1.01438822,0.49830881,1.02814885,0.60719948,1.04086290
0.00169574,0.98234089,0.13137617,0.99928884,0.31597027,1.01434735,0.46042892,1.02804125,0.56606986,1.04066476
0.00173823,0.98235538,0.13507401,0.99931973,0.32277942,1.01436878,0.46706526,1.02803724,0.57096708,1.04062389
0.00156914,0.98245220,0.12683625,0.99941755,0.30962469,1.01447676,0.45203608,1.02817558,0.55261201,1.04081967
0.00179466,0.98259876,0.13836410,0.99954931,0.32970000,1.01459262,0.47681020,1.02827163,0.58301636,1.04089142
0.00228297,0.98273956,0.16038479,0.99968957,0.36428766,1.01474562,0.51268507,1.02845161,0.61662371,1.04111418
0.00261162,0.98271339,0.17038082,0.99961967,0.37797555,1.01464061,0.52684739,1.02831382,0.63107047,1.04094366
0.00233644,0.98296613,0.16296094,0.99987803,0.37038864,1.01490532,0.52260832,1.02857951,0.63063754,1.04119817
0.00254485,0.98292229,0.16879763,0.99976785,0.37632734,1.01473252,0.52570996,1.02833437,0.63045286,1.04086473
0.00268196,0.98293620,0.17428527,0.99977956,0.38466159,1.01474167,0.53428522,1.02835005,0.63855410,1.04090043
0.00258538,0.98291491,0.16924349,0.99975646,0.37435898,1.01472328,0.52050769,1.02834127,0.62222415,1.04090673
0.00260465,0.98277056,0.17089174,0.99966040,0.37921916,1.01466543,0.52872985,1.02831811,0.63375235,1.04091721
0.00244000,0.98286831,0.16307029,0.99977772,0.36432936,1.01480045,0.51020538,1.02846921,0.61379157,1.04108655
0.00235638,0.98246565,0.16046359,0.99936500,0.36147391,1.01437267,0.50810416,1.02802082,0.61204928,1.04061362
0.00226840,0.98226717,0.15652429,0.99925175,0.35433187,1.01432504,0.49925160,1.02802211,0.60199070,1.04064574
0.00221113,0.98190439,0.15291965,0.99887148,0.34740024,1.01394079,0.49106092,1.02764668,0.59341988,1.04029095
0.00212317,0.98201152,0.14982636,0.99900587,0.34215557,1.01408094,0.48446311,1.02778003,0.58573619,1.04040933
0.00198998,0.98221927,0.14588223,0.99918670,0.34021518,1.01425226,0.48788801,1.02796223,0.59515177,1.04062512
0.00207686,0.98216074,0.15310834,0.99913339,0.35743794,1.01421662,0.51179849,1.02795991,0.62322691,1.04067584
0.00215885,0.98243009,0.15777212,0.99941879,0.36640330,1.01449502,0.52319929,1.02821600,0.63620277,1.04089716
0.00222044,0.98256371,0.15975546,0.99950565,0.36951961,1.01453867,0.52680965,1.02821962,0.63991962,1.04086261
0.00214611,0.98271685,0.15777950,0.99969531,0.36755219,1.01474010,0.52522021,1.02841279,0.63809395,1.04102959
0.00199831,0.98296755,0.15166937,0.99999957,0.35808206,1.01512027,0.51513959,1.02888436,0.62800095,1.04160304
0.00217740,0.98305224,0.15871884,1.00000790,0.36717863,1.01506508,0.52304570,1.02877971,0.63463271,1.04146843
0.00196082,0.98275545,0.15219667,0.99973098,0.35935212,1.01481389,0.51565810,1.02855178,0.62715269,1.04125488
0.00182624,0.98269697,0.14882232,0.99966651,0.35792874,1.01475035,0.51733028,1.02848817,0.63144101,1.04118313
0.00197108,0.98233230,0.15321465,0.99928581,0.36370538,1.01436794,0.52350010,1.02811785,0.63815752,1.04084003
0.00227718,0.98247084,0.16285960,0.99938436,0.37343253,1.01441927,0.52887232,1.02811591,0.63941477,1.04077816
0.00249415,0.98249645,0.16980213,0.99941054,0.38329939,1.01446144,0.53970348,1.02818223,0.65108347,1.04087301
0.00241503,0.98252777,0.16834629,0.99946556,0.38359886,1.01453151,0.54297286,1.02827151,0.65718882,1.04099262
0.00232660,0.98222059,0.16372692,0.99912834,0.37512195,1.01415552,0.53260614,1.02785270,0.64550039,1.04053008
0.00225117,0.98196485,0.15656483,0.99881476,0.35871956,1.01379940,0.51029370,1.02746938,0.61893840,1.04013295
0.00202326,0.98226113,0.14555103,0.99915587,0.33940472,1.01416861,0.48896329,1.02785338,0.59842602,1.04052227
0.00199351,0.98219709,0.14427687,0.99910996,0.33736272,1.01412899,0.48672291,1.02781361,0.59627917,1.04047964
0.00190741,0.98243363,0.13935686,0.99928966,0.32758522,1.01426080,0.47434535,1.02789693,0.58274067,1.04050471
0.00198297,0.98270329,0.14659512,0.99953471,0.34306649,1.01447253,0.49385687,1.02806582,0.60448625,1.04062104
0.00160019,0.98255743,0.12798783,0.99937465,0.31157436,1.01429909,0.46010039,1.02788376,0.57291731,1.04043670
0.00148413,0.98267290,0.12369007,0.99946604,0.30841013,1.01435252,0.46182359,1.02789393,0.58017961,1.04040239
0.00141900,0.98249501,0.12104258,0.99929398,0.30793186,1.01417626,0.46622681,1.02770654,0.58816791,1.04019958
0.00134955,0.98258532,0.11419841,0.99941784,0.29082461,1.01434521,0.44383357,1.02792511,0.56465751,1.04046950
0.00125143,0.98234288,0.10829522,0.99920852,0.27905078,1.01415140,0.42843458,1.02773432,0.54734353,1.04026934
0.00134180,0.98235376,0.10892534,0.99934179,0.26460227,1.01438172,0.39078538,1.02803478,0.49065561,1.04061248
0.00132601,0.98243720,0.11031633,0.99950006,0.27616808,1.01459596,0.41862073,1.02829604,0.53424062,1.04091669
0.00116808,0.98251758,0.09853076,0.99960092,0.24994694,1.01472181,0.38220328,1.02845752,0.48896771,1.04112369
0.00107438,0.98213635,0.09386292,0.99924332,0.25337264,1.01436075,0.40553634,1.02807098,0.53011217,1.04068856
0.00111358,0.98234270,0.09906060,0.99943268,0.26777383,1.01455262,0.42164716,1.02827389,0.54263206,1.04090401
0.00113949,0.98251756,0.10173821,0.99957670,0.27146423,1.01468451,0.42084781,1.02841028,0.53574647,1.04106213
0.00101827,0.98245917,0.08018493,0.99949645,0.18711447,1.01459814,-0.24640916,1.02832969,-0.43701288,1.04099354
0.00099190,0.98264336,0.07205628,0.99969447,-0.17006131,1.01482024,-0.35782663,1.02857983,-0.49236032,1.04127516
0.00113198,0.98276101,0.09201836,0.99989555,0.23060660,1.01510411,0.34830158,1.02894922,0.42972384,1.04173490
0.00119015,0.98272653,0.09808664,0.99982331,0.24616229,1.01499545,0.37228675,1.02880148,0.46853014,1.04154329
0.00151102,0.98249637,0.12634836,0.99954663,0.31178547,1.01467630,0.46130447,1.02843956,0.57382691,1.04114086
0.00141449,0.98257462,0.11908393,0.99962309,0.29586397,1.01477207,0.44082763,1.02857897,0.55221505,1.04134720
0.00125019,0.98272001,0.10079846,0.99972356,0.24377645,1.01483077,0.36215971,1.02860067,0.46739628,1.04133916
0.00095693,0.98298134,0.05976389,0.99997383,-0.21369523,1.01504915,-0.37471867,1.02877840,-0.48632305,1.04147595
0.00076837,0.98296231,-0.06269837,0.99998236,-0.25935889,1.01508879,-0.41881245,1.02885114,-0.53721090,1.04158137
0.00072909,0.98314388,-0.07034173,1.00009699,-0.26685013,1.01513397,-0.42536728,1.02881369,-0.54153767,1.04143915
0.00088840,0.98304359,-0.03377978,1.00004525,-0.24239882,1.01510118,-0.39586735,1.02877680,-0.50073885,1.04138066
0.00085188,0.98299109,-0.04167885,1.00002537,-0.24309397,1.01510117,-0.39808801,1.02879427,-0.50956438,1.04142054
0.00100351,0.98288423,0.07839794,0.99998394,0.18454099,1.01511433,0.28422933,1.02885503,0.42214976,1.04152636
0.00105990,0.98271197,0.08927265,0.99979809,0.22801728,1.01490900,0.35321067,1.02862365,0.46261744,1.04126323
0.00115623,0.98285678,0.09835049,0.99990828,0.24962982,1.01499127,0.37945118,1.02868661,0.48623795,1.04131299
0.00124029,0.98280587,0.10618514,0.99984703,0.26968501,1.01489996,0.40826750,1.02855538,0.52029009,1.04114064
0.00109331,0.98285182,0.09619541,0.99999858,0.25275992,1.01516225,0.39161282,1.02892471,0.50612884,1.04160660
0.00093013,0.98260802,0.07025286,0.99974350,-0.12746804,1.01489122,-0.32110845,1.02863255,-0.42846831,1.04128879
0.00076341,0.98252285,-0.07750759,0.99962777,-0.28612536,1.01474527,-0.45401712,1.02845306,-0.57661932,1.04107062
0.00121120,0.98219138,0.09437838,0.99930489,0.19601151,1.01442267,-0.35504017,1.02811703,-0.51210203,1.04070502
0.00117908,0.98228832,0.09120940,0.99941059,0.18627628,1.01453742,-0.35070493,1.02824490,-0.50413537,1.04085311
0.00113792,0.98222100,0.09053876,0.99941145,0.20249660,1.01458461,-0.31956346,1.02831993,-0.48985004,1.04093975
0.00138912,0.98215643,0.11545600,0.99932072,0.27942368,1.01446490,0.39869583,1.02816773,0.45722883,1.04074950
0.00134893,0.98214182,0.11027702,0.99932013,0.26654169,1.01446227,0.37964027,1.02815486,0.42386560,1.04072422
0.00142564,0.98147334,0.11873179,0.99862626,0.28949551,1.01373010,0.41907062,1.02737972,0.50338470,1.03990614
0.00131855,0.98130999,0.10955897,0.99847245,0.26199344,1.01356631,0.35743477,1.02719998,-0.44078103,1.03970876
0.00124431,0.98141942,0.10674237,0.99856174,0.26556264,1.01365852,0.38832610,1.02730721,0.46329035,1.03984099
0.00134071,0.98157407,0.11675447,0.99877083,0.29024808,1.01392224,0.42597764,1.02762363,0.52116003,1.04020601
0.00117720,0.98161742,0.10594339,0.99880140,0.26885281,1.01392775,0.39375090,1.02759485,0.46418500,1.04013572
0.00149652,0.98149693,0.12547713,0.99867677,0.30265084,1.01379179,0.43458669,1.02744038,0.51993983,1.03995597
0.00163186,0.98185545,0.13523865,0.99904459,0.32378841,1.01417828,0.46461601,1.02785699,0.56137033,1.04041462
0.00188359,0.98159949,0.14493902,0.99883584,0.33739529,1.01399996,0.47832797,1.02769556,0.57504629,1.04025848
0.00206804,0.98142442,0.15133660,0.99863980,0.34883970,1.01378407,0.49474137,1.02746873,0.59764401,1.04003212
0.00219054,0.98162255,0.15762656,0.99881825,0.36139587,1.01394871,0.51186403,1.02762868,0.61905401,1.04019946
0.00197165,0.98175548,0.14513920,0.99897136,0.33662709,1.01411736,0.48060192,1.02781151,0.58462940,1.04039697
0.00204137,0.98187838,0.14724169,0.99906485,0.33848152,1.01418430,0.48035872,1.02784809,0.58101770,1.04039390
0.00189304,0.98189246,0.14048894,0.99911502,0.32807165,1.01427504,0.46984757,1.02798263,0.57095981,1.04057740
0.00184731,0.98206764,0.14077215,0.99931629,0.33197993,1.01453800,0.47814060,1.02833203,0.58411758,1.04102987
0.00186821,0.98218293,0.14273687,0.99943959,0.33635944,1.01465637,0.48349867,1.02843467,0.58950390,1.04110324
0.00186038,0.98238152,0.14080226,0.99966832,0.32729316,1.01491237,0.46316827,1.02871926,0.55256577,1.04141920
0.00168451,0.98258113,0.13609024,0.99984362,0.32780916,1.01505047,0.47449433,1.02880943,0.57799676,1.04145297
0.00152773,0.98289701,0.12467363,1.00015449,0.29941330,1.01536233,0.42888092,1.02913365,0.50524280,1.04180534
0.00171899,0.98305470,0.14050963,1.00016653,0.33665086,1.01523724,0.48528043,1.02887877,0.58991502,1.04142592
0.00173418,0.98287155,0.13730253,0.99999045,0.32383597,1.01506561,0.46210539,1.02871542,0.55461412,1.04127687
0.00153520,0.98297231,0.12439335,1.00008280,0.29618561,1.01514522,0.42096539,1.02878463,0.48657857,1.04133690
0.00146939,0.98277278,0.12199940,0.99987052,0.29328272,1.01492809,0.41964911,1.02856688,0.49351094,1.04112082
0.00154018,0.98233524,0.12764213,0.99940415,0.30895682,1.01443088,0.44749974,1.02803678,0.54321820,1.04055699
0.00149695,0.98219102,0.12452084,0.99917860,0.30216395,1.01412341,0.43975614,1.02763646,0.53663722,1.04004849
0.00139032,0.98203577,0.12016066,0.99896080,0.29929836,1.01384503,0.44366032,1.02729571,0.54985965,1.03964077
0.00147062,0.98192816,0.12519222,0.99888250,0.30774411,1.01378067,0.45201394,1.02722831,0.55703920,1.03955222
0.00132771,0.98217172,0.11782869,0.99921068,0.29886428,1.01420071,0.44814666,1.02774788,0.55987138,1.04017880
0.00172307,0.98190491,0.13778241,0.99900465,0.33162458,1.01403212,0.48417134,1.02759994,0.59701009,1.04004005
0.00201517,0.98187096,0.15175010,0.99894761,0.35570078,1.01396151,0.51166260,1.02752299,0.62525817,1.03996826
0.00182939,0.98169581,0.14139309,0.99876080,0.33576765,1.01377068,0.48739723,1.02733885,0.59964297,1.03980671
0.00203514,0.98165406,0.15043262,0.99872786,0.34959824,1.01375308,0.50076815,1.02733532,0.61070632,1.03980974
0.00196748,0.98146440,0.14824580,0.99849601,0.34696473,1.01349490,0.49829448,1.02706300,0.60778786,1.03953598
0.00185439,0.98146179,0.14226995,0.99849438,0.33349477,1.01349244,0.47826638,1.02704584,0.58185478,1.03948452
0.00197398,0.98134822,0.14828456,0.99839652,0.34581768,1.01340784,0.49553977,1.02696894,0.60424062,1.03940544
0.00172657,0.98110341,0.13465377,0.99810158,0.32212517,1.01307723,0.47078771,1.02661941,0.58326845,1.03905341
0.00172099,0.98125826,0.13214026,0.99829513,0.31181162,1.01330820,0.45024750,1.02688534,0.55153285,1.03935114
0.00193774,0.98156220,0.14069638,0.99852502,0.32321573,1.01345844,0.45997135,1.02695286,0.55921078,1.03933440
0.00170788,0.98138577,0.12539269,0.99830319,0.28597338,1.01320829,0.40136536,1.02669029,0.47612865,1.03907427
0.00145651,0.98161794,0.10902912,0.99851159,0.23854839,1.01340546,-0.26621777,1.02688253,-0.48413325,1.03926655
0.00156754,0.98176071,0.11602792,0.99865588,0.25842544,1.01355172,0.32071284,1.02702880,-0.46666265,1.03941127
0.00184553,0.98173348,0.13273052,0.99868980,0.30121307,1.01364439,0.42206175,1.02717073,0.49843239,1.03959217
0.00158485,0.98163108,0.11583748,0.99860247,0.26165094,1.01356596,0.35669894,1.02709699,-0.32759758,1.03951809
0.00144414,0.98168759,0.10333932,0.99871814,0.21207554,1.01373101,-0.33999639,1.02730832,-0.50255704,1.03977703
0.00132841,0.98168073,0.09707036,0.99872813,0.18163660,1.01378878,-0.36614101,1.02744328,-0.51858378,1.04001956
0.00098778,0.98182501,-0.04443826,0.99883381,-0.26730098,1.01387678,-0.43119675,1.02753281,-0.54719648,1.04012844
0.00105783,0.98187098,-0.03247208,0.99891074,-0.26935597,1.01398014,-0.43511051,1.02765410,-0.55110575,1.04025991
0.00102691,0.98202498,0.05664931,0.99907462,-0.22328829,1.01416624,-0.36468581,1.02786783,-0.41564727,1.04050089
0.00111422,0.98223967,0.08362068,0.99927113,0.20689851,1.01434355,0.36624004,1.02802048,0.51702241,1.04061735
0.00086598,0.98199171,-0.06560073,0.99905385,-0.27123489,1.01415423,-0.42712195,1.02785055,-0.53471293,1.04045796
0.00112974,0.98166486,0.08078393,0.99868270,-0.14287889,1.01373726,-0.33628788,1.02740303,-0.43931409,1.04000366
0.00099974,0.98185629,0.05506013,0.99889026,-0.23216064,1.01395147,-0.39447191,1.02762190,-0.50838932,1.04022612
0.00109996,0.98169776,0.06845120,0.99876096,-0.22278487,1.01385957,-0.39058982,1.02757283,-0.50423572,1.04022124
0.00164827,0.98165614,0.12607395,0.99873621,0.30289082,1.01386149,0.44957413,1.02760564,0.56703240,1.04028685
0.00134012,0.98186852,0.10561866,0.99897107,0.25424564,1.01411658,0.37911126,1.02787047,0.48768682,1.04054701
0.00142382,0.98180430,0.10899122,0.99886135,0.25336881,1.01394537,0.35650819,1.02762832,0.42101588,1.04023092
0.00139621,0.98167736,0.10282105,0.99874637,0.21557880,1.01384276,-0.33947466,1.02753720,-0.50212649,1.04015027
0.00159649,0.98189446,0.11509849,0.99905198,0.25190674,1.01422388,0.20363858,1.02799314,-0.49212580,1.04069003
0.00137096,0.98214797,0.09969055,0.99926182,0.18549483,1.01438975,-0.37102312,1.02811528,-0.51670855,1.04077250
0.00124984,0.98226738,0.07605419,0.99939832,-0.25316717,1.01454693,-0.44290379,1.02829771,-0.57465098,1.04098495
0.00100524,0.98199707,-0.07293106,0.99917225,-0.30494944,1.01433736,-0.48111673,1.02808786,-0.60503283,1.04076954
0.00086912,0.98215347,-0.09098675,0.99942125,-0.31988402,1.01466725,-0.49621590,1.02848076,-0.62147540,1.04120182
0.00085166,0.98217168,-0.09636308,0.99944474,-0.32657314,1.01467724,-0.50307019,1.02846626,-0.62831852,1.04115561
0.00058037,0.98199395,-0.11503112,0.99927913,-0.34075546,1.01453477,-0.51179301,1.02834810,-0.63313927,1.04105496
0.00048191,0.98184665,-0.12239578,0.99900474,-0.34648892,1.01415946,-0.51404315,1.02788491,-0.63230257,1.04050828
0.00061762,0.98148812,-0.11542698,0.99863700,-0.34084181,1.01377151,-0.50979329,1.02746975,-0.62862022,1.04006431
0.00086085,0.98142502,-0.08890928,0.99855257,-0.31030046,1.01368390,-0.47877814,1.02739396,-0.59741342,1.04001046
0.00102285,0.98124691,-0.06138816,0.99832838,-0.29089708,1.01341943,-0.46451590,1.02709723,-0.58733063,1.03968824
0.00106935,0.98122974,-0.05899905,0.99826279,-0.29641088,1.01330400,-0.47505137,1.02693194,-0.60152646,1.03947209
0.00108266,0.98126387,-0.05396280,0.99829774,-0.29069265,1.01334192,-0.46663754,1.02698006,-0.59074107,1.03954075
0.00095985,0.98109677,-0.07590283,0.99812739,-0.30021065,1.01316963,-0.47295735,1.02681257,-0.59632617,1.03938614
0.00117905,0.98102201,0.06418976,0.99803499,-0.25805601,1.01305608,-0.44004464,1.02667331,-0.56910862,1.03921581
0.00099940,0.98107424,-0.07313217,0.99809415,-0.30244107,1.01312014,-0.47907714,1.02673951,-0.60596822,1.03928413
0.00106055,0.98116485,-0.07227948,0.99822712,-0.30611703,1.01330351,-0.48424000,1.02698305,-0.61146060,1.03959658
0.00109067,0.98110857,-0.06270449,0.99816637,-0.30192767,1.01323064,-0.48291404,1.02688841,-0.61188821,1.03946828
0.00120734,0.98107676,0.05850084,0.99817157,-0.27312324,1.01326861,-0.45903393,1.02695239,-0.59183814,1.03954835
0.00094444,0.98129972,-0.07901177,0.99844569,-0.29962139,1.01359943,-0.46931731,1.02735067,-0.59112944,1.04002818
0.00112823,0.98123908,0.05377380,0.99847702,-0.25428862,1.01372378,-0.42390966,1.02756121,-0.54344705,1.04031519
0.00087509,0.98157705,-0.08197155,0.99885325,-0.29642362,1.01412495,-0.45985171,1.02797625,-0.57505180,1.04073417
0.00089206,0.98151653,-0.07480880,0.99882443,-0.28830619,1.01412521,-0.45194964,1.02800018,-0.56801313,1.04077680
0.00100914,0.98135391,-0.06051175,0.99863610,-0.28488176,1.01389580,-0.45387926,1.02772239,-0.57308513,1.04044737
0.00114503,0.98128834,0.06350611,0.99846293,-0.24308622,1.01361613,-0.41214581,1.02733441,-0.52866818,1.03994751
0.00163074,0.98126478,0.12067481,0.99848035,0.28504495,1.01366321,0.42037902,1.02741013,0.52969594,1.04005773
0.00155114,0.98144034,0.11411752,0.99866463,0.26675527,1.01384160,0.38886664,1.02757553,0.48581671,1.04020792
0.00151870,0.98136073,0.11193756,0.99860874,0.26213461,1.01381241,0.38377916,1.02758033,0.48282253,1.04025395
0.00136072,0.98146089,0.09169919,0.99868924,-0.14536324,1.01387866,-0.37212074,1.02764263,-0.50315564,1.04032673
0.00164023,0.98166089,0.11693939,0.99883397,0.26985507,1.01397212,0.39174794,1.02768592,0.48988144,1.04031650
0.00191978,0.98148755,0.13359870,0.99865535,0.30568079,1.01378738,0.43823099,1.02749121,0.53849067,1.04010800
0.00173360,0.98137203,0.12497025,0.99856343,0.28922562,1.01373979,0.41839957,1.02749770,0.52050366,1.04017009
0.00153787,0.98134221,0.11201612,0.99855037,0.26418238,1.01374801,0.39321196,1.02753519,0.50373083,1.04024677
0.00142629,0.98096782,0.10437407,0.99816550,0.24858257,1.01335632,0.38010834,1.02713172,0.50166962,1.03982170
0.00146514,0.98074237,0.10409121,0.99800366,0.23165651,1.01327201,0.30789136,1.02713272,-0.29569931,1.03991343
0.00144610,0.98087788,0.10589152,0.99807618,0.23390855,1.01330428,-0.24217486,1.02714489,-0.47752876,1.03992017
0.00111310,0.98097723,0.06035671,0.99814909,-0.24535803,1.01335949,-0.41929572,1.02719575,-0.54400846,1.03998228
0.00098680,0.98089442,0.05416245,0.99810050,-0.21727828,1.01332967,-0.36363067,1.02717084,-0.45010061,1.03995175
0.00092126,0.98106475,0.03704425,0.99831939,-0.21981101,1.01359462,-0.35458969,1.02746810,-0.41576789,1.04026075
0.00114694,0.98108526,0.09503823,0.99822964,0.25350340,1.01338246,0.40393686,1.02712563,0.52569017,1.03978278
0.00110754,0.98139229,0.08496259,0.99858600,0.20499713,1.01378014,0.32064971,1.02756223,0.44060742,1.04025828
0.00125550,0.98162568,0.09833741,0.99885841,0.24328314,1.01409231,0.37521856,1.02792559,0.49021715,1.04068883
0.00149523,0.98160614,0.12298131,0.99880059,0.30806364,1.01400773,0.46345675,1.02782370,0.58406073,1.04057959
0.00164295,0.98150126,0.13471311,0.99876076,0.33197927,1.01404903,0.49092842,1.02795693,0.61035341,1.04081328
0.00169770,0.98164854,0.13794940,0.99884261,0.33771615,1.01405082,0.49703826,1.02787448,0.61578484,1.04064874
0.00183530,0.98160778,0.14892055,0.99873851,0.35963844,1.01389078,0.52290398,1.02766372,0.64207139,1.04039525
0.00194778,0.98139459,0.15100867,0.99855877,0.36033812,1.01373396,0.52279000,1.02752095,0.64207200,1.04025741
0.00189129,0.98138543,0.14890622,0.99853755,0.35839246,1.01368338,0.52225365,1.02743124,0.64283404,1.04012044
0.00185730,0.98112409,0.14829458,0.99822064,0.35726785,1.01333577,0.52010985,1.02707250,0.63967682,1.03976602
0.00155235,0.98122592,0.13477916,0.99831223,0.33849593,1.01341216,0.50245665,1.02712874,0.62423734,1.03979538
0.00192120,0.98122720,0.14942950,0.99831964,0.35436022,1.01341628,0.51198975,1.02712041,0.62783669,1.03976665
0.00185627,0.98151675,0.14391245,0.99860056,0.34133448,1.01369026,0.49445424,1.02739046,0.60839415,1.04003394
0.00201470,0.98175814,0.14862007,0.99888462,0.34732090,1.01400937,0.50127167,1.02773078,0.61676359,1.04037944
0.00200541,0.98144172,0.15132417,0.99850455,0.35617252,1.01356709,0.51392741,1.02721868,0.63030860,1.03978889
0.00189739,0.98172584,0.14540555,0.99874960,0.34479112,1.01379000,0.50020945,1.02742679,0.61604678,1.03998575
0.00192391,0.98162481,0.14127054,0.99863242,0.33066550,1.01367848,0.47875071,1.02733987,0.59126666,1.03994286
0.00193960,0.98187253,0.13858678,0.99885460,0.31820764,1.01387515,0.45482766,1.02751755,0.55742489,1.04011178
0.00163369,0.98171868,0.12246614,0.99866655,0.28618431,1.01365104,0.41280287,1.02725456,0.50943072,1.03980724
0.00147818,0.98196386,0.11026687,0.99888924,0.25032017,1.01386783,0.33727974,1.02747661,-0.36466637,1.04004319
0.00103929,0.98220397,0.05512169,0.99913422,-0.24060284,1.01410923,-0.40583714,1.02771223,-0.51920511,1.04027879
0.00143493,0.98218566,0.11069074,0.99905792,0.26499008,1.01397523,0.39299723,1.02752613,0.49966924,1.04004981
0.00154626,0.98242603,0.12521681,0.99930152,0.30760331,1.01426078,0.45715179,1.02787489,0.57217110,1.04046783
0.00166797,0.98251444,0.13218273,0.99942823,0.31712565,1.01441813,0.46215798,1.02806101,0.56998736,1.04068627
0.00176625,0.98228531,0.13826656,0.99914966,0.32958947,1.01405335,0.47872056,1.02757845,0.58942384,1.04005885
0.00184044,0.98219224,0.14260782,0.99903577,0.33794872,1.01393000,0.48837800,1.02745025,0.59864744,1.03992388
0.00168469,0.98239944,0.13600651,0.99932626,0.32656767,1.01432107,0.47374571,1.02795197,0.58097405,1.04054778
0.00159672,0.98243162,0.13210760,0.99943783,0.32151308,1.01450318,0.47089419,1.02819926,0.58193738,1.04086042
0.00148127,0.98227962,0.12719324,0.99933901,0.31649516,1.01443969,0.47015376,1.02815140,0.58641244,1.04080514
0.00154245,0.98228787,0.12915943,0.99934115,0.31847166,1.01442606,0.47199713,1.02811677,0.58789638,1.04074695
0.00149842,0.98195572,0.12530784,0.99899976,0.31021277,1.01408177,0.46111114,1.02776716,0.57528552,1.04038461
0.00159694,0.98203292,0.13100019,0.99905369,0.31917245,1.01410360,0.47014723,1.02775313,0.58440335,1.04033463
0.00181237,0.98210850,0.14200491,0.99908280,0.33571474,1.01409802,0.48415610,1.02770398,0.59284385,1.04022015
0.00186823,0.98208976,0.14657650,0.99914523,0.34676085,1.01422932,0.49996714,1.02789757,0.61159896,1.04047182
0.00158771,0.98200985,0.13491863,0.99905110,0.33123805,1.01413154,0.48695273,1.02780715,0.60247428,1.04040022
0.00178404,0.98184634,0.14402347,0.99889774,0.34560892,1.01400643,0.50186203,1.02773141,0.61622633,1.04039294
0.00168636,0.98209848,0.14022163,0.99923873,0.34010695,1.01442588,0.49572512,1.02821745,0.60925384,1.04093468
0.00136585,0.98211347,0.12271220,0.99926154,0.31553710,1.01445519,0.47574527,1.02825609,0.59629626,1.04098697
0.00119117,0.98208317,0.10457577,0.99926334,0.27718398,1.01449855,0.43260385,1.02835329,0.55483588,1.04114878
0.00099205,0.98193252,0.08085206,0.99911150,0.20670402,1.01434292,0.34142658,1.02818556,0.46835692,1.04096051
0.00110820,0.98199067,0.09697263,0.99912630,0.26096853,1.01432955,0.41520585,1.02815276,0.53968992,1.04091338
0.00071278,0.98181531,-0.06065721,0.99889199,-0.23107812,1.01405060,-0.33680154,1.02783126,0.42805174,1.04054724
0.00061636,0.98152048,-0.08291353,0.99865559,-0.26670348,1.01388467,-0.40233892,1.02774269,-0.48764577,1.04053953
0.00067635,0.98155869,-0.07985395,0.99865530,-0.27132770,1.01384866,-0.41975364,1.02766631,-0.52687646,1.04041583
0.00066191,0.98129369,-0.08178893,0.99845583,-0.27110059,1.01369506,-0.41399711,1.02753983,-0.51105079,1.04029806
0.00071214,0.98110174,-0.07663878,0.99832180,-0.27061352,1.01364237,-0.42208802,1.02758146,-0.53182533,1.04044033
0.00067992,0.98096570,-0.08595212,0.99811993,-0.28093107,1.01337063,-0.42794223,1.02723955,-0.52944716,1.04003626
0.00069285,0.98139067,-0.09544276,0.99853334,-0.30524568,1.01377094,-0.46558952,1.02761944,-0.57954801,1.04038370
0.00048217,0.98114656,-0.11033944,0.99826820,-0.31724721,1.01349231,-0.47203724,1.02732613,-0.58112230,1.04006981
0.00044007,0.98121362,-0.11033480,0.99826523,-0.31317813,1.01342599,-0.46458662,1.02720563,-0.57151229,1.03990421
0.00036290,0.98117503,-0.11049516,0.99822096,-0.30567229,1.01336330,-0.44805679,1.02712413,-0.54440899,1.03981116
0.00036701,0.98137349,-0.10661916,0.99847485,-0.29600159,1.01367626,-0.43399328,1.02750148,-0.52754735,1.04025471
0.00047463,0.98184079,-0.09716136,0.99892084,-0.27550716,1.01412616,-0.39339299,1.02797687,-0.41514104,1.04077705
0.00047162,0.98186581,-0.09723462,0.99894490,-0.27596168,1.01415303,-0.39445972,1.02800883,-0.41553923,1.04081708
0.00042425,0.98179260,-0.10492738,0.99889947,-0.28930120,1.01413676,-0.41325885,1.02801581,-0.46043438,1.04083322
0.00082765,0.98206880,0.05330772,0.99918624,0.22494808,1.01442226,0.42634642,1.02828799,0.57508555,1.04107954
0.00095132,0.98230230,0.07217879,0.99939487,0.23430870,1.01459376,0.42072494,1.02841019,0.56477246,1.04113992
0.00073450,0.98220811,-0.05836264,0.99925767,-0.19167061,1.01440811,0.36084582,1.02816859,0.53115514,1.04083217
0.00063203,0.98215785,-0.08271238,0.99921489,-0.24771990,1.01437717,-0.31555827,1.02814104,0.48714602,1.04079428
0.00076560,0.98217263,-0.05834499,0.99918648,-0.17875246,1.01430973,0.38370801,1.02803771,0.55121565,1.04065944
0.00095626,0.98215039,0.08378843,0.99922545,0.27012629,1.01438379,0.45450900,1.02813283,0.59433708,1.04076734
0.00081459,0.98198276,0.02351176,0.99911397,0.17165596,1.01431016,0.40069538,1.02808614,0.55924872,1.04074097
0.00064306,0.98191160,-0.07163614,0.99904687,-0.21344621,1.01426424,0.35351500,1.02807878,0.53671125,1.04078962
0.00047712,0.98181321,-0.09954408,0.99903848,-0.27919824,1.01434208,-0.38954468,1.02824573,0.44712140,1.04105129
0.00062463,0.98177770,-0.07923581,0.99902243,-0.24731409,1.01435477,-0.33521088,1.02829772,0.48093521,1.04115453
0.00051683,0.98189649,-0.09307384,0.99912737,-0.26713701,1.01446169,-0.36831988,1.02842022,0.46915017,1.04130425
0.00076724,0.98163662,-0.06361866,0.99886123,-0.23702900,1.01419932,-0.34255878,1.02816777,0.45102621,1.04106808
0.00076299,0.98175415,-0.06617259,0.99888751,-0.23727024,1.01412953,-0.32618678,1.02799619,0.47892401,1.04079150
0.00081673,0.98163011,0.04060517,0.99873304,0.13626047,1.01392812,0.37144893,1.02773689,0.53189559,1.04046721
0.00081967,0.98164452,0.03037358,0.99874442,-0.15152648,1.01394664,0.35781134,1.02776824,0.52520494,1.04051593
0.00087103,0.98156509,0.06470467,0.99863778,0.21298256,1.01379126,0.39855933,1.02754830,0.54581583,1.04021845
0.00096812,0.98132764,0.08203765,0.99842247,0.24688236,1.01359201,0.42257587,1.02736461,0.56456237,1.04005174
0.00100812,0.98106999,0.08079598,0.99812612,0.22877133,1.01325963,0.39396915,1.02699854,0.53510010,1.03965097
0.00121613,0.98118020,0.09228047,0.99819787,0.22959169,1.01326981,0.37335039,1.02693378,0.51106681,1.03950451
0.00106500,0.98139187,0.07511796,0.99838938,0.17689253,1.01344040,0.33867411,1.02708757,0.49618787,1.03964794
0.00116723,0.98148241,0.09127438,0.99851274,0.25080624,1.01360066,0.41820107,1.02729518,0.55671019,1.03991560
0.00117112,0.98129522,0.08574747,0.99840555,0.21535616,1.01358632,0.36562547,1.02738885,0.50606736,1.04013262
0.00136248,0.98112373,0.10381785,0.99830014,0.25573269,1.01356255,0.39534790,1.02746404,0.51789173,1.04032228
0.00126457,0.98141270,0.08076530,0.99861914,-0.20405550,1.01389582,-0.38588683,1.02780280,-0.50608506,1.04066416
0.00128973,0.98151145,0.08349685,0.99875558,-0.21243607,1.01404404,-0.40742643,1.02794380,-0.54165391,1.04077914
0.00123197,0.98154233,0.06770817,0.99879098,-0.24981709,1.01408765,-0.43123339,1.02800513,-0.56130419,1.04087280
0.00102095,0.98150200,-0.07446887,0.99873484,-0.30085694,1.01402027,-0.47523475,1.02793258,-0.60069124,1.04079640
0.00097762,0.98155517,-0.07824985,0.99885211,-0.29961198,1.01418623,-0.46960494,1.02813851,-0.59126702,1.04103776
0.00087484,0.98198123,-0.09076327,0.99919984,-0.30934725,1.01444925,-0.47739420,1.02831055,-0.59754690,1.04111277
0.00091516,0.98201512,-0.09008655,0.99917596,-0.31225463,1.01436397,-0.48278129,1.02815265,-0.60426511,1.04086956
0.00118406,0.98194330,0.04439461,0.99906492,-0.27035835,1.01420057,-0.44673862,1.02793601,-0.57179233,1.04060461
0.00112141,0.98199527,-0.06466518,0.99919388,-0.30207129,1.01440830,-0.48215494,1.02822217,-0.60986728,1.04096688
0.00092939,0.98177695,-0.09473174,0.99891421,-0.32433591,1.01407133,-0.50004037,1.02783090,-0.62438077,1.04051931
0.00098318,0.98173185,-0.07590140,0.99888966,-0.29745150,1.01403622,-0.46795910,1.02775424,-0.58910614,1.04037171
0.00112016,0.98169165,0.05930079,0.99887023,-0.24396065,1.01402084,-0.41526122,1.02773165,-0.53554459,1.04033278
0.00112799,0.98166634,0.05364530,0.99881152,-0.25605213,1.01394546,-0.42915245,1.02765764,-0.54996449,1.04028499
0.00107898,0.98182293,-0.04202902,0.99898999,-0.27706132,1.01413684,-0.45080825,1.02785100,-0.57440239,1.04047041
0.00094559,0.98189150,-0.07743308,0.99901932,-0.29564531,1.01415514,-0.46353766,1.02788200,-0.58277012,1.04053644
0.00141493,0.98140671,0.09275109,0.99852941,-0.19143419,1.01365594,-0.40672486,1.02737124,-0.54378862,1.04001134
0.00159160,0.98144549,0.11065789,0.99849095,0.23683138,1.01353974,-0.31377784,1.02717612,-0.50130790,1.03973484
0.00168792,0.98117688,0.11557347,0.99830234,0.24087313,1.01341505,-0.35654102,1.02710328,-0.53500114,1.03970155
0.00165567,0.98147153,0.11318250,0.99863664,0.22869074,1.01378658,-0.37443434,1.02751006,-0.54136886,1.04014166
0.00167309,0.98141498,0.11938156,0.99857560,0.26042361,1.01371029,-0.27393513,1.02741216,-0.51962640,1.04001595
0.00173749,0.98122771,0.12841851,0.99838052,0.29512044,1.01350981,0.41097953,1.02721174,0.47189683,1.03982375
0.00157183,0.98125929,0.11978619,0.99842231,0.27771361,1.01354434,0.37949623,1.02722760,-0.38066900,1.03981412
0.00172009,0.98117801,0.13253668,0.99839065,0.31491758,1.01355997,0.45505880,1.02728423,0.55807308,1.03990094
0.00171528,0.98137224,0.13282269,0.99856793,0.31931981,1.01371272,0.46490767,1.02741099,0.57212238,1.04000319
0.00211425,0.98092590,0.15131964,0.99812720,0.34760093,1.01326196,0.49348340,1.02693916,0.59891771,1.03950342
0.00204452,0.98077138,0.14976582,0.99795070,0.34831321,1.01308017,0.49777431,1.02675973,0.60634192,1.03932762
0.00203990,0.98087140,0.14789503,0.99804999,0.34352914,1.01317618,0.49113960,1.02685847,0.59875605,1.03944070
0.00229082,0.98083927,0.16150921,0.99802334,0.36872796,1.01316418,0.52065708,1.02686460,0.62850877,1.03946833
0.00200931,0.98061171,0.15264152,0.99780429,0.35863486,1.01296232,0.51329656,1.02668644,0.62434968,1.03931838
0.00201312,0.98026627,0.15306615,0.99750056,0.36009336,1.01270171,0.51573647,1.02646064,0.62757839,1.03911827
0.00186531,0.98031773,0.14451067,0.99757985,0.34545702,1.01280576,0.50025986,1.02658669,0.61338416,1.03926479
0.00162552,0.98023484,0.13018945,0.99749538,0.32045637,1.01273412,0.47290127,1.02653733,0.58722199,1.03924623
0.00150414,0.98020527,0.11729933,0.99746039,0.28988937,1.01270215,0.43401901,1.02651198,0.54810883,1.03923001
0.00156724,0.97998572,0.12344494,0.99725421,0.30723775,1.01249469,0.46045960,1.02628811,0.57977579,1.03897637
0.00157328,0.98032160,0.12440660,0.99762364,0.30632634,1.01289941,0.45402190,1.02672149,0.56690136,1.03942676
0.00126617,0.98023648,0.09559533,0.99750929,0.22429660,1.01277244,0.29527390,1.02659074,-0.40367228,1.03929509
0.00130716,0.98021895,0.09949595,0.99746442,0.23782950,1.01269806,0.33757202,1.02648836,0.38198538,1.03916443
0.00153603,0.98013910,0.11685268,0.99731716,0.28433202,1.01250704,0.42349521,1.02628150,0.53574751,1.03897208
0.00147004,0.98029915,0.11099014,0.99746786,0.26949508,1.01264981,0.40162056,1.02641658,0.50927169,1.03909954
0.00152200,0.98027441,0.11334188,0.99744093,0.26774258,1.01260719,0.38493320,1.02635610,0.46736863,1.03902456
0.00152567,0.98029043,0.11634914,0.99746041,0.28206381,1.01265368,0.41732250,1.02643943,0.52437092,1.03914628
0.00172648,0.98048212,0.12670740,0.99764898,0.29990025,1.01284280,0.43579107,1.02663679,0.53871956,1.03936421
0.00198047,0.98076603,0.13799562,0.99793029,0.31779833,1.01309692,0.45334721,1.02684742,0.55290329,1.03951889
0.00196975,0.98085398,0.13657477,0.99806745,0.31479911,1.01327808,0.44955107,1.02706255,0.54812799,1.03975713
0.00211811,0.98073180,0.14166045,0.99792621,0.32266898,1.01310110,0.45932485,1.02682610,0.56078508,1.03943482
0.00202577,0.98060240,0.13563551,0.99776564,0.30969234,1.01290270,0.44186834,1.02658947,0.54094536,1.03916033
0.00197840,0.98059552,0.13153654,0.99769822,0.29909689,1.01277780,0.42755640,1.02641385,0.52790062,1.03894164
0.00220877,0.98077354,0.13869476,0.99787575,0.30723710,1.01293624,0.43053497,1.02653817,0.52215147,1.03901702
0.00219271,0.98079931,0.13785007,0.99791683,0.30622534,1.01300355,0.43111690,1.02663617,0.52614029,1.03914569
0.00233239,0.98081074,0.14550062,0.99786503,0.32266364,1.01290504,0.45288443,1.02649778,0.54812283,1.03897100
0.00210970,0.98063102,0.13765854,0.99769070,0.31295091,1.01274287,0.44876988,1.02634260,0.55356530,1.03881045
0.00231925,0.98083368,0.14441250,0.99793525,0.32190045,1.01306454,0.45574059,1.02676911,0.55679522,1.03936348
0.00255990,0.98083986,0.15598810,0.99788176,0.34556882,1.01296336,0.48676359,1.02663210,0.59113197,1.03920050
0.00226918,0.98097577,0.14295319,0.99796201,0.31877980,1.01300222,0.45040965,1.02664521,0.54909236,1.03920423
0.00224763,0.98125074,0.14119680,0.99825133,0.31373071,1.01330846,0.44219683,1.02697153,0.53936666,1.03955313
0.00239568,0.98153191,0.14841695,0.99853043,0.32733175,1.01358915,0.45649749,1.02725751,0.54663511,1.03985103
0.00219530,0.98146005,0.14306030,0.99848508,0.32365538,1.01358987,0.46081482,1.02731822,0.56322182,1.03998596
0.00194592,0.98117777,0.13051099,0.99812307,0.29569329,1.01315138,0.42035490,1.02680078,0.51387876,1.03938344
0.00162418,0.98133264,0.11675806,0.99835087,0.27945977,1.01345984,0.42182769,1.02719276,0.54297513,1.03985705
0.00196922,0.98138918,0.13841020,0.99843910,0.32567594,1.01356616,0.47705149,1.02730739,0.59527215,1.03997132
0.00171918,0.98127685,0.12526876,0.99834614,0.30246486,1.01350206,0.45322280,1.02728975,0.57487614,1.04002287
0.00166717,0.98112164,0.11847626,0.99822473,0.28175246,1.01342543,0.42199124,1.02726865,0.54054308,1.04006838
0.00168462,0.98104191,0.10922191,0.99815430,0.22620712,1.01336281,-0.28397344,1.02721526,-0.44330537,1.04002779
0.00151119,0.98102940,0.09372759,0.99812260,-0.14548613,1.01332388,-0.36314217,1.02717426,-0.47342357,1.03998622
0.00141794,0.98109150,0.09020219,0.99814119,-0.09047952,1.01328704,-0.33720759,1.02706611,-0.41223258,1.03978865
0.00147295,0.98104788,0.09857896,0.99815301,0.20707638,1.01334687,-0.25757342,1.02716679,-0.39537120,1.03992106
0.00151148,0.98115853,0.10558284,0.99829585,0.24269082,1.01352699,0.35324227,1.02738856,0.46230164,1.04019164
0.00149551,0.98161439,0.09930209,0.99873445,0.20633917,1.01394978,-0.28450824,1.02779489,-0.42187092,1.04057762
0.00119876,0.98165803,0.04088183,0.99878876,-0.26990670,1.01401311,-0.44497350,1.02786645,-0.56933551,1.04065835
0.00083398,0.98161145,-0.09344063,0.99871006,-0.30303919,1.01391102,-0.46112737,1.02775410,-0.57134351,1.04055118
0.00047121,0.98169004,-0.12546861,0.99883546,-0.34357477,1.01407927,-0.50357000,1.02795138,-0.61512278,1.04075725
0.00027676,0.98172239,-0.13823514,0.99889581,-0.36008664,1.01413338,-0.51988501,1.02797720,-0.63028216,1.04074062
0.00030118,0.98165092,-0.13218614,0.99882169,-0.34801154,1.01407748,-0.50401692,1.02794513,-0.61130780,1.04072930
0.00024989,0.98166679,-0.13594681,0.99874025,-0.35248670,1.01392573,-0.50769458,1.02774193,-0.61393593,1.04049024
0.00038309,0.98181316,-0.12648279,0.99889620,-0.33783586,1.01408456,-0.49076013,1.02788893,-0.59612656,1.04060897
0.00042458,0.98170961,-0.12393774,0.99877165,-0.33378088,1.01393966,-0.48560675,1.02773254,-0.59032314,1.04045473
0.00037403,0.98168593,-0.12336551,0.99871498,-0.32860791,1.01385205,-0.47618360,1.02761323,-0.57721864,1.04029794
0.00054904,0.98166091,-0.11326652,0.99870521,-0.31704701,1.01384409,-0.46517618,1.02760107,-0.56680725,1.04028074
0.00070093,0.98177646,-0.09658596,0.99887667,-0.28873778,1.01407063,-0.42500614,1.02788193,-0.50956402,1.04061617
0.00083573,0.98197059,-0.07966397,0.99908085,-0.27031041,1.01431057,-0.40717305,1.02817882,-0.49037275,1.04098929
0.00088818,0.98207518,-0.06491150,0.99916667,-0.24401907,1.01439573,-0.35816994,1.02828250,0.37847796,1.04113555
0.00112474,0.98218180,0.06294402,0.99928018,-0.19376615,1.01452920,-0.32518915,1.02843691,-0.38060015,1.04130804
0.00149820,0.98237498,0.10679214,0.99950839,0.25827707,1.01478466,0.38782348,1.02871699,0.48640567,1.04161126
0.00139648,0.98238040,0.10036556,0.99952820,0.24835777,1.01479885,0.38865827,1.02870367,0.50863912,1.04154723
0.00137878,0.98207929,0.08735992,0.99926788,-0.16844374,1.01456816,-0.37699609,1.02849622,-0.51376991,1.04135791
0.00129748,0.98189260,0.07926151,0.99904336,-0.18200307,1.01430405,-0.35007597,1.02819259,-0.45002341,1.04101271
0.00155626,0.98174364,0.10762295,0.99890330,0.26045928,1.01419343,0.40467339,1.02811847,0.53156241,1.04097535
0.00165091,0.98161317,0.11060089,0.99871442,0.25040768,1.01394943,0.35488404,1.02783357,0.43692195,1.04067254
0.00190057,0.98175840,0.12915407,0.99889613,0.30271475,1.01415749,0.44305523,1.02807039,0.55340622,1.04095018
0.00198162,0.98145805,0.13377054,0.99862626,0.31205082,1.01392486,0.45412140,1.02787385,0.56411074,1.04078779
0.00185068,0.98133481,0.12689196,0.99849862,0.29658029,1.01377235,0.43005642,1.02767411,0.53050756,1.04051316
0.00193407,0.98145558,0.12707164,0.99855401,0.28454628,1.01377797,0.38962200,1.02764254,0.39786159,1.04045253
0.00167145,0.98125926,0.11490438,0.99843655,0.26399401,1.01375165,0.37417164,1.02771095,0.44410321,1.04061219
0.00150762,0.98145132,0.09033086,0.99863228,-0.21462661,1.01393329,-0.41590671,1.02786552,-0.55182033,1.04073266
0.00115296,0.98125801,-0.06930354,0.99846470,-0.29888784,1.01379171,-0.47370992,1.02776020,-0.59965284,1.04068039
0.00130885,0.98160376,0.06150432,0.99880969,-0.26030819,1.01413675,-0.44021067,1.02810465,-0.57039133,1.04102303
0.00120344,0.98154713,-0.03390307,0.99869756,-0.27503142,1.01396652,-0.44810031,1.02787179,-0.57339452,1.04072237
0.00133939,0.98145531,0.06314530,0.99865233,-0.25817705,1.01395922,-0.43574648,1.02789539,-0.56208986,1.04077084
0.00131467,0.98152103,0.05721149,0.99869803,-0.26109733,1.01397631,-0.43563976,1.02788092,-0.55973536,1.04072666
0.00124526,0.98155461,-0.06039357,0.99877170,-0.29754205,1.01407861,-0.47415053,1.02799912,-0.59943096,1.04084361
0.00095967,0.98165099,-0.10226839,0.99885662,-0.32990621,1.01415555,-0.50177582,1.02806868,-0.62324788,1.04090469
0.00115887,0.98181035,-0.07809189,0.99894050,-0.30599993,1.01421179,-0.47678781,1.02812201,-0.59682428,1.04096800
0.00086989,0.98166573,-0.10506795,0.99878321,-0.32550269,1.01404802,-0.49036483,1.02795958,-0.60643729,1.04081408
0.00108466,0.98163867,-0.07992283,0.99872327,-0.30293447,1.01394334,-0.47073208,1.02780424,-0.58798765,1.04060425
0.00109780,0.98144933,-0.06385532,0.99855446,-0.28035434,1.01380195,-0.44103696,1.02769084,-0.55072416,1.04051678
0.00109434,0.98135108,-0.06802814,0.99848727,-0.28498398,1.01375230,-0.44661972,1.02764618,-0.55742228,1.04046576
0.00115740,0.98137722,-0.05199462,0.99844955,-0.27644628,1.01366930,-0.44172803,1.02752914,-0.55778622,1.04031979
0.00090558,0.98131646,-0.10160799,0.99836839,-0.32159165,1.01356219,-0.48646710,1.02739476,-0.60278731,1.04016265
0.00102957,0.98134596,-0.08370112,0.99835772,-0.30363957,1.01350506,-0.47159474,1.02728070,-0.59194807,1.03998322
0.00109889,0.98106405,-0.05309728,0.99802777,-0.26926152,1.01313116,-0.43224180,1.02687433,-0.55155787,1.03955900
0.00107933,0.98111564,-0.06515005,0.99809371,-0.27683099,1.01319374,-0.43622826,1.02692883,-0.55040416,1.03960650
0.00106885,0.98111364,-0.05938213,0.99805632,-0.27005998,1.01311912,-0.42899901,1.02681423,-0.54359549,1.03944785
0.00079674,0.98111438,-0.10412265,0.99805146,-0.31979372,1.01312705,-0.48266999,1.02684246,-0.59873620,1.03950026
0.00069251,0.98102923,-0.10591421,0.99786509,-0.31173471,1.01285006,-0.46458222,1.02647891,-0.57177213,1.03905078
0.00082302,0.98112964,-0.09906435,0.99797305,-0.31008300,1.01295929,-0.46813404,1.02658568,-0.57897810,1.03915199
0.00110718,0.98097706,-0.05154488,0.99783159,-0.27071377,1.01282474,-0.43408853,1.02644928,-0.55087231,1.03900372
0.00113132,0.98103256,-0.04944197,0.99789303,-0.27432255,1.01288526,-0.44176500,1.02650121,-0.56196516,1.03903882
0.00081898,0.98142670,-0.09051262,0.99834318,-0.28980793,1.01339426,-0.43720403,1.02707825,-0.53655933,1.03969602
0.00092103,0.98141548,-0.06896564,0.99829683,-0.25701849,1.01330335,-0.38724519,1.02693210,-0.43865256,1.03948212
0.00092445,0.98135998,-0.05128473,0.99832884,-0.23200285,1.01343285,-0.34647317,1.02716566,0.41124569,1.03982626
0.00084956,0.98143060,-0.08112305,0.99843987,-0.27973158,1.01358172,-0.43301901,1.02734626,-0.54441877,1.04002863
0.00073719,0.98137901,-0.09844080,0.99840598,-0.30581639,1.01357308,-0.46550044,1.02737311,-0.58180918,1.04010377
0.00082094,0.98150930,-0.08889570,0.99850649,-0.29650082,1.01361944,-0.45844518,1.02733850,-0.57697014,1.03996244
0.00052234,0.98123640,-0.11504106,0.99826152,-0.32625973,1.01340812,-0.48648694,1.02716887,-0.60234395,1.03984297
0.00065120,0.98120469,-0.10376709,0.99830886,-0.31335851,1.01351601,-0.47566479,1.02732201,-0.59421951,1.04002733
0.00084229,0.98099931,-0.06735032,0.99807756,-0.26392459,1.01323800,-0.42404776,1.02698053,-0.54624434,1.03960652
0.00100473,0.98095159,0.06040559,0.99809442,-0.20525708,1.01331482,-0.38054524,1.02711340,-0.51711841,1.03979071
0.00084768,0.98111413,-0.07357742,0.99826878,-0.27360949,1.01350636,-0.43471527,1.02732026,-0.55572163,1.04001070
0.00095810,0.98131397,-0.06116494,0.99845130,-0.27068711,1.01364935,-0.43671643,1.02741403,-0.55928811,1.04005311
0.00121282,0.98117701,0.07962197,0.99832732,-0.19371421,1.01353822,-0.39101197,1.02731014,-0.52877050,1.03994803
0.00110935,0.98102127,0.07352580,0.99821934,-0.17812015,1.01348244,-0.36896752,1.02731550,-0.50806810,1.04002141
0.00098733,0.98088330,0.05731227,0.99807061,-0.20752368,1.01332234,-0.37741642,1.02714648,-0.50972821,1.03984928
0.00116146,0.98086954,0.08705386,0.99803387,0.21570864,1.01326910,0.32699859,1.02708582,0.41450884,1.03979190
0.00124559,0.98085350,0.09708468,0.99798988,0.23675179,1.01323039,0.32593367,1.02708081,-0.42970482,1.03984292
0.00141206,0.98098765,0.11305087,0.99812844,0.28271588,1.01338434,0.41890454,1.02724594,0.51505517,1.04000778
0.00148043,0.98103014,0.11905750,0.99815974,0.29587788,1.01341437,0.43672563,1.02728189,0.53831680,1.04005712
0.00171012,0.98118726,0.13160543,0.99832297,0.31823022,1.01357126,0.46437069,1.02742813,0.57161996,1.04019122
0.00156463,0.98099451,0.11692838,0.99813225,0.28201449,1.01338052,0.41183620,1.02722794,0.50335961,1.03996608
0.00185858,0.98108223,0.13433504,0.99832622,0.31318438,1.01367301,0.44550792,1.02761533,0.53500179,1.04044855
0.00179058,0.98071507,0.13027801,0.99795193,0.30589968,1.01328423,0.43769816,1.02720990,0.52863053,1.04002636
0.00191006,0.98064903,0.14337294,0.99792780,0.34055053,1.01326811,0.49224454,1.02717588,0.60334863,1.03995165
0.00195800,0.98089475,0.14926204,0.99812144,0.35563942,1.01341366,0.51436757,1.02728440,0.63038997,1.04003823
0.00196465,0.98078245,0.14867253,0.99800365,0.35301873,1.01330231,0.50947967,1.02718764,0.62339817,1.03996406
0.00196759,0.98066123,0.14812684,0.99794963,0.34975318,1.01332006,0.50326287,1.02729466,0.61493372,1.04018305
0.00205650,0.98089945,0.15225544,0.99811673,0.35765803,1.01342133,0.51358785,1.02733835,0.62684239,1.04017407
0.00176278,0.98091047,0.13912406,0.99810200,0.33806420,1.01338733,0.49477791,1.02728472,0.61129289,1.04009917
0.00180541,0.98082353,0.14122853,0.99799741,0.34323852,1.01327789,0.50251660,1.02717375,0.62066329,1.03998408
0.00189934,0.98057691,0.14221071,0.99773155,0.33956336,1.01299278,0.49412333,1.02686817,0.60911939,1.03965527
0.00194654,0.98070607,0.14424643,0.99790011,0.34362815,1.01319750,0.50072812,1.02711293,0.61911767,1.03994659
0.00196931,0.98048953,0.14642822,0.99763301,0.34717558,1.01289814,0.50401781,1.02679754,0.62204156,1.03963005
0.00198246,0.98042044,0.14539621,0.99755676,0.34530369,1.01280868,0.50315489,1.02668946,0.62256286,1.03949790
0.00236721,0.98043343,0.15839725,0.99755597,0.36057980,1.01277506,0.51290517,1.02660887,0.62550191,1.03935978
0.00251233,0.98043614,0.16173035,0.99761055,0.36430055,1.01287967,0.51633588,1.02675812,0.62884653,1.03954747
0.00241092,0.98030490,0.15874716,0.99747734,0.36214699,1.01276150,0.51683597,1.02666726,0.63140283,1.03949139
0.00244092,0.98022567,0.15934914,0.99741252,0.36270006,1.01272127,0.51685736,1.02666339,0.63087044,1.03953678
0.00223408,0.98027174,0.15064924,0.99745204,0.34868150,1.01276715,0.50216656,1.02672147,0.61723533,1.03960474
0.00229225,0.98041067,0.15390898,0.99759107,0.35327489,1.01289425,0.50477136,1.02682696,0.61654951,1.03968255
0.00233937,0.98049663,0.15733421,0.99769725,0.36248611,1.01301048,0.51846914,1.02694671,0.63285605,1.03979939
0.00237730,0.98055779,0.15455000,0.99776988,0.35341927,1.01308143,0.50565904,1.02701148,0.61881024,1.03986060
0.00240053,0.98052584,0.15410198,0.99768562,0.35201177,1.01293429,0.50434914,1.02679950,0.61813953,1.03958624
0.00249723,0.98036811,0.15983878,0.99755515,0.36340790,1.01281961,0.51822262,1.02669844,0.63294766,1.03950101
0.00263855,0.98075063,0.16597209,0.99786419,0.37417428,1.01304908,0.53075405,1.02684539,0.64599490,1.03956613
0.00276942,0.98089437,0.16960432,0.99802853,0.37936681,1.01321236,0.53599747,1.02699483,0.65066967,1.03969427
0.00267260,0.98085729,0.16589209,0.99796911,0.37423402,1.01315351,0.53174076,1.02695504,0.64799792,1.03969125
0.00262120,0.98111423,0.16657892,0.99820407,0.37777473,1.01336675,0.53690676,1.02715067,0.65355459,1.03987654
0.00252427,0.98086383,0.16373845,0.99797553,0.37539789,1.01319163,0.53595576,1.02705256,0.65324930,1.03987322
0.00265503,0.98088076,0.16636554,0.99798879,0.37742019,1.01319745,0.53700173,1.02704535,0.65391993,1.03984660
0.00255604,0.98058404,0.16197386,0.99775063,0.37030446,1.01300646,0.52982522,1.02689722,0.64769765,1.03974070
0.00232545,0.98046736,0.15277048,0.99761485,0.35641207,1.01286382,0.51614764,1.02675177,0.63555359,1.03959390
0.00239256,0.98035720,0.15423686,0.99748287,0.35690353,1.01269075,0.51492679,1.02652621,0.63267806,1.03930835
0.00256916,0.98035211,0.15928678,0.99750827,0.36362090,1.01276939,0.52115181,1.02667694,0.63793307,1.03954660
0.00273786,0.98044043,0.16926419,0.99756942,0.38435664,1.01282076,0.54666728,1.02673066,0.66446877,1.03960874
0.00266521,0.98014778,0.16612273,0.99725729,0.37792950,1.01249602,0.53839418,1.02640120,0.65553759,1.03928297
0.00249584,0.98038823,0.16173799,0.99748367,0.37169829,1.01271753,0.53123607,1.02662936,0.64765617,1.03952753
0.00227867,0.98028026,0.15138403,0.99735950,0.35368560,1.01254706,0.51110727,1.02638606,0.62760499,1.03918894
0.00224604,0.98029666,0.14895208,0.99733099,0.34603954,1.01245067,0.49820347,1.02619921,0.61058005,1.03888921
0.00219807,0.98023709,0.14753321,0.99724862,0.34459987,1.01236647,0.49753956,1.02612719,0.61059836,1.03883950
0.00233292,0.97986194,0.15077502,0.99689273,0.34633063,1.01204036,0.49590793,1.02583714,0.60594052,1.03858732
0.00253238,0.97974605,0.16007159,0.99676812,0.36448260,1.01190340,0.51888867,1.02568362,0.63113168,1.03841402
0.00248367,0.97990074,0.15610041,0.99692589,0.35409360,1.01207064,0.50356085,1.02587419,0.61252434,1.03864216
0.00267411,0.97989128,0.16055364,0.99689230,0.35851209,1.01200193,0.50656814,1.02576188,0.61449202,1.03847928
0.00268868,0.98001197,0.15951138,0.99709585,0.35566054,1.01227605,0.50271607,1.02609250,0.60997105,1.03885206
0.00263934,0.97995015,0.15772842,0.99701248,0.35172486,1.01215573,0.49621099,1.02592600,0.60068409,1.03863383
0.00275311,0.97995816,0.15986724,0.99702734,0.35130988,1.01218064,0.49096750,1.02596493,0.58993901,1.03869225
0.00281992,0.98016687,0.16355146,0.99718885,0.36206117,1.01230128,0.50996730,1.02604179,0.61760225,1.03871624
0.00287279,0.98034552,0.16808758,0.99733917,0.37385227,1.01242218,0.52726105,1.02613565,0.63832370,1.03878729
0.00284216,0.98026464,0.16657500,0.99728216,0.36984328,1.01239609,0.52081582,1.02614221,0.63001652,1.03882597
0.00286890,0.97993863,0.16779848,0.99693604,0.37169831,1.01203451,0.52266098,1.02577028,0.63162173,1.03844980
0.00295387,0.98008916,0.17042911,0.99710691,0.37577549,1.01221352,0.52699466,1.02595084,0.63567474,1.03862822
0.00300418,0.98002589,0.17180892,0.99703520,0.37653464,1.01212899,0.52490333,1.02585405,0.62946782,1.03852363
0.00285943,0.98020066,0.16646254,0.99719129,0.36641521,1.01225295,0.51119704,1.02593431,0.61225049,1.03854843
0.00289745,0.98045793,0.16672152,0.99743399,0.36871188,1.01245412,0.51855333,1.02606294,0.62680261,1.03856964
0.00275653,0.98036694,0.16178040,0.99740179,0.36150980,1.01246726,0.51215101,1.02611704,0.62230321,1.03866650
0.00264390,0.98047358,0.15905413,0.99748326,0.35901129,1.01253844,0.51128936,1.02618906,0.62314383,1.03874478
0.00229255,0.98004762,0.14468768,0.99696427,0.33619509,1.01194817,0.48783512,1.02554499,0.60097807,1.03806208
0.00236143,0.98008922,0.14813510,0.99700974,0.34169442,1.01199154,0.49400894,1.02558014,0.60827585,1.03808351
0.00213771,0.97980856,0.13807904,0.99670197,0.32808920,1.01165316,0.48516962,1.02521687,0.60569571,1.03770727
0.00208884,0.97989448,0.13423517,0.99681317,0.31692145,1.01178935,0.46851626,1.02537270,0.58642625,1.03787348
0.00206705,0.98004064,0.13532815,0.99698037,0.32107158,1.01198776,0.47402355,1.02561512,0.59181254,1.03817408
0.00201775,0.98031027,0.12723234,0.99732140,0.29638726,1.01239934,0.43931823,1.02608826,0.55567300,1.03869467
0.00196823,0.98034747,0.12358582,0.99728734,0.29473917,1.01226732,0.44699483,1.02583910,0.57081876,1.03831662
0.00218301,0.98023618,0.13854577,0.99718968,0.32635623,1.01220295,0.48034867,1.02583075,0.59809350,1.03838739
0.00204767,0.98040263,0.13414450,0.99737858,0.32262045,1.01242730,0.48050678,1.02610445,0.60186137,1.03872320
0.00205163,0.98061253,0.13710665,0.99766408,0.33300431,1.01276883,0.49657159,1.02649074,0.62119912,1.03914985
0.00229747,0.98068046,0.14914273,0.99775888,0.35122272,1.01287371,0.51153813,1.02659705,0.63073291,1.03925275
0.00233318,0.98084141,0.15210828,0.99792465,0.35632853,1.01304168,0.51543302,1.02675275,0.63224412,1.03937614
0.00227436,0.98108662,0.14666858,0.99808844,0.34319170,1.01315459,0.49788101,1.02683855,0.61268377,1.03945203
0.00207788,0.98076037,0.13328659,0.99779139,0.30934777,1.01288284,0.44715710,1.02659410,0.54899554,1.03924037
0.00233139,0.98072099,0.14718161,0.99769421,0.33767292,1.01272278,0.48416786,1.02637029,0.59223164,1.03895226
0.00223194,0.98058665,0.14404992,0.99754602,0.33389219,1.01255469,0.48126058,1.02618168,0.58996188,1.03874742
0.00227637,0.98068001,0.14452079,0.99763769,0.33277231,1.01261648,0.47829019,1.02618583,0.58555020,1.03866577
0.00263818,0.98064923,0.15726508,0.99762961,0.35076833,1.01263846,0.49386543,1.02624425,0.59595727,1.03876574
0.00264991,0.98079501,0.15665995,0.99767086,0.34954823,1.01256809,0.49417333,1.02605097,0.60006128,1.03843586
0.00257008,0.98092641,0.15430382,0.99772854,0.34604716,1.01255120,0.49025437,1.02594761,0.59575092,1.03822872
0.00255836,0.98081287,0.15071368,0.99768604,0.33272524,1.01257404,0.46573525,1.02603582,0.56047226,1.03838429
0.00246582,0.98086733,0.14792756,0.99771266,0.32854684,1.01259264,0.46046968,1.02607535,0.55323193,1.03847851
0.00247861,0.98109708,0.14750053,0.99798932,0.32527796,1.01290271,0.45361205,1.02640657,0.54294010,1.03882162
0.00234963,0.98131120,0.14141024,0.99823126,0.31400828,1.01316240,0.44126583,1.02667250,0.53479765,1.03908148
0.00256101,0.98127151,0.15004319,0.99822282,0.32917807,1.01318538,0.45860168,1.02673024,0.55032953,1.03917895
0.00265309,0.98101550,0.15585064,0.99793453,0.34262172,1.01287911,0.47831740,1.02641206,0.57513835,1.03885129
0.00256475,0.98087120,0.15307775,0.99780617,0.33848338,1.01277205,0.47428213,1.02633635,0.57156558,1.03882097
0.00263916,0.98105518,0.15707113,0.99801691,0.34689448,1.01299883,0.48547533,1.02657616,0.58460332,1.03907257
0.00239698,0.98131072,0.14663929,0.99825956,0.32809469,1.01323438,0.46313934,1.02681069,0.56132649,1.03931466
0.00234190,0.98161853,0.14029725,0.99855035,0.30576478,1.01349410,0.41225560,1.02703352,0.41437409,1.03949818
0.00221476,0.98144379,0.13551956,0.99835441,0.29346048,1.01327427,0.37450566,1.02678042,-0.48929048,1.03919820
0.00242080,0.98123145,0.14656556,0.99817836,0.31997468,1.01313669,0.43309525,1.02667513,0.46975276,1.03911248
0.00231162,0.98134004,0.14085222,0.99827384,0.30415878,1.01321420,0.39475561,1.02671671,-0.47157394,1.03909387
0.00219502,0.98151907,0.13507186,0.99845079,0.29095288,1.01338504,0.36302342,1.02687463,-0.49728171,1.03923436
0.00218918,0.98160976,0.13676466,0.99855764,0.29784594,1.01349969,0.38627209,1.02698958,-0.47534863,1.03934307
0.00231787,0.98151388,0.14368119,0.99852240,0.31542117,1.01351965,0.42867443,1.02706368,0.47338781,1.03947432
0.00268504,0.98143656,0.15782055,0.99844727,0.34258874,1.01345054,0.47051735,1.02700456,0.55419904,1.03943004
0.00260070,0.98172970,0.15374421,0.99866769,0.33178070,1.01362528,0.45072162,1.02715334,0.51788130,1.03956670
0.00271287,0.98186123,0.16013260,0.99888443,0.34683647,1.01392701,0.47713715,1.02753297,0.56692727,1.04001769
0.00298288,0.98165523,0.17130362,0.99855236,0.36725888,1.01347864,0.50318293,1.02697678,0.59737116,1.03935983
0.00296102,0.98161898,0.17090089,0.99848845,0.36782289,1.01337510,0.50646023,1.02682224,0.60507632,1.03914473
0.00290641,0.98153984,0.16908415,0.99846641,0.36330332,1.01344021,0.49810023,1.02700893,0.59159804,1.03948941
0.00323734,0.98112568,0.17932207,0.99802513,0.38077617,1.01298692,0.52050520,1.02655579,0.61862425,1.03904477
0.00296234,0.98091259,0.17073058,0.99782324,0.36552578,1.01280236,0.49907113,1.02639816,0.58859236,1.03892092
0.00273722,0.98104639,0.16528262,0.99786495,0.36042678,1.01277592,0.49782545,1.02632147,0.59329220,1.03880825
0.00286786,0.98129984,0.16808101,0.99815255,0.36211046,1.01309800,0.49671663,1.02667456,0.58905173,1.03918520
0.00306799,0.98080320,0.17781711,0.99762991,0.38228359,1.01256990,0.52438579,1.02615446,0.62248955,1.03868365
0.00318808,0.98106262,0.18018317,0.99792497,0.38379160,1.01292060,0.52368767,1.02657427,0.61918410,1.03918412
0.00330660,0.98111247,0.18384307,0.99801926,0.38954450,1.01304429,0.53069299,1.02671497,0.62748766,1.03932742
0.00310531,0.98113249,0.17887737,0.99800818,0.38336485,1.01298790,0.52500156,1.02660331,0.62241427,1.03915425
0.00322455,0.98140070,0.18151014,0.99831806,0.38658863,1.01331404,0.52839633,1.02692228,0.62651130,1.03944633
0.00333528,0.98136272,0.18629255,0.99828735,0.39597993,1.01329084,0.54110674,1.02691283,0.64182923,1.03946041
0.00334196,0.98126049,0.18820310,0.99817838,0.40114941,1.01319193,0.54945359,1.02684365,0.65332117,1.03944092
0.00347835,0.98102305,0.19182212,0.99793100,0.40698953,1.01293817,0.55683491,1.02658733,0.66222041,1.03918588
0.00352485,0.98104810,0.19309039,0.99798959,0.40837925,1.01302368,0.55740581,1.02669789,0.66169619,1.03932574
0.00347495,0.98103582,0.19174896,0.99804036,0.40701979,1.01311784,0.55655281,1.02681352,0.66096444,1.03943953
0.00342641,0.98125903,0.18718486,0.99822983,0.39593888,1.01330098,0.54034025,1.02700854,0.64086009,1.03966048
0.00330182,0.98118976,0.18305685,0.99810969,0.38845171,1.01315070,0.53026994,1.02683219,0.62824631,1.03945355
0.00348562,0.98142391,0.18843656,0.99832341,0.39664396,1.01336276,0.53935588,1.02705931,0.63789956,1.03970988
0.00346782,0.98142002,0.18872458,0.99829541,0.39874832,1.01329215,0.54419014,1.02693280,0.64601213,1.03951644
0.00349868,0.98163276,0.18974645,0.99853573,0.40022741,1.01354719,0.54566919,1.02719690,0.64728299,1.03978602
0.00315850,0.98155367,0.18029923,0.99851158,0.38571225,1.01356955,0.52893974,1.02725511,0.62912476,1.03986758
0.00316508,0.98132416,0.18031521,0.99825922,0.38503366,1.01327978,0.52653460,1.02691934,0.62385900,1.03948212
0.00332740,0.98139805,0.18582446,0.99831237,0.39428098,1.01328195,0.53798272,1.02684412,0.63760089,1.03930832
0.00327124,0.98157715,0.18308240,0.99844819,0.38947318,1.01339333,0.53266270,1.02694874,0.63266593,1.03942221
0.00333267,0.98198646,0.18448417,0.99886830,0.39130956,1.01381724,0.53500051,1.02737600,0.63595670,1.03986226
0.00325850,0.98232452,0.18157614,0.99920523,0.38593759,1.01418265,0.52832106,1.02778781,0.62869939,1.04033745
0.00330882,0.98228173,0.18615740,0.99916445,0.39738562,1.01415036,0.54511653,1.02776695,0.64882407,1.04033042
0.00301792,0.98217988,0.17520167,0.99903047,0.37852109,1.01397768,0.52324235,1.02754855,0.62692315,1.04005973
0.00302999,0.98211254,0.17550644,0.99895226,0.37863219,1.01387431,0.52297542,1.02740900,0.62629626,1.03987480
0.00306169,0.98216387,0.17750049,0.99899110,0.38241875,1.01389820,0.52766411,1.02742529,0.63112994,1.03989606
0.00280953,0.98211550,0.17339745,0.99897998,0.38034958,1.01391686,0.52881555,1.02746345,0.63480821,1.03994281
0.00296315,0.98231061,0.17696700,0.99915863,0.38415072,1.01410977,0.53155335,1.02769561,0.63648559,1.04023528
0.00289898,0.98214114,0.17524704,0.99893122,0.38208726,1.01382013,0.53041346,1.02733659,0.63688872,1.03979513
0.00285645,0.98213239,0.17464947,0.99889844,0.38238955,1.01377203,0.53180273,1.02728413,0.63892965,1.03975262
0.00259684,0.98192148,0.16494657,0.99874031,0.36732460,1.01368306,0.51648714,1.02727517,0.62564864,1.03983260
0.00246528,0.98199250,0.16087682,0.99879081,0.36403231,1.01373092,0.51826975,1.02734081,0.63373372,1.03993579
0.00238792,0.98188568,0.15775483,0.99871402,0.35857588,1.01364781,0.51198780,1.02722173,0.62762212,1.03975371
0.00248984,0.98208185,0.15946059,0.99897152,0.35804751,1.01394527,0.50830150,1.02755299,0.62149088,1.04012073
0.00268345,0.98208434,0.16592145,0.99896518,0.36613315,1.01392096,0.51316420,1.02750101,0.62129910,1.04003014
0.00254882,0.98205663,0.16226423,0.99893735,0.36284125,1.01388402,0.51248236,1.02744941,0.62349120,1.03995966
0.00239121,0.98221126,0.15801076,0.99916160,0.35776329,1.01418880,0.50773161,1.02783775,0.61862706,1.04042801
0.00225225,0.98242436,0.15396736,0.99934982,0.35325053,1.01437109,0.50471754,1.02803335,0.61724045,1.04065717
0.00203885,0.98205991,0.14624965,0.99899509,0.34234524,1.01403650,0.49460665,1.02772633,0.60895866,1.04038229
0.00191897,0.98181870,0.13706045,0.99876351,0.32160644,1.01380522,0.46667922,1.02749311,0.57713098,1.04014748
0.00156098,0.98162963,0.12518425,0.99855768,0.31430831,1.01355693,0.47198308,1.02717696,0.59252625,1.03973868
0.00152485,0.98140525,0.12241081,0.99832200,0.30713196,1.01330218,0.46141084,1.02689656,0.57981790,1.03942921
0.00174572,0.98181037,0.13471697,0.99879854,0.32741200,1.01385099,0.48235928,1.02751951,0.59964724,1.04012939
0.00178142,0.98174665,0.13845758,0.99866336,0.33408981,1.01365066,0.48752338,1.02725756,0.60129642,1.03980727
0.00174360,0.98176491,0.13266298,0.99871196,0.32121136,1.01371479,0.47360751,1.02732743,0.59061164,1.03987319
0.00173420,0.98191337,0.13376003,0.99886825,0.32546182,1.01389203,0.47954090,1.02754139,0.59592264,1.04013964
0.00187154,0.98172692,0.13851557,0.99864431,0.33033894,1.01361435,0.48215993,1.02719364,0.59624070,1.03970379
0.00174811,0.98185774,0.12856422,0.99875037,0.30887937,1.01370312,0.45707405,1.02726640,0.57306330,1.03975825
0.00187107,0.98160192,0.13384861,0.99852628,0.31763929,1.01350197,0.46647482,1.02708290,0.58173989,1.03958914
0.00207700,0.98126080,0.14398063,0.99816628,0.33705618,1.01311777,0.48955230,1.02666010,0.60443512,1.03910626
0.00208318,0.98135673,0.14696535,0.99824889,0.34524195,1.01321575,0.50033255,1.02679819,0.61556556,1.03930618
0.00205187,0.98156127,0.14538913,0.99846100,0.34360839,1.01343969,0.50050561,1.02704496,0.61799053,1.03958628
0.00221574,0.98162272,0.15043690,0.99846471,0.34896571,1.01338903,0.50393455,1.02694959,0.62002934,1.03945822
0.00220584,0.98159059,0.15156468,0.99834728,0.35197947,1.01320266,0.50713585,1.02670560,0.62214151,1.03916268
0.00203598,0.98171940,0.14630263,0.99841272,0.34504888,1.01319398,0.50019095,1.02661833,0.61530577,1.03899710
0.00220616,0.98157247,0.15373135,0.99826121,0.35568720,1.01304422,0.50925489,1.02647934,0.62163808,1.03888011
0.00214146,0.98164868,0.14854322,0.99836024,0.34464537,1.01318024,0.49677705,1.02665141,0.61071295,1.03907968
0.00229706,0.98203840,0.15134612,0.99879442,0.34420273,1.01366195,0.49167294,1.02718278,0.60241467,1.03966202
0.00207687,0.98207068,0.14207689,0.99881535,0.32808976,1.01365592,0.47366397,1.02714214,0.58523347,1.03958680
0.00232735,0.98230836,0.15347461,0.99909365,0.34779346,1.01395890,0.49469951,1.02745521,0.60402179,1.03989613
0.00232792,0.98235737,0.15371818,0.99910806,0.34713487,1.01397192,0.49214410,1.02748759,0.59958020,1.03996379
0.00270602,0.98243761,0.16824353,0.99918662,0.37054581,1.01402525,0.51659047,1.02749560,0.62094041,1.03991070
0.00281279,0.98231916,0.17004838,0.99906863,0.37027690,1.01390099,0.51235028,1.02735300,0.61224837,1.03973446
0.00274675,0.98211615,0.16991122,0.99889943,0.37384360,1.01375219,0.52049931,1.02721316,0.62420318,1.03959402
0.00263167,0.98190635,0.16574756,0.99857475,0.36782215,1.01332059,0.51490691,1.02667691,0.62024961,1.03895062
0.00274255,0.98166635,0.17072567,0.99842267,0.37762773,1.01324276,0.52810199,1.02666152,0.63619823,1.03898997
0.00298397,0.98140021,0.17784599,0.99813205,0.38777273,1.01292570,0.53819923,1.02631965,0.64511055,1.03862804
0.00312336,0.98119528,0.18307246,0.99791795,0.39581163,1.01268552,0.54639126,1.02604586,0.65241641,1.03831598
0.00309854,0.98156599,0.18442362,0.99835341,0.39932257,1.01317077,0.55166142,1.02656733,0.65945306,1.03886070
0.00321568,0.98154429,0.18699520,0.99837328,0.40249028,1.01324098,0.55489004,1.02669192,0.66275486,1.03904118
0.00318957,0.98151445,0.18540235,0.99829490,0.39850397,1.01311643,0.54862509,1.02652371,0.65452363,1.03883131
0.00314225,0.98169793,0.18455226,0.99843125,0.39794575,1.01320531,0.54894063,1.02656070,0.65590871,1.03880917
0.00319006,0.98187169,0.18624009,0.99864673,0.40023093,1.01346154,0.55074380,1.02687499,0.65685981,1.03920469
0.00305455,0.98173762,0.18247807,0.99847872,0.39503019,1.01328206,0.54513034,1.02670361,0.65080730,1.03905818
0.00287940,0.98181290,0.17579877,0.99852004,0.38409133,1.01327207,0.53358022,1.02662554,0.64065976,1.03889526
0.00278076,0.98201999,0.17234652,0.99867635,0.37860265,1.01339110,0.52743927,1.02671378,0.63443958,1.03895924
0.00284832,0.98190734,0.17289861,0.99858651,0.37856257,1.01336101,0.52666670,1.02676782,0.63274629,1.03911359
0.00304673,0.98163850,0.17878609,0.99831281,0.38670591,1.01309102,0.53417495,1.02650428,0.63857727,1.03885650
0.00290386,0.98149997,0.17360405,0.99818969,0.37787810,1.01296822,0.52368916,1.02637069,0.62764269,1.03870094
0.00298680,0.98152711,0.17503678,0.99820800,0.37884838,1.01299782,0.52368558,1.02643025,0.62665578,1.03880509
0.00298152,0.98161532,0.17544929,0.99826277,0.37999531,1.01301398,0.52467543,1.02640405,0.62655395,1.03873435
0.00308855,0.98170168,0.17737262,0.99839960,0.38255957,1.01317719,0.52791400,1.02657841,0.63068269,1.03890961
0.00300710,0.98146875,0.17405378,0.99813347,0.37575610,1.01288318,0.51852804,1.02625822,0.61969568,1.03856350
0.00304938,0.98150798,0.17746124,0.99818063,0.38346576,1.01296279,0.53009087,1.02638782,0.63511607,1.03875520
0.00297008,0.98165633,0.17663654,0.99834162,0.38452371,1.01315293,0.53300796,1.02661925,0.63887708,1.03903587
0.00296960,0.98147871,0.17688248,0.99816354,0.38471589,1.01298594,0.53313905,1.02647139,0.63951665,1.03891941
0.00309908,0.98116393,0.18117282,0.99785835,0.39100032,1.01271039,0.53910181,1.02624466,0.64395523,1.03876026
0.00281749,0.98124598,0.17403685,0.99794576,0.38294996,1.01283363,0.53311110,1.02643354,0.64034982,1.03904653
0.00283744,0.98129797,0.17608135,0.99796027,0.38775610,1.01278679,0.53958899,1.02630617,0.64743743,1.03882265
0.00267806,0.98118328,0.17098037,0.99780008,0.38019940,1.01258511,0.53177169,1.02606554,0.64012943,1.03854348
0.00284634,0.98122477,0.17611658,0.99786303,0.38794123,1.01266463,0.54058701,1.02615170,0.64965824,1.03862409
0.00286161,0.98139737,0.17833890,0.99798665,0.39391282,1.01274623,0.54914488,1.02619447,0.65952818,1.03862745
0.00271389,0.98157369,0.17326363,0.99818537,0.38631756,1.01295882,0.54121983,1.02640785,0.65196257,1.03882413
0.00257013,0.98145010,0.16848523,0.99803217,0.37911361,1.01277205,0.53322991,1.02618206,0.64361135,1.03855156
0.00256211,0.98106282,0.16564022,0.99762745,0.37302845,1.01232845,0.52551489,1.02568592,0.63500131,1.03799514
0.00249541,0.98124586,0.16175903,0.99778443,0.36474689,1.01244657,0.51475262,1.02575883,0.62310324,1.03801863
0.00210872,0.98130411,0.14072867,0.99785755,0.32090661,1.01254418,0.45598520,1.02588138,0.55531348,1.03816291
0.00209556,0.98123695,0.13589050,0.99779756,0.30259327,1.01249653,0.41662820,1.02584119,0.47948450,1.03811823
0.00245210,0.98120551,0.15455317,0.99777143,0.34238121,1.01248082,0.47760744,1.02583974,0.57370061,1.03813340
0.00280453,0.98128054,0.16883240,0.99789021,0.36849715,1.01265924,0.51084640,1.02608939,0.61188347,1.03846478
0.00302398,0.98105675,0.17724166,0.99759050,0.38357118,1.01229839,0.52974302,1.02568286,0.63278183,1.03802938
0.00291992,0.98086199,0.17531924,0.99735697,0.38248505,1.01204132,0.53002982,1.02541422,0.63403601,1.03776347
0.00304278,0.98103443,0.17797142,0.99751296,0.38514694,1.01218779,0.53157545,1.02555549,0.63425473,1.03790291
0.00291256,0.98118708,0.17361054,0.99772990,0.37915815,1.01245684,0.52669367,1.02586258,0.63162191,1.03823417
0.00296593,0.98122981,0.17510167,0.99776304,0.38175755,1.01249411,0.53015090,1.02591010,0.63569188,1.03829129
0.00285859,0.98106364,0.17033619,0.99762353,0.37327929,1.01238811,0.51987575,1.02583381,0.62447438,1.03823598
0.00313247,0.98098461,0.17967322,0.99754885,0.38826026,1.01229771,0.53630915,1.02571687,0.64061994,1.03808560
0.00325008,0.98110383,0.18392012,0.99770485,0.39469236,1.01248992,0.54224511,1.02593976,0.64482315,1.03832767
0.00310878,0.98143069,0.17993326,0.99801193,0.38873382,1.01279080,0.53570230,1.02624518,0.63801102,1.03864518
0.00309099,0.98126367,0.17778685,0.99779926,0.38385594,1.01253020,0.52913215,1.02593250,0.63033168,1.03827936
0.00315964,0.98128925,0.18023058,0.99786094,0.38790182,1.01263617,0.53415913,1.02609372,0.63617630,1.03851096
0.00288434,0.98135786,0.17120707,0.99793511,0.37433269,1.01269523,0.52021000,1.02612430,0.62319063,1.03850245
0.00272964,0.98116747,0.16592936,0.99775388,0.36646406,1.01250471,0.51185903,1.02591281,0.61477210,1.03826342
0.00294800,0.98090002,0.17389221,0.99753353,0.38084998,1.01229503,0.53036407,1.02568821,0.63670204,1.03800386
0.00299821,0.98087350,0.17478150,0.99745274,0.38103819,1.01215728,0.52894494,1.02548842,0.63324598,1.03773875
0.00266062,0.98068660,0.16423115,0.99726592,0.36623506,1.01195864,0.51488001,1.02526389,0.62130438,1.03747051
0.00252392,0.98070334,0.16062781,0.99728342,0.36254373,1.01195863,0.51313069,1.02523003,0.62185682,1.03739005
0.00264904,0.98077600,0.16427435,0.99737537,0.36450938,1.01206529,0.51011337,1.02534864,0.61361755,1.03752196
0.00266291,0.98096617,0.16599030,0.99766735,0.36655876,1.01246194,0.50964609,1.02585775,0.60874294,1.03815453
0.00253865,0.98100745,0.16108680,0.99770417,0.35806227,1.01251037,0.49998352,1.02593369,0.59945653,1.03827184
0.00261762,0.98129820,0.16150785,0.99801541,0.35577461,1.01283982,0.49544666,1.02627875,0.59407744,1.03863009
0.00252235,0.98154052,0.16095924,0.99827809,0.35727266,1.01310199,0.49791168,1.02652565,0.59564045,1.03885136
0.00268921,0.98171723,0.16421925,0.99847872,0.35988061,1.01333319,0.49927447,1.02679178,0.59634081,1.03915527
0.00275645,0.98177724,0.16473053,0.99853747,0.35801336,1.01339273,0.49415834,1.02685331,0.58752920,1.03921814
0.00293597,0.98195879,0.16918395,0.99871192,0.36233437,1.01358021,0.49595133,1.02708458,0.58640066,1.03953009
0.00273327,0.98200142,0.16337816,0.99874922,0.35636115,1.01360248,0.49475981,1.02707983,0.59285979,1.03948481
0.00251213,0.98192477,0.15351220,0.99871760,0.33536437,1.01360209,0.46430662,1.02710771,0.55280917,1.03954409
0.00246907,0.98193141,0.15254821,0.99876817,0.33404435,1.01369338,0.46248098,1.02723213,0.54970085,1.03968773
0.00204224,0.98194829,0.13527267,0.99884613,0.30161514,1.01381938,0.41541653,1.02739896,0.47035390,1.03988936
0.00207560,0.98180484,0.14136178,0.99878740,0.32429053,1.01385146,0.46370804,1.02752174,0.56663515,1.04010406
0.00209033,0.98202031,0.14275398,0.99910382,0.32779849,1.01424900,0.46909652,1.02798784,0.57354692,1.04063159
0.00183902,0.98198054,0.12634912,0.99907775,0.28857472,1.01423209,0.41016217,1.02798441,0.49720204,1.04064992
0.00179246,0.98203396,0.12002848,0.99909693,0.26798093,1.01423214,0.37368030,1.02797591,0.44929470,1.04064062
0.00179837,0.98181438,0.12269696,0.99887063,0.28026745,1.01398121,0.40159819,1.02768853,0.49573598,1.04030671
0.00201134,0.98168876,0.13386757,0.99869546,0.30418187,1.01378434,0.43424072,1.02749885,0.53218139,1.04015226
0.00186479,0.98173397,0.13075915,0.99881691,0.30895539,1.01395047,0.45292001,1.02768435,0.56360561,1.04033547
0.00177518,0.98169767,0.12983777,0.99877708,0.31247087,1.01390712,0.46163644,1.02764074,0.57579576,1.04029557
0.00176154,0.98184151,0.12832948,0.99889613,0.30765817,1.01400009,0.45350329,1.02770355,0.56487235,1.04032556
0.00157069,0.98179931,0.11412981,0.99882567,0.27900590,1.01390402,0.42442134,1.02758625,0.54369011,1.04019557
0.00156529,0.98179525,0.11348841,0.99880579,0.27305931,1.01387328,0.40784107,1.02754663,0.51534085,1.04014694
0.00149024,0.98213513,0.10953335,0.99910033,0.26824394,1.01410405,0.40644307,1.02769264,0.51690443,1.04018556
0.00163581,0.98210855,0.11925318,0.99906950,0.28672519,1.01405488,0.42506407,1.02762537,0.53255870,1.04010491
0.00134660,0.98211753,0.10357056,0.99913417,0.26478362,1.01416349,0.41227897,1.02777183,0.53062986,1.04028673
0.00153122,0.98234359,0.11450090,0.99934708,0.28012221,1.01435041,0.41950047,1.02792174,0.52848666,1.04038636
0.00149149,0.98215146,0.11035654,0.99914179,0.26532377,1.01413588,0.39232022,1.02770251,0.49045080,1.04017175
0.00145793,0.98207711,0.10994284,0.99904566,0.27067887,1.01402569,0.41071834,1.02759146,0.52567482,1.04007556
0.00124283,0.98215165,0.09237177,0.99912664,0.22952998,1.01411411,0.36419855,1.02768438,0.48612721,1.04016594
0.00109284,0.98218199,0.08799820,0.99917984,0.25129451,1.01418773,0.41731029,1.02777438,0.55033094,1.04026547
0.00121554,0.98213605,0.09475374,0.99914375,0.25372219,1.01417179,0.41135663,1.02778542,0.54136436,1.04030996
0.00149161,0.98203428,0.11636046,0.99906992,0.29145382,1.01412561,0.44152914,1.02776367,0.56010215,1.04030615
0.00116487,0.98189478,0.08845416,0.99888782,0.22863678,1.01390991,0.37235338,1.02752667,0.49958339,1.04006326
0.00133266,0.98158742,0.11055448,0.99861340,0.28607346,1.01366680,0.43637678,1.02731319,0.55120654,1.03987440
0.00151820,0.98159842,0.12541723,0.99862966,0.31156581,1.01367654,0.45882309,1.02731794,0.56500624,1.03988557
0.00172065,0.98136491,0.13922918,0.99831613,0.33888669,1.01329744,0.49260044,1.02688814,0.60262129,1.03941919
0.00207703,0.98161725,0.15625738,0.99858356,0.36632729,1.01357293,0.52313811,1.02715972,0.63476645,1.03967129
0.00185692,0.98160569,0.15043548,0.99864496,0.36340622,1.01372537,0.52565757,1.02741501,0.64188238,1.04003534
0.00195581,0.98142310,0.15384949,0.99844478,0.36787401,1.01350989,0.53043015,1.02718877,0.64722888,1.03980585
0.00174965,0.98162471,0.14288665,0.99870210,0.34919569,1.01383308,0.50880526,1.02758014,0.62375389,1.04026017
0.00167775,0.98206866,0.13992956,0.99914959,0.34632033,1.01428896,0.50833696,1.02805738,0.62619679,1.04077320
0.00170894,0.98228337,0.13939355,0.99938050,0.34380892,1.01453193,0.50491094,1.02831168,0.62255689,1.04104186
0.00142983,0.98226935,0.12370473,0.99927725,0.32140017,1.01435538,0.48702542,1.02807251,0.61112669,1.04074446
0.00120280,0.98226623,0.10337781,0.99921507,0.28489345,1.01422889,0.45093353,1.02786764,0.57907591,1.04044513
0.00144192,0.98235188,0.11482505,0.99929804,0.29282186,1.01431325,0.44771589,1.02795790,0.56824657,1.04054554
0.00159571,0.98237960,0.12617223,0.99932023,0.31299945,1.01434297,0.46695145,1.02799878,0.58377987,1.04059524
0.00155423,0.98249646,0.12600636,0.99949259,0.31393253,1.01458094,0.46805607,1.02830366,0.58479287,1.04096443
0.00181092,0.98249650,0.14047981,0.99937616,0.33769924,1.01435911,0.49190943,1.02799267,0.60587042,1.04058132
0.00187745,0.98245571,0.14723757,0.99935010,0.35230358,1.01433171,0.50945568,1.02796329,0.62326190,1.04055965
0.00183097,0.98246851,0.14176838,0.99932576,0.33786001,1.01426456,0.48846127,1.02785403,0.59802559,1.04041511
0.00201634,0.98249825,0.15094730,0.99937981,0.35289993,1.01433538,0.50507484,1.02793899,0.61540724,1.04051241
0.00233309,0.98283983,0.16436261,0.99971064,0.37358019,1.01464525,0.52623204,1.02821787,0.63463974,1.04075256
0.00260616,0.98304472,0.17605363,0.99994357,0.39240917,1.01491929,0.54722537,1.02854683,0.65624042,1.04115218
0.00262785,0.98290654,0.17881690,0.99977992,0.39853055,1.01473941,0.55543636,1.02835454,0.66581671,1.04095022
0.00264502,0.98272562,0.17835135,0.99967210,0.39722408,1.01472323,0.55373194,1.02844994,0.66387215,1.04117983
0.00293991,0.98276694,0.18836504,0.99972971,0.41254389,1.01479024,0.57027522,1.02852106,0.68004710,1.04124764
0.00282110,0.98262456,0.18357836,0.99958533,0.40426800,1.01465308,0.56035290,1.02839393,0.66933848,1.04113444
0.00276519,0.98257093,0.18163392,0.99949308,0.40143030,1.01453528,0.55736734,1.02826110,0.66628742,1.04099249
0.00273793,0.98262915,0.18033986,0.99947902,0.40039841,1.01444692,0.55767640,1.02810045,0.66802568,1.04076127
0.00254189,0.98293645,0.17674992,0.99973234,0.39769469,1.01463973,0.55675161,1.02821835,0.66846947,1.04078771
0.00245189,0.98290192,0.17351028,0.99967489,0.39313586,1.01452964,0.55217732,1.02802273,0.66414127,1.04047007
0.00267857,0.98283638,0.17831351,0.99964889,0.39679987,1.01453706,0.55354187,1.02805615,0.66386751,1.04052560
0.00258050,0.98303826,0.17557362,0.99988000,0.39394777,1.01480566,0.55201107,1.02837559,0.66392719,1.04091311
0.00270103,0.98307989,0.17897492,0.99986594,0.39813728,1.01475065,0.55577320,1.02828837,0.66700584,1.04080261
0.00272568,0.98332704,0.17961329,1.00023660,0.39905171,1.01524959,0.55712309,1.02891717,0.66916357,1.04156145
0.00288290,0.98356254,0.18350200,1.00047714,0.40250282,1.01549225,0.55833623,1.02916362,0.66812567,1.04181249
0.00277988,0.98335281,0.17952227,1.00025068,0.39662574,1.01526403,0.55285227,1.02894454,0.66395481,1.04161155
0.00274715,0.98354015,0.17746402,1.00044943,0.39169566,1.01547311,0.54538885,1.02915018,0.65436925,1.04179275
0.00282735,0.98345137,0.17887017,1.00033105,0.39145330,1.01530776,0.54182022,1.02892112,0.64664807,1.04148166
0.00280613,0.98333837,0.17741734,1.00022836,0.38898740,1.01521657,0.53935301,1.02884684,0.64468341,1.04143248
0.00270282,0.98328693,0.17450650,1.00018572,0.38535934,1.01519062,0.53574561,1.02884996,0.64045951,1.04148074
0.00278538,0.98320972,0.17864781,1.00015177,0.39251304,1.01520987,0.54384639,1.02891843,0.64883460,1.04158898
0.00259407,0.98341810,0.16935204,1.00035556,0.37480237,1.01540696,0.52121418,1.02909240,0.62269801,1.04171577
0.00254719,0.98349725,0.16808958,1.00047476,0.37343895,1.01557105,0.52043800,1.02930403,0.62288362,1.04197435
0.00236379,0.98336865,0.16235556,1.00034898,0.36391694,1.01544957,0.50840079,1.02919197,0.60848156,1.04187571
0.00243260,0.98346291,0.16474428,1.00049540,0.36733758,1.01564568,0.51132937,1.02943411,0.60977077,1.04216016
0.00241138,0.98381519,0.16185203,1.00088792,0.35774591,1.01610812,0.49230509,1.02999836,0.57565336,1.04285907
0.00260157,0.98380329,0.16932389,1.00089953,0.37115808,1.01616066,0.50994734,1.03010390,0.59919085,1.04303145
0.00247487,0.98361265,0.16449381,1.00067255,0.36304711,1.01589779,0.49975115,1.02981492,0.58558526,1.04273253
0.00242700,0.98322375,0.16352024,1.00030148,0.36369534,1.01556067,0.50493004,1.02952096,0.60005338,1.04248381
0.00217516,0.98332842,0.15299378,1.00043700,0.34706910,1.01571584,0.48788112,1.02968709,0.58529862,1.04265358
0.00226955,0.98324213,0.16036505,1.00030201,0.36522373,1.01553482,0.51569094,1.02946126,0.62266360,1.04238125
0.00212483,0.98342489,0.15480470,1.00039466,0.35598438,1.01553615,0.50467620,1.02936824,0.61038912,1.04218851
0.00180078,0.98359291,0.14444123,1.00060033,0.34486111,1.01577339,0.49811227,1.02963276,0.60937117,1.04247907
0.00166213,0.98375065,0.13697699,1.00069166,0.33469307,1.01579614,0.49029758,1.02958869,0.60483127,1.04237121
0.00158457,0.98358911,0.13362274,1.00061449,0.33012540,1.01580373,0.48606031,1.02968137,0.60101744,1.04254734
0.00152432,0.98369099,0.12389927,1.00079434,0.30846968,1.01603543,0.46204710,1.02994768,0.58045603,1.04283319
0.00153274,0.98364208,0.12581894,1.00075240,0.31175172,1.01598907,0.46305470,1.02988677,0.57722989,1.04275149
0.00148902,0.98377710,0.12199615,1.00086527,0.30221190,1.01607568,0.45002348,1.02993371,0.56331068,1.04273783
0.00144301,0.98386306,0.12269622,1.00087152,0.30949450,1.01599467,0.46467642,1.02976155,0.58429494,1.04247242
0.00181469,0.98367281,0.14259236,1.00062819,0.33980074,1.01572873,0.49231756,1.02949629,0.60548637,1.04222530
0.00187187,0.98359225,0.14040622,1.00050980,0.33329270,1.01557098,0.48612201,1.02930385,0.60290548,1.04200828
0.00188941,0.98373210,0.13748231,1.00052855,0.32513706,1.01549967,0.47616037,1.02916575,0.59353537,1.04181929
0.00160570,0.98371263,0.11569699,1.00049350,0.27197146,1.01545475,0.40565698,1.02911251,0.52439668,1.04175815
0.00178611,0.98371543,0.12767498,1.00052423,0.30002575,1.01551546,0.44199871,1.02921647,0.55801322,1.04192470
0.00144542,0.98347816,0.10519758,1.00035685,0.24183796,1.01540909,0.34577884,1.02915664,0.44075800,1.04189383
0.00161238,0.98361359,0.11493613,1.00050135,0.25800051,1.01554475,0.34033943,1.02926515,-0.41785936,1.04195916
0.00141564,0.98351654,0.09461187,1.00034907,-0.19579037,1.01533814,-0.41561569,1.02899598,-0.55663998,1.04161389
0.00138545,0.98365181,0.08651677,1.00048718,-0.24494395,1.01547045,-0.44661337,1.02912680,-0.58541765,1.04175515
0.00104614,0.98371170,-0.04095802,1.00047961,-0.27758014,1.01538641,-0.45247656,1.02896181,-0.57783969,1.04150691
0.00082290,0.98380709,-0.09431228,1.00050497,-0.31768406,1.01533222,-0.49042010,1.02881678,-0.61408249,1.04125879
0.00047690,0.98397392,-0.12169773,1.00066609,-0.34401688,1.01549080,-0.51094809,1.02898315,-0.62942956,1.04144385
0.00038815,0.98390410,-0.13035516,1.00063178,-0.35708544,1.01544727,-0.52523771,1.02889498,-0.64378345,1.04128199
0.00072419,0.98392571,-0.10606196,1.00062137,-0.32834993,1.01538640,-0.49702121,1.02876747,-0.61673750,1.04107023
0.00048386,0.98387442,-0.11868784,1.00062494,-0.33579756,1.01543948,-0.49891103,1.02886925,-0.61506265,1.04122325
0.00040185,0.98400657,-0.12374317,1.00074736,-0.33797275,1.01554207,-0.49503175,1.02894665,-0.60450305,1.04127421
0.00066025,0.98401553,-0.10360859,1.00080346,-0.31251321,1.01565944,-0.46814102,1.02913671,-0.57589930,1.04154589
0.00053010,0.98426230,-0.11447730,1.00109822,-0.32358033,1.01599587,-0.47634169,1.02950740,-0.58116032,1.04194265
0.00070251,0.98431703,-0.10842993,1.00117254,-0.32341379,1.01608871,-0.48151143,1.02961933,-0.59019485,1.04207719
0.00110687,0.98423025,-0.07045710,1.00110681,-0.29875604,1.01605152,-0.46840349,1.02961762,-0.58669761,1.04212177
0.00101055,0.98435789,-0.08467326,1.00127057,-0.30471746,1.01625059,-0.46772958,1.02985109,-0.57976991,1.04238575
0.00106838,0.98406389,-0.07576758,1.00098074,-0.29631755,1.01598760,-0.45729597,1.02962737,-0.56475196,1.04220694
0.00123460,0.98387485,0.03080577,1.00091362,-0.27423069,1.01604656,-0.44032506,1.02980998,-0.55148507,1.04251016
0.00127826,0.98384628,0.07623660,1.00084501,-0.19087301,1.01595059,-0.30449793,1.02969945,0.47411152,1.04239937
0.00153567,0.98400830,0.10543155,1.00097754,0.24845279,1.01607455,0.39596022,1.02983184,0.53813782,1.04255435
0.00158696,0.98408186,0.11154766,1.00103113,0.26850833,1.01610167,0.42022540,1.02982417,0.55626727,1.04250041
0.00154770,0.98424394,0.10608053,1.00116620,0.25396583,1.01620346,0.40971660,1.02988072,0.55435104,1.04249429
0.00179425,0.98446971,0.12367625,1.00137443,0.29556644,1.01639117,0.44917146,1.03003875,0.57789263,1.04261063
0.00178383,0.98445310,0.12008118,1.00139327,0.28961963,1.01643506,0.44973253,1.03009914,0.58546482,1.04268053
0.00186463,0.98443222,0.12852699,1.00132557,0.31023672,1.01632398,0.47102006,1.02994795,0.60150031,1.04249436
0.00185861,0.98406853,0.12714922,1.00098418,0.30519401,1.01600498,0.46295741,1.02965280,0.59255653,1.04222793
0.00202680,0.98409056,0.13636052,1.00102628,0.32047316,1.01607026,0.47546123,1.02974216,0.60018035,1.04234555
0.00206050,0.98396913,0.13409123,1.00084006,0.30799605,1.01582129,0.45319735,1.02943806,0.57441042,1.04199822
0.00217361,0.98368971,0.14231707,1.00067950,0.32754484,1.01579169,0.47751875,1.02955268,0.59655943,1.04227003
0.00227854,0.98363243,0.14905920,1.00065019,0.34250255,1.01577870,0.49618479,1.02954963,0.61486006,1.04227561
0.00210541,0.98364826,0.14335456,1.00070833,0.33548652,1.01584594,0.49088640,1.02959449,0.61142669,1.04226563
0.00199154,0.98356396,0.13255706,1.00059409,0.30695061,1.01569492,0.45119987,1.02940008,0.56878852,1.04202177
0.00195022,0.98393782,0.13057445,1.00101365,0.30467127,1.01615066,0.45135829,1.02989526,0.57205512,1.04256859
0.00186587,0.98396574,0.12748971,1.00113335,0.30095876,1.01635388,0.44758915,1.03017531,0.56621556,1.04292000
0.00165459,0.98386881,0.11623156,1.00101112,0.28105904,1.01622107,0.42924877,1.03004058,0.55271582,1.04278350
0.00139565,0.98396749,0.09319579,1.00111328,0.21779686,1.01632931,0.36581410,1.03014943,0.51132694,1.04287826
0.00127258,0.98402554,0.07207886,1.00111090,-0.20447583,1.01625400,-0.34405439,1.02999605,0.35583925,1.04264604
0.00121559,0.98395439,0.03786286,1.00097568,-0.25811401,1.01606094,-0.41602637,1.02974842,-0.52293228,1.04234525
0.00125651,0.98368657,0.06078102,1.00070529,-0.23266386,1.01581383,-0.37940835,1.02954832,-0.46169043,1.04221816
0.00153027,0.98386482,0.09826646,1.00089195,0.19642432,1.01599982,-0.30296085,1.02971864,-0.44252725,1.04235094
0.00124781,0.98357674,0.04519993,1.00060122,-0.26026836,1.01570734,-0.42126809,1.02942488,-0.52896720,1.04205464
0.00139972,0.98347862,0.08182739,1.00061366,-0.22089431,1.01580714,-0.39837533,1.02959170,-0.51507147,1.04227157
0.00140241,0.98327389,0.08073356,1.00039324,-0.22958534,1.01555987,-0.40861304,1.02931149,-0.52954381,1.04195593
0.00153809,0.98320310,0.09877131,1.00038087,0.17886172,1.01560657,-0.34394491,1.02942199,-0.47529771,1.04213537
0.00139696,0.98317721,0.07493253,1.00040427,-0.24584454,1.01565654,-0.41971361,1.02948356,-0.53634840,1.04219847
0.00126388,0.98288427,-0.02414715,1.00013918,-0.27782446,1.01541363,-0.44388811,1.02926717,-0.55636020,1.04201908
0.00088219,0.98287444,-0.10229814,1.00015640,-0.32193233,1.01546642,-0.48348408,1.02936084,-0.59452076,1.04215835
0.00107740,0.98288074,-0.07859318,1.00015050,-0.29960112,1.01542591,-0.46185626,1.02926861,-0.57204482,1.04200090
0.00120504,0.98256705,0.04329243,0.99984276,-0.26117426,1.01512374,-0.42452460,1.02897268,-0.53552232,1.04171222
0.00125010,0.98283957,0.07587895,1.00012004,-0.20356191,1.01541475,-0.36445518,1.02927782,-0.44897310,1.04202996
0.00136505,0.98293357,0.08825794,1.00017505,-0.18027637,1.01544460,-0.38239010,1.02928981,-0.50956570,1.04203080
0.00136210,0.98292695,0.08232062,1.00013774,-0.22428595,1.01538667,-0.41314875,1.02921621,-0.54316050,1.04194738
0.00147652,0.98270865,0.10033478,0.99989071,0.20821559,1.01512357,-0.32906812,1.02895904,-0.49037368,1.04172797
0.00141325,0.98268232,0.08453069,0.99985119,-0.22443934,1.01507237,-0.41639739,1.02889638,-0.54861792,1.04165145
0.00121405,0.98269286,-0.03358592,0.99988683,-0.27973677,1.01511865,-0.45219813,1.02892845,-0.57404656,1.04163820
0.00110138,0.98284046,-0.05866780,1.00000592,-0.28358420,1.01521739,-0.45460138,1.02901535,-0.57882913,1.04172505
0.00050424,0.98295257,-0.12586525,1.00020658,-0.34723730,1.01551643,-0.51140073,1.02942038,-0.62813860,1.04224001
0.00051264,0.98290793,-0.12569081,1.00009651,-0.34953468,1.01537221,-0.51672789,1.02926495,-0.63598628,1.04208701
0.00047670,0.98286965,-0.13031151,1.00002753,-0.35889809,1.01524810,-0.52900703,1.02906288,-0.64971900,1.04178562
0.00086427,0.98277750,-0.09656315,0.99995958,-0.32061832,1.01520475,-0.49387252,1.02904524,-0.61848851,1.04179236
0.00093808,0.98299988,-0.08365042,1.00010542,-0.30782293,1.01526698,-0.48436854,1.02901526,-0.61300471,1.04165952
0.00072096,0.98286330,-0.09971762,0.99988974,-0.31380879,1.01498352,-0.48160631,1.02867038,-0.60484621,1.04125898
0.00102712,0.98276673,-0.06849643,0.99978422,-0.29470459,1.01487046,-0.47302029,1.02855292,-0.60396587,1.04114134
0.00110485,0.98293999,-0.05971759,0.99991391,-0.29267166,1.01496949,-0.47239465,1.02863608,-0.60324522,1.04122527
0.00120621,0.98297215,-0.02882393,0.99990610,-0.28493322,1.01491259,-0.46568301,1.02852230,-0.59592840,1.04104747
0.00134745,0.98279227,0.05841229,0.99971396,-0.28122048,1.01470818,-0.46716191,1.02830141,-0.59869419,1.04080327
0.00130692,0.98298480,0.07510547,0.99991083,-0.25124071,1.01490687,-0.44289303,1.02850267,-0.57932271,1.04101153
0.00141691,0.98279173,0.09219039,0.99965144,-0.21337812,1.01459240,-0.43056230,1.02813636,-0.57657291,1.04059125
0.00140407,0.98287174,0.09261761,0.99979780,-0.19834918,1.01478931,-0.42109308,1.02837184,-0.56837453,1.04085811
0.00162468,0.98290466,0.11865686,0.99990393,0.27637132,1.01494137,0.38411976,1.02854508,0.34383152,1.04102924
0.00145174,0.98296835,0.10748398,0.99987173,0.24999108,1.01479572,0.33690638,1.02826962,-0.43044056,1.04060852
0.00159455,0.98288160,0.12317458,0.99973517,0.30017525,1.01461226,0.44300183,1.02805079,0.55171221,1.04036898
0.00183575,0.98303209,0.13760012,0.99992303,0.32828520,1.01485168,0.47780021,1.02835363,0.58967632,1.04074238
0.00179308,0.98335620,0.13787649,1.00026398,0.33289544,1.01520612,0.48703702,1.02871412,0.60216288,1.04109869
0.00167031,0.98300186,0.12613021,0.99987925,0.30689409,1.01481060,0.45528638,1.02832726,0.57045313,1.04073830
0.00179788,0.98302644,0.13078446,0.99988641,0.30867319,1.01479771,0.44621547,1.02829857,0.54705644,1.04070153
0.00151898,0.98272757,0.10860822,0.99959171,0.24888070,1.01449923,0.33102392,1.02799664,-0.42856976,1.04040256
0.00152732,0.98267113,0.11058628,0.99953970,0.26173136,1.01446956,0.38214338,1.02799904,0.47834687,1.04044357
0.00156382,0.98273840,0.11171679,0.99961000,0.26480066,1.01456215,0.39300575,1.02813391,0.50323300,1.04064120
0.00147643,0.98294957,0.10641127,0.99979641,0.25420367,1.01472085,0.38038539,1.02826363,0.49023844,1.04073920
0.00152086,0.98305057,0.11162888,0.99987235,0.26835197,1.01479927,0.39777108,1.02836708,0.50280578,1.04088299
0.00167454,0.98276810,0.12064214,0.99958913,0.28325222,1.01453921,0.40875743,1.02814041,0.50260491,1.04069563
0.00154772,0.98296139,0.10771830,0.99982403,0.23654486,1.01482134,-0.26336671,1.02847716,-0.48246960,1.04109683
0.00132747,0.98308223,0.09112581,1.00000742,0.18601146,1.01505969,-0.32362435,1.02876932,-0.46843732,1.04144294
0.00148437,0.98289600,0.09936984,0.99976639,0.19265556,1.01477443,-0.36095599,1.02845148,-0.51322393,1.04109860
0.00159853,0.98271615,0.10824780,0.99956916,0.23541822,1.01457996,-0.29086514,1.02827241,-0.49486335,1.04094430
0.00158231,0.98281651,0.10721488,0.99976121,0.22960910,1.01484733,-0.33680472,1.02861017,-0.52096050,1.04135472
0.00150033,0.98267775,0.09623552,0.99966755,-0.16502271,1.01480183,-0.41104422,1.02862224,-0.56296206,1.04143914
0.00134717,0.98258865,0.08885738,0.99958944,-0.14598927,1.01472460,-0.38485024,1.02852806,-0.53424344,1.04130412
0.00123003,0.98235281,0.07428056,0.99940500,-0.22812279,1.01456277,-0.41721474,1.02836750,-0.55561516,1.04113182
0.00130637,0.98220297,0.08611976,0.99925662,-0.20280649,1.01441721,-0.41299399,1.02822485,-0.55843556,1.04099402
0.00119193,0.98210503,0.06149331,0.99917944,-0.25449836,1.01434213,-0.43798799,1.02813622,-0.57218587,1.04087790
0.00114411,0.98211596,0.02864145,0.99922413,-0.27320982,1.01443486,-0.45189833,1.02827898,-0.58222169,1.04106286
0.00105888,0.98200727,-0.06060500,0.99914653,-0.28488740,1.01437733,-0.45817116,1.02824322,-0.58490944,1.04105813
0.00098748,0.98221680,-0.05961250,0.99925703,-0.27417371,1.01440764,-0.44327083,1.02821903,-0.56987088,1.04100917
0.00119932,0.98223733,0.08007474,0.99930825,-0.15517122,1.01449170,-0.36118872,1.02833530,-0.50394197,1.04115520
0.00122971,0.98226666,0.08503448,0.99932443,0.15044775,1.01450435,-0.34132326,1.02834572,-0.48961238,1.04115968
0.00116792,0.98252167,0.03237866,0.99959534,-0.26657844,1.01477474,-0.43849377,1.02860745,-0.56304816,1.04140377
0.00094331,0.98272609,-0.08639733,0.99982857,-0.30223388,1.01501901,-0.46816391,1.02885139,-0.58831263,1.04164244
0.00104444,0.98257941,-0.08067737,0.99971284,-0.30526888,1.01490346,-0.47831841,1.02870697,-0.60329083,1.04144408
0.00118268,0.98268004,0.02813968,0.99978901,-0.27444429,1.01495694,-0.45235475,1.02874257,-0.58173381,1.04147038
0.00123630,0.98241021,0.05937486,0.99947677,-0.25894774,1.01462009,-0.43810798,1.02839852,-0.56695337,1.04113642
0.00130420,0.98245087,0.06790018,0.99951998,-0.26765361,1.01467530,-0.45745045,1.02847308,-0.59185410,1.04123722
0.00152493,0.98264734,0.09241517,0.99975037,-0.23748951,1.01495778,-0.44642523,1.02881632,-0.58811936,1.04164545
0.00162866,0.98251422,0.10618218,0.99954672,0.17254266,1.01466335,-0.40348892,1.02841327,-0.55510782,1.04112066
0.00175608,0.98242258,0.11938969,0.99938221,0.25709402,1.01441779,-0.29468964,1.02807179,-0.51816269,1.04066685
0.00177462,0.98282937,0.12222173,0.99984973,0.27465977,1.01493195,0.37031117,1.02861986,-0.37243950,1.04124098
0.00166916,0.98271183,0.11562315,0.99970280,0.25155150,1.01474500,-0.24862807,1.02839010,-0.49832455,1.04097095
0.00162767,0.98270619,0.11246638,0.99973689,0.24189926,1.01484327,-0.31647797,1.02857489,-0.51039580,1.04126482
0.00170019,0.98267114,0.12313932,0.99972985,0.28709296,1.01485144,0.41071093,1.02858384,0.49940047,1.04125971
0.00173542,0.98274808,0.12681558,0.99975394,0.29563474,1.01482835,0.42211813,1.02852325,0.51251890,1.04117644
0.00183291,0.98265984,0.12982063,0.99967325,0.29561260,1.01473685,0.40947601,1.02840976,0.46174562,1.04103136
0.00174715,0.98281145,0.12631814,0.99975899,0.29224129,1.01476982,0.41257221,1.02839267,0.48891360,1.04096047
0.00187165,0.98275228,0.13562055,0.99967829,0.31491361,1.01467878,0.44893841,1.02829839,0.54419051,1.04086447
0.00180369,0.98246620,0.13463099,0.99941013,0.31808623,1.01441594,0.45968054,1.02802037,0.56480097,1.04054490
0.00176737,0.98246768,0.12971761,0.99943712,0.30449035,1.01445817,0.43959788,1.02806176,0.54124674,1.04056519
0.00202892,0.98244958,0.14216532,0.99943860,0.32633714,1.01447764,0.46522575,1.02809892,0.56863524,1.04061879
0.00190660,0.98211514,0.13208132,0.99905380,0.30218729,1.01404074,0.43163354,1.02760397,0.53157070,1.04005688
0.00171100,0.98190898,0.12128927,0.99884690,0.28108202,1.01382387,0.40778631,1.02736965,0.51231679,1.03979689
0.00171254,0.98203054,0.12137290,0.99896825,0.28314658,1.01393723,0.41496343,1.02748281,0.52651181,1.03992513
0.00158609,0.98203684,0.11606601,0.99904636,0.27712168,1.01408857,0.41318693,1.02770971,0.52817713,1.04022959
0.00167802,0.98179434,0.11738006,0.99878296,0.26502707,1.01379345,0.35950186,1.02736516,-0.34397555,1.03981426
0.00158609,0.98203771,0.10303224,0.99915077,0.15213581,1.01428526,-0.39511675,1.02798376,-0.54025687,1.04056594
0.00161599,0.98205518,0.10945767,0.99924595,0.23267238,1.01443680,-0.30648451,1.02817252,-0.49094816,1.04077551
0.00143599,0.98228040,0.09511460,0.99941997,-0.13821160,1.01456106,-0.38889759,1.02824817,-0.52800508,1.04080557
0.00146566,0.98204921,0.09583049,0.99917546,-0.15405419,1.01431305,-0.39275301,1.02800156,-0.52967228,1.04056414
0.00146586,0.98201777,0.10352207,0.99914373,0.22245603,1.01427868,-0.31980818,1.02797166,-0.49450422,1.04055112
0.00157824,0.98214856,0.11931710,0.99929510,0.28899041,1.01446271,0.42889035,1.02819520,0.53992195,1.04081620
0.00119770,0.98203198,0.07939509,0.99923669,-0.18788065,1.01446430,-0.37677868,1.02825510,-0.50454609,1.04092869
0.00111724,0.98175978,0.06801804,0.99893084,-0.22420515,1.01413422,-0.40318744,1.02790117,-0.53238938,1.04054502
0.00118519,0.98141307,0.09153329,0.99863617,0.23101024,1.01389043,0.35862988,1.02770390,0.46533651,1.04038886
0.00115178,0.98149626,0.08627455,0.99871128,0.21017074,1.01395083,0.32604064,1.02774757,0.44048158,1.04041559
0.00107589,0.98165754,0.07754716,0.99885290,0.10793185,1.01406422,-0.33224377,1.02783343,-0.46597871,1.04047842
0.00131168,0.98162797,0.10705040,0.99881883,0.27107520,1.01401323,0.41125271,1.02776553,0.52235690,1.04040173
0.00130167,0.98149070,0.10129284,0.99859780,0.24806004,1.01373265,0.36807684,1.02743979,0.45771433,1.04004041
0.00126997,0.98157189,0.09512345,0.99861093,0.21840000,1.01367501,0.26305132,1.02730476,-0.41966082,1.03981992
0.00142557,0.98158458,0.10632894,0.99866423,0.24931174,1.01375426,0.35889527,1.02739444,0.44820714,1.03990292
0.00125226,0.98150373,0.09338810,0.99862204,0.22354766,1.01375237,0.34821986,1.02742890,0.47627583,1.03996504
0.00133394,0.98133241,0.09873293,0.99837682,0.22617253,1.01342588,0.31552275,1.02701829,0.40467292,1.03946887
0.00118135,0.98121911,0.08196427,0.99827534,-0.15773381,1.01331958,-0.35734279,1.02689401,-0.47670650,1.03931431
0.00126904,0.98134678,0.08807029,0.99832834,-0.14429679,1.01328509,-0.37281995,1.02675972,-0.50602357,1.03906892
0.00141960,0.98118860,0.10249136,0.99817399,0.23043885,1.01314353,0.29428083,1.02663905,-0.38704619,1.03897522
0.00123728,0.98106130,0.07002387,0.99803842,-0.24405061,1.01300938,-0.42172553,1.02651569,-0.54402558,1.03887028
0.00126636,0.98091542,0.07247917,0.99791166,-0.24736712,1.01290394,-0.42849072,1.02643523,-0.55316464,1.03881847
0.00130750,0.98088178,0.08608296,0.99790210,-0.21739165,1.01295958,-0.41698288,1.02659168,-0.55093209,1.03910749
0.00139902,0.98092042,0.09521488,0.99799972,-0.12719448,1.01311947,-0.38228323,1.02681724,-0.51328984,1.03940065
0.00147540,0.98096386,0.10249461,0.99791935,0.20046451,1.01292015,-0.34652834,1.02650379,-0.48309235,1.03897914
0.00159532,0.98081211,0.11482838,0.99767766,0.25337918,1.01259575,0.30372316,1.02610114,-0.45161209,1.03850238
0.00162960,0.98086618,0.11988219,0.99775644,0.27406498,1.01272534,0.38226156,1.02630728,0.45299327,1.03880712
0.00128067,0.98060002,0.08543628,0.99747468,-0.21162857,1.01243448,-0.40948626,1.02600724,-0.54112055,1.03849478
0.00147841,0.98015545,0.10535282,0.99706054,0.22044389,1.01204614,-0.33087576,1.02563757,-0.49188694,1.03813618
0.00157867,0.98019671,0.11842131,0.99710756,0.27807702,1.01210220,0.40260155,1.02571245,0.50240216,1.03824580
0.00165441,0.98040214,0.12355388,0.99733753,0.29062902,1.01237266,0.41920712,1.02603754,0.51570925,1.03863490
0.00189245,0.98042052,0.13595855,0.99728691,0.31343215,1.01225692,0.44668977,1.02585800,0.54429734,1.03838959
0.00150433,0.98014756,0.11043646,0.99700493,0.24335860,1.01195923,-0.28146504,1.02554405,-0.49944946,1.03806119
0.00145200,0.97991209,0.11054716,0.99677537,0.25445778,1.01171558,0.32889871,1.02526350,-0.45893358,1.03772323
0.00167996,0.97970475,0.12629899,0.99658415,0.29154844,1.01153706,0.40738179,1.02509745,0.47142954,1.03756680
0.00161091,0.98001125,0.12036168,0.99691073,0.26958827,1.01187633,0.31811507,1.02544558,-0.50261780,1.03792249
0.00177123,0.98014371,0.13300213,0.99711092,0.30645429,1.01214145,0.42742309,1.02576387,0.49336471,1.03827764
0.00177947,0.98016863,0.13507840,0.99710883,0.31419438,1.01210749,0.44248366,1.02569529,0.52170989,1.03817418
0.00203783,0.98046903,0.14797815,0.99732703,0.34103524,1.01224460,0.48412621,1.02575825,0.58629628,1.03817312
0.00207897,0.98000145,0.15285910,0.99678297,0.35410757,1.01162823,0.50382707,1.02507760,0.61109486,1.03743356
0.00210295,0.98021771,0.15300187,0.99712138,0.35331257,1.01209140,0.50159206,1.02567398,0.60705776,1.03817362
0.00225837,0.98001774,0.16225275,0.99685371,0.37201527,1.01176836,0.52627617,1.02530400,0.63630216,1.03776419
0.00203814,0.98015228,0.15323477,0.99701672,0.35751175,1.01196381,0.51008814,1.02553918,0.61941300,1.03804654
0.00217736,0.98023088,0.15567518,0.99701584,0.35707521,1.01188411,0.50500415,1.02538837,0.60974141,1.03783513
0.00250245,0.98023569,0.17037305,0.99702749,0.38255243,1.01188985,0.53505155,1.02538270,0.64228187,1.03781609
0.00211951,0.98035007,0.15472557,0.99718022,0.35792701,1.01208293,0.50899287,1.02561494,0.61817047,1.03808632
0.00209007,0.98038742,0.15360569,0.99724881,0.35626644,1.01220954,0.50721543,1.02581573,0.61632659,1.03837016
0.00224807,0.98030690,0.16025607,0.99716734,0.36742978,1.01214587,0.52007825,1.02578234,0.62960304,1.03837836
0.00222220,0.98014276,0.16119110,0.99705327,0.37136094,1.01207378,0.52657040,1.02574248,0.63792064,1.03836325
0.00218785,0.97986533,0.15769273,0.99672437,0.36368383,1.01170298,0.51660539,1.02533635,0.62694078,1.03792642
0.00216361,0.98017250,0.15923373,0.99703513,0.37019722,1.01199799,0.52774270,1.02559351,0.64161254,1.03812123
0.00219370,0.98025411,0.15821140,0.99717912,0.36731515,1.01217170,0.52398007,1.02577841,0.63735500,1.03830685
0.00228586,0.98058280,0.16196219,0.99749197,0.37268950,1.01244595,0.52853234,1.02599867,0.64012346,1.03846280
0.00245459,0.98056701,0.16968463,0.99745595,0.38541140,1.01241492,0.54225534,1.02599739,0.65321698,1.03851349
0.00264075,0.98063833,0.17731283,0.99755182,0.39666679,1.01254119,0.55340686,1.02615148,0.66311883,1.03869018
0.00244785,0.98092730,0.17213276,0.99795952,0.39062263,1.01303213,0.54852971,1.02669539,0.65970833,1.03925897
0.00251553,0.98082986,0.17285740,0.99783790,0.38928484,1.01287951,0.54487026,1.02651364,0.65421640,1.03905618
0.00224761,0.98081325,0.16382938,0.99784884,0.37632665,1.01290742,0.53082455,1.02654897,0.63956159,1.03909151
0.00248408,0.98085532,0.17262779,0.99793660,0.38916509,1.01306086,0.54438710,1.02678357,0.65319133,1.03941777
0.00276144,0.98052035,0.18128681,0.99765937,0.40192724,1.01284788,0.55844323,1.02663782,0.66782434,1.03934059
0.00271898,0.98057313,0.18012641,0.99770630,0.40039004,1.01286673,0.55735371,1.02661748,0.66765049,1.03927866
0.00255497,0.98062590,0.17431320,0.99785698,0.39179673,1.01309920,0.54869796,1.02692006,0.66002201,1.03964439
0.00268371,0.98065461,0.17831914,0.99786524,0.39548626,1.01308903,0.54939093,1.02689922,0.65726296,1.03962446
0.00265215,0.98055206,0.17590594,0.99779797,0.39003217,1.01304270,0.54133718,1.02685845,0.64681626,1.03957624
0.00284682,0.98031281,0.17999487,0.99744955,0.39357043,1.01258997,0.54309396,1.02631309,0.64690633,1.03895399
0.00288460,0.97999466,0.18106745,0.99710654,0.39545437,1.01225480,0.54561494,1.02601295,0.64976372,1.03871264
0.00254692,0.98027274,0.17177413,0.99738157,0.38354328,1.01251860,0.53401208,1.02625397,0.63866838,1.03891345
0.00249865,0.98048535,0.17254086,0.99763676,0.38685356,1.01283158,0.53918575,1.02663837,0.64513544,1.03938083
0.00278735,0.98038177,0.17944246,0.99750193,0.39364583,1.01266385,0.54290758,1.02643510,0.64535906,1.03913703
0.00282432,0.98046985,0.18020424,0.99759088,0.39466025,1.01274350,0.54408085,1.02649340,0.64676595,1.03916088
0.00230094,0.98054254,0.16017565,0.99762746,0.36351654,1.01276225,0.51000273,1.02651033,0.61224726,1.03919092
0.00228065,0.98056477,0.16105511,0.99762222,0.36778283,1.01270148,0.51798027,1.02637612,0.62374818,1.03897068
0.00242010,0.98069208,0.16936765,0.99776735,0.38415379,1.01285155,0.53904266,1.02652621,0.64785219,1.03911828
0.00219956,0.98078269,0.15899689,0.99790192,0.36786826,1.01303160,0.52157607,1.02675472,0.63034606,1.03939976
0.00230596,0.98099941,0.15918472,0.99813923,0.36279585,1.01328586,0.51093188,1.02701549,0.61458361,1.03965305
0.00223977,0.98125996,0.15668496,0.99841044,0.36029122,1.01356674,0.51085296,1.02730705,0.61791174,1.03995356
0.00238292,0.98109966,0.16343059,0.99818907,0.37168511,1.01329174,0.52329064,1.02698259,0.62971633,1.03958396
0.00248674,0.98129317,0.16884152,0.99841049,0.38149462,1.01356478,0.53570688,1.02732328,0.64451182,1.04000050
0.00259059,0.98118058,0.17015947,0.99838901,0.38040953,1.01361419,0.53168733,1.02741760,0.63807786,1.04011048
0.00259556,0.98130029,0.17138252,0.99850361,0.38335203,1.01373228,0.53574376,1.02755293,0.64280405,1.04027826
0.00242255,0.98110204,0.16439439,0.99828882,0.37314090,1.01347385,0.52643213,1.02722345,0.63605982,1.03985180
0.00256677,0.98088011,0.16941237,0.99802350,0.38073048,1.01318921,0.53439286,1.02693829,0.64356892,1.03958193
0.00272597,0.98074657,0.17253603,0.99793204,0.38330803,1.01312809,0.53577476,1.02690424,0.64438310,1.03957581
0.00264384,0.98075531,0.16781354,0.99795866,0.37463566,1.01316874,0.52566243,1.02696602,0.63416879,1.03967527
0.00242727,0.98068367,0.15831967,0.99782132,0.35676251,1.01297376,0.50327975,1.02670396,0.60953561,1.03932813
0.00222704,0.98102067,0.15130421,0.99820265,0.34711908,1.01338632,0.49493223,1.02713858,0.60374181,1.03977974
0.00239169,0.98145642,0.15697314,0.99864320,0.35521680,1.01384671,0.50349786,1.02763764,0.61296032,1.04033812
0.00272558,0.98134085,0.16858362,0.99857263,0.37359065,1.01385259,0.52271714,1.02774166,0.62968447,1.04055439
0.00252359,0.98143290,0.15920944,0.99870539,0.35677068,1.01402515,0.50345756,1.02795852,0.61103475,1.04082381
0.00218453,0.98144205,0.14336397,0.99868978,0.32631353,1.01399001,0.46543068,1.02790501,0.57011625,1.04075064
0.00228431,0.98147420,0.14582359,0.99866754,0.32845844,1.01392854,0.46609089,1.02782069,0.56971543,1.04066137
0.00254296,0.98121465,0.15557628,0.99831872,0.34255252,1.01348156,0.47781004,1.02726234,0.57488561,1.03997899
0.00261001,0.98159308,0.15932909,0.99872885,0.35090187,1.01393110,0.48935884,1.02775952,0.58845701,1.04053191
0.00226813,0.98132401,0.14631057,0.99846033,0.32856881,1.01367317,0.46181914,1.02751435,0.55551562,1.04029351
0.00271419,0.98124767,0.16473524,0.99840056,0.36115196,1.01360414,0.50147138,1.02741713,0.59997364,1.04015464
0.00297424,0.98132103,0.17206385,0.99844117,0.37122456,1.01360124,0.51128793,1.02737080,0.60837857,1.04006849
0.00268889,0.98121368,0.16378217,0.99835831,0.35974952,1.01353048,0.49968002,1.02729926,0.59673142,1.03998140
0.00255938,0.98120255,0.16145120,0.99841614,0.35956161,1.01362582,0.50397900,1.02740995,0.60653770,1.04009124
0.00281508,0.98123113,0.17200476,0.99843612,0.37897732,1.01364869,0.52885984,1.02744322,0.63570821,1.04013920
0.00288279,0.98138737,0.17256550,0.99861225,0.37742608,1.01382240,0.52482348,1.02759715,0.62980481,1.04025709
0.00285950,0.98120014,0.17241389,0.99839413,0.37886658,1.01358238,0.52861167,1.02734300,0.63601660,1.03999627
0.00294993,0.98127934,0.17571199,0.99840328,0.38440244,1.01351192,0.53545754,1.02718982,0.64394195,1.03976103
0.00298323,0.98142832,0.17576648,0.99852284,0.38322866,1.01362099,0.53271042,1.02730038,0.63961960,1.03988159
0.00263025,0.98173532,0.16102870,0.99888341,0.35604897,1.01403276,0.49891609,1.02775228,0.60234324,1.04035837
0.00269987,0.98177155,0.16242633,0.99892880,0.35642232,1.01410108,0.49660852,1.02785227,0.59707570,1.04049933
0.00281295,0.98188267,0.16594084,0.99900120,0.36238152,1.01412343,0.50430074,1.02781298,0.60629955,1.04038674
0.00261733,0.98173768,0.16054225,0.99886402,0.35364156,1.01395965,0.49242993,1.02760450,0.59024612,1.04012630
0.00278807,0.98170056,0.16721704,0.99880124,0.36540050,1.01386892,0.50704150,1.02748081,0.60662744,1.03996358
0.00295280,0.98163622,0.17595565,0.99874863,0.38410988,1.01378997,0.53297557,1.02735132,0.63798251,1.03976668
0.00268117,0.98166400,0.16873106,0.99885225,0.37605496,1.01395987,0.52710477,1.02758742,0.63439830,1.04007294
0.00272908,0.98148048,0.17174860,0.99861184,0.38260876,1.01367525,0.53602496,1.02727528,0.64510621,1.03975300
0.00261740,0.98146814,0.16887776,0.99862809,0.38018899,1.01372507,0.53578855,1.02736551,0.64723787,1.03989498
0.00254216,0.98130971,0.16472158,0.99840674,0.37261719,1.01347386,0.52735309,1.02711016,0.63933683,1.03965383
0.00241198,0.98162191,0.15906899,0.99863792,0.36250818,1.01362121,0.51518846,1.02716753,0.62623126,1.03961220
0.00258050,0.98157623,0.16328759,0.99868778,0.36656118,1.01374776,0.51669306,1.02736337,0.62451261,1.03987619
0.00251939,0.98172970,0.15702118,0.99888952,0.35076309,1.01399255,0.49433379,1.02765486,0.59846184,1.04022463
0.00226545,0.98177907,0.14825202,0.99892317,0.33783709,1.01401934,0.48152216,1.02768182,0.58701054,1.04025997
0.00229343,0.98181377,0.14854811,0.99890735,0.33569637,1.01395362,0.47516161,1.02757089,0.57567465,1.04010916
0.00176928,0.98184222,0.11815344,0.99892269,0.26782444,1.01396321,0.37636890,1.02758094,0.44445552,1.04012604
0.00162469,0.98172138,0.10628780,0.99882847,0.20799953,1.01389894,-0.36429868,1.02754942,-0.52004812,1.04013034
0.00148588,0.98168247,0.09916841,0.99871604,0.19755491,1.01372184,-0.33620845,1.02731164,-0.48274766,1.03983207
0.00122245,0.98171657,0.04091152,0.99874965,-0.27040585,1.01375457,-0.44378207,1.02734362,-0.56647256,1.03986211
0.00141716,0.98168212,0.08563655,0.99871010,-0.22607973,1.01372558,-0.42059604,1.02734887,-0.55356245,1.03993004
0.00173299,0.98204671,0.11337915,0.99913906,0.22101698,1.01420450,-0.38360599,1.02786951,-0.54462510,1.04048683
0.00221230,0.98195253,0.14782745,0.99909822,0.33530213,1.01421600,0.47572462,1.02793157,0.57940603,1.04059513
0.00243293,0.98163907,0.15621386,0.99875069,0.34975576,1.01383175,0.49292309,1.02750330,0.59735095,1.04011171
0.00235388,0.98145575,0.15470477,0.99852822,0.34857455,1.01356229,0.49193169,1.02717882,0.59548669,1.03972400
0.00207963,0.98172514,0.14506196,0.99876819,0.33502401,1.01377507,0.47884363,1.02736107,0.58361244,1.03986561
0.00200576,0.98122014,0.14096078,0.99830119,0.32994217,1.01332692,0.47738553,1.02691028,0.58784522,1.03938982
0.00180370,0.98132042,0.12884006,0.99838186,0.30577296,1.01338816,0.45003910,1.02695372,0.56403605,1.03941686
0.00155064,0.98114428,0.10182837,0.99819928,0.20720234,1.01321027,-0.29853575,1.02678849,-0.42307251,1.03926843
0.00160867,0.98108018,0.10401220,0.99813672,0.18426386,1.01315164,-0.37516287,1.02673528,-0.51744134,1.03922303
0.00169872,0.98099014,0.10131794,0.99802194,-0.21532983,1.01300834,-0.43232849,1.02656250,-0.56945960,1.03902382
0.00168093,0.98154164,0.10553037,0.99861667,-0.11477920,1.01364084,-0.40982755,1.02721745,-0.55281188,1.03968073
0.00173168,0.98143427,0.10934387,0.99846735,0.18849952,1.01347397,-0.39486124,1.02705737,-0.54368301,1.03954953
0.00124377,0.98138082,0.05839409,0.99847690,-0.26283101,1.01354578,-0.44445493,1.02719803,-0.57592176,1.03977458
0.00141835,0.98153320,0.08935446,0.99866103,-0.19749657,1.01375939,-0.41006201,1.02744362,-0.55434362,1.04005793
0.00152546,0.98152468,0.10809317,0.99863694,0.25620387,1.01369348,0.36992381,1.02731004,0.43217069,1.03983089
0.00116772,0.98130562,0.05563457,0.99840017,-0.23779025,1.01344989,-0.40610182,1.02706621,-0.53176035,1.03959040
0.00131812,0.98113595,0.08470278,0.99818957,0.11574427,1.01319977,-0.34026447,1.02677557,-0.47770247,1.03925717
0.00114833,0.98145096,0.05689066,0.99853503,-0.22998677,1.01358527,-0.39496709,1.02721123,-0.51887716,1.03974935
0.00125113,0.98134148,0.07714760,0.99850133,-0.19404181,1.01364210,-0.38380979,1.02736636,-0.52325967,1.04000699
0.00117508,0.98105974,0.07268080,0.99816044,-0.18278568,1.01323474,-0.35860657,1.02689004,-0.48951892,1.03946176
0.00124981,0.98107658,0.08474989,0.99821485,0.20041941,1.01332862,0.32516705,1.02702477,0.44910614,1.03963991
0.00128022,0.98116575,0.08619491,0.99833105,0.19442068,1.01346025,0.28771201,1.02716477,0.38691634,1.03978566
0.00122159,0.98106260,0.06240969,0.99819097,-0.22907720,1.01327869,-0.38968830,1.02693906,-0.50170055,1.03951444
0.00114962,0.98108673,-0.04492299,0.99823778,-0.27175416,1.01333861,-0.43911144,1.02700639,-0.55947801,1.03958398
0.00099336,0.98103463,-0.07820036,0.99808398,-0.29207697,1.01308476,-0.45741548,1.02665669,-0.57704931,1.03914732
0.00080864,0.98098635,-0.09884730,0.99805414,-0.31264216,1.01309626,-0.47718038,1.02672395,-0.59637832,1.03928139
0.00074412,0.98099035,-0.10673247,0.99810316,-0.32434617,1.01318624,-0.49066658,1.02685983,-0.61050229,1.03947301
0.00088689,0.98084372,-0.09511789,0.99795899,-0.31538839,1.01305095,-0.48606878,1.02673538,-0.60937605,1.03936025
0.00105063,0.98073863,-0.08196489,0.99786612,-0.30878186,1.01298452,-0.48363713,1.02670097,-0.60941961,1.03935837
0.00102413,0.98063245,-0.08226222,0.99773543,-0.30881579,1.01283006,-0.48422568,1.02651943,-0.61057044,1.03914486
0.00124246,0.98051362,-0.03339397,0.99756241,-0.29216235,1.01259939,-0.47623544,1.02622608,-0.60817760,1.03878338
0.00095338,0.98020360,-0.09894841,0.99726092,-0.32788948,1.01230856,-0.50186176,1.02594140,-0.62547140,1.03849304
0.00088541,0.98046507,-0.10722053,0.99756702,-0.33680695,1.01263802,-0.50929402,1.02627964,-0.63058306,1.03883080
0.00104039,0.98052401,-0.08872191,0.99765191,-0.31695528,1.01276235,-0.49062085,1.02644897,-0.61410899,1.03904513
0.00118705,0.98055682,-0.07469061,0.99770615,-0.30985360,1.01281789,-0.48561725,1.02648956,-0.60965914,1.03905728
0.00131556,0.98044368,-0.02133700,0.99753628,-0.29520580,1.01259413,-0.47777724,1.02621478,-0.60638708,1.03873560
0.00151227,0.98061339,0.08705693,0.99770345,-0.25003672,1.01277933,-0.44783234,1.02643153,-0.58347979,1.03899181
0.00149258,0.98073815,0.08453484,0.99783834,-0.26039298,1.01294985,-0.45964372,1.02665653,-0.59775318,1.03928519
0.00153100,0.98102723,0.08274113,0.99817296,-0.27300209,1.01334387,-0.47189373,1.02711941,-0.60954669,1.03982454
0.00129404,0.98112380,-0.04144115,0.99825866,-0.30046882,1.01340676,-0.48502812,1.02714560,-0.61558324,1.03979874
0.00103542,0.98129645,-0.09832453,0.99846626,-0.33119997,1.01364732,-0.50586577,1.02741906,-0.62869359,1.04010519
0.00082029,0.98095928,-0.11302687,0.99820522,-0.34245661,1.01346265,-0.51427525,1.02731642,-0.63542342,1.04009151
0.00056617,0.98087286,-0.12786523,0.99805101,-0.35752568,1.01325104,-0.52794432,1.02705506,-0.64812187,1.03978805
0.00047814,0.98104624,-0.13359636,0.99824979,-0.36361617,1.01349300,-0.53249734,1.02734897,-0.65105202,1.04013430
0.00060771,0.98099463,-0.12926147,0.99816467,-0.36257521,1.01337977,-0.53439505,1.02721165,-0.65440797,1.03998009
0.00076424,0.98109594,-0.11905427,0.99837660,-0.35204950,1.01368637,-0.52558347,1.02760422,-0.64742499,1.04045481
0.00079236,0.98104893,-0.12042404,0.99836745,-0.35558099,1.01368435,-0.52929874,1.02758810,-0.64998490,1.04040865
0.00107305,0.98097325,-0.09738012,0.99830809,-0.33408976,1.01364772,-0.51080459,1.02757369,-0.63390409,1.04040800
0.00109741,0.98104853,-0.08600405,0.99831723,-0.31949488,1.01358784,-0.49480181,1.02744229,-0.61722244,1.04020558
0.00107279,0.98135912,-0.08275006,0.99859140,-0.31351910,1.01383400,-0.48805835,1.02767121,-0.61055669,1.04043213
0.00125052,0.98122737,-0.05709332,0.99847664,-0.30629908,1.01371585,-0.48927911,1.02753140,-0.61760942,1.04025550
0.00113611,0.98109758,-0.07915777,0.99834290,-0.31622052,1.01357130,-0.49340241,1.02737535,-0.61654227,1.04008973
0.00107812,0.98124017,-0.08754425,0.99849120,-0.32136283,1.01372378,-0.49607142,1.02752077,-0.61719223,1.04021162
0.00105926,0.98108663,-0.08369883,0.99831808,-0.31316168,1.01354581,-0.48473158,1.02734753,-0.60332231,1.04005029
0.00099850,0.98124750,-0.08903819,0.99851823,-0.31305298,1.01379031,-0.47891074,1.02764091,-0.59180108,1.04039702
0.00090369,0.98116798,-0.09957990,0.99842629,-0.32217730,1.01367903,-0.48493419,1.02750015,-0.59375994,1.04021677
0.00126295,0.98122099,0.05632840,0.99847270,-0.27046606,1.01371031,-0.44319434,1.02751441,-0.55790083,1.04021582
0.00128203,0.98091879,-0.02095166,0.99821245,-0.29498535,1.01348953,-0.47402478,1.02733278,-0.59724676,1.04007309
0.00156203,0.98100073,0.09870845,0.99827443,-0.19892814,1.01352897,-0.41597976,1.02733929,-0.55052577,1.04003411
0.00160156,0.98090288,0.09856392,0.99816516,-0.22443989,1.01342575,-0.43527076,1.02724215,-0.57092358,1.03993163
0.00171111,0.98101561,0.10790764,0.99831515,-0.10402417,1.01359784,-0.41223598,1.02743159,-0.55410588,1.04014033
0.00187785,0.98154670,0.11973047,0.99890673,0.22639527,1.01423767,-0.39512911,1.02811746,-0.55242917,1.04087523
0.00184290,0.98123543,0.11978536,0.99852886,0.23576213,1.01379495,-0.37938276,1.02761037,-0.54159515,1.04030233
0.00194568,0.98145912,0.12805329,0.99880724,0.26970546,1.01410702,-0.28506963,1.02794288,-0.52238852,1.04064722
0.00211062,0.98155545,0.13522449,0.99886719,0.28754830,1.01411138,0.34329666,1.02788365,-0.49988381,1.04052116
0.00218251,0.98140201,0.14160838,0.99872200,0.30805386,1.01398418,0.41108124,1.02779010,0.40682218,1.04047687
0.00227680,0.98125704,0.14598893,0.99855646,0.31658756,1.01380528,0.42372774,1.02760196,0.44637330,1.04028027
0.00235739,0.98139787,0.15055125,0.99872157,0.32486327,1.01399805,0.43261145,1.02782028,0.44508333,1.04052186
0.00238677,0.98148582,0.15295850,0.99884573,0.33140683,1.01414572,0.44554353,1.02798843,0.49161402,1.04071360
0.00226823,0.98182112,0.15057549,0.99913343,0.33133165,1.01437262,0.45339793,1.02814204,0.52619506,1.04078441
0.00261234,0.98184605,0.16485944,0.99924397,0.35952797,1.01455515,0.49515955,1.02837837,0.58792403,1.04105399
0.00244429,0.98176394,0.15981464,0.99903072,0.35420386,1.01424729,0.49461822,1.02800332,0.59594610,1.04063238
0.00254238,0.98192866,0.16268873,0.99911353,0.35746571,1.01423987,0.49610062,1.02789484,0.59450214,1.04040571
0.00236176,0.98181837,0.15587117,0.99895785,0.34613530,1.01404661,0.48287035,1.02767317,0.58042532,1.04016865
0.00235925,0.98206773,0.15287312,0.99918325,0.33524232,1.01423101,0.46131261,1.02779752,0.54455692,1.04021366
0.00268515,0.98180926,0.16635146,0.99889465,0.36145103,1.01391421,0.49852719,1.02745261,0.59446202,1.03984434
0.00291923,0.98186678,0.17530042,0.99894052,0.37835343,1.01396118,0.52076940,1.02750651,0.62018420,1.03990812
0.00311374,0.98211438,0.18117484,0.99916448,0.38641565,1.01416198,0.52830111,1.02768795,0.62640725,1.04007990
0.00308059,0.98216788,0.18169418,0.99922574,0.38897085,1.01423063,0.53215543,1.02777105,0.63060701,1.04018962
0.00257936,0.98197159,0.16607979,0.99905422,0.36637191,1.01410973,0.50867775,1.02772724,0.60769896,1.04025085
0.00262573,0.98215813,0.16975733,0.99931896,0.37520739,1.01443415,0.52246833,1.02809546,0.62651426,1.04064766
0.00290040,0.98197583,0.17707952,0.99926089,0.38477832,1.01450108,0.53159689,1.02827925,0.63446760,1.04093462
0.00297871,0.98175388,0.18031318,0.99908834,0.39104188,1.01436201,0.54008440,1.02816728,0.64478976,1.04084917
0.00285360,0.98174122,0.17629524,0.99910983,0.38442582,1.01442406,0.53177359,1.02827287,0.63485783,1.04099866
0.00289557,0.98175412,0.17843917,0.99913655,0.38795765,1.01445848,0.53531347,1.02830004,0.63789699,1.04099881
0.00299343,0.98193906,0.17970399,0.99938522,0.38763060,1.01477290,0.53281620,1.02867566,0.63332524,1.04142780
0.00308279,0.98211848,0.18319061,0.99959800,0.39276065,1.01502888,0.53785278,1.02898678,0.63783259,1.04180582
0.00300082,0.98209592,0.18316391,0.99956096,0.39505279,1.01497571,0.54236132,1.02890879,0.64426771,1.04169092
0.00309493,0.98178142,0.18409232,0.99924289,0.39479959,1.01466379,0.54122999,1.02860924,0.64279642,1.04140546
0.00306962,0.98197474,0.18374486,0.99942990,0.39555238,1.01486214,0.54339475,1.02883877,0.64633069,1.04168672
0.00304803,0.98210535,0.18459580,0.99960486,0.39873210,1.01508707,0.54884134,1.02911881,0.65374334,1.04202692
0.00282001,0.98193719,0.17675833,0.99945893,0.38741317,1.01494785,0.53772670,1.02897906,0.64417727,1.04188238
0.00289462,0.98149924,0.17862248,0.99902741,0.39036678,1.01453969,0.54198707,1.02860982,0.65024211,1.04156671
0.00281121,0.98161697,0.17625113,0.99913527,0.38747621,1.01465566,0.53955691,1.02874232,0.64821744,1.04171851
0.00267180,0.98130107,0.17103753,0.99883070,0.37830156,1.01437302,0.52791715,1.02848976,0.63460821,1.04150121
0.00290393,0.98107109,0.17864827,0.99859283,0.39027727,1.01414919,0.54149416,1.02829676,0.64865530,1.04135226
0.00287836,0.98077680,0.17667149,0.99834625,0.38487154,1.01393273,0.53253102,1.02810575,0.63642369,1.04118746
0.00271009,0.98085523,0.16786394,0.99841868,0.36663375,1.01401152,0.50747722,1.02819182,0.60576989,1.04127345
0.00253157,0.98061153,0.16316624,0.99817316,0.36071471,1.01375019,0.50239951,1.02790521,0.60219094,1.04095778
0.00247880,0.98068913,0.16005854,0.99820784,0.35418587,1.01375013,0.49393856,1.02787498,0.59316227,1.04090158
0.00252656,0.98061097,0.15937328,0.99809464,0.35129055,1.01362852,0.49023619,1.02776844,0.59057846,1.04083108
0.00254406,0.98052087,0.16139699,0.99791854,0.35732012,1.01336301,0.50038493,1.02741574,0.60417065,1.04039431
0.00232540,0.98043703,0.15314134,0.99782649,0.34419227,1.01329137,0.48629900,1.02738947,0.59095536,1.04043842
0.00231314,0.98020175,0.15273170,0.99751990,0.34330915,1.01292134,0.48467330,1.02696199,0.58836776,1.03996108
0.00257291,0.98005510,0.16325625,0.99729718,0.36326246,1.01263466,0.51099660,1.02661320,0.61891512,1.03954230
0.00237087,0.97968371,0.15563593,0.99695208,0.35263540,1.01230273,0.50252351,1.02627698,0.61462669,1.03918286
0.00232673,0.97972381,0.15326087,0.99703775,0.34672034,1.01242670,0.49265891,1.02643717,0.60093979,1.03938231
0.00246925,0.97967429,0.15840944,0.99695684,0.35511557,1.01231245,0.50178491,1.02628442,0.60944398,1.03918410
0.00246182,0.97973529,0.15847248,0.99698622,0.35694356,1.01230408,0.50643691,1.02623852,0.61698164,1.03910529
0.00220708,0.98012449,0.14855727,0.99740874,0.33933921,1.01277626,0.48425493,1.02676996,0.59149134,1.03970211
0.00236179,0.98028890,0.15475909,0.99761315,0.34922102,1.01301404,0.49331939,1.02702593,0.59677247,1.03995500
0.00229726,0.98032884,0.15512238,0.99767839,0.35342914,1.01310604,0.50095577,1.02714508,0.60645861,1.04010055
0.00233677,0.98043138,0.15900690,0.99781042,0.36169433,1.01325440,0.51157560,1.02729555,0.61848637,1.04023469
0.00212115,0.98048713,0.15311294,0.99791031,0.35532661,1.01342158,0.50688743,1.02756284,0.61566320,1.04063864
0.00222615,0.98058759,0.15705787,0.99791152,0.36134136,1.01331457,0.51407074,1.02734402,0.62448733,1.04030840
0.00215164,0.98061398,0.15306772,0.99789077,0.35348019,1.01323298,0.50390444,1.02719208,0.61301717,1.04008085
0.00204728,0.98056218,0.14798529,0.99778368,0.34533818,1.01306267,0.49521124,1.02695415,0.60435105,1.03977287
0.00216958,0.98070263,0.14971630,0.99788073,0.34375764,1.01312002,0.48952821,1.02696575,0.59526416,1.03972701
0.00189807,0.98043322,0.13386243,0.99767157,0.30916637,1.01296075,0.44108361,1.02685212,0.53565955,1.03965691
0.00172924,0.98013899,0.12159364,0.99741905,0.27188011,1.01273766,0.35138621,1.02665193,-0.46704216,1.03947876
0.00180263,0.98032108,0.13021331,0.99757081,0.30022032,1.01286390,0.42320715,1.02676470,0.50113727,1.03959118
0.00173200,0.98032655,0.13049316,0.99745118,0.30514690,1.01261492,0.43266808,1.02638324,0.51484388,1.03907664
0.00151371,0.98042685,0.11146482,0.99762019,0.25331243,1.01283639,0.31043749,1.02664001,-0.48008929,1.03934898
0.00160620,0.98012002,0.12015823,0.99731087,0.28103693,1.01253500,0.39368317,1.02635753,0.42194769,1.03909594
0.00146920,0.98019652,0.10917506,0.99740676,0.24239847,1.01266368,-0.29450289,1.02652627,-0.50933793,1.03931079
0.00159487,0.98026437,0.11759887,0.99746253,0.26627070,1.01269591,0.32968170,1.02652924,-0.49325819,1.03928226
0.00160043,0.98023113,0.12307756,0.99748636,0.28911917,1.01276840,0.40586144,1.02664618,0.45463575,1.03944322
0.00154559,0.98014258,0.11467943,0.99742449,0.26072096,1.01272996,0.33117015,1.02662272,-0.47219768,1.03942367
0.00179051,0.97982736,0.12777231,0.99706946,0.29259926,1.01235498,0.40759208,1.02624704,0.45940499,1.03906422
0.00187910,0.97966874,0.12628546,0.99688212,0.27587322,1.01212252,0.33921866,1.02595218,-0.49232913,1.03869292
0.00191436,0.97976129,0.13036113,0.99696719,0.29178422,1.01220299,0.39965593,1.02603865,0.43381547,1.03880081
0.00156884,0.97956778,0.10004972,0.99681997,-0.20242528,1.01210404,-0.42770459,1.02598082,-0.56951471,1.03877056
0.00171900,0.97949752,0.11356846,0.99671574,0.22458637,1.01197399,-0.37665723,1.02582370,-0.54086476,1.03858209
0.00149779,0.97960807,0.09643070,0.99679591,-0.20370599,1.01203391,-0.42256622,1.02586590,-0.56365371,1.03860574
0.00147822,0.97956331,0.08974444,0.99671320,-0.23149386,1.01191210,-0.43012323,1.02569081,-0.56372084,1.03836004
0.00178417,0.97964382,0.11800764,0.99678802,0.25027896,1.01199134,-0.29407369,1.02578292,-0.50599317,1.03847236
0.00155155,0.98001277,0.09498161,0.99711221,-0.21411719,1.01227811,-0.42332309,1.02603926,-0.56163753,1.03870421
0.00164754,0.98019263,0.11023925,0.99730042,0.24082155,1.01248096,0.31117475,1.02626696,-0.38327361,1.03896749
0.00163930,0.98070139,0.11192539,0.99788653,0.26035925,1.01314691,0.39227653,1.02701295,0.51280195,1.03979111
0.00160944,0.98065705,0.11022995,0.99791977,0.25663045,1.01325099,0.38841843,1.02717543,0.50952679,1.03999723
0.00156437,0.98087646,0.10875260,0.99814988,0.24904129,1.01348567,0.36121932,1.02741970,0.45954542,1.04025996
0.00150840,0.98116324,0.10442904,0.99845394,0.23230477,1.01380603,0.31461469,1.02775844,0.32172537,1.04062067
0.00169240,0.98143856,0.12468131,0.99874659,0.29707492,1.01414411,0.43557926,1.02816843,0.54112267,1.04112683
0.00190309,0.98130705,0.13891265,0.99860044,0.32670546,1.01397552,0.47161535,1.02797368,0.57805627,1.04090620
0.00176136,0.98140218,0.13004800,0.99873270,0.31232328,1.01414814,0.46018585,1.02819073,0.57352691,1.04117296
0.00195178,0.98097754,0.14345920,0.99835518,0.34213549,1.01382014,0.49908607,1.02791670,0.61627060,1.04095720
0.00161964,0.98097003,0.12816430,0.99843821,0.31791120,1.01396289,0.47443090,1.02809084,0.59374418,1.04113666
0.00163444,0.98107770,0.13091595,0.99852946,0.32445232,1.01403371,0.48259494,1.02813158,0.60202999,1.04113388
0.00151759,0.98102509,0.12384643,0.99845487,0.31295515,1.01392913,0.47112324,1.02799697,0.59108859,1.04097173
0.00188391,0.98074615,0.14129660,0.99810690,0.33631835,1.01351616,0.48925284,1.02751736,0.60299095,1.04042319
0.00191553,0.98062286,0.14273825,0.99802097,0.33895157,1.01346488,0.49289994,1.02749535,0.60770637,1.04042555
0.00181213,0.98047983,0.14031509,0.99776841,0.33528818,1.01310523,0.48704477,1.02702773,0.59904038,1.03984363
0.00177707,0.98074295,0.14310577,0.99796270,0.34608535,1.01322924,0.50415032,1.02707623,0.61991667,1.03981006
0.00165993,0.98059334,0.13864478,0.99783520,0.34088304,1.01312516,0.50070568,1.02700019,0.61874180,1.03976725
0.00194929,0.98041565,0.15103551,0.99761639,0.35847015,1.01286669,0.51663114,1.02669826,0.63104662,1.03941592
0.00180063,0.98042737,0.14333078,0.99755486,0.34465145,1.01272321,0.50030205,1.02647704,0.61403358,1.03912555
0.00184874,0.98047685,0.14257440,0.99754530,0.33915911,1.01267631,0.48979052,1.02641177,0.59908898,1.03905944
0.00186789,0.98052111,0.14030080,0.99760987,0.33089337,1.01277001,0.47657598,1.02654360,0.58305246,1.03923818
0.00189443,0.98064167,0.14532900,0.99777189,0.34327656,1.01297848,0.49374017,1.02680553,0.60292300,1.03955938
0.00201270,0.98046795,0.14935588,0.99755244,0.34849067,1.01272583,0.49872291,1.02652517,0.60786409,1.03925136
0.00160723,0.98047018,0.12800152,0.99753460,0.31042301,1.01268818,0.45380003,1.02647212,0.55896563,1.03919115
0.00174693,0.98045194,0.13700763,0.99749670,0.32901072,1.01263569,0.47772705,1.02640600,0.58617096,1.03910836
0.00165162,0.98023379,0.13096251,0.99723646,0.31690956,1.01234041,0.46214352,1.02608527,0.56808128,1.03877092
0.00158522,0.97981926,0.12674923,0.99683249,0.31230660,1.01197248,0.46226599,1.02576207,0.57430249,1.03849203
0.00153124,0.97982347,0.12048457,0.99682193,0.29767461,1.01196017,0.44464828,1.02576294,0.55749510,1.03852256
0.00152680,0.97986668,0.11956894,0.99687301,0.29021937,1.01204447,0.42489189,1.02589613,0.52178142,1.03871430
0.00146828,0.97997843,0.11442037,0.99703050,0.27686951,1.01225764,0.40751540,1.02617274,0.50777773,1.03906376
0.00125339,0.97964111,0.09351515,0.99670384,0.20281766,1.01195779,-0.31356133,1.02591921,-0.47682957,1.03887861
0.00129182,0.97970574,0.09841232,0.99675710,0.21976159,1.01199845,-0.32129743,1.02594650,-0.50593717,1.03889167
0.00134681,0.97976099,0.10194862,0.99683305,0.22782029,1.01207899,-0.32004047,1.02601840,-0.51290738,1.03894435
0.00127140,0.97991601,0.10458368,0.99698968,0.26164273,1.01222008,0.38697713,1.02613113,0.46511515,1.03901690
0.00113038,0.98005934,0.09736417,0.99714288,0.26080641,1.01237056,0.40775105,1.02626692,0.52111422,1.03912742
0.00090311,0.98013200,0.06095362,0.99720409,0.15844641,1.01243993,0.33675996,1.02637217,0.48234785,1.03930153
0.00088917,0.98011520,0.06134091,0.99722859,0.18525399,1.01249721,0.37019605,1.02645405,0.51838290,1.03940065
0.00125270,0.97974970,0.11193244,0.99689945,0.29866416,1.01219834,0.46047334,1.02618384,0.58370703,1.03916367
0.00139360,0.98005094,0.12043593,0.99717042,0.30859955,1.01244576,0.46450673,1.02640876,0.58113587,1.03936816
0.00107699,0.97989397,0.10117539,0.99702638,0.28342566,1.01229251,0.44606537,1.02623057,0.57016894,1.03915303
0.00113743,0.97962727,0.11159214,0.99672478,0.30241728,1.01197086,0.46146017,1.02590344,0.57815521,1.03883475
0.00098345,0.97966352,0.10026035,0.99682538,0.28773069,1.01212002,0.45054261,1.02609192,0.57121553,1.03905885
0.00084948,0.97952231,0.08622285,0.99662680,0.26416741,1.01185212,0.42466378,1.02574829,0.54324686,1.03863512
0.00084277,0.97970289,0.08330222,0.99684941,0.25820430,1.01209182,0.41954258,1.02597641,0.54039939,1.03882182
0.00072861,0.97990977,0.03639670,0.99703948,-0.16682999,1.01226260,-0.28157489,1.02611674,-0.36451113,1.03891566
0.00066384,0.98029364,0.05234435,0.99734258,0.21228638,1.01249844,0.38307610,1.02628942,0.51324911,1.03902658
0.00073082,0.98062394,0.06209719,0.99761590,0.19712657,1.01270461,0.33471070,1.02641773,0.42781721,1.03906501
0.00083875,0.98066990,0.07985320,0.99765718,0.23944192,1.01272789,0.39172179,1.02641337,0.51181597,1.03902449
0.00064504,0.98078338,-0.04584274,0.99776715,-0.20221617,1.01283356,-0.33245849,1.02651649,-0.43630167,1.03912866
0.00097191,0.98068947,0.09819998,0.99771271,0.27737430,1.01280075,0.43267612,1.02649128,0.54996186,1.03909744
0.00085194,0.98081296,0.07852726,0.99781807,0.24089625,1.01292872,0.40148962,1.02668325,0.52880201,1.03939792
0.00088756,0.98046742,0.08158892,0.99742684,0.23583211,1.01249833,0.38024441,1.02621916,0.49164252,1.03890142
0.00113626,0.98045752,0.10737059,0.99733727,0.28333268,1.01231686,0.42685574,1.02593591,0.53011213,1.03850826
0.00139962,0.98035554,0.12512095,0.99724907,0.31164814,1.01221171,0.45547624,1.02579465,0.55755871,1.03831929
0.00162952,0.98022345,0.13551694,0.99712183,0.32344768,1.01208435,0.46116436,1.02566930,0.55400638,1.03820100
0.00159096,0.98017227,0.13316790,0.99707752,0.31753375,1.01204126,0.44973800,1.02561519,0.53112478,1.03812051
0.00160904,0.97991236,0.13257740,0.99684469,0.31200646,1.01185515,0.43503725,1.02549339,0.49103549,1.03808034
0.00148969,0.97992129,0.12104009,0.99679942,0.28205414,1.01176620,0.37091715,1.02536168,-0.48304094,1.03790316
0.00143328,0.98017598,0.11313206,0.99708453,0.24708362,1.01209058,-0.35737760,1.02572543,-0.54731468,1.03830365
0.00135910,0.98040567,0.10380716,0.99732323,0.18496387,1.01232091,-0.40961397,1.02593652,-0.56803161,1.03848947
0.00151119,0.98019362,0.11979585,0.99707796,0.26652096,1.01204541,-0.29399918,1.02563733,-0.53481917,1.03817442
0.00132764,0.97982751,0.10372974,0.99665076,0.15781393,1.01155767,-0.42281803,1.02508959,-0.57864581,1.03756039
0.00141368,0.97980181,0.11527384,0.99663831,0.25460875,1.01154995,-0.33435730,1.02508469,-0.53391005,1.03756121
0.00145682,0.97982934,0.11847186,0.99668341,0.26490039,1.01162218,-0.26189060,1.02517984,-0.52324920,1.03766838
0.00148821,0.97995926,0.11959046,0.99677043,0.26769634,1.01168297,0.26846265,1.02523155,-0.51235972,1.03772846
0.00167128,0.97975703,0.13180788,0.99660259,0.30021803,1.01154677,0.40626123,1.02512542,0.39547298,1.03764794
0.00132733,0.97942454,0.11198009,0.99627719,0.25401506,1.01121030,-0.27498191,1.02476118,-0.51405380,1.03723661
0.00137908,0.97947266,0.11681527,0.99636315,0.27290313,1.01132984,0.35879199,1.02490998,-0.46371666,1.03741216
0.00145146,0.97928531,0.12134972,0.99615050,0.28199675,1.01108824,0.37571978,1.02463905,-0.45113240,1.03711553
0.00160932,0.97937038,0.12742725,0.99617008,0.28799101,1.01104344,0.37316789,1.02453890,-0.47447220,1.03697561
0.00172134,0.97929628,0.13675414,0.99610946,0.31462724,1.01100167,0.43842263,1.02451422,0.51593275,1.03696343
0.00170661,0.97902230,0.13794303,0.99580660,0.32071109,1.01064555,0.45204122,1.02409287,0.54271436,1.03647259
0.00165798,0.97881335,0.13937569,0.99561179,0.32781909,1.01045127,0.46593015,1.02389722,0.56435979,1.03628036
0.00141385,0.97880049,0.12555439,0.99559489,0.30500198,1.01043928,0.44274573,1.02389437,0.54591416,1.03628700
0.00144408,0.97888904,0.12868393,0.99568807,0.31378219,1.01052884,0.45663036,1.02397309,0.56290445,1.03634748
0.00177817,0.97928145,0.14576088,0.99606862,0.34317336,1.01090120,0.49154271,1.02434094,0.60057985,1.03671344
0.00202904,0.97936242,0.15510921,0.99616518,0.35577707,1.01101958,0.50294294,1.02448201,0.60933104,1.03687169
0.00187570,0.97927576,0.14985652,0.99613265,0.35032550,1.01105921,0.49966743,1.02460649,0.60787601,1.03708820
0.00180383,0.97892540,0.14721817,0.99577167,0.34803374,1.01068318,0.50010987,1.02421057,0.61155937,1.03666755
0.00196057,0.97883965,0.15320974,0.99573231,0.35554520,1.01070163,0.50589394,1.02429973,0.61522478,1.03683935
0.00188663,0.97888464,0.14954859,0.99576531,0.34927687,1.01071901,0.49863113,1.02429782,0.60776362,1.03681429
0.00180323,0.97918970,0.14916054,0.99600579,0.35256307,1.01090684,0.50608968,1.02445279,0.61891877,1.03696107
0.00190049,0.97929666,0.15141196,0.99607367,0.35301974,1.01095421,0.50245385,1.02448934,0.61048976,1.03699300
0.00170731,0.97932152,0.14343332,0.99605154,0.34087960,1.01088094,0.48885583,1.02436459,0.59615760,1.03681919
0.00186452,0.97907831,0.14955780,0.99583348,0.34809844,1.01067465,0.49363348,1.02415166,0.59710033,1.03657792
0.00153065,0.97922184,0.13514517,0.99594811,0.32839726,1.01074095,0.47584460,1.02415522,0.58272375,1.03650890
0.00179668,0.97923121,0.14831951,0.99601835,0.34919228,1.01087193,0.49828350,1.02433721,0.60526556,1.03672868
0.00201338,0.97932243,0.15824586,0.99613726,0.36383033,1.01100720,0.51222034,1.02448428,0.61666920,1.03688908
0.00238630,0.97934837,0.17189441,0.99615599,0.38392889,1.01103070,0.53332332,1.02451302,0.63706144,1.03691795
0.00239798,0.97933367,0.17165661,0.99608223,0.38228481,1.01091484,0.52977264,1.02435624,0.63144375,1.03671547
0.00253689,0.97933441,0.17532123,0.99606951,0.38706158,1.01089969,0.53480491,1.02434801,0.63674236,1.03672010
0.00239089,0.97963668,0.17022371,0.99640492,0.38049879,1.01125263,0.52901877,1.02470391,0.63195214,1.03706938
0.00276649,0.97946718,0.18338735,0.99620111,0.40020870,1.01102462,0.55013272,1.02445727,0.65313080,1.03680720
0.00276011,0.97965363,0.18205447,0.99638176,0.39744811,1.01120918,0.54678959,1.02465616,0.64977257,1.03703189
0.00278281,0.97966453,0.18425299,0.99643133,0.40243198,1.01128074,0.55398084,1.02474587,0.65889155,1.03714049
0.00262229,0.97997780,0.17897111,0.99677563,0.39401233,1.01165191,0.54350622,1.02513757,0.64610952,1.03754552
0.00255732,0.98003924,0.17733530,0.99685499,0.39330855,1.01174561,0.54495699,1.02524185,0.65009612,1.03765773
0.00244942,0.98036964,0.17335200,0.99724358,0.38829362,1.01219509,0.54130979,1.02574546,0.64868945,1.03820075
0.00213878,0.98035662,0.16266912,0.99719584,0.37413924,1.01212135,0.52792819,1.02565428,0.63691347,1.03810076
0.00214443,0.98051181,0.16334231,0.99738162,0.37597892,1.01234830,0.53048643,1.02593063,0.63982817,1.03843339
0.00197360,0.98057278,0.15393861,0.99746877,0.36030151,1.01246950,0.51326166,1.02609227,0.62272819,1.03864197
0.00185567,0.98063145,0.15012383,0.99755743,0.35508520,1.01258405,0.50699594,1.02622948,0.61451699,1.03879739
0.00190387,0.98051982,0.15389793,0.99734854,0.36272208,1.01228667,0.51675044,1.02584521,0.62574473,1.03832274
0.00221540,0.98051118,0.16220973,0.99736933,0.37084374,1.01235892,0.52193547,1.02598094,0.62803693,1.03852812
0.00229059,0.98040137,0.16343723,0.99722377,0.37098616,1.01219985,0.52114596,1.02582174,0.62718282,1.03837898
0.00232992,0.98029394,0.16082382,0.99714162,0.36216251,1.01213104,0.50758591,1.02575817,0.61050804,1.03831282
0.00228235,0.98059262,0.16257182,0.99747185,0.37044424,1.01249381,0.52241262,1.02614781,0.63085973,1.03871715
0.00209362,0.98072361,0.15357743,0.99760350,0.35532903,1.01261212,0.50610353,1.02624640,0.61572306,1.03879502
0.00235017,0.98083413,0.16281119,0.99774588,0.36883668,1.01278724,0.52013256,1.02645976,0.62940361,1.03905192
0.00247373,0.98105173,0.16369942,0.99795651,0.36567383,1.01299119,0.51279332,1.02665955,0.61933310,1.03925360
0.00281287,0.98059722,0.17635951,0.99750434,0.38581289,1.01254394,0.53480500,1.02622258,0.64076581,1.03883304
0.00265938,0.98090273,0.17057474,0.99782997,0.37473942,1.01290222,0.52025359,1.02662442,0.62391638,1.03928590
0.00274714,0.98075249,0.17370201,0.99766976,0.37927892,1.01271016,0.52384809,1.02638809,0.62513970,1.03899493
0.00277030,0.98067766,0.17518285,0.99762549,0.38278191,1.01268866,0.52890936,1.02638329,0.63125712,1.03900298
0.00278328,0.98027089,0.17754186,0.99719991,0.38850617,1.01223427,0.53679866,1.02590297,0.64025265,1.03850279
0.00287233,0.98032004,0.17828073,0.99725467,0.38742473,1.01227397,0.53356912,1.02591181,0.63499391,1.03847123
0.00275923,0.98017497,0.17488417,0.99718476,0.38329882,1.01227211,0.53075690,1.02597638,0.63454652,1.03860305
0.00231850,0.98038065,0.15938266,0.99744007,0.35937920,1.01254249,0.50416962,1.02624203,0.60705640,1.03885114
0.00258297,0.98015486,0.17008888,0.99720020,0.37775945,1.01230987,0.52584394,1.02603261,0.62999618,1.03867825
0.00254454,0.98026922,0.16715582,0.99731874,0.37093527,1.01243510,0.51522442,1.02616857,0.61510445,1.03882662
0.00238355,0.98021690,0.16263385,0.99720796,0.36597323,1.01227531,0.51129630,1.02597678,0.61144340,1.03862946
0.00232705,0.98057122,0.15995868,0.99747535,0.36050707,1.01244321,0.50282098,1.02603448,0.59858765,1.03856409
0.00237116,0.98058145,0.16186925,0.99753435,0.36433528,1.01252458,0.50829261,1.02611533,0.60599341,1.03862396
0.00204625,0.98067530,0.15088234,0.99769224,0.35133135,1.01274542,0.49940408,1.02640439,0.60316778,1.03898919
0.00194247,0.98097717,0.14616232,0.99800704,0.34274679,1.01311029,0.48934159,1.02684111,0.59324330,1.03951133
0.00213463,0.98115827,0.15198913,0.99822095,0.34883647,1.01335383,0.49374156,1.02710839,0.59676810,1.03979376
0.00185086,0.98112493,0.13805759,0.99813097,0.32223298,1.01323081,0.45843895,1.02696596,0.55409450,1.03963753
0.00202496,0.98119996,0.14639918,0.99808496,0.33666389,1.01305332,0.47567892,1.02664616,0.57355626,1.03916868
0.00177812,0.98129458,0.13336033,0.99818039,0.31051471,1.01315189,0.43946572,1.02674926,0.52739562,1.03927534
0.00202211,0.98160195,0.14576518,0.99849548,0.33396813,1.01346852,0.47133761,1.02706650,0.56935600,1.03959445
0.00165538,0.98145334,0.12592311,0.99836757,0.29368572,1.01337959,0.41111716,1.02702599,0.47583609,1.03960564
0.00153393,0.98165146,0.12162459,0.99857508,0.28520723,1.01359205,0.38837197,1.02723724,-0.40640452,1.03981335
0.00181155,0.98148609,0.13764708,0.99847407,0.31770537,1.01354126,0.44225310,1.02722527,0.51421344,1.03983029
0.00186515,0.98192154,0.14177858,0.99889084,0.32882484,1.01391596,0.46313913,1.02754562,0.55344033,1.04008820
0.00180086,0.98178763,0.14179375,0.99876817,0.33372900,1.01378918,0.47487206,1.02739834,0.57418480,1.03990305
0.00178114,0.98166839,0.14484682,0.99862571,0.34362605,1.01361335,0.49104402,1.02718605,0.59600010,1.03965440
0.00159480,0.98195479,0.13132866,0.99894344,0.31728399,1.01398618,0.45774978,1.02763381,0.55785367,1.04019492
0.00180863,0.98192003,0.13885303,0.99895004,0.32679020,1.01403985,0.46760753,1.02774742,0.56990495,1.04038437
0.00176004,0.98186193,0.13783467,0.99891120,0.33024884,1.01402353,0.47951340,1.02775431,0.59146055,1.04041282
0.00168330,0.98206540,0.13348936,0.99907624,0.32464664,1.01415183,0.47715668,1.02784671,0.59381718,1.04046556
0.00143853,0.98200040,0.11725644,0.99896191,0.29359067,1.01396276,0.44029123,1.02756633,0.55594450,1.04008258
0.00134028,0.98198321,0.10731665,0.99897242,0.26308380,1.01399141,0.38357792,1.02760317,0.46680170,1.04011560
0.00166945,0.98185992,0.12988407,0.99883295,0.30895053,1.01383297,0.44276147,1.02743195,0.53469528,1.03994517
0.00173888,0.98196311,0.13445517,0.99889414,0.31963064,1.01385327,0.45809575,1.02740855,0.55410616,1.03987371
0.00159317,0.98190056,0.12741817,0.99883058,0.30971846,1.01380254,0.44917106,1.02737863,0.54795735,1.03987108
0.00193458,0.98180643,0.14398858,0.99873835,0.33854074,1.01371428,0.48502886,1.02729213,0.59104655,1.03977948
0.00177366,0.98169951,0.13828168,0.99854182,0.33124603,1.01345204,0.47808104,1.02698015,0.58379519,1.03942841
0.00173476,0.98169144,0.13877780,0.99850435,0.33443607,1.01338726,0.48271355,1.02689373,0.58822142,1.03932867
0.00171288,0.98184970,0.13675139,0.99872847,0.32892448,1.01368474,0.47432146,1.02727315,0.57756304,1.03979790
0.00166938,0.98199197,0.12802490,0.99897171,0.30225897,1.01401200,0.42631580,1.02767199,0.49406562,1.04026137
0.00163161,0.98221242,0.12964503,0.99922097,0.31139925,1.01426725,0.44788116,1.02791723,0.54138398,1.04048436
0.00144943,0.98206137,0.11764455,0.99901706,0.28385560,1.01403493,0.39953460,1.02767896,0.42136327,1.04026204
0.00137938,0.98198779,0.11734393,0.99897488,0.29356852,1.01404587,0.43315934,1.02774740,0.53519890,1.04038487
0.00144511,0.98202508,0.12414126,0.99901261,0.30892010,1.01409781,0.45110122,1.02782682,0.54903427,1.04050425
0.00137063,0.98184780,0.12401212,0.99884355,0.31528877,1.01392992,0.46321204,1.02765328,0.56547591,1.04031995
0.00123906,0.98196657,0.11508243,0.99896164,0.30126449,1.01404853,0.45004288,1.02777107,0.55534483,1.04043654
0.00118742,0.98206765,0.10953539,0.99899774,0.28953197,1.01401775,0.43297848,1.02767333,0.52858757,1.04027514
0.00125651,0.98199838,0.11407466,0.99890325,0.29954885,1.01391289,0.44885108,1.02757843,0.55394728,1.04020838
0.00095714,0.98193033,0.09061378,0.99887058,0.26367250,1.01391811,0.41510414,1.02762171,0.52375781,1.04028802
0.00065808,0.98197539,-0.07138015,0.99892090,-0.25032152,1.01398659,-0.40276483,1.02772160,-0.52491642,1.04043296
0.00058773,0.98173513,-0.09259702,0.99870969,-0.28713726,1.01377548,-0.44201654,1.02748967,-0.55725092,1.04016514
0.00062518,0.98154907,-0.08445401,0.99845313,-0.26752161,1.01346598,-0.40862600,1.02714791,-0.50560750,1.03981497
0.00104255,0.98169686,0.08472621,0.99859881,0.23587558,1.01361581,0.38691662,1.02730902,0.51298019,1.03999827
0.00084014,0.98198598,-0.05300356,0.99894461,-0.24377988,1.01399086,-0.39643118,1.02769677,-0.50855284,1.04038775
0.00057091,0.98167067,-0.09942761,0.99870176,-0.29513611,1.01380501,-0.44408887,1.02755327,-0.54927756,1.04027286
0.00059886,0.98165953,-0.08842183,0.99864706,-0.26723660,1.01372760,-0.39870790,1.02747728,-0.48339680,1.04022603
0.00054394,0.98141605,-0.09321048,0.99838283,-0.27740258,1.01343422,-0.42083193,1.02714745,-0.52819336,1.03984922
0.00073217,0.98156053,-0.06379876,0.99849532,-0.23657780,1.01349618,-0.37709320,1.02713290,-0.48964821,1.03972971
0.00064020,0.98162765,-0.07975963,0.99850926,-0.25295011,1.01347273,-0.37986821,1.02709063,-0.45279441,1.03968756
0.00074354,0.98147502,-0.07025746,0.99833244,-0.25777640,1.01326753,-0.41357587,1.02685149,-0.53482938,1.03940418
0.00055419,0.98137194,-0.08891008,0.99824495,-0.27552442,1.01319891,-0.42811337,1.02679932,-0.54623767,1.03935832
0.00067351,0.98117363,-0.08136251,0.99803099,-0.27183773,1.01297066,-0.42824633,1.02655691,-0.54877435,1.03910351
0.00052006,0.98113311,-0.09933228,0.99800172,-0.29293443,1.01292693,-0.44337802,1.02647811,-0.55363608,1.03897388
0.00057665,0.98112701,-0.08495190,0.99802500,-0.26570757,1.01298559,-0.40892922,1.02657628,-0.51502323,1.03911697
0.00058493,0.98112593,-0.09183667,0.99805060,-0.28771859,1.01303743,-0.44629618,1.02665234,-0.56609882,1.03920593
0.00051165,0.98099848,-0.10302899,0.99786729,-0.30796311,1.01279730,-0.47049547,1.02634694,-0.59058285,1.03882712
0.00051497,0.98083907,-0.10386563,0.99775435,-0.30870973,1.01274228,-0.46942102,1.02636112,-0.58661328,1.03892490
0.00087308,0.98089416,-0.05240309,0.99779429,-0.25997348,1.01278118,-0.42599764,1.02641353,-0.54831029,1.03900697
0.00050073,0.98088869,-0.10653304,0.99785861,-0.31409359,1.01292052,-0.47511497,1.02663041,-0.59112199,1.03930220
0.00049865,0.98055491,-0.10579098,0.99748900,-0.30997708,1.01251784,-0.46637706,1.02620156,-0.57710874,1.03885690
0.00065315,0.98087414,-0.08975275,0.99785105,-0.29263646,1.01288868,-0.45171393,1.02654885,-0.56484679,1.03914514
0.00047717,0.98072483,-0.10395603,0.99768713,-0.30575992,1.01271276,-0.46035622,1.02636863,-0.56850782,1.03897006
0.00053643,0.98047024,-0.10133421,0.99741969,-0.30561162,1.01244758,-0.46229991,1.02611541,-0.57195590,1.03873538
0.00032833,0.98044982,-0.12335682,0.99741210,-0.33793037,1.01243593,-0.49798942,1.02608666,-0.61029457,1.03867106
0.00044553,0.98038899,-0.11597089,0.99737566,-0.33091974,1.01242029,-0.49386583,1.02609816,-0.60903311,1.03872529
0.00029052,0.98058293,-0.12537422,0.99761797,-0.33991597,1.01271479,-0.49879527,1.02644199,-0.60873445,1.03911372
0.00042877,0.98061768,-0.11150515,0.99763082,-0.31628764,1.01270382,-0.47000555,1.02640466,-0.57632341,1.03904944
0.00034942,0.98090479,-0.12018914,0.99786621,-0.33123616,1.01287529,-0.48832178,1.02651079,-0.59687710,1.03909450
0.00023508,0.98114044,-0.12705305,0.99799580,-0.33897413,1.01290252,-0.49544898,1.02643254,-0.60386607,1.03890548
0.00052136,0.98106738,-0.10064502,0.99791943,-0.29585119,1.01282357,-0.44095380,1.02635351,-0.53476190,1.03883619
0.00049126,0.98121715,-0.10309228,0.99800082,-0.29920337,1.01283611,-0.44528658,1.02629475,-0.54225861,1.03870106
0.00040322,0.98134632,-0.11660097,0.99812858,-0.32438879,1.01298230,-0.47864313,1.02647104,-0.58463037,1.03891096
0.00029692,0.98128363,-0.12327364,0.99805797,-0.33110618,1.01292050,-0.48274254,1.02642951,-0.58570620,1.03889636
0.00058441,0.98116435,-0.09181250,0.99797930,-0.28318359,1.01288372,-0.42720707,1.02642951,-0.52162786,1.03892588
0.00040912,0.98114679,-0.10816215,0.99800900,-0.30715059,1.01293447,-0.45605968,1.02648880,-0.55712417,1.03898990
0.00027717,0.98119744,-0.12037486,0.99806259,-0.32701535,1.01299197,-0.48093842,1.02655090,-0.58802790,1.03905610
0.00023996,0.98126227,-0.12815402,0.99813936,-0.34094124,1.01311968,-0.49689095,1.02677058,-0.60423793,1.03941402
-0.00002311,0.98110820,-0.14200366,0.99801028,-0.35741532,1.01301889,-0.51212016,1.02670176,-0.61861513,1.03938289
0.00049078,0.98090021,-0.11245570,0.99780568,-0.31999826,1.01280964,-0.47381076,1.02647715,-0.57862332,1.03913407
0.00062378,0.98078856,-0.09873532,0.99773107,-0.30040908,1.01276898,-0.45206550,1.02646680,-0.55569023,1.03915085
0.00020619,0.98081950,-0.13558825,0.99775249,-0.35378745,1.01278570,-0.51300928,1.02648736,-0.62456214,1.03918942
0.00003307,0.98077027,-0.14632560,0.99765587,-0.36821338,1.01264349,-0.52761648,1.02629695,-0.63896800,1.03894473
-0.00006828,0.98059632,-0.14667694,0.99750681,-0.36426899,1.01254923,-0.52022013,1.02627400,-0.62939921,1.03900458
-0.00002806,0.98054942,-0.14423652,0.99753220,-0.36105408,1.01265343,-0.51710803,1.02646955,-0.62640749,1.03930313
0.00009634,0.98075536,-0.13406927,0.99773558,-0.34241270,1.01285206,-0.49176913,1.02665279,-0.59399814,1.03945343
-0.00004896,0.98088098,-0.14147745,0.99783473,-0.35293646,1.01290151,-0.50385347,1.02663848,-0.60798184,1.03936543
-0.00014237,0.98076284,-0.14433102,0.99771788,-0.35236927,1.01278564,-0.49656275,1.02651559,-0.59141556,1.03922163
0.00021794,0.98035985,-0.12592296,0.99726623,-0.32650701,1.01230770,-0.46815534,1.02602950,-0.56119334,1.03874049
0.00039599,0.98003442,-0.11573589,0.99699326,-0.31292962,1.01210506,-0.45207099,1.02591288,-0.53947557,1.03872277
0.00069527,0.97969159,-0.09030753,0.99669510,-0.28206049,1.01184270,-0.42081618,1.02567199,-0.50507966,1.03848449
0.00071063,0.97974856,-0.08874379,0.99674428,-0.28016039,1.01187741,-0.42010284,1.02568524,-0.50985995,1.03847175
0.00092246,0.97981455,-0.04592091,0.99685140,-0.23967699,1.01201252,-0.38038367,1.02584406,-0.47325022,1.03865535
0.00085946,0.98018592,-0.07918931,0.99724075,-0.28680897,1.01242758,-0.45089413,1.02629398,-0.57276374,1.03914896
0.00081367,0.98036734,-0.06850502,0.99739864,-0.25712057,1.01254609,-0.40508548,1.02636546,-0.51723842,1.03917137
0.00074841,0.98037759,-0.06603566,0.99742717,-0.24287131,1.01259124,-0.37906512,1.02642122,-0.48152071,1.03923265
0.00085878,0.98011851,0.02474045,0.99719090,-0.20257914,1.01237275,-0.32346159,1.02621654,-0.39951071,1.03904122
0.00088488,0.97997489,0.05897657,0.99705969,0.14494262,1.01226094,0.31502045,1.02612628,0.45212237,1.03897208
0.00099658,0.98002417,0.06978664,0.99708233,-0.12867047,1.01224818,-0.31726830,1.02606962,-0.45007443,1.03886172
0.00100123,0.97986930,0.06601022,0.99694177,-0.20900470,1.01210058,-0.38909864,1.02589695,-0.52364024,1.03865088
0.00107300,0.98011770,0.08015182,0.99721335,-0.11182025,1.01239711,-0.36406302,1.02622619,-0.51301091,1.03902251
0.00140558,0.98040696,0.11917998,0.99741760,0.30094944,1.01251547,0.45091990,1.02626160,0.56523221,1.03897807
0.00153685,0.98068279,0.13160550,0.99769762,0.32860880,1.01279402,0.48589199,1.02653307,0.60237952,1.03923675
0.00136306,0.98070462,0.12297583,0.99769550,0.31777852,1.01274855,0.47766489,1.02643057,0.59693043,1.03906868
0.00155573,0.98081568,0.13248890,0.99780384,0.32888201,1.01287547,0.48459981,1.02659236,0.59946543,1.03927967
0.00180561,0.98076738,0.14314889,0.99776918,0.34317834,1.01284298,0.49676249,1.02656009,0.60811109,1.03924759
0.00178978,0.98070265,0.14653146,0.99772628,0.35384160,1.01281786,0.51222607,1.02654266,0.62600966,1.03922553
0.00200502,0.98057537,0.15636500,0.99758094,0.36859081,1.01264947,0.52689639,1.02633835,0.63947059,1.03896635
0.00185016,0.98042821,0.15002536,0.99746059,0.35871721,1.01256125,0.51590242,1.02628768,0.62812158,1.03895827
0.00172270,0.98064364,0.14086698,0.99763890,0.34102903,1.01270289,0.49467688,1.02640071,0.60572549,1.03905856
0.00186749,0.98097121,0.14766647,0.99792475,0.35023538,1.01296716,0.50279633,1.02666253,0.61250288,1.03933686
0.00178742,0.98115845,0.13980958,0.99812401,0.33298782,1.01319142,0.48059610,1.02692543,0.58858645,1.03965251
0.00162516,0.98102478,0.13112077,0.99801559,0.31645136,1.01312333,0.45850869,1.02691414,0.56160610,1.03971249
0.00158002,0.98101107,0.12841460,0.99802703,0.30992954,1.01313535,0.44720666,1.02690816,0.54280322,1.03967351
0.00178493,0.98097905,0.13914815,0.99796038,0.33011934,1.01303916,0.47388934,1.02679265,0.57606750,1.03955488
0.00196131,0.98089187,0.14821004,0.99781283,0.34672055,1.01281936,0.49532008,1.02649838,0.60259964,1.03918937
0.00163358,0.98086270,0.13097818,0.99775900,0.31534669,1.01272949,0.45724426,1.02635307,0.56125976,1.03896197
0.00159795,0.98095704,0.12939593,0.99782812,0.31295802,1.01277216,0.45596225,1.02637206,0.56268690,1.03896056
0.00144126,0.98084708,0.12336805,0.99765762,0.30559414,1.01253167,0.44944342,1.02603963,0.55635327,1.03850416
0.00142213,0.98090357,0.12538268,0.99774727,0.31757806,1.01265824,0.47263916,1.02620581,0.58806112,1.03871307
0.00136273,0.98098648,0.12532008,0.99788511,0.32232651,1.01285570,0.48168830,1.02646888,0.59958795,1.03905061
0.00119476,0.98139056,0.11326977,0.99830073,0.30199181,1.01326689,0.45937458,1.02686065,0.57671879,1.03940698
0.00084167,0.98127645,0.07875674,0.99818338,0.25619521,1.01315303,0.42889681,1.02675380,0.56093960,1.03930902
0.00076921,0.98131965,0.05710945,0.99825042,0.22842835,1.01325229,0.41774549,1.02689212,0.56145198,1.03949928
0.00069749,0.98163777,-0.02880880,0.99852976,0.20133069,1.01348229,0.40852561,1.02706863,0.55772410,1.03962376
0.00041516,0.98165240,-0.09151786,0.99854382,-0.24148046,1.01351573,0.31497616,1.02713952,0.52575155,1.03974657
0.00069875,0.98181431,-0.05172499,0.99870959,0.15719718,1.01369273,0.39836012,1.02734265,0.55420503,1.03999980
0.00075505,0.98195640,-0.05553815,0.99887849,-0.19563368,1.01387866,0.34053218,1.02753927,0.51936916,1.04019649
0.00075584,0.98195418,-0.05068200,0.99891371,-0.19547316,1.01396137,0.30684280,1.02767077,0.49296446,1.04036843
0.00080157,0.98187548,-0.05528429,0.99879147,-0.22662466,1.01378836,-0.34670630,1.02743332,-0.37450085,1.04004661
0.00082502,0.98189650,-0.04925892,0.99877575,-0.22295415,1.01373640,-0.34286291,1.02734073,-0.21961866,1.03990851
0.00122807,0.98208413,0.09532691,0.99896611,0.24049740,1.01394301,0.37182215,1.02757967,0.48483005,1.04019638
0.00117737,0.98212113,0.08445901,0.99902785,0.19167748,1.01403902,0.29979467,1.02771631,0.45591714,1.04037577
0.00098409,0.98233359,-0.05088683,0.99933480,-0.26331589,1.01441154,-0.42578600,1.02813223,-0.54005797,1.04081908
0.00129862,0.98246117,0.09044672,0.99937394,0.15324958,1.01437970,-0.35824931,1.02803009,-0.49327942,1.04063926
0.00135212,0.98246356,0.09316988,0.99934723,0.13851482,1.01431515,-0.37203120,1.02790830,-0.50905871,1.04043600
0.00122804,0.98257162,0.08527451,0.99946706,0.12293091,1.01444140,-0.34340777,1.02803700,-0.46245522,1.04056507
0.00125713,0.98261637,0.09000517,0.99954973,0.10022804,1.01455077,-0.38004967,1.02817414,-0.52194012,1.04074110
0.00109351,0.98256530,0.07305300,0.99954171,-0.21311578,1.01459504,-0.40212542,1.02827819,-0.53507246,1.04091040
0.00088994,0.98252086,-0.02567324,0.99952381,-0.24213182,1.01460374,-0.40546569,1.02830977,-0.52237647,1.04095932
0.00089446,0.98244769,0.05703719,0.99941701,-0.18546258,1.01446002,-0.33571568,1.02812581,-0.41897464,1.04073081
0.00108000,0.98221291,0.08628215,0.99915217,0.20933034,1.01416596,0.29822017,1.02779732,0.39400079,1.04035816
0.00107695,0.98223400,0.08642844,0.99912348,0.21591297,1.01406676,0.32781690,1.02760217,0.44093084,1.04003932
0.00085555,0.98221729,-0.02863815,0.99908988,-0.24430803,1.01404174,-0.41285388,1.02760604,-0.53659685,1.04009076
0.00057917,0.98204492,-0.08456246,0.99891410,-0.27788286,1.01385687,-0.43969060,1.02740196,-0.56251359,1.03985486
0.00046385,0.98238106,-0.09649153,0.99924891,-0.28996191,1.01419824,-0.44722881,1.02775384,-0.56593910,1.04022232
0.00053308,0.98248499,-0.08479836,0.99934220,-0.26706144,1.01427104,-0.41653011,1.02780234,-0.53071382,1.04024935
0.00086239,0.98239926,0.07568776,0.99919456,0.22546791,1.01408207,0.37496121,1.02758651,0.49525641,1.04001474
0.00099015,0.98227705,0.09399929,0.99913965,0.26290164,1.01405860,0.41078440,1.02757053,0.52332536,1.03999106
0.00077305,0.98222722,-0.03144763,0.99905148,-0.21863670,1.01391692,-0.37503216,1.02736225,-0.49964081,1.03970320
0.00087547,0.98239734,0.06522792,0.99920815,-0.10759563,1.01407474,-0.33558168,1.02753294,-0.48624127,1.03989581
0.00054373,0.98224502,-0.08431763,0.99907036,-0.27007210,1.01396293,-0.42757741,1.02745956,-0.55088769,1.03987358
0.00056343,0.98230684,-0.09149291,0.99911303,-0.28844491,1.01400012,-0.45044237,1.02750137,-0.57296416,1.03992901
0.00061578,0.98282394,-0.09462216,0.99965083,-0.30083774,1.01456169,-0.46780387,1.02808721,-0.59133327,1.04053674
0.00089853,0.98292634,0.02809179,0.99972339,-0.24831328,1.01461835,-0.42544807,1.02813606,-0.55661249,1.04058486
0.00105444,0.98279323,0.08852749,0.99952748,0.22549622,1.01438221,0.32525059,1.02787017,-0.34380625,1.04028878
0.00077582,0.98285369,-0.06143755,0.99950501,-0.26006528,1.01429426,-0.42468743,1.02773350,-0.54673417,1.04011674
0.00062869,0.98301926,-0.07164577,0.99972329,-0.25029964,1.01454167,-0.39840764,1.02798991,-0.51012285,1.04036543
0.00070300,0.98284156,-0.06711982,0.99957125,-0.25751815,1.01439774,-0.41784378,1.02783540,-0.53943555,1.04018452
0.00036762,0.98295281,-0.10193231,0.99967174,-0.29185767,1.01448801,-0.44245496,1.02791904,-0.55544182,1.04026688
0.00025419,0.98292604,-0.11536696,0.99960737,-0.31725269,1.01439083,-0.47467831,1.02779889,-0.59131751,1.04013404
0.00025322,0.98282823,-0.11261564,0.99954166,-0.31094170,1.01435957,-0.46821445,1.02780595,-0.58714877,1.04018551
0.00011881,0.98272119,-0.11795038,0.99938038,-0.31253688,1.01414224,-0.46500915,1.02753321,-0.58154759,1.03986079
-0.00027097,0.98280343,-0.13561809,0.99947170,-0.33276926,1.01422433,-0.47949328,1.02758740,-0.58775038,1.03986687
-0.00030940,0.98289089,-0.13756679,0.99949980,-0.33485080,1.01422183,-0.47902302,1.02757375,-0.58264113,1.03985386
-0.00056538,0.98293837,-0.15090909,0.99956598,-0.35748336,1.01431104,-0.50647753,1.02768624,-0.61252679,1.03998662
-0.00059904,0.98291945,-0.15109617,0.99951888,-0.35680568,1.01422482,-0.50507375,1.02756628,-0.61059438,1.03984728
-0.00058580,0.98284633,-0.14919777,0.99946924,-0.35237974,1.01419288,-0.49846768,1.02754813,-0.60190574,1.03984407
-0.00077522,0.98280225,-0.15564358,0.99950030,-0.36098875,1.01429734,-0.50767396,1.02773548,-0.61187456,1.04012674
-0.00028748,0.98285571,-0.13451033,0.99960392,-0.32976621,1.01443690,-0.47301941,1.02788914,-0.57526948,1.04026842
-0.00045979,0.98284119,-0.14306823,0.99956980,-0.34626013,1.01438434,-0.49742893,1.02782083,-0.60778766,1.04018723
-0.00035219,0.98292888,-0.13748554,0.99966855,-0.33781455,1.01451505,-0.48919508,1.02799775,-0.60129627,1.04041886
-0.00046941,0.98285298,-0.14164523,0.99956929,-0.33769745,1.01438771,-0.47961701,1.02783080,-0.58133087,1.04019779
-0.00025597,0.98290799,-0.12846921,0.99959485,-0.31105921,1.01437964,-0.43748428,1.02778827,-0.51424987,1.04012447
-0.00012533,0.98292430,-0.12318569,0.99962746,-0.30799361,1.01442465,-0.44329435,1.02784944,-0.53809792,1.04020747
-0.00024019,0.98331759,-0.13405716,1.00005525,-0.33467672,1.01487668,-0.48664127,1.02832273,-0.59893338,1.04070185
-0.00025946,0.98316128,-0.13437346,0.99990666,-0.33378215,1.01477700,-0.48490572,1.02831295,-0.59768731,1.04082093
-0.00030055,0.98344039,-0.13784531,1.00022859,-0.34098111,1.01513678,-0.49457992,1.02870032,-0.60867234,1.04122444
-0.00030929,0.98324359,-0.13757736,1.00005814,-0.34021034,1.01499763,-0.49357459,1.02859643,-0.60757034,1.04115832
-0.00062722,0.98309746,-0.15453558,0.99989098,-0.36692860,1.01478403,-0.52184088,1.02832149,-0.63327604,1.04081145
-0.00068082,0.98297307,-0.15450311,0.99982302,-0.36280937,1.01477568,-0.51384669,1.02837638,-0.62339492,1.04093338
-0.00080801,0.98268665,-0.15771958,0.99955428,-0.36400357,1.01452176,-0.51102170,1.02813064,-0.61642463,1.04068927
-0.00089433,0.98254268,-0.15908280,0.99949637,-0.36475317,1.01454454,-0.51250447,1.02823238,-0.62034915,1.04086741
-0.00084883,0.98263285,-0.15832343,0.99959934,-0.36358870,1.01463732,-0.50978387,1.02829365,-0.61487990,1.04087734
-0.00100058,0.98249714,-0.16390512,0.99950090,-0.37119435,1.01458894,-0.51669978,1.02830233,-0.61968335,1.04094837
-0.00122285,0.98268631,-0.17194729,0.99969989,-0.38343470,1.01479844,-0.53030244,1.02853200,-0.63314702,1.04121353
-0.00109463,0.98261095,-0.16805390,0.99969702,-0.37728380,1.01488218,-0.52231072,1.02871855,-0.62340392,1.04152458
-0.00094158,0.98231973,-0.16111713,0.99932428,-0.36578332,1.01440617,-0.50851806,1.02811863,-0.60873102,1.04078165
-0.00070513,0.98220973,-0.15290852,0.99927646,-0.35400970,1.01441359,-0.49466582,1.02816921,-0.59186695,1.04085937
-0.00075503,0.98226461,-0.15540464,0.99935199,-0.35610413,1.01453250,-0.49341839,1.02834441,-0.58485285,1.04110059
-0.00096071,0.98222059,-0.16445107,0.99922429,-0.37015418,1.01434113,-0.50881736,1.02810432,-0.59932476,1.04082094
-0.00075897,0.98222252,-0.15613429,0.99927386,-0.35564234,1.01442860,-0.48793930,1.02822242,-0.56668052,1.04096536
-0.00079030,0.98227514,-0.15811424,0.99930287,-0.36127648,1.01440848,-0.49987092,1.02813361,-0.59123968,1.04079396
-0.00099929,0.98219238,-0.16598921,0.99920727,-0.37270635,1.01429216,-0.51258085,1.02798881,-0.60468074,1.04061377
-0.00093427,0.98210579,-0.16508681,0.99906339,-0.37332530,1.01409439,-0.51572512,1.02773201,-0.61141107,1.04028764
-0.00060661,0.98188973,-0.15330234,0.99878035,-0.35795442,1.01378049,-0.50095238,1.02741688,-0.59867781,1.03999600
-0.00088354,0.98211390,-0.16574637,0.99898422,-0.37804950,1.01395082,-0.52513225,1.02754613,-0.62635776,1.04008156
-0.00092833,0.98216208,-0.16797423,0.99912014,-0.38132605,1.01415571,-0.52834328,1.02780197,-0.62883650,1.04037130
-0.00063400,0.98200605,-0.15611217,0.99897221,-0.36320149,1.01401025,-0.50752649,1.02766751,-0.60656431,1.04026410
-0.00097727,0.98182070,-0.17017508,0.99876904,-0.38510627,1.01378606,-0.53340314,1.02742266,-0.63563807,1.03999783
-0.00084760,0.98187045,-0.16512826,0.99881464,-0.37783370,1.01383140,-0.52621086,1.02746264,-0.62983582,1.04001949
-0.00051763,0.98176772,-0.15067064,0.99880706,-0.35487834,1.01389650,-0.49932587,1.02758125,-0.60089693,1.04017982
-0.00041226,0.98190119,-0.14540592,0.99892383,-0.34530974,1.01398558,-0.48565299,1.02763069,-0.58250281,1.04017639
-0.00040036,0.98240742,-0.14182682,0.99942409,-0.33581565,1.01447121,-0.46918979,1.02809367,-0.55635499,1.04060983
-0.00026562,0.98226777,-0.13664110,0.99928105,-0.32934282,1.01433882,-0.46225985,1.02798263,-0.54748189,1.04052753
-0.00019563,0.98215440,-0.13058311,0.99904976,-0.31695940,1.01399600,-0.44493590,1.02753982,-0.52501949,1.03999690
-0.00032606,0.98223134,-0.14531027,0.99914473,-0.34986041,1.01411089,-0.49527824,1.02768270,-0.59668596,1.04017723
-0.00035592,0.98231287,-0.14788462,0.99923496,-0.35422846,1.01421841,-0.50015961,1.02781404,-0.60147332,1.04033732
-0.00030625,0.98223969,-0.14829032,0.99912062,-0.35801229,1.01404645,-0.50773360,1.02757253,-0.61297830,1.04001927
-0.00017773,0.98207496,-0.14316589,0.99895127,-0.35438297,1.01387229,-0.50863041,1.02739159,-0.61883234,1.03982868
-0.00008034,0.98186015,-0.14324114,0.99876566,-0.35827159,1.01373501,-0.51445165,1.02731020,-0.62459099,1.03980280
0.00007504,0.98196446,-0.13357787,0.99889895,-0.34586114,1.01386036,-0.50429829,1.02739508,-0.61849693,1.03981884
0.00034254,0.98197145,-0.11779072,0.99893104,-0.32484606,1.01390201,-0.48210527,1.02744144,-0.59596064,1.03987088
0.00036065,0.98151236,-0.11884252,0.99840001,-0.32902736,1.01330992,-0.48927704,1.02680122,-0.60565158,1.03919576
0.00050843,0.98170214,-0.11434442,0.99857469,-0.32894416,1.01347841,-0.49261992,1.02697390,-0.61058715,1.03938564
0.00091430,0.98179224,-0.07711839,0.99868732,-0.29955581,1.01361673,-0.47531501,1.02714201,-0.60326530,1.03958785
0.00087411,0.98171282,-0.06397718,0.99865827,-0.27592108,1.01362953,-0.44749089,1.02717952,-0.57571904,1.03962847
0.00106097,0.98147718,0.07084686,0.99847228,-0.21846910,1.01349824,-0.40966152,1.02710708,-0.55064920,1.03961826
0.00097095,0.98142690,0.05901126,0.99847100,-0.22631512,1.01355221,-0.41044666,1.02722548,-0.55252005,1.03981168
0.00116692,0.98139997,0.08674041,0.99843314,0.13684704,1.01348575,-0.37810459,1.02711162,-0.53626814,1.03963269
0.00152950,0.98156470,0.11874384,0.99853474,0.28132290,1.01353706,0.39714524,1.02712514,0.42884102,1.03961711
0.00127433,0.98149520,0.10618159,0.99851252,0.27185668,1.01356546,0.41179121,1.02720704,0.51260552,1.03975281
0.00156377,0.98150719,0.12479054,0.99846606,0.30640996,1.01345682,0.45173429,1.02703485,0.55736461,1.03951876
0.00170087,0.98146133,0.13096699,0.99848709,0.31591383,1.01353464,0.46178130,1.02716719,0.56787846,1.03970801
0.00160207,0.98135244,0.12859077,0.99839004,0.31474005,1.01346911,0.46215345,1.02714462,0.56915974,1.03973425
0.00164687,0.98123352,0.13074159,0.99825271,0.32013254,1.01330754,0.47125072,1.02695742,0.58258892,1.03952231
0.00136354,0.98107470,0.11363890,0.99813876,0.29436606,1.01322595,0.45134454,1.02689398,0.57244271,1.03946397
0.00143143,0.98096109,0.12000085,0.99804380,0.30792148,1.01313622,0.46712848,1.02680444,0.58845340,1.03937693
0.00127373,0.98100285,0.10549299,0.99802090,0.27469495,1.01304997,0.42867688,1.02666097,0.55291798,1.03918352
0.00100273,0.98068826,0.05740973,0.99771575,-0.19908124,1.01276065,-0.31927974,1.02639318,0.41616989,1.03894457
0.00092477,0.98089795,0.04902642,0.99796142,-0.18196448,1.01306700,0.29602545,1.02678043,0.49316548,1.03943199
0.00065944,0.98069698,-0.09744340,0.99778890,-0.30196124,1.01291617,-0.45589660,1.02664782,-0.56260118,1.03931335
0.00086586,0.98073286,-0.07720110,0.99792149,-0.28759737,1.01312690,-0.44834139,1.02691392,-0.56025078,1.03961123
0.00075051,0.98092531,-0.08151069,0.99817484,-0.28168090,1.01342942,-0.43381939,1.02725402,-0.53658903,1.03997681
0.00039269,0.98114735,-0.11078098,0.99833174,-0.31229673,1.01353607,-0.46472091,1.02732318,-0.57305164,1.04001978
0.00031059,0.98135698,-0.11942160,0.99852434,-0.32558823,1.01371468,-0.47922518,1.02749049,-0.58763841,1.04017880
0.00012334,0.98133438,-0.12862351,0.99851942,-0.33335526,1.01372219,-0.48262256,1.02751351,-0.58722308,1.04022317
0.00004836,0.98144588,-0.13628986,0.99870981,-0.34709883,1.01398545,-0.49979551,1.02783612,-0.60691432,1.04058446
-0.00003942,0.98151003,-0.13991001,0.99873028,-0.35088643,1.01394960,-0.50264724,1.02773360,-0.60869427,1.04040470
0.00027770,0.98122559,-0.11942038,0.99843484,-0.32084223,1.01364342,-0.46936800,1.02741342,-0.57401618,1.04006485
0.00039505,0.98121516,-0.10809678,0.99849208,-0.30186598,1.01377476,-0.44621852,1.02762346,-0.54890802,1.04035892
0.00018671,0.98103058,-0.12533655,0.99825528,-0.32614261,1.01347876,-0.47001407,1.02726097,-0.56832639,1.03992542
0.00003380,0.98094093,-0.13417490,0.99820329,-0.34033300,1.01346626,-0.48826053,1.02728839,-0.59077577,1.03999240
0.00001797,0.98090052,-0.13762713,0.99824671,-0.34854262,1.01358681,-0.50152151,1.02748867,-0.61043316,1.04027906
-0.00000149,0.98068583,-0.13885205,0.99800591,-0.35087450,1.01332259,-0.50479789,1.02719859,-0.61429534,1.03995831
0.00012204,0.98069478,-0.13042790,0.99807142,-0.33670460,1.01344575,-0.48745382,1.02738504,-0.59482691,1.04021889
-0.00015680,0.98052135,-0.14142324,0.99795772,-0.34624001,1.01337248,-0.49039500,1.02733633,-0.58891989,1.04017977
-0.00029259,0.98040240,-0.14663417,0.99782016,-0.35317228,1.01320505,-0.49732016,1.02713003,-0.59449704,1.03992796
-0.00020644,0.98036354,-0.14228220,0.99777729,-0.34700403,1.01314843,-0.49088057,1.02704750,-0.58880778,1.03980561
-0.00001256,0.98032849,-0.13050425,0.99767987,-0.32848419,1.01301076,-0.46944731,1.02689733,-0.56603316,1.03967756
0.00002663,0.98053781,-0.12711153,0.99788755,-0.32180047,1.01320519,-0.45948237,1.02706733,-0.55169607,1.03981154
-0.00012540,0.98067479,-0.13054768,0.99808914,-0.31850805,1.01346667,-0.44070643,1.02737925,-0.49155747,1.04016374
0.00020518,0.98073277,-0.11023630,0.99818876,-0.28803694,1.01363317,-0.40789456,1.02762829,-0.46800063,1.04050428
0.00006284,0.98027790,-0.12328638,0.99776699,-0.31348797,1.01324788,-0.44679546,1.02728639,-0.53423213,1.04021014
0.00031404,0.98015819,-0.10262999,0.99765439,-0.27821043,1.01313796,-0.39615521,1.02718184,-0.44001778,1.04011302
0.00045240,0.98019696,-0.09326201,0.99761658,-0.26410364,1.01302561,-0.36305283,1.02699938,0.45448923,1.03986800
0.00036560,0.98016203,-0.10531362,0.99758799,-0.28967069,1.01300748,-0.41456208,1.02699164,-0.46314473,1.03986713
0.00018791,0.98038005,-0.11999525,0.99770199,-0.31609088,1.01301651,-0.45571095,1.02689329,-0.54623363,1.03966001
0.00026025,0.98053354,-0.11541911,0.99785366,-0.30784231,1.01316519,-0.44173010,1.02703380,-0.51886843,1.03978375
0.00013347,0.98063736,-0.12591456,0.99792935,-0.32581372,1.01319837,-0.46736088,1.02701301,-0.56076067,1.03970055
0.00047339,0.98069821,-0.10331347,0.99794402,-0.29647151,1.01317859,-0.43394643,1.02695798,-0.51461634,1.03960163
0.00089945,0.98053257,0.06922801,0.99781291,0.21034783,1.01306734,0.39269630,1.02685855,0.54097970,1.03951347
0.00108903,0.98013545,0.09164133,0.99728160,0.24592468,1.01239486,0.40492619,1.02604512,0.54092191,1.03856346
0.00110270,0.98040827,0.08711279,0.99751475,0.21388635,1.01258589,0.35031733,1.02619098,0.49015584,1.03866301
0.00104716,0.98058102,0.06534935,0.99770104,-0.22328761,1.01276483,-0.38739193,1.02634768,-0.49201564,1.03878281
0.00084347,0.98059208,-0.05844163,0.99774471,-0.26500932,1.01284883,-0.42428566,1.02647521,-0.53430496,1.03895398
0.00094795,0.98041709,0.04767393,0.99763140,-0.24549089,1.01280329,-0.41698716,1.02650384,-0.53886390,1.03906615
0.00135277,0.98046406,0.10354160,0.99767537,0.22097232,1.01287041,-0.33800251,1.02661771,-0.50292872,1.03925245
0.00112361,0.98065420,0.08343866,0.99784457,-0.17965780,1.01300058,-0.39018554,1.02669042,-0.52775357,1.03924839
0.00120152,0.98075728,0.09955385,0.99796818,0.23628612,1.01315454,0.29069237,1.02688106,-0.46367325,1.03948179
0.00128999,0.98071740,0.10684126,0.99791593,0.26374066,1.01311011,0.39169394,1.02686560,0.49353537,1.03951541
0.00120206,0.98072310,0.09652592,0.99791819,0.22570516,1.01310886,0.27691076,1.02686358,-0.43354992,1.03951437
0.00136877,0.98041834,0.11319990,0.99751617,0.27355253,1.01265522,0.39159704,1.02638555,0.46126825,1.03902690
0.00147391,0.98056466,0.12369066,0.99762093,0.30051277,1.01271809,0.43631069,1.02640802,0.53379507,1.03900875
0.00129544,0.98050383,0.11089193,0.99756358,0.27376343,1.01266523,0.40008690,1.02635999,0.48750778,1.03896546
0.00127999,0.98058485,0.11130619,0.99762368,0.27294930,1.01270873,0.39225822,1.02639477,0.46151938,1.03900320
0.00132580,0.98058439,0.11761129,0.99759612,0.29417837,1.01265114,0.43343570,1.02630932,0.53476985,1.03889420
0.00152793,0.98076742,0.13329089,0.99781895,0.32671341,1.01290887,0.47718569,1.02659393,0.58819132,1.03919695
0.00160335,0.98060119,0.13424530,0.99761831,0.32455080,1.01268218,0.47145892,1.02633456,0.57955717,1.03888854
0.00134680,0.98049287,0.11655747,0.99751041,0.28685306,1.01258217,0.42090023,1.02625325,0.52150068,1.03883987
0.00140841,0.98067101,0.11646223,0.99768831,0.27876209,1.01273093,0.40006571,1.02635928,0.48431750,1.03889547
0.00138101,0.98070576,0.11717105,0.99773180,0.28544028,1.01277805,0.41756549,1.02641255,0.51717818,1.03895962
0.00168861,0.98077107,0.12877871,0.99778418,0.29386373,1.01282257,0.40502023,1.02645648,0.45466507,1.03901237
0.00160640,0.98038029,0.12654609,0.99733877,0.29306623,1.01230840,0.40924716,1.02586408,0.47688230,1.03833749
0.00159789,0.98024182,0.13022338,0.99714960,0.30806493,1.01205963,0.43910057,1.02554944,0.52881790,1.03795144
0.00175123,0.98024570,0.13560183,0.99720795,0.31288067,1.01216645,0.43832122,1.02570141,0.51774153,1.03814511
0.00196218,0.98010955,0.14373887,0.99703675,0.32638608,1.01195729,0.45556153,1.02544912,0.54064553,1.03784505
0.00206140,0.98000554,0.14918219,0.99692334,0.33672826,1.01182302,0.46789296,1.02528595,0.55257488,1.03764942
0.00191838,0.98016951,0.14302841,0.99708693,0.32910465,1.01200289,0.46479963,1.02550239,0.55945349,1.03792016
0.00200445,0.97986103,0.14373441,0.99678647,0.32646568,1.01171331,0.45611612,1.02522558,0.54019705,1.03765666
0.00195936,0.97983539,0.13845187,0.99673573,0.31458937,1.01163864,0.44022923,1.02512713,0.52138848,1.03753655
0.00168558,0.97960690,0.12093775,0.99653297,0.26731924,1.01147490,0.28693839,1.02501579,-0.51346542,1.03749269
0.00184865,0.97977715,0.13179033,0.99685048,0.29655850,1.01191304,0.40153601,1.02555955,0.33989540,1.03813439
0.00159441,0.97960262,0.11733084,0.99667243,0.26293208,1.01172850,0.31729113,1.02536219,-0.49024589,1.03791683
0.00165301,0.97972283,0.12674318,0.99684534,0.29417332,1.01193571,0.40991155,1.02558922,0.45715854,1.03815083
0.00170288,0.98000108,0.12910871,0.99715142,0.29870881,1.01226680,0.41842076,1.02593780,0.48357639,1.03850544
0.00165452,0.97980320,0.12999268,0.99697256,0.30963858,1.01211577,0.44896869,1.02581826,0.55257453,1.03842053
0.00162528,0.97968743,0.12691290,0.99688036,0.30323046,1.01206397,0.43955055,1.02582432,0.53893492,1.03850116
0.00125204,0.97960499,0.10513550,0.99685021,0.26320668,1.01207433,0.39032662,1.02586847,0.47941126,1.03856997
0.00125456,0.97958365,0.10254463,0.99674685,0.25067013,1.01189208,0.35958971,1.02561112,0.39201123,1.03824029
0.00116909,0.97954595,0.09617040,0.99671779,0.23751960,1.01187216,0.33987286,1.02559673,-0.35325902,1.03822535
0.00130227,0.97962684,0.11340381,0.99683622,0.28724340,1.01201753,0.42705339,1.02575422,0.52732639,1.03837803
0.00137245,0.97949835,0.11959170,0.99667748,0.29920180,1.01183433,0.44007224,1.02555348,0.53964682,1.03816819
0.00134162,0.97952755,0.11141832,0.99677112,0.26877633,1.01198859,0.37224830,1.02576758,-0.41838028,1.03844704
0.00108408,0.97959067,0.08826739,0.99685717,0.20197016,1.01209968,-0.33116346,1.02589975,-0.50764123,1.03859495
0.00124317,0.97950855,0.09983413,0.99670095,0.22019932,1.01187867,-0.35774795,1.02561844,-0.53570139,1.03825984
0.00102912,0.97983863,0.07433048,0.99702091,-0.21277292,1.01221040,-0.41156802,1.02597921,-0.55284717,1.03866125
0.00080928,0.97996064,0.03292784,0.99710805,-0.22445372,1.01227376,-0.39412761,1.02603083,-0.52627459,1.03871844
0.00084714,0.97998184,0.06257736,0.99715554,-0.17695747,1.01235941,-0.37155019,1.02616250,-0.51893617,1.03890074
0.00107628,0.97961320,0.08986320,0.99674494,0.21898907,1.01189621,-0.18219828,1.02563464,-0.47411598,1.03829272
0.00087837,0.97971116,0.05063828,0.99682052,-0.21863888,1.01194048,-0.39391918,1.02563706,-0.52896368,1.03824093
0.00087630,0.97961959,0.04994250,0.99676077,-0.22252596,1.01194253,-0.40071483,1.02571722,-0.53774102,1.03840501
0.00100637,0.97962774,0.06416981,0.99672324,-0.23111137,1.01186971,-0.42128194,1.02561327,-0.56156409,1.03827314
0.00073037,0.97959541,-0.05973234,0.99671328,-0.25131358,1.01187645,-0.41950283,1.02563122,-0.55278692,1.03829492
0.00083349,0.97932011,0.05014983,0.99637800,-0.19980735,1.01149141,-0.37774080,1.02519974,-0.52325728,1.03781946
0.00115659,0.97957923,0.09932201,0.99667489,0.24673648,1.01182412,0.31930160,1.02557323,-0.48830416,1.03824322
0.00123084,0.97978192,0.10451213,0.99690065,0.25678519,1.01207100,0.35231714,1.02584896,-0.45127920,1.03855969
0.00140155,0.97974234,0.11572846,0.99687082,0.27850903,1.01203329,0.38971019,1.02578866,0.37569550,1.03846459
0.00143455,0.97972515,0.11947506,0.99683390,0.29148749,1.01200040,0.41904667,1.02578084,0.49579767,1.03849578
0.00160690,0.97976396,0.12807244,0.99689156,0.30696356,1.01208775,0.44049255,1.02590989,0.52936629,1.03868066
0.00156641,0.97987443,0.12449665,0.99699684,0.29947363,1.01217174,0.43049362,1.02595084,0.51641007,1.03865393
0.00181612,0.97989955,0.13756920,0.99699713,0.32406137,1.01215074,0.46440897,1.02590568,0.56424928,1.03857856
0.00178982,0.97989159,0.13730326,0.99693293,0.32493816,1.01204145,0.46583902,1.02575976,0.56480650,1.03840569
0.00189462,0.97997839,0.14016801,0.99711342,0.32460702,1.01232183,0.45859272,1.02613944,0.54886990,1.03887534
0.00193698,0.98006843,0.14433300,0.99717619,0.33344382,1.01236367,0.47099580,1.02617100,0.56602013,1.03890830
0.00217681,0.97996040,0.15338711,0.99706893,0.34751152,1.01226208,0.48760354,1.02608018,0.58605751,1.03883579
0.00188926,0.97977642,0.13823261,0.99694420,0.31582239,1.01221022,0.43989642,1.02611258,0.51390500,1.03896370
0.00180055,0.97987798,0.13009366,0.99694620,0.29447160,1.01211859,0.40101774,1.02592167,0.40903883,1.03865959
0.00189341,0.97994471,0.13909223,0.99700986,0.32168488,1.01215900,0.45685776,1.02592208,0.55422923,1.03860297
0.00185335,0.98007453,0.13820438,0.99721173,0.32132433,1.01238621,0.45756226,1.02613602,0.55580543,1.03877201
0.00190716,0.97999549,0.14417037,0.99711368,0.33612570,1.01227401,0.47989227,1.02601220,0.58497608,1.03863920
0.00196769,0.97990702,0.14853141,0.99704323,0.34548379,1.01222237,0.49329747,1.02598527,0.60233117,1.03864773
0.00218325,0.98003162,0.15916192,0.99713620,0.36519448,1.01228830,0.51754712,1.02602955,0.62804947,1.03867978
0.00222750,0.98000338,0.15875433,0.99720199,0.36305977,1.01245052,0.51419683,1.02628759,0.62378133,1.03903398
0.00212146,0.97990298,0.15572695,0.99709989,0.35866683,1.01234746,0.50906877,1.02618610,0.61797582,1.03894126
0.00177789,0.98006820,0.13669805,0.99734664,0.32098080,1.01263325,0.45948453,1.02648618,0.56021011,1.03924345
0.00157423,0.98021388,0.12247576,0.99748544,0.28759401,1.01276343,0.40645350,1.02660307,0.47982928,1.03934063
0.00119662,0.98034187,0.09255641,0.99752718,0.18828950,1.01271435,-0.35221227,1.02645953,-0.50225596,1.03909577
0.00121234,0.98041787,0.09332616,0.99758195,0.18360395,1.01275383,-0.35966831,1.02648457,-0.50781635,1.03910253
0.00126524,0.98028741,0.10397403,0.99744759,0.25108651,1.01260249,0.36291247,1.02629646,0.44810895,1.03885685
0.00134921,0.98003884,0.11494917,0.99716438,0.29025539,1.01228980,0.43760463,1.02595286,0.55424328,1.03847539
0.00164724,0.98024115,0.13616517,0.99739527,0.33004963,1.01255244,0.48229657,1.02625339,0.59709811,1.03881872
0.00143996,0.98024927,0.12661374,0.99746127,0.31791535,1.01267318,0.47321411,1.02642233,0.59188919,1.03902608
0.00148483,0.98008878,0.12317677,0.99727315,0.30135123,1.01245428,0.44501413,1.02616999,0.55850828,1.03873815
0.00166286,0.98011023,0.13798689,0.99729062,0.33410266,1.01250939,0.48709587,1.02629904,0.60200812,1.03897338
0.00162620,0.98020246,0.13905664,0.99740167,0.33953618,1.01263016,0.49593117,1.02643217,0.61256545,1.03913062
0.00174340,0.98011328,0.14358474,0.99728820,0.34671979,1.01252490,0.50394319,1.02635762,0.62023617,1.03910499
0.00162611,0.98038217,0.13904440,0.99756459,0.34185234,1.01280608,0.50093541,1.02664831,0.61884779,1.03941235
0.00156165,0.98031405,0.13077531,0.99753619,0.32225566,1.01283957,0.47497923,1.02675795,0.59036056,1.03960647
0.00179993,0.98035116,0.14127582,0.99759442,0.33846804,1.01291863,0.49158048,1.02686193,0.60518941,1.03974144
0.00191128,0.98036736,0.14969506,0.99759816,0.35497046,1.01290903,0.51162530,1.02684561,0.62659026,1.03973281
0.00200669,0.98046724,0.15390863,0.99767956,0.36128467,1.01297922,0.51726586,1.02690347,0.63003650,1.03977073
0.00204843,0.98081203,0.15727936,0.99803484,0.36809963,1.01332446,0.52536625,1.02722462,0.63812526,1.04005538
0.00235974,0.98107959,0.16802235,0.99823328,0.38213081,1.01346381,0.53832572,1.02730881,0.64948087,1.04007973
0.00236498,0.98133882,0.16743795,0.99853548,0.37942081,1.01380737,0.53325946,1.02770000,0.64238843,1.04052482
0.00223865,0.98142899,0.16917056,0.99865715,0.38937898,1.01396692,0.54965083,1.02790566,0.66278994,1.04078398
0.00235815,0.98160356,0.17006048,0.99884411,0.38507873,1.01414569,0.53985300,1.02806342,0.64874569,1.04091380
0.00214641,0.98179254,0.16318192,0.99902622,0.37701988,1.01433044,0.53396302,1.02826116,0.64571416,1.04113714
0.00242277,0.98175765,0.17447593,0.99901803,0.39389227,1.01434562,0.55137244,1.02829598,0.66222716,1.04118258
0.00260966,0.98162060,0.17966983,0.99884793,0.40018767,1.01412644,0.55708094,1.02801400,0.66731124,1.04082730
0.00257216,0.98166168,0.17444756,0.99883515,0.38850405,1.01408576,0.54224662,1.02796970,0.65183497,1.04079926
0.00255226,0.98178653,0.17510497,0.99896051,0.38976565,1.01423109,0.54274257,1.02815653,0.65075980,1.04104626
0.00244059,0.98162571,0.17423248,0.99872506,0.39210669,1.01394900,0.54860763,1.02784738,0.65921725,1.04072368
0.00258973,0.98160134,0.17794003,0.99872725,0.39656003,1.01397370,0.55250400,1.02787874,0.66191354,1.04074129
0.00297506,0.98163952,0.18870632,0.99868751,0.41009486,1.01384442,0.56441489,1.02764935,0.67117244,1.04040201
0.00292666,0.98177010,0.18844192,0.99874970,0.41099685,1.01384342,0.56637239,1.02757357,0.67370314,1.04023332
0.00295921,0.98154391,0.18809252,0.99854233,0.40894526,1.01366530,0.56316920,1.02743557,0.67026339,1.04014832
0.00295563,0.98172817,0.18851036,0.99868796,0.40968657,1.01379755,0.56364014,1.02757843,0.67025911,1.04032201
0.00291213,0.98161154,0.18666852,0.99860460,0.40719490,1.01375386,0.56149859,1.02758353,0.66857046,1.04038626
0.00261183,0.98174437,0.17708185,0.99879575,0.39323868,1.01398644,0.54716516,1.02784303,0.65522992,1.04066117
0.00258717,0.98180317,0.17516836,0.99887571,0.38933215,1.01406644,0.54213424,1.02791090,0.64951112,1.04070811
0.00277554,0.98157378,0.17956075,0.99867397,0.39387052,1.01391519,0.54544215,1.02782056,0.65177794,1.04068325
0.00246558,0.98157659,0.17046739,0.99862960,0.38263965,1.01383427,0.53590466,1.02770711,0.64417604,1.04053591
0.00250948,0.98150963,0.17090688,0.99862148,0.38163110,1.01387950,0.53306070,1.02780640,0.63974298,1.04069446
0.00216152,0.98115943,0.16036735,0.99820578,0.36868288,1.01340179,0.52208667,1.02726642,0.63142959,1.04009137
0.00232365,0.98118204,0.16714555,0.99821127,0.37725296,1.01335197,0.52839084,1.02712864,0.63470108,1.03983719
0.00227079,0.98099930,0.16625654,0.99803707,0.37801339,1.01319801,0.53199044,1.02700224,0.64121452,1.03974192
0.00213114,0.98065661,0.16115038,0.99766525,0.37071690,1.01281450,0.52471094,1.02662062,0.63439638,1.03937751
0.00211836,0.98089353,0.15908644,0.99790176,0.36648508,1.01305359,0.51932592,1.02686018,0.62860344,1.03961166
0.00222690,0.98094067,0.16294054,0.99789627,0.37154204,1.01300948,0.52447756,1.02679448,0.63404364,1.03954254
0.00215606,0.98129743,0.15972537,0.99828081,0.36732424,1.01341332,0.52158826,1.02721787,0.63313067,1.03998810
0.00219083,0.98149386,0.16161357,0.99840677,0.37031365,1.01345277,0.52434071,1.02716021,0.63513146,1.03982425
0.00207432,0.98166217,0.15859444,0.99856001,0.36946533,1.01357103,0.52768699,1.02723820,0.64190804,1.03986609
0.00183876,0.98168266,0.14650202,0.99854626,0.34926440,1.01350916,0.50554139,1.02711873,0.61990481,1.03968629
0.00210418,0.98179284,0.15574009,0.99867423,0.36045455,1.01363299,0.51400990,1.02722444,0.62504714,1.03976669
0.00228388,0.98221697,0.16280042,0.99920939,0.37173676,1.01427317,0.52690518,1.02795016,0.63917850,1.04055516
0.00201697,0.98236071,0.15160982,0.99933921,0.35399541,1.01438777,0.50766197,1.02805455,0.62025015,1.04066112
0.00182855,0.98220293,0.14533588,0.99918213,0.34754230,1.01423841,0.50448182,1.02792411,0.62070012,1.04056763
0.00179381,0.98237466,0.14628924,0.99936814,0.35161327,1.01443766,0.51066620,1.02813002,0.62845947,1.04077374
0.00180596,0.98186118,0.14103261,0.99890388,0.33430933,1.01402631,0.48295912,1.02777406,0.59351985,1.04047213
0.00189407,0.98161821,0.14227629,0.99878276,0.33272252,1.01403779,0.47902548,1.02792482,0.58895301,1.04076356
0.00214257,0.98172577,0.14996466,0.99888682,0.34242673,1.01413159,0.48718468,1.02799780,0.59442011,1.04080005
0.00211354,0.98167004,0.14801918,0.99886556,0.33663546,1.01413824,0.47658592,1.02802466,0.57866597,1.04083913
0.00237782,0.98173878,0.16065910,0.99904358,0.35949313,1.01442404,0.50380021,1.02841334,0.60711544,1.04132616
0.00245511,0.98160192,0.16219610,0.99896024,0.35888333,1.01436812,0.49940512,1.02836364,0.59877111,1.04125995
0.00220437,0.98161531,0.15525226,0.99903718,0.35253050,1.01450348,0.49760876,1.02855842,0.60189610,1.04151661
0.00237317,0.98146631,0.16421441,0.99880914,0.37025098,1.01420536,0.52059486,1.02819953,0.62811277,1.04110590
0.00224610,0.98163037,0.15705138,0.99895789,0.35576696,1.01434013,0.50111201,1.02831558,0.60482190,1.04119319
0.00237414,0.98137786,0.16262569,0.99871246,0.36535156,1.01409208,0.51185025,1.02805328,0.61507802,1.04090453
0.00258687,0.98157544,0.17040379,0.99884185,0.37624911,1.01417746,0.52201377,1.02811541,0.62358530,1.04096205
0.00264369,0.98150680,0.17399552,0.99872836,0.38453419,1.01404966,0.53418844,1.02800173,0.63917033,1.04088744
0.00262212,0.98147735,0.17051593,0.99869326,0.37745533,1.01400583,0.52605918,1.02794886,0.63146684,1.04083136
0.00252314,0.98156314,0.16855622,0.99882897,0.37696725,1.01421860,0.52846364,1.02825847,0.63689596,1.04125291
0.00218536,0.98188576,0.15335637,0.99911039,0.34917360,1.01447873,0.49409601,1.02850294,0.59906649,1.04147842
0.00260179,0.98182196,0.17027679,0.99895597,0.37964293,1.01424160,0.53173021,1.02818567,0.64060405,1.04108378
0.00282873,0.98186333,0.17528673,0.99898615,0.38377994,1.01424896,0.53263682,1.02815525,0.63802882,1.04099878
0.00290856,0.98185517,0.17852859,0.99896894,0.39037370,1.01422767,0.54194724,1.02812864,0.64972932,1.04096133
0.00317954,0.98192569,0.18603293,0.99906232,0.40052303,1.01432890,0.55187510,1.02822754,0.65878925,1.04105066
0.00335057,0.98174465,0.19149315,0.99882801,0.40870268,1.01405935,0.56074266,1.02794067,0.66782831,1.04076388
0.00356321,0.98208802,0.19664157,0.99909282,0.41415546,1.01424312,0.56388848,1.02804815,0.66809437,1.04080341
0.00347103,0.98202644,0.19503213,0.99904249,0.41294649,1.01419092,0.56315766,1.02798727,0.66730800,1.04073181
0.00357013,0.98225087,0.19917962,0.99924737,0.42041644,1.01437776,0.57255026,1.02816164,0.67805672,1.04090084
0.00361561,0.98237408,0.20177152,0.99936391,0.42613147,1.01449080,0.58074616,1.02827521,0.68829550,1.04102042
0.00335234,0.98234137,0.19499369,0.99933344,0.41646853,1.01445823,0.56992963,1.02823252,0.67651782,1.04095826
0.00359063,0.98215342,0.19972719,0.99908045,0.42224988,1.01414110,0.57554014,1.02785190,0.68176581,1.04051063
0.00347741,0.98205146,0.19554058,0.99899495,0.41575976,1.01405230,0.56876100,1.02774712,0.67545931,1.04038034
0.00368461,0.98225304,0.19975435,0.99925365,0.42045570,1.01437685,0.57264421,1.02813462,0.67854571,1.04082083
0.00343545,0.98230652,0.19424926,0.99937212,0.41535358,1.01455722,0.57086344,1.02838164,0.68048482,1.04114399
0.00347883,0.98234433,0.19607010,0.99945345,0.41756123,1.01468105,0.57190173,1.02853723,0.67986237,1.04131572
0.00354372,0.98233699,0.19552001,0.99935716,0.41448916,1.01449857,0.56718883,1.02827561,0.67461015,1.04098670
0.00371450,0.98261795,0.19919191,0.99957563,0.41865100,1.01466198,0.57061681,1.02838632,0.67721180,1.04104539
0.00371978,0.98244346,0.19940398,0.99938120,0.41890415,1.01446745,0.57084937,1.02821984,0.67739309,1.04094099
0.00378125,0.98246036,0.20023025,0.99937808,0.41793542,1.01442427,0.56690410,1.02812371,0.67037339,1.04078246
0.00379361,0.98258120,0.20198336,0.99955621,0.42172450,1.01460681,0.57159868,1.02827508,0.67520783,1.04087634
0.00375870,0.98285273,0.20209111,0.99988572,0.42226753,1.01499843,0.57212594,1.02873319,0.67545648,1.04140590
0.00371691,0.98274596,0.20225448,0.99976340,0.42398873,1.01483207,0.57546294,1.02850391,0.68026839,1.04110543
0.00378049,0.98258436,0.20407343,0.99953483,0.42726994,1.01455328,0.57975496,1.02818692,0.68527500,1.04075809
0.00361119,0.98242721,0.20119049,0.99936286,0.42520057,1.01435757,0.57952505,1.02796432,0.68674432,1.04050612
0.00369935,0.98237372,0.20266053,0.99929192,0.42618856,1.01429083,0.57972277,1.02791458,0.68645941,1.04048320
0.00373891,0.98232041,0.20182468,0.99921862,0.42395185,1.01417420,0.57693972,1.02773907,0.68353114,1.04023742
0.00384088,0.98219976,0.20472017,0.99905027,0.42866613,1.01396531,0.58257257,1.02748982,0.68965215,1.03994489
0.00382594,0.98240846,0.20442926,0.99923038,0.42840746,1.01412502,0.58272193,1.02763281,0.69042250,1.04007250
0.00355729,0.98236277,0.19776343,0.99923382,0.41992111,1.01418635,0.57522549,1.02775250,0.68462255,1.04024472
0.00375163,0.98232088,0.20059800,0.99924482,0.42167322,1.01425120,0.57559291,1.02787610,0.68436430,1.04043377
0.00360107,0.98238262,0.19586417,0.99934929,0.41519690,1.01438562,0.56956539,1.02803009,0.67924947,1.04059731
0.00335358,0.98229109,0.18948184,0.99923317,0.40693567,1.01423066,0.56169612,1.02782372,0.67211001,1.04032764
0.00336966,0.98250457,0.18666399,0.99939119,0.39892620,1.01435767,0.55025589,1.02793993,0.65931689,1.04045083
0.00339383,0.98211322,0.18950689,0.99904578,0.40592405,1.01404472,0.56008065,1.02764708,0.67047719,1.04016743
0.00297151,0.98205307,0.17657119,0.99900531,0.38527508,1.01404531,0.53696937,1.02770737,0.64757388,1.04030366
0.00307193,0.98210067,0.17853149,0.99904968,0.38602107,1.01408986,0.53525026,1.02776113,0.64366364,1.04037829
0.00331915,0.98231767,0.18572347,0.99932885,0.39681700,1.01442568,0.54649430,1.02814978,0.65401459,1.04081667
0.00311755,0.98238155,0.18072713,0.99940890,0.39086485,1.01452474,0.54177501,1.02827313,0.65091933,1.04096975
0.00288837,0.98219807,0.17242428,0.99917587,0.37746569,1.01426115,0.52755650,1.02798759,0.63789567,1.04066393
0.00273170,0.98221523,0.16798366,0.99913256,0.36885868,1.01417098,0.51421079,1.02785223,0.61963136,1.04047701
0.00296123,0.98213503,0.17350010,0.99909034,0.37501422,1.01415629,0.51847071,1.02785611,0.62142116,1.04049294
0.00311471,0.98233794,0.17754139,0.99930938,0.38079552,1.01438620,0.52502309,1.02809666,0.62889788,1.04075048
0.00285208,0.98236756,0.16786557,0.99934683,0.36284471,1.01443290,0.50155674,1.02815266,0.60168509,1.04081207
0.00265652,0.98245831,0.16310871,0.99939892,0.35698779,1.01444868,0.49730822,1.02813636,0.60075048,1.04077401
0.00274101,0.98286584,0.16742660,0.99986240,0.36586548,1.01498629,0.50866854,1.02875602,0.61216175,1.04147663
0.00253819,0.98269190,0.16026421,0.99968873,0.35326736,1.01481738,0.49174660,1.02859147,0.59042935,1.04131385
0.00256671,0.98263896,0.16443962,0.99967071,0.36572340,1.01482310,0.51317704,1.02860750,0.62084550,1.04132654
0.00256375,0.98257493,0.16269506,0.99950782,0.36205700,1.01456496,0.50852407,1.02825369,0.61539987,1.04087543
0.00271456,0.98289788,0.16693470,0.99983304,0.36660600,1.01491403,0.50984668,1.02864263,0.61135137,1.04131494
0.00241455,0.98288699,0.15559140,0.99978661,0.34769692,1.01484447,0.48808057,1.02855547,0.58882886,1.04121437
0.00251702,0.98322594,0.15966313,1.00009987,0.35431938,1.01511121,0.49573611,1.02875900,0.59738448,1.04134065
0.00240928,0.98337405,0.15688121,1.00028877,0.35198697,1.01532444,0.49548190,1.02898497,0.59954492,1.04157059
0.00241440,0.98313774,0.15587824,1.00001259,0.34787373,1.01498669,0.48822295,1.02856135,0.58989895,1.04103602
0.00274526,0.98319349,0.17130539,1.00015085,0.37781301,1.01518435,0.52666278,1.02879706,0.63291717,1.04128971
0.00280696,0.98299934,0.17250460,0.99994414,0.37834415,1.01497593,0.52571679,1.02860098,0.63034024,1.04111880
0.00277556,0.98283160,0.17082934,0.99975152,0.37529084,1.01474593,0.52203790,1.02832006,0.62630326,1.04077281
0.00275717,0.98286337,0.16984700,0.99978908,0.37319790,1.01476567,0.51902421,1.02830595,0.62243315,1.04071309
0.00268276,0.98291547,0.16473275,0.99989763,0.36263415,1.01491897,0.50561731,1.02849562,0.60808696,1.04093386
0.00249562,0.98307573,0.15863201,1.00001291,0.35566054,1.01497746,0.50161890,1.02849574,0.60757444,1.04087549
0.00273754,0.98339700,0.16668641,1.00036943,0.36787755,1.01536593,0.51497802,1.02891617,0.62139365,1.04133099
0.00276999,0.98332390,0.16619499,1.00025627,0.36409543,1.01523089,0.50657204,1.02878370,0.60747305,1.04122877
0.00278701,0.98360701,0.16749982,1.00056525,0.36755651,1.01556645,0.51104407,1.02914697,0.61123217,1.04162347
0.00265131,0.98352548,0.16136937,1.00050664,0.35545205,1.01555826,0.49424978,1.02920756,0.58928328,1.04176622
0.00252913,0.98377093,0.15822812,1.00072960,0.35248896,1.01574693,0.49293728,1.02934752,0.59021133,1.04184120
0.00270500,0.98358221,0.16429147,1.00050186,0.36248791,1.01546827,0.50513212,1.02901540,0.60456500,1.04145857
0.00244338,0.98360138,0.15453925,1.00047414,0.34726789,1.01540327,0.48903075,1.02892808,0.58884688,1.04136346
0.00229679,0.98354473,0.14919835,1.00049131,0.34034835,1.01551178,0.48391645,1.02913736,0.58628003,1.04167868
0.00228630,0.98365528,0.14841169,1.00056127,0.33925957,1.01554611,0.48355019,1.02914615,0.58676493,1.04167546
0.00221217,0.98374826,0.14352571,1.00072249,0.32734536,1.01577022,0.46556384,1.02942919,0.56299129,1.04201561
0.00233206,0.98375023,0.14980995,1.00073624,0.34098608,1.01579896,0.48628387,1.02947848,0.59279235,1.04209087
0.00206389,0.98373926,0.13411844,1.00071734,0.30584860,1.01576699,0.43498092,1.02942125,0.52476209,1.04199450
0.00229292,0.98368957,0.14961366,1.00065421,0.34097718,1.01572769,0.48541391,1.02943331,0.59074106,1.04208121
0.00234424,0.98373119,0.15120284,1.00064037,0.34459822,1.01567734,0.49084391,1.02936452,0.59739915,1.04200858
0.00242270,0.98372832,0.15489762,1.00063711,0.35212168,1.01568814,0.50098911,1.02939503,0.60972694,1.04206267
0.00194906,0.98340600,0.12530651,1.00032113,0.28797077,1.01537263,0.41768412,1.02907590,0.51952249,1.04173522
0.00213506,0.98316839,0.13743740,1.00004297,0.31528778,1.01503925,0.45304158,1.02867122,0.55608064,1.04124452
0.00204572,0.98302644,0.13258703,0.99987317,0.30352155,1.01483044,0.43492845,1.02841359,0.53248121,1.04092889
0.00191887,0.98332120,0.12095294,1.00021622,0.26478809,1.01522643,0.33541891,1.02885670,-0.46868958,1.04140719
0.00212876,0.98307557,0.13122957,0.99995739,0.29353527,1.01495796,0.41533642,1.02859425,0.50484680,1.04117057
0.00210564,0.98349997,0.12916136,1.00039101,0.28356208,1.01541056,0.38697507,1.02907287,0.42169679,1.04168051
0.00205542,0.98366355,0.12022048,1.00052006,0.24223536,1.01549733,-0.33359569,1.02911900,-0.50782890,1.04169518
0.00213792,0.98386303,0.12912067,1.00067345,0.28150383,1.01560215,0.38484212,1.02917672,0.44221562,1.04170975
0.00232707,0.98393724,0.14220575,1.00078775,0.32200643,1.01578377,0.46514012,1.02944056,0.57827544,1.04206326
0.00216029,0.98402896,0.13812096,1.00081760,0.32402505,1.01573574,0.47844978,1.02929817,0.59961939,1.04181179
0.00212936,0.98395796,0.13474622,1.00078922,0.31274611,1.01573159,0.46027200,1.02930019,0.57807803,1.04180248
0.00210253,0.98401013,0.13256721,1.00084313,0.30608436,1.01578342,0.44935922,1.02934446,0.56481581,1.04183135
0.00226616,0.98388913,0.14168092,1.00070919,0.32315604,1.01563877,0.46621829,1.02919424,0.57709015,1.04168394
0.00234600,0.98382563,0.14756362,1.00067882,0.33626661,1.01566069,0.48252618,1.02928025,0.59351496,1.04183910
0.00257579,0.98381015,0.15968976,1.00072037,0.36023192,1.01575212,0.51178662,1.02941901,0.62350904,1.04202524
0.00296165,0.98361934,0.16989061,1.00053586,0.37234944,1.01559180,0.52110961,1.02929670,0.62928389,1.04195223
0.00291828,0.98338888,0.16766944,1.00030129,0.36679891,1.01536031,0.51203202,1.02907396,0.61672720,1.04174400
0.00253645,0.98338050,0.15097733,1.00034884,0.33469667,1.01544289,0.47028629,1.02917263,0.56700778,1.04183744
0.00277512,0.98365397,0.15956588,1.00057501,0.34788469,1.01562586,0.48333265,1.02932100,0.57825701,1.04196174
0.00276011,0.98350552,0.16015783,1.00050337,0.34962404,1.01559997,0.48544719,1.02931497,0.57994639,1.04195446
0.00265469,0.98364656,0.15890034,1.00066226,0.35224075,1.01577295,0.49429813,1.02949745,0.59608547,1.04213924
0.00291879,0.98383258,0.16707189,1.00085318,0.36398807,1.01596782,0.50622689,1.02969722,0.60738019,1.04234379
0.00308195,0.98385982,0.17228557,1.00091547,0.36946271,1.01606438,0.50671453,1.02981675,0.59951445,1.04247113
0.00328358,0.98370836,0.17829129,1.00085057,0.37839850,1.01608826,0.51650686,1.02993666,0.60978370,1.04269409
0.00336203,0.98372547,0.18222226,1.00092658,0.38661469,1.01624440,0.52828015,1.03019670,0.62579132,1.04308062
0.00342301,0.98334192,0.18281957,1.00054105,0.38618798,1.01585974,0.52655250,1.02981386,0.62279892,1.04270056
0.00319221,0.98352750,0.17815336,1.00071938,0.38124804,1.01601449,0.52321928,1.02993032,0.62176336,1.04277010
0.00343377,0.98310503,0.18746993,1.00023206,0.39817112,1.01547294,0.54466141,1.02934590,0.64660324,1.04215647
0.00371824,0.98303732,0.19477894,1.00012299,0.40753033,1.01529447,0.55287451,1.02907381,0.65279586,1.04177078
0.00349687,0.98317646,0.18742004,1.00025369,0.39492278,1.01544082,0.53753073,1.02925216,0.63562803,1.04199382
0.00354522,0.98322782,0.18661421,1.00017367,0.39030684,1.01523263,0.52791826,1.02892176,0.61954492,1.04154691
0.00361578,0.98291884,0.18886511,0.99982547,0.39380338,1.01485705,0.53116209,1.02852786,0.62116968,1.04114167
0.00338065,0.98288910,0.18268905,0.99972946,0.38454067,1.01472579,0.51993595,1.02838540,0.60661040,1.04100658
0.00356274,0.98256563,0.18907922,0.99942016,0.39653920,1.01442120,0.53665359,1.02807946,0.62938115,1.04069356
0.00366809,0.98273903,0.19032336,0.99964423,0.39560887,1.01467997,0.53168229,1.02836374,0.61836697,1.04099735
0.00361040,0.98269338,0.18811710,0.99958660,0.39135475,1.01459339,0.52621837,1.02823461,0.61201626,1.04081415
0.00348822,0.98280820,0.18586893,0.99970329,0.38968947,1.01470068,0.52659057,1.02832596,0.61580259,1.04088433
0.00370203,0.98272586,0.19268616,0.99963359,0.40121436,1.01465068,0.54109606,1.02829660,0.63347072,1.04087777
0.00355578,0.98268980,0.18642734,0.99945443,0.38818751,1.01434542,0.52143762,1.02788756,0.60470336,1.04038964
0.00397900,0.98275748,0.19984626,0.99956815,0.41273293,1.01450436,0.55512745,1.02808085,0.64993183,1.04060140
0.00391629,0.98218284,0.19893533,0.99901200,0.41233508,1.01395826,0.55578026,1.02754143,0.65200224,1.04006737
0.00394515,0.98209051,0.19982888,0.99882787,0.41416245,1.01370159,0.55844877,1.02721615,0.65559781,1.03966960
0.00398400,0.98194230,0.20155076,0.99864853,0.41731749,1.01349756,0.56218784,1.02698498,0.65954536,1.03940091
0.00386523,0.98198434,0.19734456,0.99874863,0.40958829,1.01364281,0.55198690,1.02717227,0.64722204,1.03963283
0.00383254,0.98174248,0.19826857,0.99847681,0.41311751,1.01334979,0.55790613,1.02685873,0.65540506,1.03929242
0.00369765,0.98168646,0.19613232,0.99846354,0.41059547,1.01336289,0.55464712,1.02688430,0.65031046,1.03931847
0.00381460,0.98188757,0.19923544,0.99868887,0.41594109,1.01362194,0.56172192,1.02718238,0.65922832,1.03965969
0.00349311,0.98202278,0.19110126,0.99889157,0.40451119,1.01387038,0.54926275,1.02746367,0.64532614,1.03996606
0.00348556,0.98195887,0.19028294,0.99882230,0.40210862,1.01380720,0.54536337,1.02740718,0.63999376,1.03991155
0.00356398,0.98187933,0.19007355,0.99870337,0.39912954,1.01364604,0.53940540,1.02721298,0.63066950,1.03969588
0.00372995,0.98184617,0.19632377,0.99864895,0.41078212,1.01359535,0.55504708,1.02719504,0.65075284,1.03974310
0.00382062,0.98171656,0.19813789,0.99851641,0.41264151,1.01346267,0.55670473,1.02706346,0.65271238,1.03961054
0.00350530,0.98165707,0.18937182,0.99847463,0.39996327,1.01342184,0.54374920,1.02701042,0.64083385,1.03953422
0.00348497,0.98154930,0.18732982,0.99834120,0.39560709,1.01327420,0.53818774,1.02686486,0.63476487,1.03940735
0.00339145,0.98162011,0.18457902,0.99837730,0.39077287,1.01327810,0.53187817,1.02684183,0.62717089,1.03936656
0.00345582,0.98184831,0.18739515,0.99859510,0.39641468,1.01350722,0.53969448,1.02709670,0.63676834,1.03965929
0.00353419,0.98191037,0.18810014,0.99868474,0.39640584,1.01362703,0.53896562,1.02724338,0.63539771,1.03982442
0.00354236,0.98166935,0.18675902,0.99846312,0.39134980,1.01343831,0.52965096,1.02709901,0.62145849,1.03973572
0.00343881,0.98190052,0.18431821,0.99871819,0.38714447,1.01369925,0.52421973,1.02734897,0.61507240,1.03996215
0.00329484,0.98183405,0.18076426,0.99868045,0.38312885,1.01367776,0.52128713,1.02733490,0.61318854,1.03995033
0.00315704,0.98165894,0.17494200,0.99853412,0.37174492,1.01356152,0.50554178,1.02725889,0.59238088,1.03993110
0.00334793,0.98163423,0.18115993,0.99856500,0.38401342,1.01364044,0.52359475,1.02738248,0.61769012,1.04009886
0.00340186,0.98150340,0.18296438,0.99844851,0.38695991,1.01351172,0.52657769,1.02722091,0.61995582,1.03988941
0.00336082,0.98122388,0.17996217,0.99823773,0.37971014,1.01337832,0.51594985,1.02716814,0.60649784,1.03991528
0.00324830,0.98122213,0.17919869,0.99829301,0.38205543,1.01346905,0.52263228,1.02727665,0.61842200,1.04002533
0.00321831,0.98126402,0.17811848,0.99830287,0.38056311,1.01345238,0.52130134,1.02723709,0.61725324,1.03996626
0.00342479,0.98157391,0.18519271,0.99860447,0.39294875,1.01375359,0.53698041,1.02753853,0.63596458,1.04026623
0.00358510,0.98114715,0.19071594,0.99815298,0.40182304,1.01327252,0.54668486,1.02702670,0.64542084,1.03972161
0.00387639,0.98113175,0.19813843,0.99816593,0.41246492,1.01329667,0.55808620,1.02703590,0.65707569,1.03968580
0.00399761,0.98115918,0.20130949,0.99813618,0.41780568,1.01321415,0.56562501,1.02690304,0.66749540,1.03950167
0.00389737,0.98150576,0.20063423,0.99849901,0.42036149,1.01359794,0.57223217,1.02731523,0.67771813,1.03995080
0.00372581,0.98159247,0.19600161,0.99860219,0.41340063,1.01373000,0.56471386,1.02748551,0.67038755,1.04016487
0.00376042,0.98157884,0.19638196,0.99858184,0.41374326,1.01368544,0.56524160,1.02740232,0.67140632,1.04003375
0.00379623,0.98170664,0.19540143,0.99875460,0.40976521,1.01390651,0.55842395,1.02768158,0.66221360,1.04038172
0.00359373,0.98169912,0.18957437,0.99880050,0.40015345,1.01399412,0.54706536,1.02780203,0.65021814,1.04052920
0.00383238,0.98153863,0.19764669,0.99852166,0.41338346,1.01360116,0.56200334,1.02730298,0.66549539,1.03993621
0.00412932,0.98144716,0.20314945,0.99845594,0.41845772,1.01354552,0.56425998,1.02723714,0.66436633,1.03984004
0.00404456,0.98149458,0.19818342,0.99858958,0.40843280,1.01375265,0.55118623,1.02750999,0.64939236,1.04017157
0.00431499,0.98168014,0.20520693,0.99878112,0.41956951,1.01394934,0.56411785,1.02770516,0.66309795,1.04035859
0.00436307,0.98176004,0.20733308,0.99889483,0.42422800,1.01408939,0.57131317,1.02785930,0.67301829,1.04051213
0.00459298,0.98160925,0.21298496,0.99871633,0.43244892,1.01388736,0.57953861,1.02764076,0.68008055,1.04028250
0.00452276,0.98173240,0.21152866,0.99884638,0.43098263,1.01402147,0.57920773,1.02778222,0.68153254,1.04043969
0.00434091,0.98169296,0.20691493,0.99875179,0.42347578,1.01386220,0.57031371,1.02754749,0.67183406,1.04011533
0.00426509,0.98175166,0.20299705,0.99875245,0.41560939,1.01381188,0.56031282,1.02745869,0.66117722,1.04000458
0.00398039,0.98164397,0.19539822,0.99873783,0.40439932,1.01385810,0.54917301,1.02753877,0.65196819,1.04009830
0.00402474,0.98148459,0.19616429,0.99852067,0.40489751,1.01359263,0.54843418,1.02723113,0.64933696,1.03975155
0.00400048,0.98143413,0.19551786,0.99844528,0.40316240,1.01348929,0.54477732,1.02709946,0.64294105,1.03959413
0.00400074,0.98124061,0.19535328,0.99822268,0.40189381,1.01325090,0.54147841,1.02685096,0.63698802,1.03933297
0.00380524,0.98112639,0.19000165,0.99813332,0.39370840,1.01316038,0.53213740,1.02674118,0.62673488,1.03918929
0.00348131,0.98074336,0.18137026,0.99775512,0.38185977,1.01279868,0.52063559,1.02640361,0.61647225,1.03887901
0.00349297,0.98092180,0.18270556,0.99793401,0.38419013,1.01297334,0.52228155,1.02656742,0.61596413,1.03902516
0.00361221,0.98086500,0.18728241,0.99791842,0.39332675,1.01300453,0.53507876,1.02665356,0.63252415,1.03917706
0.00365506,0.98102773,0.19096546,0.99821440,0.40184067,1.01342398,0.54721861,1.02719658,0.64757779,1.03984975
0.00381372,0.98098209,0.19509487,0.99820067,0.40917519,1.01345813,0.55755971,1.02729005,0.66107722,1.04001065
0.00379609,0.98089226,0.19621137,0.99808924,0.41239271,1.01333900,0.56209056,1.02716922,0.66617090,1.03988755
0.00368679,0.98081129,0.19517364,0.99803192,0.41275078,1.01331872,0.56380471,1.02720218,0.66876197,1.03999544
0.00377645,0.98058386,0.19697637,0.99781312,0.41486766,1.01310410,0.56586711,1.02698911,0.67083697,1.03978250
0.00346077,0.98079970,0.18703233,0.99802785,0.39927542,1.01328684,0.54834145,1.02711441,0.65229050,1.03982937
0.00334353,0.98091037,0.18308530,0.99815664,0.39289348,1.01341466,0.54124471,1.02723375,0.64517389,1.03994284
0.00330646,0.98073559,0.18169675,0.99801413,0.38986329,1.01327995,0.53713592,1.02708231,0.64083127,1.03975001
0.00346395,0.98117922,0.18610046,0.99851562,0.39512092,1.01384771,0.54116648,1.02772242,0.64311759,1.04046152
0.00351937,0.98100595,0.18774545,0.99839987,0.39803970,1.01376937,0.54507987,1.02767450,0.64804001,1.04044930
0.00354079,0.98113002,0.18866201,0.99853513,0.39974286,1.01392087,0.54724590,1.02784654,0.65068623,1.04064359
0.00357464,0.98115703,0.18986425,0.99855010,0.40072048,1.01391957,0.54699149,1.02782283,0.64905969,1.04058907
0.00386242,0.98107514,0.19645278,0.99849737,0.40803310,1.01390362,0.55187561,1.02785287,0.65057456,1.04067402
0.00352793,0.98130832,0.18710630,0.99871677,0.39371901,1.01408473,0.53539369,1.02798201,0.63237008,1.04074290
0.00326934,0.98119952,0.17929789,0.99860431,0.38094136,1.01396309,0.51997667,1.02784836,0.61488520,1.04059875
0.00297052,0.98147141,0.16928629,0.99883270,0.36278849,1.01414842,0.49479470,1.02799484,0.58002752,1.04071191
0.00297107,0.98159010,0.16740618,0.99893771,0.35774952,1.01425295,0.48644859,1.02811377,0.56564946,1.04085977
0.00270608,0.98145363,0.15655640,0.99878804,0.33553268,1.01410539,0.45130391,1.02798152,0.49695830,1.04075592
0.00256775,0.98139407,0.14946591,0.99876554,0.31697218,1.01411841,0.41033327,1.02802616,-0.46749921,1.04082441
0.00258762,0.98121927,0.14878704,0.99853669,0.31360579,1.01383786,0.40007777,1.02769351,-0.48607892,1.04043492
0.00253547,0.98110965,0.14263145,0.99838773,0.29145014,1.01364881,0.25559217,1.02745900,-0.53680058,1.04014867
0.00256601,0.98094246,0.14478695,0.99824510,0.29898097,1.01351716,0.34862461,1.02732620,-0.51735003,1.04000004
0.00275639,0.98097242,0.15477145,0.99827420,0.32853161,1.01353899,0.44389527,1.02734858,0.51341783,1.04003804
0.00276333,0.98078850,0.15788086,0.99803500,0.33978054,1.01324784,0.46916704,1.02700260,0.56471462,1.03963033
0.00298359,0.98071856,0.16735438,0.99794591,0.35788016,1.01314572,0.49159597,1.02688733,0.58654594,1.03949784
0.00305673,0.98081931,0.17164249,0.99807225,0.36752369,1.01330969,0.50599407,1.02709510,0.60546909,1.03975162
0.00324410,0.98106453,0.17685337,0.99838328,0.37478967,1.01368030,0.51330714,1.02752568,0.61243012,1.04024937
0.00313872,0.98115332,0.17517729,0.99848924,0.37440732,1.01381971,0.51492594,1.02771421,0.61522704,1.04050103
0.00294575,0.98124000,0.17004110,0.99854761,0.36912858,1.01383821,0.51277330,1.02767679,0.61702493,1.04038915
0.00301627,0.98106737,0.17171380,0.99841252,0.37176812,1.01376365,0.51656354,1.02768165,0.62251967,1.04049077
0.00293173,0.98101391,0.16997210,0.99838662,0.36997972,1.01374544,0.51514712,1.02765307,0.62121814,1.04043616
0.00318221,0.98109873,0.17621190,0.99845509,0.37869237,1.01379767,0.52443797,1.02768684,0.63058920,1.04044952
0.00349461,0.98109269,0.18409715,0.99847972,0.38895921,1.01384611,0.53336592,1.02775589,0.63690681,1.04053944
0.00362478,0.98113504,0.18650043,0.99845804,0.39033766,1.01377239,0.53165021,1.02763689,0.63111395,1.04037898
0.00371356,0.98121011,0.18696176,0.99853742,0.38786903,1.01385311,0.52461535,1.02772088,0.61864308,1.04047097
0.00355233,0.98119495,0.18155000,0.99860214,0.37845900,1.01400403,0.51280415,1.02796467,0.60468436,1.04081004
0.00356845,0.98100577,0.18126370,0.99843730,0.37611455,1.01386035,0.50546165,1.02783591,0.58699031,1.04068743
0.00342549,0.98096705,0.17498700,0.99839522,0.36057933,1.01380149,0.47647939,1.02774850,0.52625353,1.04055998
0.00347388,0.98108899,0.17755742,0.99846926,0.36688182,1.01386144,0.48948987,1.02782273,0.56166033,1.04066807
0.00352465,0.98133993,0.18089863,0.99869032,0.37646600,1.01404221,0.50897978,1.02795188,0.59932159,1.04073636
0.00394967,0.98117606,0.19129488,0.99856447,0.39061579,1.01393815,0.52211326,1.02785995,0.60866623,1.04065198
0.00360825,0.98097885,0.18189545,0.99838872,0.37533708,1.01380240,0.50372940,1.02777598,0.58760178,1.04062483
0.00351736,0.98118908,0.17997705,0.99855739,0.37263801,1.01396331,0.50083423,1.02795769,0.58523692,1.04085267
0.00325008,0.98102151,0.17355060,0.99841877,0.36463999,1.01387872,0.49411552,1.02794901,0.58056898,1.04094110
0.00328728,0.98088097,0.17494471,0.99830504,0.36724101,1.01378514,0.49819627,1.02787295,0.58750057,1.04088471
0.00325503,0.98075948,0.17566754,0.99817135,0.37154545,1.01364444,0.50735413,1.02772978,0.60207392,1.04074308
0.00330521,0.98090113,0.17981316,0.99827405,0.38401561,1.01370578,0.53023463,1.02775071,0.63656210,1.04073057
0.00330175,0.98111213,0.18128562,0.99851806,0.38939974,1.01400408,0.54006172,1.02812260,0.65047429,1.04119111
0.00333640,0.98080949,0.18448977,0.99822554,0.39534097,1.01372150,0.54585116,1.02784359,0.65414922,1.04090370
0.00368715,0.98074547,0.19645827,0.99819140,0.41476362,1.01370226,0.56719654,1.02783181,0.67490928,1.04089543
0.00362546,0.98064769,0.19627112,0.99812451,0.41588978,1.01365419,0.56939946,1.02779060,0.67768770,1.04084985
0.00362449,0.98072649,0.19520052,0.99815140,0.41312472,1.01365996,0.56548045,1.02779891,0.67308473,1.04088532
0.00367606,0.98076757,0.19781931,0.99807215,0.41745201,1.01346019,0.57001909,1.02746583,0.67722326,1.04039885
0.00358909,0.98062063,0.19416788,0.99786502,0.41038556,1.01319081,0.56095147,1.02713736,0.66709333,1.04001801
0.00322773,0.98081642,0.18454818,0.99804622,0.39727502,1.01333325,0.54801300,1.02721403,0.65520986,1.03999911
0.00296741,0.98081698,0.17479979,0.99793437,0.38092622,1.01310457,0.52972621,1.02686526,0.63742143,1.03952883
0.00279702,0.98076128,0.16871806,0.99790442,0.37077840,1.01312014,0.51807011,1.02694411,0.62575701,1.03968686
0.00255056,0.98105243,0.15937722,0.99819615,0.35583679,1.01343653,0.50285347,1.02730104,0.61304153,1.04009431
0.00253418,0.98118433,0.15777443,0.99828047,0.35038764,1.01347284,0.49269902,1.02729097,0.59858155,1.04003868
0.00262650,0.98136890,0.16022401,0.99847569,0.35270568,1.01366904,0.49376712,1.02748430,0.59867221,1.04022680
0.00278575,0.98143449,0.16407213,0.99856329,0.35560428,1.01375827,0.49255613,1.02756260,0.59277527,1.04028395
0.00289353,0.98158155,0.16865163,0.99870773,0.36449588,1.01390187,0.50466944,1.02771284,0.60728891,1.04045268
0.00271355,0.98175047,0.16507409,0.99883805,0.36197927,1.01398336,0.50404120,1.02773816,0.60749278,1.04041652
0.00290900,0.98153980,0.17032638,0.99866338,0.36878108,1.01384548,0.51010609,1.02763361,0.61200405,1.04034031
0.00304601,0.98131213,0.17590622,0.99840854,0.37922450,1.01354626,0.52344325,1.02726975,0.62692975,1.03988965
0.00280097,0.98144308,0.16606230,0.99845538,0.36081365,1.01351835,0.49975797,1.02718184,0.60013301,1.03976404
0.00272723,0.98161705,0.16081489,0.99862622,0.34790805,1.01368597,0.47940767,1.02734410,0.57252238,1.03991393
0.00260877,0.98140810,0.15865737,0.99838266,0.34832067,1.01342576,0.48476630,1.02708883,0.58344909,1.03968695
0.00244363,0.98116532,0.15087164,0.99811382,0.33080136,1.01311523,0.45510744,1.02671581,0.53506271,1.03922434
0.00256665,0.98090395,0.15627968,0.99788320,0.34285326,1.01292628,0.47515563,1.02657457,0.56758779,1.03913493
0.00268285,0.98113383,0.16256823,0.99809259,0.35802387,1.01311237,0.50015799,1.02673803,0.60378006,1.03927747
0.00295297,0.98113602,0.17122840,0.99819227,0.37092780,1.01329973,0.51391629,1.02700840,0.61734982,1.03963002
0.00318268,0.98128179,0.17962726,0.99824486,0.38438012,1.01326908,0.52753663,1.02690557,0.62799782,1.03946528
0.00323528,0.98120852,0.18232903,0.99819877,0.39092879,1.01325474,0.53757734,1.02692385,0.64103787,1.03951334
0.00296337,0.98124926,0.17582561,0.99820821,0.38425050,1.01323636,0.53411689,1.02688280,0.64163304,1.03945820
0.00280268,0.98151498,0.17168311,0.99849364,0.37923628,1.01352905,0.52948592,1.02717214,0.63716215,1.03973535
0.00292612,0.98136900,0.17523685,0.99840016,0.38461357,1.01347528,0.53588813,1.02715264,0.64474262,1.03975155
0.00303243,0.98122509,0.17921990,0.99829951,0.39092585,1.01341239,0.54259651,1.02712521,0.65091821,1.03976065
0.00326469,0.98136845,0.18605327,0.99839960,0.40224300,1.01348931,0.55654561,1.02719122,0.66665101,1.03982249
0.00319054,0.98134231,0.18620061,0.99840915,0.40549533,1.01353362,0.56240199,1.02727522,0.67397158,1.03995569
0.00334611,0.98130532,0.19403633,0.99837822,0.42087166,1.01351170,0.58150851,1.02725542,0.69424733,1.03992409
0.00344834,0.98127758,0.19765071,0.99838625,0.42589718,1.01357284,0.58612969,1.02739689,0.69807942,1.04018027
0.00343002,0.98143903,0.19787362,0.99855017,0.42604706,1.01371559,0.58557939,1.02750615,0.69668161,1.04025040
0.00344370,0.98142724,0.19917131,0.99853307,0.42789655,1.01369883,0.58699459,1.02748595,0.69740366,1.04021563
0.00346877,0.98117696,0.19894320,0.99826401,0.42707658,1.01343721,0.58614942,1.02726232,0.69689807,1.04006668
0.00344850,0.98119972,0.19720926,0.99825642,0.42409312,1.01341400,0.58306751,1.02722524,0.69412554,1.04000712
0.00340468,0.98125083,0.19399879,0.99827536,0.41737218,1.01338789,0.57417449,1.02713731,0.68380843,1.03983832
0.00312516,0.98142110,0.18738601,0.99850229,0.40862128,1.01367774,0.56587835,1.02750098,0.67711529,1.04029237
0.00300056,0.98154631,0.18338128,0.99862561,0.40283217,1.01381333,0.55999636,1.02766011,0.67149364,1.04048649
0.00292151,0.98140821,0.18023242,0.99848783,0.39603504,1.01368481,0.55017507,1.02755308,0.65945961,1.04041744
0.00325843,0.98135120,0.18824669,0.99839518,0.40415078,1.01355166,0.55476679,1.02736500,0.66006624,1.04015563
0.00280452,0.98129756,0.17266959,0.99826132,0.37952022,1.01334021,0.52697720,1.02707588,0.63096025,1.03978657
0.00253466,0.98093849,0.16331731,0.99795481,0.36407093,1.01307492,0.50837622,1.02683754,0.61009715,1.03955855
0.00258647,0.98066038,0.16482318,0.99765314,0.36628258,1.01274297,0.51104785,1.02646907,0.61318418,1.03914835
0.00266205,0.98095057,0.16779482,0.99796368,0.37095753,1.01309661,0.51594127,1.02687512,0.61772717,1.03960737
0.00260957,0.98086949,0.16706849,0.99796168,0.37264878,1.01315511,0.52118181,1.02698095,0.62640491,1.03975107
0.00222674,0.98071878,0.15286330,0.99779654,0.35069454,1.01297596,0.49817046,1.02678981,0.60469143,1.03954970
0.00229372,0.98105563,0.15535312,0.99814527,0.35365619,1.01334348,0.49970546,1.02717704,0.60395506,1.03995073
0.00237569,0.98121500,0.15448374,0.99834647,0.34714726,1.01357795,0.48721377,1.02743839,0.58578161,1.04023579
0.00238184,0.98124521,0.15561107,0.99837715,0.34904582,1.01359174,0.48814233,1.02742320,0.58390844,1.04018322
0.00194526,0.98157612,0.13787563,0.99872290,0.32170966,1.01395187,0.46030733,1.02779538,0.55885726,1.04056287
0.00186410,0.98162489,0.13348824,0.99876101,0.31389347,1.01399650,0.45178682,1.02786468,0.55144200,1.04067645
0.00207322,0.98148722,0.14101634,0.99857495,0.32251470,1.01377040,0.45579275,1.02760281,0.54729464,1.04037799
0.00195065,0.98161581,0.13357856,0.99872119,0.30638393,1.01392127,0.43249143,1.02774955,0.51596401,1.04051546
0.00211660,0.98180121,0.13868479,0.99888923,0.31243011,1.01405816,0.43667535,1.02784134,0.51829262,1.04054627
0.00201106,0.98169909,0.12834412,0.99868455,0.27992543,1.01375438,0.36094807,1.02743446,-0.45129300,1.04002504
0.00192197,0.98157328,0.12363257,0.99847582,0.26959574,1.01348355,0.33810219,1.02712313,-0.46046906,1.03969577
0.00208094,0.98159840,0.13418161,0.99844922,0.29841757,1.01343272,0.40918992,1.02707702,0.46724234,1.03968420
0.00208896,0.98157053,0.13589055,0.99839716,0.30717779,1.01337509,0.43235674,1.02703177,0.52195220,1.03967130
0.00205281,0.98172275,0.13040813,0.99857082,0.28690317,1.01357609,0.38064982,1.02726570,-0.40967176,1.03994266
0.00192382,0.98164584,0.12859146,0.99850870,0.29731610,1.01353429,0.42787950,1.02724729,0.52861670,1.03994835
0.00181711,0.98161858,0.11754406,0.99839150,0.26949877,1.01332293,0.39329558,1.02693361,0.50152946,1.03952491
0.00191296,0.98125814,0.12407775,0.99811620,0.28703116,1.01312794,0.41890637,1.02681597,0.52568530,1.03948058
0.00182626,0.98100512,0.12340369,0.99789073,0.29511890,1.01291135,0.43983717,1.02658683,0.55514006,1.03921984
0.00159418,0.98074659,0.11045057,0.99770324,0.27023538,1.01278398,0.41406814,1.02650333,0.53468854,1.03915836
0.00159054,0.98097409,0.11156218,0.99801254,0.27549962,1.01317270,0.42368596,1.02697090,0.54699714,1.03970551
0.00134850,0.98123553,0.08969217,0.99823814,0.22181330,1.01337127,0.37468681,1.02714641,0.51674654,1.03985871
0.00138880,0.98138954,0.10236344,0.99843180,0.26665917,1.01360629,0.42104811,1.02742517,0.54641303,1.04018204
0.00122882,0.98102793,0.08336738,0.99809121,0.22274806,1.01329905,0.38342212,1.02716477,0.52054749,1.03998677
0.00128796,0.98104460,0.09304852,0.99817845,0.25050950,1.01343727,0.40989687,1.02733896,0.54139040,1.04018172
0.00115255,0.98098107,0.07642626,0.99813557,0.19134416,1.01340477,0.32299784,1.02731226,0.43852522,1.04015707
0.00129001,0.98080777,0.08468792,0.99790586,0.15556641,1.01312155,-0.34382370,1.02698669,-0.49455703,1.03980574
0.00125821,0.98053898,0.08029152,0.99761897,-0.15228770,1.01280749,-0.35939205,1.02663672,-0.49526975,1.03940909
0.00126484,0.98071343,0.07835089,0.99783331,-0.19095346,1.01305825,-0.38299742,1.02691531,-0.51759965,1.03970179
0.00110729,0.98058095,0.06069425,0.99774304,-0.19540266,1.01298973,-0.33605323,1.02685266,-0.38772620,1.03963230
0.00098590,0.98060274,0.04495965,0.99775070,-0.19208206,1.01298108,-0.30048114,1.02682286,0.40852297,1.03957663
0.00106765,0.98054797,0.07546103,0.99755056,0.21034556,1.01262806,0.36262753,1.02632143,0.49278129,1.03893849
0.00107842,0.98040580,0.08463670,0.99737926,0.24607836,1.01242974,0.40442250,1.02609605,0.52842976,1.03868481
0.00100792,0.98050499,0.07049644,0.99747924,0.20512639,1.01254163,0.36438083,1.02622174,0.49559433,1.03882346
0.00108689,0.98075863,0.08482970,0.99771317,0.24121796,1.01276887,0.39796564,1.02644796,0.52616055,1.03904589
0.00118375,0.98084962,0.09303323,0.99782920,0.25229643,1.01289872,0.40329212,1.02658952,0.52749255,1.03920461
0.00106624,0.98111714,0.08349734,0.99806222,0.24224437,1.01308470,0.40467708,1.02671790,0.53788433,1.03926625
0.00104971,0.98094914,0.08371677,0.99789725,0.24813549,1.01293066,0.41617728,1.02658511,0.55281988,1.03916242
0.00130752,0.98091186,0.10388766,0.99784561,0.26894930,1.01288870,0.41202115,1.02657052,0.52509379,1.03918471
0.00153434,0.98078980,0.12008111,0.99769450,0.29721372,1.01270388,0.44091961,1.02634626,0.55120640,1.03891509
0.00177169,0.98095311,0.13207887,0.99784727,0.31368811,1.01284452,0.45377048,1.02646143,0.55947571,1.03898943
0.00186124,0.98091732,0.13763716,0.99789584,0.32504881,1.01298579,0.46804063,1.02670895,0.57404193,1.03935894
0.00208463,0.98069921,0.14876779,0.99774253,0.34545665,1.01289021,0.49351235,1.02666511,0.60276865,1.03936214
0.00219518,0.98087408,0.15597133,0.99792888,0.36053646,1.01308471,0.51277786,1.02686803,0.62330595,1.03957823
0.00229948,0.98070083,0.16290753,0.99777614,0.37466233,1.01295372,0.53100764,1.02676105,0.64364401,1.03950564
0.00225433,0.98059078,0.16261948,0.99768292,0.37665666,1.01286925,0.53508722,1.02667280,0.64864621,1.03939401
0.00215109,0.98057688,0.15959721,0.99767413,0.37251146,1.01285972,0.53035954,1.02665807,0.64322932,1.03937271
0.00225377,0.98076445,0.16088108,0.99788209,0.37094021,1.01306994,0.52601297,1.02686441,0.63731127,1.03957596
0.00219292,0.98074388,0.15773249,0.99788948,0.36487609,1.01311982,0.51852951,1.02697597,0.62924849,1.03977125
0.00215523,0.98079414,0.15813827,0.99793399,0.36794285,1.01315528,0.52377110,1.02699873,0.63602479,1.03977959
0.00217771,0.98070922,0.16138563,0.99782441,0.37573628,1.01302001,0.53418094,1.02682822,0.64745364,1.03955937
0.00218024,0.98047301,0.16162068,0.99752355,0.37560346,1.01266656,0.53336503,1.02642956,0.64604652,1.03912028
0.00202351,0.98045880,0.15431531,0.99753993,0.36377192,1.01268171,0.52052824,1.02641621,0.63346299,1.03905426
0.00218878,0.98083594,0.16161171,0.99793420,0.37444356,1.01309711,0.53125026,1.02686108,0.64359601,1.03953887
0.00215928,0.98101384,0.16126393,0.99805472,0.37418608,1.01316791,0.53049600,1.02689100,0.64197866,1.03953379
0.00259166,0.98100624,0.17445119,0.99805663,0.39030857,1.01319807,0.54444111,1.02696516,0.65303300,1.03966714
0.00247117,0.98082732,0.17111692,0.99788578,0.38682229,1.01303242,0.54168027,1.02680353,0.65031204,1.03950802
0.00261592,0.98077208,0.17406823,0.99779698,0.38807474,1.01291981,0.54008168,1.02667656,0.64626336,1.03937493
0.00278167,0.98074939,0.17738669,0.99776329,0.39078941,1.01287588,0.54205139,1.02662592,0.64862137,1.03932285
0.00319672,0.98064103,0.18983906,0.99765764,0.40791156,1.01277113,0.55860914,1.02650774,0.66271984,1.03916999
0.00313145,0.98055180,0.18676079,0.99767117,0.40168019,1.01287193,0.55060767,1.02668770,0.65403628,1.03942775
0.00289890,0.98037735,0.18114427,0.99744170,0.39582244,1.01257796,0.54699757,1.02632330,0.65317486,1.03898748
0.00293291,0.98056547,0.18237887,0.99763379,0.39853353,1.01277970,0.55075793,1.02652587,0.65751686,1.03917618
0.00284766,0.98058647,0.18078242,0.99770730,0.39756065,1.01290782,0.55087013,1.02671112,0.65842230,1.03942456
0.00266694,0.98075860,0.17497008,0.99784125,0.38936845,1.01298802,0.54298940,1.02672444,0.65184402,1.03936072
0.00282606,0.98088069,0.18032859,0.99803746,0.39768336,1.01324649,0.55185407,1.02703179,0.66004444,1.03970064
0.00272764,0.98081134,0.17645734,0.99796523,0.39169945,1.01318535,0.54558589,1.02699351,0.65425094,1.03969453
0.00272923,0.98102419,0.17714714,0.99816808,0.39200634,1.01336147,0.54370299,1.02714188,0.64905893,1.03982767
0.00274403,0.98145901,0.17518193,0.99859741,0.38612442,1.01379298,0.53474805,1.02757808,0.63784377,1.04026544
0.00247351,0.98139458,0.16561094,0.99850178,0.37119378,1.01367028,0.51788695,1.02743178,0.61986448,1.04010139
0.00201061,0.98181596,0.14892656,0.99890538,0.34612786,1.01407064,0.49030957,1.02783709,0.59078049,1.04051548
0.00194543,0.98178778,0.14482165,0.99888340,0.33878385,1.01405658,0.48160324,1.02783366,0.58100220,1.04052725
0.00205055,0.98173841,0.14785298,0.99888520,0.34087477,1.01412431,0.47998381,1.02798192,0.57311371,1.04076616
0.00193617,0.98153704,0.14311739,0.99867322,0.33471795,1.01390088,0.47526496,1.02774338,0.57141012,1.04050567
0.00168055,0.98171024,0.12814802,0.99883728,0.30613014,1.01405950,0.43831971,1.02789640,0.52403242,1.04065243
0.00205242,0.98173531,0.14951178,0.99894237,0.34904861,1.01420955,0.49842424,1.02805789,0.60593549,1.04079371
0.00188339,0.98155230,0.14279808,0.99870503,0.33922535,1.01393080,0.48858507,1.02775533,0.59705664,1.04048920
0.00187812,0.98160914,0.14560286,0.99883125,0.34664537,1.01411198,0.49860491,1.02797736,0.60811142,1.04073996
0.00190152,0.98165826,0.14929055,0.99888836,0.35474808,1.01416526,0.50917748,1.02801613,0.62028907,1.04075567
0.00213862,0.98192897,0.16108182,0.99916467,0.37391113,1.01445869,0.53081339,1.02834070,0.64310442,1.04112728
0.00185193,0.98184454,0.14784491,0.99906300,0.35341240,1.01434634,0.50983250,1.02822842,0.62388390,1.04102599
0.00189817,0.98220885,0.14906794,0.99935193,0.35458485,1.01456209,0.50979087,1.02836832,0.62183481,1.04108490
0.00178595,0.98231876,0.14422600,0.99946893,0.34709623,1.01469941,0.50238707,1.02853745,0.61623708,1.04129659
0.00217393,0.98203609,0.16098906,0.99924068,0.37135781,1.01453197,0.52595312,1.02844332,0.63687571,1.04129219
0.00223005,0.98186319,0.16459179,0.99904672,0.37767295,1.01432630,0.53271143,1.02823265,0.64282742,1.04107758
0.00211635,0.98186044,0.16023993,0.99896529,0.37224656,1.01417159,0.52751742,1.02801024,0.63748552,1.04079575
0.00200349,0.98222997,0.15562227,0.99934014,0.36661282,1.01454004,0.52294128,1.02835674,0.63396118,1.04110408
0.00194714,0.98224831,0.15482157,0.99937159,0.36620015,1.01458244,0.52231293,1.02840784,0.63268270,1.04116104
0.00161205,0.98232140,0.14083662,0.99943365,0.34869506,1.01465173,0.50796054,1.02850760,0.62233161,1.04131865
0.00169267,0.98218098,0.14389006,0.99926452,0.35195931,1.01445633,0.51067675,1.02828936,0.62492666,1.04107915
0.00166112,0.98226577,0.14247839,0.99941076,0.34959383,1.01464356,0.50761358,1.02850231,0.62091069,1.04130308
0.00196083,0.98174497,0.15067218,0.99885557,0.35536880,1.01406379,0.50759227,1.02790949,0.61505054,1.04071323
0.00231611,0.98166309,0.16489834,0.99867618,0.37627279,1.01380022,0.52881266,1.02757770,0.63506111,1.04033146
0.00189539,0.98154042,0.14491570,0.99851583,0.34343957,1.01358421,0.49286401,1.02728926,0.59997311,1.03995271
0.00194953,0.98148445,0.14579462,0.99842589,0.34306057,1.01344949,0.49184387,1.02709741,0.59968447,1.03968905
0.00209888,0.98148541,0.15208596,0.99846115,0.35141130,1.01349174,0.49828665,1.02713004,0.60327709,1.03969776
0.00185888,0.98157352,0.13548698,0.99849390,0.31835913,1.01347429,0.45706723,1.02705981,0.55810661,1.03957047
0.00170102,0.98144704,0.12540189,0.99834799,0.29737135,1.01332203,0.42816010,1.02691368,0.52098853,1.03944438
0.00172775,0.98144410,0.12489548,0.99831413,0.29012947,1.01326272,0.40875332,1.02682770,0.48022335,1.03932231
0.00204153,0.98147110,0.14511137,0.99833443,0.33748201,1.01328460,0.48262248,1.02684713,0.58830482,1.03933101
0.00193423,0.98157593,0.13834894,0.99838680,0.32607923,1.01328677,0.47288175,1.02680123,0.58413343,1.03923947
0.00157315,0.98167076,0.11302946,0.99847022,0.27175072,1.01336727,0.40691773,1.02688320,0.52231175,1.03932446
0.00150076,0.98162045,0.11044794,0.99840227,0.26483643,1.01328414,0.38653548,1.02678954,0.47826086,1.03922293
0.00133358,0.98173943,0.08064793,0.99850678,-0.23080824,1.01338720,-0.42651257,1.02689912,-0.56409421,1.03934488
0.00134459,0.98196596,0.08190577,0.99872381,-0.22612255,1.01359560,-0.42226375,1.02709636,-0.55891094,1.03952582
0.00137584,0.98202147,0.08101973,0.99880225,-0.24378272,1.01371018,-0.43976909,1.02725462,-0.57600896,1.03973377
0.00137762,0.98216469,0.06792762,0.99892134,-0.27407736,1.01381293,-0.46433273,1.02734597,-0.59756109,1.03981583
0.00136415,0.98193405,0.06641863,0.99874989,-0.27004850,1.01371732,-0.45774220,1.02734228,-0.59024070,1.03991542
0.00159491,0.98209390,0.09147489,0.99894450,-0.23534993,1.01394131,-0.43615857,1.02759455,-0.57089633,1.04019708
0.00176813,0.98220604,0.10465174,0.99904140,-0.17973735,1.01400250,-0.41788292,1.02761519,-0.55726683,1.04018363
0.00172016,0.98198125,0.09605025,0.99879884,-0.23583049,1.01372732,-0.43793278,1.02728262,-0.56986440,1.03976142
0.00186931,0.98211915,0.10809701,0.99892968,-0.18733289,1.01384275,-0.42817270,1.02738086,-0.56898104,1.03984440
0.00193207,0.98201822,0.11410811,0.99880467,0.18213300,1.01370825,-0.40628176,1.02725247,-0.55130994,1.03973717
0.00208441,0.98184465,0.12480741,0.99862251,0.25260299,1.01351002,-0.32844105,1.02703555,-0.50732335,1.03950259
0.00229141,0.98172144,0.13801259,0.99852666,0.29762435,1.01341949,0.40256082,1.02693866,0.46486236,1.03939271
0.00258681,0.98172743,0.14834940,0.99848484,0.31414491,1.01332746,0.41669384,1.02680379,0.44041282,1.03922528
0.00245506,0.98177117,0.14387096,0.99853348,0.30536647,1.01339772,0.40016109,1.02691503,-0.36928858,1.03939613
0.00270804,0.98179341,0.15334705,0.99865158,0.32409091,1.01360642,0.43086181,1.02720840,0.45957591,1.03976738
0.00293574,0.98191466,0.16061270,0.99878961,0.33896637,1.01373633,0.45959673,1.02730529,0.53855147,1.03980685
0.00333242,0.98206487,0.17412223,0.99892907,0.36436111,1.01384627,0.49633415,1.02737731,0.59094714,1.03983581
0.00320962,0.98226527,0.16971196,0.99909898,0.35541731,1.01396262,0.48279217,1.02741894,0.57216120,1.03978551
0.00376218,0.98198821,0.18731330,0.99874294,0.38709471,1.01354203,0.52392833,1.02694392,0.62011024,1.03926332
0.00350366,0.98215603,0.17999005,0.99897113,0.37633163,1.01383253,0.51346098,1.02729795,0.61198275,1.03968126
0.00333690,0.98219703,0.17514624,0.99910868,0.36815797,1.01408703,0.50297347,1.02769144,0.59941433,1.04023576
0.00323221,0.98195110,0.17201356,0.99891170,0.36371813,1.01395426,0.49972356,1.02764036,0.59988094,1.04028843
0.00332835,0.98189106,0.17589998,0.99888729,0.37331966,1.01396337,0.51481246,1.02767901,0.61849477,1.04035273
0.00349833,0.98179873,0.18252358,0.99877542,0.38569145,1.01384356,0.53035754,1.02755701,0.63551986,1.04023713
0.00351501,0.98209296,0.18105745,0.99897224,0.38140633,1.01395249,0.52372282,1.02758713,0.62713840,1.04019853
0.00352644,0.98223449,0.18416534,0.99909327,0.38963960,1.01405789,0.53595107,1.02767602,0.64195047,1.04026482
0.00362225,0.98246067,0.18526141,0.99933897,0.38892315,1.01429838,0.53252087,1.02789089,0.63604900,1.04043636
0.00357432,0.98265400,0.18360455,0.99965417,0.38608065,1.01470965,0.52934299,1.02837223,0.63324608,1.04095906
0.00323163,0.98249258,0.17535398,0.99951441,0.37630249,1.01458561,0.52207969,1.02825974,0.62934109,1.04085479
0.00320611,0.98217062,0.17496090,0.99920661,0.37423854,1.01429528,0.51681235,1.02798122,0.62032752,1.04057901
0.00329915,0.98204782,0.17904339,0.99910087,0.38163307,1.01419046,0.52520921,1.02786349,0.62835548,1.04043681
0.00339969,0.98185547,0.17995392,0.99894469,0.38022785,1.01406512,0.52088046,1.02777520,0.62125673,1.04039569
0.00352902,0.98166215,0.18583740,0.99879568,0.39163399,1.01393921,0.53533906,1.02766110,0.63709742,1.04029306
0.00373956,0.98159483,0.19234325,0.99874406,0.40285151,1.01391272,0.54902672,1.02766225,0.65193186,1.04031892
0.00349818,0.98167493,0.18708644,0.99886710,0.39758994,1.01407131,0.54646952,1.02785524,0.65283365,1.04055104
0.00341447,0.98201641,0.18363641,0.99924058,0.39205635,1.01448821,0.54099123,1.02832394,0.64865794,1.04107587
0.00353769,0.98228111,0.18600596,0.99937525,0.39432399,1.01451963,0.54190446,1.02827891,0.64764853,1.04098064
0.00348012,0.98209094,0.18487111,0.99920422,0.39304512,1.01439193,0.54069777,1.02821167,0.64635892,1.04098403
0.00348985,0.98210308,0.18695523,0.99917527,0.39791126,1.01435049,0.54718158,1.02818051,0.65366407,1.04098364
0.00338143,0.98220541,0.18264337,0.99932728,0.39062821,1.01455604,0.53980290,1.02844538,0.64811225,1.04131530
0.00343230,0.98211766,0.18301630,0.99924541,0.38991929,1.01448694,0.53787884,1.02838934,0.64528768,1.04126497
0.00313309,0.98214391,0.17421013,0.99928235,0.37600750,1.01452082,0.52267968,1.02840694,0.63077822,1.04125337
0.00324646,0.98232609,0.17839019,0.99939193,0.38271237,1.01458379,0.52909267,1.02843692,0.63533534,1.04125451
0.00316784,0.98242143,0.17618695,0.99946137,0.37956444,1.01462673,0.52595339,1.02846086,0.63252613,1.04127378
0.00290043,0.98240955,0.16815164,0.99937056,0.36694677,1.01443452,0.51143217,1.02814503,0.61691605,1.04081337
0.00303083,0.98232385,0.17228098,0.99930503,0.37324386,1.01438295,0.51839121,1.02809654,0.62419315,1.04075235
0.00317055,0.98205277,0.17582896,0.99902380,0.37696635,1.01408028,0.52038182,1.02776788,0.62414474,1.04039929
0.00329956,0.98193045,0.18180201,0.99889661,0.38891899,1.01395269,0.53586818,1.02763831,0.64145404,1.04026401
0.00346405,0.98205435,0.18720623,0.99910315,0.39783080,1.01424597,0.54613685,1.02802169,0.65221761,1.04073907
0.00318966,0.98204490,0.17985020,0.99911394,0.38781849,1.01428602,0.53617361,1.02809327,0.64268306,1.04083972
0.00329613,0.98186500,0.18334997,0.99897269,0.39337691,1.01418507,0.54262302,1.02803294,0.64969877,1.04082054
0.00336664,0.98213432,0.18812550,0.99926541,0.40227641,1.01451328,0.55210081,1.02840650,0.65737996,1.04124533
0.00314548,0.98219642,0.18264828,0.99921380,0.39600102,1.01437133,0.54779120,1.02818845,0.65559819,1.04096423
0.00299181,0.98234577,0.17690826,0.99940613,0.38642473,1.01458469,0.53698371,1.02840708,0.64480920,1.04118034
0.00278056,0.98259435,0.17138897,0.99971576,0.37902416,1.01494458,0.52888013,1.02880929,0.63539870,1.04161979
0.00296467,0.98244140,0.17970567,0.99957974,0.39388277,1.01485163,0.54637579,1.02877584,0.65361602,1.04165950
0.00291530,0.98230186,0.17929138,0.99948217,0.39336880,1.01479723,0.54464105,1.02876797,0.64975245,1.04170451
0.00293368,0.98244819,0.18052349,0.99972608,0.39551880,1.01513233,0.54690748,1.02919114,0.65159652,1.04221698
0.00280458,0.98230780,0.17472510,0.99947167,0.38452973,1.01476798,0.53252479,1.02871850,0.63449684,1.04163609
0.00273521,0.98225443,0.17298534,0.99939773,0.38195461,1.01466499,0.52966290,1.02858399,0.63178389,1.04146958
0.00256690,0.98223943,0.16546408,0.99934903,0.36955691,1.01458802,0.51598539,1.02848028,0.61787500,1.04133614
0.00271791,0.98221309,0.16681034,0.99939473,0.36636227,1.01468528,0.50622686,1.02861684,0.59993805,1.04150545
0.00283855,0.98212806,0.17182080,0.99930528,0.37556616,1.01458805,0.51828492,1.02851248,0.61532125,1.04139790
0.00259721,0.98192339,0.16426769,0.99900021,0.36640572,1.01417554,0.51208175,1.02798506,0.61385780,1.04074638
0.00268564,0.98184849,0.16737713,0.99894205,0.37100199,1.01414732,0.51658431,1.02799345,0.61791684,1.04079166
0.00286211,0.98177945,0.17182228,0.99884233,0.37502361,1.01402891,0.51743872,1.02786136,0.61442863,1.04064712
0.00290696,0.98150094,0.17642071,0.99855932,0.38689737,1.01373375,0.53616644,1.02755466,0.63999149,1.04033871
0.00288918,0.98162079,0.17652326,0.99876651,0.38752063,1.01401160,0.53734576,1.02788729,0.64214015,1.04070581
0.00301840,0.98185594,0.18096364,0.99900997,0.39408474,1.01424289,0.54370620,1.02808376,0.64730998,1.04084399
0.00268245,0.98197397,0.17226574,0.99913944,0.38405667,1.01440590,0.53596404,1.02829869,0.64268763,1.04112077
0.00237744,0.98187788,0.16107800,0.99900154,0.36738904,1.01424146,0.51875022,1.02811998,0.62675539,1.04093813
0.00251748,0.98172390,0.16137789,0.99882558,0.36031347,1.01405251,0.50299753,1.02793651,0.60315327,1.04078634
0.00253437,0.98179817,0.16415139,0.99884250,0.36695022,1.01402134,0.51178032,1.02785169,0.61267021,1.04063363
0.00259913,0.98206592,0.16662361,0.99911282,0.37065878,1.01428990,0.51517058,1.02810882,0.61485705,1.04086552
0.00231229,0.98198008,0.15809693,0.99900237,0.36054465,1.01415946,0.50708251,1.02795909,0.60953883,1.04069360
0.00225502,0.98220382,0.15531563,0.99914052,0.35461028,1.01422860,0.49698152,1.02797110,0.59328899,1.04065809
0.00227540,0.98250072,0.15760583,0.99945292,0.36100886,1.01457305,0.50752212,1.02835860,0.60868190,1.04109858
0.00202171,0.98250183,0.14398045,0.99950843,0.33632217,1.01465777,0.47685988,1.02846082,0.57244680,1.04121645
0.00241864,0.98251661,0.16135019,0.99951808,0.36502737,1.01465992,0.51059027,1.02845756,0.61086308,1.04121108
0.00214061,0.98267403,0.14986088,0.99966071,0.34584121,1.01479539,0.48752474,1.02858625,0.58455077,1.04132926
0.00204079,0.98261808,0.14786171,0.99960030,0.34665480,1.01468159,0.49282268,1.02837982,0.59465512,1.04099683
0.00216529,0.98238070,0.15212098,0.99935227,0.35163126,1.01441479,0.49602312,1.02808552,0.59482196,1.04066942
0.00207798,0.98237061,0.14803197,0.99928101,0.34661127,1.01429995,0.49450181,1.02794141,0.59995330,1.04050436
0.00223450,0.98246658,0.15534972,0.99937360,0.35891109,1.01440125,0.50813995,1.02805453,0.61312981,1.04062648
0.00211405,0.98263182,0.15251985,0.99957235,0.36014233,1.01464397,0.51613243,1.02834877,0.62756578,1.04098026
0.00182732,0.98283622,0.13767331,0.99978569,0.33645545,1.01487738,0.49149519,1.02860769,0.60416156,1.04126602
0.00226049,0.98267715,0.15544360,0.99962853,0.36142400,1.01471454,0.51514319,1.02843833,0.62474533,1.04109230
0.00220986,0.98275594,0.15509178,0.99969138,0.36442749,1.01475671,0.52216248,1.02845442,0.63525391,1.04107803
0.00210631,0.98285599,0.15007168,0.99975901,0.35623195,1.01479073,0.51367435,1.02845971,0.62763612,1.04105968
0.00178029,0.98294263,0.13180572,0.99978527,0.32444400,1.01476965,0.47923832,1.02840427,0.59485926,1.04098171
0.00181741,0.98319034,0.13379339,1.00001300,0.32670343,1.01498770,0.47969815,1.02861820,0.59307015,1.04119703
0.00189084,0.98311517,0.13815188,0.99989133,0.33407056,1.01481075,0.48700040,1.02838418,0.59892765,1.04090963
0.00186070,0.98314271,0.13961644,0.99988133,0.33934053,1.01476716,0.49373990,1.02830478,0.60483608,1.04078657
0.00195822,0.98292581,0.14307166,0.99963243,0.34240691,1.01448423,0.49436628,1.02797497,0.60313384,1.04039084
0.00196641,0.98300830,0.14250948,0.99965878,0.34034297,1.01445362,0.49031716,1.02789269,0.59662277,1.04026412
0.00168137,0.98320082,0.12529093,0.99991252,0.30656543,1.01476776,0.44476438,1.02826553,0.53505034,1.04069597
0.00172687,0.98346742,0.13284913,1.00017726,0.32692249,1.01503659,0.47739529,1.02854085,0.58477601,1.04097543
0.00190069,0.98344143,0.13830250,1.00011338,0.33133391,1.01495560,0.47841618,1.02846039,0.58259753,1.04091393
0.00173418,0.98376106,0.13128484,1.00037794,0.32303006,1.01517690,0.47357880,1.02864790,0.58239541,1.04107603
0.00150079,0.98386477,0.11673979,1.00047945,0.30060841,1.01527357,0.45402942,1.02873357,0.56871251,1.04114531
0.00177722,0.98375533,0.13413905,1.00031946,0.32629409,1.01507679,0.47339916,1.02850959,0.57652856,1.04090196
0.00118907,0.98382194,0.08250595,1.00034329,0.19995562,1.01505256,-0.20997556,1.02842859,-0.46016660,1.04075524
0.00097371,0.98377540,-0.04188969,1.00034865,-0.23389883,1.01510703,-0.38855833,1.02853185,-0.51015939,1.04091175
0.00063954,0.98353964,-0.10023284,1.00011737,-0.29710422,1.01488166,-0.45277821,1.02831500,-0.56973618,1.04070369
0.00054295,0.98320314,-0.11374566,0.99977592,-0.31989150,1.01453694,-0.47883827,1.02796559,-0.59557383,1.04034408
0.00039053,0.98333910,-0.12347509,0.99988328,-0.33047822,1.01460944,-0.48653736,1.02799648,-0.59967577,1.04032662
0.00041080,0.98307773,-0.12299771,0.99962555,-0.33263229,1.01434405,-0.49192926,1.02771831,-0.60755251,1.04003399
0.00019615,0.98312908,-0.13404288,0.99968561,-0.34332142,1.01442917,-0.49703842,1.02784427,-0.60619497,1.04021643
0.00033343,0.98322814,-0.12770624,0.99985692,-0.33640152,1.01469174,-0.49091587,1.02821435,-0.60067447,1.04070792
0.00050522,0.98353102,-0.11820243,1.00018842,-0.32707275,1.01506493,-0.48523060,1.02864064,-0.59858917,1.04119888
0.00034093,0.98356668,-0.13057908,1.00024173,-0.34631881,1.01514005,-0.50735803,1.02873610,-0.62191607,1.04130998
0.00005847,0.98348739,-0.14569787,1.00006681,-0.36630908,1.01487112,-0.52772988,1.02837038,-0.64223774,1.04084091
0.00003419,0.98340735,-0.14600991,0.99993583,-0.36555467,1.01470616,-0.52613163,1.02818138,-0.64028401,1.04063225
0.00017236,0.98340001,-0.14081534,0.99992440,-0.36061608,1.01468840,-0.52331258,1.02815497,-0.63970393,1.04059689
0.00048910,0.98360632,-0.12189230,1.00013716,-0.33638185,1.01490086,-0.50109100,1.02836714,-0.62165055,1.04081078
0.00056787,0.98371774,-0.11642364,1.00023054,-0.33158352,1.01497523,-0.49913339,1.02841762,-0.62242976,1.04083145
0.00024524,0.98356173,-0.13347649,1.00013178,-0.34991380,1.01493149,-0.51392548,1.02843515,-0.63342369,1.04092192
0.00035201,0.98354402,-0.12930558,1.00008873,-0.34652022,1.01487487,-0.51229222,1.02837062,-0.63322010,1.04084899
0.00037356,0.98376260,-0.12800128,1.00024059,-0.34407497,1.01498772,-0.50863661,1.02847085,-0.62841870,1.04095913
0.00007904,0.98379227,-0.14403509,1.00032925,-0.36388261,1.01512071,-0.52639209,1.02863374,-0.64302941,1.04114033
0.00003548,0.98382165,-0.14350236,1.00033204,-0.35853776,1.01510678,-0.51634061,1.02861512,-0.62937329,1.04112889
0.00003697,0.98354946,-0.14341008,0.99999417,-0.35767771,1.01469794,-0.51441285,1.02813498,-0.62641221,1.04057985
0.00007130,0.98355343,-0.14316314,1.00005973,-0.35756730,1.01480490,-0.51316797,1.02826929,-0.62322591,1.04073272
0.00002867,0.98326446,-0.14386382,0.99972923,-0.35668237,1.01443251,-0.51075292,1.02785769,-0.61999730,1.04028829
0.00009937,0.98315309,-0.14001482,0.99962133,-0.35137944,1.01432175,-0.50591528,1.02774028,-0.61669512,1.04016066
0.00026711,0.98313363,-0.12897074,0.99965116,-0.33241349,1.01439766,-0.48172654,1.02786063,-0.58849521,1.04032162
0.00030875,0.98295679,-0.12412292,0.99944051,-0.32245089,1.01417788,-0.46750029,1.02765365,-0.57046172,1.04014886
0.00014297,0.98276250,-0.13427502,0.99923780,-0.33754435,1.01395549,-0.48436256,1.02740393,-0.58801773,1.03986732
0.00034474,0.98243669,-0.12156751,0.99888118,-0.31866007,1.01356193,-0.46394227,1.02697443,-0.56815975,1.03940936
0.00031371,0.98268421,-0.12485079,0.99916612,-0.32357531,1.01388793,-0.46711734,1.02734126,-0.56631066,1.03981304
0.00043679,0.98271220,-0.12079599,0.99914146,-0.32324321,1.01379836,-0.47188157,1.02717482,-0.57587908,1.03955699
0.00051758,0.98246403,-0.11721125,0.99892940,-0.32193303,1.01363917,-0.47549732,1.02708132,-0.58614638,1.03953903
0.00064273,0.98216040,-0.10552524,0.99865428,-0.30821877,1.01337135,-0.46670073,1.02681725,-0.58470026,1.03928814
0.00029717,0.98172351,-0.12700376,0.99824387,-0.33267873,1.01298866,-0.48651818,1.02646255,-0.59803094,1.03895875
0.00030682,0.98184450,-0.12354677,0.99841236,-0.32426779,1.01322463,-0.47388315,1.02677891,-0.58196577,1.03935908
0.00062597,0.98204641,-0.09919289,0.99862461,-0.29042770,1.01344004,-0.43906809,1.02698568,-0.54958294,1.03954550
0.00054937,0.98185573,-0.10580543,0.99839865,-0.30201840,1.01316002,-0.45498135,1.02663506,-0.56870601,1.03911135
0.00057800,0.98159627,-0.10568843,0.99806601,-0.30406470,1.01277398,-0.45974606,1.02620411,-0.57650870,1.03863699
0.00060475,0.98164515,-0.09363033,0.99821694,-0.27043070,1.01300104,-0.40233467,1.02648711,-0.49681121,1.03895960
0.00068756,0.98194573,-0.08993993,0.99854507,-0.27412541,1.01334422,-0.41971520,1.02683683,-0.53085625,1.03930616
0.00083055,0.98235672,-0.06471359,0.99890746,-0.23384599,1.01366252,-0.35894060,1.02711106,-0.43417634,1.03953645
0.00081137,0.98243563,-0.07188619,0.99905167,-0.25177655,1.01382541,-0.39773659,1.02725819,-0.51138539,1.03964076
0.00085427,0.98219469,-0.06700517,0.99886237,-0.24914003,1.01368524,-0.40210635,1.02717050,-0.52731792,1.03961252
0.00108013,0.98223629,0.07737175,0.99886927,0.22961195,1.01365355,0.38924095,1.02709915,0.51431155,1.03950540
0.00111644,0.98204354,0.08279183,0.99864929,0.24157539,1.01341276,0.39906088,1.02684076,0.51924058,1.03923058
0.00147842,0.98205978,0.11930098,0.99865624,0.31006521,1.01341490,0.46531997,1.02684177,0.57639997,1.03923454
0.00136493,0.98212942,0.11415689,0.99874439,0.31092595,1.01352039,0.47646940,1.02696746,0.59740431,1.03938762
0.00118238,0.98209051,0.09369053,0.99869827,0.27237552,1.01347240,0.43731912,1.02692046,0.56171064,1.03934079
0.00113880,0.98231321,0.08023650,0.99894044,0.23518903,1.01374347,0.40039977,1.02722820,0.53298834,1.03969077
0.00108774,0.98235680,0.05898706,0.99905009,-0.15672405,1.01391449,0.21500747,1.02745495,0.43521727,1.03997045
0.00120989,0.98221211,0.07357552,0.99891933,0.16537501,1.01379680,0.32872232,1.02735425,0.48655102,1.03988958
0.00100560,0.98211794,0.04519261,0.99877130,0.15459231,1.01355903,0.37868658,1.02700648,0.53683227,1.03941849
0.00110007,0.98224134,0.06519523,0.99891189,0.19478409,1.01374973,0.38655933,1.02727102,0.53911641,1.03977598
0.00103062,0.98215844,0.07214556,0.99888211,0.24605443,1.01379183,0.43207631,1.02739815,0.57349848,1.03999854
0.00094906,0.98254361,-0.04977460,0.99931284,-0.21131403,1.01426312,-0.20564767,1.02790985,0.47305138,1.04055907
0.00101750,0.98264660,-0.05816031,0.99944007,-0.25529098,1.01442247,-0.41207945,1.02811254,-0.53318257,1.04082021
0.00108325,0.98286076,-0.01087215,0.99970578,-0.24137046,1.01472161,-0.40562080,1.02842836,-0.53379663,1.04113247
0.00101426,0.98258065,-0.06484929,0.99951112,-0.27109999,1.01458514,-0.43765990,1.02832249,-0.56444453,1.04103301
0.00083796,0.98251266,-0.09814596,0.99936664,-0.31034600,1.01437181,-0.47559652,1.02804307,-0.59623878,1.04068598
0.00105107,0.98268160,-0.07464404,0.99953143,-0.29066332,1.01452441,-0.46055484,1.02817468,-0.58503617,1.04078625
0.00126215,0.98244227,0.03075223,0.99935113,-0.27365286,1.01438921,-0.45099300,1.02807691,-0.57865160,1.04072157
0.00112291,0.98265191,-0.06704285,0.99953171,-0.29006071,1.01453401,-0.46264124,1.02817209,-0.58704068,1.04074941
0.00099343,0.98253436,-0.08683576,0.99942530,-0.30352775,1.01443172,-0.47096002,1.02807147,-0.59104732,1.04064964
