1.00000000,1.00000000,1.00000000,1.00000000,1.00000000,1.00000000,1.00000000,1.00000000,1.00000000,1.00000000
0.99798742,0.99807787,0.99816828,0.99825865,0.99834899,0.99843930,0.99852957,0.99861981,0.99871002,0.99880019
0.99614837,0.99632773,0.99650698,0.99668611,0.99686513,0.99704404,0.99722283,0.99740152,0.99758011,0.99775858
0.99434762,0.99461696,0.99488605,0.99515491,0.99542353,0.99569192,0.99596008,0.99622800,0.99649569,0.99676315
0.99228502,0.99264222,0.99299894,0.99335517,0.99371091,0.99406616,0.99442092,0.99477519,0.99512896,0.99548224
0.99019630,0.99064484,0.99109269,0.99153986,0.99198636,0.99243219,0.99287738,0.99332191,0.99376581,0.99420906
0.98825690,0.98879161,0.98932533,0.98985807,0.99038985,0.99092069,0.99145062,0.99197965,0.99250779,0.99303506
0.98615509,0.98677526,0.98739429,0.98801220,0.98862902,0.98924476,0.98985947,0.99047314,0.99108581,0.99169748
0.98409095,0.98479961,0.98550688,0.98621279,0.98691737,0.98762065,0.98832264,0.98902337,0.98972285,0.99042112
0.98219982,0.98299895,0.98379593,0.98459084,0.98538373,0.98617467,0.98696372,0.98775093,0.98853636,0.98932005
0.98029528,0.98118118,0.98206492,0.98294658,0.98382621,0.98470386,0.98557958,0.98645344,0.98732547,0.98819574
0.97840517,0.97937730,0.98034713,0.98131471,0.98228010,0.98324334,0.98420449,0.98516358,0.98612066,0.98707579
0.97648762,0.97755492,0.97861860,0.97967874,0.98073538,0.98178858,0.98283839,0.98388485,0.98492802,0.98596794
0.97461119,0.97577046,0.97692580,0.97807723,0.97922478,0.98036846,0.98150831,0.98264435,0.98377660,0.98490509
0.97275613,0.97401012,0.97525942,0.97650404,0.97774398,0.97897926,0.98020991,0.98143593,0.98265737,0.98387425
0.97083890,0.97218644,0.97352795,0.97486344,0.97619291,0.97751638,0.97883385,0.98014534,0.98145088,0.98275048
0.96898350,0.97041907,0.97184801,0.97327028,0.97468589,0.97609481,0.97749706,0.97889263,0.98028154,0.98166378
0.96712722,0.96865689,0.97017899,0.97169353,0.97320052,0.97469998,0.97619190,0.97767631,0.97915320,0.98062259
0.96522867,0.96684356,0.96844978,0.97004730,0.97163612,0.97321622,0.97478760,0.97635025,0.97790416,0.97944934
0.96338951,0.96509414,0.96678936,0.96847519,0.97015166,0.97181880,0.97347662,0.97512513,0.97676433,0.97839423
0.96132170,0.96311743,0.96490247,0.96667682,0.96844048,0.97019344,0.97193570,0.97366724,0.97538803,0.97709806
0.95942577,0.96130807,0.96317874,0.96503775,0.96688510,0.96872078,0.97054474,0.97235696,0.97415739,0.97594595
0.95745947,0.95943413,0.96139602,0.96334524,0.96528187,0.96720599,0.96911767,0.97101695,0.97290387,0.97477843
0.95560433,0.95767045,0.95972333,0.96176301,0.96378956,0.96580302,0.96780343,0.96979085,0.97176530,0.97372681
0.95372011,0.95586375,0.95799263,0.96010681,0.96220635,0.96429132,0.96636179,0.96841784,0.97045955,0.97248698
0.95195026,0.95418345,0.95639997,0.95859992,0.96078341,0.96295055,0.96510145,0.96723622,0.96935498,0.97145784
0.95018255,0.95250854,0.95481604,0.95710527,0.95937646,0.96162981,0.96386551,0.96608372,0.96828463,0.97046837
0.94825649,0.95066554,0.95305492,0.95542491,0.95777574,0.96010758,0.96242061,0.96471496,0.96699071,0.96924796
0.94633998,0.94882754,0.95129334,0.95373778,0.95616119,0.95856385,0.96094596,0.96330767,0.96564906,0.96797018
0.94444530,0.94701061,0.94955243,0.95207112,0.95456698,0.95704027,0.95949119,0.96191991,0.96432653,0.96671117
0.94257414,0.94522691,0.94785452,0.95045751,0.95303632,0.95559134,0.95812287,0.96063114,0.96311633,0.96557855
0.94071606,0.94345176,0.94616093,0.94884430,0.95150254,0.95413615,0.95674554,0.95933102,0.96189280,0.96443102
0.93880040,0.94162825,0.94442850,0.94720204,0.94994962,0.95267183,0.95536914,0.95804188,0.96069031,0.96331454
0.93682376,0.93975180,0.94264930,0.94551739,0.94835706,0.95116909,0.95395415,0.95671274,0.95944526,0.96215200
0.93493777,0.93796413,0.94095744,0.94391877,0.94684904,0.94974904,0.95261944,0.95546082,0.95827363,0.96105827
0.93323701,0.93635595,0.93943976,0.94248964,0.94550662,0.94849160,0.95144533,0.95436843,0.95726142,0.96012472
0.93144575,0.93465000,0.93781536,0.94094342,0.94403558,0.94709311,0.95011712,0.95310860,0.95606841,0.95899731
0.92961353,0.93290282,0.93615046,0.93935813,0.94252734,0.94565948,0.94875575,0.95181725,0.95484497,0.95783977
0.92771813,0.93111662,0.93447089,0.93778271,0.94105362,0.94428504,0.94747819,0.95063414,0.95375385,0.95683814
0.92586944,0.92935652,0.93279629,0.93619062,0.93954117,0.94284945,0.94611679,0.94934437,0.95253323,0.95568427
0.92393773,0.92751839,0.93104994,0.93453444,0.93797375,0.94136958,0.94472347,0.94803679,0.95131077,0.95454654
0.92212953,0.92579395,0.92940789,0.93297365,0.93649332,0.93996881,0.94340187,0.94679409,0.95014692,0.95346170
0.92017206,0.92393546,0.92764717,0.93130992,0.93492617,0.93849813,0.94202781,0.94551703,0.94896748,0.95238069
0.91841371,0.92225634,0.92604530,0.92978335,0.93347300,0.93711650,0.94071588,0.94427295,0.94778933,0.95126646
0.91654270,0.92044820,0.92429934,0.92809886,0.93184927,0.93555285,0.93921169,0.94282771,0.94640269,0.94993825
0.91470373,0.91869486,0.92263124,0.92651550,0.93035005,0.93413714,0.93787883,0.94157706,0.94523363,0.94885024
0.91293065,0.91701050,0.92103359,0.92500277,0.92892063,0.93278959,0.93661190,0.94038964,0.94412476,0.94781911
0.91104089,0.91520649,0.91931434,0.92336720,0.92736763,0.93131806,0.93522076,0.93907791,0.94289160,0.94666384
0.90926391,0.91351580,0.91770672,0.92183964,0.92591730,0.92994227,0.93391694,0.93784354,0.94172418,0.94556088
0.90750251,0.91184422,0.91612140,0.92033739,0.92449535,0.92859822,0.93264875,0.93664952,0.94060294,0.94451125
0.90573101,0.91016465,0.91453154,0.91883512,0.92307865,0.92726518,0.93139756,0.93547846,0.93951035,0.94349555
0.90386376,0.90839929,0.91286479,0.91726350,0.92159844,0.92587243,0.93008806,0.93424778,0.93835380,0.94240822
0.90206173,0.90668659,0.91123845,0.91572068,0.92013634,0.92448825,0.92877900,0.93301099,0.93718643,0.94130739
0.90035531,0.90506946,0.90970724,0.91427231,0.91876795,0.92319717,0.92756264,0.93186681,0.93611188,0.94029983
0.89852166,0.90330006,0.90799892,0.91262224,0.91717371,0.92165672,0.92607436,0.93042942,0.93472443,0.93896163
0.89677134,0.90164828,0.90644212,0.91115709,0.91579716,0.92036599,0.92486697,0.92930321,0.93367758,0.93799266
0.89497837,0.89995400,0.90484289,0.90964945,0.91437778,0.91903174,0.92361492,0.92813067,0.93258206,0.93697193
0.89313582,0.89819209,0.90315821,0.90803898,0.91283876,0.91756152,0.92221086,0.92679007,0.93130212,0.93574969
0.89131737,0.89646869,0.90152866,0.90650255,0.91139503,0.91621029,0.92095208,0.92562372,0.93022819,0.93476812
0.88950859,0.89471981,0.89983863,0.90487007,0.90981857,0.91468815,0.91948238,0.92420450,0.92885736,0.93344354
0.88773126,0.89302856,0.89823315,0.90335007,0.90838387,0.91333864,0.91821811,0.92302564,0.92776433,0.93243697
0.88598822,0.89138187,0.89667900,0.90188493,0.90700450,0.91204214,0.91700192,0.92188762,0.92670275,0.93145058
0.88411638,0.88959924,0.89498141,0.90026851,0.90546574,0.91057795,0.91560970,0.92056530,0.92544886,0.93026431
0.88224285,0.88781756,0.89328557,0.89865294,0.90392514,0.90910720,0.91420375,0.91921909,0.92415722,0.92902187
0.88058298,0.88624733,0.89180265,0.89725568,0.90261248,0.90787847,0.91305858,0.91815722,0.92317843,0.92812585
0.87890965,0.88469183,0.89036119,0.89592526,0.90139079,0.90676379,0.91204971,0.91725345,0.92237947,0.92743182
0.87711861,0.88298864,0.88874371,0.89439160,0.89993928,0.90539304,0.91075858,0.91604115,0.92124552,0.92637612
0.87541126,0.88136894,0.88720813,0.89293707,0.89856315,0.90409296,0.90953246,0.91488705,0.92016161,0.92536054
0.87371790,0.87976997,0.88569661,0.89150652,0.89720744,0.90280629,0.90830928,0.91372203,0.91904961,0.92429659
0.87185267,0.87799606,0.88400663,0.88989400,0.89566654,0.90133166,0.90689602,0.91236573,0.91774640,0.92304323
0.87023754,0.87646827,0.88256353,0.88853311,0.89438559,0.90012869,0.90576940,0.91131416,0.91676895,0.92213935
0.86859331,0.87490799,0.88108396,0.88713154,0.89305998,0.89887771,0.90459243,0.91021125,0.91574079,0.92118719
0.86678200,0.87319507,0.87946286,0.88559611,0.89160452,0.89749698,0.90328164,0.90896604,0.91455719,0.92006158
0.86502957,0.87154470,0.87790956,0.88413506,0.89023113,0.89620694,0.90207099,0.90783119,0.91349489,0.91906896
0.86328310,0.86986797,0.87629748,0.88258314,0.88873538,0.89476365,0.90067666,0.90648241,0.91218829,0.91780112
0.86145287,0.86812136,0.87462942,0.88098869,0.88720956,0.89330145,0.89927295,0.90513198,0.91088589,0.91654151
0.85975712,0.86652621,0.87312962,0.87957932,0.88588595,0.89205915,0.89810771,0.90403975,0.90986282,0.91558396
0.85800303,0.86487890,0.87158549,0.87813568,0.88454099,0.89081187,0.89695793,0.90298810,0.90891079,0.91473397
0.85625766,0.86322214,0.87001125,0.87663933,0.88311905,0.88946186,0.89567821,0.90177781,0.90776973,0.91366258
0.85450538,0.86154053,0.86839645,0.87508770,0.88162703,0.88802583,0.89429436,0.90044205,0.90647770,0.91240956
0.85282207,0.85993505,0.86686327,0.87362205,0.88022478,0.88668334,0.89300841,0.89920975,0.90529635,0.91127658
0.85089030,0.85808894,0.86509984,0.87193857,0.87861903,0.88515378,0.89155429,0.89783117,0.90399431,0.91005298
0.84935566,0.85665045,0.86374806,0.87066566,0.87741844,0.88402000,0.89048265,0.89681767,0.90303554,0.90914603
0.84770363,0.85509770,0.86228710,0.86928996,0.87612248,0.88279933,0.88933386,0.89573837,0.90202431,0.90820243
0.84596746,0.85345465,0.86073104,0.86781633,0.87472813,0.88148239,0.88809372,0.89457569,0.90094101,0.90720172
0.84415363,0.85174654,0.85912113,0.86629804,0.87329570,0.88013079,0.88681869,0.89337375,0.89980953,0.90613895
0.84241524,0.85010907,0.85757691,0.86484098,0.87192058,0.87883290,0.88559351,0.89221676,0.89871605,0.90510402
0.84080658,0.84858801,0.85613490,0.86347204,0.87062074,0.87759979,0.88442609,0.89111509,0.89768114,0.90413772
0.83895935,0.84682230,0.85444599,0.86185611,0.86907461,0.87612074,0.88301175,0.88976335,0.89639004,0.90290531
0.83729722,0.84525388,0.85296642,0.86046180,0.86776323,0.87489125,0.88186448,0.88870008,0.89541416,0.90202194
0.83576313,0.84380717,0.85160670,0.85918918,0.86657791,0.87379334,0.88085392,0.88777664,0.89457741,0.90127128
0.83398756,0.84211450,0.84998590,0.85763001,0.86507074,0.87232893,0.87942316,0.88637030,0.89318591,0.89988443
0.83239798,0.84061591,0.84857337,0.85629959,0.86381932,0.87115407,0.87832296,0.88534322,0.89223060,0.89899957
0.83079295,0.83911132,0.84716378,0.85498056,0.86258732,0.87000643,0.87725775,0.88435920,0.89132711,0.89817638
0.82912952,0.83754546,0.84568160,0.85356931,0.86123516,0.86870216,0.87599061,0.88311860,0.89010240,0.89695663
0.82758196,0.83606598,0.84425958,0.85219670,0.85990604,0.86741239,0.87473742,0.88190028,0.88891802,0.89580575
0.82591349,0.83447965,0.84274850,0.85075576,0.85853156,0.86610175,0.87348882,0.88071251,0.88779021,0.89473721
0.82427182,0.83291339,0.84125393,0.84932974,0.85717119,0.86480418,0.87225119,0.87953178,0.88666310,0.89366003
0.82263885,0.83137837,0.83981033,0.84797178,0.85589347,0.86360163,0.87111898,0.87846549,0.88565875,0.89271423
0.82083537,0.82967637,0.83820147,0.84644864,0.85444950,0.86223108,0.86981697,0.87722804,0.88448282,0.89159778
0.81912560,0.82805182,0.83665945,0.84498715,0.85306688,0.86092587,0.86858776,0.87607340,0.88340122,0.89058755
0.81738501,0.82640148,0.83509617,0.84350871,0.85167171,0.85961290,0.86735630,0.87492301,0.88233150,0.88959791
0.81568400,0.82480622,0.83359804,0.84209956,0.85034374,0.85835857,0.86616827,0.87379398,0.88125416,0.88856484
0.81410382,0.82331487,0.83218737,0.84076393,0.84907916,0.85716217,0.86503804,0.87272861,0.88025300,0.88762790
0.81238195,0.82168106,0.83063889,0.83929828,0.84769422,0.85585635,0.86381036,0.87157886,0.87918182,0.88663685
0.81068404,0.82007060,0.82911135,0.83785126,0.84632694,0.85456929,0.86260506,0.87045774,0.87814804,0.88569421
0.80888871,0.81838126,0.82751328,0.83633250,0.84487794,0.85318273,0.86127577,0.86918267,0.87692627,0.88452695
0.80725081,0.81684322,0.82606472,0.83496472,0.84358371,0.85195603,0.86011168,0.86807732,0.87587698,0.88353240
0.80571480,0.81540794,0.82472695,0.83372180,0.84243381,0.85089833,0.85914648,0.86720613,0.87510263,0.88285907
0.80402600,0.81380996,0.82321633,0.83229519,0.84108813,0.84963099,0.85795550,0.86609031,0.87406164,0.88189352
0.80243746,0.81229162,0.82176417,0.83090572,0.83975807,0.84835705,0.85673417,0.86491769,0.87293325,0.88080408
0.80096892,0.81091006,0.82045849,0.82966876,0.83858571,0.84724753,0.85568764,0.86393588,0.87201921,0.87996209
0.79947299,0.80950494,0.81913981,0.82843218,0.83742686,0.84616183,0.85467013,0.86298098,0.87112047,0.87911183
0.79777606,0.80790477,0.81762463,0.82699171,0.83605177,0.84484348,0.85340032,0.86175165,0.86992341,0.87793846
0.79618125,0.80643560,0.81627559,0.82575780,0.83492844,0.84382655,0.85248587,0.86093582,0.86920219,0.87730744
0.79432911,0.80466943,0.81458269,0.82412833,0.83335444,0.84230125,0.85100317,0.85948994,0.86778731,0.87591744
0.79265441,0.80307204,0.81305359,0.82266046,0.83194171,0.84093774,0.84968252,0.85820492,0.86652962,0.87467760
0.79109351,0.80162542,0.81171552,0.82142614,0.83080683,0.83989819,0.84873414,0.85734338,0.86575029,0.87397553
0.78957203,0.80018729,0.81035722,0.82014180,0.82958898,0.83873818,0.84762250,0.85627007,0.86470499,0.87294790
0.78801536,0.79872640,0.80898546,0.81885298,0.82837743,0.83759867,0.84655014,0.85526029,0.86375353,0.87205079
0.78644874,0.79724763,0.80758805,0.81753042,0.82712370,0.83640845,0.84541885,0.85418403,0.86272892,0.87107483
0.78485669,0.79574370,0.80615954,0.81616699,0.82581725,0.83515297,0.84421037,0.85302051,0.86161019,0.87000252
0.78328122,0.79426004,0.80475909,0.81484218,0.82456168,0.83396126,0.84307787,0.85194308,0.86058400,0.86902388
0.78159797,0.79268549,0.80328514,0.81346482,0.82328021,0.83277778,0.84199681,0.85097086,0.85972858,0.86829435
0.78011196,0.79127024,0.80193724,0.81218049,0.82205560,0.83160901,0.84087990,0.84990155,0.85870226,0.86730592
0.77859066,0.78980791,0.80052568,0.81081276,0.82072622,0.83031402,0.83961683,0.84866937,0.85750133,0.86613798
0.77700343,0.78831901,0.79912480,0.80948972,0.81947064,0.82911514,0.83846339,0.84754956,0.85640275,0.86504765
0.77544684,0.78686088,0.79776040,0.80821437,0.81827946,0.82800300,0.83742500,0.84657961,0.85549615,0.86419971
0.77389103,0.78538339,0.79635029,0.80686279,0.81697857,0.82674540,0.83620347,0.84538704,0.85432538,0.86304355
0.77233306,0.78391030,0.79496192,0.80555980,0.81576207,0.82561677,0.83516429,0.84443899,0.85347024,0.86228313
0.77086584,0.78255315,0.79369973,0.80438008,0.81465448,0.82457272,0.83417668,0.84350189,0.85257870,0.86143293
0.76934072,0.78111806,0.79234351,0.80309381,0.81343112,0.82340701,0.83306494,0.84244208,0.85157042,0.86047751
0.76783360,0.77970042,0.79100890,0.80183643,0.81224558,0.82228797,0.83200689,0.84143914,0.85061613,0.85956478
0.76635286,0.77828580,0.78965706,0.80054274,0.81100414,0.82109152,0.83084667,0.84030475,0.84949554,0.85844428
0.76494710,0.77698634,0.78845728,0.79943618,0.80998424,0.82015164,0.82998019,0.83950520,0.84875658,0.85775975
0.76340027,0.77553969,0.78709764,0.79815318,0.80876906,0.81899634,0.82887731,0.83844739,0.84773644,0.85676962
0.76168740,0.77391321,0.78554656,0.79666821,0.80734214,0.81762050,0.82754655,0.83715652,0.84648086,0.85554506
0.76021094,0.77252599,0.78423842,0.79543254,0.80617498,0.81652008,0.82651302,0.83619182,0.84558860,0.85473045
0.75867370,0.77108131,0.78288034,0.79415650,0.80497691,0.81539605,0.82545913,0.83520414,0.84466312,0.85386311
0.75733604,0.76979016,0.78162449,0.79292719,0.80376728,0.81420073,0.82427389,0.83402553,0.84348813,0.85268879
0.75595285,0.76852798,0.78047342,0.79187912,0.80281533,0.81333893,0.82349700,0.83332891,0.84286776,0.85214130
0.75435239,0.76700685,0.77902098,0.79048920,0.80148571,0.81207084,0.82229458,0.83219882,0.84181868,0.85118358
0.75267823,0.76541782,0.77751160,0.78905451,0.80012127,0.81077291,0.82106038,0.83102673,0.84070854,0.85013675
0.75112940,0.76396182,0.77613148,0.78773685,0.79885541,0.80955046,0.81987493,0.82987373,0.83958513,0.84904175
0.74946017,0.76240730,0.77468020,0.78637883,0.79758255,0.80835665,0.81875601,0.82882733,0.83861049,0.84813943
0.74786137,0.76089002,0.77323374,0.78499653,0.79626098,0.80709503,0.81755581,0.82769193,0.83754501,0.84715059
0.74637198,0.75952050,0.77196905,0.78382551,0.79517535,0.80608907,0.81662639,0.82683882,0.83677123,0.84646285
0.74469067,0.75793833,0.77046985,0.78239905,0.79381501,0.80479047,0.81538655,0.82565562,0.83564312,0.84538864
0.74319729,0.75658432,0.76923714,0.78127277,0.79278206,0.80383873,0.81450437,0.82483150,0.83486538,0.84464524
0.74169721,0.75517748,0.76791797,0.78003721,0.79162675,0.80276016,0.81349812,0.82389149,0.83398330,0.84381007
0.74030586,0.75384741,0.76664728,0.77882342,0.79046709,0.80165179,0.81243833,0.82287786,0.83301384,0.84288341
0.73889290,0.75253113,0.76541367,0.77766188,0.78936859,0.80060804,0.81144134,0.82191978,0.83208690,0.84197980
0.73732117,0.75103872,0.76399359,0.77630721,0.78807221,0.79936236,0.81023824,0.82075075,0.83094324,0.84085302
0.73590016,0.74972460,0.76276483,0.77514928,0.78697458,0.79831669,0.80923721,0.81978711,0.83000910,0.83993913
0.73438768,0.74831054,0.76143780,0.77390258,0.78580480,0.79722265,0.80821919,0.81884625,0.82914701,0.83915760
0.73310840,0.74712364,0.76033825,0.77288552,0.78486670,0.79636178,0.80743559,0.81814160,0.82852426,0.83862052
0.73163483,0.74575399,0.75906545,0.77170607,0.78378014,0.79537024,0.80654346,0.81735511,0.82785106,0.83806931
0.73022527,0.74444162,0.75783553,0.77054770,0.78268503,0.79433209,0.80555766,0.81641870,0.82696287,0.83723011
0.72873674,0.74306652,0.75656196,0.76936524,0.78158390,0.79330217,0.80458778,0.81549611,0.82607288,0.83635589
0.72718464,0.74162924,0.75522528,0.76811797,0.78041646,0.79220596,0.80355497,0.81451955,0.82514610,0.83547308
0.72577035,0.74031367,0.75399962,0.76697650,0.77935582,0.79122474,0.80265358,0.81370028,0.82441317,0.83483274
0.72413573,0.73876416,0.75253334,0.76559239,0.77805415,0.79000691,0.80152165,0.81265656,0.82345992,0.83397192
0.72253002,0.73724979,0.75110191,0.76423821,0.77677359,0.78879798,0.80038382,0.81159070,0.82246828,0.83305809
0.72109317,0.73592931,0.74988768,0.76312267,0.77575086,0.78786339,0.79953359,0.81082175,0.82177809,0.83244467
0.71977287,0.73469541,0.74872876,0.76202920,0.77471362,0.78687247,0.79857767,0.80988759,0.82085018,0.83150496
0.71856392,0.73361513,0.74776364,0.76116937,0.77395128,0.78620102,0.79799133,0.80938129,0.82041957,0.83114653
0.71709472,0.73222390,0.74643512,0.75989145,0.77271386,0.78499564,0.79681092,0.80821997,0.81927244,0.83000933
0.71558333,0.73084578,0.74517325,0.75873442,0.77165280,0.78402235,0.79591679,0.80739528,0.81850593,0.82928800
0.71425816,0.72959071,0.74398862,0.75761968,0.77060677,0.78304332,0.79500248,0.80654276,0.81771154,0.82854728
0.71296773,0.72840551,0.74289895,0.75661811,0.76968614,0.78219609,0.79422055,0.80581750,0.81703385,0.82790768
0.71168238,0.72722127,0.74180631,0.75561108,0.76876198,0.78135494,0.79346520,0.80515316,0.81646797,0.82744973
0.71032696,0.72598979,0.74069569,0.75462095,0.76789254,0.78060579,0.79283468,0.80463790,0.81606264,0.82714688
0.70894932,0.72476321,0.73959515,0.75362810,0.76699350,0.77978980,0.79209308,0.80396347,0.81544907,0.82658844
0.70770681,0.72364038,0.73858380,0.75272180,0.76618647,0.77907669,0.79146910,0.80342446,0.81499164,0.82620993
0.70619905,0.72221235,0.73721527,0.75139949,0.76490154,0.77782376,0.79024571,0.80223079,0.81383014,0.82508502
0.70477799,0.72088322,0.73596405,0.75021443,0.76377306,0.77674424,0.78920938,0.80123366,0.81287003,0.82416166
0.70320824,0.71941681,0.73458455,0.74891557,0.76255441,0.77560916,0.78816383,0.80028529,0.81202750,0.82343395
0.70171107,0.71801940,0.73327126,0.74767491,0.76137782,0.77449032,0.78709799,0.79926879,0.81105711,0.82250639
0.70017173,0.71658574,0.73192379,0.74640142,0.76017033,0.77334359,0.78600893,0.79823623,0.81008191,0.82159173
0.69882173,0.71531721,0.73072920,0.74527114,0.75909392,0.77231016,0.78500734,0.79725524,0.80911042,0.82061899
0.69750941,0.71409384,0.72958211,0.74418978,0.75806920,0.77133400,0.78407244,0.79635508,0.80823931,0.81977224
0.69602323,0.71270500,0.72826183,0.74291699,0.75682670,0.77010666,0.78284626,0.79511663,0.80697552,0.81847030
0.69453089,0.71131517,0.72695516,0.74167797,0.75564290,0.76896825,0.78174567,0.79404822,0.80593523,0.81745522
0.69315276,0.71006392,0.72581251,0.74063065,0.75467977,0.76807889,0.78091956,0.79327421,0.80520122,0.81674803
0.69185778,0.70886409,0.72468843,0.73956586,0.75366045,0.76709331,0.77995762,0.79232711,0.80426115,0.81580797
0.69041360,0.70751940,0.72341579,0.73834179,0.75246336,0.76590277,0.77875395,0.79109125,0.80297472,0.81445339
0.68901218,0.70620102,0.72215809,0.73712707,0.75127805,0.76473745,0.77760346,0.78995460,0.80185486,0.81335687
0.68756810,0.70486806,0.72091978,0.73597218,0.75019797,0.76372525,0.77665341,0.78906188,0.80101530,0.81256675
0.68614278,0.70350044,0.71958931,0.73466605,0.74890583,0.76243687,0.77535754,0.78774561,0.79966380,0.81116323
0.68471103,0.70216783,0.71834600,0.73350649,0.74782606,0.76143319,0.77442602,0.78688190,0.79886302,0.81041993
0.68346853,0.70100947,0.71725132,0.73245959,0.74681351,0.76044327,0.77344808,0.78590590,0.79787895,0.80941724
0.68202625,0.69966915,0.71600777,0.73131112,0.74576035,0.75948629,0.77258823,0.78514390,0.79721529,0.80885224
0.68071473,0.69844356,0.71484160,0.73018448,0.74465759,0.75839499,0.77149867,0.78404890,0.79611034,0.80773578
0.67934707,0.69717838,0.71367257,0.72910835,0.74367166,0.75749632,0.77068381,0.78331391,0.79545091,0.80714746
0.67803679,0.69596857,0.71254790,0.72805620,0.74268149,0.75655882,0.76979047,0.78245687,0.79462291,0.80634180
0.67670057,0.69473904,0.71140741,0.72699757,0.74170220,0.75565867,0.76897035,0.78171795,0.79396594,0.80576643
0.67529804,0.69339984,0.71012232,0.72576402,0.74052139,0.75453405,0.76790688,0.78072178,0.79304445,0.80492847
0.67388119,0.69210066,0.70891520,0.72463467,0.73945999,0.75353293,0.76695969,0.77982328,0.79219064,0.80411698
0.67257699,0.69085298,0.70770852,0.72345889,0.73830930,0.75240504,0.76585534,0.77874608,0.79114703,0.80311619
0.67121602,0.68959310,0.70653750,0.72237198,0.73730526,0.75148421,0.76501859,0.77799413,0.79047994,0.80253289
0.66972256,0.68822934,0.70527417,0.72119047,0.73619225,0.75042944,0.76401368,0.77703198,0.78955449,0.80163908
0.66833815,0.68696013,0.70409363,0.72007862,0.73513487,0.74941637,0.76303734,0.77608616,0.78863332,0.80073619
0.66712843,0.68583528,0.70303462,0.71907648,0.73418616,0.74852081,0.76219656,0.77530302,0.78791167,0.80008087
0.66576580,0.68459431,0.70188272,0.71799637,0.73316811,0.74755937,0.76128873,0.77444703,0.78710594,0.79932321
0.66439188,0.68329975,0.70064737,0.71680985,0.73202529,0.74645843,0.76023051,0.77343488,0.78614570,0.79842318
0.66304810,0.68208428,0.69953372,0.71578380,0.73107797,0.74558442,0.75942714,0.77270188,0.78548501,0.79783878
0.66163034,0.68073022,0.69823321,0.71452670,0.72985365,0.74438119,0.75823157,0.77149811,0.78425427,0.79655891
0.66027777,0.67947745,0.69705506,0.71340606,0.72877794,0.74334088,0.75721960,0.77050955,0.78328599,0.79560929
0.65899756,0.67825965,0.69588979,0.71228422,0.72768968,0.74227581,0.75616753,0.76946159,0.78223565,0.79455355
0.65775318,0.67708818,0.69476371,0.71118866,0.72661699,0.74122367,0.75513790,0.76846016,0.78127165,0.79363981
0.65658262,0.67601869,0.69378290,0.71028466,0.72577768,0.74043610,0.75438763,0.76773048,0.78054285,0.79288849
0.65518581,0.67476461,0.69263319,0.70921695,0.72477885,0.73949939,0.75351098,0.76691547,0.77979400,0.79221277
0.65371224,0.67340952,0.69135653,0.70799522,0.72359695,0.73834836,0.75238769,0.76582319,0.77874327,0.79122226
0.65240700,0.67223466,0.69028091,0.70699509,0.72265524,0.73745409,0.75153517,0.76501112,0.77797383,0.79050026
0.65114062,0.67106299,0.68918767,0.70597013,0.72169072,0.73654299,0.75067022,0.76418405,0.77717483,0.78971766
0.64976043,0.66979584,0.68801929,0.70488358,0.72066853,0.73556766,0.74972419,0.76324941,0.77623283,0.78874815
0.64857879,0.66871156,0.68701276,0.70394336,0.71978652,0.73473669,0.74893672,0.76249663,0.77550395,0.78802974
0.64714646,0.66735610,0.68573014,0.70273445,0.71865596,0.73369140,0.74798471,0.76164615,0.77476293,0.78740550
0.64587928,0.66618412,0.68463100,0.70169872,0.71767980,0.73277375,0.74712603,0.76084785,0.77402716,0.78673511
0.64470711,0.66509737,0.68360407,0.70071973,0.71674484,0.73188458,0.74628897,0.76007333,0.77332954,0.78613256
0.64347757,0.66394549,0.68250906,0.69966808,0.71572791,0.73089842,0.74533483,0.75915808,0.77246597,0.78533953
0.64224472,0.66282751,0.68148243,0.69871866,0.71484795,0.73008517,0.74459034,0.75848966,0.77188715,0.78487121
0.64088379,0.66159414,0.68035318,0.69768516,0.71391027,0.72924886,0.74386514,0.75788908,0.77142856,0.78457607
0.63960631,0.66043618,0.67928828,0.69669894,0.71299464,0.72839962,0.74308074,0.75716998,0.77077656,0.78399370
0.63828772,0.65920284,0.67811855,0.69558532,0.71193445,0.72739100,0.74212065,0.75625288,0.76989342,0.78313122
0.63705260,0.65808321,0.67708396,0.69462009,0.71102968,0.72654111,0.74132219,0.75550422,0.76919485,0.78248514
0.63585444,0.65697533,0.67605274,0.69365957,0.71013492,0.72570746,0.74054538,0.75478077,0.76852241,0.78186276
0.63454289,0.65576595,0.67493063,0.69261406,0.70915777,0.72479188,0.73968542,0.75397087,0.76775698,0.78113584
0.63331679,0.65460378,0.67382813,0.69157360,0.70818278,0.72388624,0.73885376,0.75321885,0.76709152,0.78056499
0.63204478,0.65344815,0.67276894,0.69059904,0.70728291,0.72305151,0.73807454,0.75248530,0.76639367,0.77989299
0.63095872,0.65243786,0.67180829,0.68966859,0.70636377,0.72212371,0.73711645,0.75147357,0.76530342,0.77869814
0.62951264,0.65109443,0.67054345,0.68846060,0.70519178,0.72096720,0.73595485,0.75028617,0.76406941,0.77739679
0.62818063,0.64984518,0.66934936,0.68730665,0.70407003,0.71987469,0.73489264,0.74925893,0.76308521,0.77646679
0.62688295,0.64865684,0.66824543,0.68627400,0.70310191,0.71896898,0.73405089,0.74848587,0.76238851,0.77585708
0.62552356,0.64736753,0.66700839,0.68508269,0.70195685,0.71787627,0.73302225,0.74753943,0.76154997,0.77516090
0.62432488,0.64624159,0.66593696,0.68405540,0.70096698,0.71691771,0.73208695,0.74661588,0.76062236,0.77420876
0.62301971,0.64504219,0.66480828,0.68297575,0.69992310,0.71590246,0.73109806,0.74565507,0.75969470,0.77332206
0.62159937,0.64370186,0.66351952,0.68172231,0.69869105,0.71467738,0.72986310,0.74438935,0.75837179,0.77190848
0.62029676,0.64250171,0.66239471,0.68066060,0.69768621,0.71372669,0.72896596,0.74354607,0.75758232,0.77117113
0.61911917,0.64140802,0.66136618,0.67968612,0.69675811,0.71283844,0.72811057,0.74271487,0.75676392,0.77035064
0.61784078,0.64023717,0.66028916,0.67869190,0.69583447,0.71197116,0.72728387,0.74191222,0.75596913,0.76954907
0.61660704,0.63908080,0.65918174,0.67761703,0.69477985,0.71092728,0.72624296,0.74086742,0.75491376,0.76847595
0.61534300,0.63789656,0.65806570,0.67656605,0.69379583,0.71001268,0.72539847,0.74009055,0.75419815,0.76781130
0.61397888,0.63660627,0.65682414,0.67536128,0.69262255,0.70886901,0.72428448,0.73900742,0.75314774,0.76679597
0.61282057,0.63550669,0.65576979,0.67433751,0.69161442,0.70786373,0.72327230,0.73798209,0.75210684,0.76574136
0.61154705,0.63433651,0.65468336,0.67332961,0.69068379,0.70701029,0.72249573,0.73728082,0.75147731,0.76517731
0.61034805,0.63324466,0.65366503,0.67236784,0.68976510,0.70612221,0.72162616,0.73641877,0.75061414,0.76430822
0.60905600,0.63209137,0.65261886,0.67140906,0.68888156,0.70530860,0.72088455,0.73575954,0.75005720,0.76388423
0.60783407,0.63096300,0.65155255,0.67038707,0.68788991,0.70433565,0.71992037,0.73479564,0.74908612,0.76289919
0.60682270,0.63004239,0.65070306,0.66960145,0.68716663,0.70367763,0.71933412,0.73429039,0.74867308,0.76259075
0.60561717,0.62893707,0.64969526,0.66868877,0.68634564,0.70294181,0.71867342,0.73369118,0.74811824,0.76205980
0.60458082,0.62801123,0.64884133,0.66788150,0.68556499,0.70217180,0.71790130,0.73290681,0.74731351,0.76122817
0.60336973,0.62693790,0.64787101,0.66699672,0.68475522,0.70143021,0.71722373,0.73229124,0.74675956,0.76073656
0.60230509,0.62596696,0.64699034,0.66620580,0.68405323,0.70081490,0.71669082,0.73183424,0.74636995,0.76040401
0.60123034,0.62493841,0.64599652,0.66524120,0.68311285,0.69989498,0.71578944,0.73095243,0.74551326,0.75958461
0.60010102,0.62392361,0.64507651,0.66440871,0.68236320,0.69922388,0.71519243,0.73042485,0.74505058,0.75918278
0.59906242,0.62299691,0.64423125,0.66361979,0.68160867,0.69848472,0.71445226,0.72966961,0.74426804,0.75836211
0.59786590,0.62188841,0.64319311,0.66263286,0.68065397,0.69754093,0.71349350,0.72866318,0.74317221,0.75712411
0.59673183,0.62085556,0.64223075,0.66172626,0.67979655,0.69673009,0.71272875,0.72794525,0.74250274,0.75650573
0.59555269,0.61977477,0.64120894,0.66074636,0.67884865,0.69580739,0.71182533,0.72705456,0.74161642,0.75561247
0.59437500,0.61873539,0.64026181,0.65987080,0.67803155,0.69503838,0.71109431,0.72635041,0.74092604,0.75491990
0.59305114,0.61755133,0.63918231,0.65888047,0.67712080,0.69420079,0.71032513,0.72564598,0.74028388,0.75433918
0.59179090,0.61640808,0.63814099,0.65792863,0.67624920,0.69340307,0.70959658,0.72498241,0.73968041,0.75378918
0.59052999,0.61525140,0.63704980,0.65688672,0.67524758,0.69243588,0.70865944,0.72407144,0.73879159,0.75291770
0.58931725,0.61415040,0.63602333,0.65591391,0.67431459,0.69153493,0.70778821,0.72323270,0.73799281,0.75217064
0.58815628,0.61314014,0.63512050,0.65510074,0.67358285,0.69088029,0.70720774,0.72272366,0.73755194,0.75179371
0.58709781,0.61216025,0.63419778,0.65422285,0.67274470,0.69008157,0.70645142,0.72201501,0.73689780,0.75120200
0.58593459,0.61108173,0.63318477,0.65326571,0.67183987,0.68922778,0.70564742,0.72125828,0.73618392,0.75052456
0.58492572,0.61016860,0.63235910,0.65252249,0.67117425,0.68863486,0.70512172,0.72079301,0.73576997,0.75014932
0.58374863,0.60906177,0.63129802,0.65149479,0.67016825,0.68763715,0.70411594,0.71975915,0.73468392,0.74898254
0.58260366,0.60798353,0.63028257,0.65054290,0.66928464,0.68682839,0.70338974,0.71912407,0.73414947,0.74855942
0.58147535,0.60695921,0.62933612,0.64966462,0.66847215,0.68608355,0.70271668,0.71852789,0.73363500,0.74813004
0.58026409,0.60582497,0.62826571,0.64865684,0.66753071,0.68521578,0.70193228,0.71783826,0.73305301,0.74767003
0.57904717,0.60471204,0.62723235,0.64769303,0.66663176,0.68438183,0.70116800,0.71715283,0.73245966,0.74718524
0.57788730,0.60361557,0.62616708,0.64663577,0.66556400,0.68328707,0.70003065,0.71595749,0.73119068,0.74582632
0.57678651,0.60263756,0.62529236,0.64585383,0.66487070,0.68268323,0.69952178,0.71555379,0.73090728,0.74568355
0.57574605,0.60169362,0.62442755,0.64505586,0.66413202,0.68199997,0.69889417,0.71498693,0.73041206,0.74527741
0.57466759,0.60073008,0.62353792,0.64421840,0.66332732,0.68120815,0.69809300,0.71415091,0.72951209,0.74428082
0.57363780,0.59982542,0.62273111,0.64349285,0.66266833,0.68060108,0.69752258,0.71360138,0.72896754,0.74372577
0.57258836,0.59887469,0.62185462,0.64268597,0.66193157,0.67993848,0.69694175,0.71311424,0.72859147,0.74348462
0.57156444,0.59792782,0.62096966,0.64186081,0.66116480,0.67922738,0.69628167,0.71249845,0.72801099,0.74292810
0.57047551,0.59693095,0.62002640,0.64095991,0.66029954,0.67839461,0.69548067,0.71173052,0.72727881,0.74223494
0.56951737,0.59607811,0.61924770,0.64023889,0.65962463,0.67775720,0.69487433,0.71115071,0.72672259,0.74170062
0.56843408,0.59506000,0.61827313,0.63930200,0.65872532,0.67689795,0.69405863,0.71038236,0.72600524,0.74103728
0.56727816,0.59402246,0.61731368,0.63839488,0.65785077,0.67603883,0.69320041,0.70951318,0.72511600,0.74012164
0.56601460,0.59286314,0.61623008,0.63737070,0.65686895,0.67508187,0.69224935,0.70854676,0.72410989,0.73904795
0.56471372,0.59173171,0.61522898,0.63647063,0.65604646,0.67431752,0.69152649,0.70785074,0.72342745,0.73836690
0.56376226,0.59088074,0.61446458,0.63578820,0.65544110,0.67378544,0.69106590,0.70746262,0.72311574,0.73813834
0.56258374,0.58985624,0.61354942,0.63495989,0.65468361,0.67308727,0.69041903,0.70686251,0.72256162,0.73763343
0.56155144,0.58891157,0.61266751,0.63412632,0.65388909,0.67232744,0.68969498,0.70618101,0.72193494,0.73707853
0.56043040,0.58787068,0.61168289,0.63319104,0.65300036,0.67148555,0.68890234,0.70544144,0.72125255,0.73645665
0.55922280,0.58672223,0.61057836,0.63212959,0.65198426,0.67051798,0.68798573,0.70457660,0.72043804,0.73568835
0.55793583,0.58554765,0.60948099,0.63109135,0.65099117,0.66956220,0.68706364,0.70368784,0.71958445,0.73487315
0.55686021,0.58459964,0.60863597,0.63034030,0.65032840,0.66898611,0.68657593,0.70329365,0.71929207,0.73469344
0.55595324,0.58375663,0.60780721,0.62950467,0.64947743,0.66811937,0.68569746,0.70240960,0.71840887,0.73381667
0.55479836,0.58270535,0.60684441,0.62862125,0.64866994,0.66738800,0.68504550,0.70184289,0.71793534,0.73344573
0.55383272,0.58183071,0.60604262,0.62789086,0.64801057,0.66680035,0.68452962,0.70139729,0.71755652,0.73312811
0.55284237,0.58091669,0.60517490,0.62705912,0.64721297,0.66603927,0.68380945,0.70072293,0.71693250,0.73255822
0.55173205,0.57989481,0.60420882,0.62613538,0.64632777,0.66519379,0.68300678,0.69996600,0.71622268,0.73189428
0.55066984,0.57894736,0.60334972,0.62535768,0.64563549,0.66459887,0.68252677,0.69962226,0.71603842,0.73189252
0.54967462,0.57805921,0.60253408,0.62460423,0.64493757,0.66394972,0.68191695,0.69903809,0.71546119,0.73129824
0.54852867,0.57704130,0.60161482,0.62377363,0.64418863,0.66327426,0.68130310,0.69846910,0.71491483,0.73074691
0.54749716,0.57607469,0.60069922,0.62289995,0.64335034,0.66246609,0.68052000,0.69770482,0.71416075,0.72999118
0.54631968,0.57497519,0.59964348,0.62186928,0.64233657,0.66146643,0.67953690,0.69674561,0.71323754,0.72912050
0.54532297,0.57407463,0.59881841,0.62110288,0.64161893,0.66079306,0.67890667,0.69615894,0.71269469,0.72862006
0.54435190,0.57316134,0.59794649,0.62026024,0.64079472,0.65997708,0.67808998,0.69533421,0.71185684,0.72776689
0.54323580,0.57223462,0.59715703,0.61957329,0.64018693,0.65943312,0.67759969,0.69489167,0.71145980,0.72741655
0.54223532,0.57128542,0.59624016,0.61867588,0.63929473,0.65853164,0.67667360,0.69392465,0.71043420,0.72631301
0.54102293,0.57022291,0.59527592,0.61779522,0.63849056,0.65780092,0.67601526,0.69333885,0.70992183,0.72587514
0.53986072,0.56917931,0.59432365,0.61692190,0.63768608,0.65705702,0.67532299,0.69268878,0.70930388,0.72527887
0.53889444,0.56826779,0.59344068,0.61605471,0.63682751,0.65620453,0.67448007,0.69186546,0.70851681,0.72455083
0.53795620,0.56743919,0.59269542,0.61537892,0.63621429,0.65565295,0.67399412,0.69145311,0.70818880,0.72431947
0.53686849,0.56650579,0.59185638,0.61461016,0.63549518,0.65496385,0.67331411,0.69075970,0.70745784,0.72352552
0.53581058,0.56554124,0.59094298,0.61373132,0.63463815,0.65411836,0.67247244,0.68991694,0.70661207,0.72267782
0.53464786,0.56448364,0.58995114,0.61279499,0.63375619,0.65329621,0.67172080,0.68925108,0.70605170,0.72224694
0.53359899,0.56353759,0.58908905,0.61200243,0.63302099,0.65260614,0.67106350,0.68861374,0.70542112,0.72160944
0.53250153,0.56251953,0.58810073,0.61102492,0.63204191,0.65161811,0.67006081,0.68759109,0.70437238,0.72052694
0.53139802,0.56149362,0.58712384,0.61008735,0.63113713,0.65074395,0.66921795,0.68678242,0.70360228,0.71980082
0.53035486,0.56054665,0.58624023,0.60925791,0.63035758,0.65001003,0.66852297,0.68611609,0.70295057,0.71914648
0.52946124,0.55975323,0.58552654,0.60860520,0.62974940,0.64942755,0.66794630,0.68552427,0.70232229,0.71846056
0.52830268,0.55866074,0.58448996,0.60761414,0.62878862,0.64847976,0.66699105,0.68453865,0.70128129,0.71733791
0.52740884,0.55785312,0.58374374,0.60692698,0.62816047,0.64791160,0.66648312,0.68408924,0.70088614,0.71698985
0.52647993,0.55705016,0.58303694,0.60630379,0.62761924,0.64746164,0.66614231,0.68388363,0.70084909,0.71716112
0.52542775,0.55609028,0.58212312,0.60541880,0.62675018,0.64660017,0.66528010,0.68301181,0.69995698,0.71623574
0.52426661,0.55501050,0.58108800,0.60440841,0.62574867,0.64559201,0.66424892,0.68194033,0.69882810,0.71503394
0.52336990,0.55420570,0.58035581,0.60374886,0.62516347,0.64508729,0.66383376,0.68162818,0.69863668,0.71498494
0.52211492,0.55308093,0.57930905,0.60274638,0.62418222,0.64410797,0.66284116,0.68060995,0.69758301,0.71388786
0.52109137,0.55215901,0.57844147,0.60191545,0.62337916,0.64332654,0.66207685,0.67985870,0.69684076,0.71315019
0.51988642,0.55104677,0.57740452,0.60094833,0.62247444,0.64247596,0.66127146,0.67908962,0.69610000,0.71243151
0.51892619,0.55015851,0.57657204,0.60017046,0.62175222,0.64181552,0.66068133,0.67857975,0.69568037,0.71211128
0.51788202,0.54925628,0.57576479,0.59943727,0.62107633,0.64118194,0.66007526,0.67798438,0.69507549,0.71147259
0.51693543,0.54848169,0.57509331,0.59885408,0.62057712,0.64077256,0.65976929,0.67780274,0.69504530,0.71162577
0.51591522,0.54753294,0.57417234,0.59793846,0.61965649,0.63984023,0.65882346,0.67684604,0.69408565,0.71067671
0.51485844,0.54655106,0.57322792,0.59701644,0.61874576,0.63893202,0.65791023,0.67592198,0.69314704,0.70972252
0.51373243,0.54550276,0.57223407,0.59606277,0.61782732,0.63804620,0.65705671,0.67510147,0.69236169,0.70897654
0.51266196,0.54451493,0.57129558,0.59516100,0.61695098,0.63718587,0.65620395,0.67424898,0.69150329,0.70810710
0.51164603,0.54359785,0.57043926,0.59435497,0.61618544,0.63645092,0.65548677,0.67353267,0.69076601,0.70732181
0.51053800,0.54258017,0.56948042,0.59343960,0.61530199,0.63559111,0.65464379,0.67270128,0.68994244,0.70650393
0.50946198,0.54157626,0.56852873,0.59253516,0.61444152,0.63477390,0.65387195,0.67197987,0.68927975,0.70591159
0.50849530,0.54069146,0.56767631,0.59170270,0.61362465,0.63396979,0.65307762,0.67119108,0.68849055,0.70511409
0.50750441,0.53980811,0.56685514,0.59092649,0.61288934,0.63327660,0.65243062,0.67059521,0.68794992,0.70463060
0.50645677,0.53888664,0.56601416,0.59015164,0.61217520,0.63262368,0.65184321,0.67007930,0.68751159,0.70427446
0.50540603,0.53793552,0.56510774,0.58925997,0.61127547,0.63169358,0.65086024,0.66901960,0.68635000,0.70298488
0.50437397,0.53700985,0.56428039,0.58853121,0.61064921,0.63117341,0.65044836,0.66871499,0.68614713,0.70287277
0.50333977,0.53602263,0.56334793,0.58767658,0.60989595,0.63054790,0.64997834,0.66842860,0.68607139,0.70303214
0.50237581,0.53514429,0.56250807,0.58686222,0.60910298,0.62978062,0.64924757,0.66775194,0.68547284,0.70254156
0.50133462,0.53416165,0.56154728,0.58591021,0.60816978,0.62888765,0.64842715,0.66704540,0.68492915,0.70221514
0.50014430,0.53309433,0.56056776,0.58500822,0.60733551,0.62811173,0.64770061,0.66636145,0.68428491,0.70161312
0.49905736,0.53213548,0.55967978,0.58416930,0.60652946,0.62732654,0.64692475,0.66558376,0.68349424,0.70079853
0.49813639,0.53129674,0.55889629,0.58343504,0.60584152,0.62668101,0.64631303,0.66498956,0.68289145,0.70015034
0.49722711,0.53048480,0.55813654,0.58271426,0.60515789,0.62603702,0.64571310,0.66443709,0.68238654,0.69968785
0.49614384,0.52956010,0.55727873,0.58189765,0.60436750,0.62526273,0.64494490,0.66366337,0.68159332,0.69885901
0.49513431,0.52867138,0.55646922,0.58116035,0.60370232,0.62467257,0.64443202,0.66322796,0.68123242,0.69856590
0.49415822,0.52779391,0.55563863,0.58035802,0.60291028,0.62387506,0.64361510,0.66238073,0.68034779,0.69764125
0.49314935,0.52684906,0.55472279,0.57944086,0.60196569,0.62287781,0.64254239,0.66121224,0.67906690,0.69623611
0.49229609,0.52607355,0.55400061,0.57875586,0.60131209,0.62225732,0.64196384,0.66069083,0.67862385,0.69589823
0.49151327,0.52545047,0.55345068,0.57825769,0.60084294,0.62179265,0.64147422,0.66014291,0.67798127,0.69512312
0.49050823,0.52457670,0.55266042,0.57754206,0.60019970,0.62122394,0.64098241,0.65972821,0.67763983,0.69484569
0.48943385,0.52360223,0.55172373,0.57663100,0.59931118,0.62036352,0.64015857,0.65895263,0.67692693,0.69421277
0.48830808,0.52263632,0.55084019,0.57582339,0.59857539,0.61969986,0.63956586,0.65842592,0.67645516,0.69377764
0.48725408,0.52165343,0.54989186,0.57487930,0.59761334,0.61869909,0.63850610,0.65728649,0.67521458,0.69241345
0.48612453,0.52062559,0.54890775,0.57391022,0.59663790,0.61770334,0.63747788,0.65621425,0.67408560,0.69121367
0.48507894,0.51966161,0.54795646,0.57295784,0.59567858,0.61673703,0.63650738,0.65524502,0.67312562,0.69027371
0.48409878,0.51874849,0.54709784,0.57214914,0.59491641,0.61602280,0.63584316,0.65463386,0.67257022,0.68977633
0.48317032,0.51787384,0.54627584,0.57138589,0.59421590,0.61538395,0.63525820,0.65408808,0.67204252,0.68924077
0.48228320,0.51708062,0.54554447,0.57072284,0.59363109,0.61488522,0.63485221,0.65377994,0.67183666,0.68914126
0.48125825,0.51615787,0.54467992,0.56990059,0.59284981,0.61414701,0.63416308,0.65314682,0.67126715,0.68864247
0.48025501,0.51531938,0.54392633,0.56920138,0.59217683,0.61347534,0.63346546,0.65239368,0.67042626,0.68767966
0.47935700,0.51448092,0.54309882,0.56836123,0.59130737,0.61256529,0.63250780,0.65138576,0.66936940,0.68657895
0.47847369,0.51369675,0.54236487,0.56765302,0.59060773,0.61185296,0.63176123,0.65058115,0.66848231,0.68558491
0.47732399,0.51271162,0.54148057,0.56684578,0.58985283,0.61112698,0.63103885,0.64983660,0.66769011,0.68472139
0.47637236,0.51186263,0.54066225,0.56604112,0.58903799,0.61028171,0.63014352,0.64887481,0.66664857,0.68359060
0.47540686,0.51105537,0.53992964,0.56534370,0.58835286,0.60959580,0.62945138,0.64817666,0.66594880,0.68289626
0.47434231,0.51006796,0.53900046,0.56446686,0.58752178,0.60880491,0.62869544,0.64745148,0.66525173,0.68222656
0.47347194,0.50933196,0.53832560,0.56384084,0.58693190,0.60824204,0.62815218,0.64692302,0.66473615,0.68172493
0.47258785,0.50849630,0.53748267,0.56296706,0.58600809,0.60725401,0.62708971,0.64577920,0.66350685,0.68040813
0.47175673,0.50779629,0.53686536,0.56241574,0.58550284,0.60677841,0.62662857,0.64531880,0.66303394,0.67990931
0.47073497,0.50689638,0.53606017,0.56169787,0.58486640,0.60621940,0.62614599,0.64491494,0.66271420,0.67968126
0.46996640,0.50618112,0.53538682,0.56105765,0.58424837,0.60561028,0.62552986,0.64427364,0.66202768,0.67892831
0.46902246,0.50529657,0.53452573,0.56022365,0.58344499,0.60484444,0.62480948,0.64360717,0.66142348,0.67839436
0.46803628,0.50443036,0.53369593,0.55942384,0.58267384,0.60410282,0.62409651,0.64291930,0.66075429,0.67773490
0.46706053,0.50362178,0.53297470,0.55876560,0.58206789,0.60353910,0.62356870,0.64242218,0.66028473,0.67729115
0.46609856,0.50274080,0.53216274,0.55801504,0.58137201,0.60289592,0.62297881,0.64188792,0.65980824,0.67687300
0.46508287,0.50190184,0.53139349,0.55729127,0.58067683,0.60222153,0.62232096,0.64124629,0.65918656,0.67627949
0.46417745,0.50108855,0.53064148,0.55659861,0.58004303,0.60164837,0.62180930,0.64079628,0.65879780,0.67595196
0.46346089,0.50045066,0.53002399,0.55598567,0.57943037,0.60103838,0.62120966,0.64021754,0.65825242,0.67545292
0.46248377,0.49963472,0.52929249,0.55531753,0.57881150,0.60046423,0.62068046,0.63973857,0.65783294,0.67510572
0.46157793,0.49884336,0.52856290,0.55465090,0.57821688,0.59996065,0.62029273,0.63949632,0.65776779,0.67524864
0.46074061,0.49809911,0.52788436,0.55404032,0.57767829,0.59949978,0.61991803,0.63921925,0.65760288,0.67521301
0.45981668,0.49728802,0.52713135,0.55334414,0.57704034,0.59893556,0.61944876,0.63887263,0.65741016,0.67520732
0.45878691,0.49642263,0.52634921,0.55261410,0.57634224,0.59825469,0.61877413,0.63819684,0.65673012,0.67452448
0.45796705,0.49564742,0.52559476,0.55187512,0.57561250,0.59753003,0.61804861,0.63746309,0.65597838,0.67374293
0.45703116,0.49479937,0.52480470,0.55112759,0.57489482,0.59682732,0.61734299,0.63673236,0.65519613,0.67287874
0.45614417,0.49404848,0.52415104,0.55056357,0.57441589,0.59642088,0.61699054,0.63640834,0.65486937,0.67251344
0.45527862,0.49331130,0.52348313,0.54995634,0.57386853,0.59593915,0.61658269,0.63608377,0.65463824,0.67238672
0.45423362,0.49237261,0.52258369,0.54906360,0.57297063,0.59503516,0.61568253,0.63520659,0.65381215,0.67164775
0.45339805,0.49163253,0.52188993,0.54840883,0.57234994,0.59445190,0.61514409,0.63472396,0.65339880,0.67131902
0.45251994,0.49086746,0.52116526,0.54770097,0.57164255,0.59373439,0.61440761,0.63396034,0.65259880,0.67047114
0.45140936,0.48986824,0.52024256,0.54683812,0.57082531,0.59294361,0.61361989,0.63314750,0.65172974,0.66951375
0.45048394,0.48905518,0.51949696,0.54614584,0.57017184,0.59231712,0.61300596,0.63252853,0.65108306,0.66881131
0.44962471,0.48831488,0.51883285,0.54556988,0.56969569,0.59195675,0.61277867,0.63245331,0.65117979,0.66910007
0.44862513,0.48739817,0.51793796,0.54468391,0.56879739,0.59102912,0.61180355,0.63141364,0.65005903,0.66788256
0.44765989,0.48652865,0.51713329,0.54393633,0.56810075,0.59037968,0.61119765,0.63084883,0.64953447,0.66740008
0.44679584,0.48570991,0.51633837,0.54315263,0.56731693,0.58958768,0.61039501,0.63003991,0.64873124,0.66662231
0.44595328,0.48499901,0.51569189,0.54255735,0.56676648,0.58908895,0.60996642,0.62971374,0.64855466,0.66665779
0.44498032,0.48407924,0.51483452,0.54178366,0.56609297,0.58853111,0.60953974,0.62943405,0.64843767,0.66671835
0.44413491,0.48338263,0.51422178,0.54123445,0.56559429,0.58807629,0.60912830,0.62907085,0.64813437,0.66649428
0.44313069,0.48248602,0.51337132,0.54038422,0.56471323,0.58713143,0.60808498,0.62788890,0.64676825,0.66489337
0.44217592,0.48164721,0.51258426,0.53963689,0.56398374,0.58640451,0.60734402,0.62712120,0.64596558,0.66405479
0.44141435,0.48097763,0.51197322,0.53907955,0.56347205,0.58593309,0.60691243,0.62673615,0.64564170,0.66381445
0.44052348,0.48020395,0.51125967,0.53841962,0.56286204,0.58537490,0.60640880,0.62629170,0.64526270,0.66350993
0.43970141,0.47941291,0.51047418,0.53763829,0.56208073,0.58458595,0.60559729,0.62543298,0.64432049,0.66243517
0.43884100,0.47864620,0.50975799,0.53694554,0.56139718,0.58389969,0.60489833,0.62471192,0.64356918,0.66164731
0.43799147,0.47790276,0.50904398,0.53622881,0.56064825,0.58308799,0.60399479,0.62368697,0.64239260,0.66028657
0.43709528,0.47704033,0.50820002,0.53538054,0.55978281,0.58219216,0.60306122,0.62271545,0.64139332,0.65928233
0.43622668,0.47623885,0.50741100,0.53460003,0.55900260,0.58141004,0.60228143,0.62195264,0.64067569,0.65865410
0.43536838,0.47549154,0.50671148,0.53392517,0.55834229,0.58076536,0.60166130,0.62137094,0.64014871,0.65819774
0.43467999,0.47494095,0.50624160,0.53350047,0.55793240,0.58033060,0.60115569,0.62073982,0.63932905,0.65711723
0.43372385,0.47407973,0.50543363,0.53273131,0.55719200,0.57961900,0.60047984,0.62011500,0.63877897,0.65667473
0.43273472,0.47323270,0.50466011,0.53203025,0.55656648,0.57907686,0.60002926,0.61976330,0.63853147,0.65653356
0.43193248,0.47247052,0.50392624,0.53131625,0.55586333,0.57837016,0.59930242,0.61899842,0.63770979,0.65563514
0.43112598,0.47172944,0.50320815,0.53063332,0.55523376,0.57781964,0.59886551,0.61872145,0.63765290,0.65587283
0.43022713,0.47087701,0.50233776,0.52973484,0.55429852,0.57684536,0.59785073,0.61766545,0.63655396,0.65472721
0.42926409,0.47002986,0.50154767,0.52900016,0.55360623,0.57618076,0.59719111,0.61698229,0.63581400,0.65389548
0.42840790,0.46928038,0.50084409,0.52833593,0.55297305,0.57557888,0.59662586,0.61646544,0.63536417,0.65353903
0.42769420,0.46871158,0.50036482,0.52794104,0.55265961,0.57534986,0.59648211,0.61640492,0.63537869,0.65361274
0.42678689,0.46790971,0.49961623,0.52723343,0.55198300,0.57469733,0.59584657,0.61578083,0.63476293,0.65300603
0.42597825,0.46728844,0.49910239,0.52681118,0.55163292,0.57440710,0.59560916,0.61559732,0.63464314,0.65296848
0.42513314,0.46650346,0.49837371,0.52612155,0.55097834,0.57378586,0.59502843,0.61507311,0.63420340,0.65265405
0.42438413,0.46577339,0.49764677,0.52540195,0.55026706,0.57307402,0.59429870,0.61429627,0.63333689,0.65164064
0.42360029,0.46510253,0.49703564,0.52483501,0.54973103,0.57254948,0.59375695,0.61369609,0.63262356,0.65074573
0.42270262,0.46424937,0.49617032,0.52394493,0.54881020,0.57160308,0.59279392,0.61272625,0.63165627,0.64978975
0.42183380,0.46346159,0.49545302,0.52329937,0.54822064,0.57104480,0.59222954,0.61210428,0.63090891,0.64883121
0.42106712,0.46280369,0.49484133,0.52271388,0.54765675,0.57050276,0.59171635,0.61163479,0.63050845,0.64853711
0.42025855,0.46206419,0.49412936,0.52202518,0.54698064,0.56982700,0.59102166,0.61089595,0.62969470,0.64761385
0.41927910,0.46122723,0.49334497,0.52129349,0.54628799,0.56916231,0.59036754,0.61023285,0.62900037,0.64686454
0.41834985,0.46034265,0.49245550,0.52038878,0.54535690,0.56819294,0.58934733,0.60914757,0.62783336,0.64559571
0.41736559,0.45953010,0.49174118,0.51976839,0.54482512,0.56775242,0.58900319,0.60891049,0.62771977,0.64562829
0.41658485,0.45881553,0.49105158,0.51909397,0.54415837,0.56709099,0.58834581,0.60825703,0.62706956,0.64498016
0.41575952,0.45816761,0.49050742,0.51862395,0.54374696,0.56672846,0.58802805,0.60798413,0.62684651,0.64481744
0.41488140,0.45741921,0.48983996,0.51803101,0.54321352,0.56624005,0.58756709,0.60753178,0.62638421,0.64432894
0.41402891,0.45675273,0.48924217,0.51748015,0.54269187,0.56574234,0.58709909,0.60711338,0.62605189,0.64413770
0.41315734,0.45598070,0.48849962,0.51676227,0.54200252,0.56509278,0.58649962,0.60657051,0.62556471,0.64369562
0.41243263,0.45539117,0.48798048,0.51631159,0.54161160,0.56476119,0.58622079,0.60633011,0.62533380,0.64342691
0.41165963,0.45468764,0.48728718,0.51561606,0.54091095,0.56406984,0.58556668,0.60575943,0.62491312,0.64324591
0.41096149,0.45403899,0.48662828,0.51494931,0.54023104,0.56337725,0.58485956,0.60503853,0.62418166,0.64251230
0.41022374,0.45338471,0.48600879,0.51435974,0.53965641,0.56280153,0.58425747,0.60437779,0.62342035,0.64159876
0.40931914,0.45255013,0.48522117,0.51363258,0.53898546,0.56218624,0.58369802,0.60388245,0.62300691,0.64129751
0.40844683,0.45177986,0.48449837,0.51295736,0.53836314,0.56161778,0.58318306,0.60341843,0.62259297,0.64093680
0.40758784,0.45104758,0.48378930,0.51225217,0.53763031,0.56083103,0.58231024,0.60242531,0.62143924,0.63957582
0.40678363,0.45037313,0.48315388,0.51164870,0.53704994,0.56027248,0.58177308,0.60190681,0.62093086,0.63906058
0.40605519,0.44972502,0.48254099,0.51107156,0.53650878,0.55977765,0.58133797,0.60154923,0.62066960,0.63891403
0.40501574,0.44881259,0.48169136,0.51028824,0.53577903,0.55910072,0.58070854,0.60096394,0.62012396,0.63840552
0.40422187,0.44804646,0.48094935,0.50955777,0.53504619,0.55834953,0.57992250,0.60012557,0.61921404,0.63740266
0.40337402,0.44727729,0.48021112,0.50884198,0.53433481,0.55763165,0.57918698,0.59936600,0.61842700,0.63658928
0.40253427,0.44650630,0.47942765,0.50805342,0.53354059,0.55683969,0.57840085,0.59859104,0.61766730,0.63585043
0.40191208,0.44599075,0.47892865,0.50755406,0.53304026,0.55636074,0.57798047,0.59828829,0.61756302,0.63605307
0.40108329,0.44526135,0.47823782,0.50688798,0.53238700,0.55571847,0.57735212,0.59768479,0.61700090,0.63555510
0.40016584,0.44447152,0.47751522,0.50622903,0.53177188,0.55513460,0.57678450,0.59712054,0.61642714,0.63495850
0.39932477,0.44378493,0.47692442,0.50571070,0.53129621,0.55467015,0.57629241,0.59655064,0.61571518,0.63402466
0.39867493,0.44321985,0.47632872,0.50506910,0.53059128,0.55389265,0.57542782,0.59558074,0.61461419,0.63276040
0.39773862,0.44243372,0.47557619,0.50434486,0.52988948,0.55321910,0.57478710,0.59497485,0.61403582,0.63218943
0.39683173,0.44160372,0.47479396,0.50360365,0.52918308,0.55254259,0.57413816,0.59435569,0.61345488,0.63166309
0.39601925,0.44086543,0.47411137,0.50296026,0.52856835,0.55195568,0.57358833,0.59386349,0.61305349,0.63140142
0.39546604,0.44041576,0.47372752,0.50262324,0.52827528,0.55169848,0.57336567,0.59367147,0.61288986,0.63126079
0.39459718,0.43972453,0.47311571,0.50205969,0.52774965,0.55120701,0.57291661,0.59327673,0.61256709,0.63102906
0.39365957,0.43887766,0.47226971,0.50122209,0.52690918,0.55035746,0.57204404,0.59236665,0.61159780,0.62997326
0.39281741,0.43820801,0.47168250,0.50071752,0.52647557,0.54999779,0.57176757,0.59219329,0.61155661,0.63010215
0.39198585,0.43753572,0.47106467,0.50011621,0.52586160,0.54935559,0.57109184,0.59148666,0.61082852,0.62936554
0.39125884,0.43690040,0.47047874,0.49955490,0.52531376,0.54880255,0.57051758,0.59086834,0.61013988,0.62857397
0.39056317,0.43633851,0.46997069,0.49908444,0.52485910,0.54835403,0.57007020,0.59042363,0.60970565,0.62816415
0.38976064,0.43564559,0.46930146,0.49842722,0.52419184,0.54765521,0.56930318,0.58953934,0.60863565,0.62681999
0.38901511,0.43504410,0.46875633,0.49795052,0.52377883,0.54731020,0.56903105,0.58934859,0.60854189,0.62684692
0.38822761,0.43439811,0.46816279,0.49739112,0.52323754,0.54677737,0.56850328,0.58882750,0.60803853,0.62638276
0.38747516,0.43371675,0.46754883,0.49684572,0.52276636,0.54640157,0.56825809,0.58876932,0.60824528,0.62695587
0.38683318,0.43315883,0.46706239,0.49642200,0.52240911,0.54612202,0.56807842,0.58872414,0.60838571,0.62735159
0.38613549,0.43256994,0.46655524,0.49599132,0.52204667,0.54581931,0.56782448,0.58850122,0.60816565,0.62709096
0.38529518,0.43177297,0.46576625,0.49520672,0.52124616,0.54498097,0.56691046,0.58746221,0.60693426,0.62558282
0.38457874,0.43121795,0.46528513,0.49478833,0.52085453,0.54458909,0.56648521,0.58696791,0.60632963,0.62482100
0.38399394,0.43075776,0.46489060,0.49444949,0.52056230,0.54435802,0.56634877,0.58698753,0.60659867,0.62547047
0.38327195,0.43013039,0.46429021,0.49390606,0.52006939,0.54392545,0.56598020,0.58669467,0.60639850,0.62539067
0.38236661,0.42938155,0.46355019,0.49315792,0.51927086,0.54304775,0.56498318,0.58553609,0.60502643,0.62374362
0.38158915,0.42880155,0.46304633,0.49269878,0.51884421,0.54265516,0.56463013,0.58523159,0.60477719,0.62355309
0.38089553,0.42816507,0.46240841,0.49204977,0.51817361,0.54195014,0.56386871,0.58437824,0.60377758,0.62233137
0.38016639,0.42756501,0.46186706,0.49153355,0.51765540,0.54141547,0.56331689,0.58382568,0.60326061,0.62190916
0.37951373,0.42696964,0.46129451,0.49096011,0.51707917,0.54084861,0.56277711,0.58333842,0.60285564,0.62162357
0.37879496,0.42639401,0.46075332,0.49043921,0.51656184,0.54032810,0.56225339,0.58281643,0.60234403,0.62113209
0.37804653,0.42572876,0.46006786,0.48974109,0.51585836,0.53963610,0.56158777,0.58218880,0.60175759,0.62057958
0.37728195,0.42513159,0.45956551,0.48930611,0.51547635,0.53929452,0.56128054,0.58191494,0.60152515,0.62040591
0.37650752,0.42443252,0.45888186,0.48862274,0.51478829,0.53858565,0.56054053,0.58112622,0.60067114,0.61946702
0.37574235,0.42379179,0.45827814,0.48802574,0.51417195,0.53791733,0.55978005,0.58022112,0.59955323,0.61804861
0.37492068,0.42312931,0.45768440,0.48748640,0.51365943,0.53740682,0.55924182,0.57961512,0.59882466,0.61712186
0.37409638,0.42242801,0.45705274,0.48692870,0.51317718,0.53700469,0.55892811,0.57940221,0.59872887,0.61716327
0.37348746,0.42187969,0.45652373,0.48643161,0.51272320,0.53661142,0.55861386,0.57918697,0.59863205,0.61720221
0.37290950,0.42133625,0.45597292,0.48587348,0.51218919,0.53613904,0.55825100,0.57898972,0.59866854,0.61755414
0.37206273,0.42059152,0.45525556,0.48516476,0.51149950,0.53547213,0.55761829,0.57839467,0.59811251,0.61703135
0.37137767,0.42005408,0.45478973,0.48474311,0.51111293,0.53512037,0.55730724,0.57813721,0.59792784,0.61694576
0.37054459,0.41938846,0.45422371,0.48426197,0.51071283,0.53480504,0.55709558,0.57806735,0.59806336,0.61737826
0.36977281,0.41861297,0.45339686,0.48340486,0.50983385,0.53391758,0.55620301,0.57716867,0.59714585,0.61641635
0.36915740,0.41808531,0.45293420,0.48298681,0.50944609,0.53353936,0.55580539,0.57671042,0.59656830,0.61563973
0.36842797,0.41750447,0.45241725,0.48253449,0.50903745,0.53317785,0.55549183,0.57645883,0.59639733,0.61557777
0.36767333,0.41686299,0.45181758,0.48194180,0.50841169,0.53248037,0.55468592,0.57551340,0.59529106,0.61430251
0.36672640,0.41601996,0.45098701,0.48113724,0.50762591,0.53172052,0.55394602,0.57478121,0.59453855,0.61348464
0.36599564,0.41540456,0.45037986,0.48053669,0.50701192,0.53108307,0.55327337,0.57406432,0.59377066,0.61266295
0.36542104,0.41494206,0.44997314,0.48017455,0.50670005,0.53082126,0.55306940,0.57392264,0.59369855,0.61266676
0.36467868,0.41428811,0.44929365,0.47946418,0.50594324,0.53001555,0.55220416,0.57298709,0.59267535,0.61153557
0.36395542,0.41380479,0.44891410,0.47917860,0.50573427,0.52988947,0.55217970,0.57310348,0.59299258,0.61213574
0.36323495,0.41324261,0.44846477,0.47883094,0.50548456,0.52972536,0.55208129,0.57304272,0.59293492,0.61204214
0.36259236,0.41270766,0.44796704,0.47833200,0.50495008,0.52913074,0.55140618,0.57227230,0.59205866,0.61105554
0.36179055,0.41205575,0.44737023,0.47776997,0.50438251,0.52852109,0.55070816,0.57143183,0.59100626,0.60970414
0.36107338,0.41133454,0.44663036,0.47701036,0.50359562,0.52769123,0.54981559,0.57044516,0.58988539,0.60839768
0.36038826,0.41073459,0.44604762,0.47646149,0.50307374,0.52720262,0.54936198,0.57003218,0.58951687,0.60807781
0.35965299,0.41009155,0.44540501,0.47581021,0.50238024,0.52645260,0.54852867,0.56909154,0.58843590,0.60681985
0.35888063,0.40946957,0.44483776,0.47531776,0.50197787,0.52617200,0.54840523,0.56917237,0.58877899,0.60749802
0.35823959,0.40892984,0.44432514,0.47480059,0.50143227,0.52557199,0.54772612,0.56838463,0.58785177,0.60639967
0.35753769,0.40828156,0.44370967,0.47417970,0.50078861,0.52487318,0.54694776,0.56749517,0.58682240,0.60519835
0.35679529,0.40768404,0.44317475,0.47372015,0.50037562,0.52451497,0.54664077,0.56725786,0.58667197,0.60516358
0.35609174,0.40709355,0.44259722,0.47313278,0.49974862,0.52383476,0.54589112,0.56642806,0.58574975,0.60413791
0.35539466,0.40657806,0.44216442,0.47278273,0.49947193,0.52363526,0.54576679,0.56637106,0.58573891,0.60413654
0.35467645,0.40599799,0.44165253,0.47233741,0.49908136,0.52329841,0.54548245,0.56613999,0.58556135,0.60401016
0.35399306,0.40544518,0.44115991,0.47190543,0.49872232,0.52303708,0.54536356,0.56622466,0.58593370,0.60477424
0.35334194,0.40490010,0.44064499,0.47143569,0.49828289,0.52263150,0.54498197,0.56586530,0.58559042,0.60444639
0.35272272,0.40429831,0.44005188,0.47086201,0.49775757,0.52218590,0.54464640,0.56566388,0.58553685,0.60453923
0.35190946,0.40367194,0.43951822,0.47042378,0.49741189,0.52194559,0.54453249,0.56571486,0.58580802,0.60510606
0.35130707,0.40309932,0.43889786,0.46977397,0.49676007,0.52131472,0.54395937,0.56523849,0.58548353,0.60500140
0.35077141,0.40262727,0.43849235,0.46942384,0.49645997,0.52105157,0.54372468,0.56501959,0.58526543,0.60476283
0.34995655,0.40196779,0.43787140,0.46887390,0.49597837,0.52066153,0.54345016,0.56490471,0.58536892,0.60516532
0.34932737,0.40147266,0.43740513,0.46846166,0.49560858,0.52031573,0.54309143,0.56447435,0.58478497,0.60432161
0.34855432,0.40096524,0.43696670,0.46810520,0.49530943,0.52006803,0.54287455,0.56426919,0.58456478,0.60405881
0.34762232,0.40013902,0.43614260,0.46729522,0.49453090,0.51935094,0.54225137,0.56376761,0.58420228,0.60383731
0.34681595,0.39951003,0.43556181,0.46672633,0.49395150,0.51873684,0.54157317,0.56298080,0.58324087,0.60261291
0.34612176,0.39888358,0.43491258,0.46608318,0.49331460,0.51812598,0.54100390,0.56247704,0.58282744,0.60231757
0.34569957,0.39853069,0.43459551,0.46578613,0.49302529,0.51785448,0.54075651,0.56227307,0.58268373,0.60225684
0.34508793,0.39804187,0.43414931,0.46539370,0.49268941,0.51759689,0.54059530,0.56223231,0.58278405,0.60251788
0.34467213,0.39772514,0.43385511,0.46512986,0.49242823,0.51730938,0.54022539,0.56171543,0.58203773,0.60145697
0.34407639,0.39726527,0.43347893,0.46482056,0.49216120,0.51706596,0.53998234,0.56145601,0.58174454,0.60111626
0.34347450,0.39676542,0.43302633,0.46440479,0.49176112,0.51664294,0.53949628,0.56085362,0.58097384,0.60012298
0.34278868,0.39627091,0.43257311,0.46402247,0.49143801,0.51638626,0.53930421,0.56072283,0.58089164,0.60006450
0.34217299,0.39573791,0.43202532,0.46346277,0.49083457,0.51571770,0.53852911,0.55979692,0.57975186,0.59863995
0.34138541,0.39508703,0.43141161,0.46291421,0.49035322,0.51533174,0.53825147,0.55964852,0.57974178,0.59877750
0.34080710,0.39459756,0.43088856,0.46238096,0.48979862,0.51475592,0.53765333,0.55902631,0.57909460,0.59810079
0.34023601,0.39414812,0.43046748,0.46199840,0.48943358,0.51441707,0.53734493,0.55876407,0.57889833,0.59799610
0.33953793,0.39364261,0.43001960,0.46157367,0.48898628,0.51392636,0.53678864,0.55812813,0.57817281,0.59717948
0.33891991,0.39309830,0.42950546,0.46110927,0.48854956,0.51351297,0.53637734,0.55770505,0.57771486,0.59666464
0.33820963,0.39250155,0.42893522,0.46058925,0.48808402,0.51312145,0.53607802,0.55751623,0.57764845,0.59672486
0.33753707,0.39193512,0.42841113,0.46013179,0.48769454,0.51282093,0.53587435,0.55742334,0.57767268,0.59687392
0.33697541,0.39146845,0.42794849,0.45966867,0.48723615,0.51236706,0.53542262,0.55696407,0.57719040,0.59634901
0.33628882,0.39096165,0.42747640,0.45923619,0.48681135,0.51194411,0.53498073,0.55649194,0.57666636,0.59575390
0.33571268,0.39052466,0.42708845,0.45891077,0.48655250,0.51175998,0.53487954,0.55648233,0.57675658,0.59595222
0.33512853,0.39001311,0.42659985,0.45846702,0.48615888,0.51141664,0.53458419,0.55622137,0.57651601,0.59570955
0.33446470,0.38946510,0.42606452,0.45795251,0.48567408,0.51099227,0.53424921,0.55601722,0.57648050,0.59588308
0.33369083,0.38874655,0.42533576,0.45720153,0.48487757,0.51013864,0.53331939,0.55499741,0.57535641,0.59464818
0.33322029,0.38835872,0.42494841,0.45683244,0.48452259,0.50981518,0.53303992,0.55478025,0.57521707,0.59460241
0.33253486,0.38784967,0.42450483,0.45644215,0.48417952,0.50950003,0.53275204,0.55450467,0.57495227,0.59434067
0.33179748,0.38723080,0.42390742,0.45585750,0.48359214,0.50891267,0.53216436,0.55393148,0.57441001,0.59385793
0.33117007,0.38662564,0.42324167,0.45511926,0.48277070,0.50796492,0.53105009,0.55257957,0.57274908,0.59179968
0.33057620,0.38622745,0.42291357,0.45489658,0.48264770,0.50794528,0.53113251,0.55277233,0.57306455,0.59226465
0.32997032,0.38578717,0.42255985,0.45464645,0.48248728,0.50789367,0.53118759,0.55295532,0.57338343,0.59274706
0.32919057,0.38514846,0.42196846,0.45413198,0.48204133,0.50751737,0.53085617,0.55263984,0.57303217,0.59229709
0.32850063,0.38462850,0.42154247,0.45375787,0.48169278,0.50716110,0.53047271,0.55220226,0.57251848,0.59167738
0.32773791,0.38399300,0.42091279,0.45318148,0.48115630,0.50668064,0.53005556,0.55186236,0.57227087,0.59153564
0.32711827,0.38343887,0.42037367,0.45269179,0.48072778,0.50635489,0.52987217,0.55188342,0.57255825,0.59216577
0.32638205,0.38287600,0.41982700,0.45211870,0.48010914,0.50565321,0.52907933,0.55097220,0.57152596,0.59100090
0.32563052,0.38227495,0.41930771,0.45166898,0.47972125,0.50530855,0.52876931,0.55068574,0.57126042,0.59075816
0.32498677,0.38181555,0.41883782,0.45121788,0.47925546,0.50482871,0.52826369,0.55014922,0.57068556,0.59013908
0.32409654,0.38114396,0.41819841,0.45063723,0.47868451,0.50424200,0.52760929,0.54938202,0.56974812,0.58897982
0.32356805,0.38084640,0.41800816,0.45056265,0.47869434,0.50433774,0.52778018,0.54962642,0.57005925,0.58935146
0.32317240,0.38051031,0.41771644,0.45031637,0.47849388,0.50417984,0.52766521,0.54954943,0.57001756,0.58933712
0.32251798,0.37995512,0.41718740,0.44983481,0.47807737,0.50385510,0.52747629,0.54954570,0.57026784,0.58991301
0.32192315,0.37939153,0.41669832,0.44939830,0.47768803,0.50350990,0.52716945,0.54927293,0.57001882,0.58967535
0.32119671,0.37879394,0.41611676,0.44881608,0.47705784,0.50279135,0.52632340,0.54825847,0.56879907,0.58821037
0.32052181,0.37821908,0.41554492,0.44827698,0.47655565,0.50233011,0.52589391,0.54784574,0.56837811,0.58775407
0.31981896,0.37764478,0.41503672,0.44783780,0.47619172,0.50204530,0.52569310,0.54773322,0.56836415,0.58785114
0.31926087,0.37721339,0.41462092,0.44747482,0.47587327,0.50181286,0.52558343,0.54781343,0.56870753,0.58855198
0.31860180,0.37674623,0.41422377,0.44713129,0.47557468,0.50153753,0.52533348,0.54757970,0.56850184,0.58838434
0.31803126,0.37631507,0.41383051,0.44677971,0.47526399,0.50129441,0.52518466,0.54755990,0.56864012,0.58870483
0.31741467,0.37572035,0.41319213,0.44609031,0.47451964,0.50048869,0.52432413,0.54664605,0.56767965,0.58769750
0.31676783,0.37526318,0.41276929,0.44569754,0.47415191,0.50015384,0.52403149,0.54641704,0.56753765,0.58767452
0.31622579,0.37482338,0.41232022,0.44526277,0.47371156,0.49970938,0.52356436,0.54590363,0.56693487,0.58692861
0.31565764,0.37431443,0.41178833,0.44475253,0.47322120,0.49926089,0.52316296,0.54555387,0.56663248,0.58666229
0.31510781,0.37375410,0.41123461,0.44422069,0.47270088,0.49873990,0.52262031,0.54495467,0.56594157,0.58583585
0.31444492,0.37330122,0.41080855,0.44383163,0.47231741,0.49833979,0.52217569,0.54442973,0.56529620,0.58502309
0.31381337,0.37284071,0.41032899,0.44334859,0.47178420,0.49773820,0.52147561,0.54361272,0.56434615,0.58393366
0.31340424,0.37247373,0.40993940,0.44292056,0.47128165,0.49713414,0.52073376,0.54270139,0.56323108,0.58258504
0.31271097,0.37182976,0.40926202,0.44219496,0.47050115,0.49628235,0.51979955,0.54167231,0.56210239,0.58135961
0.31210278,0.37130664,0.40879200,0.44175672,0.47008974,0.49589649,0.51946186,0.54140484,0.56194080,0.58133930
0.31143642,0.37071740,0.40821366,0.44121068,0.46956730,0.49538386,0.51893301,0.54082437,0.56126835,0.58053069
0.31087900,0.37038446,0.40789888,0.44098950,0.46942645,0.49537047,0.51906994,0.54115365,0.56182411,0.58135183
0.31022463,0.36980969,0.40733638,0.44039640,0.46877048,0.49461271,0.51817787,0.54008787,0.56054732,0.57982287
0.30962597,0.36931891,0.40682599,0.43987207,0.46822279,0.49404675,0.51759961,0.53950297,0.55995895,0.57922959
0.30914153,0.36885982,0.40629691,0.43931064,0.46760060,0.49336820,0.51685664,0.53870337,0.55910940,0.57834563
0.30868418,0.36848080,0.40588733,0.43887138,0.46712912,0.49286674,0.51632620,0.53814709,0.55852714,0.57774014
0.30819232,0.36809154,0.40550921,0.43852942,0.46682365,0.49261126,0.51614624,0.53807704,0.55862155,0.57806847
0.30763382,0.36768097,0.40515798,0.43826777,0.46666193,0.49254913,0.51617417,0.53816682,0.55873471,0.57814938
0.30693087,0.36713804,0.40468319,0.43784600,0.46628177,0.49220533,0.51587670,0.53792162,0.55854817,0.57801536
0.30632780,0.36670473,0.40426845,0.43744472,0.46586332,0.49175201,0.51537399,0.53736235,0.55793656,0.57736725
0.30587645,0.36633493,0.40393652,0.43716361,0.46564331,0.49160743,0.51532707,0.53744166,0.55817919,0.57781859
0.30524216,0.36582843,0.40343162,0.43665814,0.46512605,0.49108003,0.51478908,0.53688859,0.55759751,0.57718353
0.30469076,0.36535810,0.40297017,0.43617189,0.46458040,0.49045287,0.51405444,0.53603297,0.55661169,0.57607051
0.30398478,0.36487455,0.40249738,0.43575357,0.46418547,0.49008609,0.51369759,0.53566854,0.55620817,0.57558591
0.30340864,0.36442707,0.40209608,0.43538308,0.46381228,0.48969147,0.51325964,0.53517079,0.55563632,0.57492989
0.30286397,0.36407101,0.40177820,0.43511506,0.46358070,0.48950854,0.51313865,0.53513268,0.55570862,0.57514551
0.30225008,0.36358076,0.40128014,0.43463796,0.46312246,0.48907948,0.51275150,0.53480054,0.55545019,0.57498060
0.30170116,0.36318153,0.40087395,0.43423091,0.46268757,0.48860512,0.51221643,0.53418073,0.55471317,0.57408750
0.30086173,0.36254143,0.40021011,0.43358960,0.46202312,0.48790523,0.51143960,0.53328987,0.55365766,0.57281726
0.30048273,0.36219624,0.39984226,0.43323750,0.46168010,0.48756999,0.51110243,0.53293823,0.55328117,0.57240737
0.29988788,0.36174553,0.39941053,0.43277753,0.46119090,0.48705656,0.51060859,0.53252468,0.55303775,0.57244133
0.29928340,0.36127626,0.39892573,0.43231488,0.46074174,0.48662331,0.51018278,0.53209606,0.55259282,0.57196427
0.29888629,0.36098115,0.39861617,0.43204683,0.46048643,0.48638307,0.50993519,0.53182597,0.55227525,0.57157376
0.29812731,0.36030350,0.39797135,0.43140525,0.45983381,0.48570477,0.50921818,0.53106429,0.55146490,0.57071782
0.29750147,0.35984083,0.39753461,0.43103578,0.45950213,0.48542911,0.50899215,0.53088737,0.55132194,0.57058580
0.29680910,0.35932147,0.39705799,0.43057828,0.45904137,0.48496273,0.50852253,0.53042124,0.55086772,0.57015219
0.29615395,0.35877610,0.39647485,0.42996485,0.45836294,0.48421869,0.50770101,0.52952584,0.54990751,0.56914944
0.29569886,0.35839116,0.39612748,0.42965347,0.45809941,0.48402263,0.50760380,0.52956802,0.55013388,0.56960951
0.29531177,0.35809604,0.39582504,0.42935042,0.45778801,0.48370669,0.50728216,0.52923089,0.54977123,0.56920566
0.29450358,0.35748099,0.39522343,0.42878237,0.45724458,0.48320765,0.50682355,0.52880680,0.54936249,0.56878958
0.29400510,0.35702510,0.39470117,0.42824125,0.45666365,0.48261058,0.50620673,0.52818283,0.54872410,0.56812800
0.29347765,0.35669527,0.39438079,0.42798244,0.45642904,0.48240995,0.50603315,0.52805009,0.54864783,0.56813963
0.29295192,0.35621934,0.39383833,0.42740801,0.45578866,0.48169981,0.50522870,0.52712641,0.54756726,0.56685775
0.29232317,0.35572322,0.39330642,0.42686860,0.45523358,0.48114661,0.50468561,0.52660187,0.54706363,0.56637203
0.29193450,0.35551596,0.39310375,0.42667608,0.45497854,0.48080709,0.50421102,0.52596255,0.54621762,0.56528303
0.29153837,0.35511565,0.39267940,0.42620995,0.45447001,0.48026055,0.50362117,0.52532586,0.54551863,0.56450283
0.29090480,0.35464480,0.39224708,0.42585846,0.45417237,0.48003226,0.50345025,0.52521391,0.54545345,0.56447739
0.29021680,0.35405565,0.39167613,0.42533256,0.45368145,0.47958727,0.50304550,0.52484998,0.54512256,0.56417264
0.28954197,0.35350199,0.39113928,0.42481824,0.45317260,0.47909297,0.50257019,0.52440852,0.54472939,0.56384482
0.28876174,0.35291135,0.39057985,0.42429284,0.45265163,0.47855934,0.50202043,0.52384428,0.54417448,0.56333285
0.28824690,0.35248932,0.39008895,0.42372663,0.45195478,0.47772737,0.50102380,0.52268074,0.54283215,0.56181541
0.28777298,0.35205982,0.38967318,0.42331173,0.45150985,0.47723407,0.50046041,0.52203114,0.54207726,0.56093488
0.28713369,0.35152253,0.38911866,0.42280907,0.45102277,0.47678195,0.50001527,0.52158001,0.54158205,0.56035661
0.28655874,0.35108967,0.38866567,0.42233772,0.45053221,0.47625288,0.49943621,0.52092152,0.54081581,0.55944486
0.28600499,0.35055650,0.38810267,0.42173670,0.44990939,0.47562689,0.49884426,0.52040020,0.54041467,0.55921350
0.28540303,0.34996887,0.38743425,0.42105099,0.44920142,0.47492378,0.49814649,0.51970033,0.53968681,0.55841468
0.28475084,0.34943664,0.38687481,0.42053103,0.44870099,0.47447076,0.49774398,0.51937311,0.53946221,0.55833646
0.28418137,0.34901902,0.38651532,0.42027720,0.44854784,0.47442124,0.49778595,0.51948925,0.53962694,0.55851893
0.28373339,0.34869295,0.38619765,0.41999266,0.44824423,0.47409228,0.49739772,0.51903064,0.53907741,0.55786968
0.28318119,0.34826571,0.38579576,0.41960443,0.44781617,0.47359205,0.49677628,0.51824328,0.53807343,0.55660059
0.28248316,0.34773123,0.38525334,0.41906663,0.44726429,0.47301828,0.49617464,0.51760368,0.53738255,0.55584113
0.28185647,0.34722975,0.38479829,0.41867917,0.44691718,0.47273558,0.49594113,0.51742978,0.53725455,0.55575554
0.28139097,0.34691457,0.38458522,0.41858953,0.44697412,0.47297113,0.49639160,0.51813196,0.53824475,0.55706787
0.28090130,0.34656638,0.38427451,0.41834157,0.44678091,0.47284667,0.49635720,0.51821258,0.53847419,0.55748299
0.28023944,0.34609249,0.38379094,0.41789409,0.44636397,0.47249012,0.49607401,0.51801233,0.53835096,0.55741642
0.27961102,0.34558453,0.38331262,0.41741475,0.44588590,0.47199978,0.49556728,0.51748080,0.53778721,0.55681451
0.27877141,0.34493940,0.38268615,0.41680255,0.44527877,0.47139143,0.49496986,0.51689676,0.53723284,0.55630119
0.27822779,0.34453686,0.38229196,0.41646738,0.44496903,0.47112292,0.49471481,0.51664987,0.53696444,0.55599413
0.27766376,0.34421157,0.38196821,0.41621054,0.44473799,0.47095829,0.49461037,0.51663986,0.53706067,0.55623327
0.27697012,0.34363832,0.38141451,0.41573257,0.44433111,0.47065455,0.49442941,0.51661741,0.53723269,0.55664368
0.27636417,0.34321965,0.38105764,0.41541796,0.44407897,0.47045727,0.49433254,0.51664283,0.53744064,0.55708322
0.27576351,0.34278305,0.38059547,0.41492763,0.44352190,0.46982512,0.49362129,0.51585719,0.53659845,0.55620855
0.27511956,0.34225659,0.38007955,0.41443634,0.44300984,0.46930220,0.49305941,0.51525636,0.53593288,0.55546310
0.27450674,0.34174367,0.37957759,0.41395944,0.44256226,0.46886330,0.49261670,0.51477783,0.53538639,0.55480168
0.27405345,0.34131461,0.37908760,0.41342154,0.44195616,0.46819841,0.49188807,0.51399697,0.53455373,0.55392476
0.27361498,0.34086643,0.37853813,0.41276911,0.44117069,0.46728424,0.49084290,0.51283073,0.53328139,0.55256504
0.27310411,0.34047538,0.37818825,0.41248333,0.44093166,0.46711134,0.49072024,0.51275092,0.53321061,0.55246713
0.27250087,0.33993276,0.37767429,0.41202393,0.44052501,0.46676492,0.49042474,0.51249697,0.53297279,0.55221715
0.27189291,0.33955883,0.37730753,0.41167367,0.44019703,0.46646025,0.49017046,0.51229216,0.53282867,0.55212223
0.27135587,0.33913138,0.37684991,0.41123069,0.43975183,0.46603444,0.48978615,0.51197473,0.53260859,0.55202274
0.27069301,0.33858656,0.37631970,0.41070228,0.43921166,0.46545581,0.48915250,0.51126640,0.53181414,0.55113409
0.27032039,0.33835266,0.37609990,0.41055389,0.43911259,0.46543605,0.48920071,0.51138840,0.53199068,0.55135178
0.26983575,0.33805887,0.37585530,0.41040514,0.43904625,0.46546851,0.48934248,0.51165865,0.53241454,0.55195740
0.26929065,0.33767600,0.37550907,0.41013129,0.43883376,0.46533022,0.48929023,0.51171752,0.53261259,0.55233389
0.26881996,0.33733615,0.37518939,0.40981851,0.43849087,0.46494731,0.48885523,0.51125252,0.53215049,0.55194000
0.26815264,0.33681402,0.37467204,0.40936747,0.43811223,0.46463127,0.48860196,0.51103937,0.53198681,0.55183225
0.26765386,0.33651435,0.37439052,0.40915422,0.43792473,0.46449230,0.48852979,0.51108908,0.53223948,0.55240361
0.26692109,0.33592423,0.37375924,0.40853455,0.43728067,0.46382107,0.48781707,0.51032588,0.53141722,0.55151271
0.26637253,0.33556568,0.37339853,0.40818324,0.43692147,0.46347254,0.48749787,0.51007276,0.53127145,0.55152328
0.26579787,0.33513485,0.37301377,0.40784532,0.43660388,0.46315165,0.48714193,0.50962751,0.53066073,0.55064038
0.26515459,0.33461448,0.37247817,0.40731075,0.43607089,0.46262096,0.48662852,0.50913545,0.53019952,0.55020928
0.26453147,0.33419180,0.37208283,0.40700053,0.43583593,0.46247483,0.48655263,0.50911381,0.53019611,0.55018671
0.26400826,0.33383823,0.37180299,0.40680259,0.43572154,0.46245076,0.48661601,0.50926663,0.53042604,0.55048256
0.26337698,0.33350080,0.37157881,0.40670505,0.43574149,0.46256182,0.48682745,0.50957118,0.53084915,0.55105028
0.26289744,0.33319161,0.37134421,0.40654120,0.43566004,0.46260851,0.48705202,0.51006910,0.53172301,0.55243988
0.26248642,0.33301926,0.37121761,0.40648146,0.43563615,0.46263068,0.48711377,0.51018924,0.53191673,0.55274260
0.26203968,0.33271450,0.37093665,0.40626802,0.43546756,0.46251280,0.48705868,0.51021941,0.53207715,0.55308834
0.26145599,0.33228650,0.37055615,0.40593767,0.43512861,0.46211944,0.48654131,0.50950181,0.53106082,0.55166680
0.26104752,0.33198896,0.37026073,0.40566489,0.43484148,0.46183272,0.48620343,0.50908518,0.53048902,0.55087089
0.26064769,0.33164619,0.36980704,0.40516931,0.43423812,0.46113481,0.48535195,0.50806492,0.52924833,0.54938326
0.26015906,0.33118601,0.36932146,0.40469363,0.43377277,0.46069760,0.48494851,0.50770667,0.52892505,0.54908152
0.25965282,0.33077901,0.36889251,0.40429417,0.43333365,0.46024301,0.48443144,0.50715557,0.52832072,0.54846540
0.25897927,0.33027754,0.36839433,0.40386447,0.43296327,0.45993294,0.48417586,0.50690970,0.52803608,0.54804971
0.25841638,0.32976741,0.36790030,0.40336326,0.43245013,0.45937697,0.48356949,0.50621585,0.52723568,0.54709962
0.25782801,0.32932570,0.36740031,0.40291418,0.43200836,0.45896956,0.48317314,0.50582513,0.52682632,0.54664747
0.25715398,0.32881854,0.36696156,0.40256853,0.43174764,0.45878691,0.48304010,0.50569910,0.52665518,0.54636184
0.25660062,0.32837658,0.36643698,0.40198055,0.43105888,0.45798381,0.48210996,0.50462232,0.52542600,0.54495852
0.25617984,0.32811443,0.36620296,0.40176782,0.43082876,0.45770150,0.48173297,0.50410364,0.52472139,0.54402178
0.25562358,0.32765035,0.36574073,0.40130093,0.43038980,0.45726387,0.48135005,0.50376594,0.52447553,0.54386976
0.25525702,0.32738232,0.36545507,0.40107212,0.43019088,0.45710788,0.48122329,0.50365781,0.52436649,0.54373653
0.25463482,0.32691061,0.36496813,0.40064496,0.42976996,0.45672117,0.48084014,0.50327521,0.52395614,0.54328155
0.25417605,0.32646322,0.36448806,0.40014885,0.42927409,0.45623097,0.48038091,0.50284827,0.52357452,0.54293707
0.25351512,0.32601855,0.36413176,0.39990288,0.42912583,0.45616070,0.48038442,0.50291178,0.52370022,0.54312198
0.25307913,0.32575691,0.36384078,0.39964759,0.42884189,0.45588267,0.48010693,0.50265562,0.52346943,0.54292194
0.25265867,0.32540723,0.36353713,0.39933521,0.42854673,0.45557223,0.47980199,0.50235824,0.52320549,0.54271337
0.25226449,0.32517716,0.36334591,0.39919938,0.42842168,0.45543068,0.47962201,0.50211794,0.52289120,0.54231148
0.25181330,0.32496490,0.36320028,0.39917994,0.42848721,0.45557891,0.47983009,0.50237358,0.52317943,0.54262385
0.25119553,0.32451336,0.36268314,0.39867607,0.42796639,0.45506775,0.47933322,0.50190508,0.52275227,0.54225192
0.25068154,0.32417570,0.36245658,0.39858495,0.42794613,0.45512810,0.47945120,0.50210499,0.52304752,0.54268061
0.25026706,0.32388262,0.36216260,0.39833612,0.42769100,0.45487627,0.47915002,0.50172890,0.52253701,0.54199311
0.24955557,0.32335985,0.36165675,0.39792535,0.42735147,0.45464000,0.47903041,0.50174467,0.52270301,0.54231522
0.24898749,0.32291845,0.36121558,0.39755547,0.42699294,0.45431751,0.47871660,0.50145436,0.52242816,0.54206601
0.24844095,0.32245724,0.36069647,0.39703056,0.42643223,0.45372909,0.47808076,0.50077170,0.52168258,0.54125288
0.24794196,0.32202660,0.36028629,0.39666103,0.42610380,0.45345877,0.47786868,0.50062806,0.52160998,0.54125880
0.24747767,0.32159139,0.35985701,0.39629710,0.42579950,0.45327733,0.47782353,0.50077351,0.52196718,0.54186452
0.24700342,0.32121140,0.35944431,0.39585641,0.42527368,0.45264600,0.47704004,0.49981040,0.52078325,0.54043200
0.24664584,0.32102509,0.35919390,0.39560183,0.42497180,0.45231412,0.47666110,0.49938153,0.52028576,0.53985290
0.24616042,0.32074755,0.35892410,0.39544152,0.42490553,0.45241201,0.47694442,0.49990604,0.52107924,0.54095449
0.24578345,0.32034947,0.35841365,0.39487809,0.42427867,0.45176109,0.47628276,0.49927492,0.52050747,0.54048575
0.24519716,0.31993661,0.35802560,0.39459799,0.42406998,0.45169034,0.47635594,0.49954593,0.52100120,0.54124517
0.24466287,0.31953422,0.35763014,0.39426061,0.42376687,0.45144058,0.47614914,0.49939288,0.52090490,0.54122451
0.24435714,0.31935525,0.35748938,0.39417556,0.42371340,0.45142957,0.47616963,0.49946177,0.52102508,0.54142120
0.24384475,0.31902776,0.35717710,0.39383279,0.42330551,0.45092116,0.47554474,0.49869978,0.52012629,0.54038427
0.24323814,0.31852792,0.35662955,0.39331463,0.42275205,0.45036343,0.47494963,0.49809343,0.51950620,0.53978469
0.24281060,0.31819259,0.35630243,0.39301269,0.42249106,0.45015880,0.47484553,0.49812888,0.51974593,0.54028687
0.24243710,0.31787622,0.35598037,0.39265276,0.42207092,0.44967606,0.47426450,0.49744024,0.51890456,0.53927183
0.24212740,0.31777542,0.35586826,0.39256690,0.42190702,0.44944091,0.47387470,0.49689832,0.51813186,0.53825177
0.24177165,0.31750552,0.35560569,0.39233610,0.42163373,0.44914340,0.47348266,0.49642125,0.51750068,0.53746266
0.24137958,0.31727650,0.35542757,0.39223628,0.42160681,0.44917193,0.47356312,0.49651783,0.51759797,0.53751997
0.24103773,0.31702012,0.35516048,0.39200572,0.42137070,0.44892745,0.47328264,0.49618371,0.51719986,0.53703833
0.24055575,0.31661832,0.35470276,0.39154611,0.42079844,0.44825543,0.47242640,0.49513240,0.51589534,0.53546180
0.24010338,0.31625087,0.35425505,0.39106624,0.42025093,0.44767677,0.47179468,0.49446697,0.51517234,0.53469440
0.23969216,0.31604422,0.35407493,0.39100493,0.42024275,0.44777581,0.47195809,0.49471371,0.51547206,0.53503773
0.23924132,0.31559030,0.35356316,0.39050755,0.41969536,0.44722036,0.47135141,0.49407692,0.51476901,0.53427193
0.23865864,0.31524840,0.35318594,0.39025206,0.41950724,0.44717474,0.47143522,0.49434688,0.51522341,0.53495103
0.23820774,0.31494765,0.35290325,0.38999408,0.41927921,0.44696723,0.47127095,0.49421410,0.51513786,0.53489968
0.23770022,0.31464675,0.35261913,0.38974995,0.41909067,0.44679755,0.47116196,0.49412196,0.51509527,0.53486473
0.23709350,0.31413600,0.35208805,0.38923542,0.41853355,0.44620087,0.47048114,0.49336420,0.51422909,0.53390746
0.23659916,0.31374241,0.35164824,0.38882900,0.41812509,0.44585410,0.47017757,0.49316620,0.51413437,0.53397023
0.23607280,0.31339613,0.35130115,0.38853784,0.41784477,0.44558395,0.46991276,0.49288922,0.51385427,0.53366779
0.23562612,0.31313234,0.35097991,0.38824172,0.41749497,0.44522031,0.46951275,0.49247207,0.51340962,0.53319582
0.23505082,0.31275493,0.35051718,0.38786673,0.41715603,0.44497177,0.46936445,0.49242478,0.51348804,0.53337980
0.23467328,0.31248331,0.35018619,0.38747634,0.41663109,0.44430228,0.46849664,0.49136070,0.51219283,0.53186519
0.23422855,0.31218479,0.34991714,0.38726222,0.41645864,0.44415659,0.46837381,0.49122985,0.51205261,0.53169182
0.23379826,0.31174523,0.34943558,0.38677262,0.41596666,0.44366422,0.46789765,0.49076966,0.51162423,0.53129594
0.23339010,0.31152877,0.34924513,0.38665668,0.41591133,0.44369943,0.46803874,0.49104498,0.51206632,0.53193742
0.23311052,0.31124914,0.34893303,0.38639059,0.41569856,0.44358345,0.46803986,0.49118546,0.51236659,0.53240945
0.23293586,0.31118923,0.34883885,0.38632288,0.41558105,0.44342519,0.46779095,0.49085027,0.51192104,0.53186620
0.23257937,0.31093886,0.34854831,0.38605334,0.41529093,0.44312313,0.46745747,0.49048348,0.51151786,0.53143201
0.23212842,0.31060079,0.34819621,0.38568072,0.41491286,0.44272812,0.46708956,0.49013241,0.51121968,0.53117097
0.23170550,0.31044883,0.34808313,0.38565035,0.41494292,0.44281109,0.46723180,0.49032149,0.51146361,0.53146149
0.23121375,0.31012884,0.34773114,0.38527432,0.41448482,0.44225181,0.46655825,0.48951735,0.51053300,0.53039765
0.23078810,0.30978543,0.34738493,0.38496627,0.41416398,0.44190250,0.46611741,0.48894337,0.50975873,0.52937359
0.23026541,0.30947466,0.34711143,0.38472752,0.41395801,0.44169840,0.46594816,0.48879451,0.50966757,0.52934600
0.22965754,0.30885576,0.34640973,0.38395033,0.41307229,0.44067092,0.46475904,0.48740567,0.50806252,0.52749137
0.22920039,0.30838981,0.34580826,0.38325078,0.41221218,0.43964643,0.46352088,0.48593626,0.50632696,0.52547564
0.22877227,0.30808080,0.34548252,0.38295748,0.41193882,0.43942909,0.46335833,0.48585395,0.50632188,0.52555707
0.22830037,0.30777417,0.34513473,0.38267251,0.41167182,0.43923831,0.46323846,0.48585117,0.50644022,0.52582783
0.22797579,0.30752384,0.34491670,0.38247565,0.41149641,0.43906561,0.46306287,0.48566773,0.50624043,0.52561694
0.22762020,0.30731923,0.34470891,0.38236848,0.41145431,0.43915392,0.46326918,0.48601912,0.50672500,0.52623382
0.22721166,0.30705854,0.34449280,0.38225306,0.41143130,0.43925249,0.46349578,0.48638959,0.50724612,0.52691309
0.22683572,0.30672069,0.34395796,0.38165396,0.41074504,0.43854982,0.46277828,0.48570073,0.50658043,0.52629011
0.22641687,0.30640930,0.34363800,0.38139040,0.41047918,0.43828547,0.46249035,0.48538481,0.50622869,0.52590513
0.22599941,0.30608116,0.34328893,0.38115165,0.41030060,0.43824713,0.46255562,0.48562377,0.50662728,0.52653179
0.22562860,0.30577142,0.34291292,0.38076148,0.40983772,0.43773442,0.46194605,0.48494006,0.50582715,0.52562907
0.22496854,0.30536476,0.34247441,0.38041787,0.40952106,0.43752144,0.46184875,0.48502167,0.50613091,0.52620653
0.22451122,0.30502872,0.34208747,0.37999778,0.40902938,0.43697154,0.46124604,0.48436597,0.50542614,0.52543094
0.22417279,0.30478854,0.34184615,0.37973909,0.40872283,0.43660000,0.46075373,0.48373067,0.50457851,0.52434213
0.22382999,0.30454412,0.34162326,0.37961737,0.40868775,0.43671061,0.46098829,0.48412935,0.50511128,0.52502497
0.22343880,0.30432539,0.34142002,0.37949141,0.40859853,0.43669877,0.46103915,0.48427605,0.50535964,0.52540767
0.22287366,0.30387185,0.34093589,0.37907347,0.40819705,0.43637364,0.46081577,0.48421025,0.50553166,0.52588720
0.22249703,0.30364619,0.34063310,0.37880804,0.40788617,0.43606048,0.46045635,0.48380903,0.50505598,0.52531618
0.22204330,0.30335301,0.34034205,0.37852867,0.40762758,0.43582099,0.46027477,0.48368043,0.50500503,0.52532833
0.22164774,0.30307773,0.33999787,0.37815780,0.40717340,0.43527375,0.45960847,0.48289879,0.50410948,0.52434633
0.22122105,0.30268000,0.33952026,0.37772435,0.40671854,0.43489293,0.45928860,0.48269548,0.50402001,0.52438039
0.22100077,0.30258253,0.33938121,0.37755898,0.40651056,0.43464160,0.45901070,0.48239261,0.50372132,0.52409690
0.22048756,0.30228595,0.33907525,0.37735181,0.40633787,0.43452922,0.45893520,0.48237401,0.50377136,0.52425643
0.22017648,0.30198808,0.33869802,0.37692689,0.40583903,0.43397065,0.45827521,0.48160115,0.50281649,0.52307728
0.21966103,0.30160537,0.33824726,0.37650076,0.40541123,0.43355001,0.45785904,0.48117609,0.50236622,0.52257518
0.21918085,0.30126995,0.33789943,0.37617141,0.40502674,0.43309597,0.45728116,0.48045721,0.50147257,0.52149645
0.21871890,0.30097707,0.33760385,0.37596266,0.40490665,0.43312542,0.45751962,0.48097723,0.50237568,0.52287520
0.21826282,0.30071698,0.33736432,0.37572186,0.40463800,0.43278442,0.45709015,0.48042787,0.50168414,0.52202105
0.21786790,0.30044860,0.33711003,0.37548362,0.40441351,0.43256422,0.45687863,0.48021013,0.50147609,0.52182411
0.21755031,0.30034459,0.33700838,0.37544213,0.40436614,0.43250340,0.45672135,0.47992350,0.50095448,0.52101474
0.21716954,0.30003036,0.33660571,0.37507867,0.40400151,0.43224611,0.45658098,0.47998894,0.50124748,0.52159594
0.21677384,0.29970301,0.33623358,0.37465476,0.40354689,0.43172160,0.45601374,0.47935829,0.50058824,0.52092717
0.21613513,0.29925408,0.33574845,0.37426251,0.40319663,0.43148303,0.45592216,0.47948536,0.50102517,0.52176136
0.21580821,0.29903272,0.33549520,0.37409018,0.40304202,0.43132966,0.45571028,0.47916381,0.50053067,0.52103858
0.21536563,0.29873900,0.33513536,0.37372559,0.40258723,0.43081509,0.45509810,0.47847888,0.49976049,0.52020598
0.21492577,0.29848764,0.33486657,0.37349977,0.40230010,0.43045130,0.45457496,0.47774504,0.49872846,0.51881262
0.21443454,0.29811083,0.33448385,0.37308565,0.40185395,0.42991175,0.45395758,0.47697002,0.49779357,0.51763626
0.21410725,0.29797581,0.33430257,0.37300798,0.40181587,0.42995239,0.45405216,0.47710797,0.49795529,0.51778874
0.21358936,0.29758565,0.33380578,0.37257247,0.40133048,0.42950878,0.45358520,0.47669600,0.49756378,0.51748945
0.21322795,0.29727529,0.33351395,0.37227445,0.40105194,0.42923376,0.45334283,0.47647150,0.49737661,0.51732108
0.21281157,0.29696618,0.33321632,0.37207554,0.40090228,0.42919989,0.45341281,0.47669732,0.49777913,0.51794822
0.21231486,0.29664082,0.33285302,0.37172083,0.40050161,0.42874299,0.45286779,0.47604594,0.49699949,0.51702114
0.21201350,0.29645745,0.33269910,0.37162428,0.40049991,0.42881001,0.45306329,0.47631922,0.49738851,0.51746549
0.21152895,0.29612626,0.33238625,0.37134313,0.40024094,0.42860232,0.45287893,0.47621639,0.49732545,0.51749693
0.21115605,0.29597460,0.33216073,0.37114518,0.39997037,0.42830425,0.45252628,0.47580081,0.49684205,0.51690350
0.21092561,0.29584878,0.33196030,0.37094182,0.39972914,0.42809098,0.45231567,0.47566565,0.49676541,0.51694848
0.21049401,0.29551605,0.33164740,0.37066705,0.39951279,0.42793520,0.45225156,0.47568185,0.49687472,0.51712748
0.21008955,0.29526692,0.33137178,0.37038345,0.39914506,0.42745878,0.45159970,0.47481478,0.49571731,0.51563605
0.20951883,0.29488204,0.33093347,0.37005357,0.39883325,0.42724320,0.45142555,0.47474281,0.49571947,0.51576721
0.20917310,0.29471199,0.33071373,0.36991097,0.39870959,0.42723399,0.45152218,0.47503059,0.49620203,0.51650650
0.20875621,0.29449963,0.33043259,0.36972685,0.39849095,0.42707479,0.45132373,0.47487300,0.49600952,0.51635360
0.20842875,0.29438046,0.33022830,0.36954944,0.39830630,0.42693317,0.45124363,0.47488315,0.49612524,0.51658305
0.20796592,0.29404672,0.32982644,0.36915857,0.39787119,0.42649891,0.45078547,0.47443084,0.49566856,0.51615160
0.20736913,0.29373811,0.32949376,0.36896366,0.39772865,0.42648291,0.45084724,0.47459085,0.49588864,0.51641163
0.20692272,0.29339890,0.32917414,0.36871259,0.39754220,0.42640065,0.45085606,0.47470026,0.49608310,0.51667898
0.20668373,0.29328481,0.32900427,0.36854964,0.39729227,0.42604536,0.45028390,0.47388741,0.49491955,0.51516086
0.20636927,0.29303752,0.32876939,0.36834414,0.39705693,0.42580619,0.45000783,0.47357437,0.49456549,0.51475009
0.20593579,0.29273482,0.32837184,0.36794238,0.39655716,0.42522921,0.44929022,0.47271517,0.49350514,0.51348267
0.20548264,0.29243132,0.32807756,0.36776624,0.39646670,0.42529429,0.44947153,0.47307276,0.49398181,0.51412157
0.20511765,0.29215632,0.32776016,0.36744422,0.39607909,0.42482212,0.44887291,0.47232509,0.49305713,0.51300102
0.20486675,0.29203594,0.32761676,0.36736538,0.39596543,0.42473892,0.44878552,0.47229237,0.49308034,0.51313491
0.20439887,0.29177656,0.32728959,0.36710048,0.39568358,0.42453377,0.44858713,0.47218624,0.49299141,0.51313256
0.20390867,0.29153014,0.32699262,0.36691387,0.39551343,0.42444001,0.44852342,0.47217213,0.49299280,0.51314351
0.20346520,0.29117307,0.32662606,0.36657112,0.39520719,0.42413160,0.44828559,0.47194580,0.49286059,0.51304297
0.20294495,0.29091526,0.32639456,0.36636337,0.39498743,0.42380744,0.44788307,0.47136284,0.49214740,0.51211616
0.20240553,0.29057603,0.32613232,0.36626812,0.39500637,0.42402739,0.44826511,0.47200533,0.49302428,0.51331933
0.20201807,0.29027695,0.32584033,0.36603663,0.39479936,0.42388062,0.44816324,0.47194919,0.49301697,0.51333705
0.20152798,0.28990817,0.32533250,0.36549462,0.39415610,0.42315153,0.44731581,0.47095359,0.49185811,0.51197514
0.20096358,0.28946692,0.32471416,0.36483099,0.39337736,0.42234012,0.44644884,0.47009646,0.49099144,0.51114749
0.20063954,0.28922379,0.32444281,0.36457831,0.39309067,0.42204155,0.44609653,0.46970557,0.49053412,0.51063130
0.20030044,0.28891982,0.32413076,0.36429146,0.39287840,0.42188915,0.44606900,0.46975500,0.49071896,0.51089386
0.19986478,0.28873404,0.32385147,0.36402573,0.39251950,0.42149890,0.44561709,0.46928445,0.49023799,0.51043134
0.19936772,0.28849128,0.32350757,0.36370422,0.39215565,0.42107935,0.44515518,0.46874232,0.48965878,0.50978811
0.19891844,0.28810666,0.32312698,0.36325067,0.39162882,0.42042412,0.44435395,0.46776623,0.48849354,0.50842529
0.19861605,0.28805675,0.32303378,0.36328447,0.39171198,0.42064402,0.44467142,0.46824873,0.48913499,0.50928722
0.19829493,0.28791906,0.32288720,0.36316042,0.39158813,0.42055026,0.44459588,0.46821438,0.48911878,0.50929834
0.19773604,0.28758056,0.32243034,0.36273911,0.39109763,0.42009646,0.44413237,0.46783668,0.48880827,0.50913323
0.19727232,0.28723298,0.32198792,0.36228922,0.39059879,0.41957112,0.44358959,0.46728936,0.48828466,0.50864873
0.19690624,0.28695104,0.32157546,0.36187508,0.39006797,0.41902564,0.44293246,0.46660450,0.48748396,0.50779048
0.19644666,0.28667778,0.32132828,0.36167841,0.38988465,0.41887074,0.44279394,0.46650964,0.48743485,0.50781680
0.19605934,0.28641084,0.32099042,0.36140175,0.38954533,0.41853009,0.44236395,0.46603833,0.48684601,0.50716151
0.19542737,0.28598775,0.32052973,0.36094850,0.38908151,0.41800884,0.44183693,0.46547173,0.48631398,0.50665824
0.19502686,0.28566292,0.32021134,0.36066277,0.38886898,0.41785348,0.44178287,0.46547595,0.48642106,0.50681062
0.19472598,0.28555213,0.32002413,0.36049200,0.38862578,0.41749372,0.44128809,0.46476300,0.48549726,0.50559736
0.19403335,0.28511245,0.31952285,0.36009728,0.38824247,0.41715001,0.44094081,0.46440036,0.48508876,0.50512857
0.19345749,0.28465791,0.31898158,0.35957392,0.38770490,0.41658212,0.44036416,0.46376651,0.48442515,0.50439664
0.19327681,0.28452306,0.31878660,0.35935462,0.38742239,0.41629092,0.44003218,0.46344450,0.48408973,0.50408753
0.19294534,0.28442105,0.31871747,0.35935936,0.38749656,0.41633378,0.44009271,0.46341469,0.48400615,0.50386576
0.19248216,0.28403381,0.31831512,0.35899068,0.38703218,0.41579718,0.43937243,0.46253972,0.48289375,0.50255977
0.19215586,0.28377901,0.31809677,0.35877076,0.38686087,0.41561153,0.43925773,0.46243457,0.48288194,0.50258662
0.19166988,0.28351269,0.31778117,0.35866888,0.38677145,0.41569147,0.43935938,0.46266667,0.48312912,0.50291741
0.19126851,0.28325755,0.31752382,0.35851269,0.38662163,0.41559856,0.43925125,0.46258085,0.48300659,0.50277775
0.19070447,0.28296383,0.31714517,0.35822077,0.38634793,0.41541055,0.43913575,0.46257625,0.48311993,0.50303800
0.19043798,0.28283635,0.31698995,0.35816383,0.38631042,0.41540544,0.43910690,0.46248085,0.48291847,0.50267725
0.19012843,0.28258124,0.31674429,0.35793827,0.38604857,0.41508995,0.43871381,0.46199344,0.48232696,0.50198136
0.18977701,0.28241423,0.31652462,0.35773024,0.38583879,0.41489862,0.43855042,0.46188321,0.48226874,0.50200183
0.18938270,0.28211273,0.31618173,0.35748699,0.38568546,0.41489794,0.43873630,0.46226758,0.48289392,0.50285172
0.18892308,0.28177974,0.31577251,0.35714886,0.38533061,0.41455016,0.43837947,0.46188813,0.48251056,0.50243746
0.18854185,0.28153245,0.31547262,0.35692767,0.38509195,0.41441887,0.43831147,0.46197566,0.48274275,0.50287276
0.18810086,0.28123560,0.31502692,0.35647325,0.38451120,0.41376886,0.43756560,0.46117181,0.48188660,0.50198981
0.18772259,0.28090930,0.31462304,0.35609897,0.38409802,0.41332886,0.43707438,0.46061602,0.48126097,0.50127625
0.18731263,0.28069142,0.31434326,0.35592184,0.38392724,0.41328507,0.43707037,0.46076155,0.48147078,0.50164626
0.18685593,0.28037992,0.31399372,0.35567746,0.38370460,0.41313065,0.43691940,0.46064405,0.48134289,0.50153603
0.18653211,0.28014974,0.31371896,0.35537755,0.38335220,0.41272343,0.43644140,0.46010099,0.48072062,0.50085882
0.18606498,0.27989970,0.31337601,0.35512587,0.38303412,0.41243494,0.43608717,0.45972399,0.48027020,0.50035759
0.18570178,0.27951861,0.31295447,0.35476539,0.38264684,0.41206357,0.43562511,0.45916338,0.47949588,0.49934061
0.18533671,0.27927660,0.31275574,0.35457455,0.38247154,0.41180375,0.43533342,0.45872725,0.47897078,0.49863464
0.18485112,0.27891064,0.31234040,0.35420213,0.38205246,0.41137941,0.43480020,0.45811516,0.47817920,0.49768838
0.18445693,0.27870096,0.31202734,0.35394267,0.38172165,0.41106334,0.43442362,0.45774154,0.47775570,0.49726503
0.18404732,0.27841035,0.31164101,0.35364557,0.38141000,0.41084304,0.43420359,0.45759385,0.47759589,0.49715146
0.18380641,0.27831057,0.31155944,0.35362706,0.38142004,0.41090251,0.43425404,0.45764099,0.47756815,0.49703579
0.18354994,0.27810359,0.31132226,0.35340649,0.38115695,0.41065461,0.43399729,0.45742744,0.47739989,0.49695569
0.18321748,0.27801860,0.31130423,0.35360858,0.38141916,0.41109563,0.43448549,0.45803193,0.47801816,0.49761057
0.18282853,0.27771896,0.31095645,0.35334666,0.38124050,0.41106483,0.43465539,0.45843502,0.47869895,0.49857937
0.18250002,0.27758814,0.31083584,0.35335468,0.38133962,0.41124173,0.43491762,0.45871981,0.47900901,0.49884117
0.18211827,0.27731937,0.31050385,0.35296629,0.38101307,0.41088988,0.43469373,0.45854380,0.47901271,0.49897149
0.18169084,0.27707353,0.31020897,0.35281151,0.38086049,0.41081319,0.43460787,0.45846111,0.47888359,0.49878014
0.18130951,0.27686527,0.31000856,0.35262946,0.38077485,0.41077148,0.43475053,0.45871567,0.47939189,0.49946853
0.18107764,0.27659780,0.30973707,0.35235863,0.38053546,0.41060059,0.43461525,0.45867269,0.47938366,0.49955865
0.18077099,0.27645903,0.30945937,0.35209061,0.38020106,0.41022949,0.43419755,0.45816842,0.47880301,0.49882942
0.18049114,0.27624713,0.30917147,0.35184841,0.37999104,0.41008912,0.43416287,0.45825908,0.47908000,0.49931124
0.17996182,0.27583754,0.30875969,0.35143768,0.37961462,0.40971385,0.43386718,0.45800232,0.47894874,0.49926351
0.17948856,0.27567753,0.30849414,0.35127017,0.37932229,0.40944677,0.43345714,0.45758025,0.47837501,0.49863866
0.17920517,0.27537498,0.30807835,0.35090271,0.37890173,0.40911752,0.43309906,0.45734726,0.47815955,0.49858948
0.17866151,0.27510272,0.30770959,0.35060320,0.37863664,0.40885771,0.43292043,0.45716174,0.47806707,0.49850233
0.17827909,0.27487957,0.30751201,0.35037593,0.37842540,0.40860362,0.43266603,0.45685524,0.47770586,0.49804748
0.17799763,0.27490596,0.30745937,0.35036147,0.37833219,0.40841009,0.43235101,0.45635597,0.47703047,0.49713227
0.17756163,0.27453021,0.30700841,0.34995455,0.37793536,0.40804368,0.43201535,0.45603729,0.47672910,0.49683027
0.17712059,0.27427202,0.30665832,0.34966263,0.37755736,0.40763162,0.43149132,0.45541428,0.47595490,0.49590915
0.17686393,0.27400652,0.30631519,0.34930495,0.37718357,0.40724159,0.43111123,0.45502994,0.47560652,0.49557785
0.17665142,0.27385876,0.30628938,0.34930993,0.37731349,0.40738198,0.43132527,0.45520933,0.47578675,0.49568518
0.17648681,0.27373256,0.30623504,0.34931442,0.37741541,0.40753832,0.43157210,0.45551163,0.47615185,0.49609008
0.17610757,0.27348189,0.30607107,0.34920716,0.37735290,0.40749642,0.43152326,0.45542602,0.47600447,0.49584607
0.17568292,0.27311785,0.30554391,0.34856979,0.37652793,0.40648521,0.43031650,0.45401125,0.47439468,0.49403335
0.17550158,0.27300718,0.30544151,0.34847760,0.37642484,0.40636626,0.43016385,0.45382963,0.47416615,0.49376081
0.17528585,0.27284507,0.30527677,0.34835257,0.37627856,0.40626680,0.43005330,0.45377611,0.47414171,0.49382142
0.17492124,0.27277327,0.30527522,0.34854718,0.37660707,0.40678606,0.43073715,0.45464633,0.47518981,0.49505309
0.17453122,0.27256461,0.30501331,0.34836533,0.37643109,0.40669532,0.43072835,0.45477334,0.47547334,0.49552224
0.17412900,0.27237467,0.30469007,0.34810410,0.37615084,0.40641358,0.43046456,0.45449071,0.47523049,0.49527911
0.17367109,0.27215995,0.30447311,0.34802737,0.37618623,0.40663144,0.43090298,0.45518128,0.47623159,0.49659868
0.17340412,0.27189725,0.30419622,0.34781039,0.37602069,0.40654752,0.43092585,0.45530084,0.47648925,0.49697180
0.17298198,0.27180746,0.30415222,0.34797860,0.37632408,0.40706105,0.43160266,0.45617592,0.47752299,0.49816928
0.17272436,0.27156139,0.30398490,0.34776850,0.37614423,0.40684455,0.43140395,0.45597109,0.47733931,0.49799332
0.17250890,0.27155556,0.30400508,0.34799664,0.37653359,0.40747223,0.43226643,0.45710649,0.47874720,0.49969017
0.17214910,0.27125547,0.30372314,0.34766567,0.37619047,0.40706307,0.43180831,0.45657289,0.47814369,0.49900806
0.17188593,0.27110606,0.30356746,0.34755280,0.37608870,0.40701242,0.43182252,0.45668823,0.47838894,0.49940557
0.17142336,0.27090322,0.30335717,0.34737825,0.37591290,0.40678588,0.43153083,0.45629531,0.47788220,0.49877772
0.17116169,0.27073604,0.30320792,0.34727258,0.37584704,0.40672538,0.43146281,0.45616706,0.47768546,0.49846944
0.17091346,0.27069071,0.30312119,0.34728870,0.37585749,0.40683784,0.43158998,0.45641373,0.47798414,0.49890895
0.17052873,0.27049971,0.30280120,0.34704808,0.37557515,0.40656525,0.43129769,0.45607730,0.47760189,0.49843897
0.17006303,0.27023467,0.30239232,0.34674644,0.37515832,0.40618604,0.43081652,0.45557770,0.47700110,0.49776060
0.16975655,0.27010629,0.30230422,0.34672691,0.37521441,0.40636150,0.43111730,0.45605511,0.47764331,0.49860733
0.16932637,0.26988292,0.30203471,0.34657177,0.37504019,0.40629439,0.43102907,0.45606871,0.47764456,0.49871133
0.16900684,0.26969141,0.30173383,0.34633915,0.37468161,0.40594920,0.43054099,0.45559043,0.47705780,0.49816414
0.16867120,0.26949792,0.30142400,0.34609315,0.37437378,0.40567519,0.43021555,0.45529872,0.47674004,0.49790552
0.16824961,0.26924315,0.30111418,0.34582142,0.37407783,0.40533995,0.42983879,0.45484861,0.47623912,0.49733129
0.16790344,0.26909056,0.30086106,0.34561172,0.37377830,0.40498306,0.42934170,0.45421981,0.47541214,0.49633246
0.16744815,0.26882939,0.30059038,0.34544744,0.37369757,0.40500944,0.42949386,0.45448729,0.47580043,0.49681379
0.16698548,0.26861221,0.30032651,0.34530800,0.37352765,0.40487305,0.42937069,0.45438074,0.47575874,0.49681546
0.16657921,0.26824185,0.29994138,0.34490061,0.37314895,0.40444868,0.42901997,0.45399735,0.47547492,0.49652506
0.16612549,0.26786980,0.29959146,0.34453443,0.37281294,0.40409234,0.42867421,0.45362936,0.47510357,0.49612126
0.16578883,0.26779052,0.29939278,0.34447600,0.37271722,0.40405698,0.42866121,0.45365389,0.47519082,0.49625734
0.16531769,0.26748305,0.29892798,0.34408757,0.37231928,0.40372366,0.42839228,0.45348242,0.47514212,0.49635502
0.16490616,0.26724231,0.29861851,0.34385195,0.37207427,0.40349517,0.42818196,0.45327137,0.47498432,0.49621790
0.16444212,0.26691351,0.29822825,0.34346324,0.37157002,0.40291026,0.42746960,0.45247598,0.47411076,0.49531779
0.16397460,0.26668240,0.29810580,0.34351974,0.37179860,0.40325353,0.42797043,0.45306413,0.47483445,0.49611434
0.16359148,0.26645655,0.29783041,0.34331086,0.37158871,0.40307002,0.42777438,0.45283276,0.47455553,0.49576282
0.16317261,0.26615833,0.29748943,0.34296683,0.37125844,0.40270891,0.42739064,0.45236565,0.47397734,0.49502883
0.16318839,0.26618632,0.29750832,0.34303413,0.37129510,0.40279270,0.42740764,0.45238991,0.47390329,0.49491402
0.16294295,0.26610022,0.29720828,0.34274998,0.37090141,0.40239725,0.42697055,0.45195306,0.47345198,0.49445527
0.16266985,0.26600896,0.29709186,0.34274053,0.37084437,0.40240095,0.42689055,0.45190078,0.47328884,0.49427979
0.16239155,0.26594769,0.29703069,0.34269060,0.37079916,0.40237775,0.42693706,0.45203532,0.47359786,0.49477113
0.16214727,0.26581977,0.29683640,0.34255289,0.37063942,0.40229735,0.42689517,0.45213881,0.47381582,0.49519389
0.16198401,0.26571016,0.29670478,0.34253897,0.37062900,0.40242595,0.42706882,0.45246591,0.47421874,0.49573876
0.16167407,0.26544754,0.29645085,0.34235498,0.37053065,0.40248838,0.42731514,0.45297220,0.47499577,0.49685276
0.16119678,0.26513013,0.29602274,0.34202516,0.37018244,0.40221623,0.42700070,0.45271284,0.47465508,0.49653729
0.16103656,0.26513686,0.29593583,0.34195817,0.37000882,0.40194281,0.42659846,0.45212814,0.47391939,0.49558284
0.16082214,0.26498353,0.29575461,0.34173081,0.36977879,0.40167136,0.42637703,0.45190030,0.47378740,0.49549248
0.16049593,0.26484959,0.29549392,0.34153215,0.36946230,0.40136160,0.42595754,0.45147407,0.47327551,0.49497803
0.16024580,0.26467163,0.29524761,0.34131410,0.36920973,0.40117020,0.42579917,0.45143927,0.47336120,0.49525589
0.16001559,0.26459526,0.29508088,0.34119172,0.36902474,0.40101882,0.42558035,0.45122512,0.47305728,0.49490261
0.15964760,0.26427442,0.29464477,0.34077223,0.36853148,0.40056538,0.42509995,0.45080015,0.47263008,0.49451555
0.15942290,0.26413674,0.29449903,0.34063150,0.36844443,0.40047758,0.42504625,0.45073959,0.47259042,0.49447656
0.15910786,0.26409302,0.29432686,0.34057253,0.36840795,0.40050933,0.42519817,0.45095592,0.47295293,0.49489433
0.15884864,0.26398481,0.29406666,0.34038631,0.36808640,0.40018785,0.42474377,0.45043890,0.47226834,0.49406932
0.15872480,0.26399951,0.29404229,0.34032424,0.36792238,0.39990761,0.42433474,0.44988297,0.47159181,0.49326177
0.15851309,0.26387788,0.29389254,0.34024253,0.36785249,0.39986535,0.42428825,0.44981009,0.47145772,0.49302933
0.15815846,0.26349142,0.29338228,0.33957546,0.36710933,0.39904553,0.42350744,0.44909917,0.47093822,0.49273704
0.15790014,0.26320402,0.29292476,0.33913826,0.36649724,0.39833993,0.42248136,0.44779120,0.46911776,0.49044956
0.15753648,0.26290374,0.29243717,0.33874796,0.36595909,0.39791144,0.42196805,0.44741324,0.46872902,0.49022004
0.15735982,0.26282023,0.29232672,0.33873026,0.36586789,0.39793800,0.42191173,0.44751310,0.46879904,0.49049861
0.15718570,0.26284421,0.29226319,0.33868453,0.36572605,0.39773433,0.42159774,0.44709715,0.46826517,0.48984406
0.15679308,0.26257691,0.29198140,0.33851477,0.36561628,0.39779536,0.42184148,0.44761242,0.46908982,0.49104733
0.15634778,0.26224838,0.29151014,0.33797728,0.36496479,0.39698571,0.42092585,0.44649767,0.46785279,0.48957578
0.15594550,0.26202642,0.29119140,0.33786623,0.36486984,0.39716225,0.42120694,0.44711549,0.46866329,0.49076920
0.15557071,0.26192004,0.29085967,0.33764325,0.36446983,0.39679912,0.42069825,0.44664248,0.46811678,0.49033774
0.15516109,0.26166029,0.29046976,0.33725154,0.36399512,0.39632378,0.42024708,0.44626151,0.46789623,0.49031982
0.15467345,0.26144053,0.29021098,0.33708581,0.36381363,0.39615363,0.42002237,0.44597815,0.46749063,0.48978759
0.15431958,0.26121218,0.28992145,0.33681611,0.36352621,0.39585622,0.41981026,0.44574927,0.46744762,0.48975409
0.15396449,0.26099497,0.28963294,0.33646864,0.36313724,0.39535416,0.41925864,0.44508618,0.46673005,0.48892648
0.15363982,0.26081923,0.28935042,0.33630285,0.36291701,0.39528063,0.41919184,0.44519123,0.46688606,0.48924729
0.15325093,0.26053553,0.28892019,0.33594950,0.36251780,0.39500807,0.41898003,0.44513094,0.46697066,0.48950044
0.15305631,0.26031865,0.28854441,0.33556976,0.36198515,0.39442691,0.41824112,0.44426162,0.46591382,0.48826504
0.15278410,0.26022584,0.28837040,0.33545248,0.36180279,0.39420788,0.41797993,0.44390455,0.46550069,0.48769800
0.15253579,0.26000769,0.28816679,0.33529158,0.36173284,0.39417420,0.41805929,0.44401133,0.46568503,0.48787601
0.15234913,0.25994416,0.28811611,0.33532275,0.36183190,0.39442089,0.41847813,0.44467992,0.46667307,0.48925288
0.15205617,0.25972465,0.28777656,0.33498495,0.36141468,0.39398288,0.41800126,0.44420446,0.46620708,0.48882565
0.15173091,0.25945597,0.28737849,0.33461063,0.36088493,0.39342123,0.41720692,0.44328442,0.46491807,0.48726462
0.15153944,0.25929011,0.28708943,0.33438292,0.36060257,0.39320276,0.41701067,0.44313812,0.46481956,0.48717588
0.15130373,0.25925533,0.28700303,0.33438563,0.36058356,0.39320590,0.41698587,0.44311477,0.46476804,0.48714263
0.15091521,0.25885963,0.28658647,0.33395011,0.36018698,0.39280836,0.41665934,0.44281541,0.46456238,0.48699894
0.15046783,0.25866051,0.28616904,0.33355530,0.35954479,0.39210720,0.41570431,0.44180089,0.46337013,0.48581462
0.15019627,0.25856524,0.28594213,0.33341720,0.35937023,0.39194056,0.41556659,0.44165443,0.46334500,0.48587223
0.14971346,0.25832143,0.28547023,0.33297951,0.35883304,0.39132578,0.41491751,0.44084734,0.46247571,0.48474555
0.14930258,0.25808900,0.28505311,0.33265042,0.35825496,0.39074207,0.41403507,0.43988431,0.46119341,0.48334696
0.14899413,0.25794030,0.28484404,0.33247578,0.35806118,0.39053122,0.41382437,0.43963887,0.46093380,0.48301015
0.14876505,0.25783464,0.28469850,0.33236611,0.35791821,0.39031990,0.41350224,0.43908938,0.46010820,0.48176756
0.14845768,0.25766610,0.28445866,0.33207700,0.35762532,0.38994619,0.41319155,0.43870446,0.45983127,0.48144715
0.14821215,0.25743883,0.28424790,0.33175452,0.35726508,0.38935589,0.41243156,0.43758851,0.45839397,0.47954461
0.14791840,0.25731521,0.28413242,0.33172671,0.35724915,0.38938468,0.41246703,0.43768790,0.45854823,0.47984819
0.14769885,0.25715216,0.28397771,0.33163104,0.35718883,0.38939681,0.41253470,0.43782267,0.45875150,0.48010276
0.14740799,0.25699731,0.28358781,0.33130010,0.35665787,0.38885098,0.41178380,0.43697559,0.45763218,0.47875798
0.14712490,0.25680951,0.28336219,0.33113712,0.35647816,0.38869372,0.41164122,0.43687377,0.45759539,0.47881448
0.14700156,0.25668092,0.28325721,0.33101128,0.35633272,0.38850144,0.41137293,0.43649526,0.45707717,0.47811323
0.14666559,0.25651890,0.28295038,0.33082791,0.35608649,0.38830811,0.41113575,0.43624954,0.45680201,0.47780226
0.14631955,0.25634887,0.28263084,0.33056616,0.35564832,0.38784574,0.41047300,0.43549761,0.45584638,0.47671795
0.14601237,0.25623100,0.28240594,0.33043506,0.35540159,0.38759033,0.41005450,0.43495430,0.45507905,0.47572101
0.14598247,0.25619701,0.28222811,0.33031543,0.35515554,0.38737729,0.40969805,0.43457935,0.45452978,0.47508759
0.14566602,0.25607368,0.28202979,0.33026457,0.35513216,0.38751395,0.40993261,0.43501569,0.45512765,0.47592870
0.14551457,0.25594612,0.28196422,0.33016178,0.35511118,0.38744633,0.40994618,0.43503575,0.45526433,0.47617622
0.14510916,0.25577728,0.28172641,0.33003047,0.35496008,0.38739375,0.40986892,0.43505040,0.45523759,0.47622861
0.14471413,0.25547436,0.28137292,0.32978056,0.35470301,0.38720444,0.40967656,0.43487787,0.45504927,0.47602138
0.14435059,0.25538505,0.28118602,0.32967570,0.35453490,0.38707514,0.40944535,0.43463466,0.45463538,0.47552919
0.14410768,0.25551456,0.28122321,0.32987899,0.35457120,0.38724483,0.40948117,0.43487275,0.45485860,0.47609855
0.14388414,0.25555194,0.28113281,0.32994744,0.35461941,0.38740622,0.40962067,0.43508500,0.45500938,0.47628382
0.14372210,0.25541196,0.28101250,0.32988647,0.35472625,0.38755156,0.40996618,0.43545585,0.45556082,0.47686017
0.14335885,0.25522414,0.28065504,0.32961485,0.35434224,0.38721747,0.40956825,0.43508584,0.45517154,0.47648731
0.14311160,0.25518721,0.28042386,0.32955839,0.35414057,0.38715541,0.40939591,0.43504102,0.45502776,0.47646809
0.14284635,0.25498936,0.28020015,0.32930644,0.35389024,0.38683286,0.40903934,0.43456549,0.45442708,0.47566462
0.14234570,0.25468432,0.27988942,0.32902537,0.35364047,0.38652681,0.40872596,0.43413506,0.45390880,0.47495974
0.14206562,0.25449549,0.27972763,0.32889024,0.35347879,0.38636654,0.40848761,0.43387749,0.45350525,0.47450744
0.14182922,0.25446939,0.27972423,0.32906474,0.35380527,0.38684296,0.40920373,0.43474970,0.45465877,0.47582023
0.14144377,0.25436701,0.27948701,0.32898407,0.35354053,0.38668921,0.40879521,0.43440632,0.45401061,0.47519005
0.14115780,0.25416201,0.27916539,0.32867307,0.35305051,0.38619334,0.40811900,0.43375941,0.45324374,0.47451693
0.14096000,0.25399446,0.27894996,0.32844055,0.35282145,0.38588572,0.40775549,0.43329267,0.45265110,0.47380088
0.14065593,0.25378995,0.27871165,0.32830288,0.35268608,0.38589252,0.40777953,0.43353825,0.45294249,0.47440247
0.14032273,0.25353715,0.27832114,0.32785181,0.35216863,0.38526062,0.40712521,0.43274366,0.45219005,0.47350367
0.13990008,0.25328252,0.27805941,0.32763664,0.35194940,0.38505803,0.40691003,0.43260327,0.45205167,0.47349924
0.13949265,0.25303069,0.27759353,0.32725081,0.35147210,0.38467403,0.40655630,0.43237643,0.45193175,0.47350937
0.13921808,0.25292824,0.27743128,0.32726525,0.35153961,0.38488628,0.40692404,0.43283200,0.45262942,0.47423679
0.13902864,0.25276596,0.27726740,0.32720196,0.35159179,0.38509569,0.40731957,0.43348298,0.45352738,0.47549453
0.13891438,0.25275368,0.27723998,0.32708449,0.35141437,0.38476927,0.40684763,0.43283503,0.45264076,0.47442044
0.13855708,0.25266402,0.27690754,0.32684377,0.35090110,0.38429576,0.40610076,0.43207772,0.45160011,0.47330065
0.13832842,0.25253645,0.27663262,0.32664438,0.35065497,0.38414219,0.40603479,0.43217312,0.45189001,0.47380773
0.13818977,0.25239467,0.27634091,0.32628825,0.35016317,0.38355166,0.40528367,0.43126634,0.45073235,0.47242588
0.13789346,0.25234293,0.27596444,0.32598698,0.34958396,0.38299028,0.40440420,0.43039373,0.44947099,0.47118992
0.13752735,0.25204973,0.27562828,0.32572328,0.34928757,0.38274454,0.40419405,0.43022957,0.44945492,0.47123269
0.13721110,0.25178813,0.27533228,0.32543351,0.34892605,0.38242539,0.40368497,0.42983809,0.44871328,0.47068910
0.13688069,0.25153845,0.27497650,0.32512857,0.34844215,0.38200365,0.40302047,0.42925483,0.44780930,0.46987320
0.13649399,0.25127954,0.27441535,0.32470364,0.34771510,0.38136664,0.40199866,0.42830650,0.44635013,0.46851434
0.13620007,0.25107742,0.27411316,0.32446957,0.34738822,0.38114984,0.40167008,0.42816399,0.44606530,0.46850962
0.13597427,0.25092585,0.27389972,0.32429505,0.34729408,0.38103211,0.40174394,0.42815997,0.44641407,0.46874190
0.13589111,0.25089519,0.27382680,0.32418121,0.34709482,0.38072410,0.40122202,0.42745181,0.44531363,0.46740097
0.13559247,0.25081511,0.27365782,0.32404599,0.34685195,0.38045485,0.40081232,0.42705266,0.44478451,0.46698912
0.13527831,0.25068680,0.27358751,0.32402954,0.34694477,0.38049186,0.40088735,0.42701456,0.44470985,0.46679861
0.13488926,0.25042367,0.27316281,0.32370933,0.34656335,0.38017990,0.40054461,0.42670469,0.44436277,0.46645628
0.13458355,0.25031237,0.27302411,0.32373728,0.34664073,0.38055109,0.40102425,0.42769236,0.44551380,0.46835196
0.13437453,0.25018841,0.27291523,0.32365681,0.34650660,0.38043021,0.40073600,0.42744061,0.44491572,0.46784926
0.13408824,0.25003138,0.27267544,0.32344286,0.34628447,0.38012952,0.40055107,0.42705837,0.44479699,0.46739068
0.13395792,0.24990299,0.27263090,0.32340552,0.34633108,0.38018841,0.40060522,0.42708500,0.44471548,0.46721186
0.13368594,0.24983071,0.27237972,0.32323434,0.34602134,0.37992859,0.40027633,0.42681105,0.44447553,0.46705883
0.13335383,0.24969487,0.27208965,0.32299841,0.34567181,0.37950878,0.39976752,0.42609606,0.44368464,0.46592089
0.13305601,0.24965163,0.27186096,0.32286304,0.34547808,0.37934623,0.39973013,0.42607208,0.44402242,0.46623407
0.13280050,0.24957101,0.27179224,0.32285680,0.34549668,0.37942191,0.39981645,0.42624175,0.44423735,0.46658873
0.13235508,0.24932431,0.27132380,0.32249994,0.34504103,0.37909501,0.39938721,0.42599912,0.44380318,0.46642631
0.13218878,0.24922397,0.27110745,0.32226393,0.34467617,0.37874165,0.39886896,0.42557427,0.44317622,0.46600122
0.13193849,0.24914654,0.27097999,0.32220779,0.34464714,0.37877105,0.39893197,0.42575936,0.44338062,0.46643479
0.13162134,0.24874479,0.27060482,0.32185770,0.34433334,0.37859591,0.39880605,0.42593811,0.44364858,0.46721982
0.13139908,0.24859373,0.27034248,0.32166582,0.34402728,0.37822490,0.39838169,0.42526274,0.44306277,0.46617805
0.13124947,0.24849821,0.27018884,0.32161263,0.34390921,0.37821877,0.39839732,0.42536652,0.44331454,0.46646162
0.13098070,0.24845604,0.27013441,0.32164528,0.34388997,0.37821300,0.39824777,0.42519962,0.44291477,0.46602159
0.13074610,0.24836870,0.26998922,0.32155700,0.34376556,0.37815718,0.39822581,0.42524235,0.44302805,0.46618577
0.13038491,0.24825262,0.26960462,0.32126845,0.34330571,0.37770594,0.39767227,0.42465243,0.44245573,0.46562394
0.13013265,0.24797437,0.26931443,0.32096387,0.34303794,0.37743722,0.39750106,0.42448380,0.44241875,0.46557194
0.12989696,0.24791985,0.26915382,0.32088752,0.34292343,0.37745892,0.39756083,0.42478212,0.44280077,0.46629980
0.12964859,0.24784978,0.26902983,0.32080580,0.34281696,0.37738403,0.39743023,0.42468988,0.44262263,0.46615585
0.12943642,0.24775559,0.26878174,0.32070498,0.34247849,0.37717672,0.39693256,0.42427704,0.44188093,0.46542811
0.12916472,0.24760435,0.26853471,0.32057722,0.34236797,0.37706761,0.39697139,0.42418181,0.44211542,0.46539125
0.12897092,0.24750729,0.26838846,0.32049114,0.34224519,0.37698700,0.39681911,0.42400448,0.44176063,0.46491570
0.12875357,0.24737699,0.26833805,0.32041103,0.34223821,0.37692238,0.39679510,0.42395323,0.44166280,0.46484326
0.12845066,0.24732748,0.26811609,0.32038552,0.34203044,0.37695905,0.39664359,0.42408478,0.44162135,0.46508138
0.12816988,0.24711003,0.26793645,0.32021340,0.34199693,0.37695278,0.39689790,0.42439451,0.44234238,0.46586873
0.12788446,0.24706162,0.26784576,0.32032819,0.34221363,0.37737412,0.39761442,0.42533088,0.44373772,0.46745771
0.12770865,0.24696290,0.26782880,0.32027174,0.34228786,0.37733428,0.39778780,0.42531163,0.44407134,0.46755415
0.12756382,0.24686018,0.26773815,0.32018462,0.34215685,0.37710441,0.39744019,0.42469045,0.44320419,0.46620659
0.12734391,0.24677163,0.26756295,0.32003366,0.34189950,0.37680904,0.39697887,0.42410021,0.44236034,0.46511669
0.12710644,0.24669270,0.26745277,0.31995796,0.34180909,0.37672181,0.39692233,0.42399649,0.44236141,0.46502919
0.12698529,0.24655218,0.26735207,0.31987751,0.34181727,0.37668878,0.39704306,0.42397964,0.44251604,0.46492824
0.12691321,0.24643716,0.26705148,0.31957835,0.34136158,0.37629370,0.39658688,0.42360067,0.44216273,0.46465640
0.12660164,0.24627095,0.26676926,0.31939417,0.34103156,0.37603327,0.39609017,0.42310741,0.44127251,0.46365458
0.12624458,0.24603164,0.26635855,0.31908283,0.34067204,0.37580613,0.39588406,0.42317285,0.44148096,0.46433653
0.12596834,0.24584966,0.26618453,0.31889412,0.34051557,0.37565639,0.39566483,0.42306868,0.44116033,0.46423982
0.12562134,0.24565527,0.26594616,0.31885272,0.34045788,0.37583685,0.39579837,0.42346907,0.44146211,0.46484401
0.12534867,0.24549516,0.26549109,0.31845690,0.33989155,0.37528692,0.39520216,0.42283887,0.44086324,0.46415594
0.12508077,0.24539582,0.26519907,0.31828326,0.33949181,0.37499355,0.39462802,0.42233508,0.44003488,0.46333311
0.12480114,0.24515336,0.26494169,0.31799089,0.33924377,0.37455316,0.39433447,0.42173296,0.43971218,0.46264330
0.12440047,0.24490089,0.26456434,0.31771620,0.33904203,0.37441688,0.39440823,0.42185664,0.44013069,0.46310042
0.12431646,0.24482831,0.26448440,0.31766863,0.33899933,0.37431389,0.39432460,0.42162176,0.43998150,0.46273541
0.12411885,0.24470639,0.26440293,0.31759193,0.33895113,0.37420917,0.39416736,0.42136634,0.43959058,0.46220733
0.12380865,0.24448070,0.26409253,0.31724243,0.33864803,0.37378692,0.39389338,0.42096858,0.43941693,0.46193989
0.12359177,0.24427011,0.26387053,0.31700797,0.33844816,0.37358174,0.39379267,0.42089062,0.43958771,0.46220779
0.12327013,0.24418846,0.26380201,0.31704779,0.33845863,0.37364117,0.39378382,0.42087482,0.43946010,0.46199783
0.12311508,0.24403632,0.26366041,0.31701305,0.33847283,0.37375623,0.39395225,0.42116344,0.43985074,0.46256183
0.12274923,0.24377151,0.26335786,0.31672010,0.33815816,0.37338160,0.39354034,0.42065570,0.43930927,0.46192652
0.12255741,0.24367818,0.26322766,0.31662783,0.33791462,0.37312465,0.39296506,0.41997944,0.43807084,0.46041804
0.12230954,0.24349748,0.26300721,0.31639682,0.33758255,0.37275795,0.39241650,0.41937789,0.43720021,0.45946441
0.12218164,0.24357378,0.26309996,0.31669147,0.33785280,0.37328255,0.39294698,0.42021301,0.43812761,0.46072354
0.12188193,0.24341428,0.26293886,0.31658283,0.33773720,0.37313366,0.39278171,0.41990134,0.43774751,0.46007323
0.12167490,0.24323369,0.26271857,0.31627415,0.33744588,0.37273535,0.39236927,0.41939178,0.43714909,0.45936109
0.12136789,0.24307318,0.26234475,0.31611916,0.33712890,0.37267682,0.39220944,0.41964857,0.43747124,0.46034734
0.12118620,0.24299464,0.26216888,0.31606426,0.33703076,0.37272555,0.39226801,0.41992952,0.43785470,0.46106988
0.12092895,0.24284427,0.26209807,0.31597474,0.33711051,0.37269624,0.39229441,0.41971629,0.43744044,0.46021208
0.12073094,0.24279757,0.26205172,0.31606711,0.33730264,0.37302007,0.39281421,0.42036658,0.43840823,0.46132606
0.12053107,0.24269193,0.26197882,0.31590163,0.33720671,0.37278127,0.39263319,0.42001526,0.43808724,0.46080049
0.12020848,0.24253772,0.26176325,0.31583495,0.33715653,0.37283549,0.39279487,0.42020802,0.43843902,0.46109988
0.11990572,0.24231151,0.26137703,0.31558398,0.33678482,0.37256947,0.39241604,0.41985965,0.43791869,0.46049938
0.11957395,0.24210523,0.26098922,0.31534587,0.33645886,0.37238118,0.39221405,0.41979962,0.43788345,0.46061294
0.11928029,0.24202030,0.26099033,0.31520157,0.33644931,0.37206958,0.39195995,0.41913176,0.43710520,0.45931319
0.11919197,0.24190965,0.26061741,0.31480100,0.33579966,0.37133244,0.39100493,0.41806853,0.43584638,0.45797084
0.11889660,0.24188995,0.26053514,0.31498475,0.33609153,0.37177290,0.39161378,0.41872393,0.43661567,0.45868742
0.11855273,0.24157587,0.26009024,0.31458126,0.33562529,0.37124684,0.39104501,0.41796813,0.43581530,0.45760311
0.11847928,0.24150178,0.26007600,0.31452975,0.33560842,0.37116504,0.39096517,0.41782077,0.43564046,0.45736329
0.11824682,0.24123835,0.25973058,0.31421651,0.33523211,0.37084045,0.39060664,0.41749132,0.43530614,0.45701544
0.11804764,0.24114372,0.25956791,0.31410611,0.33505506,0.37072894,0.39048975,0.41746698,0.43534608,0.45715616
0.11770476,0.24100216,0.25943120,0.31402924,0.33503713,0.37061162,0.39047062,0.41720559,0.43516733,0.45661611
0.11734449,0.24093953,0.25919481,0.31396130,0.33489817,0.37055753,0.39046001,0.41726949,0.43536726,0.45691005
0.11716924,0.24084901,0.25905770,0.31378645,0.33463174,0.37021655,0.38998288,0.41670686,0.43469203,0.45616434
0.11688858,0.24076779,0.25877570,0.31362781,0.33438985,0.37005771,0.38983044,0.41663527,0.43470628,0.45628063
0.11670187,0.24065024,0.25859330,0.31353041,0.33437194,0.37015480,0.39012059,0.41712026,0.43548230,0.45732996
0.11658936,0.24057009,0.25829748,0.31312594,0.33366910,0.36925362,0.38880915,0.41548556,0.43331257,0.45473554
0.11634882,0.24047136,0.25803852,0.31288368,0.33330059,0.36884254,0.38832346,0.41492377,0.43273059,0.45403492
0.11614044,0.24025504,0.25781072,0.31267873,0.33317235,0.36879737,0.38840464,0.41514642,0.43309533,0.45457769
0.11595497,0.24001242,0.25754491,0.31244919,0.33293149,0.36861804,0.38819400,0.41499223,0.43285758,0.45436357
0.11571322,0.23968597,0.25691925,0.31184994,0.33206471,0.36778290,0.38706346,0.41388976,0.43141261,0.45293350
0.11548922,0.23965048,0.25663146,0.31175200,0.33171743,0.36760240,0.38660693,0.41364426,0.43086339,0.45266576
0.11536717,0.23959208,0.25648669,0.31169627,0.33164415,0.36757030,0.38666548,0.41373680,0.43117355,0.45302301
0.11525168,0.23954341,0.25642162,0.31164858,0.33163056,0.36751642,0.38675634,0.41372883,0.43143063,0.45316258
0.11499118,0.23934268,0.25615129,0.31151016,0.33158239,0.36748439,0.38683636,0.41368539,0.43140718,0.45288857
0.11464582,0.23912411,0.25565545,0.31114894,0.33098974,0.36694348,0.38604534,0.41289768,0.43034619,0.45183318
0.11456680,0.23915595,0.25573636,0.31126271,0.33118308,0.36704308,0.38617985,0.41286726,0.43028074,0.45157657
0.11430853,0.23890248,0.25537205,0.31085444,0.33065681,0.36640479,0.38554138,0.41207883,0.42964347,0.45080281
0.11410544,0.23885736,0.25511589,0.31072337,0.33047099,0.36634753,0.38559345,0.41228247,0.43010014,0.45146874
0.11384423,0.23869689,0.25481977,0.31058000,0.33025981,0.36629647,0.38556004,0.41241075,0.43032110,0.45184602
0.11361650,0.23863932,0.25474184,0.31042826,0.33002608,0.36591612,0.38497585,0.41159098,0.42918423,0.45038144
0.11335515,0.23854036,0.25445463,0.31034789,0.32973757,0.36581618,0.38464687,0.41141619,0.42875157,0.45006141
0.11322021,0.23845145,0.25423792,0.31020749,0.32944037,0.36559355,0.38427362,0.41113743,0.42834829,0.44978098
0.11311818,0.23843331,0.25417642,0.31020127,0.32938900,0.36551591,0.38414623,0.41094895,0.42813764,0.44951311
0.11288363,0.23837173,0.25397425,0.31008255,0.32910470,0.36523998,0.38366352,0.41042881,0.42736213,0.44866909
0.11248628,0.23816027,0.25348436,0.30974048,0.32847822,0.36475561,0.38288841,0.40974542,0.42635246,0.44765587
0.11225930,0.23817575,0.25327595,0.30967355,0.32808823,0.36447764,0.38223355,0.40918049,0.42538064,0.44674418
0.11203543,0.23815113,0.25305766,0.30966926,0.32799089,0.36463799,0.38237428,0.40962824,0.42584479,0.44756597
0.11172837,0.23805395,0.25296099,0.30969591,0.32803068,0.36469198,0.38236297,0.40955799,0.42562474,0.44724698
0.11149450,0.23789294,0.25275804,0.30955485,0.32793892,0.36464110,0.38247301,0.40970140,0.42604502,0.44767783
0.11123457,0.23786604,0.25268756,0.30969094,0.32803821,0.36498161,0.38276244,0.41027783,0.42655424,0.44850791
0.11110668,0.23787906,0.25262089,0.30979099,0.32803601,0.36516758,0.38287457,0.41053794,0.42681141,0.44883801
0.11082326,0.23766806,0.25233426,0.30954683,0.32776456,0.36497243,0.38273533,0.41048829,0.42690947,0.44901166
0.11048039,0.23746903,0.25199868,0.30942021,0.32768894,0.36509750,0.38300483,0.41097333,0.42754979,0.44987497
0.11033959,0.23758105,0.25200784,0.30961368,0.32778107,0.36538704,0.38322542,0.41140288,0.42797008,0.45050493
0.11008096,0.23759692,0.25181718,0.30974295,0.32785849,0.36578864,0.38366906,0.41214981,0.42880826,0.45161975
0.10992198,0.23745617,0.25167891,0.30944953,0.32752925,0.36524068,0.38296692,0.41117297,0.42753083,0.45004468
0.10983467,0.23717672,0.25137269,0.30903461,0.32697356,0.36466511,0.38217299,0.41043067,0.42654079,0.44914868
0.10961663,0.23710029,0.25130159,0.30896171,0.32697002,0.36457761,0.38217931,0.41031528,0.42652938,0.44902174
0.10930792,0.23705549,0.25114829,0.30890834,0.32680757,0.36443850,0.38184656,0.41002688,0.42592350,0.44852900
0.10928746,0.23720788,0.25135331,0.30925232,0.32723823,0.36514506,0.38262307,0.41127295,0.42715087,0.45043435
0.10910390,0.23707298,0.25106647,0.30915883,0.32702520,0.36520317,0.38261458,0.41159869,0.42744947,0.45108606
0.10889306,0.23696048,0.25076421,0.30897453,0.32674294,0.36507565,0.38251821,0.41166490,0.42765216,0.45142704
0.10867705,0.23674618,0.25045509,0.30874559,0.32650161,0.36488003,0.38232521,0.41151865,0.42742865,0.45132676
0.10840289,0.23671655,0.25023058,0.30864624,0.32625947,0.36487203,0.38222364,0.41176006,0.42763943,0.45192723
0.10833216,0.23665886,0.25027819,0.30878587,0.32662743,0.36536422,0.38297651,0.41268707,0.42879784,0.45330448
0.10815453,0.23646443,0.25012909,0.30859366,0.32657523,0.36522321,0.38299810,0.41259959,0.42887798,0.45326088
0.10793851,0.23634800,0.24995724,0.30847982,0.32629744,0.36509596,0.38266400,0.41255230,0.42860880,0.45340500
0.10759367,0.23622221,0.24962271,0.30832967,0.32607272,0.36481331,0.38239948,0.41197063,0.42813581,0.45237130
0.10750050,0.23612594,0.24941662,0.30828785,0.32597193,0.36495898,0.38258999,0.41243097,0.42876455,0.45325001
0.10732893,0.23611245,0.24928341,0.30847267,0.32604796,0.36525030,0.38277096,0.41269772,0.42891831,0.45339103
0.10708683,0.23605116,0.24925279,0.30858622,0.32633113,0.36556473,0.38332934,0.41315247,0.42960972,0.45385720
0.10692995,0.23583779,0.24893068,0.30841278,0.32596907,0.36539565,0.38294619,0.41294605,0.42917679,0.45354221
0.10679558,0.23569310,0.24888313,0.30834161,0.32592069,0.36539246,0.38282541,0.41301751,0.42897779,0.45372742
0.10656508,0.23569545,0.24876530,0.30841968,0.32586879,0.36544497,0.38270053,0.41291171,0.42863118,0.45338825
0.10640320,0.23559060,0.24861692,0.30827088,0.32565185,0.36520439,0.38229418,0.41250278,0.42795820,0.45274840
0.10619589,0.23552727,0.24846425,0.30818282,0.32548365,0.36502044,0.38215742,0.41223780,0.42794090,0.45248153
0.10593335,0.23545150,0.24830091,0.30805641,0.32543220,0.36490684,0.38220714,0.41212085,0.42802871,0.45230719
0.10565662,0.23526379,0.24799149,0.30790597,0.32517607,0.36492420,0.38210251,0.41246337,0.42819348,0.45314208
0.10544308,0.23514622,0.24776421,0.30767143,0.32494296,0.36460778,0.38196759,0.41210901,0.42829713,0.45280272
0.10519498,0.23505349,0.24767369,0.30754155,0.32479879,0.36437634,0.38166006,0.41171524,0.42774452,0.45217775
0.10500960,0.23489182,0.24740956,0.30728266,0.32450645,0.36419041,0.38146369,0.41177803,0.42774182,0.45262507
0.10475254,0.23482243,0.24712598,0.30719783,0.32437579,0.36406829,0.38138519,0.41155683,0.42763576,0.45227014
0.10467785,0.23484030,0.24699705,0.30723549,0.32430336,0.36422902,0.38141299,0.41190365,0.42774445,0.45280293
0.10440540,0.23479325,0.24681509,0.30720811,0.32408691,0.36417260,0.38106018,0.41177926,0.42719953,0.45258029
0.10427384,0.23479547,0.24674451,0.30721775,0.32399691,0.36418511,0.38075873,0.41171658,0.42653964,0.45239674
0.10394701,0.23473259,0.24652302,0.30722576,0.32395354,0.36435219,0.38092687,0.41202780,0.42688668,0.45275440
0.10372060,0.23461394,0.24634624,0.30717248,0.32377708,0.36438440,0.38077415,0.41219480,0.42682785,0.45313167
0.10349573,0.23453725,0.24603805,0.30712416,0.32354759,0.36451061,0.38067545,0.41259226,0.42692337,0.45383412
0.10325941,0.23426701,0.24556724,0.30657067,0.32293052,0.36373771,0.37999136,0.41168107,0.42625298,0.45281270
0.10294028,0.23422325,0.24537656,0.30667748,0.32296910,0.36400538,0.38035048,0.41213618,0.42702792,0.45350261
0.10277996,0.23407050,0.24518843,0.30638083,0.32268042,0.36362595,0.37995213,0.41182108,0.42659180,0.45343268
0.10261547,0.23385655,0.24493384,0.30602579,0.32235645,0.36319169,0.37970244,0.41151122,0.42663538,0.45346770
0.10234566,0.23374598,0.24491367,0.30599582,0.32252748,0.36327906,0.38001148,0.41165749,0.42693927,0.45355975
0.10220335,0.23368914,0.24461834,0.30594479,0.32223914,0.36320801,0.37977101,0.41146260,0.42670688,0.45311306
0.10204901,0.23371129,0.24458815,0.30598702,0.32230634,0.36328731,0.37990451,0.41165250,0.42689635,0.45347773
0.10182835,0.23370421,0.24456671,0.30610917,0.32246577,0.36362696,0.38038034,0.41233655,0.42782842,0.45455976
0.10171667,0.23363137,0.24438376,0.30588482,0.32218760,0.36326012,0.38013789,0.41188760,0.42773936,0.45409654
0.10165378,0.23355783,0.24427298,0.30571317,0.32199591,0.36302793,0.37988489,0.41161493,0.42749147,0.45385183
0.10139491,0.23333011,0.24397756,0.30546862,0.32174433,0.36266624,0.37947219,0.41094237,0.42663927,0.45262844
0.10107777,0.23335683,0.24380500,0.30553898,0.32175496,0.36276991,0.37955794,0.41093131,0.42668486,0.45236453
0.10091108,0.23336176,0.24357599,0.30527895,0.32116828,0.36203052,0.37834319,0.40958054,0.42473180,0.45038573
0.10070785,0.23331311,0.24344326,0.30521368,0.32114844,0.36204816,0.37853351,0.40972245,0.42518259,0.45064714
0.10047878,0.23322781,0.24334952,0.30503549,0.32110133,0.36176326,0.37848957,0.40932321,0.42514487,0.45011718
0.10047996,0.23321435,0.24338533,0.30503198,0.32111965,0.36172428,0.37844899,0.40926552,0.42510053,0.45012691
0.10031897,0.23299421,0.24313522,0.30473025,0.32098838,0.36159764,0.37873516,0.40960176,0.42610600,0.45118556
0.10008565,0.23287042,0.24290491,0.30452457,0.32070211,0.36137736,0.37847483,0.40949774,0.42598762,0.45134510
0.10004786,0.23282415,0.24273883,0.30433184,0.32036570,0.36105732,0.37798474,0.40904194,0.42532931,0.45073805
0.10010652,0.23299394,0.24302513,0.30468210,0.32075155,0.36152015,0.37845039,0.40963481,0.42595962,0.45157115
0.09996717,0.23289870,0.24275534,0.30428384,0.32025728,0.36085350,0.37780123,0.40882497,0.42534118,0.45082863
0.09976628,0.23289422,0.24225003,0.30413010,0.31943918,0.36050120,0.37661702,0.40818411,0.42370216,0.44977886
0.09952945,0.23288287,0.24196183,0.30401125,0.31903234,0.36025786,0.37600553,0.40777906,0.42282776,0.44917536
0.09930137,0.23277980,0.24167750,0.30387840,0.31881782,0.36015481,0.37602871,0.40779992,0.42319705,0.44939963
0.09893913,0.23258697,0.24133950,0.30371879,0.31852599,0.35995723,0.37563995,0.40744804,0.42252906,0.44875206
0.09893887,0.23268704,0.24158126,0.30405085,0.31904169,0.36043014,0.37648517,0.40810377,0.42388080,0.44978622
0.09896621,0.23285626,0.24161043,0.30433351,0.31930309,0.36108432,0.37728418,0.40938909,0.42547893,0.45183523
0.09865726,0.23264706,0.24132610,0.30423791,0.31929491,0.36132167,0.37785389,0.41028635,0.42694089,0.45369550
0.09842086,0.23222801,0.24089096,0.30370308,0.31881389,0.36073962,0.37741837,0.40967205,0.42648303,0.45293330
0.09846641,0.23224977,0.24072466,0.30374442,0.31863736,0.36089781,0.37743953,0.41006575,0.42687234,0.45370554
0.09829448,0.23218339,0.24066002,0.30368118,0.31848758,0.36064923,0.37708416,0.40956873,0.42631117,0.45301175
0.09831633,0.23208379,0.24071500,0.30363521,0.31877703,0.36095842,0.37801687,0.41066108,0.42836482,0.45536643
0.09809684,0.23201656,0.24038175,0.30353541,0.31842543,0.36082753,0.37766774,0.41053044,0.42809471,0.45534634
0.09781609,0.23192977,0.24019862,0.30351264,0.31830361,0.36075739,0.37755092,0.41038894,0.42799261,0.45519205
0.09739681,0.23177720,0.23992895,0.30346257,0.31813004,0.36074518,0.37727530,0.41027972,0.42743626,0.45485266
0.09720703,0.23173835,0.23978775,0.30343603,0.31808731,0.36082637,0.37735364,0.41052361,0.42763334,0.45523789
0.09688754,0.23162303,0.23919412,0.30309786,0.31737157,0.36026730,0.37648672,0.40979930,0.42669980,0.45449441
0.09667520,0.23163499,0.23912065,0.30313521,0.31734445,0.36029769,0.37645255,0.40980885,0.42664982,0.45447775
0.09649406,0.23166962,0.23906304,0.30316242,0.31737725,0.36034745,0.37662669,0.40993492,0.42705202,0.45484052
0.09624665,0.23146547,0.23880684,0.30290975,0.31723218,0.36006740,0.37662262,0.40964218,0.42712528,0.45449321
0.09608141,0.23152500,0.23878175,0.30303300,0.31726139,0.36031447,0.37677644,0.41005326,0.42749325,0.45513090
0.09589904,0.23144462,0.23864361,0.30297493,0.31719212,0.36035208,0.37678383,0.41031061,0.42772575,0.45581811
0.09576814,0.23136199,0.23844898,0.30287877,0.31713960,0.36041041,0.37710574,0.41083490,0.42877008,0.45720961
0.09568256,0.23136836,0.23851082,0.30298574,0.31737890,0.36061660,0.37752889,0.41128833,0.42961141,0.45826967
0.09562646,0.23139599,0.23860542,0.30308245,0.31742389,0.36053204,0.37722378,0.41061162,0.42846327,0.45647046
0.09534925,0.23119896,0.23823004,0.30285959,0.31716793,0.36039365,0.37725450,0.41075916,0.42898923,0.45716631
0.09511097,0.23123907,0.23809850,0.30290952,0.31708245,0.36031772,0.37690872,0.41018802,0.42790695,0.45559796
0.09508782,0.23140935,0.23822634,0.30330881,0.31744195,0.36086904,0.37743237,0.41077126,0.42841731,0.45604067
0.09512164,0.23142289,0.23832537,0.30337494,0.31772293,0.36113704,0.37802905,0.41146420,0.42961084,0.45746198
0.09487880,0.23133225,0.23809809,0.30328799,0.31765578,0.36116120,0.37828983,0.41180065,0.43041748,0.45839691
0.09468382,0.23137101,0.23790352,0.30336686,0.31753086,0.36129252,0.37818389,0.41190833,0.43018796,0.45831805
0.09463074,0.23142104,0.23799845,0.30348535,0.31760276,0.36129309,0.37790409,0.41143097,0.42907360,0.45680887
0.09452939,0.23131266,0.23784067,0.30342153,0.31752494,0.36137380,0.37795954,0.41163378,0.42921778,0.45703312
0.09433517,0.23108612,0.23747294,0.30302001,0.31697214,0.36086621,0.37725174,0.41104671,0.42840245,0.45633678
0.09407380,0.23088183,0.23722341,0.30277151,0.31673370,0.36056635,0.37691725,0.41056111,0.42772252,0.45535850
0.09380661,0.23082360,0.23718637,0.30284191,0.31700193,0.36098729,0.37770133,0.41157789,0.42918406,0.45708601
0.09352438,0.23066462,0.23692880,0.30281310,0.31707620,0.36131864,0.37838744,0.41255155,0.43068495,0.45888680
0.09344745,0.23070469,0.23714713,0.30308132,0.31760799,0.36191096,0.37934178,0.41351163,0.43204915,0.46016775
0.09331454,0.23064986,0.23709431,0.30307630,0.31778503,0.36205543,0.37979516,0.41383044,0.43274404,0.46066101
0.09320328,0.23063511,0.23692171,0.30308125,0.31775145,0.36207851,0.37986863,0.41386367,0.43284276,0.46067313
0.09311023,0.23062983,0.23671873,0.30299343,0.31738599,0.36177984,0.37910496,0.41314088,0.43150168,0.45938243
0.09270658,0.23050086,0.23640502,0.30281756,0.31695432,0.36123588,0.37811389,0.41185178,0.42958272,0.45702721
0.09262235,0.23036887,0.23596160,0.30242195,0.31632669,0.36072936,0.37756052,0.41152550,0.42940596,0.45715604
0.09228233,0.23026622,0.23553279,0.30223261,0.31587469,0.36049813,0.37708499,0.41124531,0.42891414,0.45677629
0.09223930,0.23013173,0.23525696,0.30197870,0.31548440,0.36010833,0.37662616,0.41084532,0.42863478,0.45673032
0.09216196,0.23021493,0.23520270,0.30207753,0.31554744,0.36031532,0.37686334,0.41126761,0.42903208,0.45731385
0.09201710,0.23024598,0.23527982,0.30211510,0.31578944,0.36034234,0.37718835,0.41121767,0.42928627,0.45706820
0.09170130,0.23014682,0.23500963,0.30199363,0.31550104,0.36026147,0.37690342,0.41127219,0.42911987,0.45733320
0.09160301,0.23022917,0.23502040,0.30225703,0.31580244,0.36091662,0.37773441,0.41251403,0.43066371,0.45932264
0.09131920,0.23019632,0.23486089,0.30217668,0.31557470,0.36062892,0.37724634,0.41188352,0.42982026,0.45832046
0.09121153,0.23024329,0.23483531,0.30229938,0.31552764,0.36074336,0.37708909,0.41197487,0.42963247,0.45851560
0.09096608,0.23007661,0.23462925,0.30220315,0.31551310,0.36083882,0.37744906,0.41241851,0.43053069,0.45942061
0.09075625,0.22988886,0.23434482,0.30197338,0.31529537,0.36058004,0.37733300,0.41226907,0.43063376,0.45956795
0.09049368,0.22987903,0.23421094,0.30197210,0.31518618,0.36063805,0.37750629,0.41261768,0.43141379,0.46045620
0.09032348,0.22984767,0.23416585,0.30201544,0.31541611,0.36099112,0.37815216,0.41346774,0.43258883,0.46191138
0.09008980,0.22988528,0.23384327,0.30202833,0.31499216,0.36080350,0.37736473,0.41278825,0.43117642,0.46051320
0.08992014,0.22980875,0.23389996,0.30210440,0.31528073,0.36117649,0.37795576,0.41352707,0.43208241,0.46159860
0.08997411,0.22972510,0.23388899,0.30190661,0.31518030,0.36089506,0.37776874,0.41316670,0.43173069,0.46110335
0.08964752,0.22961743,0.23342575,0.30170285,0.31459059,0.36047324,0.37698294,0.41235700,0.43058167,0.45976507
0.08939239,0.22947570,0.23304394,0.30135529,0.31390330,0.35962000,0.37563489,0.41067861,0.42829872,0.45707244
0.08922270,0.22941404,0.23296817,0.30129142,0.31380395,0.35944664,0.37537031,0.41030011,0.42784429,0.45651062
0.08913231,0.22934302,0.23278438,0.30120319,0.31348780,0.35931604,0.37496259,0.41006777,0.42731079,0.45604588
0.08899998,0.22927453,0.23274118,0.30110928,0.31346472,0.35929268,0.37504420,0.41026402,0.42771569,0.45666680
0.08896427,0.22920664,0.23260082,0.30089414,0.31298974,0.35875740,0.37402531,0.40915720,0.42593541,0.45472483
0.08883280,0.22902872,0.23238123,0.30060172,0.31257642,0.35840644,0.37347487,0.40878360,0.42529973,0.45424318
0.08865461,0.22890750,0.23217103,0.30053239,0.31229831,0.35828128,0.37290620,0.40843582,0.42429822,0.45354275
0.08843796,0.22880319,0.23190338,0.30031109,0.31171238,0.35786913,0.37195622,0.40771090,0.42284648,0.45223463
0.08811577,0.22876053,0.23153494,0.30011918,0.31141185,0.35758594,0.37172767,0.40733863,0.42265829,0.45177683
0.08792499,0.22873269,0.23143074,0.29988170,0.31109233,0.35707390,0.37110335,0.40644774,0.42159828,0.45033667
0.08764923,0.22853278,0.23124480,0.29980398,0.31098665,0.35719079,0.37110714,0.40670575,0.42162572,0.45054446
0.08756612,0.22844598,0.23110371,0.29964593,0.31084660,0.35698363,0.37102580,0.40651753,0.42162623,0.45043710
0.08729375,0.22850997,0.23109354,0.29978667,0.31101549,0.35726382,0.37141857,0.40705298,0.42232044,0.45130840
0.08713544,0.22858053,0.23112692,0.29994531,0.31123517,0.35750341,0.37173672,0.40734878,0.42268526,0.45162308
0.08694337,0.22842327,0.23078210,0.29965891,0.31075932,0.35708178,0.37125029,0.40696630,0.42242841,0.45154282
0.08676240,0.22847788,0.23063820,0.29981560,0.31079677,0.35740988,0.37154678,0.40749680,0.42300133,0.45226513
0.08668025,0.22843478,0.23038772,0.29972756,0.31057549,0.35725525,0.37127951,0.40715759,0.42246158,0.45153458
0.08638183,0.22842418,0.23026141,0.29964157,0.31033261,0.35693790,0.37069515,0.40644885,0.42142488,0.45035405
0.08611520,0.22835043,0.23002761,0.29957210,0.31010259,0.35678385,0.37026315,0.40604720,0.42060177,0.44954797
0.08579076,0.22829807,0.22970600,0.29950749,0.30978608,0.35669785,0.36991719,0.40591305,0.42025384,0.44939406
0.08568365,0.22826286,0.22957668,0.29946252,0.30969745,0.35671987,0.36987339,0.40609391,0.42035556,0.44980956
0.08568191,0.22815358,0.22956167,0.29926493,0.30945761,0.35632235,0.36929236,0.40533999,0.41929066,0.44854707
0.08552112,0.22814273,0.22962589,0.29921879,0.30965941,0.35631432,0.36966192,0.40539598,0.41983436,0.44871698
0.08539498,0.22817788,0.22961672,0.29928298,0.30969623,0.35637195,0.36967131,0.40539997,0.41977608,0.44864859
0.08523477,0.22809813,0.22930625,0.29903104,0.30934434,0.35604808,0.36942126,0.40508668,0.41962365,0.44830621
0.08491268,0.22787650,0.22887476,0.29867551,0.30890048,0.35552111,0.36897900,0.40448620,0.41930804,0.44785945
0.08497435,0.22783797,0.22887411,0.29862989,0.30904002,0.35547253,0.36929682,0.40444207,0.41977965,0.44791087
0.08482566,0.22759423,0.22860987,0.29840226,0.30881055,0.35537406,0.36910171,0.40440493,0.41950565,0.44774789
0.08457637,0.22727095,0.22821529,0.29811056,0.30846420,0.35521390,0.36891232,0.40448597,0.41963970,0.44822031
0.08441955,0.22723856,0.22809513,0.29817436,0.30837773,0.35526539,0.36867837,0.40430148,0.41898937,0.44751455
0.08424286,0.22719157,0.22797433,0.29811748,0.30838114,0.35531269,0.36893700,0.40463092,0.41967842,0.44829655
0.08407053,0.22706350,0.22789446,0.29796364,0.30840095,0.35519518,0.36914731,0.40472360,0.42026437,0.44883338
0.08396307,0.22711702,0.22786852,0.29789631,0.30828900,0.35476882,0.36859549,0.40362489,0.41887324,0.44677358
0.08379412,0.22693190,0.22752738,0.29752481,0.30770355,0.35418982,0.36779340,0.40289058,0.41795144,0.44596105
0.08360864,0.22684007,0.22719876,0.29749632,0.30746278,0.35436159,0.36780800,0.40337336,0.41836070,0.44684615
0.08348298,0.22681070,0.22693580,0.29736353,0.30708430,0.35413948,0.36731018,0.40306856,0.41781652,0.44651650
0.08330910,0.22682393,0.22676513,0.29735418,0.30688755,0.35411549,0.36718757,0.40321184,0.41802471,0.44712361
0.08317296,0.22680729,0.22659174,0.29742582,0.30688312,0.35446751,0.36764317,0.40416370,0.41924674,0.44897511
0.08306202,0.22679088,0.22644220,0.29733816,0.30635075,0.35411349,0.36640860,0.40323278,0.41697930,0.44710344
0.08301055,0.22668370,0.22622765,0.29706094,0.30599715,0.35368564,0.36604905,0.40275824,0.41672651,0.44664255
0.08280284,0.22651981,0.22570671,0.29667332,0.30514965,0.35312218,0.36487816,0.40205668,0.41529513,0.44580273
0.08246206,0.22650062,0.22540123,0.29669349,0.30471892,0.35297347,0.36410227,0.40152362,0.41401943,0.44471739
0.08229451,0.22651252,0.22536041,0.29674260,0.30488497,0.35328473,0.36476320,0.40231174,0.41538104,0.44607455
0.08215965,0.22652899,0.22511708,0.29670889,0.30453592,0.35319506,0.36442584,0.40225832,0.41524985,0.44615656
0.08211344,0.22667524,0.22501538,0.29680065,0.30446465,0.35310664,0.36440371,0.40191657,0.41526099,0.44561395
0.08190899,0.22645513,0.22453390,0.29653653,0.30391406,0.35275962,0.36380700,0.40150339,0.41467345,0.44522724
0.08166371,0.22636599,0.22419575,0.29625411,0.30333975,0.35209904,0.36275268,0.40026229,0.41292562,0.44329472
0.08145957,0.22637750,0.22398772,0.29623471,0.30321329,0.35204504,0.36273878,0.40017603,0.41302978,0.44322059
0.08125664,0.22632569,0.22379109,0.29618846,0.30304283,0.35194041,0.36251668,0.39994740,0.41275090,0.44290837
0.08113678,0.22626007,0.22356455,0.29607394,0.30282750,0.35178832,0.36222902,0.39968150,0.41220651,0.44231583
0.08085912,0.22622007,0.22327516,0.29610064,0.30252574,0.35179534,0.36176917,0.39953843,0.41150011,0.44192171
0.08057468,0.22626231,0.22295178,0.29618982,0.30233072,0.35207731,0.36191970,0.40017003,0.41217620,0.44300755
0.08042449,0.22626937,0.22290549,0.29634044,0.30270213,0.35249661,0.36285961,0.40103058,0.41381781,0.44452003
0.08041209,0.22626127,0.22283666,0.29627546,0.30253610,0.35220852,0.36240213,0.40029669,0.41277814,0.44311260
0.08022558,0.22614891,0.22287670,0.29620238,0.30268606,0.35218715,0.36262629,0.40038376,0.41308278,0.44331258
0.08011284,0.22615720,0.22272964,0.29626885,0.30251402,0.35228540,0.36239624,0.40041805,0.41268972,0.44313774
0.08001419,0.22615915,0.22252657,0.29630006,0.30235117,0.35232044,0.36241880,0.40053284,0.41298950,0.44344142
0.07957940,0.22600249,0.22212821,0.29612262,0.30207471,0.35223905,0.36230551,0.40063942,0.41312364,0.44380550
0.07935391,0.22581974,0.22165904,0.29596785,0.30167119,0.35238909,0.36226626,0.40126977,0.41364611,0.44497466
0.07923259,0.22584713,0.22162183,0.29587017,0.30171725,0.35228818,0.36265233,0.40142563,0.41458472,0.44560595
0.07918246,0.22584412,0.22154685,0.29576635,0.30139119,0.35184548,0.36180462,0.40040268,0.41302103,0.44385984
0.07904130,0.22562279,0.22132024,0.29549013,0.30113757,0.35148749,0.36153748,0.40000982,0.41283410,0.44356355
0.07891314,0.22558211,0.22113903,0.29533452,0.30090637,0.35126012,0.36106254,0.39957814,0.41186574,0.44267668
0.07869945,0.22569946,0.22118353,0.29567794,0.30101764,0.35174611,0.36110839,0.40007542,0.41176086,0.44306521
0.07862765,0.22575517,0.22114691,0.29570595,0.30087679,0.35169977,0.36070529,0.39983052,0.41101662,0.44253075
0.07853290,0.22569627,0.22090602,0.29561076,0.30063598,0.35149717,0.36040054,0.39945664,0.41056223,0.44194806
0.07834639,0.22566421,0.22085077,0.29564767,0.30071261,0.35163228,0.36055870,0.39966267,0.41073600,0.44216324
0.07807093,0.22568060,0.22031389,0.29561961,0.29996774,0.35152638,0.35965733,0.39947279,0.40977921,0.44190887
0.07790928,0.22547101,0.21981211,0.29533397,0.29931434,0.35123327,0.35886706,0.39912345,0.40875197,0.44136154
0.07776520,0.22545148,0.21978167,0.29546884,0.29943724,0.35147783,0.35913970,0.39948791,0.40927174,0.44193060
0.07762011,0.22539207,0.21965475,0.29538295,0.29912415,0.35123955,0.35849390,0.39904201,0.40832894,0.44129851
0.07747531,0.22535676,0.21967181,0.29535472,0.29945679,0.35119279,0.35918044,0.39899937,0.40930327,0.44134611
0.07756161,0.22547777,0.21946599,0.29560878,0.29913614,0.35155192,0.35882474,0.39950478,0.40911189,0.44213613
0.07737886,0.22557853,0.21929598,0.29564931,0.29883318,0.35141739,0.35828317,0.39910649,0.40830841,0.44147308
0.07733428,0.22563942,0.21925097,0.29559369,0.29873275,0.35128170,0.35812379,0.39887296,0.40797901,0.44105483
0.07721641,0.22564539,0.21924628,0.29559895,0.29902190,0.35144081,0.35879090,0.39940531,0.40916418,0.44216875
0.07693123,0.22551191,0.21914936,0.29558571,0.29923627,0.35164990,0.35936846,0.39992102,0.41011788,0.44300578
0.07675141,0.22560229,0.21914380,0.29553466,0.29926719,0.35145286,0.35950233,0.39968138,0.41048685,0.44290467
0.07654258,0.22555055,0.21901166,0.29541104,0.29886673,0.35096781,0.35838271,0.39844758,0.40826105,0.44056903
0.07636553,0.22545844,0.21865267,0.29541614,0.29851609,0.35111857,0.35811951,0.39875620,0.40812888,0.44098325
0.07618711,0.22540316,0.21839527,0.29533709,0.29820459,0.35090677,0.35764394,0.39820571,0.40729396,0.43989858
0.07604334,0.22538002,0.21830390,0.29526521,0.29806248,0.35071017,0.35738544,0.39782185,0.40686113,0.43930942
0.07587394,0.22521240,0.21810614,0.29495059,0.29757875,0.35014597,0.35644787,0.39692215,0.40537352,0.43796745
0.07571369,0.22492972,0.21773123,0.29454619,0.29708549,0.34973908,0.35592258,0.39651859,0.40480901,0.43747045
0.07556373,0.22490032,0.21778504,0.29460925,0.29732153,0.34989763,0.35625777,0.39673830,0.40515013,0.43770723
0.07539273,0.22486257,0.21773815,0.29471702,0.29753387,0.35025940,0.35681613,0.39740876,0.40607763,0.43871234
0.07527793,0.22475870,0.21771720,0.29454333,0.29745105,0.34995291,0.35662678,0.39688925,0.40572230,0.43794223
0.07511674,0.22469193,0.21740400,0.29449404,0.29691437,0.34990928,0.35594795,0.39686793,0.40506552,0.43795217
0.07498035,0.22466542,0.21738956,0.29438434,0.29683197,0.34959212,0.35555062,0.39619326,0.40414277,0.43679460
0.07485396,0.22458596,0.21710926,0.29422859,0.29646104,0.34928375,0.35515115,0.39584148,0.40401123,0.43673034
0.07458937,0.22436851,0.21691075,0.29395968,0.29640864,0.34895173,0.35526694,0.39549091,0.40427260,0.43641675
0.07439111,0.22435919,0.21656680,0.29389495,0.29593680,0.34872961,0.35445618,0.39496406,0.40288810,0.43534336
0.07415694,0.22411011,0.21625264,0.29370525,0.29564730,0.34862525,0.35416932,0.39485547,0.40244423,0.43500174
0.07410869,0.22405418,0.21648258,0.29379981,0.29613585,0.34895571,0.35491637,0.39551024,0.40350095,0.43607281
0.07394581,0.22398137,0.21643337,0.29364777,0.29605730,0.34867290,0.35475449,0.39503313,0.40317685,0.43532374
0.07375086,0.22397903,0.21628198,0.29360492,0.29600064,0.34857797,0.35472387,0.39492962,0.40312110,0.43525318
0.07370731,0.22395317,0.21618224,0.29350993,0.29587440,0.34841860,0.35466222,0.39480024,0.40325766,0.43529870
0.07375379,0.22379331,0.21627750,0.29335612,0.29598430,0.34826120,0.35482151,0.39468267,0.40354309,0.43532235
0.07339204,0.22364523,0.21587298,0.29327275,0.29575704,0.34823352,0.35470333,0.39459309,0.40333166,0.43504105
0.07316839,0.22346598,0.21556803,0.29291993,0.29524777,0.34771041,0.35409916,0.39398835,0.40281486,0.43451117
0.07311224,0.22349592,0.21556724,0.29302545,0.29540629,0.34799014,0.35454285,0.39466422,0.40387981,0.43590642
0.07295333,0.22348921,0.21546545,0.29310909,0.29545696,0.34840108,0.35498657,0.39561840,0.40490506,0.43747484
0.07285381,0.22337564,0.21546974,0.29299450,0.29558977,0.34838152,0.35548520,0.39594579,0.40601938,0.43842427
0.07259506,0.22343294,0.21515581,0.29297451,0.29518771,0.34815113,0.35475177,0.39533283,0.40477131,0.43730176
0.07230279,0.22327923,0.21481961,0.29278195,0.29478133,0.34789177,0.35417587,0.39491864,0.40392083,0.43664773
0.07215742,0.22307793,0.21472944,0.29266339,0.29480751,0.34794513,0.35422643,0.39507006,0.40383186,0.43673589
0.07187526,0.22300349,0.21466798,0.29266144,0.29491215,0.34804118,0.35440792,0.39519282,0.40394591,0.43674335
0.07167618,0.22287352,0.21437358,0.29239897,0.29457915,0.34762675,0.35382669,0.39452525,0.40289525,0.43571290
0.07149790,0.22260897,0.21400910,0.29197475,0.29422150,0.34702835,0.35340837,0.39368008,0.40231460,0.43456970
0.07152941,0.22274677,0.21400312,0.29211044,0.29427205,0.34714275,0.35349488,0.39372587,0.40234822,0.43447686
0.07145339,0.22273761,0.21407262,0.29212736,0.29436564,0.34711656,0.35328773,0.39342856,0.40144318,0.43359632
0.07135022,0.22281625,0.21407859,0.29233198,0.29455133,0.34749010,0.35358414,0.39387741,0.40169791,0.43393851
0.07121574,0.22273503,0.21365128,0.29206648,0.29399975,0.34701648,0.35272661,0.39310117,0.40032823,0.43274578
0.07119769,0.22265111,0.21357985,0.29183164,0.29381836,0.34668152,0.35257975,0.39278273,0.40043175,0.43261123
0.07100398,0.22261631,0.21326231,0.29159699,0.29339814,0.34613059,0.35185106,0.39171317,0.39906161,0.43080260
0.07090203,0.22260151,0.21324610,0.29155651,0.29331292,0.34587658,0.35137886,0.39096685,0.39786438,0.42926394
0.07083928,0.22255242,0.21318446,0.29152806,0.29344356,0.34594719,0.35182291,0.39122525,0.39865990,0.42977004
0.07076909,0.22257932,0.21328078,0.29160539,0.29362282,0.34600347,0.35205738,0.39128280,0.39902064,0.42993964
0.07072536,0.22268108,0.21346039,0.29166866,0.29366965,0.34590113,0.35182580,0.39093122,0.39840544,0.42925055
0.07058978,0.22266241,0.21314490,0.29165430,0.29313990,0.34588895,0.35111814,0.39087863,0.39758025,0.42912399
0.07064516,0.22256904,0.21330630,0.29157315,0.29333921,0.34585039,0.35123992,0.39080942,0.39745148,0.42886969
0.07040923,0.22254850,0.21311885,0.29145007,0.29323836,0.34556091,0.35113855,0.39036594,0.39736665,0.42839256
0.07018694,0.22249418,0.21268675,0.29144897,0.29278772,0.34558179,0.35070727,0.39033405,0.39688488,0.42819980
0.06989904,0.22240004,0.21225267,0.29123132,0.29226577,0.34530218,0.35022810,0.39009820,0.39659237,0.42809197
0.06974332,0.22234175,0.21172348,0.29097421,0.29124717,0.34482151,0.34868327,0.38937497,0.39453016,0.42709142
0.06960923,0.22234853,0.21158941,0.29099035,0.29100777,0.34476289,0.34820495,0.38915824,0.39370134,0.42664590
0.06948320,0.22234265,0.21136738,0.29090844,0.29089055,0.34478154,0.34839182,0.38942918,0.39427145,0.42722114
0.06931103,0.22218065,0.21134875,0.29086582,0.29101378,0.34477072,0.34839012,0.38928215,0.39388691,0.42676992
0.06918332,0.22200965,0.21121100,0.29063592,0.29096820,0.34459633,0.34861970,0.38932052,0.39453315,0.42710958
0.06899594,0.22196737,0.21056152,0.29025789,0.28972454,0.34369821,0.34670110,0.38778208,0.39194866,0.42491746
0.06905345,0.22199857,0.21071319,0.29038868,0.29014392,0.34402804,0.34734969,0.38836949,0.39285884,0.42584539
0.06895842,0.22184904,0.21061953,0.29021876,0.29019874,0.34382169,0.34765203,0.38816933,0.39351379,0.42577044
0.06875960,0.22172656,0.21009959,0.28993555,0.28955165,0.34335651,0.34692316,0.38748080,0.39265209,0.42479643
0.06852177,0.22165214,0.20964846,0.28989791,0.28911892,0.34346874,0.34670070,0.38785064,0.39281892,0.42550053
0.06839454,0.22157246,0.20927940,0.28978892,0.28866740,0.34335898,0.34637084,0.38781508,0.39274734,0.42561443
0.06818908,0.22159547,0.20917295,0.28991560,0.28856243,0.34365205,0.34614226,0.38821980,0.39237855,0.42608769
0.06816756,0.22168876,0.20927065,0.28996605,0.28856016,0.34372107,0.34593546,0.38832269,0.39191678,0.42621109
0.06800585,0.22164087,0.20921119,0.29008360,0.28860747,0.34407419,0.34609304,0.38895356,0.39227527,0.42717153
0.06781818,0.22169656,0.20907562,0.29004264,0.28834743,0.34402051,0.34564718,0.38897270,0.39170700,0.42734298
0.06771532,0.22167625,0.20893202,0.29011055,0.28821176,0.34431502,0.34559703,0.38963963,0.39188412,0.42847836
0.06750068,0.22162171,0.20855440,0.29000932,0.28791280,0.34429910,0.34551270,0.38986352,0.39209066,0.42908313
0.06740954,0.22166805,0.20858238,0.29014153,0.28799521,0.34439237,0.34543669,0.38978435,0.39158572,0.42873803
0.06710334,0.22147978,0.20811516,0.28980871,0.28753784,0.34399489,0.34498145,0.38934565,0.39104121,0.42826662
0.06693376,0.22142824,0.20807019,0.28972512,0.28749621,0.34386476,0.34496227,0.38925640,0.39129149,0.42835659
0.06677770,0.22152210,0.20799734,0.28991065,0.28763127,0.34429045,0.34549955,0.38991218,0.39219403,0.42908877
0.06665389,0.22149053,0.20762596,0.28969938,0.28702787,0.34382071,0.34456855,0.38903633,0.39079064,0.42766569
0.06654216,0.22145042,0.20753453,0.28964365,0.28732184,0.34376234,0.34539878,0.38901895,0.39220467,0.42777952
0.06650133,0.22148430,0.20722302,0.28966950,0.28680792,0.34373880,0.34473740,0.38893568,0.39143743,0.42760987
0.06631098,0.22149664,0.20710543,0.28957940,0.28668399,0.34336739,0.34443031,0.38810577,0.39074257,0.42617095
0.06622697,0.22138507,0.20695518,0.28948187,0.28658612,0.34330454,0.34453143,0.38818620,0.39118314,0.42651754
0.06610215,0.22146645,0.20688036,0.28943449,0.28666820,0.34322056,0.34489831,0.38824597,0.39206076,0.42695094
0.06618721,0.22154075,0.20714710,0.28952392,0.28699776,0.34330636,0.34520808,0.38829931,0.39226446,0.42693069
0.06600082,0.22154596,0.20705384,0.28966723,0.28740866,0.34383569,0.34635682,0.38943853,0.39430371,0.42888699
0.06597012,0.22160892,0.20719143,0.28985436,0.28778909,0.34414537,0.34698989,0.38987968,0.39523224,0.42950477
0.06581505,0.22152039,0.20714747,0.28980137,0.28785874,0.34404501,0.34713434,0.38963665,0.39527434,0.42899706
0.06546458,0.22124027,0.20662336,0.28951648,0.28738199,0.34377321,0.34658450,0.38925139,0.39447315,0.42831953
0.06529475,0.22117738,0.20619990,0.28948219,0.28681675,0.34368290,0.34602337,0.38909296,0.39405787,0.42815713
0.06527422,0.22118343,0.20611348,0.28943738,0.28671817,0.34349950,0.34573593,0.38870268,0.39335837,0.42747140
0.06508410,0.22114705,0.20584583,0.28927659,0.28620840,0.34293954,0.34464252,0.38747137,0.39140268,0.42538789
0.06503246,0.22120784,0.20580414,0.28935298,0.28607303,0.34298336,0.34433370,0.38737820,0.39081762,0.42503789
0.06487145,0.22092488,0.20535167,0.28893513,0.28537596,0.34243068,0.34356088,0.38680284,0.39015802,0.42456856
0.06468710,0.22084290,0.20524257,0.28869636,0.28511808,0.34192957,0.34286394,0.38594316,0.38889645,0.42327828
0.06467387,0.22100149,0.20529650,0.28887555,0.28504972,0.34209229,0.34264388,0.38605785,0.38849026,0.42328970
0.06451172,0.22097910,0.20500463,0.28889817,0.28491426,0.34212569,0.34268460,0.38613491,0.38870915,0.42346146
0.06439237,0.22082677,0.20453885,0.28856018,0.28435617,0.34157081,0.34211841,0.38534220,0.38805020,0.42240274
0.06424269,0.22090673,0.20454442,0.28861511,0.28422807,0.34154882,0.34185116,0.38525474,0.38779514,0.42231934
0.06400340,0.22093488,0.20429042,0.28866820,0.28416420,0.34175316,0.34211589,0.38568505,0.38843984,0.42298332
0.06380828,0.22086796,0.20399671,0.28849864,0.28392139,0.34154805,0.34202790,0.38551986,0.38858829,0.42293263
0.06350552,0.22075761,0.20344361,0.28824267,0.28321067,0.34106041,0.34104727,0.38469572,0.38719452,0.42165216
0.06336859,0.22066536,0.20312471,0.28806991,0.28283731,0.34079113,0.34061434,0.38437348,0.38673176,0.42135335
0.06321458,0.22068723,0.20287874,0.28820711,0.28281696,0.34108843,0.34085328,0.38486863,0.38725186,0.42208058
0.06316432,0.22072939,0.20279945,0.28831859,0.28283377,0.34141257,0.34110293,0.38556927,0.38799499,0.42334455
0.06316022,0.22082062,0.20291338,0.28845197,0.28298359,0.34146716,0.34104504,0.38541787,0.38753750,0.42289100
0.06305574,0.22078728,0.20267009,0.28833447,0.28252106,0.34115756,0.34024495,0.38482788,0.38636320,0.42195339
0.06296256,0.22086421,0.20255371,0.28850952,0.28247454,0.34150157,0.34027289,0.38531733,0.38645857,0.42249803
0.06296761,0.22089023,0.20253052,0.28841530,0.28222395,0.34123099,0.33968898,0.38483277,0.38547164,0.42177071
0.06286694,0.22095926,0.20239635,0.28847343,0.28214729,0.34139182,0.33971432,0.38523999,0.38563616,0.42253908
0.06271223,0.22085639,0.20201908,0.28845615,0.28157912,0.34148631,0.33889541,0.38537349,0.38452761,0.42257565
0.06252150,0.22089243,0.20176405,0.28866403,0.28154800,0.34202769,0.33933559,0.38640049,0.38561781,0.42417661
0.06250036,0.22095991,0.20151061,0.28866737,0.28122556,0.34202786,0.33904888,0.38647443,0.38544923,0.42436822
0.06242655,0.22107502,0.20132102,0.28883775,0.28086456,0.34222831,0.33854958,0.38665098,0.38481098,0.42448178
0.06232503,0.22103859,0.20091216,0.28863145,0.28004103,0.34175452,0.33720990,0.38590554,0.38291908,0.42352307
0.06222336,0.22103931,0.20064746,0.28854344,0.27966922,0.34155735,0.33683658,0.38560424,0.38255123,0.42311010
0.06211110,0.22098772,0.20039716,0.28848538,0.27949228,0.34163771,0.33697360,0.38597333,0.38328729,0.42389087
0.06199365,0.22088557,0.20035913,0.28840680,0.27971026,0.34163196,0.33747553,0.38602304,0.38403531,0.42400544
0.06195394,0.22092901,0.20032574,0.28844205,0.27982217,0.34178023,0.33797654,0.38640880,0.38514901,0.42473894
0.06194881,0.22089268,0.20027796,0.28831221,0.27990078,0.34156118,0.33821490,0.38610122,0.38557906,0.42434856
0.06176962,0.22072779,0.20012561,0.28810740,0.27964262,0.34123958,0.33766089,0.38547383,0.38446605,0.42316137
0.06162328,0.22082509,0.20012918,0.28824550,0.27984750,0.34145139,0.33798614,0.38575121,0.38481452,0.42346932
0.06154953,0.22083133,0.19991996,0.28812450,0.27954681,0.34121724,0.33739375,0.38537766,0.38368504,0.42290176
0.06145041,0.22077862,0.19993670,0.28802404,0.27975919,0.34120495,0.33790588,0.38561721,0.38467938,0.42359237
0.06127733,0.22088385,0.19977761,0.28831484,0.27987531,0.34174053,0.33842507,0.38641592,0.38561793,0.42462079
0.06107765,0.22080925,0.19954310,0.28818719,0.27953382,0.34155224,0.33781292,0.38621696,0.38465634,0.42446391
0.06087454,0.22072667,0.19923710,0.28812527,0.27952404,0.34152483,0.33824154,0.38622866,0.38561500,0.42457963
0.06068786,0.22070269,0.19914295,0.28813045,0.27954336,0.34141928,0.33822431,0.38584120,0.38534732,0.42375449
0.06047822,0.22058179,0.19863680,0.28785470,0.27905010,0.34096257,0.33786917,0.38519692,0.38519356,0.42294990
0.06020500,0.22049699,0.19822870,0.28772879,0.27851842,0.34066828,0.33710317,0.38459095,0.38402985,0.42188935
0.06016212,0.22050176,0.19840360,0.28773809,0.27863900,0.34058530,0.33716955,0.38448376,0.38427111,0.42192381
0.05991691,0.22051803,0.19821295,0.28771725,0.27865272,0.34052750,0.33749621,0.38459638,0.38518514,0.42254637
0.05978554,0.22023251,0.19802804,0.28732079,0.27842128,0.34006799,0.33736195,0.38422593,0.38535077,0.42249100
0.05969964,0.22031032,0.19825327,0.28753186,0.27882115,0.34028767,0.33782118,0.38433108,0.38576240,0.42236856
0.05953675,0.22034181,0.19788170,0.28753184,0.27815480,0.34029347,0.33692023,0.38433060,0.38472466,0.42228188
0.05940145,0.22034053,0.19773946,0.28748740,0.27790251,0.34035068,0.33661624,0.38460731,0.38452352,0.42283311
0.05909792,0.22030668,0.19745496,0.28731803,0.27767532,0.34007253,0.33632084,0.38410661,0.38387449,0.42188634
0.05906572,0.22035022,0.19752511,0.28745473,0.27810004,0.34036946,0.33737106,0.38470909,0.38565629,0.42291607
0.05894462,0.22032041,0.19746801,0.28733791,0.27811887,0.34030382,0.33739886,0.38471319,0.38558166,0.42294803
0.05881318,0.22033937,0.19750961,0.28729888,0.27827966,0.34023116,0.33759345,0.38476794,0.38576056,0.42329042
0.05864307,0.22035108,0.19732089,0.28739026,0.27793553,0.34031719,0.33704031,0.38480790,0.38501233,0.42328680
0.05839942,0.22028149,0.19698502,0.28739257,0.27783540,0.34047453,0.33739912,0.38521730,0.38598891,0.42404169
0.05821393,0.22018940,0.19683274,0.28731952,0.27786620,0.34053032,0.33759915,0.38553281,0.38624115,0.42467999
0.05805268,0.22006424,0.19689604,0.28728503,0.27818299,0.34062632,0.33821563,0.38584742,0.38725439,0.42529171
0.05779442,0.22017124,0.19664004,0.28734751,0.27818848,0.34083790,0.33858771,0.38641059,0.38800933,0.42634005
0.05777294,0.22003076,0.19657563,0.28719063,0.27811681,0.34061940,0.33844977,0.38613222,0.38781966,0.42604262
0.05749581,0.21981691,0.19601304,0.28695082,0.27753632,0.34037911,0.33791710,0.38602948,0.38743110,0.42634421
0.05749844,0.21972617,0.19588996,0.28680164,0.27727651,0.34015769,0.33751099,0.38571759,0.38696055,0.42597631
0.05728124,0.21963802,0.19551464,0.28677031,0.27703634,0.34034682,0.33750539,0.38636511,0.38737257,0.42730634
0.05726744,0.21962113,0.19532299,0.28675475,0.27682708,0.34036158,0.33740095,0.38632801,0.38733435,0.42703419
0.05706847,0.21952412,0.19530327,0.28672650,0.27729614,0.34043526,0.33851818,0.38655561,0.38925048,0.42752739
0.05698782,0.21968176,0.19517904,0.28695742,0.27714790,0.34077057,0.33842169,0.38703623,0.38933501,0.42820415
0.05688361,0.21966472,0.19529579,0.28681563,0.27726057,0.34048852,0.33862147,0.38663873,0.38974680,0.42774465
0.05677554,0.21962732,0.19526427,0.28701338,0.27763118,0.34106383,0.33968588,0.38773469,0.39162925,0.42950535
0.05668067,0.21956912,0.19544022,0.28692905,0.27832613,0.34117473,0.34099388,0.38824580,0.39358163,0.43053664
0.05630942,0.21950899,0.19521925,0.28694060,0.27821619,0.34142115,0.34121485,0.38895828,0.39443133,0.43196285
0.05627669,0.21947614,0.19510955,0.28689567,0.27851795,0.34165502,0.34235928,0.38991943,0.39686022,0.43418386
0.05622936,0.21935698,0.19510988,0.28685869,0.27854108,0.34168691,0.34253747,0.39017313,0.39744917,0.43499850
0.05617789,0.21926903,0.19524761,0.28680442,0.27872070,0.34174112,0.34257982,0.39037690,0.39738304,0.43545360
0.05626198,0.21929917,0.19522111,0.28683615,0.27857974,0.34169445,0.34218308,0.39004295,0.39637058,0.43441543
0.05604279,0.21928237,0.19503638,0.28683448,0.27845401,0.34174289,0.34211202,0.39008539,0.39626784,0.43426786
0.05577553,0.21905304,0.19460945,0.28655420,0.27766635,0.34133293,0.34072470,0.38942103,0.39411750,0.43311871
0.05562756,0.21896491,0.19454471,0.28657703,0.27784722,0.34156248,0.34126480,0.39003235,0.39525447,0.43436449
0.05528028,0.21887526,0.19410358,0.28635419,0.27719726,0.34108283,0.33990450,0.38904181,0.39264931,0.43251992
0.05516671,0.21891119,0.19394384,0.28635341,0.27693225,0.34094582,0.33936320,0.38841639,0.39133591,0.43090274
0.05501727,0.21884189,0.19371243,0.28627818,0.27690818,0.34074587,0.33962669,0.38800745,0.39177046,0.43022712
0.05491309,0.21878117,0.19357268,0.28619816,0.27682618,0.34068695,0.33953910,0.38787378,0.39146659,0.42975235
0.05491404,0.21874220,0.19356088,0.28654061,0.27706800,0.34152558,0.34030005,0.38935378,0.39307686,0.43205503
0.05478014,0.21871228,0.19330520,0.28657212,0.27692669,0.34153411,0.34030924,0.38927449,0.39316409,0.43185243
0.05462829,0.21863533,0.19319280,0.28656492,0.27705254,0.34163487,0.34071129,0.38956549,0.39384980,0.43239300
0.05454167,0.21849527,0.19288074,0.28625991,0.27653642,0.34091155,0.33965722,0.38810693,0.39183993,0.42991091
0.05436200,0.21838707,0.19267248,0.28612794,0.27649495,0.34079187,0.33986105,0.38811036,0.39237343,0.43018888
0.05424665,0.21842939,0.19235763,0.28605658,0.27566293,0.34050506,0.33848744,0.38754404,0.39053704,0.42929633
0.05422803,0.21821628,0.19217440,0.28576850,0.27537028,0.34011355,0.33794647,0.38692731,0.38957431,0.42830729
0.05423276,0.21830990,0.19227666,0.28598267,0.27537380,0.34043249,0.33764504,0.38726777,0.38889126,0.42862660
0.05400839,0.21821577,0.19207214,0.28577633,0.27511500,0.33999683,0.33695958,0.38654811,0.38745993,0.42760895
0.05387399,0.21820254,0.19192522,0.28581385,0.27508827,0.34017280,0.33740022,0.38689747,0.38870453,0.42816511
0.05384197,0.21818976,0.19173039,0.28572623,0.27500975,0.34010122,0.33759644,0.38691835,0.38923148,0.42834114
0.05383114,0.21804608,0.19152863,0.28549585,0.27490999,0.33995471,0.33785157,0.38722202,0.39014054,0.42948283
0.05373323,0.21799371,0.19138698,0.28544724,0.27480617,0.33979156,0.33787639,0.38688164,0.39035934,0.42905716
0.05365628,0.21807887,0.19105734,0.28536390,0.27437710,0.33945064,0.33733323,0.38619418,0.38957765,0.42791158
0.05367086,0.21818424,0.19107222,0.28556327,0.27451532,0.33972262,0.33762837,0.38651033,0.38998814,0.42827088
0.05367037,0.21811787,0.19117801,0.28548530,0.27454347,0.33956938,0.33752866,0.38620552,0.38977471,0.42768444
0.05332711,0.21810888,0.19064820,0.28547955,0.27412207,0.33968713,0.33726874,0.38666136,0.38985188,0.42871229
0.05313035,0.21794308,0.19018588,0.28523928,0.27372789,0.33942963,0.33724090,0.38653214,0.39044694,0.42892267
0.05306212,0.21805989,0.19019445,0.28537457,0.27381467,0.33958749,0.33752667,0.38676941,0.39099598,0.42937118
0.05292306,0.21803834,0.19002542,0.28546545,0.27365878,0.33981076,0.33743213,0.38709286,0.39096039,0.42976411
0.05288478,0.21789278,0.19011850,0.28524374,0.27381659,0.33948497,0.33758229,0.38663114,0.39100312,0.42909332
0.05279541,0.21774144,0.19002190,0.28499635,0.27366572,0.33912639,0.33705044,0.38606365,0.38986922,0.42815746
0.05276528,0.21772682,0.19012259,0.28505033,0.27361968,0.33921297,0.33658562,0.38604634,0.38880157,0.42785588
0.05256501,0.21777455,0.18976740,0.28507650,0.27309907,0.33899037,0.33569956,0.38535113,0.38727534,0.42645049
0.05232484,0.21749361,0.18934410,0.28470998,0.27270084,0.33851408,0.33534771,0.38468500,0.38695478,0.42552307
0.05212714,0.21743554,0.18885581,0.28462948,0.27229877,0.33862894,0.33537673,0.38528069,0.38776378,0.42683677
0.05217157,0.21751757,0.18885932,0.28483718,0.27253444,0.33905544,0.33616780,0.38610573,0.38948559,0.42828890
0.05210982,0.21755094,0.18864220,0.28486228,0.27226606,0.33904787,0.33567501,0.38592002,0.38847479,0.42769201
0.05184849,0.21744486,0.18810387,0.28462191,0.27107061,0.33842150,0.33345226,0.38460213,0.38506736,0.42541903
0.05179593,0.21756428,0.18814205,0.28487004,0.27126150,0.33880122,0.33367821,0.38505460,0.38525546,0.42589365
0.05156055,0.21755488,0.18797736,0.28475696,0.27136167,0.33871848,0.33433980,0.38511607,0.38658293,0.42616297
0.05144742,0.21748882,0.18788474,0.28463273,0.27111271,0.33852146,0.33391277,0.38483366,0.38594514,0.42578871
0.05126326,0.21754129,0.18772387,0.28474426,0.27102136,0.33872566,0.33382420,0.38507518,0.38583237,0.42598671
0.05117699,0.21772485,0.18761656,0.28490800,0.27099040,0.33907779,0.33396850,0.38584665,0.38626009,0.42732365
0.05108116,0.21768986,0.18735418,0.28468060,0.27064556,0.33868598,0.33369380,0.38541777,0.38612542,0.42699310
0.05110695,0.21759719,0.18706753,0.28458450,0.27009848,0.33866815,0.33324081,0.38551779,0.38609773,0.42718722
0.05097527,0.21750002,0.18699898,0.28465879,0.27017269,0.33894134,0.33344012,0.38596571,0.38637594,0.42769673
0.05089079,0.21749649,0.18713143,0.28472839,0.27066269,0.33920389,0.33430960,0.38651683,0.38755887,0.42858991
0.05103830,0.21748159,0.18747304,0.28476823,0.27122944,0.33935697,0.33527058,0.38695540,0.38905656,0.42952824
0.05101080,0.21745115,0.18714865,0.28469351,0.27067504,0.33914189,0.33457576,0.38647060,0.38817686,0.42861095
0.05078253,0.21738168,0.18654762,0.28456960,0.26973196,0.33885967,0.33350697,0.38596799,0.38714200,0.42794232
0.05041832,0.21715252,0.18634768,0.28439142,0.26970474,0.33874825,0.33346364,0.38596483,0.38697484,0.42811331
0.05028693,0.21718176,0.18622537,0.28433316,0.26940646,0.33838962,0.33266229,0.38505147,0.38535668,0.42639854
0.05032638,0.21718694,0.18587755,0.28406081,0.26831443,0.33773424,0.33085836,0.38402681,0.38308867,0.42511475
0.05036919,0.21727498,0.18605947,0.28426705,0.26880557,0.33791598,0.33141323,0.38405058,0.38355376,0.42492107
0.05028935,0.21732808,0.18594489,0.28434299,0.26891800,0.33805385,0.33177008,0.38419128,0.38394453,0.42495373
0.05022459,0.21743037,0.18624616,0.28457614,0.26959437,0.33837215,0.33251229,0.38447821,0.38442187,0.42510028
0.05011065,0.21735848,0.18637353,0.28458493,0.27016799,0.33848884,0.33362925,0.38483534,0.38615118,0.42582919
0.05018483,0.21743672,0.18623961,0.28466489,0.26987360,0.33843980,0.33317085,0.38454118,0.38553792,0.42527842
0.05004606,0.21742448,0.18635493,0.28480901,0.27001557,0.33864393,0.33304960,0.38473826,0.38508177,0.42552792
0.05015909,0.21747643,0.18660475,0.28484965,0.27062415,0.33880492,0.33423793,0.38516656,0.38696511,0.42632533
0.04993797,0.21738690,0.18618514,0.28464222,0.27040353,0.33861540,0.33455916,0.38524464,0.38814309,0.42699037
0.04974099,0.21728644,0.18614209,0.28450118,0.27039089,0.33839495,0.33434787,0.38480666,0.38751509,0.42620576
0.04964072,0.21714399,0.18616881,0.28424553,0.27007025,0.33787507,0.33341824,0.38391390,0.38587329,0.42483824
0.04972727,0.21722871,0.18583444,0.28424111,0.26922127,0.33777937,0.33214809,0.38364268,0.38423796,0.42430303
0.04982227,0.21738141,0.18597199,0.28463426,0.26961138,0.33854674,0.33311022,0.38506607,0.38616805,0.42667664
0.04987629,0.21754027,0.18627501,0.28490416,0.26989338,0.33894077,0.33301944,0.38545553,0.38544774,0.42676523
0.04985451,0.21741561,0.18641032,0.28483833,0.27041903,0.33898642,0.33400914,0.38560071,0.38678405,0.42695678
0.04980905,0.21735183,0.18648712,0.28479701,0.27022585,0.33885008,0.33342368,0.38517347,0.38570142,0.42598439
0.04978698,0.21740757,0.18639211,0.28498946,0.27050415,0.33926059,0.33433681,0.38594318,0.38731847,0.42730620
0.04961566,0.21745691,0.18627023,0.28513197,0.27041361,0.33958573,0.33430415,0.38650942,0.38724948,0.42807995
0.04971863,0.21763919,0.18657535,0.28532078,0.27104117,0.33977986,0.33525812,0.38671131,0.38833060,0.42818719
0.04967041,0.21768510,0.18681419,0.28526363,0.27139845,0.33947755,0.33559827,0.38610415,0.38864548,0.42737479
0.04952597,0.21762386,0.18655342,0.28513006,0.27122450,0.33934195,0.33579472,0.38617382,0.38943059,0.42789315
0.04942603,0.21758674,0.18624030,0.28500262,0.27087298,0.33930259,0.33573158,0.38644670,0.38997714,0.42869605
0.04934644,0.21770105,0.18632739,0.28513782,0.27105989,0.33942046,0.33571482,0.38637607,0.38942012,0.42812020
0.04920001,0.21771836,0.18600551,0.28500337,0.27052925,0.33919922,0.33505131,0.38617378,0.38877354,0.42810146
0.04919683,0.21772726,0.18627391,0.28511261,0.27116339,0.33955739,0.33606289,0.38685294,0.39008784,0.42908304
0.04917384,0.21782026,0.18607797,0.28535954,0.27095589,0.33970405,0.33584709,0.38674331,0.38983656,0.42871080
0.04895682,0.21781061,0.18577736,0.28539192,0.27028460,0.33969057,0.33458030,0.38652804,0.38796657,0.42813847
0.04872923,0.21803491,0.18564833,0.28566632,0.27015608,0.34001430,0.33444820,0.38696313,0.38792437,0.42876228
0.04864524,0.21809435,0.18598280,0.28584805,0.27072910,0.34038102,0.33517688,0.38773446,0.38892946,0.43026228
0.04846047,0.21804796,0.18609607,0.28581111,0.27088814,0.34015575,0.33466914,0.38685697,0.38711689,0.42818474
0.04826479,0.21810341,0.18590598,0.28579552,0.27057525,0.34010195,0.33408908,0.38676561,0.38623504,0.42803300
0.04810546,0.21816567,0.18573900,0.28588823,0.27066504,0.34029878,0.33459206,0.38708859,0.38738238,0.42854266
0.04794811,0.21804442,0.18513325,0.28559834,0.26995002,0.33977491,0.33361607,0.38616832,0.38577870,0.42700514
0.04789173,0.21803057,0.18519992,0.28577324,0.27006532,0.34020622,0.33392800,0.38701614,0.38655226,0.42844616
0.04781478,0.21787805,0.18517310,0.28571024,0.27014234,0.34014911,0.33390070,0.38671104,0.38619000,0.42757943
0.04783972,0.21776465,0.18531798,0.28565568,0.27032769,0.34032527,0.33412742,0.38722448,0.38651052,0.42846529
0.04770708,0.21770541,0.18532032,0.28569605,0.27025373,0.34049882,0.33390088,0.38753959,0.38609676,0.42882297
0.04772873,0.21783506,0.18552320,0.28584714,0.27054235,0.34058502,0.33430862,0.38757824,0.38671035,0.42895369
0.04751574,0.21787270,0.18519968,0.28581982,0.27007431,0.34052176,0.33350220,0.38738748,0.38527697,0.42846510
0.04730905,0.21792073,0.18511310,0.28595969,0.27034411,0.34095651,0.33434109,0.38828154,0.38683641,0.42989171
0.04740920,0.21804908,0.18528847,0.28621306,0.27068522,0.34144138,0.33504978,0.38913205,0.38811061,0.43128782
0.04731707,0.21801813,0.18479284,0.28602897,0.26986572,0.34111833,0.33415784,0.38871513,0.38738454,0.43080241
0.04730431,0.21794354,0.18443285,0.28595839,0.26909046,0.34107854,0.33272844,0.38869507,0.38525151,0.43082693
0.04726947,0.21786439,0.18427471,0.28586952,0.26882086,0.34092722,0.33217191,0.38829455,0.38414777,0.43000410
0.04717749,0.21786765,0.18415192,0.28594453,0.26872211,0.34111544,0.33211636,0.38857443,0.38405391,0.43031652
0.04722036,0.21781808,0.18439374,0.28593106,0.26931825,0.34117355,0.33316197,0.38883586,0.38559243,0.43090157
0.04732185,0.21788078,0.18454920,0.28598171,0.26921392,0.34110052,0.33245662,0.38844890,0.38401166,0.43003572
0.04726547,0.21767675,0.18401801,0.28559324,0.26815855,0.34033159,0.33077155,0.38721820,0.38185170,0.42843410
0.04713588,0.21758608,0.18384733,0.28551625,0.26799659,0.34025415,0.33066887,0.38710735,0.38180385,0.42824693
0.04719372,0.21750829,0.18390511,0.28548903,0.26792509,0.34029948,0.33058025,0.38727190,0.38194010,0.42862416
0.04714215,0.21749961,0.18380284,0.28553969,0.26790355,0.34066575,0.33079499,0.38810412,0.38252769,0.42992034
0.04695693,0.21747765,0.18335895,0.28539496,0.26748915,0.34045110,0.33048681,0.38782051,0.38230813,0.42950544
0.04691314,0.21740597,0.18328276,0.28530913,0.26772025,0.34039588,0.33133068,0.38779027,0.38383900,0.42944187
0.04694811,0.21732058,0.18332527,0.28519413,0.26801792,0.34021963,0.33199986,0.38752423,0.38478508,0.42901945
0.04690487,0.21742822,0.18347224,0.28528614,0.26845516,0.34035301,0.33296043,0.38793124,0.38659820,0.43000258
0.04672938,0.21727743,0.18307459,0.28511178,0.26804265,0.34013250,0.33236743,0.38760685,0.38568672,0.42958274
0.04658838,0.21722637,0.18276362,0.28490527,0.26736651,0.33968715,0.33091037,0.38672784,0.38308634,0.42810948
0.04646818,0.21725277,0.18255699,0.28488865,0.26693405,0.33959096,0.33004869,0.38645897,0.38147232,0.42752937
0.04644291,0.21708533,0.18245890,0.28461696,0.26672293,0.33916125,0.32945321,0.38588719,0.38049636,0.42690952
0.04645416,0.21704353,0.18258849,0.28458216,0.26694617,0.33925725,0.33003565,0.38629601,0.38170870,0.42776720
0.04648676,0.21702127,0.18261658,0.28457452,0.26646313,0.33922466,0.32876106,0.38628001,0.37971188,0.42791296
0.04636138,0.21705775,0.18263835,0.28458257,0.26637448,0.33902646,0.32829074,0.38557958,0.37844697,0.42638108
0.04634762,0.21704429,0.18266245,0.28468121,0.26635393,0.33929063,0.32837327,0.38609845,0.37882678,0.42720173
0.04621891,0.21706152,0.18224889,0.28483901,0.26593708,0.33961472,0.32808169,0.38667273,0.37870542,0.42809951
0.04607838,0.21697634,0.18188077,0.28465749,0.26537725,0.33928855,0.32735706,0.38627103,0.37788868,0.42778223
0.04596730,0.21688636,0.18173193,0.28447707,0.26495099,0.33886115,0.32589376,0.38534491,0.37440850,0.42605033
0.04578928,0.21681889,0.18174890,0.28433768,0.26492293,0.33864562,0.32587304,0.38521246,0.37464244,0.42620971
0.04570381,0.21679416,0.18183074,0.28420714,0.26513332,0.33840510,0.32623121,0.38483877,0.37526145,0.42567071
0.04556480,0.21687087,0.18189721,0.28430569,0.26530215,0.33842960,0.32658007,0.38459206,0.37597489,0.42501129
0.04550678,0.21672782,0.18157185,0.28405649,0.26477716,0.33804930,0.32602231,0.38411221,0.37556957,0.42456331
0.04537091,0.21665123,0.18130953,0.28389982,0.26453240,0.33792419,0.32561833,0.38401179,0.37457579,0.42434762
0.04539688,0.21660582,0.18124045,0.28392181,0.26441995,0.33810536,0.32547505,0.38449791,0.37442708,0.42520505
0.04536630,0.21663801,0.18148162,0.28398834,0.26494298,0.33814252,0.32630731,0.38434278,0.37557063,0.42473964
0.04527860,0.21660120,0.18143877,0.28419266,0.26532697,0.33890362,0.32758156,0.38602050,0.37833240,0.42771080
0.04506492,0.21660089,0.18115198,0.28404629,0.26485468,0.33844608,0.32693484,0.38495113,0.37743174,0.42573886
0.04482403,0.21637178,0.18075195,0.28369872,0.26455519,0.33801740,0.32693801,0.38448342,0.37794777,0.42533811
0.04481007,0.21638319,0.18089289,0.28397158,0.26490839,0.33854060,0.32728343,0.38512525,0.37803166,0.42588262
0.04471216,0.21628024,0.18078608,0.28383867,0.26504429,0.33844245,0.32768721,0.38507235,0.37841676,0.42577450
0.04461258,0.21615482,0.18068054,0.28368335,0.26500258,0.33829238,0.32786888,0.38494617,0.37877742,0.42557592
0.04447336,0.21625648,0.18035155,0.28361804,0.26476475,0.33780695,0.32771369,0.38387433,0.37863122,0.42384009
0.04438359,0.21599250,0.18014931,0.28350469,0.26476456,0.33796600,0.32807049,0.38440085,0.37945034,0.42479637
0.04428510,0.21584368,0.17961490,0.28326424,0.26399181,0.33765782,0.32702147,0.38404555,0.37810369,0.42443967
0.04434671,0.21570393,0.17964626,0.28319119,0.26413470,0.33757205,0.32715159,0.38389504,0.37799510,0.42421102
0.04436791,0.21580504,0.18017391,0.28328048,0.26513537,0.33767000,0.32872083,0.38416237,0.38038272,0.42483288
0.04430211,0.21570435,0.18044157,0.28337624,0.26590130,0.33806939,0.33002818,0.38492881,0.38235380,0.42603572
0.04423237,0.21570780,0.18042051,0.28338902,0.26559519,0.33798768,0.32932291,0.38475100,0.38145901,0.42584727
0.04405033,0.21575205,0.17998772,0.28340607,0.26527444,0.33799271,0.32938533,0.38481047,0.38206552,0.42609471
0.04407928,0.21578776,0.18003502,0.28356122,0.26537321,0.33827295,0.32956521,0.38514505,0.38218038,0.42626618
0.04416949,0.21593709,0.18030426,0.28368303,0.26589831,0.33838282,0.33046379,0.38531059,0.38359462,0.42668838
0.04389620,0.21590983,0.18000945,0.28352393,0.26578622,0.33816081,0.33053516,0.38510994,0.38393325,0.42660209
0.04387593,0.21586101,0.18016187,0.28355282,0.26607854,0.33817471,0.33059401,0.38492392,0.38333668,0.42592850
0.04368492,0.21593046,0.18003806,0.28364686,0.26607321,0.33832597,0.33041642,0.38493869,0.38252415,0.42541079
0.04362543,0.21600568,0.17985754,0.28374929,0.26577783,0.33848926,0.32992606,0.38516892,0.38174466,0.42563216
0.04363748,0.21598656,0.17971810,0.28376117,0.26539499,0.33859725,0.32938189,0.38556244,0.38128082,0.42649916
0.04353304,0.21591301,0.17957278,0.28371620,0.26527504,0.33865551,0.32939332,0.38579460,0.38166342,0.42700907
0.04352993,0.21596886,0.17973117,0.28370124,0.26542925,0.33851441,0.32916117,0.38540659,0.38067564,0.42620403
0.04350618,0.21586299,0.17966698,0.28370771,0.26548362,0.33878949,0.32964760,0.38615959,0.38187782,0.42759472
0.04347323,0.21595896,0.18014026,0.28386313,0.26631140,0.33923213,0.33083700,0.38708262,0.38351503,0.42913939
0.04338529,0.21594400,0.18023027,0.28392705,0.26661330,0.33939395,0.33101018,0.38730388,0.38319341,0.42936047
0.04325021,0.21574358,0.17999722,0.28371424,0.26601938,0.33911059,0.32962440,0.38674250,0.38063819,0.42824570
0.04323602,0.21582493,0.17986833,0.28383881,0.26554861,0.33927004,0.32854448,0.38696472,0.37864154,0.42856277
0.04304674,0.21587554,0.17976492,0.28392773,0.26569092,0.33928220,0.32902544,0.38682395,0.37958970,0.42822292
0.04287356,0.21577773,0.17931839,0.28380978,0.26493076,0.33914136,0.32773749,0.38673222,0.37769636,0.42833201
0.04279609,0.21584037,0.17939114,0.28400317,0.26547749,0.33957652,0.32883640,0.38741542,0.37927566,0.42922529
0.04278879,0.21579592,0.17967669,0.28393122,0.26597990,0.33924045,0.32954154,0.38652221,0.38027508,0.42757219
0.04263899,0.21574660,0.17943140,0.28387935,0.26600304,0.33921498,0.32964015,0.38652548,0.38019057,0.42751948
0.04256412,0.21566085,0.17947598,0.28376655,0.26652983,0.33911519,0.33108436,0.38660835,0.38305626,0.42801996
0.04249857,0.21567227,0.17968363,0.28384831,0.26682174,0.33922789,0.33143878,0.38670582,0.38349485,0.42806935
0.04235769,0.21567743,0.17942151,0.28380721,0.26634492,0.33894751,0.33065649,0.38595893,0.38219870,0.42664436
0.04247635,0.21563644,0.17955363,0.28368535,0.26640133,0.33869449,0.33086217,0.38557687,0.38274352,0.42617349
0.04244468,0.21561774,0.17948436,0.28360138,0.26624473,0.33846144,0.33072279,0.38518465,0.38278184,0.42575301
0.04238951,0.21558913,0.17912312,0.28360419,0.26610229,0.33854221,0.33099214,0.38547252,0.38349555,0.42640372
0.04230032,0.21558366,0.17906512,0.28372588,0.26601761,0.33871579,0.33072403,0.38570270,0.38305425,0.42677188
0.04208443,0.21562133,0.17844841,0.28374073,0.26541430,0.33873872,0.33037385,0.38575808,0.38314994,0.42690363
0.04188724,0.21576029,0.17837230,0.28393132,0.26562572,0.33907253,0.33128315,0.38649984,0.38535193,0.42844175
0.04184954,0.21575438,0.17815437,0.28375234,0.26520773,0.33865335,0.33092790,0.38598128,0.38545088,0.42816477
0.04161613,0.21577219,0.17802308,0.28379125,0.26535864,0.33870681,0.33131374,0.38606714,0.38609301,0.42842217
0.04142830,0.21570078,0.17786879,0.28368404,0.26530657,0.33871149,0.33155011,0.38634286,0.38682792,0.42910923
0.04121552,0.21563452,0.17745004,0.28351540,0.26505623,0.33859350,0.33187207,0.38664797,0.38820380,0.43038078
0.04118439,0.21562326,0.17708480,0.28343926,0.26417733,0.33831031,0.33045316,0.38601374,0.38630559,0.42927417
0.04107459,0.21565179,0.17745473,0.28346627,0.26486898,0.33834402,0.33107596,0.38605997,0.38667916,0.42941856
0.04099296,0.21541212,0.17707174,0.28309631,0.26402579,0.33773782,0.32973454,0.38501947,0.38481194,0.42771564
0.04096318,0.21538044,0.17662443,0.28291149,0.26278303,0.33719494,0.32756338,0.38384785,0.38155917,0.42556368
0.04100916,0.21530386,0.17663106,0.28275904,0.26232299,0.33688703,0.32652144,0.38329400,0.37993762,0.42468681
0.04115121,0.21549132,0.17681688,0.28296313,0.26232106,0.33701572,0.32601837,0.38319500,0.37861845,0.42417207
0.04102658,0.21538600,0.17678305,0.28283429,0.26199829,0.33666800,0.32493652,0.38235850,0.37636608,0.42248197
0.04100288,0.21549468,0.17696469,0.28288982,0.26245891,0.33676133,0.32615139,0.38262204,0.37867989,0.42300875
0.04091404,0.21555726,0.17640048,0.28297121,0.26163489,0.33680768,0.32511486,0.38261328,0.37750991,0.42295775
0.04078172,0.21537736,0.17645955,0.28271530,0.26212021,0.33656372,0.32601916,0.38244525,0.37867539,0.42288045
0.04068582,0.21528806,0.17625680,0.28283494,0.26197990,0.33688439,0.32593301,0.38289868,0.37863272,0.42340428
0.04063019,0.21538957,0.17639995,0.28307333,0.26257954,0.33743808,0.32748003,0.38409631,0.38151302,0.42562046
0.04050300,0.21531370,0.17624336,0.28302453,0.26257468,0.33730811,0.32717817,0.38353395,0.38024012,0.42410416
0.04033961,0.21530242,0.17607538,0.28295386,0.26247150,0.33708348,0.32704830,0.38313936,0.38011118,0.42359661
0.04005345,0.21548438,0.17611751,0.28326752,0.26310144,0.33753975,0.32818264,0.38378966,0.38146930,0.42446547
0.04011756,0.21541449,0.17647846,0.28317236,0.26371007,0.33747804,0.32906444,0.38394717,0.38266841,0.42511702
0.04004905,0.21530904,0.17608694,0.28301393,0.26315445,0.33717236,0.32819712,0.38328929,0.38121197,0.42383891
0.03989826,0.21526666,0.17564751,0.28275793,0.26273666,0.33665534,0.32777901,0.38257930,0.38072570,0.42309406
0.03978746,0.21526059,0.17567749,0.28297430,0.26320867,0.33721638,0.32882309,0.38361623,0.38237275,0.42463177
0.03964109,0.21517594,0.17523158,0.28280870,0.26244272,0.33694273,0.32787275,0.38333336,0.38140529,0.42444247
0.03951775,0.21509418,0.17505931,0.28271848,0.26254976,0.33687510,0.32839314,0.38345321,0.38263133,0.42510421
0.03941310,0.21503290,0.17494618,0.28271962,0.26286349,0.33709134,0.32938427,0.38410136,0.38449443,0.42641972
0.03925747,0.21497524,0.17484722,0.28275034,0.26289875,0.33719485,0.32965271,0.38426889,0.38515470,0.42670394
0.03912818,0.21492111,0.17474332,0.28280679,0.26277157,0.33733908,0.32943378,0.38440899,0.38479716,0.42675266
0.03919491,0.21484331,0.17478893,0.28256425,0.26254229,0.33700606,0.32903137,0.38410951,0.38425172,0.42651793
0.03912042,0.21470775,0.17452458,0.28217595,0.26157336,0.33617329,0.32683546,0.38247985,0.38035909,0.42363700
0.03898283,0.21471926,0.17413554,0.28196533,0.26081875,0.33564919,0.32557853,0.38152913,0.37849683,0.42208620
0.03881104,0.21460164,0.17393047,0.28179127,0.26082050,0.33534640,0.32560989,0.38092900,0.37827552,0.42099622
0.03875299,0.21443246,0.17409881,0.28164439,0.26100302,0.33525447,0.32588323,0.38095058,0.37876725,0.42116395
0.03877394,0.21426580,0.17388935,0.28135989,0.26064531,0.33485339,0.32562420,0.38063203,0.37893171,0.42121135
0.03869194,0.21430762,0.17355807,0.28132780,0.26026160,0.33483663,0.32538374,0.38075104,0.37894943,0.42157130
0.03856858,0.21421046,0.17330515,0.28119714,0.25993534,0.33460063,0.32494229,0.38038282,0.37832930,0.42107116
0.03840205,0.21430257,0.17303700,0.28126518,0.25916587,0.33437745,0.32341770,0.37956518,0.37597927,0.41939023
0.03832932,0.21424215,0.17303648,0.28122746,0.25948323,0.33446648,0.32406669,0.37993114,0.37692273,0.42012373
0.03814917,0.21428531,0.17293602,0.28133026,0.25921788,0.33458578,0.32340898,0.38002711,0.37587147,0.42017872
0.03821355,0.21423085,0.17304389,0.28132285,0.25919493,0.33466149,0.32316474,0.38021349,0.37551486,0.42053458
0.03826412,0.21426746,0.17279281,0.28119162,0.25869030,0.33443714,0.32274293,0.38015707,0.37553583,0.42097549
0.03819264,0.21434836,0.17265550,0.28136866,0.25843029,0.33465774,0.32229193,0.38031251,0.37486658,0.42096335
0.03812609,0.21433594,0.17251551,0.28109604,0.25787947,0.33388591,0.32086338,0.37875472,0.37218738,0.41840781
0.03781149,0.21428937,0.17210683,0.28124330,0.25778044,0.33439287,0.32109511,0.37964274,0.37258452,0.41953793
0.03766814,0.21419060,0.17172853,0.28111456,0.25742206,0.33425657,0.32125244,0.37969005,0.37398864,0.42012401
0.03758139,0.21418840,0.17134362,0.28110341,0.25639030,0.33418369,0.31950774,0.37943813,0.37160814,0.41954487
0.03748300,0.21402180,0.17123113,0.28101963,0.25668476,0.33450368,0.32036422,0.38032596,0.37282499,0.42092932
0.03734482,0.21410051,0.17139698,0.28125416,0.25754085,0.33501226,0.32204081,0.38123269,0.37536658,0.42232893
0.03739770,0.21413387,0.17104627,0.28118352,0.25673480,0.33467467,0.32074942,0.38042764,0.37346291,0.42082764
0.03755862,0.21426731,0.17129331,0.28134404,0.25718224,0.33494027,0.32133877,0.38081059,0.37391078,0.42121654
0.03729361,0.21423156,0.17043190,0.28121891,0.25573317,0.33474043,0.31952853,0.38050260,0.37194710,0.42077687
0.03721061,0.21419703,0.17022930,0.28107177,0.25528295,0.33445295,0.31880788,0.38005234,0.37099525,0.42012624
0.03711096,0.21414236,0.16970638,0.28117999,0.25492999,0.33487409,0.31920238,0.38096175,0.37262513,0.42178492
0.03718405,0.21412887,0.16960491,0.28106669,0.25451825,0.33474344,0.31841964,0.38086609,0.37145108,0.42174023
0.03696686,0.21399772,0.16893558,0.28082336,0.25353056,0.33421391,0.31675986,0.37975757,0.36876203,0.41977899
0.03682795,0.21406147,0.16893613,0.28097416,0.25390077,0.33445461,0.31768772,0.38017048,0.37062910,0.42060558
0.03678224,0.21395525,0.16896852,0.28095984,0.25427151,0.33470978,0.31861475,0.38088066,0.37227697,0.42196038
0.03670732,0.21404026,0.16896345,0.28110952,0.25436074,0.33473226,0.31843720,0.38044433,0.37128197,0.42064654
0.03667363,0.21395311,0.16849759,0.28101758,0.25373718,0.33468157,0.31799585,0.38053809,0.37134033,0.42097182
0.03660626,0.21387693,0.16872043,0.28090287,0.25443145,0.33467969,0.31915813,0.38082676,0.37299632,0.42168065
0.03646672,0.21398795,0.16837054,0.28084585,0.25397345,0.33429341,0.31832936,0.37992371,0.37159538,0.42011560
0.03643904,0.21398146,0.16819920,0.28077828,0.25354256,0.33402927,0.31749667,0.37928545,0.37018839,0.41895057
0.03645428,0.21396717,0.16795695,0.28069761,0.25298855,0.33376310,0.31660072,0.37870589,0.36877945,0.41788850
0.03643110,0.21395139,0.16772915,0.28068075,0.25243642,0.33374182,0.31581299,0.37874127,0.36802784,0.41811902
0.03632058,0.21399722,0.16760355,0.28069462,0.25207579,0.33366152,0.31522551,0.37855842,0.36747600,0.41798023
0.03616576,0.21386549,0.16757207,0.28059498,0.25236092,0.33363722,0.31598360,0.37882635,0.36911655,0.41895318
0.03612740,0.21375974,0.16736556,0.28045456,0.25219270,0.33358854,0.31601722,0.37898737,0.36937111,0.41934882
0.03597541,0.21370398,0.16749079,0.28040693,0.25206660,0.33351669,0.31516652,0.37875004,0.36747933,0.41872252
0.03577621,0.21379594,0.16687342,0.28034835,0.25113778,0.33324060,0.31369611,0.37813601,0.36514451,0.41759236
0.03570034,0.21399782,0.16683920,0.28061004,0.25133670,0.33357340,0.31449467,0.37868340,0.36682921,0.41851194
0.03550459,0.21390913,0.16642631,0.28044580,0.25112102,0.33327092,0.31467193,0.37819955,0.36754119,0.41793141
0.03542923,0.21404853,0.16566769,0.28055126,0.24985339,0.33335674,0.31322442,0.37842716,0.36648187,0.41856154
0.03532454,0.21414019,0.16529604,0.28078353,0.24952422,0.33395984,0.31351906,0.37972507,0.36815162,0.42091477
0.03532879,0.21419407,0.16526591,0.28074081,0.24964568,0.33375705,0.31376841,0.37926086,0.36819173,0.41997382
0.03531645,0.21426835,0.16533084,0.28074239,0.24947102,0.33376879,0.31342578,0.37946028,0.36781727,0.42048694
0.03510811,0.21426715,0.16504622,0.28088081,0.24960990,0.33428955,0.31461981,0.38070625,0.37068051,0.42290900
0.03503605,0.21433171,0.16464014,0.28077762,0.24888003,0.33390235,0.31344966,0.37975594,0.36875832,0.42105131
0.03497455,0.21408452,0.16469482,0.28043054,0.24929945,0.33358371,0.31442730,0.37969787,0.37053848,0.42162496
0.03489803,0.21406262,0.16467862,0.28038573,0.24943255,0.33350486,0.31447753,0.37939819,0.36996561,0.42072056
0.03488260,0.21410877,0.16464478,0.28033914,0.24951838,0.33349078,0.31481571,0.37956665,0.37054148,0.42107948
0.03490181,0.21413149,0.16483237,0.28035742,0.25004255,0.33361278,0.31585990,0.37993902,0.37216581,0.42189662
0.03480975,0.21408147,0.16444396,0.28023287,0.24947018,0.33337150,0.31518830,0.37961048,0.37138505,0.42151445
0.03468364,0.21407879,0.16418248,0.28028111,0.24897108,0.33339342,0.31402252,0.37934768,0.36895538,0.42053028
0.03454749,0.21401331,0.16358690,0.28012887,0.24772371,0.33306610,0.31173641,0.37870830,0.36550366,0.41947009
0.03432180,0.21382306,0.16297043,0.27993299,0.24718932,0.33309986,0.31176410,0.37921483,0.36651592,0.42066257
0.03417601,0.21371821,0.16273351,0.27964397,0.24661918,0.33252699,0.31016541,0.37809196,0.36314961,0.41862132
0.03398542,0.21348792,0.16259324,0.27946193,0.24657981,0.33230890,0.30996172,0.37765128,0.36262373,0.41781154
0.03385154,0.21371852,0.16233905,0.27982737,0.24631371,0.33292293,0.30992441,0.37867353,0.36318739,0.41934596
0.03382686,0.21355346,0.16172084,0.27957489,0.24521750,0.33249195,0.30835168,0.37790568,0.36093422,0.41806675
0.03372725,0.21358865,0.16166154,0.27970844,0.24553131,0.33281569,0.30929706,0.37857823,0.36265321,0.41921642
0.03368617,0.21356944,0.16169097,0.27972352,0.24528498,0.33284523,0.30863980,0.37855977,0.36163141,0.41909615
0.03362397,0.21342026,0.16160735,0.27952575,0.24545734,0.33275162,0.30922460,0.37873759,0.36269682,0.41966043
0.03362204,0.21348485,0.16170811,0.27952373,0.24549107,0.33247978,0.30939521,0.37805367,0.36320894,0.41852146
0.03364057,0.21349683,0.16171214,0.27952585,0.24572211,0.33232858,0.31019980,0.37766268,0.36474692,0.41799698
0.03382718,0.21366941,0.16201239,0.27963011,0.24599612,0.33211440,0.31023217,0.37698702,0.36437312,0.41683227
0.03376096,0.21361906,0.16211567,0.27960813,0.24618976,0.33236769,0.31047131,0.37775326,0.36484428,0.41830640
0.03350914,0.21359081,0.16164907,0.27954810,0.24518488,0.33216018,0.30855011,0.37706824,0.36169314,0.41668549
0.03338278,0.21342997,0.16148213,0.27933436,0.24489263,0.33190456,0.30776866,0.37679438,0.35996812,0.41629874
0.03340530,0.21347767,0.16133269,0.27921613,0.24463100,0.33162951,0.30767457,0.37643701,0.36025721,0.41595966
0.03326859,0.21336429,0.16056768,0.27901030,0.24323776,0.33140260,0.30565838,0.37624381,0.35738919,0.41578382
0.03328573,0.21341037,0.16036609,0.27897509,0.24251356,0.33118108,0.30430017,0.37567626,0.35545620,0.41472780
0.03304958,0.21349859,0.15958429,0.27893182,0.24149552,0.33105061,0.30325292,0.37561088,0.35470319,0.41488577
0.03303811,0.21346819,0.15969406,0.27885893,0.24143876,0.33089187,0.30289052,0.37534413,0.35443181,0.41458341
0.03299668,0.21348910,0.15971972,0.27877198,0.24164008,0.33052348,0.30290076,0.37446596,0.35367619,0.41301335
0.03274361,0.21353023,0.15957474,0.27881344,0.24163485,0.33052781,0.30285605,0.37435943,0.35332310,0.41271249
0.03263433,0.21367124,0.15945056,0.27902991,0.24174839,0.33092210,0.30343918,0.37512895,0.35463238,0.41412407
0.03251751,0.21365635,0.15940535,0.27899370,0.24161901,0.33094426,0.30350427,0.37520849,0.35533628,0.41420266
0.03234304,0.21356240,0.15934487,0.27870383,0.24156719,0.33046749,0.30339012,0.37448775,0.35508898,0.41315835
0.03229884,0.21371889,0.15915676,0.27894776,0.24109415,0.33082488,0.30268456,0.37502351,0.35419147,0.41393363
0.03214699,0.21388739,0.15910424,0.27919084,0.24102865,0.33105851,0.30305938,0.37521546,0.35556319,0.41409899
0.03193592,0.21384076,0.15873643,0.27917778,0.24065973,0.33099600,0.30233108,0.37501930,0.35433087,0.41373589
0.03180504,0.21393221,0.15861687,0.27940067,0.24050721,0.33119924,0.30166353,0.37496957,0.35267526,0.41318759
0.03187209,0.21398638,0.15884004,0.27968798,0.24117034,0.33175823,0.30324065,0.37585141,0.35543183,0.41450091
0.03181019,0.21395624,0.15859249,0.27976200,0.24079611,0.33189241,0.30267356,0.37598198,0.35455772,0.41450616
0.03185463,0.21409685,0.15888768,0.27988534,0.24099054,0.33192797,0.30267887,0.37584164,0.35445086,0.41413790
0.03174971,0.21397737,0.15848060,0.27982501,0.24046758,0.33180587,0.30183691,0.37546017,0.35291697,0.41329310
0.03167808,0.21400535,0.15832734,0.27978727,0.24029981,0.33175526,0.30177512,0.37557703,0.35332312,0.41379777
0.03180072,0.21406649,0.15821968,0.27976787,0.23960421,0.33159918,0.30039220,0.37524251,0.35114389,0.41321930
0.03172442,0.21398460,0.15818716,0.27970741,0.23968028,0.33148224,0.30033909,0.37492351,0.35073471,0.41262482
0.03158077,0.21394394,0.15802298,0.27969832,0.23921522,0.33146658,0.29933593,0.37486810,0.34902684,0.41247910
0.03132963,0.21380640,0.15719676,0.27950319,0.23786651,0.33145114,0.29726351,0.37535727,0.34605189,0.41377421
0.03125776,0.21372922,0.15719885,0.27945828,0.23797645,0.33142649,0.29759425,0.37526241,0.34683767,0.41350661
0.03108750,0.21368980,0.15704959,0.27964154,0.23837475,0.33181453,0.29836098,0.37572643,0.34758827,0.41389532
0.03121879,0.21375603,0.15723719,0.27975752,0.23859866,0.33186251,0.29866233,0.37551174,0.34806704,0.41323755
0.03105744,0.21387834,0.15689755,0.28002693,0.23852126,0.33227240,0.29868636,0.37595642,0.34762140,0.41354318
0.03101148,0.21379286,0.15665205,0.27989372,0.23812912,0.33204467,0.29814495,0.37554775,0.34695593,0.41287711
0.03099937,0.21382830,0.15680444,0.28001471,0.23861376,0.33228249,0.29883993,0.37582597,0.34761500,0.41306121
0.03092258,0.21377232,0.15711875,0.27986095,0.23899217,0.33198958,0.29890118,0.37528810,0.34714381,0.41218408
0.03074002,0.21376180,0.15665773,0.27971281,0.23841691,0.33173463,0.29823006,0.37498459,0.34656104,0.41191859
0.03088818,0.21366182,0.15629966,0.27955436,0.23773829,0.33164551,0.29742756,0.37503774,0.34576498,0.41214997
0.03078824,0.21362223,0.15594893,0.27951199,0.23733415,0.33154723,0.29674302,0.37480913,0.34426951,0.41173551
0.03080880,0.21371704,0.15569785,0.27963632,0.23694815,0.33164293,0.29617915,0.37490651,0.34330762,0.41192158
0.03075432,0.21370643,0.15560681,0.27963664,0.23677159,0.33163600,0.29576331,0.37484262,0.34243850,0.41171616
0.03055789,0.21377351,0.15536536,0.27954805,0.23671505,0.33131464,0.29572822,0.37415663,0.34200338,0.41054448
0.03037739,0.21392169,0.15509621,0.27973363,0.23634374,0.33143979,0.29481728,0.37412911,0.33989352,0.41028950
0.03016652,0.21383474,0.15471682,0.27991554,0.23560143,0.33184188,0.29342295,0.37475294,0.33755552,0.41112300
0.03012642,0.21366686,0.15413725,0.27982964,0.23444251,0.33194904,0.29157982,0.37521399,0.33468679,0.41210972
0.03018232,0.21379512,0.15454115,0.27995534,0.23512562,0.33191202,0.29245263,0.37485045,0.33552413,0.41133172
0.03010733,0.21370954,0.15407247,0.27972948,0.23422869,0.33154952,0.29109484,0.37436882,0.33367240,0.41079398
0.03009999,0.21375149,0.15388758,0.27975372,0.23351070,0.33148536,0.28929001,0.37412684,0.33001374,0.41031558
0.03025140,0.21376710,0.15414081,0.27992671,0.23359285,0.33175380,0.28925262,0.37435325,0.33000135,0.41033059
0.03020769,0.21369963,0.15451452,0.27983448,0.23473910,0.33171987,0.29146205,0.37448998,0.33384227,0.41074804
0.03015209,0.21360391,0.15434671,0.27974117,0.23502073,0.33168874,0.29273780,0.37454027,0.33681971,0.41083534
0.02989685,0.21348445,0.15401819,0.27952367,0.23428745,0.33138414,0.29132557,0.37427845,0.33439961,0.41079251
0.02989139,0.21358208,0.15412851,0.27957003,0.23468541,0.33138108,0.29224290,0.37424317,0.33618183,0.41078312
0.02996360,0.21361983,0.15434057,0.27974608,0.23516734,0.33171346,0.29321074,0.37466863,0.33773298,0.41120848
0.02987766,0.21360183,0.15394314,0.27975839,0.23471392,0.33157624,0.29269990,0.37425843,0.33695176,0.41049087
0.02981384,0.21364945,0.15386381,0.27989039,0.23492693,0.33186811,0.29313538,0.37473515,0.33750586,0.41115117
0.02986361,0.21355210,0.15405324,0.27981476,0.23526363,0.33191950,0.29363266,0.37488829,0.33819923,0.41129738
0.02979852,0.21335207,0.15388941,0.27947192,0.23532932,0.33143425,0.29400890,0.37423771,0.33896536,0.41046067
0.02991264,0.21328873,0.15402251,0.27951846,0.23532138,0.33178371,0.29374804,0.37503436,0.33804979,0.41182016
0.02984370,0.21326435,0.15443742,0.27962858,0.23609894,0.33197221,0.29473944,0.37524056,0.33944221,0.41201233
0.02990390,0.21315815,0.15443868,0.27936766,0.23560859,0.33147541,0.29312506,0.37458294,0.33567713,0.41139501
0.02978169,0.21311366,0.15396926,0.27925522,0.23497704,0.33114602,0.29247189,0.37385979,0.33542518,0.41010287
0.02954034,0.21295772,0.15318876,0.27903204,0.23388096,0.33092380,0.29107622,0.37367738,0.33317652,0.41005865
0.02943207,0.21306567,0.15298706,0.27920604,0.23387421,0.33122959,0.29105249,0.37419232,0.33232357,0.41089123
0.02945218,0.21319639,0.15283395,0.27939043,0.23345024,0.33149779,0.29051004,0.37462725,0.33151439,0.41162576
0.02943712,0.21320712,0.15331538,0.27947794,0.23463739,0.33169604,0.29288958,0.37488189,0.33610337,0.41172585
0.02943398,0.21315254,0.15330219,0.27947062,0.23450953,0.33181089,0.29224475,0.37518683,0.33435746,0.41236154
0.02951491,0.21302817,0.15333285,0.27912382,0.23405984,0.33141416,0.29096901,0.37506554,0.33133346,0.41292876
0.02940144,0.21291735,0.15336333,0.27888865,0.23472151,0.33106780,0.29327531,0.37458206,0.33738914,0.41209683
0.02956621,0.21290276,0.15323456,0.27888814,0.23407085,0.33116438,0.29155625,0.37493964,0.33363476,0.41292386
0.02959295,0.21280326,0.15348459,0.27888467,0.23479450,0.33133675,0.29296519,0.37532092,0.33609219,0.41344059
0.02958651,0.21276562,0.15314777,0.27874063,0.23456583,0.33113399,0.29323957,0.37508426,0.33746240,0.41312313
0.02943553,0.21274299,0.15302787,0.27854192,0.23450021,0.33084267,0.29309983,0.37486332,0.33695294,0.41320644
0.02921656,0.21266485,0.15256908,0.27859363,0.23410316,0.33098216,0.29270582,0.37500653,0.33665349,0.41323468
0.02912288,0.21280342,0.15262751,0.27879466,0.23430960,0.33119461,0.29289653,0.37527821,0.33639088,0.41363901
0.02897913,0.21279831,0.15276927,0.27871420,0.23436453,0.33100871,0.29274119,0.37507712,0.33586478,0.41358888
0.02883524,0.21287597,0.15192137,0.27895030,0.23310456,0.33131743,0.29081153,0.37545298,0.33207145,0.41420285
0.02880634,0.21287969,0.15203265,0.27880811,0.23358554,0.33105478,0.29226241,0.37502858,0.33577619,0.41347823
0.02875780,0.21292384,0.15228415,0.27899102,0.23438794,0.33145623,0.29356676,0.37560195,0.33748038,0.41405914
0.02857845,0.21294923,0.15189440,0.27902062,0.23386473,0.33140245,0.29330300,0.37530438,0.33847997,0.41328124
0.02848456,0.21292576,0.15158261,0.27920727,0.23414941,0.33181998,0.29455715,0.37602416,0.34083183,0.41447752
0.02836469,0.21299815,0.15113133,0.27915926,0.23318881,0.33157998,0.29322061,0.37551266,0.33971534,0.41363180
0.02852576,0.21294227,0.15106149,0.27917912,0.23271997,0.33167535,0.29215006,0.37585622,0.33752197,0.41455236
0.02847248,0.21287990,0.15093318,0.27907886,0.23236230,0.33161585,0.29118789,0.37596796,0.33487851,0.41500122
0.02851245,0.21286197,0.15101163,0.27907359,0.23235491,0.33148386,0.29121008,0.37548676,0.33530897,0.41392687
0.02832984,0.21288455,0.15072599,0.27914137,0.23192388,0.33150571,0.29024324,0.37535926,0.33329358,0.41364988
0.02828088,0.21296773,0.15074027,0.27910006,0.23165371,0.33125427,0.28919400,0.37480718,0.33100588,0.41265618
0.02813344,0.21316825,0.15094490,0.27935650,0.23226194,0.33153302,0.29042575,0.37508489,0.33340776,0.41283545
0.02811196,0.21327835,0.15093535,0.27944485,0.23198080,0.33164981,0.28926553,0.37535764,0.32997970,0.41345767
0.02785977,0.21321420,0.15074667,0.27947803,0.23240617,0.33190161,0.29015856,0.37588353,0.33118826,0.41423628
0.02795278,0.21323058,0.15078748,0.27950522,0.23281491,0.33187773,0.29115117,0.37569741,0.33290144,0.41371132
0.02790074,0.21331999,0.15075259,0.27946077,0.23234961,0.33172567,0.28959366,0.37553847,0.32913793,0.41374735
0.02761994,0.21330743,0.15038640,0.27962033,0.23252152,0.33220093,0.28997538,0.37646194,0.32863615,0.41523611
0.02743203,0.21325166,0.15059741,0.27953168,0.23352839,0.33221326,0.29157693,0.37678109,0.33036533,0.41607226
0.02743677,0.21328175,0.15079241,0.27945260,0.23373641,0.33213576,0.29135129,0.37689074,0.32833304,0.41658774
0.02732412,0.21320849,0.15083753,0.27949968,0.23434747,0.33240880,0.29268676,0.37740204,0.33138074,0.41716863
0.02727613,0.21328994,0.15067815,0.27949048,0.23341566,0.33238988,0.28967197,0.37768698,0.32178406,0.41835402
0.02738098,0.21328070,0.15082882,0.27952874,0.23314271,0.33239953,0.28903470,0.37754289,0.32125514,0.41790382
0.02734813,0.21309554,0.15097186,0.27931584,0.23363479,0.33223746,0.29008125,0.37730433,0.32404944,0.41728954
0.02732491,0.21308781,0.15088146,0.27919605,0.23311807,0.33202953,0.28859523,0.37718491,0.31936845,0.41754771
0.02717566,0.21306698,0.15055491,0.27919582,0.23252735,0.33226022,0.28713413,0.37801179,0.31444654,0.41928056
0.02724336,0.21306554,0.15042928,0.27915715,0.23204344,0.33227857,0.28547510,0.37840497,0.30529838,0.42057928
0.02721056,0.21299692,0.15035167,0.27893907,0.23217248,0.33171982,0.28667530,0.37721867,0.31220471,0.41850673
0.02728275,0.21295282,0.15051252,0.27907302,0.23206917,0.33226446,0.28482706,0.37872504,0.29761092,0.42179254
0.02724992,0.21301318,0.15059555,0.27916201,0.23194536,0.33248917,0.28381581,0.37939796,0.28705587,0.42336612
0.02724707,0.21304063,0.15068489,0.27925866,0.23245570,0.33263182,0.28552800,0.37948249,0.29700170,0.42324384
0.02727415,0.21310809,0.15071053,0.27928567,0.23302355,0.33247308,0.28743779,0.37886881,0.30702047,0.42187408
0.02717188,0.21310342,0.15063875,0.27942508,0.23331245,0.33286085,0.28815840,0.37961501,0.30797324,0.42309561
0.02708798,0.21312106,0.15047802,0.27972227,0.23314451,0.33357613,0.28737671,0.38081124,0.30227257,0.42477038
0.02710427,0.21313841,0.15055488,0.27967687,0.23365254,0.33343572,0.28899070,0.38057970,0.30958406,0.42442661
0.02706698,0.21305059,0.15019949,0.27962603,0.23286379,0.33345446,0.28685547,0.38088419,0.29769057,0.42545715
0.02711065,0.21304979,0.15000733,0.27956105,0.23169921,0.33336610,0.28424429,0.38087031,0.28607403,0.42560244
0.02727742,0.21301112,0.14999615,0.27956208,0.23113426,0.33344943,0.28165320,0.38128113,0.24235320,0.42685107
0.02717973,0.21292740,0.15000377,0.27948043,0.23111142,0.33350670,0.28142643,0.38158000,0.22222442,0.42736519
0.02709356,0.21307662,0.15015636,0.27987625,0.23187913,0.33396544,0.28328861,0.38177248,0.26393322,0.42692335
0.02697392,0.21303576,0.15002043,0.28005155,0.23183745,0.33442341,0.28319583,0.38256184,0.25574040,0.42814349
0.02694256,0.21310200,0.14985669,0.28018733,0.23187245,0.33464303,0.28377932,0.38285743,0.26435901,0.42850011
0.02683337,0.21315366,0.14966306,0.28020141,0.23209310,0.33433306,0.28633091,0.38160868,0.29966970,0.42540539
0.02674773,0.21323025,0.14919732,0.28008876,0.23128771,0.33414106,0.28474710,0.38160776,0.29147394,0.42591300
0.02683893,0.21325452,0.14931244,0.28022236,0.23103178,0.33438560,0.28271080,0.38207719,0.26761500,0.42692429
0.02690651,0.21326865,0.14948630,0.28026105,0.23150173,0.33442971,0.28402301,0.38196545,0.28155425,0.42642186
0.02667754,0.21322277,0.14881722,0.28035265,0.23033491,0.33479064,0.28089520,0.38297360,0.20511076,0.42865073
0.02670694,0.21321428,0.14822360,0.28025826,0.22907594,0.33447951,0.27949408,0.38215446,0.23542784,0.42692633
0.02671319,0.21327647,0.14864219,0.28021303,0.22959977,0.33424973,0.28052179,0.38153431,0.25935988,0.42570551
0.02654106,0.21334775,0.14842345,0.28030913,0.23005428,0.33433350,0.28307313,0.38132718,0.28916030,0.42467962
0.02650305,0.21326827,0.14809596,0.28008250,0.22962060,0.33398092,0.28327458,0.38083918,0.29443154,0.42406159
0.02645149,0.21330202,0.14777581,0.28020504,0.22861126,0.33422741,0.28007195,0.38152787,0.26641958,0.42572541
0.02644183,0.21338266,0.14744212,0.28020264,0.22803488,0.33402265,0.28007525,0.38092235,0.27948209,0.42443760
0.02642931,0.21334754,0.14746908,0.28011696,0.22805762,0.33398561,0.28013175,0.38110492,0.27913965,0.42496241
0.02632488,0.21333970,0.14703717,0.28015896,0.22749882,0.33414843,0.27937891,0.38161595,0.27038269,0.42621446
0.02630122,0.21333285,0.14729445,0.28001701,0.22829026,0.33388564,0.28223049,0.38104342,0.29658380,0.42482494
0.02611563,0.21322439,0.14701366,0.27993316,0.22755850,0.33404558,0.27877707,0.38208857,0.24431672,0.42796283
0.02588016,0.21327183,0.14646838,0.27996624,0.22652404,0.33411377,0.27681304,0.38233102,-0.20089469,0.42852628
0.02595196,0.21328176,0.14649247,0.27992800,0.22623404,0.33394877,0.27656822,0.38170945,0.24394666,0.42681566
0.02587883,0.21317541,0.14619809,0.27961080,0.22676366,0.33304789,0.28090498,0.37941291,0.30211642,0.42187344
0.02580280,0.21304120,0.14567154,0.27956289,0.22615611,0.33321659,0.28013275,0.37979756,0.30026757,0.42233060
0.02558155,0.21303994,0.14486732,0.27961242,0.22410678,0.33358564,0.27410908,0.38089534,0.24822112,0.42478699
0.02544145,0.21308349,0.14482297,0.27981890,0.22447709,0.33392674,0.27610432,0.38118690,0.27649115,0.42468883
0.02542727,0.21315681,0.14455848,0.27985943,0.22492521,0.33378446,0.27986596,0.38031871,0.30609830,0.42212102
0.02524983,0.21310909,0.14425594,0.27991364,0.22451675,0.33391424,0.27921226,0.38035674,0.30579676,0.42177807
0.02518776,0.21308893,0.14397407,0.28006787,0.22430249,0.33428274,0.27942364,0.38095327,0.30833424,0.42254514
0.02514323,0.21303231,0.14396228,0.28012135,0.22441623,0.33460415,0.27964475,0.38152287,0.30900105,0.42308770
0.02505845,0.21299503,0.14394474,0.27999693,0.22459953,0.33425006,0.27973109,0.38096195,0.30861857,0.42244266
0.02525724,0.21300231,0.14435859,0.28018760,0.22468753,0.33472924,0.27810301,0.38210508,0.29736461,0.42482410
0.02512186,0.21275433,0.14419245,0.27996901,0.22416350,0.33464427,0.27564092,0.38239333,0.27774056,0.42588674
0.02521133,0.21269865,0.14414623,0.27991830,0.22351993,0.33459013,0.27341978,0.38254925,0.25050919,0.42676229
0.02511451,0.21265614,0.14385353,0.27994628,0.22234469,0.33491173,0.26938129,0.38360430,-0.26200193,0.42896514
0.02500271,0.21273852,0.14341268,0.27999748,0.22183918,0.33497308,0.26884535,0.38375720,-0.26686257,0.42932013
0.02502566,0.21272730,0.14322899,0.28001098,0.22166579,0.33501295,0.26792220,0.38392220,-0.28169989,0.42996448
0.02513614,0.21269417,0.14370407,0.28007866,0.22187508,0.33529153,0.26716789,0.38444811,-0.28781957,0.43068069
0.02508884,0.21264931,0.14369836,0.27991932,0.22239887,0.33481255,0.27126670,0.38315801,-0.19358500,0.42793063
0.02510634,0.21284374,0.14442716,0.28026694,0.22470902,0.33505345,0.27759045,0.38286161,0.28805132,0.42658137
0.02494679,0.21284146,0.14406786,0.28023531,0.22424475,0.33487160,0.27725346,0.38237583,0.29014135,0.42557060
0.02492976,0.21271381,0.14370467,0.28021736,0.22321480,0.33510957,0.27397007,0.38327587,0.25698713,0.42775471
0.02485047,0.21255794,0.14323968,0.27985100,0.22235929,0.33445873,0.27236383,0.38222844,0.25509360,0.42606588
0.02479155,0.21241648,0.14338967,0.27953846,0.22256006,0.33412220,0.27064078,0.38227721,-0.25083266,0.42714420
0.02480057,0.21241726,0.14349726,0.27950846,0.22298886,0.33394275,0.27257336,0.38149788,0.24467377,0.42501506
0.02471899,0.21231151,0.14339357,0.27954646,0.22291456,0.33421252,0.27229748,0.38209836,0.22615090,0.42614636
0.02476385,0.21245002,0.14393410,0.27972293,0.22377480,0.33446963,0.27321460,0.38250975,0.21268807,0.42681112
0.02472686,0.21252681,0.14402743,0.27984871,0.22435113,0.33486817,0.27500175,0.38328232,0.25520482,0.42783639
0.02460850,0.21258334,0.14395963,0.27996857,0.22499286,0.33502949,0.27729412,0.38350544,0.27505901,0.42827417
0.02455481,0.21251923,0.14409732,0.27977194,0.22541388,0.33464724,0.27823914,0.38291776,0.28220086,0.42756348
0.02460732,0.21266072,0.14401058,0.27989154,0.22546922,0.33478566,0.27992224,0.38293083,0.29914901,0.42700287
0.02447123,0.21290126,0.14405443,0.28006390,0.22574256,0.33466428,0.28047433,0.38228746,0.30279331,0.42564436
0.02450355,0.21278302,0.14408389,0.27998202,0.22487230,0.33483669,0.27672657,0.38317473,0.27738583,0.42782716
0.02450100,0.21275459,0.14434897,0.28003055,0.22529711,0.33483971,0.27802494,0.38278774,0.29062389,0.42656771
0.02435993,0.21265355,0.14382889,0.27989011,0.22444964,0.33476013,0.27622865,0.38288209,0.27922180,0.42692810
0.02436277,0.21249271,0.14354785,0.27979072,0.22357777,0.33473805,0.27296432,0.38326086,0.19709623,0.42828033
0.02412554,0.21254599,0.14305872,0.27976721,0.22342239,0.33433159,0.27537205,0.38153720,0.28703785,0.42379468
0.02406062,0.21262587,0.14306508,0.27988551,0.22373736,0.33451983,0.27657405,0.38169060,0.29529248,0.42359060
0.02417922,0.21252292,0.14297361,0.27994905,0.22366800,0.33475283,0.27689624,0.38194252,0.29771134,0.42364557
0.02422917,0.21272531,0.14386500,0.28023680,0.22581036,0.33511303,0.28138795,0.38228969,0.31131595,0.42381682
0.02427625,0.21291631,0.14414465,0.28044034,0.22552742,0.33528529,0.27930476,0.38251220,0.30209368,0.42420790
0.02434898,0.21283891,0.14428045,0.28017049,0.22590954,0.33479487,0.27938678,0.38189141,0.29961476,0.42363238
0.02431249,0.21293992,0.14376084,0.28042483,0.22454328,0.33526255,0.27527488,0.38291783,0.27112648,0.42578960
0.02422989,0.21290389,0.14343426,0.28036054,0.22384453,0.33497236,0.27379661,0.38236507,0.25867415,0.42519711
0.02430660,0.21283743,0.14358497,0.28032988,0.22431722,0.33503570,0.27533771,0.38237303,0.27723360,0.42476831
0.02427592,0.21287064,0.14366499,0.28043374,0.22437065,0.33512062,0.27490661,0.38234313,0.27113778,0.42462489
0.02421807,0.21277850,0.14358405,0.28020288,0.22486382,0.33466322,0.27761679,0.38145892,0.29465401,0.42292192
0.02427162,0.21280434,0.14348005,0.28024622,0.22533873,0.33461460,0.28039424,0.38100940,0.30887507,0.42171485
0.02437565,0.21259870,0.14362485,0.27985347,0.22557028,0.33401209,0.28145451,0.38011513,0.31346677,0.42039626
0.02424628,0.21271269,0.14351124,0.27997296,0.22592838,0.33411044,0.28291655,0.38008886,0.31820657,0.42006326
0.02432021,0.21262855,0.14347215,0.27984187,0.22551354,0.33407626,0.28143695,0.38037096,0.31259087,0.42094380
0.02435664,0.21275216,0.14343600,0.28015185,0.22527555,0.33462081,0.28092262,0.38118406,0.31121036,0.42200039
0.02442328,0.21293630,0.14355187,0.28032168,0.22531629,0.33490533,0.28066262,0.38172503,0.31021898,0.42286699
0.02421753,0.21289239,0.14327531,0.28017751,0.22581840,0.33463260,0.28344660,0.38120653,0.32049695,0.42185137
0.02434905,0.21292650,0.14376367,0.28021382,0.22684452,0.33471340,0.28512337,0.38143285,0.32322847,0.42233740
0.02454245,0.21286715,0.14407697,0.28011220,0.22651154,0.33471747,0.28333140,0.38169838,0.31752427,0.42302449
0.02455908,0.21288776,0.14440954,0.28019951,0.22733177,0.33480025,0.28524087,0.38164497,0.32291536,0.42264604
0.02476882,0.21289701,0.14528315,0.28008538,0.22867832,0.33432954,0.28703120,0.38069791,0.32608424,0.42119010
0.02482861,0.21290515,0.14606844,0.28006058,0.23029782,0.33427987,0.29004516,0.38055096,0.33196305,0.42079908
0.02468723,0.21295133,0.14548962,0.28035843,0.22937566,0.33477498,0.28866451,0.38109543,0.33004194,0.42120495
0.02457985,0.21291454,0.14543149,0.28042333,0.22927623,0.33486304,0.28814465,0.38118702,0.32812756,0.42139199
0.02445310,0.21299254,0.14537360,0.28080526,0.22873319,0.33573873,0.28611547,0.38266968,0.32199228,0.42352039
0.02432996,0.21317532,0.14493398,0.28117757,0.22776004,0.33643505,0.28363763,0.38392573,0.31329725,0.42563749
0.02421221,0.21330583,0.14509813,0.28144670,0.22867807,0.33684363,0.28594570,0.38435478,0.31992124,0.42588715
0.02418697,0.21344304,0.14511215,0.28160608,0.22930337,0.33701468,0.28826755,0.38439951,0.32724798,0.42553123
0.02426208,0.21340232,0.14565847,0.28148202,0.23012115,0.33659254,0.28937388,0.38351308,0.32928335,0.42409178
0.02417045,0.21335208,0.14494143,0.28137970,0.22832439,0.33646343,0.28539948,0.38351315,0.31995645,0.42441059
0.02404125,0.21348044,0.14518815,0.28136762,0.22915412,0.33618498,0.28712915,0.38304129,0.32351947,0.42399004
0.02385054,0.21348534,0.14443806,0.28124122,0.22780274,0.33577495,0.28514973,0.38216976,0.32141057,0.42239614
0.02370230,0.21339670,0.14410012,0.28111569,0.22742046,0.33562519,0.28503455,0.38211548,0.32203852,0.42263519
0.02349350,0.21320689,0.14338950,0.28094330,0.22692918,0.33551811,0.28570122,0.38195716,0.32633913,0.42216337
0.02338832,0.21324340,0.14305064,0.28092049,0.22693372,0.33529875,0.28653718,0.38152932,0.32877461,0.42157512
0.02324487,0.21337633,0.14328164,0.28104528,0.22802339,0.33546060,0.28848109,0.38177497,0.33193780,0.42194270
0.02316912,0.21342412,0.14344895,0.28120180,0.22838315,0.33586441,0.28880842,0.38253682,0.33220150,0.42307503
0.02324711,0.21336409,0.14358705,0.28124653,0.22845230,0.33611672,0.28892681,0.38308445,0.33274988,0.42399475
0.02328195,0.21344584,0.14411565,0.28137060,0.22964851,0.33625634,0.29139498,0.38320267,0.33785183,0.42402501
0.02317614,0.21345300,0.14377666,0.28133345,0.22907793,0.33610151,0.29065597,0.38288411,0.33732751,0.42350372
0.02314473,0.21345815,0.14381638,0.28122495,0.22962459,0.33591654,0.29217798,0.38262559,0.34044860,0.42319543
0.02310407,0.21338509,0.14387195,0.28118870,0.22959610,0.33594229,0.29197904,0.38274280,0.33996224,0.42342475
0.02326108,0.21341883,0.14398876,0.28139891,0.22928228,0.33644024,0.29187139,0.38362469,0.34103610,0.42478389
0.02331553,0.21331493,0.14405444,0.28116429,0.22894597,0.33602328,0.29062502,0.38292770,0.33798701,0.42375191
0.02334345,0.21332909,0.14451989,0.28116297,0.22996407,0.33617799,0.29263354,0.38327109,0.34188555,0.42417964
0.02323878,0.21323263,0.14383237,0.28105244,0.22880690,0.33604013,0.29099050,0.38305061,0.33962925,0.42379162
0.02310234,0.21299437,0.14333732,0.28069249,0.22790410,0.33561201,0.28966483,0.38272819,0.33777639,0.42380400
0.02297586,0.21304388,0.14327275,0.28076092,0.22837203,0.33572884,0.29091203,0.38282337,0.33976104,0.42380268
0.02297349,0.21302900,0.14327818,0.28069949,0.22825409,0.33544702,0.29032199,0.38210733,0.33810831,0.42245556
0.02276059,0.21293604,0.14250097,0.28039718,0.22691805,0.33481509,0.28802166,0.38100596,0.33429877,0.42080917
0.02278548,0.21292539,0.14264574,0.28032944,0.22678654,0.33459400,0.28732776,0.38053181,0.33297721,0.42007111
0.02280492,0.21286464,0.14253436,0.28015977,0.22632343,0.33416356,0.28650198,0.37980056,0.33187624,0.41909127
0.02273147,0.21285586,0.14266291,0.28022282,0.22735448,0.33420296,0.28878273,0.37961247,0.33608786,0.41843892
0.02276132,0.21285394,0.14249061,0.28005544,0.22687816,0.33384637,0.28822444,0.37915867,0.33573162,0.41800965
0.02276109,0.21293478,0.14216101,0.28012625,0.22558582,0.33384009,0.28568180,0.37899891,0.33182270,0.41759886
0.02261735,0.21284681,0.14216060,0.27999681,0.22592905,0.33370403,0.28622143,0.37888919,0.33224641,0.41754376
0.02246331,0.21282888,0.14221247,0.27991472,0.22612921,0.33348742,0.28640167,0.37851126,0.33230741,0.41705298
0.02235064,0.21286338,0.14201133,0.27984236,0.22638661,0.33330401,0.28756865,0.37816127,0.33481961,0.41643652
0.02225058,0.21294149,0.14219194,0.28003186,0.22699470,0.33366233,0.28852913,0.37872482,0.33613541,0.41718909
0.02211404,0.21301867,0.14246296,0.28008764,0.22751106,0.33350327,0.28884928,0.37822535,0.33612650,0.41631310
0.02189155,0.21299605,0.14212482,0.28003035,0.22763472,0.33332934,0.29025260,0.37783933,0.33970645,0.41567242
0.02182714,0.21294327,0.14172041,0.27997615,0.22735189,0.33334533,0.29073489,0.37810221,0.34177386,0.41645929
0.02166684,0.21305774,0.14127045,0.27994598,0.22705283,0.33326926,0.29113803,0.37817541,0.34331505,0.41691018
0.02176488,0.21304017,0.14186180,0.27996618,0.22887447,0.33341671,0.29476847,0.37863276,0.34889318,0.41783862
0.02179832,0.21298284,0.14171430,0.27974240,0.22837917,0.33311355,0.29414383,0.37842898,0.34850740,0.41790107
0.02181537,0.21290653,0.14191039,0.27972193,0.22828657,0.33320154,0.29346987,0.37878432,0.34734299,0.41866872
0.02184101,0.21308239,0.14225958,0.27982242,0.22877994,0.33309800,0.29341248,0.37828919,0.34602859,0.41760257
0.02189426,0.21296669,0.14214185,0.27968888,0.22919834,0.33294027,0.29473547,0.37806849,0.34841973,0.41730492
0.02197746,0.21300757,0.14284062,0.27984772,0.23055988,0.33349249,0.29695881,0.37930741,0.35166380,0.41944057
0.02197155,0.21296324,0.14288649,0.27984186,0.23049945,0.33345319,0.29720181,0.37931599,0.35296641,0.41972448
0.02185801,0.21297616,0.14281346,0.27980234,0.23088896,0.33345725,0.29796435,0.37942206,0.35365578,0.41982170
0.02175067,0.21289596,0.14303891,0.27964643,0.23128955,0.33305251,0.29810893,0.37853213,0.35315351,0.41828200
0.02167143,0.21283837,0.14269206,0.27973342,0.23083603,0.33342020,0.29764918,0.37939288,0.35295728,0.41978836
0.02150144,0.21298009,0.14192133,0.27997257,0.22956888,0.33391086,0.29623872,0.38029020,0.35187021,0.42115084
0.02157814,0.21289460,0.14205318,0.27969476,0.22907432,0.33311596,0.29429353,0.37860629,0.34780743,0.41831113
0.02167640,0.21305939,0.14233769,0.27979526,0.22917277,0.33305627,0.29398086,0.37835940,0.34695601,0.41790405
0.02181026,0.21329009,0.14323799,0.28007627,0.23084479,0.33341333,0.29656423,0.37873345,0.35016899,0.41813893
0.02167180,0.21332853,0.14254408,0.28002258,0.22961857,0.33332353,0.29495597,0.37876186,0.34870491,0.41847967
0.02164213,0.21330923,0.14297241,0.28007282,0.23019065,0.33333873,0.29515341,0.37856689,0.34807714,0.41796879
0.02166102,0.21335507,0.14316177,0.28000304,0.23039446,0.33305822,0.29515845,0.37804260,0.34753519,0.41717521
0.02163412,0.21351861,0.14305876,0.28030217,0.23038704,0.33372126,0.29564779,0.37930821,0.34909271,0.41925048
0.02143020,0.21354982,0.14260999,0.28016526,0.23029623,0.33330840,0.29599013,0.37852086,0.34979817,0.41807046
0.02140020,0.21361901,0.14277465,0.28016930,0.23110658,0.33319684,0.29750005,0.37821608,0.35165315,0.41747284
0.02123561,0.21359264,0.14229904,0.27999766,0.23020299,0.33276210,0.29577665,0.37743038,0.34866479,0.41620223
0.02135272,0.21364366,0.14227801,0.28001297,0.22973853,0.33276276,0.29509871,0.37750366,0.34834874,0.41650473
0.02129412,0.21363331,0.14246232,0.27997115,0.22978911,0.33273775,0.29464146,0.37762194,0.34717491,0.41686219
0.02108012,0.21351963,0.14235844,0.27964691,0.22993595,0.33224388,0.29508735,0.37697798,0.34788548,0.41614838
0.02098048,0.21339189,0.14240858,0.27947809,0.23042729,0.33187343,0.29575058,0.37623928,0.34841518,0.41495064
0.02091070,0.21352713,0.14270636,0.27972287,0.23150679,0.33229490,0.29765577,0.37691243,0.35108768,0.41598994
0.02093167,0.21343678,0.14234653,0.27975513,0.23084196,0.33243358,0.29695672,0.37726352,0.35102408,0.41675491
0.02102466,0.21341158,0.14251504,0.27967822,0.23070238,0.33233771,0.29665676,0.37725080,0.35115628,0.41703808
0.02095755,0.21333920,0.14263517,0.27968263,0.23113373,0.33232533,0.29689308,0.37700004,0.35056328,0.41626943
0.02078894,0.21342246,0.14220352,0.27984508,0.23091785,0.33264476,0.29728115,0.37765178,0.35205467,0.41743173
0.02074413,0.21339108,0.14213846,0.27979415,0.23087336,0.33259348,0.29782687,0.37773521,0.35385306,0.41792696
0.02057335,0.21317730,0.14193420,0.27963518,0.23062034,0.33241867,0.29700017,0.37737388,0.35202504,0.41711065
0.02059705,0.21321652,0.14222253,0.27978044,0.23086430,0.33269126,0.29700045,0.37777505,0.35179788,0.41760096
0.02064608,0.21304517,0.14172785,0.27957146,0.22955559,0.33232054,0.29433508,0.37700505,0.34698391,0.41613793
0.02054197,0.21301076,0.14131495,0.27946570,0.22871494,0.33201340,0.29295678,0.37639356,0.34499660,0.41513020
0.02047700,0.21305803,0.14133527,0.27962553,0.22898296,0.33246832,0.29356655,0.37740641,0.34619837,0.41697377
0.02036094,0.21291507,0.14086365,0.27950677,0.22767039,0.33218962,0.29076813,0.37666193,0.34109137,0.41547193
0.02035691,0.21284223,0.14010174,0.27940561,0.22657237,0.33204545,0.28946154,0.37648384,0.33961093,0.41525369
0.02026372,0.21294539,0.13978672,0.27962816,0.22669860,0.33268237,0.29030413,0.37777988,0.34135146,0.41738569
0.02023381,0.21278568,0.13973097,0.27944537,0.22694711,0.33246858,0.29128507,0.37758564,0.34354643,0.41729348
0.02022824,0.21282999,0.14008502,0.27946883,0.22714591,0.33259521,0.29143486,0.37803374,0.34438929,0.41834990
0.02004600,0.21291331,0.13985920,0.27966944,0.22758689,0.33312868,0.29376084,0.37931810,0.35007721,0.42092135
0.01997981,0.21289491,0.13973220,0.27959225,0.22713258,0.33293028,0.29213419,0.37878926,0.34628709,0.41969175
0.01986905,0.21300335,0.13959537,0.27970944,0.22738165,0.33294484,0.29278870,0.37861139,0.34720491,0.41930141
0.01974574,0.21299215,0.13967624,0.27957685,0.22718543,0.33256190,0.29161012,0.37786106,0.34464892,0.41811228
0.01965266,0.21294605,0.13949969,0.27963957,0.22757991,0.33276790,0.29302974,0.37812176,0.34706922,0.41828250
0.01947819,0.21300057,0.13917078,0.27989438,0.22754543,0.33330033,0.29360340,0.37904322,0.34860192,0.41974624
0.01950183,0.21299540,0.13941231,0.27999447,0.22787197,0.33359605,0.29421979,0.37944614,0.34912007,0.41992666
0.01948485,0.21298613,0.13911633,0.27981055,0.22764323,0.33329520,0.29461908,0.37928631,0.35090450,0.42031613
0.01931625,0.21303301,0.13897445,0.27979301,0.22820833,0.33331259,0.29635163,0.37952472,0.35404228,0.42101363
0.01925214,0.21290917,0.13848135,0.27984746,0.22817615,0.33378119,0.29758314,0.38068372,0.35705866,0.42315038
0.01929714,0.21301839,0.13871567,0.27989339,0.22859324,0.33394392,0.29881529,0.38113611,0.35931284,0.42401562
0.01924196,0.21307235,0.13875500,0.27984837,0.22896579,0.33380795,0.29953133,0.38080725,0.35994215,0.42332340
0.01918692,0.21307852,0.13902769,0.27995104,0.22978197,0.33410156,0.30099340,0.38129989,0.36189488,0.42396242
0.01909496,0.21294627,0.13829310,0.27983461,0.22874312,0.33392681,0.29961781,0.38086780,0.35998509,0.42299386
0.01903403,0.21270431,0.13734126,0.27938756,0.22722238,0.33338243,0.29804274,0.38039756,0.35860213,0.42279547
0.01875134,0.21248910,0.13670175,0.27924438,0.22628712,0.33326950,0.29620139,0.38022125,0.35552277,0.42243088
0.01885010,0.21250636,0.13669288,0.27914884,0.22586557,0.33311730,0.29530066,0.37992709,0.35391983,0.42179213
0.01894534,0.21240482,0.13650357,0.27881554,0.22530201,0.33253187,0.29452613,0.37902936,0.35323686,0.42057923
0.01903229,0.21257471,0.13711394,0.27907979,0.22596604,0.33286227,0.29466117,0.37935088,0.35229211,0.42070307
0.01911870,0.21255013,0.13709381,0.27900955,0.22608348,0.33293935,0.29534892,0.37983168,0.35406600,0.42182178
0.01906754,0.21246184,0.13715810,0.27919511,0.22680581,0.33358482,0.29781238,0.38116732,0.35870604,0.42403958
0.01897960,0.21242882,0.13655023,0.27917555,0.22598779,0.33353714,0.29652302,0.38092393,0.35687382,0.42342384
0.01888867,0.21253331,0.13660272,0.27906991,0.22624959,0.33312014,0.29663459,0.38014862,0.35630842,0.42228750
0.01889432,0.21269563,0.13655956,0.27923872,0.22613333,0.33327092,0.29666902,0.38020801,0.35672101,0.42218288
0.01883550,0.21273672,0.13655499,0.27930161,0.22664217,0.33353953,0.29819918,0.38082143,0.35930320,0.42325536
0.01888067,0.21269344,0.13691047,0.27931022,0.22705593,0.33368644,0.29862540,0.38131726,0.36023978,0.42442770
0.01882530,0.21265961,0.13641399,0.27940199,0.22648427,0.33416448,0.29895436,0.38258988,0.36216324,0.42694982
0.01879343,0.21247647,0.13646638,0.27920839,0.22665166,0.33403141,0.29926316,0.38263215,0.36277486,0.42734597
0.01875106,0.21243903,0.13694052,0.27926041,0.22732187,0.33412420,0.29964487,0.38275096,0.36280059,0.42747140
0.01875248,0.21228080,0.13713042,0.27886711,0.22732176,0.33326388,0.29889599,0.38105173,0.36095653,0.42468652
0.01870846,0.21226715,0.13685130,0.27876951,0.22644408,0.33302715,0.29746322,0.38058593,0.35899254,0.42383714
0.01873013,0.21237254,0.13691873,0.27900298,0.22654661,0.33355664,0.29742501,0.38162141,0.35885034,0.42554671
0.01884132,0.21217944,0.13721468,0.27864795,0.22653741,0.33299453,0.29650990,0.38087206,0.35677147,0.42466550
0.01882664,0.21223297,0.13717979,0.27863802,0.22668523,0.33281575,0.29748714,0.38057540,0.35912203,0.42441533
0.01868419,0.21236478,0.13685888,0.27868928,0.22591341,0.33257782,0.29569287,0.37963524,0.35568622,0.42222784
0.01872653,0.21241904,0.13713860,0.27870054,0.22598160,0.33253763,0.29482792,0.37940250,0.35317654,0.42149241
0.01876410,0.21256507,0.13765273,0.27894813,0.22725860,0.33292455,0.29614360,0.37996321,0.35343853,0.42219244
0.01861948,0.21265747,0.13758594,0.27896863,0.22772476,0.33285137,0.29780541,0.37991949,0.35673801,0.42242335
0.01846091,0.21261554,0.13700307,0.27917614,0.22736306,0.33324703,0.29776492,0.38036358,0.35691803,0.42271396
0.01841412,0.21262995,0.13709517,0.27913036,0.22707303,0.33318169,0.29686055,0.38051002,0.35578303,0.42343828
0.01832671,0.21265150,0.13637882,0.27911790,0.22547635,0.33313039,0.29417509,0.38045349,0.35200748,0.42334920
0.01826676,0.21250523,0.13593145,0.27893083,0.22529619,0.33298218,0.29498372,0.38037051,0.35421057,0.42329907
0.01821288,0.21255645,0.13578015,0.27892908,0.22498785,0.33265439,0.29429798,0.37944906,0.35291316,0.42154099
0.01809817,0.21267474,0.13570767,0.27897825,0.22529183,0.33281325,0.29509839,0.38007625,0.35474105,0.42311111
0.01797167,0.21265826,0.13570962,0.27893256,0.22558979,0.33280946,0.29559514,0.38036438,0.35549076,0.42398750
0.01787778,0.21246145,0.13533672,0.27846462,0.22454805,0.33199698,0.29368286,0.37913004,0.35281159,0.42225612
0.01759690,0.21248712,0.13455066,0.27844129,0.22397673,0.33176016,0.29414196,0.37851643,0.35465191,0.42124515
0.01753090,0.21238368,0.13446010,0.27829698,0.22414910,0.33151306,0.29476215,0.37820678,0.35557673,0.42089655
0.01775301,0.21237032,0.13484962,0.27839278,0.22471898,0.33182689,0.29572989,0.37881249,0.35713606,0.42190236
0.01771553,0.21224558,0.13466410,0.27829953,0.22486029,0.33174477,0.29613558,0.37873636,0.35759244,0.42181686
0.01765816,0.21227260,0.13440504,0.27814441,0.22425064,0.33136779,0.29461511,0.37804727,0.35478744,0.42062111
0.01770273,0.21226537,0.13403926,0.27828049,0.22409392,0.33180311,0.29534133,0.37894987,0.35662012,0.42205236
0.01767460,0.21228790,0.13386274,0.27811938,0.22353322,0.33137818,0.29386881,0.37828914,0.35431258,0.42132310
0.01756817,0.21232683,0.13319336,0.27821409,0.22262165,0.33163410,0.29306881,0.37882856,0.35384576,0.42222942
0.01759981,0.21240866,0.13306476,0.27823046,0.22165154,0.33143989,0.29083802,0.37823064,0.35058972,0.42109354
0.01738964,0.21230109,0.13226369,0.27813946,0.22024969,0.33148871,0.28878429,0.37846237,0.34814459,0.42143970
0.01735516,0.21238698,0.13278588,0.27830704,0.22118683,0.33176567,0.28967746,0.37892180,0.34865511,0.42225024
0.01736501,0.21227742,0.13218474,0.27813866,0.22036259,0.33149273,0.28869814,0.37828917,0.34713151,0.42094356
0.01741965,0.21227803,0.13195655,0.27821008,0.21896989,0.33163162,0.28554958,0.37839596,0.34215167,0.42090328
0.01737347,0.21227071,0.13177028,0.27827932,0.21862991,0.33163629,0.28538163,0.37821590,0.34258949,0.42052556
0.01729427,0.21222625,0.13222669,0.27839140,0.22057418,0.33187788,0.28924932,0.37860310,0.34833071,0.42108896
0.01725993,0.21216567,0.13231068,0.27836255,0.22067461,0.33178607,0.28893575,0.37836505,0.34705923,0.42058542
0.01726575,0.21206633,0.13184915,0.27837956,0.22081420,0.33208122,0.29054404,0.37909371,0.35034216,0.42183650
0.01713904,0.21218236,0.13100830,0.27861761,0.21994223,0.33259435,0.29087220,0.38024657,0.35314362,0.42410096
0.01719053,0.21199277,0.13082684,0.27840556,0.21921265,0.33227048,0.28901948,0.37950189,0.34955712,0.42248662
0.01694549,0.21205297,0.12977898,0.27843599,0.21771022,0.33212893,0.28649159,0.37890019,0.34501870,0.42105568
0.01708508,0.21221123,0.13042498,0.27859408,0.21930290,0.33230190,0.28962035,0.37926584,0.35015887,0.42180599
0.01705327,0.21228546,0.13060793,0.27871581,0.21949104,0.33237882,0.28943293,0.37921123,0.34951178,0.42154956
0.01718925,0.21231556,0.13120378,0.27867947,0.22008243,0.33216150,0.28965018,0.37864340,0.34947237,0.42054378
0.01718231,0.21219865,0.13090476,0.27838210,0.21957247,0.33151172,0.28860060,0.37721606,0.34713339,0.41784649
0.01707860,0.21207048,0.13099546,0.27814913,0.21943522,0.33103600,0.28803404,0.37641833,0.34595660,0.41667894
0.01701543,0.21200599,0.13077479,0.27799313,0.21936085,0.33083552,0.28794168,0.37619485,0.34541367,0.41637574
0.01684306,0.21194791,0.13064548,0.27782850,0.21963344,0.33066833,0.28856267,0.37605250,0.34610986,0.41615176
0.01682542,0.21204624,0.13014932,0.27805145,0.21926441,0.33113138,0.28923680,0.37693477,0.34821574,0.41765537
0.01700107,0.21214577,0.13070038,0.27823228,0.21968588,0.33132215,0.28967341,0.37716943,0.34896266,0.41805401
0.01685516,0.21223205,0.12990542,0.27834764,0.21889943,0.33141707,0.28954850,0.37730152,0.34967983,0.41830616
0.01685418,0.21213234,0.12967472,0.27813759,0.21788774,0.33088031,0.28767323,0.37625917,0.34711738,0.41667113
0.01683685,0.21223386,0.12969357,0.27820536,0.21826530,0.33087873,0.28904157,0.37631868,0.34999077,0.41709650
0.01673877,0.21225548,0.12941396,0.27805798,0.21737351,0.33040919,0.28757100,0.37539316,0.34820616,0.41560182
0.01672804,0.21213587,0.12923476,0.27776839,0.21693001,0.32982561,0.28652098,0.37430798,0.34631823,0.41377282
0.01678596,0.21215704,0.12952980,0.27758023,0.21709263,0.32921846,0.28604120,0.37303624,0.34457583,0.41159533
0.01687441,0.21225139,0.12999663,0.27775252,0.21803170,0.32937007,0.28745015,0.37304918,0.34613468,0.41141017
0.01670917,0.21235961,0.12930947,0.27802572,0.21744541,0.32979942,0.28706062,0.37365555,0.34586500,0.41214896
0.01653167,0.21234347,0.12914724,0.27811497,0.21716001,0.33007241,0.28626401,0.37413650,0.34463752,0.41280787
0.01659450,0.21221366,0.12939408,0.27820218,0.21788619,0.33063351,0.28762588,0.37535771,0.34676402,0.41478627
0.01647387,0.21231214,0.12882089,0.27841613,0.21653649,0.33092845,0.28544627,0.37576937,0.34401691,0.41530786
0.01634652,0.21237629,0.12843434,0.27827469,0.21604171,0.33049684,0.28486819,0.37492134,0.34308833,0.41391376
0.01644943,0.21241568,0.12860929,0.27839146,0.21571080,0.33060436,0.28376965,0.37483680,0.34102651,0.41343048
0.01645217,0.21241114,0.12889307,0.27844778,0.21628782,0.33071664,0.28477880,0.37491949,0.34243497,0.41340450
0.01655379,0.21235086,0.12918719,0.27832118,0.21607562,0.33052431,0.28373319,0.37457036,0.34034904,0.41276330
0.01648900,0.21243047,0.12898801,0.27845505,0.21577582,0.33084650,0.28321217,0.37518582,0.33966395,0.41367567
0.01640165,0.21248003,0.12919760,0.27844843,0.21621168,0.33086768,0.28381374,0.37526068,0.34025926,0.41378728
0.01642359,0.21236861,0.12928539,0.27833253,0.21616000,0.33082460,0.28346235,0.37534374,0.33982764,0.41400753
0.01640163,0.21228329,0.12945297,0.27815264,0.21642431,0.33047948,0.28369638,0.37487046,0.34002550,0.41351494
0.01641758,0.21222406,0.12974251,0.27805025,0.21627179,0.33026065,0.28228401,0.37452770,0.33733274,0.41309567
0.01638700,0.21221024,0.12931871,0.27794617,0.21502407,0.33006422,0.27956195,0.37420466,0.33274407,0.41260768
0.01634269,0.21229305,0.12883904,0.27795800,0.21382897,0.32996034,0.27780736,0.37391223,0.33075318,0.41206008
0.01629919,0.21225997,0.12825646,0.27806476,0.21288805,0.33026881,0.27709470,0.37433536,0.33069859,0.41242930
0.01614893,0.21211323,0.12748153,0.27789547,0.21227284,0.33013416,0.27757630,0.37423618,0.33280078,0.41236734
0.01590467,0.21201979,0.12694192,0.27779254,0.21184102,0.33009539,0.27712384,0.37429491,0.33214067,0.41253454
0.01592111,0.21211188,0.12676301,0.27781440,0.21150988,0.32990360,0.27680025,0.37383961,0.33216718,0.41188994
0.01596959,0.21234439,0.12712601,0.27803715,0.21192018,0.33014603,0.27697563,0.37411330,0.33169076,0.41219759
0.01578012,0.21228739,0.12624750,0.27791280,0.21039465,0.32984378,0.27458965,0.37356790,0.32815013,0.41139703
0.01587494,0.21227513,0.12631290,0.27801436,0.21080346,0.33001778,0.27561482,0.37375876,0.32979359,0.41150764
0.01584245,0.21230048,0.12654931,0.27808574,0.21149583,0.33002348,0.27669003,0.37364998,0.33101611,0.41127429
0.01572941,0.21243615,0.12674964,0.27839487,0.21162291,0.33041176,0.27672054,0.37398084,0.33140054,0.41146869
0.01573237,0.21245123,0.12675058,0.27848444,0.21149783,0.33061685,0.27668638,0.37430681,0.33134365,0.41183775
0.01563079,0.21233894,0.12616102,0.27841672,0.21128321,0.33063693,0.27712658,0.37438782,0.33228185,0.41191920
0.01560604,0.21244707,0.12649890,0.27863779,0.21252745,0.33087433,0.27945515,0.37449224,0.33519133,0.41174242
0.01569122,0.21253935,0.12684585,0.27878738,0.21359316,0.33105785,0.28159045,0.37468899,0.33812003,0.41194853
0.01568743,0.21247224,0.12686748,0.27870163,0.21330085,0.33087689,0.28083656,0.37440452,0.33702574,0.41157039
0.01552470,0.21252112,0.12625878,0.27892396,0.21293001,0.33130367,0.28083978,0.37502603,0.33729860,0.41235491
0.01541711,0.21268148,0.12576251,0.27913654,0.21285165,0.33166128,0.28121589,0.37555093,0.33786375,0.41298877
0.01527418,0.21255922,0.12509614,0.27912966,0.21215341,0.33187169,0.28086959,0.37603226,0.33823698,0.41376838
0.01531238,0.21251158,0.12553951,0.27908335,0.21310198,0.33196684,0.28192977,0.37643827,0.33883161,0.41462092
0.01526416,0.21252737,0.12563947,0.27912513,0.21308150,0.33198634,0.28117474,0.37629614,0.33697365,0.41416869
0.01524405,0.21261925,0.12538123,0.27912184,0.21309243,0.33185899,0.28154894,0.37598862,0.33736914,0.41361866
0.01530049,0.21251361,0.12585641,0.27916746,0.21465110,0.33226176,0.28484902,0.37694033,0.34251126,0.41521673
0.01517189,0.21241486,0.12622929,0.27907696,0.21606285,0.33204076,0.28751747,0.37650257,0.34641399,0.41457649
0.01529781,0.21256657,0.12569154,0.27898028,0.21458622,0.33154485,0.28514194,0.37551333,0.34319490,0.41301922
0.01517096,0.21276255,0.12534256,0.27923305,0.21396688,0.33174085,0.28418532,0.37554477,0.34192218,0.41279710
0.01492143,0.21280507,0.12493271,0.27931351,0.21358919,0.33193817,0.28422459,0.37593025,0.34261940,0.41344238
0.01490147,0.21285101,0.12482396,0.27934182,0.21313500,0.33187073,0.28325045,0.37567352,0.34112387,0.41293838
0.01507378,0.21270449,0.12531136,0.27912208,0.21361661,0.33150954,0.28351413,0.37509357,0.34113538,0.41208410
0.01506083,0.21254455,0.12473916,0.27882807,0.21222858,0.33098151,0.28139831,0.37430549,0.33845758,0.41105605
0.01514133,0.21250758,0.12550556,0.27904255,0.21354567,0.33138114,0.28309342,0.37478728,0.34035542,0.41157051
0.01514777,0.21272048,0.12546629,0.27930839,0.21311496,0.33173325,0.28197537,0.37527657,0.33876513,0.41226699
0.01492182,0.21268378,0.12515037,0.27916039,0.21295972,0.33148291,0.28172111,0.37496612,0.33807113,0.41192454
0.01480199,0.21262265,0.12387284,0.27901475,0.21086151,0.33112405,0.27895264,0.37433489,0.33489466,0.41104886
0.01483177,0.21265166,0.12407500,0.27897568,0.21137983,0.33105590,0.27971335,0.37433072,0.33571447,0.41123605
0.01492363,0.21271652,0.12424587,0.27908183,0.21195414,0.33134776,0.28123301,0.37498018,0.33823602,0.41237356
0.01503191,0.21262677,0.12477249,0.27909367,0.21320597,0.33159635,0.28368663,0.37567431,0.34216927,0.41377077
0.01497729,0.21268074,0.12474074,0.27912972,0.21342079,0.33151922,0.28407072,0.37541574,0.34261056,0.41335052
0.01486460,0.21280303,0.12420157,0.27915279,0.21312522,0.33152223,0.28458731,0.37553741,0.34405958,0.41373710
0.01478853,0.21279903,0.12449704,0.27909123,0.21379489,0.33146399,0.28585560,0.37556531,0.34633758,0.41401384
0.01485840,0.21283416,0.12504100,0.27918920,0.21557576,0.33164082,0.28866785,0.37582415,0.34947614,0.41434667
0.01476218,0.21285924,0.12481959,0.27918147,0.21586219,0.33166351,0.28987742,0.37603776,0.35178997,0.41504515
0.01469592,0.21289950,0.12462242,0.27920530,0.21559615,0.33167160,0.28968805,0.37588551,0.35144400,0.41451163
0.01471025,0.21279435,0.12476647,0.27907484,0.21583957,0.33148074,0.28995294,0.37570586,0.35173089,0.41444866
0.01482267,0.21270946,0.12592830,0.27905320,0.21784322,0.33165862,0.29259000,0.37622590,0.35505162,0.41554134
0.01477095,0.21274140,0.12543436,0.27901750,0.21755953,0.33163121,0.29282481,0.37629627,0.35570059,0.41579517
0.01472502,0.21277275,0.12576239,0.27906780,0.21842449,0.33157130,0.29417365,0.37604182,0.35711017,0.41530699
0.01466192,0.21274318,0.12604671,0.27901028,0.21868270,0.33159307,0.29421225,0.37616127,0.35685397,0.41542411
0.01461746,0.21283431,0.12557729,0.27894388,0.21787550,0.33134998,0.29339132,0.37580172,0.35626816,0.41502915
0.01461298,0.21284196,0.12506649,0.27886036,0.21721783,0.33119207,0.29321603,0.37574047,0.35700744,0.41543069
0.01458048,0.21272765,0.12501815,0.27856585,0.21673041,0.33063754,0.29211457,0.37481503,0.35531708,0.41397514
0.01453318,0.21264700,0.12558073,0.27853521,0.21716606,0.33045117,0.29151002,0.37433229,0.35364203,0.41311525
0.01443612,0.21251556,0.12491408,0.27823881,0.21618202,0.32998962,0.29036920,0.37370821,0.35244184,0.41232346
0.01442202,0.21252352,0.12506274,0.27822404,0.21594454,0.32979624,0.28915757,0.37298804,0.34987227,0.41064711
0.01434069,0.21226063,0.12475830,0.27792755,0.21557679,0.32961277,0.28891375,0.37312630,0.35035344,0.41136593
0.01425472,0.21213737,0.12468550,0.27767355,0.21462217,0.32912295,0.28697775,0.37234624,0.34788952,0.41031887
0.01408855,0.21213947,0.12413369,0.27762243,0.21352682,0.32894464,0.28496987,0.37184694,0.34492194,0.40922182
0.01401979,0.21201601,0.12376161,0.27743871,0.21284905,0.32862171,0.28384021,0.37111694,0.34296184,0.40769296
0.01395585,0.21198730,0.12372751,0.27773601,0.21316215,0.32949012,0.28485942,0.37279200,0.34510346,0.41036883
0.01395364,0.21207904,0.12392162,0.27785118,0.21324159,0.32956111,0.28456129,0.37275807,0.34441454,0.41017512
0.01389093,0.21199540,0.12360396,0.27766726,0.21286662,0.32925213,0.28436794,0.37242176,0.34482713,0.41003306
0.01394226,0.21203736,0.12365964,0.27775270,0.21244399,0.32929186,0.28331995,0.37224897,0.34316622,0.40946954
0.01404016,0.21208506,0.12400921,0.27786730,0.21318017,0.32938905,0.28434676,0.37231636,0.34431545,0.40959385
0.01381828,0.21211454,0.12303826,0.27801246,0.21182965,0.32966303,0.28251308,0.37262868,0.34208935,0.40978998
0.01375610,0.21213278,0.12261655,0.27816775,0.21016866,0.32984880,0.27979900,0.37280410,0.33915381,0.40994533
0.01370812,0.21216205,0.12226971,0.27818442,0.20989442,0.32994186,0.28004165,0.37316333,0.34035734,0.41083919
0.01358591,0.21221534,0.12186105,0.27814651,0.20986809,0.32984541,0.28051576,0.37321419,0.34140381,0.41136184
0.01354191,0.21217767,0.12141932,0.27804671,0.20906501,0.32964118,0.27898944,0.37283291,0.33884593,0.41062369
0.01344220,0.21222078,0.12183378,0.27803897,0.20964629,0.32949529,0.27916665,0.37239062,0.33823875,0.40966757
0.01341378,0.21233048,0.12178528,0.27822274,0.20940325,0.32984059,0.27843275,0.37297781,0.33736306,0.41053386
0.01335604,0.21243831,0.12110715,0.27830679,0.20789782,0.33008436,0.27674588,0.37375932,0.33645334,0.41226534
0.01331572,0.21248386,0.12068798,0.27852104,0.20745773,0.33069076,0.27675124,0.37496631,0.33738204,0.41424021
0.01341526,0.21245418,0.12078577,0.27852784,0.20784914,0.33094671,0.27883601,0.37577840,0.34220248,0.41599152
0.01329039,0.21248730,0.12062194,0.27860917,0.20845237,0.33099367,0.28041872,0.37579341,0.34452860,0.41605197
0.01324078,0.21252780,0.12144548,0.27880880,0.21050555,0.33152643,0.28442556,0.37709497,0.35103939,0.41892309
0.01312035,0.21243235,0.12124484,0.27870387,0.21007609,0.33150016,0.28366848,0.37723030,0.35023565,0.41921099
0.01313719,0.21241676,0.12115860,0.27886763,0.20967698,0.33160198,0.28245163,0.37691973,0.34818451,0.41819688
0.01320230,0.21236954,0.12147535,0.27879789,0.21039444,0.33149540,0.28378670,0.37671811,0.34944977,0.41772503
0.01319244,0.21241756,0.12112134,0.27890279,0.21017512,0.33196735,0.28475069,0.37808777,0.35238335,0.42056751
0.01309872,0.21232117,0.12045536,0.27858124,0.20873606,0.33121585,0.28186569,0.37661486,0.34780918,0.41807760
0.01328424,0.21231908,0.12195580,0.27855030,0.21076232,0.33105866,0.28323292,0.37610296,0.34771200,0.41692434
0.01325913,0.21234871,0.12215376,0.27856670,0.21028076,0.33100478,0.28091445,0.37573623,0.34308669,0.41574981
0.01322360,0.21220756,0.12142233,0.27822505,0.21006658,0.33044639,0.28257808,0.37523877,0.34683097,0.41586059
0.01335668,0.21216132,0.12190533,0.27837102,0.21028369,0.33086941,0.28323879,0.37625221,0.34941933,0.41808686
0.01327239,0.21211965,0.12140904,0.27812632,0.20926664,0.33025898,0.28144681,0.37488897,0.34653274,0.41554996
0.01329636,0.21220396,0.12202610,0.27805394,0.20995797,0.32990360,0.28194317,0.37420035,0.34668648,0.41457373
0.01330122,0.21207062,0.12215792,0.27777482,0.20956043,0.32953456,0.28136250,0.37386759,0.34643033,0.41440586
0.01341194,0.21227422,0.12234803,0.27822534,0.20925291,0.33031612,0.28074256,0.37491789,0.34573069,0.41544002
0.01332441,0.21226323,0.12217576,0.27813351,0.20872787,0.32999790,0.27925225,0.37416839,0.34306032,0.41401987
0.01329503,0.21231837,0.12239299,0.27806333,0.20913515,0.32974750,0.27986421,0.37381450,0.34415618,0.41383928
0.01326494,0.21229722,0.12184659,0.27799216,0.20784649,0.32959431,0.27738752,0.37344986,0.34072830,0.41304264
0.01320269,0.21225416,0.12161179,0.27805378,0.20759251,0.32989184,0.27741712,0.37425236,0.34211812,0.41481420
0.01312665,0.21228579,0.12138042,0.27826013,0.20747434,0.33034610,0.27748683,0.37492819,0.34216530,0.41550504
0.01308249,0.21225637,0.12155437,0.27819904,0.20843778,0.33016022,0.27865379,0.37446384,0.34266521,0.41460288
0.01305850,0.21212184,0.12153634,0.27811860,0.20831521,0.33001757,0.27805081,0.37416275,0.34135980,0.41400490
0.01304568,0.21234560,0.12122015,0.27833381,0.20818354,0.33026161,0.27837950,0.37435297,0.34156679,0.41388946
0.01301565,0.21233565,0.12133904,0.27836562,0.20863390,0.33038623,0.27938341,0.37462572,0.34291802,0.41431442
0.01288227,0.21251431,0.12158332,0.27852984,0.20882142,0.33047834,0.27890175,0.37454963,0.34164749,0.41391873
0.01285203,0.21269765,0.12149264,0.27894980,0.20771088,0.33117100,0.27676847,0.37553665,0.33964345,0.41523980
0.01290695,0.21278471,0.12090855,0.27900922,0.20653717,0.33111747,0.27473923,0.37519617,0.33644199,0.41431821
0.01300511,0.21260763,0.12173678,0.27890644,0.20753553,0.33105478,0.27554257,0.37523915,0.33716659,0.41461245
0.01301665,0.21256023,0.12211501,0.27867347,0.20844547,0.33056558,0.27657135,0.37447933,0.33794069,0.41373989
0.01305176,0.21270370,0.12311128,0.27887854,0.21097689,0.33077512,0.28068915,0.37473711,0.34293697,0.41428775
0.01308536,0.21275451,0.12314341,0.27903550,0.21111589,0.33105061,0.28125032,0.37523471,0.34407459,0.41515884
0.01304594,0.21264288,0.12354171,0.27882740,0.21179278,0.33086322,0.28205525,0.37517445,0.34464458,0.41523389
0.01310525,0.21248631,0.12328495,0.27873527,0.21081315,0.33090724,0.28039761,0.37533179,0.34258934,0.41531049
0.01301897,0.21240092,0.12278687,0.27859932,0.21006918,0.33064060,0.27954787,0.37480731,0.34154324,0.41437272
0.01314160,0.21239318,0.12325166,0.27866155,0.21000737,0.33049898,0.27822478,0.37423259,0.33869830,0.41314413
0.01306880,0.21245508,0.12304401,0.27859587,0.21022518,0.33038337,0.27873586,0.37418175,0.33909829,0.41322754
0.01286773,0.21244882,0.12254380,0.27860358,0.21011204,0.33037335,0.27886448,0.37399574,0.33853625,0.41249082
0.01282344,0.21245062,0.12221292,0.27871683,0.20976848,0.33085582,0.27926519,0.37516378,0.34054877,0.41470060
0.01268372,0.21244883,0.12212067,0.27892026,0.20979363,0.33146884,0.27920079,0.37639666,0.34039035,0.41666667
0.01257580,0.21224831,0.12167811,0.27870513,0.20918123,0.33123648,0.27820291,0.37599066,0.33853349,0.41574474
0.01255603,0.21229338,0.12206320,0.27876472,0.20978566,0.33132984,0.27911661,0.37613751,0.34002193,0.41603904
0.01241026,0.21239038,0.12112434,0.27889948,0.20809450,0.33162269,0.27691748,0.37654629,0.33792782,0.41643111
0.01242978,0.21233688,0.12048070,0.27877580,0.20674420,0.33162920,0.27509184,0.37695085,0.33641341,0.41742651
0.01262300,0.21229856,0.12083307,0.27870638,0.20723240,0.33158548,0.27530848,0.37688127,0.33568866,0.41709968
0.01263042,0.21223619,0.12071931,0.27859801,0.20704054,0.33145352,0.27527354,0.37675097,0.33567592,0.41688001
0.01263424,0.21229564,0.12125004,0.27890539,0.20796597,0.33207328,0.27590980,0.37759608,0.33537198,0.41777265
0.01260752,0.21247093,0.12113334,0.27921565,0.20818646,0.33248770,0.27668418,0.37809773,0.33687064,0.41840874
0.01249130,0.21240659,0.12060335,0.27908378,0.20758142,0.33217252,0.27602332,0.37744523,0.33552856,0.41720194
0.01252441,0.21246088,0.12085470,0.27919179,0.20740944,0.33225383,0.27543324,0.37730386,0.33460481,0.41664950
0.01242544,0.21255017,0.12002613,0.27933748,0.20588413,0.33243716,0.27241992,0.37742833,0.32976889,0.41654868
0.01233628,0.21253225,0.11965311,0.27914364,0.20480135,0.33202519,0.26998049,0.37681449,0.32608269,0.41577991
0.01243035,0.21254617,0.12065508,0.27911107,0.20600822,0.33187186,0.27093041,0.37647929,0.32650534,0.41527498
0.01240989,0.21267115,0.12087810,0.27919115,0.20581811,0.33181879,0.26881662,0.37618643,0.32116612,0.41463689
0.01228769,0.21262731,0.12081135,0.27911643,0.20548051,0.33179569,0.26793650,0.37625750,0.32010422,0.41485549
0.01239055,0.21260811,0.12046558,0.27901379,0.20464893,0.33157441,0.26596804,0.37596734,0.31605467,0.41458015
0.01252198,0.21256608,0.12130876,0.27905851,0.20588499,0.33158339,0.26701270,0.37578764,0.31583105,0.41409522
0.01262946,0.21240601,0.12158482,0.27888465,0.20684522,0.33148594,0.26885693,0.37579767,0.31820471,0.41409870
0.01264111,0.21235510,0.12171298,0.27873349,0.20664930,0.33138094,0.26756134,0.37587335,0.31478868,0.41446059
0.01265784,0.21231324,0.12144604,0.27863678,0.20612785,0.33135246,0.26715306,0.37605503,0.31501049,0.41497142
0.01262526,0.21249858,0.12103313,0.27886836,0.20595658,0.33165508,0.26803948,0.37657243,0.31771536,0.41585603
0.01264184,0.21259652,0.12198480,0.27892585,0.20806067,0.33170583,0.27135028,0.37656317,0.32250356,0.41568273
0.01249135,0.21262769,0.12077740,0.27911765,0.20570372,0.33208937,0.26819621,0.37709362,0.31939882,0.41625430
0.01230709,0.21259283,0.11998862,0.27926933,0.20420874,0.33238647,0.26597834,0.37741515,0.31617847,0.41643786
0.01211746,0.21256456,0.11978703,0.27915637,0.20344374,0.33195806,0.26399369,0.37642564,0.31220585,0.41469890
0.01223901,0.21265147,0.12076047,0.27933219,0.20567822,0.33226650,0.26851148,0.37687002,0.32003606,0.41523033
0.01209098,0.21264802,0.11978033,0.27939925,0.20452848,0.33232585,0.26671586,0.37680902,0.31642851,0.41492052
0.01201582,0.21268985,0.11910077,0.27954244,0.20263764,0.33277816,0.26261264,0.37773271,0.30906918,0.41639735
0.01202958,0.21272321,0.11872526,0.27958355,0.20233633,0.33292512,0.26230191,0.37809014,0.30759415,0.41699101
0.01199173,0.21265886,0.11794459,0.27958471,0.20012987,0.33294005,0.25781288,0.37804819,0.29871301,0.41680360
0.01212353,0.21241904,0.11921394,0.27919083,0.20261928,0.33220434,0.26186505,0.37673529,0.30577070,0.41477424
0.01208038,0.21243959,0.11896100,0.27925284,0.20258592,0.33260302,0.26258841,0.37762700,0.30769139,0.41617348
0.01196388,0.21260878,0.11909529,0.27930852,0.20324253,0.33241898,0.26378637,0.37711371,0.30926000,0.41531644
0.01197131,0.21257901,0.11919164,0.27911233,0.20436951,0.33197633,0.26655806,0.37640298,0.31464136,0.41434407
0.01186426,0.21252962,0.11861586,0.27912245,0.20292162,0.33214706,0.26308812,0.37682480,0.30727083,0.41508185
0.01173405,0.21266024,0.11741242,0.27924533,0.20100885,0.33230002,0.26113346,0.37698230,0.30610401,0.41513241
0.01165399,0.21279769,0.11726294,0.27956926,0.20019407,0.33284923,0.25785034,0.37788071,0.29668932,0.41654855
0.01145344,0.21303974,0.11752235,0.27988088,0.20173562,0.33328706,0.26121124,0.37848378,0.30328016,0.41731939
0.01143048,0.21297797,0.11696708,0.27981797,0.20080190,0.33323290,0.26097849,0.37847266,0.30581234,0.41738679
0.01144470,0.21320060,0.11738259,0.28010499,0.20196771,0.33347544,0.26246470,0.37858371,0.30685806,0.41734651
0.01151103,0.21311743,0.11712691,0.28010928,0.20213925,0.33360428,0.26394062,0.37885412,0.31052769,0.41780192
0.01162998,0.21314955,0.11751771,0.28028721,0.20347818,0.33378502,0.26698684,0.37897737,0.31595392,0.41789630
0.01158026,0.21324811,0.11804619,0.28040397,0.20584049,0.33386892,0.27211511,0.37905115,0.32483918,0.41797995
0.01151792,0.21314001,0.11719156,0.28030610,0.20535459,0.33389311,0.27314112,0.37933724,0.32797680,0.41871041
0.01147845,0.21322053,0.11743467,0.28040368,0.20685356,0.33370571,0.27593498,0.37860083,0.33172749,0.41726432
0.01153493,0.21320851,0.11763253,0.28038151,0.20659672,0.33371947,0.27466083,0.37865756,0.32935503,0.41731958
0.01141780,0.21312155,0.11619019,0.28028699,0.20407474,0.33354749,0.27098810,0.37829461,0.32451842,0.41663706
0.01153218,0.21312366,0.11631487,0.28019872,0.20387787,0.33359713,0.27092303,0.37872662,0.32516390,0.41766978
0.01133471,0.21298451,0.11517680,0.27997139,0.20194465,0.33320673,0.26806922,0.37824736,0.32141922,0.41727170
0.01127488,0.21304821,0.11507277,0.27999335,0.20155788,0.33321286,0.26715904,0.37833343,0.32003920,0.41755571
0.01126655,0.21322806,0.11485569,0.28038367,0.20053671,0.33374129,0.26484435,0.37879249,0.31615552,0.41767942
0.01128054,0.21324806,0.11484937,0.28047623,0.20039574,0.33387263,0.26390952,0.37898671,0.31291186,0.41796574
0.01128085,0.21321117,0.11520672,0.28022039,0.20087285,0.33329644,0.26417852,0.37819908,0.31257766,0.41723420
0.01126856,0.21328968,0.11555282,0.28057184,0.20202001,0.33396438,0.26720407,0.37922033,0.31916285,0.41866208
0.01115810,0.21332143,0.11582375,0.28076639,0.20244799,0.33454435,0.26741380,0.38048285,0.31889503,0.42086225
0.01108134,0.21321011,0.11492162,0.28052347,0.20004009,0.33403201,0.26247049,0.37948388,0.30905370,0.41914855
0.01118691,0.21311719,0.11498394,0.28022797,0.19903704,0.33347693,0.25780211,0.37861875,0.29433223,0.41797150
0.01106431,0.21318888,0.11423810,0.28021166,0.19841311,0.33340197,0.25750367,0.37853235,0.29471020,0.41796526
0.01109319,0.21318311,0.11465226,0.28019999,0.19850321,0.33337364,0.25681066,0.37845910,0.29295093,0.41783797
0.01101359,0.21326307,0.11463540,0.28011453,0.19845057,0.33305105,0.25692027,0.37779905,0.29439385,0.41673659
0.01100774,0.21322665,0.11479991,0.28029137,0.19955429,0.33344246,0.26025597,0.37832826,0.30287004,0.41728037
0.01098392,0.21319587,0.11494677,0.28012454,0.20015058,0.33309088,0.26237714,0.37775423,0.30874918,0.41644685
0.01078408,0.21316417,0.11502588,0.28006643,0.20095356,0.33299513,0.26362069,0.37748720,0.30962722,0.41586582
0.01082915,0.21311296,0.11431441,0.28015119,0.19921553,0.33332148,0.26034734,0.37807613,0.30344637,0.41668763
0.01087350,0.21311044,0.11471084,0.28035257,0.19939166,0.33377013,0.25895812,0.37881249,0.29774092,0.41777017
0.01078483,0.21301721,0.11409472,0.28020046,0.19870910,0.33351093,0.25863269,0.37841383,0.29796202,0.41720443
0.01082903,0.21299421,0.11367029,0.28033607,0.19755915,0.33395771,0.25690389,0.37924046,0.29566087,0.41839437
0.01074207,0.21317059,0.11341272,0.28063963,0.19755836,0.33434222,0.25756704,0.37954404,0.29848370,0.41835085
0.01077266,0.21316000,0.11350874,0.28060677,0.19820608,0.33451462,0.25931857,0.38019573,0.30205336,0.41964385
0.01089564,0.21311064,0.11462810,0.28058229,0.19958291,0.33451817,0.26003136,0.38021352,0.30132107,0.41962469
0.01101112,0.21315357,0.11505263,0.28066427,0.20012961,0.33447552,0.26080186,0.37983895,0.30233519,0.41876435
0.01096685,0.21315749,0.11422520,0.28061387,0.19838495,0.33434442,0.25796992,0.37958976,0.29835547,0.41837132
0.01103258,0.21311736,0.11503669,0.28051491,0.20003272,0.33419431,0.25992308,0.37932683,0.29951516,0.41792571
0.01090623,0.21324613,0.11528111,0.28059272,0.20133603,0.33426584,0.26358835,0.37940804,0.30869763,0.41800908
0.01104559,0.21337176,0.11613001,0.28069824,0.20243800,0.33456546,0.26439329,0.38001988,0.30853419,0.41896575
0.01093559,0.21335530,0.11539137,0.28066119,0.20222284,0.33459755,0.26603385,0.38014980,0.31380268,0.41915918
0.01090260,0.21337419,0.11545895,0.28063772,0.20223921,0.33456541,0.26611496,0.38016462,0.31428185,0.41921691
0.01097467,0.21342041,0.11519218,0.28071040,0.20122924,0.33466594,0.26471841,0.38026005,0.31265090,0.41927000
0.01088499,0.21346449,0.11443802,0.28090590,0.19956482,0.33509044,0.26193610,0.38094401,0.30835331,0.42016287
0.01097334,0.21348656,0.11492942,0.28080844,0.20000877,0.33487625,0.26262628,0.38058789,0.30977291,0.41960988
0.01077362,0.21365397,0.11398743,0.28106506,0.19917406,0.33529772,0.26291410,0.38123875,0.31238866,0.42050133
0.01076016,0.21366667,0.11336450,0.28104246,0.19857849,0.33513102,0.26369009,0.38092371,0.31612195,0.42009218
0.01080143,0.21353588,0.11285670,0.28076357,0.19710231,0.33469475,0.26175959,0.38035211,0.31411358,0.41944447
0.01067278,0.21348670,0.11271936,0.28075724,0.19795995,0.33461363,0.26425304,0.38005562,0.31892124,0.41884804
0.01065039,0.21354996,0.11343199,0.28093449,0.19921060,0.33494948,0.26498887,0.38054911,0.31837426,0.41949515
0.01066123,0.21333352,0.11325242,0.28071461,0.19845919,0.33476007,0.26317453,0.38039210,0.31534103,0.41936855
0.01066126,0.21322533,0.11241485,0.28063975,0.19574215,0.33483084,0.25708688,0.38068375,0.30382178,0.41991729
0.01058696,0.21323908,0.11248538,0.28060873,0.19650988,0.33469744,0.25858994,0.38031590,0.30590930,0.41914549
0.01066086,0.21321892,0.11225835,0.28049569,0.19588999,0.33439881,0.25751513,0.37985880,0.30412364,0.41859949
0.01066324,0.21308327,0.11251671,0.28039093,0.19578873,0.33427243,0.25503956,0.37966188,0.29578044,0.41834880
0.01044464,0.21308971,0.11192996,0.28036115,0.19388160,0.33438615,0.24850467,0.38021793,0.27343225,0.41967541
0.01044692,0.21307958,0.11175754,0.28022956,0.19380583,0.33405630,0.24930955,0.37961543,0.27830410,0.41878948
0.01032402,0.21317103,0.11242820,0.28031569,0.19558225,0.33405083,0.25203475,0.37940875,0.28384022,0.41828383
0.01018282,0.21320882,0.11186267,0.28027690,0.19557763,0.33372418,0.25405198,0.37864792,0.29256600,0.41702789
0.01024734,0.21316490,0.11191265,0.28017195,0.19604853,0.33352044,0.25562858,0.37832715,0.29722008,0.41655919
0.01030594,0.21314887,0.11201196,0.28023544,0.19554445,0.33387338,0.25410274,0.37918405,0.29318211,0.41808761
0.01030877,0.21315839,0.11241555,0.28027167,0.19654152,0.33397607,0.25633669,0.37947715,0.29785465,0.41875093
0.01041471,0.21322213,0.11256648,0.28040849,0.19644627,0.33435181,0.25597672,0.38019447,0.29602478,0.41983021
0.01044857,0.21326438,0.11315104,0.28061917,0.19844844,0.33471025,0.26026625,0.38065297,0.30452687,0.42038578
0.01053373,0.21322196,0.11388276,0.28068261,0.19944949,0.33499049,0.26128805,0.38112035,0.30534383,0.42089741
0.01052643,0.21318256,0.11404526,0.28071857,0.20057401,0.33502326,0.26433636,0.38113012,0.31198357,0.42092168
0.01064632,0.21317327,0.11536981,0.28078971,0.20302131,0.33509797,0.26820551,0.38111865,0.31774751,0.42076669
0.01051609,0.21324615,0.11532967,0.28083369,0.20368516,0.33501658,0.26886749,0.38085373,0.31677329,0.42038942
0.01052554,0.21318064,0.11527291,0.28081916,0.20429453,0.33487290,0.27138244,0.38039250,0.32291688,0.41941700
0.01053821,0.21305325,0.11476326,0.28063108,0.20325603,0.33450665,0.27061145,0.37971265,0.32306939,0.41833273
0.01054514,0.21293439,0.11451554,0.28052379,0.20337220,0.33444113,0.27239765,0.37976104,0.32773807,0.41855419
0.01055347,0.21288361,0.11421181,0.28038317,0.20334800,0.33417750,0.27320330,0.37929752,0.32981912,0.41777662
0.01046845,0.21300265,0.11388399,0.28042782,0.20277183,0.33418968,0.27211464,0.37928360,0.32812667,0.41772945
0.01046589,0.21300097,0.11366796,0.28049574,0.20192536,0.33437086,0.27084192,0.37965914,0.32674117,0.41837443
0.01050042,0.21291695,0.11340036,0.28034190,0.20146313,0.33416696,0.27130499,0.37943878,0.32896035,0.41813472
0.01053290,0.21280426,0.11325125,0.28008257,0.19939358,0.33377343,0.26609919,0.37898697,0.31978706,0.41769237
0.01045393,0.21286124,0.11308576,0.27995926,0.19975956,0.33350182,0.26688469,0.37857450,0.32090174,0.41715976
0.01067641,0.21276178,0.11381240,0.27977073,0.20091521,0.33326599,0.26909315,0.37833405,0.32463114,0.41691125
0.01059722,0.21256884,0.11287236,0.27931339,0.19961348,0.33246754,0.26775062,0.37725210,0.32323221,0.41565531
0.01039617,0.21242458,0.11199893,0.27924725,0.19891102,0.33256101,0.26747576,0.37766055,0.32341488,0.41652566
0.01047901,0.21227267,0.11248234,0.27907790,0.19981103,0.33245576,0.26855319,0.37769558,0.32416179,0.41674301
0.01059173,0.21210990,0.11334199,0.27902417,0.20126535,0.33251184,0.27012656,0.37783340,0.32553014,0.41695063
0.01039659,0.21216787,0.11198716,0.27906044,0.19846159,0.33249556,0.26565594,0.37779815,0.31957693,0.41696396
0.01040149,0.21206119,0.11200754,0.27878392,0.19884940,0.33210750,0.26689896,0.37737724,0.32202641,0.41659074
0.01049953,0.21199466,0.11196461,0.27877793,0.19846797,0.33227572,0.26577292,0.37792528,0.31973620,0.41776623
0.01047207,0.21188541,0.11112422,0.27860934,0.19703701,0.33200494,0.26455344,0.37753712,0.31978315,0.41733193
0.01040551,0.21177448,0.11074114,0.27863747,0.19610668,0.33211634,0.26255566,0.37760415,0.31650829,0.41718689
0.01035431,0.21176215,0.11122595,0.27857319,0.19767386,0.33209204,0.26522256,0.37764675,0.32023755,0.41725740
0.01028925,0.21164360,0.11092772,0.27823347,0.19822454,0.33167406,0.26713268,0.37728003,0.32372935,0.41699822
0.01026791,0.21139914,0.11009818,0.27775638,0.19641703,0.33081694,0.26507760,0.37600159,0.32221089,0.41539058
0.01024647,0.21148827,0.10973689,0.27782600,0.19671777,0.33102986,0.26636802,0.37647934,0.32417211,0.41611400
0.01021467,0.21140732,0.10908779,0.27772197,0.19523920,0.33090845,0.26408750,0.37633537,0.32119377,0.41598469
0.01010455,0.21149447,0.10908697,0.27774291,0.19415201,0.33079638,0.26067868,0.37608649,0.31512693,0.41567233
0.01012497,0.21155247,0.10912538,0.27778727,0.19338265,0.33082000,0.25839468,0.37616773,0.31074303,0.41591876
0.01007883,0.21149727,0.10950255,0.27769086,0.19333382,0.33059014,0.25597203,0.37565028,0.30301618,0.41495795
0.01006444,0.21146067,0.10942584,0.27759746,0.19416281,0.33048219,0.25853186,0.37561664,0.30849643,0.41510118
0.01006093,0.21158043,0.10934632,0.27776987,0.19268676,0.33068808,0.25495925,0.37580090,0.30217565,0.41517061
0.00995004,0.21155003,0.11009817,0.27759845,0.19463189,0.33055950,0.25754233,0.37586159,0.30492684,0.41549602
0.00998357,0.21173167,0.11102821,0.27791136,0.19525323,0.33081664,0.25714246,0.37585803,0.30362392,0.41514339
0.01003807,0.21179666,0.11137542,0.27791535,0.19561338,0.33069183,0.25733776,0.37560748,0.30270294,0.41482226
0.01001253,0.21170513,0.11093693,0.27798812,0.19474784,0.33104447,0.25667581,0.37630136,0.30376286,0.41589922
0.00994290,0.21167371,0.10996206,0.27818752,0.19320471,0.33156511,0.25551723,0.37726040,0.30399784,0.41745123
0.00993777,0.21181347,0.11025857,0.27812212,0.19254038,0.33110419,0.25269614,0.37612127,0.29667149,0.41534888
0.00983228,0.21199957,0.11022181,0.27853209,0.19405786,0.33186545,0.25660309,0.37750636,0.30389378,0.41765685
0.01001705,0.21188005,0.11109390,0.27834928,0.19385031,0.33169670,0.25438763,0.37744580,0.29813068,0.41785112
0.01001525,0.21200676,0.11105831,0.27837274,0.19440160,0.33169118,0.25559370,0.37749506,0.29898893,0.41799569
0.01007040,0.21215060,0.11218287,0.27851038,0.19611490,0.33162448,0.25761394,0.37713319,0.30196483,0.41736688
0.00994403,0.21222243,0.11141338,0.27860738,0.19314507,0.33167899,0.24934185,0.37707452,0.27945625,0.41722562
0.01006788,0.21235632,0.11203683,0.27870181,0.19461321,0.33165488,0.25183645,0.37694528,0.28284555,0.41712546
0.01016792,0.21237908,0.11324942,0.27867506,0.19718942,0.33186004,0.25576307,0.37759060,0.28901267,0.41823703
0.01012844,0.21239283,0.11337902,0.27864142,0.19816946,0.33175085,0.25830619,0.37737639,0.29584134,0.41784598
0.01015104,0.21253543,0.11284908,0.27896289,0.19646264,0.33221017,0.25440201,0.37801241,0.28382318,0.41878488
0.00998255,0.21241465,0.11161974,0.27873823,0.19564215,0.33182030,0.25651695,0.37735253,0.29644224,0.41766516
0.00984715,0.21245504,0.11093905,0.27877876,0.19530554,0.33181045,0.25768546,0.37730128,0.30210537,0.41761816
0.00971583,0.21231575,0.11077461,0.27860142,0.19559577,0.33174338,0.25845083,0.37745906,0.30306212,0.41806858
0.00966191,0.21211363,0.11083782,0.27831959,0.19641273,0.33130781,0.26037765,0.37666001,0.30758968,0.41660058
0.00966873,0.21211884,0.11057920,0.27817375,0.19513795,0.33120433,0.25750403,0.37692275,0.30211108,0.41760340
0.00961111,0.21223624,0.10999718,0.27829367,0.19406454,0.33139824,0.25617014,0.37718788,0.30099104,0.41789316
0.00956382,0.21209969,0.11022983,0.27808182,0.19546483,0.33123488,0.25881810,0.37704528,0.30426058,0.41758517
0.00963077,0.21213330,0.11115133,0.27814453,0.19720399,0.33131448,0.26136299,0.37700509,0.30877884,0.41715499
0.00946045,0.21206426,0.11091993,0.27803548,0.19683611,0.33128641,0.26051302,0.37721911,0.30747796,0.41768700
0.00954001,0.21173593,0.11032255,0.27766681,0.19560564,0.33079621,0.25786624,0.37643972,0.30055370,0.41654497
0.00955285,0.21193579,0.11058284,0.27812106,0.19574245,0.33146262,0.25812470,0.37715479,0.30186062,0.41711941
0.00961085,0.21192122,0.11157318,0.27797239,0.19700068,0.33098690,0.25962789,0.37617183,0.30434376,0.41553950
0.00976741,0.21192040,0.11242235,0.27809855,0.19781161,0.33136515,0.25922103,0.37687703,0.30007711,0.41660916
0.00972446,0.21187857,0.11222093,0.27794477,0.19738382,0.33098576,0.25887449,0.37630489,0.30093675,0.41591308
0.00967134,0.21195252,0.11195302,0.27792179,0.19698388,0.33057736,0.25840839,0.37519897,0.30108622,0.41384834
0.00965990,0.21197879,0.11232411,0.27799707,0.19777969,0.33069600,0.25997522,0.37532086,0.30531062,0.41392871
0.00959732,0.21194509,0.11172287,0.27794101,0.19716769,0.33045778,0.26024400,0.37470217,0.30757300,0.41277145
0.00958475,0.21199873,0.11039449,0.27796233,0.19410075,0.33034920,0.25501015,0.37439663,0.29905310,0.41227539
0.00956338,0.21209123,0.11000899,0.27818841,0.19407888,0.33066290,0.25595087,0.37472933,0.30188510,0.41252414
0.00956857,0.21208595,0.10974474,0.27807950,0.19349484,0.33040426,0.25595975,0.37427746,0.30436216,0.41183296
0.00957496,0.21208019,0.11039160,0.27803637,0.19487780,0.33022300,0.25780474,0.37391146,0.30677409,0.41129422
0.00953978,0.21215750,0.11026219,0.27826989,0.19544941,0.33062496,0.26007856,0.37441423,0.31173494,0.41183324
0.00966065,0.21212895,0.11069754,0.27831970,0.19642358,0.33074423,0.26157923,0.37459498,0.31359351,0.41211913
0.00979644,0.21203235,0.11087610,0.27826453,0.19659802,0.33061066,0.26156238,0.37417443,0.31298883,0.41119146
0.00981677,0.21199563,0.11023477,0.27817914,0.19540593,0.33041056,0.25944634,0.37373367,0.30975611,0.41040942
0.00992189,0.21202149,0.11056232,0.27826411,0.19503971,0.33057941,0.25728103,0.37404404,0.30466470,0.41092471
0.00987910,0.21192147,0.11050793,0.27812998,0.19553954,0.33027954,0.25869045,0.37343688,0.30700622,0.40994179
0.00993789,0.21199219,0.11059859,0.27811469,0.19566929,0.33017348,0.25860687,0.37317711,0.30650901,0.40941858
0.00993599,0.21201837,0.11049453,0.27803351,0.19490665,0.32990290,0.25619236,0.37275813,0.30124805,0.40893783
0.01003595,0.21206031,0.11056534,0.27813250,0.19462267,0.33018736,0.25612506,0.37332615,0.30183337,0.40985396
0.01008654,0.21206314,0.11035526,0.27808300,0.19472525,0.33016731,0.25693576,0.37339309,0.30328562,0.40997870
0.01017894,0.21194989,0.11121175,0.27793810,0.19623468,0.32987688,0.25838023,0.37291452,0.30399478,0.40931988
0.01013618,0.21184287,0.11133749,0.27779248,0.19702315,0.32966875,0.25992013,0.37268740,0.30632727,0.40916305
0.01017292,0.21179035,0.11123154,0.27758864,0.19641856,0.32919942,0.25894472,0.37191484,0.30556187,0.40811160
0.01007246,0.21164687,0.10979626,0.27741340,0.19343543,0.32899032,0.25459013,0.37178711,0.30002696,0.40830965
0.01019621,0.21168539,0.11024203,0.27748809,0.19405020,0.32904574,0.25580502,0.37171092,0.30303587,0.40800836
0.01012401,0.21189250,0.11004522,0.27766042,0.19356080,0.32903633,0.25442228,0.37146320,0.29993371,0.40751464
0.01011700,0.21201317,0.11050006,0.27780336,0.19392698,0.32933558,0.25377578,0.37208661,0.29659728,0.40864934
0.01004267,0.21203115,0.11004254,0.27789603,0.19385357,0.32962071,0.25499622,0.37261706,0.30030638,0.40941743
0.00995974,0.21207643,0.11031091,0.27804542,0.19438653,0.32994020,0.25540473,0.37306747,0.30081661,0.40990013
0.01014383,0.21199519,0.11100911,0.27805377,0.19555858,0.33003773,0.25686312,0.37322588,0.30214409,0.41010782
0.01012705,0.21206173,0.11122467,0.27818341,0.19593008,0.33031740,0.25748097,0.37383875,0.30346413,0.41125167
0.01005428,0.21209141,0.11080386,0.27829286,0.19453021,0.33044985,0.25487150,0.37387086,0.30010231,0.41102670
0.00999978,0.21229635,0.11104673,0.27860536,0.19541185,0.33085690,0.25745195,0.37435115,0.30640415,0.41152336
0.00988368,0.21234843,0.10985277,0.27866411,0.19298506,0.33099578,0.25334514,0.37464509,0.29968528,0.41201244
0.00992128,0.21246071,0.10954528,0.27882804,0.19270977,0.33122124,0.25402146,0.37486659,0.30204408,0.41209049
0.00991918,0.21242151,0.10982318,0.27882824,0.19321402,0.33116162,0.25422416,0.37466690,0.30146461,0.41167909
0.00981152,0.21253055,0.10944739,0.27882403,0.19296911,0.33111549,0.25462741,0.37472791,0.30330364,0.41200537
0.00989811,0.21245128,0.10961857,0.27872586,0.19331042,0.33093550,0.25579325,0.37444793,0.30588387,0.41167798
0.00988054,0.21243570,0.10963769,0.27891256,0.19321136,0.33138465,0.25521821,0.37525726,0.30403590,0.41297487
0.00976677,0.21221454,0.10912272,0.27851946,0.19267795,0.33073971,0.25523764,0.37423651,0.30475775,0.41151332
0.00960035,0.21218641,0.10836072,0.27855500,0.19249084,0.33097031,0.25736073,0.37483013,0.31052268,0.41262906
0.00974670,0.21201583,0.10859092,0.27821538,0.19306855,0.33035666,0.25832980,0.37370751,0.31158403,0.41068460
0.00967368,0.21195517,0.10782916,0.27804152,0.19152746,0.33007554,0.25645838,0.37331501,0.30962441,0.41016926
0.00963862,0.21188549,0.10676819,0.27793384,0.18937910,0.32991369,0.25385525,0.37313148,0.30693324,0.41003639
0.00957080,0.21189049,0.10724483,0.27793472,0.18943042,0.32985802,0.25251966,0.37293313,0.30354177,0.40960126
0.00938733,0.21176419,0.10730363,0.27783562,0.19055422,0.32985485,0.25491778,0.37312818,0.30736029,0.41005845
0.00938654,0.21170247,0.10757457,0.27792881,0.18995994,0.33017986,0.25295538,0.37377801,0.30481875,0.41109163
0.00943975,0.21171142,0.10740692,0.27805705,0.18935507,0.33048657,0.25205328,0.37421368,0.30370812,0.41156987
0.00956277,0.21178006,0.10832700,0.27809955,0.19127940,0.33053215,0.25530770,0.37430357,0.30819522,0.41170025
0.00966840,0.21173894,0.10794586,0.27799987,0.18962679,0.33030722,0.25152246,0.37388895,0.30192129,0.41107439
0.00975673,0.21177164,0.10743283,0.27796421,0.18864324,0.33021451,0.25083547,0.37369790,0.30168225,0.41071754
0.00960300,0.21190833,0.10680099,0.27836162,0.18818410,0.33092097,0.25184990,0.37469486,0.30610110,0.41192622
0.00951901,0.21197934,0.10640503,0.27843758,0.18685576,0.33097352,0.24947328,0.37456536,0.30312328,0.41145371
0.00943255,0.21206490,0.10699814,0.27848358,0.18917530,0.33081682,0.25397508,0.37416840,0.30962180,0.41085033
0.00938602,0.21197813,0.10692804,0.27836834,0.18891996,0.33081576,0.25347746,0.37445994,0.30918239,0.41157723
0.00930146,0.21185100,0.10633083,0.27811492,0.18926393,0.33051327,0.25622792,0.37430485,0.31509707,0.41185482
0.00931064,0.21190963,0.10680042,0.27817409,0.18968341,0.33063334,0.25544302,0.37442719,0.31267906,0.41188724
0.00934796,0.21194008,0.10713036,0.27819807,0.18961540,0.33077674,0.25457160,0.37484708,0.31156335,0.41271301
0.00937114,0.21191661,0.10786854,0.27820921,0.19130310,0.33095699,0.25653298,0.37530922,0.31267210,0.41350442
0.00943046,0.21174292,0.10797086,0.27802763,0.19104904,0.33075513,0.25643977,0.37511266,0.31344394,0.41337352
0.00925473,0.21162931,0.10656582,0.27797813,0.18824609,0.33077688,0.25166806,0.37512333,0.30644240,0.41327967
0.00918702,0.21176327,0.10699936,0.27821456,0.19042090,0.33116939,0.25623146,0.37579643,0.31241419,0.41434283
0.00933590,0.21169109,0.10716745,0.27824011,0.19102567,0.33147786,0.25864068,0.37666993,0.31760880,0.41606498
0.00942730,0.21161207,0.10761685,0.27837713,0.19262190,0.33191927,0.26203647,0.37744881,0.32263961,0.41716244
0.00934793,0.21165921,0.10749319,0.27846343,0.19193909,0.33205444,0.25984740,0.37752158,0.31862172,0.41698193
0.00931679,0.21155626,0.10679821,0.27827616,0.19045451,0.33180486,0.25825219,0.37739989,0.31807112,0.41719013
0.00931880,0.21156314,0.10605178,0.27827221,0.18890073,0.33176207,0.25549227,0.37715029,0.31362794,0.41651244
0.00931517,0.21158486,0.10489778,0.27828506,0.18789354,0.33185113,0.25700203,0.37741092,0.31899875,0.41704988
0.00927241,0.21163573,0.10435722,0.27826926,0.18720700,0.33171839,0.25574519,0.37723664,0.31710285,0.41696652
0.00938022,0.21172758,0.10501931,0.27837060,0.18927489,0.33178898,0.25939785,0.37737302,0.32205876,0.41737557
0.00956491,0.21170185,0.10431216,0.27833414,0.18825655,0.33183138,0.25991538,0.37768416,0.32505897,0.41821902
0.00950194,0.21171377,0.10497919,0.27826532,0.18885141,0.33164914,0.25834601,0.37714348,0.32033023,0.41691533
0.00959346,0.21173895,0.10576971,0.27826713,0.19095396,0.33149191,0.26087875,0.37660019,0.32166282,0.41576760
0.00952636,0.21179146,0.10502688,0.27840875,0.18900370,0.33170380,0.25724424,0.37680260,0.31627340,0.41578504
0.00941430,0.21181828,0.10473995,0.27841594,0.18950222,0.33169688,0.25941007,0.37679789,0.32036124,0.41578461
0.00939903,0.21187061,0.10515851,0.27861857,0.18963697,0.33195976,0.25835118,0.37701992,0.31789590,0.41590300
0.00941805,0.21179053,0.10547652,0.27853123,0.19095140,0.33184891,0.26101308,0.37680379,0.32121000,0.41549438
0.00933954,0.21171842,0.10592081,0.27847127,0.19191077,0.33189598,0.26237238,0.37715950,0.32319622,0.41634398
0.00939657,0.21162755,0.10586430,0.27816704,0.19127981,0.33134489,0.26088138,0.37638072,0.32084338,0.41537549
0.00953002,0.21168523,0.10722592,0.27815010,0.19250173,0.33110699,0.26037690,0.37582804,0.31797460,0.41447287
0.00952522,0.21175153,0.10742243,0.27828401,0.19322408,0.33129607,0.26164384,0.37609341,0.31933454,0.41482580
0.00954986,0.21162951,0.10791682,0.27810449,0.19493005,0.33098709,0.26568901,0.37573048,0.32618888,0.41457362
0.00976932,0.21154165,0.10838431,0.27799199,0.19570416,0.33113306,0.26729297,0.37636950,0.32925674,0.41588436
0.00991142,0.21154642,0.10877035,0.27784306,0.19576975,0.33082160,0.26687210,0.37588438,0.32824144,0.41519143
0.00995373,0.21157423,0.10850232,0.27794236,0.19523038,0.33105434,0.26625077,0.37631488,0.32800973,0.41584224
0.00999827,0.21154570,0.10829180,0.27785874,0.19375862,0.33080276,0.26266517,0.37567112,0.32205640,0.41453296
0.01000461,0.21149353,0.10850676,0.27771379,0.19406421,0.33063283,0.26201308,0.37549287,0.31965013,0.41427433
0.01001771,0.21143612,0.10911780,0.27761598,0.19479913,0.33029377,0.26189360,0.37471091,0.31764784,0.41289961
0.00990348,0.21146568,0.10882042,0.27758604,0.19502321,0.33023194,0.26270440,0.37470978,0.31900830,0.41301657
0.01005780,0.21162665,0.10872505,0.27777311,0.19377796,0.33054794,0.26140582,0.37541885,0.31928923,0.41442699
0.01007019,0.21170236,0.10855952,0.27789350,0.19410876,0.33094460,0.26297040,0.37633548,0.32284272,0.41603380
0.01024259,0.21155811,0.10960541,0.27778792,0.19665407,0.33080429,0.26654790,0.37604334,0.32587477,0.41540287
0.01023175,0.21159656,0.10921626,0.27773490,0.19483299,0.33069440,0.26367868,0.37592815,0.32273715,0.41529866
0.01013129,0.21160145,0.10888128,0.27774899,0.19496004,0.33071786,0.26417508,0.37600647,0.32338333,0.41546581
0.00994137,0.21153773,0.10776326,0.27769567,0.19373986,0.33064103,0.26274605,0.37581647,0.32173381,0.41508030
0.00999373,0.21158288,0.10830145,0.27775238,0.19485952,0.33065287,0.26488374,0.37571948,0.32484143,0.41485986
0.00980074,0.21160344,0.10755952,0.27773074,0.19378241,0.33066055,0.26421415,0.37587888,0.32550787,0.41531625
0.00961015,0.21162557,0.10690523,0.27775506,0.19340215,0.33067912,0.26471835,0.37585513,0.32697801,0.41522098
0.00960817,0.21161989,0.10670308,0.27773025,0.19383987,0.33075518,0.26629029,0.37609302,0.32928117,0.41563672
0.00960729,0.21154503,0.10720551,0.27771380,0.19535285,0.33084217,0.26854874,0.37631903,0.33159501,0.41604461
0.00955362,0.21151934,0.10623267,0.27751864,0.19308921,0.33038208,0.26482083,0.37544912,0.32661092,0.41459480
0.00956219,0.21137188,0.10659565,0.27726141,0.19369442,0.33010614,0.26442705,0.37517691,0.32444751,0.41428350
0.00962609,0.21129329,0.10708941,0.27718690,0.19604083,0.33021783,0.26897523,0.37567396,0.33071027,0.41529072
0.00956256,0.21140840,0.10715980,0.27736620,0.19593305,0.33068663,0.26929209,0.37661219,0.33237730,0.41680954
0.00961871,0.21137745,0.10733521,0.27714581,0.19601605,0.33015796,0.26865516,0.37567178,0.33066793,0.41543737
0.00940055,0.21141395,0.10649016,0.27705227,0.19507103,0.32988557,0.26760819,0.37510595,0.32906663,0.41442764
0.00932780,0.21132175,0.10750168,0.27690297,0.19816600,0.32953484,0.27209973,0.37448963,0.33402144,0.41362740
0.00917124,0.21144331,0.10650359,0.27713849,0.19813324,0.32995349,0.27382181,0.37508968,0.33727706,0.41439184
0.00902523,0.21143570,0.10559441,0.27709758,0.19672964,0.32977215,0.27194373,0.37473535,0.33505046,0.41385696
0.00898499,0.21142420,0.10553911,0.27701564,0.19668985,0.32959294,0.27167762,0.37450193,0.33464787,0.41364250
0.00903266,0.21148348,0.10674899,0.27733207,0.19886144,0.33038025,0.27439510,0.37594427,0.33770648,0.41584714
0.00914608,0.21161542,0.10696709,0.27740801,0.19929551,0.33045772,0.27582321,0.37610165,0.34013902,0.41617297
0.00901692,0.21173107,0.10645482,0.27760024,0.19933677,0.33074005,0.27684408,0.37649718,0.34187485,0.41666704
0.00894149,0.21176464,0.10557482,0.27755874,0.19781185,0.33060183,0.27555110,0.37629236,0.34127643,0.41645168
0.00899083,0.21181952,0.10633795,0.27770783,0.19903652,0.33079096,0.27687299,0.37649566,0.34247323,0.41669515
0.00907446,0.21180377,0.10608059,0.27770789,0.19823379,0.33083273,0.27619398,0.37673898,0.34256015,0.41739030
0.00912559,0.21191898,0.10537518,0.27791013,0.19726773,0.33118378,0.27555283,0.37729943,0.34259512,0.41820347
0.00925527,0.21210939,0.10610186,0.27816455,0.19828476,0.33149399,0.27695742,0.37767364,0.34423958,0.41866790
0.00942580,0.21204685,0.10643539,0.27808920,0.19832035,0.33159046,0.27728680,0.37817199,0.34534620,0.41974705
0.00931087,0.21206289,0.10595146,0.27813990,0.19702675,0.33178986,0.27554152,0.37864029,0.34393994,0.42054282
0.00936723,0.21197662,0.10643347,0.27803944,0.19801401,0.33159664,0.27689901,0.37834737,0.34534476,0.42017520
0.00931223,0.21191784,0.10546790,0.27797202,0.19606898,0.33156616,0.27453479,0.37833332,0.34302273,0.42014922
0.00915603,0.21193460,0.10469905,0.27786249,0.19404897,0.33118018,0.27121661,0.37744550,0.33883730,0.41855509
0.00926192,0.21193961,0.10515910,0.27797637,0.19525597,0.33141789,0.27346628,0.37786612,0.34180095,0.41923179
0.00924286,0.21192152,0.10546053,0.27786249,0.19605350,0.33117240,0.27449564,0.37746898,0.34267428,0.41870147
0.00913973,0.21195063,0.10444699,0.27787950,0.19404495,0.33099135,0.27222885,0.37696274,0.34067896,0.41787685
0.00908796,0.21188348,0.10439906,0.27783498,0.19256965,0.33080935,0.26843472,0.37643330,0.33521571,0.41679508
0.00899254,0.21188651,0.10395486,0.27780033,0.19191425,0.33074105,0.26763325,0.37643798,0.33446793,0.41697904
0.00900706,0.21189488,0.10356877,0.27756836,0.19123683,0.33015475,0.26684871,0.37544737,0.33369833,0.41565849
0.00905371,0.21201933,0.10343365,0.27765187,0.19060700,0.33017578,0.26590355,0.37544510,0.33269874,0.41568360
0.00899431,0.21204865,0.10417798,0.27786950,0.19175505,0.33050826,0.26606357,0.37582383,0.33150868,0.41607963
0.00896097,0.21214290,0.10426844,0.27793594,0.19189245,0.33050333,0.26584250,0.37567778,0.33068082,0.41572179
0.00892301,0.21215277,0.10453256,0.27799248,0.19210317,0.33050852,0.26559164,0.37559329,0.32976255,0.41551594
0.00890182,0.21203007,0.10349412,0.27779984,0.18947263,0.33027207,0.26193151,0.37556998,0.32619957,0.41598302
0.00882280,0.21205859,0.10377037,0.27788524,0.18977297,0.33042505,0.26198384,0.37581449,0.32616374,0.41633021
0.00881093,0.21196981,0.10405422,0.27783333,0.18916378,0.33061499,0.25983537,0.37642922,0.32289278,0.41741889
0.00874648,0.21187712,0.10465196,0.27791994,0.19185461,0.33103729,0.26520584,0.37743660,0.33067105,0.41927321
0.00875971,0.21190572,0.10455966,0.27774793,0.19217850,0.33074288,0.26679750,0.37716215,0.33374829,0.41917620
0.00874812,0.21200543,0.10454869,0.27790009,0.19244188,0.33095307,0.26737506,0.37737927,0.33404231,0.41928065
0.00871374,0.21190655,0.10448348,0.27784174,0.19325826,0.33102810,0.26946619,0.37776489,0.33706316,0.42020823
0.00869436,0.21200988,0.10449352,0.27797273,0.19381280,0.33128343,0.27079108,0.37821027,0.33911299,0.42090531
0.00881990,0.21184590,0.10510414,0.27758400,0.19509719,0.33062108,0.27253785,0.37722146,0.34055847,0.41949665
0.00886359,0.21194519,0.10541998,0.27766452,0.19479594,0.33083163,0.27256708,0.37778141,0.34208012,0.42065417
0.00887911,0.21203100,0.10557052,0.27773858,0.19468886,0.33068852,0.27135097,0.37724879,0.33960703,0.41970459
0.00890966,0.21199031,0.10628022,0.27772573,0.19562611,0.33080357,0.27187821,0.37767567,0.33992577,0.42063763
0.00897099,0.21192980,0.10688691,0.27756090,0.19631476,0.33062206,0.27304624,0.37762198,0.34215332,0.42092530
0.00890425,0.21205874,0.10674298,0.27783178,0.19622547,0.33102548,0.27276174,0.37804611,0.34152135,0.42115840
0.00883907,0.21197872,0.10644805,0.27763106,0.19537074,0.33060342,0.27129779,0.37741168,0.34005841,0.42048918
0.00885922,0.21194557,0.10599544,0.27764429,0.19460758,0.33068358,0.27047912,0.37758834,0.33929954,0.42074456
0.00881048,0.21205166,0.10574005,0.27754783,0.19322037,0.33037476,0.26716567,0.37697652,0.33372985,0.41953891
0.00892451,0.21205139,0.10674716,0.27745904,0.19487673,0.33024473,0.26861202,0.37676366,0.33475267,0.41924652
0.00892526,0.21200046,0.10647473,0.27746081,0.19462019,0.33034518,0.26933390,0.37702396,0.33660420,0.41970341
0.00883997,0.21201784,0.10583621,0.27752194,0.19456169,0.33043232,0.27052228,0.37716360,0.33833319,0.41985761
0.00878857,0.21208805,0.10576736,0.27750958,0.19511243,0.33023970,0.27159412,0.37679375,0.33946710,0.41941297
0.00866008,0.21217429,0.10485139,0.27760059,0.19176888,0.33038185,0.26463218,0.37696946,0.33032153,0.41957561
0.00862814,0.21227937,0.10455855,0.27771840,0.19086159,0.33048065,0.26287412,0.37712806,0.32819942,0.41992774
0.00854751,0.21228394,0.10432877,0.27772290,0.18966291,0.33047745,0.25992016,0.37701366,0.32399569,0.41962487
0.00839539,0.21222651,0.10306366,0.27761726,0.18745128,0.33028617,0.25796989,0.37671725,0.32390462,0.41931784
0.00845357,0.21236378,0.10222019,0.27768140,0.18450348,0.33011814,0.25217162,0.37618737,0.31592852,0.41832278
0.00841938,0.21238254,0.10199856,0.27781059,0.18483717,0.33025771,0.25355609,0.37604630,0.31762884,0.41755875
0.00860430,0.21238387,0.10369697,0.27815466,0.18782180,0.33138679,0.25810972,0.37854305,0.32496295,0.42198643
0.00847168,0.21247635,0.10322217,0.27821155,0.18705041,0.33140857,0.25576546,0.37858382,0.32040866,0.42199097
0.00846005,0.21239545,0.10353822,0.27805502,0.18742603,0.33119904,0.25405106,0.37828991,0.31410910,0.42142502
0.00851305,0.21241196,0.10403151,0.27813919,0.18897776,0.33150185,0.25845655,0.37919226,0.32236624,0.42341563
0.00849275,0.21243822,0.10347462,0.27829728,0.18851689,0.33171385,0.26012821,0.37932788,0.32733373,0.42347859
0.00843176,0.21256535,0.10337981,0.27853764,0.18770260,0.33212026,0.25801989,0.37987047,0.32431214,0.42406340
0.00841595,0.21251107,0.10340998,0.27848284,0.18819405,0.33202969,0.25895846,0.37955071,0.32508648,0.42320654
0.00834769,0.21251021,0.10310918,0.27873813,0.18892551,0.33258913,0.26179412,0.38040445,0.32954583,0.42424580
0.00846137,0.21253334,0.10330090,0.27880006,0.18811063,0.33262931,0.25836952,0.38019200,0.32242442,0.42345009
0.00847140,0.21255205,0.10330043,0.27907470,0.18805851,0.33331117,0.25805282,0.38129950,0.32217900,0.42493734
0.00842719,0.21249163,0.10226012,0.27907604,0.18613896,0.33340895,0.25693525,0.38155813,0.32355637,0.42552979
0.00842802,0.21245639,0.10279627,0.27913283,0.18699504,0.33338026,0.25706923,0.38108762,0.32167906,0.42423331
0.00843811,0.21243341,0.10342529,0.27916858,0.18801166,0.33357151,0.25826068,0.38168203,0.32410101,0.42558436
0.00831153,0.21246895,0.10222676,0.27922422,0.18540792,0.33384323,0.25449018,0.38248305,0.32089342,0.42725288
0.00829663,0.21232643,0.10299520,0.27894065,0.18798350,0.33359700,0.25894313,0.38252291,0.32598487,0.42778715
0.00841116,0.21225448,0.10279015,0.27878917,0.18704477,0.33326576,0.25751559,0.38178186,0.32456393,0.42641822
0.00845710,0.21209433,0.10268177,0.27865641,0.18739126,0.33313571,0.25906799,0.38164164,0.32618000,0.42616866
0.00822065,0.21200436,0.10148144,0.27865870,0.18531711,0.33324181,0.25636325,0.38175940,0.32254107,0.42610235
0.00810719,0.21191273,0.10026322,0.27846377,0.18337693,0.33289083,0.25405369,0.38118252,0.31937602,0.42520476
0.00796153,0.21179400,0.09979024,0.27818778,0.18415167,0.33251736,0.25736723,0.38086170,0.32550781,0.42513144
0.00789214,0.21171759,0.09915375,0.27816143,0.18373614,0.33266962,0.25796747,0.38114000,0.32712129,0.42538838
0.00778766,0.21169011,0.09866300,0.27805188,0.18362361,0.33245160,0.25735525,0.38070580,0.32468673,0.42447505
0.00770975,0.21171720,0.09820574,0.27816108,0.18369103,0.33275765,0.25777532,0.38132496,0.32508135,0.42546626
0.00775467,0.21162263,0.09768139,0.27810789,0.18174435,0.33266517,0.25513509,0.38132866,0.32419266,0.42586817
0.00764787,0.21153483,0.09670795,0.27810423,0.17924658,0.33280985,0.25184082,0.38182426,0.32197903,0.42698180
0.00762511,0.21166227,0.09653044,0.27826329,0.17774363,0.33278609,0.24738621,0.38114242,0.31350070,0.42504657
0.00762086,0.21155941,0.09624889,0.27806512,0.17692406,0.33254564,0.24442640,0.38105534,0.30772377,0.42525601
0.00774408,0.21151099,0.09560258,0.27812822,0.17424271,0.33286813,0.23874995,0.38170053,0.29925349,0.42621433
0.00766365,0.21159541,0.09528261,0.27839014,0.17313624,0.33337387,0.23377544,0.38251388,0.28482121,0.42729844
0.00764523,0.21176452,0.09570297,0.27843673,0.17462905,0.33329214,0.23664753,0.38225048,0.28879101,0.42679745
0.00770417,0.21172887,0.09589497,0.27844038,0.17511969,0.33317445,0.23826876,0.38176905,0.29185119,0.42581747
0.00771328,0.21193407,0.09587532,0.27861453,0.17492968,0.33326518,0.23760464,0.38189501,0.29050459,0.42622831
0.00755220,0.21189932,0.09531470,0.27843393,0.17510242,0.33287991,0.23956665,0.38107849,0.29383070,0.42457317
0.00744707,0.21198856,0.09510671,0.27846612,0.17492208,0.33274347,0.23756957,0.38088507,0.28762145,0.42458498
0.00750951,0.21199708,0.09547953,0.27849928,0.17449141,0.33284154,0.23601492,0.38107709,0.28693008,0.42485835
0.00734846,0.21188982,0.09441901,0.27841971,0.17262266,0.33294282,0.23162974,0.38138268,0.27630329,0.42528212
0.00725125,0.21190124,0.09405912,0.27854348,0.17277959,0.33352633,0.23453357,0.38302794,0.28774423,0.42858120
0.00736053,0.21185813,0.09418525,0.27857913,0.17108700,0.33370549,0.22924646,0.38357169,0.27727937,0.42988474
0.00744150,0.21179636,0.09482647,0.27847052,0.17367965,0.33342912,0.23458862,0.38304230,0.28565064,0.42916293
0.00741380,0.21172920,0.09427304,0.27850563,0.17421363,0.33376215,0.24276278,0.38385241,0.30903664,0.43057664
0.00745322,0.21170512,0.09407343,0.27856333,0.17393713,0.33414525,0.24249458,0.38491980,0.30837388,0.43262993
0.00736624,0.21165802,0.09413466,0.27869184,0.17649701,0.33467031,0.25052698,0.38601623,0.32219408,0.43434328
0.00738954,0.21156162,0.09394928,0.27845713,0.17517430,0.33415791,0.24817193,0.38506127,0.31923309,0.43274929
0.00740136,0.21160134,0.09441690,0.27855999,0.17659992,0.33439830,0.25131927,0.38554381,0.32494295,0.43364860
0.00718348,0.21177754,0.09318955,0.27875328,0.17710291,0.33461695,0.25756769,0.38591934,0.33666592,0.43453612
0.00723379,0.21177238,0.09363544,0.27876059,0.17894662,0.33471047,0.26244386,0.38647026,0.34502016,0.43629001
0.00728973,0.21179229,0.09355338,0.27900366,0.17541224,0.33530505,0.25647020,0.38739045,0.34022278,0.43732878
0.00716023,0.21196523,0.09298733,0.27931351,0.17732088,0.33596031,0.26430982,0.38922659,0.35313747,0.44181513
0.00720182,0.21212370,0.09359882,0.27977141,0.17857000,0.33712020,0.26850447,0.39206577,0.36167197,0.44763379
0.00716381,0.21224951,0.09341575,0.28001100,0.17842718,0.33754640,0.26953731,0.39311109,0.36481348,0.44993699
0.00733520,0.21222425,0.09335584,0.27998167,0.17667009,0.33765474,0.26840650,0.39383443,0.36624540,0.45185610
0.00735199,0.21213159,0.09277740,0.27991531,0.17463719,0.33773775,0.26543972,0.39374227,0.36254998,0.45083822
0.00733116,0.21218952,0.09248529,0.27988638,0.17297436,0.33752254,0.26355959,0.39323812,0.36099305,0.44995978
0.00731655,0.21218616,0.09279273,0.27984039,0.17291439,0.33721499,0.26047640,0.39188574,0.35462138,0.44642421
0.00734626,0.21215625,0.09338176,0.27969383,0.17240237,0.33660166,0.25562307,0.39012633,0.34637362,0.44273548
0.00732014,0.21223584,0.09422854,0.27980822,0.17583604,0.33679687,0.25791750,0.39041740,0.34515293,0.44297924
0.00733924,0.21219109,0.09494344,0.27966308,0.17810326,0.33613145,0.25753291,0.38834717,0.33750046,0.43831018
0.00729250,0.21220037,0.09541598,0.27982584,0.17848139,0.33661789,0.25588855,0.38941682,0.33390047,0.44004662
0.00721878,0.21206128,0.09449250,0.27971948,0.17647579,0.33625356,0.25001183,0.38820094,0.32101620,0.43729577
0.00745764,0.21212601,0.09611671,0.27973919,0.18027112,0.33614130,0.25772944,0.38773039,0.33276164,0.43626577
0.00748824,0.21216997,0.09635744,0.27965412,0.18051956,0.33586915,0.25677398,0.38704500,0.32998923,0.43478372
0.00752610,0.21216730,0.09582093,0.27964802,0.18061644,0.33591656,0.25845487,0.38715092,0.33241557,0.43481189
0.00761537,0.21201455,0.09700060,0.27956929,0.18365066,0.33586807,0.26354927,0.38704019,0.33830262,0.43462336
0.00762608,0.21201447,0.09700247,0.27967085,0.18520316,0.33588804,0.26726901,0.38665069,0.34274964,0.43365099
0.00750644,0.21191862,0.09655153,0.27954751,0.18557590,0.33576052,0.26807636,0.38646476,0.34255438,0.43324316
0.00759135,0.21195409,0.09657594,0.27972118,0.18513978,0.33591251,0.26672433,0.38629985,0.34032040,0.43244272
0.00749824,0.21196284,0.09634593,0.27977809,0.18504484,0.33586198,0.26600097,0.38581858,0.33837813,0.43120095
0.00744507,0.21183270,0.09482103,0.27976082,0.18090285,0.33598337,0.26059750,0.38618831,0.33401283,0.43195737
0.00740967,0.21195323,0.09503566,0.27983414,0.18224869,0.33592469,0.26325699,0.38589494,0.33717687,0.43142226
0.00739037,0.21174215,0.09436288,0.27951737,0.17953577,0.33540192,0.25740128,0.38498794,0.32949630,0.43001697
0.00722678,0.21165974,0.09284733,0.27933128,0.17678669,0.33486269,0.25289778,0.38386393,0.32323342,0.42815513
0.00719358,0.21163545,0.09377145,0.27918543,0.17866447,0.33445673,0.25273013,0.38307241,0.31962531,0.42684857
0.00718634,0.21150607,0.09368943,0.27901828,0.17726930,0.33408643,0.24770657,0.38214436,0.30908740,0.42489270
0.00710064,0.21144797,0.09255066,0.27897257,0.17393457,0.33405010,0.24194089,0.38209045,0.30046407,0.42466011
0.00704494,0.21131976,0.09201118,0.27874789,0.17356863,0.33369754,0.24141842,0.38165843,0.29825313,0.42426582
0.00685196,0.21131064,0.09084882,0.27877279,0.17197695,0.33374852,0.24063316,0.38167025,0.30000578,0.42411835
0.00685771,0.21118526,0.09089276,0.27869184,0.17414035,0.33382775,0.24682308,0.38204543,0.31023647,0.42488503
0.00692234,0.21112560,0.09125715,0.27857489,0.17390817,0.33374804,0.24570006,0.38219762,0.30897638,0.42547554
0.00708422,0.21106296,0.09226136,0.27852184,0.17688620,0.33365651,0.25017197,0.38193491,0.31315548,0.42492531
0.00718271,0.21092649,0.09223159,0.27819945,0.17729920,0.33288446,0.25250423,0.38060069,0.31779804,0.42308360
0.00706554,0.21070400,0.09178554,0.27782208,0.17763451,0.33230140,0.25379380,0.37979072,0.31960295,0.42212764
0.00707909,0.21061612,0.09168447,0.27773210,0.17706881,0.33211824,0.25189039,0.37930899,0.31579675,0.42109594
0.00727285,0.21059265,0.09158959,0.27771397,0.17347887,0.33196293,0.24316168,0.37890669,0.30168322,0.42039795
0.00731401,0.21078591,0.09277278,0.27809035,0.17663694,0.33270653,0.25052583,0.38003385,0.31500982,0.42178898
0.00722873,0.21088083,0.09196272,0.27815459,0.17583127,0.33275488,0.25164611,0.38022956,0.31953163,0.42235129
0.00721054,0.21086069,0.09184206,0.27790571,0.17421001,0.33199498,0.24707302,0.37868873,0.31227715,0.41988420
0.00720999,0.21078095,0.09026979,0.27792274,0.17037221,0.33230064,0.24254101,0.37950995,0.30907475,0.42140799
0.00715167,0.21086343,0.08887253,0.27808715,0.16680514,0.33249430,0.23649552,0.37956869,0.30096592,0.42115777
0.00719710,0.21077629,0.08775445,0.27799836,0.16313746,0.33250818,0.22766780,0.37977013,0.28624379,0.42158596
0.00710577,0.21074548,0.08693381,0.27788685,0.16205694,0.33231175,0.22812111,0.37962340,0.29042576,0.42168468
0.00706946,0.21074304,0.08619889,0.27773878,0.16215268,0.33191549,0.23146468,0.37894656,0.29757471,0.42077421
0.00713195,0.21074173,0.08487685,0.27767140,0.15685584,0.33170255,0.22119077,0.37835370,0.28372489,0.41950985
0.00720713,0.21079981,0.08601490,0.27764838,0.16067004,0.33142048,0.22635032,0.37761366,0.28626906,0.41819237
0.00716656,0.21075958,0.08713747,0.27766315,0.16245035,0.33143435,0.22527660,0.37757879,0.27987238,0.41811252
0.00714382,0.21078379,0.08751194,0.27765050,0.16326570,0.33144091,0.22737653,0.37757931,0.28494020,0.41807198
0.00710036,0.21084362,0.08746681,0.27781591,0.16395503,0.33169304,0.22981349,0.37789678,0.28849768,0.41845696
0.00693474,0.21087127,0.08784217,0.27783365,0.16429925,0.33167435,0.22730539,0.37771687,0.27947278,0.41797769
0.00695527,0.21084928,0.08698742,0.27781238,0.16180156,0.33166890,0.22171515,0.37775392,0.26929670,0.41812413
0.00698305,0.21086013,0.08779849,0.27783117,0.16320384,0.33153292,0.22024535,0.37733494,0.25318920,0.41732801
0.00685391,0.21079635,0.08843180,0.27787221,0.16528880,0.33166055,0.22553681,0.37752133,0.26804829,0.41755343
0.00681045,0.21069156,0.08742088,0.27793214,0.16151600,0.33202171,0.21530851,0.37822934,0.23127118,0.41853904
0.00677875,0.21082479,0.08813523,0.27798854,0.16118762,0.33187962,0.20633681,0.37776253,-0.24464015,0.41755090
0.00667346,0.21093323,0.08883496,0.27803144,0.16720144,0.33179141,0.22759710,0.37742635,0.26758564,0.41687139
0.00664533,0.21106477,0.08972824,0.27829475,0.17015394,0.33213161,0.23316979,0.37775184,0.27708950,0.41716499
0.00666871,0.21097407,0.09008850,0.27825266,0.17113611,0.33226487,0.23724545,0.37819145,0.28909022,0.41803497
0.00668808,0.21094871,0.08975522,0.27813807,0.16958120,0.33202701,0.23246484,0.37788947,0.27675101,0.41782171
0.00671242,0.21114462,0.08987417,0.27830096,0.17090480,0.33206359,0.23622151,0.37770818,0.28517181,0.41735192
0.00672536,0.21122806,0.09008416,0.27838766,0.17087674,0.33215050,0.23409172,0.37788666,0.27527870,0.41777921
0.00673481,0.21122424,0.09045608,0.27843426,0.17139692,0.33216024,0.23403984,0.37762678,0.27349146,0.41695203
0.00679495,0.21119007,0.09089348,0.27834889,0.17180247,0.33194892,0.23471203,0.37719783,0.27771937,0.41624350
0.00673700,0.21100901,0.09012846,0.27815402,0.17185530,0.33174421,0.23879001,0.37689395,0.29135222,0.41570937
0.00669140,0.21104105,0.08988674,0.27812464,0.17193425,0.33158019,0.23906551,0.37656054,0.29088370,0.41522134
0.00681409,0.21106386,0.09150460,0.27841298,0.17442192,0.33236642,0.24123013,0.37806811,0.29148772,0.41766010
0.00714931,0.21127136,0.09305493,0.27852022,0.17648657,0.33232386,0.24441796,0.37776664,0.29783521,0.41694007
0.00725403,0.21131966,0.09371339,0.27864775,0.17689812,0.33261578,0.24417409,0.37827609,0.29661872,0.41764065
0.00733067,0.21140600,0.09418444,0.27893571,0.17800038,0.33303391,0.24666020,0.37874836,0.30175252,0.41808591
0.00726125,0.21135770,0.09414074,0.27886939,0.17757794,0.33312573,0.24566316,0.37912328,0.30059394,0.41879914
0.00736396,0.21127879,0.09442433,0.27868707,0.17775141,0.33289879,0.24720276,0.37899058,0.30558969,0.41892821
0.00748926,0.21126168,0.09564475,0.27865601,0.17977132,0.33284800,0.25102806,0.37891396,0.31242567,0.41883601
0.00750406,0.21123786,0.09538993,0.27871552,0.17655151,0.33299839,0.24333168,0.37920508,0.30034522,0.41926548
0.00743272,0.21133788,0.09526470,0.27886948,0.17583098,0.33309252,0.24158468,0.37907469,0.29780513,0.41877290
0.00750084,0.21142006,0.09503074,0.27896861,0.17311111,0.33318307,0.23548534,0.37911154,0.28867897,0.41875423
0.00743229,0.21128793,0.09368876,0.27898463,0.17142950,0.33328747,0.23449508,0.37926114,0.28792388,0.41893949
0.00740228,0.21130748,0.09298021,0.27905402,0.16813251,0.33358476,0.22587494,0.37992707,0.26851260,0.41998789
0.00756960,0.21135508,0.09317795,0.27927715,0.16709717,0.33410213,0.22434089,0.38079925,0.27081544,0.42123594
0.00751524,0.21138546,0.09384106,0.27920779,0.16958876,0.33381464,0.23012026,0.38030510,0.28288121,0.42062277
0.00750718,0.21131595,0.09523149,0.27900830,0.17335569,0.33345610,0.23629743,0.37975508,0.29106868,0.41989152
0.00741677,0.21129162,0.09512501,0.27899412,0.17329527,0.33359436,0.23542342,0.38021843,0.28879797,0.42078519
0.00752190,0.21142335,0.09609859,0.27925633,0.17547096,0.33412950,0.23915135,0.38111616,0.29364398,0.42201857
0.00754179,0.21124570,0.09693154,0.27892552,0.17708345,0.33359419,0.24069530,0.38030415,0.29488933,0.42089020
0.00755830,0.21123681,0.09707678,0.27901858,0.17722150,0.33396643,0.24162011,0.38121194,0.29916709,0.42254285
0.00738533,0.21115705,0.09598340,0.27897001,0.17527050,0.33396884,0.23760237,0.38121024,0.29063299,0.42247821
0.00725642,0.21130529,0.09641242,0.27923794,0.17825485,0.33428470,0.24590796,0.38134478,0.30580869,0.42217384
0.00718208,0.21132374,0.09546749,0.27917667,0.17716900,0.33398799,0.24443439,0.38061712,0.30330961,0.42094507
0.00723498,0.21144345,0.09559830,0.27922938,0.17622505,0.33383081,0.24121748,0.38021437,0.29752531,0.42031902
0.00721831,0.21151442,0.09553865,0.27918385,0.17306640,0.33360023,0.23046932,0.37980416,0.27361308,0.41974769
0.00713321,0.21150462,0.09449710,0.27929056,0.16926087,0.33394609,0.22140666,0.38047475,0.25399227,0.42075363
0.00726357,0.21130049,0.09563287,0.27904857,0.17318381,0.33385081,0.23448874,0.38073872,0.29001844,0.42157539
0.00736650,0.21128379,0.09711616,0.27911418,0.17692304,0.33390965,0.23887381,0.38063436,0.29128990,0.42112919
0.00739764,0.21129708,0.09795792,0.27908529,0.17982774,0.33365608,0.24526163,0.37994551,0.30116297,0.41983070
0.00745254,0.21143987,0.09787720,0.27945392,0.18020862,0.33425644,0.24533251,0.38078627,0.29954714,0.42090037
0.00750734,0.21150718,0.09879291,0.27965904,0.18212789,0.33453171,0.24672524,0.38105948,0.29850644,0.42118099
0.00740088,0.21136899,0.09776517,0.27963926,0.18149334,0.33475837,0.24790533,0.38153655,0.30218964,0.42182888
0.00738439,0.21129401,0.09744423,0.27964073,0.18157351,0.33481671,0.25042400,0.38162750,0.30933436,0.42193672
0.00730490,0.21154726,0.09560845,0.27991792,0.17881496,0.33483576,0.24764730,0.38111005,0.30674908,0.42071995
0.00731273,0.21143080,0.09670301,0.27992873,0.18220302,0.33505979,0.25432678,0.38168825,0.31721750,0.42179642
0.00715685,0.21158306,0.09499328,0.28004114,0.17860599,0.33513017,0.24918270,0.38179076,0.31164606,0.42201234
0.00723657,0.21150755,0.09552919,0.27985700,0.17918362,0.33463262,0.24911064,0.38084507,0.31053225,0.42055556
0.00718630,0.21172125,0.09447487,0.28005588,0.17791596,0.33489766,0.25011126,0.38137069,0.31534291,0.42158931
0.00709311,0.21174662,0.09228546,0.28008306,0.17214628,0.33490983,0.24201228,0.38127352,0.30750949,0.42126027
0.00706528,0.21174420,0.09238999,0.28010476,0.17312976,0.33509769,0.24379757,0.38172369,0.30903566,0.42194534
0.00706551,0.21181515,0.09203116,0.28029161,0.17261449,0.33535632,0.24285840,0.38197290,0.30757427,0.42206806
0.00710658,0.21188265,0.09077865,0.28031575,0.16999672,0.33530408,0.23858849,0.38182518,0.30165975,0.42180312
0.00708229,0.21192579,0.09162098,0.28034742,0.17280814,0.33529099,0.24239544,0.38170229,0.30424833,0.42152802
0.00697678,0.21178263,0.09045938,0.28004083,0.17064950,0.33467471,0.24201069,0.38072097,0.30753469,0.42021873
0.00693417,0.21172823,0.08931373,0.27995721,0.17145298,0.33456168,0.24720360,0.38056209,0.31568382,0.41999461
0.00681321,0.21183461,0.08761490,0.27987112,0.16829023,0.33443026,0.24352268,0.38060000,0.31242817,0.42039164
0.00692750,0.21187057,0.08821667,0.28020038,0.17144140,0.33523063,0.24969278,0.38190244,0.32018967,0.42218019
0.00706344,0.21192129,0.08859029,0.28040654,0.17075885,0.33569829,0.24770293,0.38267747,0.31787975,0.42325936
0.00719460,0.21198501,0.08895003,0.28045242,0.17037416,0.33569636,0.24679355,0.38282348,0.31805513,0.42389664
0.00739652,0.21202005,0.09033354,0.28056913,0.17331132,0.33595541,0.25139085,0.38323551,0.32324637,0.42448879
0.00731562,0.21184276,0.08913755,0.28028852,0.17071273,0.33538891,0.24750797,0.38224058,0.31875524,0.42298381
0.00738026,0.21202735,0.09037487,0.28049003,0.17275012,0.33548336,0.24742748,0.38198849,0.31531793,0.42212008
0.00742264,0.21214942,0.08940084,0.28062212,0.16923545,0.33567829,0.24132796,0.38221081,0.30816767,0.42223620
0.00745684,0.21213071,0.09005583,0.28052202,0.16951981,0.33544194,0.24053164,0.38178690,0.30698224,0.42160609
0.00753905,0.21202100,0.09069337,0.28059936,0.17281273,0.33574421,0.24560230,0.38223439,0.31093369,0.42205159
0.00758026,0.21192228,0.09117987,0.28057540,0.17500105,0.33599097,0.25031287,0.38286727,0.31733480,0.42310486
0.00751675,0.21190033,0.09067532,0.28057809,0.17354447,0.33588432,0.24832794,0.38242514,0.31482120,0.42210571
0.00751958,0.21181418,0.09086177,0.28037368,0.17398535,0.33558310,0.24929094,0.38207805,0.31560146,0.42172209
0.00777379,0.21192532,0.09226720,0.28056800,0.17630255,0.33611070,0.25179321,0.38307216,0.31742769,0.42317733
0.00776558,0.21198115,0.09277621,0.28054632,0.17599977,0.33599439,0.24926514,0.38282439,0.31224230,0.42274706
0.00783667,0.21186394,0.09264703,0.28050283,0.17521442,0.33598945,0.24808633,0.38290445,0.31175140,0.42304048
0.00789458,0.21182060,0.09425072,0.28038957,0.17880739,0.33574782,0.25321853,0.38255617,0.31784861,0.42265125
0.00773591,0.21179849,0.09229541,0.28037674,0.17561797,0.33579827,0.25211346,0.38267988,0.32013770,0.42280621
0.00758043,0.21180685,0.09170861,0.28041727,0.17421703,0.33576057,0.24848430,0.38235680,0.31404691,0.42202445
0.00748737,0.21185664,0.09272411,0.28040127,0.17934793,0.33566076,0.25714318,0.38226335,0.32429687,0.42215002
0.00760864,0.21190297,0.09203816,0.28027824,0.17577213,0.33547400,0.25201005,0.38214190,0.31968124,0.42215094
0.00743008,0.21194327,0.09090655,0.28047431,0.17367185,0.33608387,0.24968652,0.38340377,0.31804946,0.42426004
0.00754360,0.21185016,0.09002936,0.28033791,0.17130481,0.33583431,0.24753722,0.38314399,0.31766301,0.42422141
0.00770915,0.21197447,0.09087830,0.28051875,0.17106050,0.33597172,0.24498706,0.38303686,0.31311018,0.42367812
0.00775150,0.21195630,0.09190907,0.28037011,0.17349333,0.33566642,0.24636886,0.38247510,0.31141365,0.42272102
0.00775600,0.21193369,0.09215457,0.28035379,0.17364733,0.33570629,0.24577853,0.38258178,0.30965989,0.42286405
0.00763834,0.21196290,0.09201332,0.28041244,0.17347042,0.33577667,0.24592769,0.38264599,0.31061174,0.42293088
0.00757559,0.21199159,0.09053201,0.28053945,0.17135977,0.33602446,0.24447780,0.38306676,0.31014649,0.42360803
0.00752119,0.21211816,0.09021209,0.28070140,0.17085641,0.33614726,0.24453091,0.38306002,0.31033055,0.42340688
0.00753947,0.21217224,0.09086678,0.28087126,0.17334719,0.33644222,0.24815961,0.38343969,0.31394254,0.42383531
0.00747828,0.21193877,0.09006976,0.28040315,0.17448258,0.33576723,0.25173550,0.38247281,0.31847988,0.42242342
0.00759059,0.21192791,0.09035656,0.28022069,0.17424843,0.33523686,0.25092496,0.38146911,0.31713605,0.42083693
0.00763394,0.21193582,0.09057482,0.28025227,0.17411751,0.33535357,0.25004107,0.38167492,0.31569982,0.42109694
0.00748330,0.21196724,0.08995778,0.28024409,0.17452091,0.33547449,0.25228671,0.38210036,0.31948198,0.42196713
0.00757542,0.21200023,0.09116625,0.28029755,0.17649966,0.33555967,0.25349228,0.38215813,0.31902533,0.42188730
0.00775647,0.21206002,0.09167684,0.28045354,0.17533320,0.33587010,0.25012819,0.38254931,0.31401729,0.42225688
0.00773050,0.21209274,0.09117414,0.28046854,0.17358898,0.33588478,0.24686530,0.38247528,0.31015481,0.42197307
0.00776583,0.21210077,0.08952739,0.28041129,0.17085805,0.33585431,0.24540350,0.38267380,0.31149951,0.42259119
0.00777399,0.21210120,0.09002235,0.28061563,0.17282901,0.33608612,0.24896212,0.38272400,0.31546504,0.42233828
0.00762082,0.21224315,0.08995371,0.28072045,0.17437294,0.33624606,0.25194689,0.38308150,0.31885634,0.42308712
0.00761523,0.21231943,0.08892333,0.28102429,0.17212235,0.33690020,0.24905835,0.38413956,0.31515003,0.42459167
0.00766686,0.21216759,0.08921132,0.28072517,0.17182063,0.33632610,0.24762747,0.38321334,0.31283016,0.42327350
0.00778163,0.21205112,0.08941253,0.28039708,0.17059118,0.33574511,0.24377095,0.38242175,0.30628659,0.42236405
0.00781297,0.21195617,0.08965599,0.28033756,0.17063051,0.33573144,0.24294355,0.38252080,0.30370781,0.42268777
0.00764284,0.21197075,0.08800618,0.28034747,0.16765429,0.33562910,0.23983444,0.38227437,0.30154053,0.42229307
0.00757206,0.21206064,0.08747968,0.28048765,0.16490814,0.33586987,0.23394474,0.38268356,0.29271877,0.42292615
0.00750388,0.21195921,0.08737588,0.28037779,0.16492165,0.33566034,0.23448593,0.38228165,0.29519293,0.42223010
0.00759363,0.21180543,0.08794975,0.28013064,0.16558185,0.33515413,0.23480738,0.38128886,0.29519018,0.42060677
0.00759888,0.21176915,0.08827310,0.27996865,0.16645708,0.33493535,0.23702939,0.38104943,0.30008829,0.42040684
0.00741728,0.21171428,0.08708618,0.27998718,0.16244838,0.33496693,0.22887448,0.38099828,0.28923465,0.42013222
0.00745337,0.21172710,0.08740566,0.28006253,0.16195576,0.33525076,0.22490095,0.38171509,0.27940711,0.42148973
0.00745275,0.21180122,0.08736980,0.28014587,0.16257455,0.33522613,0.22771344,0.38143979,0.28571969,0.42089320
0.00748787,0.21176275,0.08725561,0.28020110,0.16109293,0.33555921,0.22683486,0.38212579,0.28765812,0.42192602
0.00749341,0.21182673,0.08753856,0.28033695,0.16234295,0.33571704,0.22844299,0.38236622,0.28829207,0.42231263
0.00754108,0.21185289,0.08779249,0.28033932,0.16096941,0.33563026,0.22332667,0.38215991,0.27905688,0.42198476
0.00765879,0.21178707,0.08899272,0.28041270,0.16265900,0.33596226,0.22472323,0.38291799,0.28056993,0.42334108
0.00763168,0.21194572,0.08843302,0.28070602,0.16085119,0.33650820,0.21907017,0.38382835,0.26595850,0.42468360
0.00742698,0.21201274,0.08656929,0.28081894,0.15763315,0.33688276,0.21395422,0.38476033,0.25731652,0.42646808
0.00736275,0.21193759,0.08615315,0.28083410,0.15550713,0.33697626,0.20252998,0.38493419,-0.21836870,0.42679168
0.00730675,0.21186741,0.08638330,0.28062651,0.15513481,0.33654936,0.19590939,0.38419426,-0.24960103,0.42567094
0.00738805,0.21171822,0.08637374,0.28045808,0.15111503,0.33632529,-0.14855123,0.38400680,-0.29342594,0.42581885
0.00747553,0.21175353,0.08729235,0.28051399,0.15346668,0.33656110,-0.16329055,0.38464320,-0.30199261,0.42712669
0.00755474,0.21160907,0.08917074,0.28034976,0.16171354,0.33629492,0.20047354,0.38414096,-0.27802681,0.42616251
0.00758660,0.21159126,0.08949905,0.28034996,0.16336111,0.33631190,0.20805699,0.38410992,-0.26696626,0.42589048
0.00757750,0.21171606,0.09005832,0.28049069,0.16499074,0.33640121,0.21066384,0.38422878,-0.26928474,0.42619278
0.00764882,0.21159161,0.09033466,0.28007020,0.16623767,0.33555426,0.21701639,0.38284995,-0.25078411,0.42422568
0.00765391,0.21180931,0.09069796,0.28028868,0.16755307,0.33576511,0.22181875,0.38298350,-0.21114812,0.42410788
0.00778209,0.21185006,0.09192960,0.28020204,0.16924521,0.33541584,0.22472512,0.38223327,0.20757750,0.42282038
0.00767896,0.21184396,0.09112861,0.28012191,0.16898171,0.33525045,0.22767418,0.38188474,0.25735344,0.42213047
0.00775363,0.21193497,0.09168466,0.28020100,0.17047162,0.33539332,0.23144179,0.38215651,0.26868905,0.42257976
0.00774023,0.21182424,0.08979130,0.28007275,0.16330250,0.33516843,0.20972972,0.38180773,-0.25368583,0.42215141
0.00781373,0.21188584,0.09076244,0.28023195,0.16825038,0.33551126,0.22725317,0.38231207,0.26142291,0.42271382
0.00776668,0.21181607,0.09030043,0.28016373,0.16578436,0.33540562,0.22048662,0.38208767,0.24245264,0.42222158
0.00785544,0.21193326,0.09062189,0.28031918,0.16482322,0.33556740,0.21373623,0.38223412,-0.21962011,0.42236135
0.00778204,0.21175655,0.08967736,0.28012555,0.16149255,0.33538332,0.19985893,0.38210140,-0.26400664,0.42235023
0.00771234,0.21183685,0.08969193,0.28009828,0.16183834,0.33527356,0.19427539,0.38199642,-0.27801734,0.42241777
0.00777457,0.21177246,0.09056289,0.27998915,0.16325391,0.33509319,0.19674232,0.38166848,-0.27882302,0.42184426
0.00781322,0.21162280,0.09069128,0.27979739,0.16486380,0.33489545,0.21011458,0.38147009,-0.24925701,0.42156578
0.00773821,0.21153873,0.09040222,0.27971638,0.16246026,0.33479438,0.19434243,0.38131279,-0.27666955,0.42134169
0.00785944,0.21166562,0.09152332,0.27990659,0.16348382,0.33496293,0.19671643,0.38141109,-0.27130524,0.42134322
0.00771078,0.21152542,0.09133904,0.27972299,0.16536034,0.33474206,0.20866718,0.38121638,-0.24995871,0.42120509
0.00756312,0.21152810,0.09081048,0.27966861,0.16511102,0.33459385,0.21312316,0.38110560,-0.18110395,0.42131053
0.00768288,0.21164154,0.09068270,0.27970264,0.16326243,0.33449473,0.20523117,0.38080756,-0.24625104,0.42071069
0.00767831,0.21169745,0.09123536,0.27977501,0.16633817,0.33454905,0.21948593,0.38075948,0.24974214,0.42048887
0.00768640,0.21174369,0.09234145,0.27968921,0.16984236,0.33437362,0.22817795,0.38060835,0.27099818,0.42044278
0.00751460,0.21172628,0.09114450,0.27961701,0.16713608,0.33431705,0.22316464,0.38069083,0.25999839,0.42079903
0.00753331,0.21186501,0.09155407,0.27982481,0.16702285,0.33451227,0.21908919,0.38072722,0.23267653,0.42059184
0.00756994,0.21179011,0.09260201,0.27952893,0.17048324,0.33399744,0.22844569,0.37991944,0.27024526,0.41938932
0.00763397,0.21173847,0.09238506,0.27941183,0.16982481,0.33377828,0.22819587,0.37953369,0.27065545,0.41875706
0.00761820,0.21163219,0.09233770,0.27915438,0.16951845,0.33318921,0.22566297,0.37854743,0.25954980,0.41739261
0.00764863,0.21170307,0.09283753,0.27930105,0.16884203,0.33345196,0.21903744,0.37898922,0.16530068,0.41816822
0.00758706,0.21157079,0.09303625,0.27909685,0.16966785,0.33321042,0.22134905,0.37880126,0.21273385,0.41816839
0.00765139,0.21155368,0.09393112,0.27916753,0.17255130,0.33333541,0.22964086,0.37891265,0.26393051,0.41813859
0.00764154,0.21143714,0.09429025,0.27904386,0.17404841,0.33331956,0.23320439,0.37906846,0.27202039,0.41854647
0.00770103,0.21148938,0.09422884,0.27926451,0.17218138,0.33377092,0.22758472,0.37975726,0.25517998,0.41938683
0.00772524,0.21156144,0.09490252,0.27943410,0.17353417,0.33391179,0.22918656,0.37974994,0.25873139,0.41911851
0.00767486,0.21164635,0.09542547,0.27970195,0.17549301,0.33453304,0.23322489,0.38089853,0.26967440,0.42091782
0.00775342,0.21159494,0.09566673,0.27970757,0.17511742,0.33460726,0.23253854,0.38103380,0.27161440,0.42108677
0.00781018,0.21177523,0.09617141,0.27984243,0.17566617,0.33474964,0.23322350,0.38128342,0.27352712,0.42157344
0.00780496,0.21170826,0.09669615,0.27967930,0.17677742,0.33457144,0.23400660,0.38123537,0.26786340,0.42182579
0.00775438,0.21173901,0.09605696,0.27978514,0.17481733,0.33467507,0.22887825,0.38115576,0.24611728,0.42138524
0.00788875,0.21181355,0.09656528,0.27993054,0.17558262,0.33478795,0.23048980,0.38117362,0.25234926,0.42124811
0.00789169,0.21199588,0.09694891,0.28032833,0.17685410,0.33550329,0.23271555,0.38225593,0.25582198,0.42267974
0.00783487,0.21224924,0.09794776,0.28087979,0.18137503,0.33647642,0.24332822,0.38377051,0.28411873,0.42479834
0.00773921,0.21243105,0.09723075,0.28097657,0.18180761,0.33634987,0.24751399,0.38329228,0.29659366,0.42386164
0.00763596,0.21236246,0.09699990,0.28094935,0.18310776,0.33646040,0.25194241,0.38359159,0.30663903,0.42428897
0.00751671,0.21233456,0.09634532,0.28091498,0.18113625,0.33655901,0.24817585,0.38399049,0.30134274,0.42513951
0.00766975,0.21235360,0.09687507,0.28101429,0.18041759,0.33684683,0.24370072,0.38456090,0.28789347,0.42604256
0.00761468,0.21247881,0.09633500,0.28111515,0.17791524,0.33683193,0.23867530,0.38446743,0.27963743,0.42597335
0.00762374,0.21243582,0.09689896,0.28118843,0.17858706,0.33686719,0.23920233,0.38422786,0.28098937,0.42528558
0.00768861,0.21257942,0.09740405,0.28163116,0.17835497,0.33785786,0.23748408,0.38588569,0.27562383,0.42762115
0.00778791,0.21262483,0.09806978,0.28160784,0.17914788,0.33795874,0.23926980,0.38634340,0.28209168,0.42856900
0.00778685,0.21258316,0.09757358,0.28169859,0.17792130,0.33827676,0.23859908,0.38685407,0.28412292,0.42913034
0.00783250,0.21236873,0.09834270,0.28134187,0.17927908,0.33771142,0.24118261,0.38602196,0.28985867,0.42795274
0.00770620,0.21234573,0.09843342,0.28130912,0.18057733,0.33758571,0.24399137,0.38571199,0.29401621,0.42747058
0.00783277,0.21234493,0.09944270,0.28158380,0.18271619,0.33826508,0.24794136,0.38692979,0.30124429,0.42935381
0.00788098,0.21238052,0.10062317,0.28157199,0.18617130,0.33818876,0.25491437,0.38668221,0.31372547,0.42883363
0.00770119,0.21235174,0.09942193,0.28144537,0.18609890,0.33798162,0.25833456,0.38659748,0.32223655,0.42915975
0.00761426,0.21240088,0.09913928,0.28149940,0.18554023,0.33790341,0.25631181,0.38616476,0.31724948,0.42811374
0.00768385,0.21245485,0.09962766,0.28147012,0.18663051,0.33773277,0.25780582,0.38583284,0.31878080,0.42764850
0.00761828,0.21247514,0.09984496,0.28153119,0.18744724,0.33785702,0.26012013,0.38604930,0.32341178,0.42796103
0.00757278,0.21245837,0.09831204,0.28145402,0.18314943,0.33759488,0.25409834,0.38550223,0.31772254,0.42704623
0.00753936,0.21267265,0.09851081,0.28168941,0.18366073,0.33790703,0.25528050,0.38599134,0.31970370,0.42776415
0.00750846,0.21260842,0.09771793,0.28164487,0.18017836,0.33774417,0.24821044,0.38556155,0.31017631,0.42692583
0.00744926,0.21260538,0.09764386,0.28166081,0.17982751,0.33778734,0.24673453,0.38551957,0.30711229,0.42666394
0.00757269,0.21260456,0.09755299,0.28167561,0.17759938,0.33787666,0.24199364,0.38572645,0.30084661,0.42700311
0.00754397,0.21259621,0.09715003,0.28155849,0.17683156,0.33757560,0.23960063,0.38515056,0.29592058,0.42611865
0.00743233,0.21286281,0.09651132,0.28200817,0.17761700,0.33817444,0.24296644,0.38590916,0.30174547,0.42703248
0.00747212,0.21297172,0.09615743,0.28227494,0.17573581,0.33873005,0.23843219,0.38687377,0.29473516,0.42846330
0.00741067,0.21317469,0.09474057,0.28268042,0.17232842,0.33945604,0.23276580,0.38794385,0.28727825,0.42982870
0.00740259,0.21320050,0.09474491,0.28274927,0.17364702,0.33943275,0.23683589,0.38764718,0.29309521,0.42909193
0.00745621,0.21345168,0.09461912,0.28302373,0.17260312,0.33973172,0.23282818,0.38807802,0.28329746,0.42979530
0.00752571,0.21338910,0.09552105,0.28303760,0.17412205,0.33997662,0.23584859,0.38879368,0.29112422,0.43128086
0.00747929,0.21331643,0.09506282,0.28281979,0.17324856,0.33945660,0.23236331,0.38778868,0.28195724,0.42959755
0.00742774,0.21329646,0.09366697,0.28300809,0.17116842,0.34000801,0.23350200,0.38890050,0.29330708,0.43144484
0.00746514,0.21330834,0.09481586,0.28308394,0.17485908,0.34011337,0.24128055,0.38905854,0.30424226,0.43177611
0.00763069,0.21330094,0.09589752,0.28298523,0.17657524,0.33975291,0.24362937,0.38833840,0.30599196,0.43067969
0.00766210,0.21322193,0.09657568,0.28284919,0.17790854,0.33954169,0.24642267,0.38805982,0.31164169,0.43044245
0.00769860,0.21313736,0.09625261,0.28275320,0.17684224,0.33932677,0.24393002,0.38757112,0.30676777,0.42951794
0.00763827,0.21294207,0.09614040,0.28243527,0.17636588,0.33871348,0.24318147,0.38644843,0.30570993,0.42768327
0.00750958,0.21288089,0.09674138,0.28227419,0.17834840,0.33849832,0.24599551,0.38632870,0.30850593,0.42781847
0.00744080,0.21288050,0.09692170,0.28233183,0.17814287,0.33876610,0.24406346,0.38702529,0.30481867,0.42909891
0.00736542,0.21288795,0.09835251,0.28230746,0.18230718,0.33866072,0.24920330,0.38671121,0.30741600,0.42840071
0.00721178,0.21282303,0.09713646,0.28234852,0.17944785,0.33881818,0.24399089,0.38710043,0.30058690,0.42916039
0.00721537,0.21283269,0.09613265,0.28237663,0.17722731,0.33875853,0.24128296,0.38679501,0.29726553,0.42837639
0.00714105,0.21275321,0.09669751,0.28231499,0.17879998,0.33899967,0.24443303,0.38769087,0.30440296,0.43025331
0.00711660,0.21274754,0.09638859,0.28243825,0.17876728,0.33922218,0.24360677,0.38787977,0.30022213,0.43022261
0.00724942,0.21273144,0.09724623,0.28234978,0.18113749,0.33906386,0.24751142,0.38764227,0.30494740,0.42986770
0.00696797,0.21287362,0.09613593,0.28262654,0.18099036,0.33951932,0.24902108,0.38835504,0.30777803,0.43086809
0.00679867,0.21275736,0.09500813,0.28233555,0.17918383,0.33904723,0.24640693,0.38772775,0.30498859,0.43014947
0.00665206,0.21283682,0.09410416,0.28238135,0.17730273,0.33913003,0.24286118,0.38795326,0.30015888,0.43060411
0.00663701,0.21283741,0.09361145,0.28236462,0.17580384,0.33930123,0.23826793,0.38853478,0.28881704,0.43163732
0.00664702,0.21272389,0.09358622,0.28233474,0.17437510,0.33959716,0.23369827,0.38929752,0.27686859,0.43281183
0.00674965,0.21281912,0.09561153,0.28240291,0.17969501,0.33956766,0.24430163,0.38908170,0.29585350,0.43238928
0.00665598,0.21270977,0.09468671,0.28203624,0.17710511,0.33891102,0.23895822,0.38817869,0.28739701,0.43134101
0.00673589,0.21276149,0.09539021,0.28215358,0.17854278,0.33910148,0.24377339,0.38853415,0.29958185,0.43197163
0.00669195,0.21269007,0.09483698,0.28209337,0.17921684,0.33901623,0.24895262,0.38835780,0.31143234,0.43165453
0.00665853,0.21279836,0.09556051,0.28231015,0.17998434,0.33930466,0.25061494,0.38874217,0.31519926,0.43217445
0.00647055,0.21283030,0.09327364,0.28231208,0.17596683,0.33925204,0.24591777,0.38871014,0.31175704,0.43230736
0.00623074,0.21287055,0.09216551,0.28242835,0.17634197,0.33937498,0.24840813,0.38884217,0.31414238,0.43251162
0.00618449,0.21280878,0.09153210,0.28244610,0.17512158,0.33953630,0.24570156,0.38913497,0.30904352,0.43291534
0.00626353,0.21287643,0.09186123,0.28266584,0.17497628,0.34011176,0.24451853,0.39035311,0.30664425,0.43497183
0.00620724,0.21290988,0.08990244,0.28285785,0.17038454,0.34046051,0.23894149,0.39074976,0.30215476,0.43524279
0.00622871,0.21296747,0.09137936,0.28288494,0.17514449,0.34067004,0.24632672,0.39135876,0.30961042,0.43638734
0.00627928,0.21297320,0.09178723,0.28284445,0.17543755,0.34058310,0.24672300,0.39129110,0.31032143,0.43637386
0.00631174,0.21297276,0.09207328,0.28273160,0.17556753,0.34037065,0.24574760,0.39091273,0.30770911,0.43572004
0.00630474,0.21281825,0.09219834,0.28263570,0.17385772,0.34021725,0.23893427,0.39042685,0.29266538,0.43450644
0.00623480,0.21257216,0.09150929,0.28229422,0.17288366,0.33991967,0.23684045,0.39026338,0.28711748,0.43450567
0.00640406,0.21259616,0.09183909,0.28238145,0.17160127,0.33999608,0.23310141,0.39031893,0.28164533,0.43459414
0.00633799,0.21279252,0.09153758,0.28259243,0.17242915,0.34008737,0.24022873,0.39016570,0.30258714,0.43412778
0.00628564,0.21284789,0.09199763,0.28246116,0.17508674,0.33979399,0.24686800,0.38979932,0.31254506,0.43385867
0.00637656,0.21281948,0.09156155,0.28246399,0.17274227,0.33980824,0.24190993,0.38977131,0.30393470,0.43372786
0.00633910,0.21265259,0.09187502,0.28221231,0.17337517,0.33933239,0.24169998,0.38891310,0.30227116,0.43231455
0.00630672,0.21270924,0.09087632,0.28215283,0.16953745,0.33932497,0.23197626,0.38912176,0.28398777,0.43284807
0.00634137,0.21262120,0.09069422,0.28190232,0.17109610,0.33887876,0.23934046,0.38851225,0.30172448,0.43215455
0.00631324,0.21269036,0.09107881,0.28185232,0.16985871,0.33854309,0.23489380,0.38775039,0.29518287,0.43093479
0.00625782,0.21286186,0.09121577,0.28197139,0.16788691,0.33864551,0.22907808,0.38790655,0.28764656,0.43121274
0.00607584,0.21284541,0.09000338,0.28226463,0.16499064,0.33944585,0.22358255,0.38933284,0.28186821,0.43322604
0.00616329,0.21291198,0.08973228,0.28232839,0.16463079,0.33955403,0.22520254,0.38953838,0.28764417,0.43363684
0.00620810,0.21306017,0.09053318,0.28224021,0.16613290,0.33920857,0.22924682,0.38896024,0.29479816,0.43291122
0.00619584,0.21294054,0.09131715,0.28214960,0.16989128,0.33910515,0.23765811,0.38882137,0.30434057,0.43274809
0.00621028,0.21281754,0.09223110,0.28197334,0.17144105,0.33873577,0.23771860,0.38810283,0.30009957,0.43158704
0.00614032,0.21280949,0.09180118,0.28199185,0.17167786,0.33899440,0.24088544,0.38884181,0.30714675,0.43296514
0.00608013,0.21285295,0.09102276,0.28186882,0.17002172,0.33863139,0.23551883,0.38832941,0.29688603,0.43245720
0.00606025,0.21299314,0.09069757,0.28196881,0.17016053,0.33863260,0.23580214,0.38819044,0.29590622,0.43225275
0.00601113,0.21301374,0.09031460,0.28205426,0.16939708,0.33911439,0.23474885,0.38950451,0.29422981,0.43468574
0.00591940,0.21297406,0.09000889,0.28199950,0.16862064,0.33899390,0.23097431,0.38936680,0.28328227,0.43460772
0.00579165,0.21310830,0.08905181,0.28222757,0.16646966,0.33929649,0.22246669,0.38975545,0.24113770,0.43509317
0.00575144,0.21321039,0.08785987,0.28229222,0.16281695,0.33923138,0.20917434,0.38950792,-0.25703004,0.43471568
0.00581648,0.21329405,0.08817244,0.28240926,0.16435270,0.33942623,0.21630221,0.38988608,-0.23045023,0.43541045
0.00563532,0.21316638,0.08767671,0.28236044,0.16148102,0.33962986,0.19301646,0.39073724,-0.28992601,0.43736685
0.00555749,0.21315734,0.08599814,0.28231944,0.15777106,0.33932877,0.17874183,0.38989396,-0.29154682,0.43575168
0.00556541,0.21327712,0.08648091,0.28239718,0.15878847,0.33934839,0.18374452,0.38979530,-0.29002674,0.43554097
0.00552419,0.21338005,0.08655369,0.28243499,0.15976716,0.33909786,0.19402410,0.38893798,-0.28180909,0.43381113
0.00550667,0.21343481,0.08762317,0.28230632,0.16569293,0.33867894,0.22456474,0.38805907,0.25476290,0.43238278
0.00539456,0.21336229,0.08747829,0.28229561,0.16438438,0.33872599,0.21834127,0.38816431,0.16093832,0.43254513
0.00533371,0.21330295,0.08600267,0.28229123,0.16150005,0.33857788,0.21685480,0.38747557,0.24326981,0.43089631
0.00534903,0.21336388,0.08471772,0.28233795,0.15664646,0.33864316,0.20330242,0.38759609,-0.21018601,0.43108359
0.00522150,0.21329158,0.08334805,0.28225135,0.15455570,0.33839124,0.19841404,0.38690615,-0.23186232,0.42971964
0.00513713,0.21345062,0.08331162,0.28251321,0.15575308,0.33895153,0.20187308,0.38788799,-0.22913462,0.43120619
0.00528720,0.21341186,0.08446023,0.28262700,0.15712874,0.33938440,0.20088260,0.38866104,-0.23812135,0.43219070
0.00517828,0.21336491,0.08319418,0.28247017,0.15323863,0.33896218,0.18429626,0.38785260,-0.26806984,0.43103385
0.00522907,0.21337118,0.08342293,0.28242797,0.15480025,0.33889024,0.18898757,0.38775210,-0.26662407,0.43076293
0.00522478,0.21341415,0.08388598,0.28238358,0.15288332,0.33880078,0.12306378,0.38785722,-0.29176438,0.43140167
0.00521039,0.21326054,0.08478730,0.28222577,0.15577621,0.33878869,0.15871814,0.38830356,-0.29377186,0.43264391
0.00527432,0.21327459,0.08557636,0.28217881,0.15405074,0.33884178,-0.17878037,0.38875822,-0.30810375,0.43379586
0.00533224,0.21327183,0.08651296,0.28218517,0.15557905,0.33878593,-0.18613845,0.38868232,-0.31208886,0.43380991
0.00535294,0.21321377,0.08743070,0.28211256,0.16044789,0.33875181,0.16140253,0.38874863,-0.30088209,0.43396299
0.00528794,0.21326450,0.08749024,0.28207146,0.16106213,0.33835408,0.17928905,0.38771212,-0.29437477,0.43212949
0.00514812,0.21322449,0.08755870,0.28211493,0.16032003,0.33855493,0.14253112,0.38822141,-0.30373634,0.43311231
0.00500624,0.21325370,0.08675581,0.28203589,0.16014749,0.33826274,0.15794662,0.38755298,-0.30188649,0.43195959
0.00511360,0.21335175,0.08738382,0.28215119,0.16006211,0.33856248,-0.13595020,0.38809547,-0.30678145,0.43269627
0.00513773,0.21335148,0.08728554,0.28228832,0.15689671,0.33890028,-0.20263133,0.38885276,-0.32310808,0.43429996
0.00531367,0.21341780,0.08932120,0.28234220,0.16033850,0.33894614,-0.19554474,0.38872282,-0.32100616,0.43371950
0.00522408,0.21341389,0.08954520,0.28231274,0.16314251,0.33884792,-0.17120502,0.38844826,-0.31494816,0.43305109
0.00508574,0.21332326,0.08910883,0.28198628,0.16369088,0.33810003,-0.07311203,0.38729802,-0.30870638,0.43164329
0.00521238,0.21332487,0.08993474,0.28203048,0.16700324,0.33807270,0.19315706,0.38701920,-0.29574894,0.43090331
0.00516403,0.21330909,0.08896950,0.28205435,0.16409127,0.33815288,0.14885670,0.38707552,-0.30584508,0.43079022
0.00516128,0.21334189,0.08826320,0.28220972,0.16112900,0.33851290,-0.19126535,0.38798217,-0.32063868,0.43282515
0.00501791,0.21329969,0.08706640,0.28217952,0.15799306,0.33858874,-0.21118073,0.38848031,-0.33032622,0.43431421
0.00487632,0.21340011,0.08605055,0.28211667,0.15581939,0.33822948,-0.21277537,0.38774087,-0.32885667,0.43311120
0.00489502,0.21345896,0.08677728,0.28206970,0.15535648,0.33790783,-0.21912154,0.38709253,-0.33255108,0.43228996
0.00482891,0.21344916,0.08589381,0.28189171,0.15125023,0.33777133,-0.22862108,0.38726120,-0.33712893,0.43292326
0.00488276,0.21329926,0.08463267,0.28176955,0.14301070,0.33763908,-0.23773057,0.38703656,-0.33997594,0.43249795
0.00492499,0.21340104,0.08300070,0.28202445,0.13108577,0.33828190,-0.24860119,0.38837187,-0.34752630,0.43484773
0.00496422,0.21333726,0.08340805,0.28200635,0.13306079,0.33809901,-0.24489021,0.38772789,-0.34320280,0.43344190
0.00496637,0.21350201,0.08343253,0.28228168,0.13623970,0.33844832,-0.23948051,0.38783280,-0.33748340,0.43277278
0.00496886,0.21347068,0.08486789,0.28226330,0.14360356,0.33821781,-0.23166442,0.38694921,-0.33082294,0.43064429
0.00488114,0.21365191,0.08453327,0.28257814,0.14246225,0.33873654,-0.23290184,0.38765271,-0.33153290,0.43146473
0.00489585,0.21361176,0.08475171,0.28244262,0.14449544,0.33839579,-0.22659284,0.38696864,-0.32559447,0.43020995
0.00492025,0.21346614,0.08520333,0.28234113,0.14737045,0.33852955,-0.22195816,0.38761240,-0.32344843,0.43161173
0.00492072,0.21342243,0.08397279,0.28230562,0.14289779,0.33863010,-0.22636941,0.38787050,-0.32430278,0.43192791
0.00487488,0.21334374,0.08500590,0.28208210,0.14740268,0.33805494,-0.22191068,0.38658372,-0.32204240,0.42961129
0.00486705,0.21338542,0.08549674,0.28207493,0.15059907,0.33825928,-0.21409144,0.38744517,-0.31831017,0.43153875
0.00497159,0.21346331,0.08482913,0.28205221,0.14628354,0.33803296,-0.22391989,0.38701644,-0.32470707,0.43111892
0.00488821,0.21350215,0.08373758,0.28211556,0.14694294,0.33801724,-0.21409625,0.38667406,-0.31630209,0.43016175
0.00466525,0.21348145,0.08212111,0.28214079,0.14651083,0.33806888,-0.21000969,0.38675784,-0.31487102,0.43040957
0.00459042,0.21342702,0.08039860,0.28190382,0.13968293,0.33761046,-0.21887003,0.38608588,-0.31763845,0.42961732
0.00447754,0.21338984,0.07928756,0.28189583,0.13352693,0.33776636,-0.22737507,0.38667673,-0.32399341,0.43106492
0.00445323,0.21335121,0.07924937,0.28177152,0.13509825,0.33738576,-0.22135301,0.38583424,-0.31794396,0.42965840
0.00447830,0.21330364,0.07968503,0.28181528,0.13608492,0.33746749,-0.21794044,0.38586282,-0.31407223,0.42946281
0.00461500,0.21325796,0.07777538,0.28171044,0.12126473,0.33738932,-0.22994060,0.38599839,-0.32208516,0.43013109
0.00447037,0.21310900,0.07463611,0.28145847,0.10121065,0.33692078,-0.23460920,0.38503673,-0.32346375,0.42830905
0.00441223,0.21318283,0.07408984,0.28148359,0.10040104,0.33675724,-0.23225196,0.38450790,-0.31998284,0.42711702
0.00434878,0.21329949,0.07432107,0.28146999,0.10939143,0.33650848,-0.23081413,0.38400241,-0.32094546,0.42655908
0.00431733,0.21336160,0.07358984,0.28156908,-0.07222351,0.33658766,-0.24184861,0.38395461,-0.32946786,0.42632258
0.00432376,0.21350817,0.07560401,0.28177206,0.09751366,0.33672476,-0.23885045,0.38386692,-0.32746403,0.42583272
0.00437914,0.21359302,0.07711860,0.28195022,0.11839437,0.33676824,-0.22903504,0.38346321,-0.31812216,0.42456506
0.00440130,0.21366570,0.07883485,0.28208124,0.12731158,0.33704388,-0.22938011,0.38404460,-0.32319108,0.42582403
0.00436643,0.21364597,0.07889845,0.28208290,0.12826818,0.33702713,-0.22674019,0.38398139,-0.32053731,0.42567820
0.00433227,0.21354889,0.07904796,0.28192204,0.12828035,0.33691348,-0.22757354,0.38404273,-0.32133831,0.42597332
0.00444170,0.21364756,0.08100000,0.28193321,0.13770817,0.33665717,-0.21855612,0.38329389,-0.31548463,0.42447317
0.00447886,0.21352231,0.08164883,0.28155793,0.13905674,0.33598129,-0.21567203,0.38247569,-0.31311499,0.42381023
0.00458087,0.21346524,0.08324286,0.28158160,0.14687907,0.33599056,-0.20198587,0.38216963,-0.30622141,0.42268996
0.00433926,0.21348051,0.08084778,0.28153483,0.14213574,0.33595930,-0.20426042,0.38224066,-0.30442976,0.42289378
0.00434310,0.21358666,0.08089938,0.28178197,0.14299934,0.33648728,-0.20451113,0.38328683,-0.30670961,0.42479155
0.00441831,0.21362555,0.08005021,0.28192596,0.13944362,0.33671034,-0.20443906,0.38350562,-0.30255685,0.42485951
0.00443744,0.21344028,0.07977846,0.28161686,0.14040289,0.33618294,-0.19506945,0.38257188,-0.29453521,0.42324822
0.00443294,0.21345325,0.07922522,0.28170464,0.13796363,0.33631337,-0.20114116,0.38271900,-0.29742916,0.42335171
0.00461793,0.21354103,0.07984531,0.28191337,0.13795512,0.33681923,-0.20146820,0.38380206,-0.29849164,0.42541303
0.00461082,0.21349093,0.08042133,0.28192077,0.14243527,0.33686964,-0.18509381,0.38383644,-0.29029146,0.42542828
0.00457850,0.21332888,0.08053119,0.28168892,0.14569445,0.33652767,-0.13388511,0.38339055,-0.27655876,0.42491972
0.00466149,0.21352730,0.08214131,0.28210772,0.14960492,0.33716364,0.16186173,0.38441332,-0.27197795,0.42662965
0.00475621,0.21341402,0.08209175,0.28189336,0.14659419,0.33709500,-0.15670365,0.38476215,-0.28349658,0.42765002
0.00458932,0.21348734,0.08009871,0.28186014,0.14212390,0.33667013,-0.18238875,0.38351257,-0.29014824,0.42516538
0.00454162,0.21352032,0.07877938,0.28220590,0.13875437,0.33735396,-0.19637255,0.38444838,-0.29803488,0.42621220
0.00448229,0.21351990,0.07848227,0.28230202,0.13798220,0.33766022,-0.20188228,0.38511363,-0.30365258,0.42742634
0.00437480,0.21353482,0.07742369,0.28217759,0.13062726,0.33730471,-0.21571781,0.38443413,-0.31101402,0.42632789
0.00448339,0.21344737,0.07977721,0.28203469,0.13829007,0.33719035,-0.20968202,0.38453406,-0.31006044,0.42697598
0.00447890,0.21352152,0.07984049,0.28205444,0.13771030,0.33708582,-0.20902295,0.38413288,-0.30724324,0.42594207
0.00441186,0.21357326,0.07941104,0.28220665,0.13676513,0.33724902,-0.20505765,0.38412073,-0.30130524,0.42551041
0.00452575,0.21338006,0.07976993,0.28201854,0.13833769,0.33704457,-0.20299651,0.38394235,-0.30130496,0.42541967
0.00461814,0.21349200,0.07940231,0.28224678,0.13382721,0.33749405,-0.20903961,0.38475886,-0.30287142,0.42666688
0.00473463,0.21347615,0.07979886,0.28218448,0.13148862,0.33730159,-0.21228757,0.38416345,-0.30253917,0.42523146
0.00472767,0.21329469,0.07973386,0.28192870,0.13533098,0.33695800,-0.20330661,0.38377162,-0.29741895,0.42483109
0.00461781,0.21322600,0.07834300,0.28176724,0.13380779,0.33654841,-0.20020959,0.38289711,-0.29392572,0.42325981
0.00457006,0.21324008,0.07835727,0.28177862,0.13421020,0.33667404,-0.19285032,0.38310365,-0.28591462,0.42340082
0.00446326,0.21318742,0.07858957,0.28169978,0.13831470,0.33648642,-0.16325444,0.38264152,-0.26492411,0.42239710
0.00446585,0.21332667,0.07866592,0.28162450,0.14046838,0.33602924,0.13620257,0.38178864,-0.24336421,0.42122167
0.00434823,0.21333693,0.07832927,0.28177428,0.14378961,0.33638681,0.18970128,0.38238163,0.25112330,0.42202740
0.00450758,0.21319012,0.08060024,0.28162949,0.14993003,0.33632995,0.20250113,0.38245463,0.26071415,0.42224547
0.00462211,0.21335332,0.07998955,0.28178469,0.14484099,0.33650985,0.18477737,0.38264734,0.23485476,0.42246624
0.00446673,0.21323002,0.07981187,0.28166206,0.14993131,0.33657165,0.21125773,0.38302354,0.28153133,0.42320508
0.00451568,0.21310170,0.07936259,0.28150765,0.15125492,0.33653594,0.22056765,0.38335550,0.29712544,0.42420605
0.00455648,0.21318022,0.07951865,0.28145332,0.14901234,0.33630027,0.21258796,0.38282803,0.28703169,0.42321424
0.00458604,0.21301352,0.07868334,0.28127840,0.14353462,0.33625585,0.19472156,0.38302714,0.26613257,0.42370331
0.00452641,0.21304534,0.07955962,0.28138308,0.14979613,0.33649967,0.20995087,0.38362044,0.27881156,0.42496161
0.00446932,0.21292838,0.07892191,0.28143112,0.14877463,0.33670725,0.21085595,0.38384245,0.28210864,0.42507358
0.00439862,0.21299471,0.07728404,0.28143582,0.13901650,0.33668311,0.17469639,0.38381135,0.24011323,0.42498841
0.00438656,0.21308312,0.07841919,0.28167299,0.14349194,0.33701866,0.18138127,0.38419273,0.21789529,0.42538777
0.00437951,0.21315077,0.07865203,0.28168795,0.14393939,0.33678680,0.18326777,0.38345454,0.22138579,0.42386442
0.00439976,0.21321845,0.08058825,0.28190654,0.15410295,0.33723490,0.21687359,0.38411502,0.28208185,0.42464873
0.00440541,0.21333686,0.08062790,0.28195204,0.15544444,0.33721275,0.22037693,0.38417419,0.28716772,0.42498860
0.00423364,0.21345775,0.07794504,0.28212524,0.14847229,0.33736693,0.21107680,0.38424254,0.28293113,0.42498003
0.00425322,0.21367217,0.07669767,0.28241076,0.14577694,0.33774809,0.20926119,0.38465480,0.28277166,0.42531442
0.00411829,0.21385655,0.07634647,0.28246305,0.14557930,0.33751393,0.20769455,0.38387481,0.27632460,0.42367554
0.00428655,0.21379167,0.07709537,0.28233934,0.14396216,0.33722628,0.20130997,0.38335081,0.26892456,0.42285954
0.00446279,0.21373835,0.07721996,0.28248230,0.14518003,0.33765132,0.20603731,0.38416505,0.27447752,0.42412707
0.00459389,0.21375176,0.07938862,0.28262050,0.14886102,0.33787176,0.20615397,0.38433044,0.26614781,0.42409666
0.00450798,0.21387385,0.08050260,0.28282262,0.15264312,0.33815417,0.21189058,0.38464978,0.26781641,0.42444727
0.00438820,0.21371467,0.07771059,0.28242747,0.14371566,0.33758239,0.19642457,0.38392874,0.25562511,0.42360803
0.00443603,0.21367018,0.07618264,0.28230251,0.13368117,0.33730295,-0.14625931,0.38354956,-0.25655526,0.42329636
0.00441304,0.21358153,0.07695074,0.28225061,0.13879164,0.33730080,0.17207208,0.38359522,-0.21560330,0.42335471
0.00452086,0.21369339,0.07763309,0.28227238,0.14365445,0.33712897,0.19893830,0.38317858,0.26062273,0.42273976
0.00439221,0.21377116,0.07651154,0.28238435,0.13678313,0.33717685,0.16359968,0.38309348,-0.20950496,0.42248398
0.00429833,0.21378181,0.07637720,0.28231297,0.13726565,0.33692730,0.16869983,0.38256738,-0.15803212,0.42158196
0.00438240,0.21384424,0.07706704,0.28243332,0.13931725,0.33713949,0.18285587,0.38283460,0.23472542,0.42178215
0.00445258,0.21378673,0.08027730,0.28218809,0.15284611,0.33651903,0.21581533,0.38160893,0.27806990,0.41972827
0.00433416,0.21375935,0.07855805,0.28225494,0.14912774,0.33666968,0.21269021,0.38186815,0.27839426,0.42007023
0.00423137,0.21373491,0.07892669,0.28227335,0.15133886,0.33692311,0.21549086,0.38255840,0.27862855,0.42129943
0.00424565,0.21365389,0.07691765,0.28217928,0.14498096,0.33690459,0.20748032,0.38262568,0.27590664,0.42143136
0.00422638,0.21369192,0.07801643,0.28220013,0.15046532,0.33713560,0.22088110,0.38336909,0.29349435,0.42292922
0.00422741,0.21368043,0.07865116,0.28217100,0.15381519,0.33712970,0.22771718,0.38356249,0.30100320,0.42358323
0.00418094,0.21356581,0.07780503,0.28209755,0.15143797,0.33720492,0.22412713,0.38387903,0.29614626,0.42415227
0.00409669,0.21356241,0.07808708,0.28214376,0.15197167,0.33725514,0.22524449,0.38375055,0.29756112,0.42360706
0.00407380,0.21364296,0.07868200,0.28235791,0.15217544,0.33777823,0.22439113,0.38478780,0.29669511,0.42536261
0.00405454,0.21352187,0.08003891,0.28210051,0.15513192,0.33725718,0.22638113,0.38395312,0.29609003,0.42424678
0.00392121,0.21351621,0.07869071,0.28188949,0.15034001,0.33665610,0.21617865,0.38279982,0.28333296,0.42247972
0.00364211,0.21342773,0.07571442,0.28174409,0.14230888,0.33633185,0.19954913,0.38217117,0.26560175,0.42135049
0.00372859,0.21339321,0.07539134,0.28192147,0.14216332,0.33685341,0.20240517,0.38308746,0.27142231,0.42267089
0.00375546,0.21332253,0.07440366,0.28172563,0.13813618,0.33638605,0.19446860,0.38217818,0.26283152,0.42121488
0.00370421,0.21331097,0.07324843,0.28171172,0.13585532,0.33623162,0.19183506,0.38173950,0.26126781,0.42040845
0.00360342,0.21327396,0.07281892,0.28175700,0.13113335,0.33637922,0.15222471,0.38203664,-0.19898358,0.42095271
0.00356028,0.21338411,0.07276531,0.28179804,0.12715750,0.33618397,-0.14078823,0.38144733,-0.21954999,0.41985747
0.00364149,0.21334626,0.07010320,0.28184484,0.10436262,0.33639581,-0.19430325,0.38182061,-0.25924008,0.42034417
0.00386560,0.21331406,0.07286925,0.28171645,0.12168944,0.33604057,-0.16446554,0.38111333,-0.21542189,0.41920078
0.00396863,0.21338398,0.07543453,0.28168254,0.13594738,0.33580558,0.18529171,0.38058076,0.26143827,0.41828903
0.00384082,0.21345641,0.07498632,0.28188377,0.13429006,0.33603152,0.17818848,0.38077552,0.25472429,0.41841082
0.00368816,0.21346622,0.07362575,0.28181591,0.13494076,0.33590104,0.19032915,0.38054477,0.26746818,0.41801889
0.00368088,0.21337921,0.07426164,0.28170016,0.13214368,0.33579998,0.16720807,0.38038687,0.23759969,0.41766162
0.00366889,0.21328624,0.07436930,0.28157550,0.13532748,0.33561080,0.18854859,0.38022716,0.26268985,0.41767637
0.00382051,0.21319990,0.07656916,0.28133251,0.14126386,0.33525392,0.19919655,0.37980506,0.26935377,0.41725929
0.00386552,0.21321613,0.07598056,0.28146372,0.13815343,0.33550263,0.19199315,0.38007307,0.26318382,0.41741244
0.00388861,0.21314181,0.07693863,0.28129274,0.14372981,0.33516605,0.20690070,0.37956092,0.27916931,0.41673831
0.00368585,0.21321503,0.07498370,0.28145632,0.14164679,0.33543402,0.20775759,0.37993474,0.28201607,0.41721536
0.00354048,0.21309730,0.07339487,0.28131259,0.13533367,0.33519438,0.19287090,0.37963607,0.26854764,0.41697117
0.00362404,0.21302660,0.07320178,0.28118292,0.13269359,0.33506338,0.18654301,0.37954531,0.26645078,0.41692989
0.00353385,0.21314123,0.07204132,0.28129182,0.12626888,0.33515837,0.15796473,0.37959583,0.24526214,0.41687779
0.00363157,0.21296305,0.07206827,0.28116493,0.12680832,0.33511015,0.16211434,0.37954706,0.24327520,0.41672019
0.00371896,0.21282273,0.07526031,0.28082128,0.14291987,0.33456770,0.20926074,0.37887603,0.28213735,0.41603602
0.00362088,0.21281549,0.07314488,0.28079249,0.13798976,0.33445121,0.20442396,0.37869622,0.28063981,0.41586546
0.00362449,0.21291581,0.07314884,0.28091499,0.14484418,0.33467565,0.22205423,0.37912487,0.29925744,0.41667973
0.00361528,0.21293949,0.07364943,0.28117875,0.14582643,0.33517798,0.22215893,0.37986618,0.29885308,0.41761037
0.00361022,0.21280736,0.07120389,0.28112705,0.13395332,0.33531944,0.20373919,0.38032050,0.28690608,0.41848410
0.00350997,0.21283812,0.07186079,0.28123159,0.13750162,0.33577467,0.21244919,0.38147168,0.29836726,0.42079610
0.00354864,0.21289137,0.07343957,0.28136705,0.14565643,0.33617681,0.22406380,0.38221490,0.30538115,0.42178531
0.00350114,0.21279666,0.07356517,0.28135584,0.14424337,0.33626171,0.21986404,0.38245066,0.30101858,0.42216940
0.00347234,0.21280515,0.07317947,0.28132879,0.14268536,0.33612694,0.21716283,0.38216138,0.29814840,0.42164321
0.00338875,0.21273601,0.07356583,0.28133258,0.14418254,0.33625452,0.22145516,0.38243213,0.30288969,0.42207778
0.00342227,0.21269739,0.07188770,0.28140742,0.13468888,0.33643677,0.20472072,0.38272785,0.29071208,0.42245074
0.00354729,0.21263213,0.07271047,0.28143634,0.13589185,0.33653632,0.20557726,0.38281256,0.29067624,0.42239592
0.00359029,0.21264564,0.07348212,0.28166272,0.13323905,0.33698940,0.18631735,0.38344339,0.27127142,0.42305671
0.00360087,0.21260780,0.07484148,0.28174733,0.13356682,0.33709040,0.15632784,0.38334016,0.22975697,0.42250562
0.00341432,0.21266667,0.07325882,0.28196952,0.13107625,0.33767000,0.16589295,0.38455069,0.25461445,0.42457278
0.00316885,0.21275619,0.07151918,0.28179002,0.13233285,0.33704155,0.18506871,0.38335433,0.26600776,0.42274964
0.00309345,0.21278131,0.06976275,0.28190403,0.12914265,0.33729047,0.17670672,0.38371063,0.25661751,0.42313099
0.00310016,0.21270985,0.07276225,0.28164226,0.14367383,0.33690380,0.21080527,0.38319649,0.28334701,0.42246895
0.00316641,0.21281839,0.07051627,0.28177433,0.13746618,0.33687083,0.19949858,0.38278869,0.27123668,0.42154324
0.00323539,0.21287786,0.07092588,0.28181416,0.13406774,0.33685276,0.16898889,0.38254950,0.16414870,0.42085390
0.00323056,0.21269688,0.07086076,0.28160971,0.13814893,0.33672722,0.19695768,0.38276357,0.26429811,0.42170968
0.00319257,0.21269502,0.07052059,0.28159896,0.13748107,0.33687250,0.19751738,0.38320689,0.26805909,0.42254479
0.00312800,0.21261221,0.06928549,0.28154831,0.13178215,0.33689109,0.18116401,0.38333457,0.25220381,0.42281530
0.00312726,0.21257636,0.06977756,0.28152178,0.13523465,0.33690041,0.19323509,0.38340216,0.26426679,0.42297184
0.00320191,0.21265924,0.07223309,0.28164740,0.14335636,0.33720025,0.20634825,0.38402906,0.27534885,0.42406768
0.00332420,0.21254877,0.07462149,0.28139601,0.14862727,0.33678871,0.21307203,0.38347085,0.27997572,0.42340177
0.00321425,0.21256138,0.07379862,0.28134733,0.14718514,0.33668804,0.20967385,0.38343651,0.27547753,0.42360132
0.00315395,0.21257500,0.07268346,0.28148897,0.14319523,0.33720204,0.20593738,0.38451955,0.27906674,0.42543938
0.00306162,0.21251738,0.07027475,0.28145687,0.13555823,0.33721345,0.18722929,0.38453696,0.26095961,0.42542889
0.00313895,0.21265554,0.07121959,0.28143320,0.13922785,0.33690067,0.19651100,0.38376443,0.26460835,0.42400129
0.00298701,0.21265572,0.06965024,0.28139834,0.13584684,0.33685364,0.18942697,0.38367266,0.25367790,0.42378190
0.00299232,0.21269025,0.07030009,0.28132049,0.13933370,0.33667386,0.20039058,0.38347055,0.26964169,0.42369154
0.00290576,0.21274554,0.06917835,0.28141325,0.14020083,0.33687706,0.20624053,0.38367255,0.27633361,0.42365952
0.00284182,0.21277182,0.06932318,0.28145257,0.14365954,0.33693661,0.21231131,0.38376393,0.27995382,0.42375434
0.00275018,0.21294205,0.06730082,0.28164823,0.13853515,0.33711365,0.20480288,0.38383632,0.27168477,0.42361052
0.00281636,0.21294826,0.06973812,0.28152193,0.14232141,0.33677188,0.20646084,0.38322409,0.26697783,0.42268762
0.00279931,0.21291567,0.06768027,0.28141020,0.13533883,0.33660787,0.19585811,0.38308025,0.25840559,0.42267951
0.00275669,0.21308837,0.06911973,0.28160996,0.14135225,0.33679737,0.20732560,0.38332760,0.27154012,0.42313376
0.00290336,0.21313943,0.07412048,0.28164157,0.15591283,0.33679261,0.23013694,0.38336364,0.29540774,0.42331598
0.00295768,0.21326461,0.07453214,0.28178449,0.15847376,0.33702941,0.23577263,0.38373041,0.30292138,0.42381788
0.00299781,0.21327653,0.07611484,0.28179199,0.16172984,0.33708254,0.24011142,0.38386422,0.30835730,0.42400270
0.00303383,0.21344554,0.07403576,0.28191085,0.15756293,0.33718141,0.23508186,0.38402757,0.30281473,0.42427590
0.00311200,0.21334892,0.07453195,0.28168038,0.15710946,0.33696103,0.23372769,0.38403252,0.30148906,0.42466760
0.00296705,0.21337284,0.07254729,0.28177510,0.15398339,0.33715244,0.23215982,0.38438122,0.30333766,0.42523815
0.00296864,0.21327261,0.06828370,0.28157425,0.14209485,0.33670807,0.21685568,0.38353861,0.28958352,0.42392257
0.00298135,0.21326589,0.06826128,0.28147829,0.14115759,0.33638056,0.21693709,0.38289412,0.29221723,0.42298331
0.00312817,0.21324447,0.06842064,0.28131316,0.13951519,0.33606398,0.21383134,0.38254529,0.29000953,0.42278924
0.00317125,0.21330032,0.06836120,0.28124249,0.14028588,0.33583475,0.21556697,0.38204097,0.29006865,0.42187544
0.00322396,0.21325154,0.07002770,0.28115895,0.14655908,0.33555318,0.22561185,0.38155456,0.30052242,0.42137969
0.00318174,0.21343856,0.06877773,0.28155342,0.14566919,0.33618464,0.22737298,0.38238468,0.30397445,0.42236921
0.00317181,0.21336197,0.06772356,0.28151723,0.14308545,0.33604555,0.22389630,0.38197953,0.29950749,0.42154233
0.00304484,0.21338800,0.06699139,0.28154569,0.14309590,0.33615463,0.22202372,0.38227217,0.29526290,0.42210153
0.00309147,0.21344115,0.06860780,0.28156915,0.14618394,0.33614053,0.22409060,0.38222975,0.29661115,0.42209273
0.00314023,0.21359079,0.06781519,0.28175074,0.14012751,0.33658229,0.21206247,0.38307515,0.28422949,0.42339138
0.00317489,0.21378570,0.06892280,0.28203457,0.14114653,0.33681121,0.21315036,0.38306309,0.28608543,0.42299775
0.00320047,0.21372291,0.06815108,0.28187110,0.12926877,0.33661821,0.15723105,0.38280063,-0.21799064,0.42257525
0.00329704,0.21383028,0.06839590,0.28202361,0.12611910,0.33674531,-0.16987710,0.38291976,-0.26930157,0.42278777
0.00334980,0.21367681,0.06822452,0.28174291,0.12528846,0.33644105,-0.16971907,0.38261697,-0.26862670,0.42244172
0.00332968,0.21359035,0.06669647,0.28167864,0.09781578,0.33636401,-0.21558667,0.38265504,-0.30232336,0.42297955
0.00323967,0.21360501,0.06597552,0.28173700,0.10738304,0.33640581,-0.20383287,0.38246452,-0.29045106,0.42223374
0.00314858,0.21359320,0.06729671,0.28173579,0.11919809,0.33645582,-0.19421334,0.38251872,-0.28623735,0.42226622
0.00305791,0.21366631,0.06528343,0.28182730,0.11424404,0.33651764,-0.18709836,0.38245912,-0.27492333,0.42202390
0.00289805,0.21376455,0.06215048,0.28202548,0.10323489,0.33686217,-0.18136342,0.38298628,-0.25321467,0.42274800
0.00290682,0.21379692,0.06294536,0.28202954,0.11673885,0.33678777,0.16160953,0.38285216,0.24770887,0.42269559
0.00277763,0.21383543,0.06157685,0.28186060,0.11298530,0.33628087,0.17108416,0.38197490,0.26435094,0.42146870
0.00281268,0.21371864,0.06185228,0.28167986,0.11523254,0.33602306,0.17647223,0.38156049,0.26683792,0.42077367
0.00283569,0.21361077,0.06618319,0.28137380,0.13075710,0.33553984,0.19206890,0.38103011,0.26353025,0.42032736
0.00275141,0.21354526,0.06649219,0.28122172,0.14135367,0.33533761,0.22036127,0.38087180,0.29608648,0.42035156
0.00272455,0.21332666,0.06758046,0.28088199,0.14067231,0.33488675,0.21146758,0.38039521,0.27962256,0.41997785
0.00265507,0.21333697,0.06690232,0.28095552,0.13906549,0.33510173,0.20595950,0.38079728,0.26776422,0.42054698
0.00270969,0.21333324,0.06552973,0.28095497,0.13263734,0.33504142,0.19514078,0.38070152,0.26270702,0.42057206
0.00289726,0.21340574,0.06690171,0.28120201,0.13218653,0.33542692,0.18901869,0.38126371,0.25830280,0.42143784
0.00287671,0.21339419,0.06701215,0.28113071,0.13442146,0.33545389,0.19687160,0.38149447,0.26900476,0.42191029
0.00274163,0.21335488,0.06656859,0.28105396,0.12839502,0.33530022,0.16461448,0.38131854,0.21214566,0.42183106
0.00259912,0.21330029,0.06500622,0.28102317,0.12591748,0.33528463,0.16968499,0.38112775,0.22970890,0.42119200
0.00251236,0.21330337,0.06207925,0.28100843,0.11568283,0.33513275,0.10778320,0.38072002,-0.17148913,0.42037362
0.00246025,0.21324552,0.05835131,0.28092705,-0.06477557,0.33498441,-0.19630754,0.38039659,-0.26196494,0.41969951
0.00265490,0.21332902,0.06183958,0.28122926,0.10870167,0.33564025,-0.14722382,0.38160242,0.21493232,0.42167142
0.00270174,0.21336219,0.06222348,0.28123874,0.11055230,0.33567222,-0.13665682,0.38179172,0.21828223,0.42223399
0.00293401,0.21336211,0.06045987,0.28114096,0.07692229,0.33551644,-0.18605004,0.38158472,-0.23766409,0.42188111
0.00290320,0.21341456,0.05961034,0.28117016,-0.09751200,0.33540001,-0.20931047,0.38124182,-0.28172514,0.42127863
0.00302185,0.21340539,0.06114274,0.28111069,-0.08778831,0.33520859,-0.20832750,0.38075581,-0.28292809,0.42030600
0.00283439,0.21354578,0.05535103,0.28123755,-0.12768395,0.33528036,-0.22920389,0.38074381,-0.30320859,0.42029620
0.00286380,0.21369619,0.05580900,0.28150314,-0.12781574,0.33576811,-0.23156498,0.38164838,-0.30763833,0.42186100
0.00291817,0.21370941,0.05244530,0.28150610,-0.13616129,0.33569237,-0.23549983,0.38138623,-0.30919020,0.42122569
0.00270446,0.21358631,0.05277871,0.28135340,-0.12880328,0.33557298,-0.22912649,0.38151764,-0.30244606,0.42192673
0.00292702,0.21339474,0.05686686,0.28125423,-0.11799842,0.33574375,-0.22186378,0.38198528,-0.29415781,0.42254018
0.00283534,0.21333465,0.05732377,0.28109055,-0.10420595,0.33552527,-0.21373714,0.38183640,-0.28809472,0.42262840
0.00281551,0.21351232,0.05804416,0.28119557,-0.09614774,0.33552283,-0.20803042,0.38169967,-0.28252266,0.42226927
0.00266861,0.21354573,0.05657959,0.28110202,-0.09061219,0.33544368,-0.19916101,0.38191643,-0.27269671,0.42310362
0.00263939,0.21350717,0.05773770,0.28101317,-0.08480311,0.33538303,-0.20348011,0.38209640,-0.28127411,0.42380745
0.00250318,0.21355334,0.05480303,0.28104808,-0.10889171,0.33553483,-0.21326426,0.38247500,-0.28848536,0.42456082
0.00261002,0.21337202,0.05691311,0.28083706,-0.07726393,0.33546182,-0.20476735,0.38280138,-0.28848639,0.42562745
0.00251054,0.21335909,0.05675015,0.28079266,-0.05171460,0.33538145,-0.19790743,0.38258486,-0.27840518,0.42498443
0.00255597,0.21329939,0.05630416,0.28075207,-0.08246108,0.33531304,-0.19905737,0.38251238,-0.27254726,0.42496862
0.00262033,0.21323361,0.05535587,0.28077892,-0.10606700,0.33561138,-0.21358806,0.38319905,-0.28965206,0.42613433
0.00252162,0.21323909,0.05320045,0.28085825,-0.09656223,0.33573987,-0.20177538,0.38337184,-0.27541539,0.42629747
0.00257451,0.21327573,0.05320919,0.28098391,-0.10561190,0.33595881,-0.21316253,0.38379691,-0.29510021,0.42721535
0.00246733,0.21336152,0.04723548,0.28116899,-0.12631480,0.33654496,-0.23218303,0.38535060,-0.32031025,0.43065289
0.00262284,0.21301393,0.04542028,0.28064778,-0.13358761,0.33594545,-0.23971638,0.38514295,-0.32989229,0.43169849
0.00260700,0.21294799,0.04510718,0.28056042,-0.13367361,0.33565057,-0.23898587,0.38406725,-0.32765619,0.42900399
0.00251615,0.21291857,0.04315130,0.28077538,-0.13557938,0.33623862,-0.24011793,0.38516017,-0.32855130,0.43065351
0.00247970,0.21285701,0.04111958,0.28062397,-0.13554599,0.33599404,-0.23781405,0.38481137,-0.32521710,0.43011680
0.00240752,0.21308891,0.02886482,0.28080914,-0.14910821,0.33603384,-0.25160104,0.38476401,-0.33794745,0.43038669
0.00231452,0.21307463,0.02960888,0.28076376,-0.14411848,0.33584002,-0.24645184,0.38423955,-0.33326274,0.42924144
0.00246542,0.21305136,0.02582788,0.28056422,-0.14638778,0.33537253,-0.24892271,0.38364538,-0.33674263,0.42895741
0.00250640,0.21297523,0.03057339,0.28044888,-0.14370397,0.33518147,-0.24732643,0.38340795,-0.33677897,0.42887366
0.00242838,0.21298989,0.03045540,0.28050837,-0.14474300,0.33557539,-0.24941920,0.38455814,-0.33953868,0.43128140
0.00251094,0.21302660,0.04155013,0.28049000,-0.13587643,0.33560335,-0.24283737,0.38436555,-0.33346970,0.43015483
0.00245690,0.21302044,0.04043399,0.28051142,-0.13075761,0.33566189,-0.23797681,0.38452243,-0.33116101,0.43065286
0.00235775,0.21316569,0.03763371,0.28065421,-0.13575447,0.33592916,-0.24514416,0.38532750,-0.33954259,0.43265434
0.00241647,0.21310260,0.03242122,0.28057167,-0.14140952,0.33601399,-0.25024992,0.38597553,-0.34547404,0.43452889
0.00256857,0.21311348,0.03911388,0.28060772,-0.13176459,0.33599997,-0.24253125,0.38560673,-0.33899606,0.43321439
0.00253039,0.21308322,0.03431291,0.28058290,-0.13375029,0.33577669,-0.23718874,0.38441382,-0.32889647,0.42974969
0.00273035,0.21303033,0.04148600,0.28058595,-0.13083134,0.33596772,-0.23955244,0.38509177,-0.33381431,0.43136237
0.00270132,0.21304045,0.04350627,0.28061791,-0.12195665,0.33602644,-0.23377294,0.38505250,-0.32999706,0.43101776
0.00280855,0.21306689,0.04650728,0.28068650,-0.12105466,0.33606822,-0.23751377,0.38506359,-0.33431393,0.43114321
0.00272168,0.21295906,0.04753614,0.28041609,-0.10987656,0.33538163,-0.22704311,0.38344091,-0.32281239,0.42763463
0.00276455,0.21289675,0.04999967,0.28015874,-0.09468565,0.33488932,-0.22348903,0.38280835,-0.32264834,0.42714147
0.00283382,0.21284147,0.05054516,0.28006371,-0.07775975,0.33465640,-0.21584759,0.38227190,-0.31611672,0.42605546
0.00273282,0.21291897,0.04898568,0.28037234,-0.09872783,0.33527436,-0.22014056,0.38325307,-0.31748844,0.42725523
0.00273883,0.21291860,0.04854811,0.28031539,-0.10686126,0.33499601,-0.22392462,0.38260088,-0.31963860,0.42620261
0.00286844,0.21310548,0.04994987,0.28054028,-0.07351136,0.33523147,-0.20651329,0.38259917,-0.30478753,0.42531754
0.00293569,0.21312023,0.04957213,0.28061388,-0.09718435,0.33532226,-0.20999324,0.38257048,-0.30264607,0.42488306
0.00303861,0.21315006,0.05132049,0.28068129,-0.08941986,0.33533687,-0.21144684,0.38249187,-0.30653407,0.42486358
0.00310211,0.21325287,0.05164293,0.28083071,-0.07229293,0.33548188,-0.20753174,0.38259789,-0.30482100,0.42490855
0.00304465,0.21326288,0.05130754,0.28063931,0.06462079,0.33494481,-0.20144180,0.38153502,-0.29950305,0.42314270
0.00327125,0.21331627,0.05171715,0.28076845,-0.10426314,0.33511559,-0.21925114,0.38188963,-0.31104611,0.42391900
0.00316964,0.21338226,0.04947253,0.28103031,-0.10876610,0.33563603,-0.22106634,0.38281156,-0.31368482,0.42549319
0.00301999,0.21344533,0.04155293,0.28104744,-0.12785882,0.33554791,-0.22858800,0.38267431,-0.31631083,0.42547758
0.00304255,0.21332959,0.04356592,0.28085288,-0.12200985,0.33526608,-0.22540350,0.38238097,-0.31592060,0.42537401
0.00295079,0.21342379,0.04571093,0.28092127,-0.11235717,0.33522606,-0.21831656,0.38220484,-0.31024073,0.42497811
0.00298960,0.21346986,0.04294967,0.28089722,-0.11765211,0.33502347,-0.21749794,0.38183705,-0.30759678,0.42457763
0.00290685,0.21341620,0.03902429,0.28095920,-0.12361172,0.33535410,-0.22454183,0.38261907,-0.31625731,0.42602948
0.00294988,0.21348185,0.04512650,0.28109301,-0.11621092,0.33557199,-0.22393489,0.38303760,-0.31699954,0.42678183
0.00295632,0.21338557,0.04441565,0.28090647,-0.11776784,0.33510833,-0.22301811,0.38205525,-0.31449542,0.42498043
0.00308048,0.21346351,0.04967753,0.28095560,-0.08606965,0.33509342,-0.20741239,0.38175897,-0.30359535,0.42402406
0.00302075,0.21357988,0.04017161,0.28106483,-0.11952129,0.33516882,-0.22407899,0.38183491,-0.31702203,0.42435748
0.00317018,0.21363384,0.04960390,0.28126950,-0.03702552,0.33559553,-0.20973112,0.38255834,-0.31155168,0.42536332
0.00312501,0.21361050,0.04899107,0.28130755,-0.11003494,0.33615380,-0.23221518,0.38451320,-0.33143540,0.43007852
0.00309462,0.21357299,0.05164163,0.28140893,-0.11161556,0.33666173,-0.23796918,0.38566368,-0.33767549,0.43205944
0.00310870,0.21350522,0.05474914,0.28122765,-0.08440824,0.33631216,-0.23243312,0.38512685,-0.33514948,0.43127798
0.00305913,0.21334976,0.05685048,0.28083565,0.09575216,0.33568518,-0.22150762,0.38405055,-0.32704588,0.42925620
0.00294589,0.21334795,0.05487752,0.28073111,0.07955772,0.33543151,-0.22214373,0.38356126,-0.32581211,0.42840013
0.00299478,0.21346050,0.05683074,0.28090080,0.09277552,0.33561334,-0.22052101,0.38369050,-0.32457304,0.42841876
0.00282124,0.21334028,0.05520371,0.28060355,0.09870816,0.33504985,-0.21264499,0.38267140,-0.31794522,0.42661873
0.00269874,0.21348945,0.05428109,0.28079593,0.10745620,0.33516502,-0.19751541,0.38233766,-0.30670272,0.42516747
0.00260529,0.21355876,0.04799298,0.28097252,-0.03884765,0.33550133,-0.20322680,0.38270382,-0.30408071,0.42518095
0.00251826,0.21332472,0.04624898,0.28075201,-0.07179943,0.33530629,-0.20459629,0.38260653,-0.30573777,0.42537022
0.00256858,0.21336099,0.04943352,0.28064675,0.09285008,0.33506633,-0.19818342,0.38221321,-0.30341277,0.42477848
0.00265328,0.21343291,0.05028902,0.28081800,0.02379837,0.33525191,-0.21536632,0.38252334,-0.31563932,0.42558718
0.00271881,0.21328040,0.05355341,0.28056822,0.11444156,0.33465389,-0.17864553,0.38103650,-0.29398746,0.42229730
0.00277933,0.21329030,0.05657673,0.28067807,0.12523646,0.33476836,0.13745158,0.38099398,-0.28394811,0.42197536
0.00281975,0.21335963,0.05785088,0.28070068,0.13097660,0.33450341,0.18410803,0.38012227,-0.26301455,0.42005712
0.00271481,0.21341732,0.05968644,0.28056544,0.13614663,0.33415470,0.18960281,0.37972566,-0.27028303,0.42000873
0.00261808,0.21344150,0.05834303,0.28061138,0.13226665,0.33401572,0.18106703,0.37925192,-0.26995960,0.41907174
0.00263399,0.21345158,0.05807231,0.28076308,0.13040265,0.33438904,0.16586204,0.37983877,-0.27792813,0.41977927
0.00258958,0.21335114,0.05605216,0.28060073,0.12949616,0.33414520,0.18366697,0.37938974,-0.26229056,0.41897652
0.00266963,0.21327155,0.05417721,0.28050604,0.12244693,0.33419198,0.12813778,0.37989196,-0.28485760,0.42054030
0.00276322,0.21317862,0.05426406,0.28029909,0.11372837,0.33390913,-0.17559167,0.37946978,-0.29005508,0.41975700
0.00265734,0.21313971,0.05156048,0.28031576,0.09154071,0.33415526,-0.20304931,0.38015882,-0.30393424,0.42124177
0.00260794,0.21324255,0.04958067,0.28061936,0.08456037,0.33461399,-0.20164325,0.38060560,-0.30178582,0.42146706
0.00263580,0.21324773,0.04979179,0.28048703,0.08748607,0.33411793,-0.18783646,0.37931823,-0.28446398,0.41860663
0.00262578,0.21336088,0.05212100,0.28053018,0.08392399,0.33395128,-0.19756004,0.37879104,-0.29008023,0.41759810
0.00263723,0.21322922,0.05598570,0.28045828,0.11084591,0.33391869,-0.17932955,0.37870107,-0.28150584,0.41722388
0.00273600,0.21343240,0.05708436,0.28069872,0.10341187,0.33416711,-0.19473003,0.37889298,-0.28899709,0.41729449
0.00281930,0.21344227,0.05717881,0.28084885,0.09704999,0.33442512,-0.19818001,0.37916193,-0.28955516,0.41745363
0.00280808,0.21356429,0.05610631,0.28105099,0.09626239,0.33473475,-0.18981445,0.37955314,-0.28082844,0.41776004
0.00281241,0.21345203,0.05535281,0.28097959,0.09366879,0.33472907,-0.18480342,0.37955115,-0.27264592,0.41756084
0.00278602,0.21356606,0.05633013,0.28106418,0.09494940,0.33477413,-0.18323262,0.37950069,-0.27007916,0.41734250
0.00277857,0.21348315,0.05356398,0.28094508,-0.07414376,0.33452308,-0.19149970,0.37903571,-0.26912914,0.41660389
0.00266072,0.21345287,0.05104727,0.28101273,-0.10649652,0.33473856,-0.20986447,0.37944577,-0.28706228,0.41721292
0.00280618,0.21344829,0.05749738,0.28110964,0.09083414,0.33492343,-0.18962100,0.37963327,-0.27192292,0.41732023
0.00289279,0.21351139,0.05997026,0.28125065,0.10520155,0.33524248,-0.18606957,0.38018825,-0.27299766,0.41808934
0.00287984,0.21337968,0.05692643,0.28123838,-0.09241032,0.33524606,-0.21119918,0.38012531,-0.28941955,0.41789586
0.00275137,0.21326219,0.05661036,0.28100790,-0.09679274,0.33476987,-0.21319651,0.37929081,-0.29096405,0.41669059
0.00263634,0.21326016,0.05250565,0.28101565,-0.10727158,0.33485341,-0.21054784,0.37939412,-0.28402597,0.41666884
0.00269051,0.21325602,0.05803201,0.28108728,0.08229694,0.33511862,-0.20225920,0.37993264,-0.28277839,0.41751256
0.00285695,0.21332516,0.06119953,0.28124821,0.11015476,0.33549628,-0.19108487,0.38063358,-0.27804250,0.41855131
0.00280678,0.21327031,0.06203788,0.28137914,0.11711207,0.33606496,-0.17538373,0.38176176,-0.26683225,0.42025121
0.00285953,0.21329110,0.06136416,0.28137328,0.09791730,0.33613068,-0.20507599,0.38197123,-0.28838509,0.42065968
0.00292528,0.21335476,0.06268442,0.28151700,0.10217645,0.33648749,-0.20760133,0.38262663,-0.29200877,0.42161456
0.00282874,0.21322706,0.06185107,0.28120382,0.10706221,0.33600578,-0.19778237,0.38207952,-0.28140289,0.42114132
0.00276499,0.21324295,0.06189422,0.28120054,0.11046252,0.33585967,-0.19054474,0.38170579,-0.27387693,0.42047830
0.00263470,0.21336088,0.06141019,0.28143178,0.11575694,0.33605631,-0.17966599,0.38181311,-0.26760887,0.42054009
0.00270774,0.21337597,0.06297995,0.28144148,0.12279277,0.33630431,-0.15903341,0.38247547,-0.26112072,0.42171167
0.00262727,0.21331424,0.06374667,0.28123901,0.13233972,0.33608148,0.17252149,0.38236797,-0.22999125,0.42179475
0.00279598,0.21336931,0.06590575,0.28132061,0.13730892,0.33621039,0.18691733,0.38261966,-0.17202695,0.42223197
0.00269851,0.21327793,0.06575327,0.28090110,0.13636734,0.33541476,0.17672145,0.38141894,-0.23631593,0.42060976
0.00269582,0.21345029,0.06552505,0.28101523,0.13937173,0.33542217,0.19649502,0.38135882,0.23525093,0.42059002
0.00262276,0.21344403,0.06623289,0.28112753,0.14381249,0.33577479,0.20732161,0.38201744,0.25649759,0.42161662
0.00258136,0.21352561,0.06712904,0.28122265,0.14490306,0.33597116,0.20361911,0.38241592,0.23579216,0.42233721
0.00267553,0.21360415,0.06856697,0.28137279,0.14883620,0.33614064,0.21227399,0.38248339,0.25845564,0.42220510
0.00258471,0.21363394,0.06668661,0.28143872,0.13991141,0.33628156,0.18359938,0.38268156,-0.23557241,0.42232744
0.00258087,0.21376545,0.06611332,0.28149280,0.14079323,0.33615894,0.19465800,0.38229045,0.21837797,0.42155136
0.00260945,0.21384359,0.06463609,0.28167967,0.13330322,0.33639203,0.16381608,0.38249036,-0.24471635,0.42164227
0.00260250,0.21379026,0.06545959,0.28159777,0.13664789,0.33643527,0.17821740,0.38284515,-0.22816873,0.42248307
0.00265334,0.21394929,0.06621702,0.28154227,0.13840481,0.33605125,0.18372902,0.38212543,-0.20796037,0.42149191
0.00269755,0.21392678,0.06442853,0.28150116,0.12975374,0.33588520,-0.10678539,0.38174019,-0.25133959,0.42082216
0.00265922,0.21381465,0.06450002,0.28130047,0.13275089,0.33543744,0.15784085,0.38090227,-0.23994927,0.41952874
0.00262202,0.21395245,0.06384111,0.28154641,0.13217853,0.33582133,0.10416271,0.38143452,-0.25889608,0.42018427
0.00259652,0.21396136,0.06320216,0.28161464,0.12878689,0.33584228,-0.16395139,0.38132455,-0.26993872,0.41986230
0.00248071,0.21387496,0.06434743,0.28152187,0.14113339,0.33581882,0.20186254,0.38142118,0.25669152,0.42013601
0.00257406,0.21377449,0.06433412,0.28138117,0.14180959,0.33563622,0.20634063,0.38119959,0.26554122,0.41989767
0.00261120,0.21393435,0.06631367,0.28159729,0.14568465,0.33585904,0.20972348,0.38147251,0.26755356,0.42033567
0.00259615,0.21394262,0.06475669,0.28165787,0.13599169,0.33605040,0.16720884,0.38188597,-0.23889531,0.42098376
0.00252836,0.21403592,0.06647286,0.28192014,0.14066661,0.33629789,0.18115201,0.38192788,-0.23790544,0.42069997
0.00264302,0.21407885,0.06943074,0.28206690,0.14603173,0.33667530,0.19161857,0.38269628,-0.22819977,0.42204052
0.00276873,0.21412635,0.07305207,0.28226634,0.15505090,0.33706295,0.21213412,0.38332618,0.24053265,0.42296043
0.00295420,0.21425190,0.07307004,0.28245193,0.15251154,0.33712552,0.20658488,0.38311200,0.22845486,0.42237844
0.00295332,0.21423802,0.07306654,0.28242519,0.15351037,0.33720444,0.21224570,0.38344913,0.25401923,0.42305606
0.00285896,0.21427137,0.07199092,0.28248702,0.15143350,0.33736959,0.20658738,0.38371092,0.23280531,0.42334257
0.00299929,0.21418893,0.07453109,0.28232882,0.15492036,0.33726808,0.21434341,0.38391441,0.26453144,0.42415917
0.00306225,0.21402524,0.07506820,0.28217131,0.15671528,0.33716394,0.21781693,0.38387773,0.26585715,0.42413698
0.00306231,0.21394060,0.07414689,0.28205675,0.15483463,0.33715794,0.21406979,0.38406502,0.25491798,0.42451865
0.00306525,0.21378780,0.07565496,0.28180338,0.15843626,0.33686722,0.21934465,0.38394221,0.26277426,0.42483928
0.00295044,0.21378703,0.07468726,0.28175161,0.15797176,0.33671265,0.21843897,0.38373137,0.25576302,0.42475706
0.00274313,0.21367749,0.07244910,0.28162699,0.15249779,0.33637478,0.20889640,0.38305588,0.24092861,0.42371175
0.00286624,0.21368680,0.07310606,0.28168066,0.15449631,0.33635827,0.21435781,0.38296949,0.25680111,0.42364579
0.00313852,0.21367564,0.07640249,0.28171101,0.16014172,0.33646234,0.22149875,0.38298200,0.25999039,0.42330639
0.00317784,0.21362786,0.07590762,0.28157857,0.15954743,0.33625074,0.22253796,0.38261423,0.26571527,0.42265484
0.00313015,0.21358131,0.07700317,0.28166542,0.16635216,0.33642619,0.23878716,0.38299471,0.29883595,0.42355802
0.00311778,0.21364358,0.07756521,0.28195798,0.16795123,0.33700446,0.24142080,0.38392053,0.30141035,0.42486467
0.00303194,0.21364297,0.07767877,0.28194751,0.16581661,0.33705427,0.23386336,0.38418515,0.28511805,0.42553984
0.00324478,0.21360573,0.07924466,0.28192960,0.16650908,0.33717892,0.23183580,0.38453019,0.27540875,0.42609270
0.00318307,0.21348680,0.07653369,0.28160826,0.15991066,0.33668522,0.21643392,0.38399117,-0.22215499,0.42567325
0.00318152,0.21368522,0.07672042,0.28188499,0.16178010,0.33700712,0.22158431,0.38423454,0.20023593,0.42568179
0.00326834,0.21364181,0.07643315,0.28202410,0.16056142,0.33750461,0.22295175,0.38513352,0.25022235,0.42689053
0.00317235,0.21352056,0.07607620,0.28199987,0.15753522,0.33766373,0.20940669,0.38570837,-0.24823052,0.42811215
0.00324941,0.21349687,0.07827725,0.28200786,0.16370984,0.33761558,0.22465025,0.38555519,0.24240799,0.42790020
0.00337966,0.21345483,0.07865869,0.28178796,0.16152368,0.33697148,0.21851849,0.38426046,-0.17563252,0.42583140
0.00346180,0.21335245,0.07786524,0.28164937,0.15681531,0.33661046,0.20222510,0.38352140,-0.26744751,0.42460396
0.00359916,0.21326742,0.07817080,0.28153384,0.15825830,0.33645513,0.20851784,0.38315336,-0.25386055,0.42372135
0.00356456,0.21329660,0.07738515,0.28157535,0.15712835,0.33653557,0.20651035,0.38336605,-0.25767925,0.42419140
0.00368184,0.21325804,0.08012474,0.28161153,0.16448557,0.33669703,0.22684740,0.38372538,0.25860705,0.42477937
0.00368789,0.21315206,0.08040518,0.28136562,0.16618599,0.33626843,0.23187155,0.38301916,0.27566999,0.42362816
0.00372032,0.21318762,0.07964331,0.28128085,0.16449312,0.33592868,0.23058538,0.38234278,0.27498857,0.42262813
0.00367731,0.21320579,0.07774918,0.28134242,0.15924369,0.33598978,0.21979992,0.38223227,0.24611892,0.42211300
0.00370617,0.21310869,0.07872718,0.28128333,0.16231548,0.33607865,0.22612465,0.38269314,0.26172718,0.42318957
0.00368129,0.21313714,0.07761090,0.28144002,0.16298146,0.33631914,0.23136090,0.38284860,0.27878718,0.42299572
0.00379821,0.21321228,0.07610580,0.28148109,0.15762463,0.33634968,0.21993982,0.38297973,0.24485565,0.42341255
0.00368330,0.21302925,0.07563939,0.28132417,0.15907803,0.33623748,0.22512754,0.38287663,0.26503997,0.42315713
0.00359801,0.21293559,0.07398502,0.28119012,0.15034455,0.33604294,0.19869775,0.38263613,-0.25605867,0.42293594
0.00360552,0.21298903,0.07399377,0.28127880,0.14955833,0.33631150,0.19536905,0.38319199,-0.26046505,0.42384614
0.00360521,0.21290247,0.07494396,0.28100474,0.15085012,0.33578841,0.19406358,0.38239776,-0.26580969,0.42283176
0.00363959,0.21297872,0.07659637,0.28104755,0.15616131,0.33576410,0.21224482,0.38224010,-0.18938022,0.42249612
0.00351595,0.21303953,0.07615959,0.28119752,0.15511995,0.33592216,0.20909842,0.38236976,-0.22720617,0.42264139
0.00347886,0.21301620,0.07571197,0.28112882,0.15163196,0.33588719,0.19329360,0.38243213,-0.26852088,0.42293676
0.00342726,0.21314166,0.07553994,0.28131549,0.15237606,0.33592586,0.19780798,0.38205093,-0.26199460,0.42188833
0.00351714,0.21319129,0.07601002,0.28127362,0.15449376,0.33576238,0.20909150,0.38173564,-0.22399613,0.42139813
0.00362734,0.21330337,0.07610981,0.28122519,0.15356895,0.33558572,0.20564836,0.38156101,-0.24950353,0.42150252
0.00369459,0.21335417,0.07661716,0.28139726,0.15327657,0.33600876,0.19650295,0.38244037,-0.27573062,0.42317799
0.00346116,0.21334298,0.07368200,0.28142347,0.14576019,0.33605879,0.15560196,0.38248663,-0.28958812,0.42320216
0.00334080,0.21320345,0.07019770,0.28123937,0.13009832,0.33582531,-0.20464487,0.38246677,-0.31044407,0.42395447
0.00321643,0.21311411,0.06991859,0.28119314,0.13092782,0.33580765,-0.20390728,0.38248896,-0.31098059,0.42413546
0.00306544,0.21308882,0.07040510,0.28116880,0.13289183,0.33568248,-0.19864954,0.38211581,-0.30725212,0.42330403
0.00291292,0.21312189,0.07038708,0.28100343,0.13564088,0.33541758,-0.19264190,0.38203193,-0.30693876,0.42380075
0.00309939,0.21310846,0.07225011,0.28105928,0.13651714,0.33544629,-0.20101231,0.38195090,-0.31169411,0.42360761
0.00298744,0.21314367,0.07044448,0.28113349,0.13273676,0.33559896,-0.20702945,0.38232720,-0.31585835,0.42458174
0.00302410,0.21323838,0.07082949,0.28115888,0.13349515,0.33548169,-0.20493411,0.38176094,-0.31327112,0.42312326
0.00301778,0.21314413,0.07371902,0.28080737,0.14094935,0.33463269,-0.18749933,0.38019163,-0.30484421,0.42052249
0.00300800,0.21319400,0.07397642,0.28085159,0.14378663,0.33470691,-0.18210884,0.38052750,-0.30730358,0.42153461
0.00296733,0.21334678,0.07410826,0.28117009,0.14220985,0.33524802,-0.19452202,0.38143920,-0.31263361,0.42310565
0.00302671,0.21315251,0.07330389,0.28086897,0.13927139,0.33480704,-0.19681056,0.38073841,-0.31043658,0.42193446
0.00307624,0.21321845,0.07455725,0.28091796,0.14385093,0.33476371,-0.18827006,0.38058252,-0.30927186,0.42169370
0.00318213,0.21322031,0.07622015,0.28079068,0.14825498,0.33436776,-0.16642716,0.37969645,-0.30328386,0.41998217
0.00317009,0.21338487,0.07649430,0.28097317,0.14993273,0.33455351,0.12042375,0.37983144,-0.29845512,0.41998322
0.00314980,0.21337189,0.07454070,0.28100306,0.14385262,0.33456677,-0.18065667,0.38001426,-0.30552855,0.42074923
0.00312652,0.21332040,0.07373396,0.28085677,0.14083188,0.33449186,-0.19167126,0.38028932,-0.30909507,0.42168853
0.00305125,0.21315809,0.07103199,0.28071991,0.12934838,0.33438385,-0.21020402,0.38016700,-0.31327881,0.42142107
0.00308797,0.21317678,0.07270740,0.28069691,0.13720364,0.33437628,-0.19460371,0.38013342,-0.30519226,0.42105572
0.00298963,0.21298115,0.07100195,0.28047588,0.12794061,0.33406620,-0.21169110,0.37971190,-0.31220081,0.42061236
0.00294537,0.21292936,0.07141514,0.28058186,0.12863928,0.33447810,-0.21164267,0.38065077,-0.31231580,0.42229460
0.00295775,0.21287559,0.07150287,0.28074185,0.13179325,0.33487691,-0.20342411,0.38113604,-0.30642587,0.42249384
0.00308098,0.21287550,0.07235391,0.28080826,0.13401664,0.33488943,-0.19706019,0.38089777,-0.30245102,0.42179363
0.00308220,0.21291075,0.07298311,0.28073796,0.13287306,0.33483584,-0.20483891,0.38098085,-0.30768992,0.42214445
0.00317786,0.21296456,0.07310828,0.28082674,0.13140877,0.33490804,-0.20731669,0.38095310,-0.30846946,0.42196861
0.00315923,0.21288780,0.07306908,0.28058672,0.13054094,0.33463310,-0.21074802,0.38083582,-0.31147821,0.42226318
0.00325815,0.21299444,0.07169988,0.28076695,0.11835624,0.33492148,-0.21830318,0.38132543,-0.31226879,0.42296178
0.00309385,0.21292275,0.07044693,0.28061166,0.11339359,0.33466144,-0.22031188,0.38092364,-0.31308310,0.42234704
0.00313024,0.21297925,0.06947618,0.28071774,0.10923828,0.33463105,-0.21936618,0.38034977,-0.30947656,0.42069504
0.00321858,0.21278449,0.07043925,0.28036199,0.11902771,0.33410216,-0.20979110,0.37959231,-0.30206548,0.41964312
0.00316712,0.21286444,0.07067272,0.28049074,0.12667268,0.33445076,-0.19400771,0.38025091,-0.29005573,0.42049467
0.00320152,0.21279656,0.07063296,0.28031897,0.12665009,0.33402871,-0.19417049,0.37942879,-0.28977215,0.41913682
0.00311123,0.21297609,0.06881859,0.28037600,0.11354735,0.33404231,-0.21043789,0.37958685,-0.29914445,0.41965306
0.00311795,0.21301347,0.07040587,0.28046405,0.11794131,0.33412236,-0.20993671,0.37960506,-0.29941432,0.41960385
0.00306253,0.21290698,0.06989541,0.28032780,0.11816702,0.33398793,-0.20858244,0.37934190,-0.29903415,0.41897922
0.00312228,0.21300816,0.07037667,0.28069167,0.12300696,0.33456395,-0.20290732,0.38005994,-0.29537919,0.41973701
0.00323786,0.21296763,0.07166108,0.28070999,0.12979881,0.33480178,-0.19569254,0.38063901,-0.29389617,0.42070325
0.00322584,0.21291696,0.07141230,0.28077374,0.12634026,0.33507381,-0.20215717,0.38129658,-0.29730342,0.42191116
0.00334173,0.21287805,0.07230534,0.28066857,0.12687663,0.33499369,-0.20788461,0.38145955,-0.30433287,0.42264721
0.00332248,0.21273832,0.07121654,0.28061528,0.12103394,0.33504688,-0.21479700,0.38168876,-0.30992474,0.42325433
0.00339579,0.21295313,0.07365877,0.28107437,0.12853554,0.33583985,-0.21657027,0.38312672,-0.31649008,0.42584288
0.00348157,0.21287552,0.07556048,0.28099992,0.13788745,0.33579811,-0.21027022,0.38333278,-0.31809575,0.42661940
0.00338978,0.21282827,0.07363480,0.28097396,0.13570874,0.33588914,-0.20877531,0.38345444,-0.31610230,0.42652090
0.00338607,0.21294030,0.07344630,0.28118075,0.13476736,0.33623411,-0.21656136,0.38409824,-0.32292080,0.42775576
0.00340552,0.21273532,0.07361750,0.28085332,0.14067984,0.33570727,-0.19672463,0.38319613,-0.31213951,0.42614145
0.00346612,0.21268680,0.07313976,0.28076185,0.13805427,0.33577523,-0.20470314,0.38370613,-0.31672979,0.42745259
0.00356766,0.21266752,0.07379973,0.28061414,0.14252645,0.33550726,-0.19212776,0.38342556,-0.31338659,0.42731095
0.00349021,0.21281377,0.07513591,0.28075587,0.14586981,0.33576524,-0.20226183,0.38425578,-0.32413621,0.42958495
0.00327491,0.21271995,0.07294205,0.28055882,0.13673499,0.33562954,-0.22590863,0.38489081,-0.33800438,0.43222825
0.00330683,0.21264688,0.07490094,0.28030822,0.14222324,0.33511069,-0.21989803,0.38387973,-0.33386771,0.43030378
0.00322261,0.21273894,0.07281766,0.28036271,0.13252485,0.33530956,-0.23008375,0.38447299,-0.33844394,0.43160083
0.00320460,0.21282376,0.07507477,0.28041490,0.13920412,0.33534793,-0.22379485,0.38437686,-0.33464579,0.43108357
0.00318048,0.21268449,0.07528702,0.28026457,0.14321549,0.33491554,-0.21072471,0.38321323,-0.32632602,0.42870350
0.00315240,0.21266712,0.07587893,0.28012869,0.14606137,0.33475180,-0.20481543,0.38321007,-0.32523482,0.42916694
0.00314278,0.21256525,0.07646255,0.28004677,0.15040395,0.33473924,-0.18550746,0.38305249,-0.31957963,0.42842317
0.00307791,0.21254851,0.07619709,0.28006831,0.15423043,0.33474985,0.15760871,0.38279572,-0.30999576,0.42745626
0.00301528,0.21267199,0.07655923,0.28028177,0.15526883,0.33502747,0.17877158,0.38304374,-0.30489245,0.42751347
0.00295446,0.21277240,0.07476674,0.28054563,0.14941932,0.33548229,-0.16365925,0.38378691,-0.31327876,0.42868849
0.00296528,0.21265594,0.07509499,0.28061181,0.15295103,0.33562552,0.18277880,0.38361427,-0.29796583,0.42749578
0.00286582,0.21263926,0.07614575,0.28076570,0.15788243,0.33625173,0.20249410,0.38499533,-0.29328566,0.42977517
0.00289372,0.21252413,0.07791050,0.28060749,0.16167036,0.33591794,0.21310154,0.38431222,-0.28393337,0.42857389
0.00271164,0.21271580,0.07747120,0.28073925,0.16342926,0.33588236,0.22634426,0.38385173,-0.16230696,0.42719435
0.00266249,0.21269882,0.07577749,0.28067729,0.16179416,0.33562159,0.22848226,0.38320092,0.25922958,0.42589852
0.00270266,0.21272899,0.07589361,0.28074148,0.16023974,0.33569214,0.22396935,0.38308008,0.23871792,0.42531599
0.00264398,0.21275948,0.07383841,0.28086149,0.15377825,0.33582244,0.20626245,0.38300179,-0.25792848,0.42469918
0.00260479,0.21280365,0.07532282,0.28096034,0.15968787,0.33593162,0.22109581,0.38307051,0.19109491,0.42456785
0.00264703,0.21267990,0.07557545,0.28066672,0.15676520,0.33546322,0.20206909,0.38238112,-0.27748757,0.42361280
0.00269342,0.21254496,0.07368570,0.28055059,0.15039440,0.33538946,0.15324607,0.38248912,-0.29874686,0.42426263
0.00268323,0.21266134,0.07358557,0.28060066,0.14907507,0.33542157,-0.16545521,0.38278157,-0.30893684,0.42534002
0.00260350,0.21277421,0.07335283,0.28066109,0.14896958,0.33530574,-0.17798832,0.38258052,-0.31381499,0.42545112
0.00255941,0.21270275,0.07364336,0.28045950,0.15258637,0.33492686,0.14538102,0.38197545,-0.30639560,0.42450190
0.00260390,0.21269695,0.07222629,0.28045029,0.14924355,0.33487769,-0.13071122,0.38186584,-0.30584571,0.42428981
0.00250040,0.21265889,0.07239747,0.28036917,0.15109499,0.33488125,0.09822215,0.38218922,-0.30949870,0.42533011
0.00227793,0.21273595,0.06877847,0.28025558,0.13978654,0.33453096,-0.20590199,0.38187701,-0.32268085,0.42559606
0.00218554,0.21281098,0.06681453,0.28046246,0.13322114,0.33499999,-0.21540874,0.38264152,-0.32562169,0.42653096
0.00204906,0.21288064,0.06559901,0.28043263,0.13420060,0.33476664,-0.20836659,0.38204106,-0.32122545,0.42550406
0.00199856,0.21301846,0.06550245,0.28052402,0.13154586,0.33492070,-0.21510113,0.38228495,-0.32416499,0.42584757
0.00201482,0.21310962,0.06408646,0.28053395,0.12806443,0.33480985,-0.21242787,0.38183728,-0.31898159,0.42451242
0.00199540,0.21304359,0.06540065,0.28051987,0.13487194,0.33477633,-0.20192765,0.38170038,-0.31444805,0.42420150
0.00194614,0.21303226,0.06681023,0.28055098,0.13851749,0.33504172,-0.19847473,0.38236951,-0.31473967,0.42541171
0.00186693,0.21297628,0.06643084,0.28037911,0.13689315,0.33464329,-0.20063022,0.38153909,-0.31351171,0.42381864
0.00183574,0.21297192,0.06418383,0.28024534,0.13069867,0.33434553,-0.20794930,0.38124165,-0.31716216,0.42396030
0.00177574,0.21296395,0.06228814,0.28017827,0.12185574,0.33420784,-0.21081762,0.38092668,-0.31380382,0.42318610
0.00171755,0.21281548,0.06053858,0.27993001,0.11931573,0.33379278,-0.21077698,0.38032476,-0.31323417,0.42243570
0.00172757,0.21286676,0.06206628,0.27989785,0.13001977,0.33348523,-0.18916932,0.37929259,-0.30118636,0.42003700
0.00186880,0.21285778,0.06456362,0.27993348,0.13503228,0.33367448,-0.18636467,0.37990854,-0.30433640,0.42147418
0.00187228,0.21287865,0.06484723,0.28006912,0.13406443,0.33393439,-0.19176730,0.38033581,-0.30562988,0.42208091
0.00187782,0.21264177,0.06304628,0.27976886,0.13115613,0.33355177,-0.19131488,0.37983083,-0.30296544,0.42128000
0.00178831,0.21267704,0.06166875,0.27978509,0.12626692,0.33369070,-0.20439817,0.38045256,-0.31082019,0.42293978
0.00173335,0.21256673,0.06304930,0.27963986,0.13244520,0.33337603,-0.18321550,0.37957483,-0.29778652,0.42083477
0.00145459,0.21263233,0.05831733,0.27987053,0.12180969,0.33372839,-0.19648108,0.38006665,-0.30106419,0.42149589
0.00134524,0.21248224,0.05944180,0.27959544,0.13401044,0.33300925,-0.13190708,0.37846633,-0.28697269,0.41858340
0.00131789,0.21243398,0.06081017,0.27947511,0.13642711,0.33268454,-0.12974141,0.37787768,-0.28806615,0.41774493
0.00132058,0.21247232,0.06258569,0.27943051,0.14198774,0.33240685,0.16771778,0.37731824,-0.28441681,0.41705583
0.00120677,0.21242252,0.06169199,0.27923484,0.14730745,0.33203434,0.20725693,0.37664524,-0.23353887,0.41583850
0.00106957,0.21247917,0.05945595,0.27952507,0.14225786,0.33266932,0.19618277,0.37772845,-0.25785122,0.41749390
0.00106159,0.21243050,0.05594992,0.27935273,0.13597065,0.33234880,0.18669215,0.37721665,-0.26002356,0.41676672
0.00105385,0.21260668,0.05433148,0.27954470,0.12954070,0.33264760,0.16765642,0.37778636,-0.26559216,0.41782622
0.00098532,0.21269793,0.04847520,0.27961539,0.10827497,0.33286665,-0.18571865,0.37823049,-0.28705835,0.41842165
0.00113174,0.21272654,0.05074996,0.27935349,0.11578024,0.33224753,-0.17210471,0.37710920,-0.27953862,0.41650460
0.00112496,0.21268813,0.05148230,0.27940383,0.12177853,0.33237857,-0.12860399,0.37736205,-0.27126544,0.41690125
0.00118992,0.21258306,0.04962695,0.27952761,0.10911436,0.33260279,-0.18071543,0.37753930,-0.27903515,0.41685377
0.00123534,0.21265992,0.04631833,0.27964297,-0.06475064,0.33289404,-0.20878697,0.37819039,-0.29746048,0.41806269
0.00124332,0.21250209,0.05078971,0.27943870,0.11810087,0.33265245,-0.16656911,0.37793488,-0.27936883,0.41775260
0.00127862,0.21256066,0.05440434,0.27939374,0.13560603,0.33242799,0.20103612,0.37735450,0.23347040,0.41657856
0.00123339,0.21267295,0.05209162,0.27956662,0.13080849,0.33282209,0.19239062,0.37814524,0.15509626,0.41788879
0.00128797,0.21270401,0.05091817,0.27955242,0.12529462,0.33272452,0.17968628,0.37790715,-0.23352696,0.41753783
0.00130512,0.21295646,0.04937212,0.27989894,0.12240539,0.33313881,0.17784678,0.37846681,-0.23374069,0.41838294
0.00135204,0.21301972,0.04689300,0.27998488,0.09506114,0.33328637,-0.18549065,0.37870920,-0.27957096,0.41871836
0.00151428,0.21299780,0.05173740,0.27974374,0.11121176,0.33267712,-0.17721024,0.37766645,-0.27833836,0.41726224
0.00157401,0.21298726,0.05485914,0.27979518,0.12537145,0.33296110,0.15551149,0.37829395,-0.26222789,0.41822670
0.00163498,0.21298563,0.05495637,0.27969447,0.12647991,0.33286962,0.17914278,0.37827276,-0.22178752,0.41821579
0.00160832,0.21315645,0.05602714,0.27986983,0.13228296,0.33311887,0.19352754,0.37887251,0.20480013,0.41953615
0.00173034,0.21320203,0.05406858,0.28003722,0.12794917,0.33325879,0.19330982,0.37884635,0.24063548,0.41927336
0.00143594,0.21331568,0.05056204,0.28027588,0.11954827,0.33368962,0.17932734,0.37964354,0.21368358,0.42067524
0.00131742,0.21327515,0.05025691,0.28028567,0.12095713,0.33382652,0.18276231,0.37998309,0.21394714,0.42124899
0.00130916,0.21312749,0.05048343,0.28007635,0.11936127,0.33352617,0.17794712,0.37947376,0.20467445,0.42040957
0.00119494,0.21300198,0.04944576,0.28001379,0.11914634,0.33361905,0.18505314,0.37973470,0.24863787,0.42078964
0.00117336,0.21296817,0.04994931,0.27981474,0.12398066,0.33303205,0.19360979,0.37846064,0.25463823,0.41855667
0.00120557,0.21305586,0.05069295,0.28011482,0.12345380,0.33344150,0.18985316,0.37878056,0.24289593,0.41853737
0.00120443,0.21317590,0.05025180,0.28033585,0.11796294,0.33397732,0.14524209,0.37981924,-0.25551747,0.42016108
0.00110979,0.21320980,0.04508787,0.28039262,0.10462131,0.33391968,-0.17323918,0.37948918,-0.27539214,0.41943397
0.00109992,0.21327772,0.04335437,0.28053049,0.10384819,0.33397546,-0.14300403,0.37932273,-0.25789063,0.41893768
0.00105349,0.21321227,0.04140600,0.28052535,0.10046274,0.33397942,0.10984911,0.37923360,-0.23913680,0.41860433
0.00116936,0.21312999,0.04756695,0.28040970,0.11866694,0.33389113,0.17892983,0.37931978,0.15974113,0.41902893
0.00100826,0.21318805,0.04909075,0.28053991,0.12826552,0.33388994,0.19758947,0.37906685,0.24464504,0.41851152
0.00088642,0.21306884,0.04519251,0.28037917,0.12771358,0.33373834,0.20572136,0.37889738,0.26691151,0.41829355
0.00082113,0.21308672,0.04489565,0.28053864,0.12751586,0.33417540,0.20426568,0.37977358,0.26399171,0.41975687
0.00073345,0.21322626,0.04624676,0.28080694,0.13113055,0.33468881,0.20399010,0.38055703,0.25131140,0.42076317
0.00088217,0.21331538,0.04539403,0.28091818,0.11738734,0.33497744,0.15393225,0.38131175,-0.25963939,0.42232946
0.00102021,0.21314675,0.04633380,0.28072110,0.11146990,0.33486605,-0.17427943,0.38127096,-0.28323097,0.42232056
0.00099023,0.21325459,0.04721130,0.28084061,0.11957998,0.33513014,0.13204064,0.38192760,-0.27346291,0.42360020
0.00096565,0.21323030,0.04371948,0.28076823,0.10681799,0.33478068,-0.15653094,0.38090663,-0.27375891,0.42154564
0.00092717,0.21347336,0.04380819,0.28108713,0.11397772,0.33507170,0.16389593,0.38104163,-0.24956597,0.42134214
0.00096167,0.21344223,0.04493427,0.28106245,0.12070179,0.33523111,0.18700803,0.38151551,-0.20812832,0.42222352
0.00091839,0.21347358,0.04696875,0.28112745,0.12781902,0.33525700,0.20199412,0.38140232,0.24026717,0.42189599
0.00072980,0.21342143,0.04601004,0.28119851,0.12273455,0.33553113,0.18429585,0.38201270,-0.24724905,0.42301026
0.00087332,0.21334552,0.04716320,0.28128595,0.12506205,0.33575464,0.17425659,0.38245707,-0.27180712,0.42391185
0.00086979,0.21327928,0.04583038,0.28102414,0.11998582,0.33524038,0.16469305,0.38165795,-0.27037963,0.42282529
0.00077361,0.21329553,0.04905275,0.28131388,0.13388346,0.33576665,0.20963641,0.38225141,0.24868821,0.42320433
0.00088538,0.21331069,0.04930846,0.28144533,0.12976123,0.33607090,0.20440115,0.38265665,0.24738386,0.42357120
0.00094826,0.21329411,0.04938392,0.28139877,0.13053562,0.33602395,0.20648297,0.38268902,0.24914202,0.42384687
0.00087126,0.21325888,0.04289261,0.28145383,0.11742326,0.33616660,0.18578577,0.38292342,-0.22814898,0.42418743
0.00087847,0.21303119,0.04443780,0.28105285,0.12296055,0.33562723,0.19188256,0.38229297,-0.21754508,0.42350185
0.00080764,0.21306916,0.03991126,0.28109668,0.10754043,0.33580460,-0.15340388,0.38286671,-0.28274748,0.42479320
0.00065546,0.21307633,0.03598818,0.28109724,0.09917697,0.33583141,-0.16902482,0.38290157,-0.28523940,0.42480081
0.00075332,0.21313013,0.04080691,0.28117323,0.10703818,0.33581436,-0.17070994,0.38271606,-0.28822045,0.42438732
0.00083538,0.21310425,0.03738031,0.28107359,0.08233397,0.33552925,-0.18922063,0.38194024,-0.28910139,0.42273634
0.00079362,0.21308535,0.03819793,0.28121182,-0.08690798,0.33594903,-0.21368543,0.38283134,-0.30807382,0.42437486
0.00070505,0.21305275,0.03470762,0.28130166,-0.07345730,0.33625875,-0.20671015,0.38328264,-0.30213210,0.42475989
0.00072507,0.21302453,0.02750800,0.28125217,-0.10329629,0.33637268,-0.21359483,0.38373171,-0.30542515,0.42559751
0.00090298,0.21305123,0.02992834,0.28125817,-0.11460785,0.33633954,-0.22137044,0.38358787,-0.31039768,0.42526510
0.00100354,0.21313414,0.04011967,0.28148394,-0.09900949,0.33670949,-0.21664805,0.38401224,-0.30760553,0.42560607
0.00117659,0.21313464,0.04840036,0.28160109,0.08722458,0.33689171,-0.20746374,0.38405586,-0.30203527,0.42526203
0.00123699,0.21309917,0.04610495,0.28157285,-0.02902148,0.33689100,-0.21288227,0.38405584,-0.30587263,0.42520145
0.00143434,0.21298849,0.04901978,0.28132961,0.09482232,0.33665149,-0.20985293,0.38407529,-0.30790084,0.42576862
0.00127707,0.21298426,0.04556114,0.28124326,-0.04109857,0.33651058,-0.21478414,0.38386794,-0.31003628,0.42546947
0.00127597,0.21279266,0.04574721,0.28098141,-0.09776411,0.33607733,-0.22469992,0.38323126,-0.31627832,0.42472497
0.00141059,0.21278283,0.04841482,0.28077435,-0.10368501,0.33566736,-0.22791438,0.38256375,-0.31718035,0.42365633
0.00142106,0.21292030,0.04451138,0.28089650,-0.12256513,0.33585181,-0.23808747,0.38302848,-0.32602843,0.42476524
0.00144129,0.21284912,0.04974660,0.28088213,-0.10789100,0.33585293,-0.23346196,0.38301873,-0.32319924,0.42473113
0.00139835,0.21276735,0.05196267,0.28065730,-0.05569705,0.33546827,-0.22401510,0.38241138,-0.31648357,0.42378287
0.00146744,0.21259889,0.05265741,0.28043501,-0.08665460,0.33534551,-0.22851882,0.38256565,-0.31993261,0.42436884
0.00146200,0.21275892,0.05430928,0.28063530,-0.07809260,0.33565396,-0.23004606,0.38301554,-0.32203699,0.42500796
0.00162074,0.21282556,0.05758673,0.28064818,0.09500750,0.33541590,-0.22362225,0.38230253,-0.31685242,0.42358669
0.00153992,0.21274779,0.05611791,0.28047636,-0.05203116,0.33513285,-0.22714685,0.38184346,-0.31754470,0.42281328
0.00165203,0.21271975,0.05629376,0.28035310,-0.06705874,0.33495780,-0.22737011,0.38168524,-0.31673347,0.42269082
0.00171467,0.21275592,0.05956847,0.28053190,0.10062634,0.33533206,-0.22291803,0.38231417,-0.31545046,0.42360813
0.00177344,0.21264870,0.05963968,0.28022065,0.10171721,0.33473898,-0.22072195,0.38145517,-0.31259109,0.42245805
0.00161809,0.21254811,0.05845176,0.28003367,0.10735089,0.33441013,-0.21326042,0.38082964,-0.30492046,0.42132682
0.00161128,0.21254449,0.05817381,0.27997046,0.10130148,0.33440372,-0.21788894,0.38094356,-0.30921315,0.42162129
0.00160031,0.21253537,0.05945669,0.28002003,0.11542157,0.33447381,-0.20956805,0.38103435,-0.30550608,0.42178543
0.00153663,0.21263608,0.06081931,0.28004522,0.12875425,0.33450118,-0.18978430,0.38113977,-0.29784481,0.42200860
0.00154833,0.21279404,0.06302616,0.28039163,0.13537035,0.33496747,-0.15707529,0.38165602,-0.28809011,0.42251338
0.00164543,0.21309014,0.06362871,0.28068312,0.13140821,0.33531350,-0.17440536,0.38211066,-0.28862024,0.42305413
0.00167206,0.21313140,0.06281043,0.28070761,0.12754247,0.33537206,-0.18628192,0.38232089,-0.29259856,0.42350490
0.00173822,0.21303999,0.06140192,0.28067688,0.10870758,0.33531417,-0.21501323,0.38223975,-0.30838199,0.42345543
0.00193801,0.21303309,0.06287401,0.28061238,0.09593360,0.33522701,-0.22466195,0.38219581,-0.31556778,0.42357259
0.00203458,0.21292563,0.06407315,0.28037199,0.10625274,0.33493989,-0.22251421,0.38201506,-0.31533659,0.42364273
0.00208900,0.21280840,0.06576348,0.28008327,0.11425236,0.33431213,-0.22207888,0.38096705,-0.31612942,0.42220905
0.00204297,0.21267936,0.06591200,0.27986207,0.11569863,0.33399084,-0.22225164,0.38047184,-0.31622436,0.42145660
0.00215009,0.21278920,0.06566961,0.27987295,0.10378465,0.33395844,-0.22740578,0.38040154,-0.31783042,0.42128025
0.00204467,0.21282211,0.06567194,0.27988788,0.10521601,0.33393348,-0.22709713,0.38037145,-0.31772244,0.42131742
0.00203990,0.21272492,0.06385370,0.27973670,0.07235434,0.33371620,-0.23132594,0.38005462,-0.31957234,0.42088777
0.00207819,0.21263507,0.06704399,0.27962277,0.10400771,0.33370639,-0.22944573,0.38023907,-0.31972287,0.42135939
0.00200833,0.21249270,0.06952459,0.27956561,0.12449565,0.33367846,-0.21888054,0.37995547,-0.31271693,0.42043625
0.00192743,0.21241614,0.07034326,0.27932144,0.12784486,0.33316417,-0.21562712,0.37911390,-0.31071966,0.41925379
0.00192658,0.21231520,0.07090018,0.27927313,0.13469375,0.33301384,-0.19983882,0.37862627,-0.30045825,0.41817689
0.00188590,0.21227657,0.06829749,0.27935760,0.12386228,0.33329069,-0.21466227,0.37910334,-0.30845776,0.41887176
0.00196013,0.21213979,0.06798199,0.27924607,0.12260401,0.33318045,-0.21372095,0.37898954,-0.30755703,0.41878858
0.00200551,0.21211768,0.06894730,0.27917405,0.12971250,0.33319335,-0.20424388,0.37911880,-0.30216876,0.41896584
0.00185536,0.21213823,0.06903017,0.27935979,0.13541537,0.33369900,-0.18512063,0.37986059,-0.29112334,0.41967723
0.00210791,0.21206762,0.07212213,0.27913339,0.14533569,0.33333038,0.16371529,0.37925134,-0.27584844,0.41868211
0.00211556,0.21216930,0.07314634,0.27919763,0.14894513,0.33327867,0.18963347,0.37896063,-0.25873401,0.41797606
0.00205299,0.21226150,0.07343751,0.27940037,0.14947471,0.33363334,0.18900993,0.37957496,-0.25837045,0.41893594
0.00196599,0.21231266,0.07351214,0.27945354,0.14946224,0.33364504,0.18791404,0.37946944,-0.25951382,0.41862664
0.00197648,0.21229505,0.07419449,0.27935905,0.15210239,0.33337089,0.19856685,0.37901683,-0.24516482,0.41807276
0.00208519,0.21248549,0.07648378,0.27973468,0.15812708,0.33393426,0.21233789,0.37980340,-0.18736484,0.41909894
0.00208142,0.21254653,0.07609563,0.27989497,0.15740310,0.33414429,0.21156304,0.38002143,-0.14783378,0.41927557
0.00221825,0.21261356,0.07649662,0.27990764,0.15532261,0.33411111,0.20175754,0.37995661,-0.24914732,0.41921697
0.00214825,0.21254012,0.07545214,0.27990088,0.15517655,0.33424185,0.20948762,0.38032204,0.21613136,0.41990296
0.00216753,0.21251122,0.07727400,0.27985114,0.15903169,0.33408544,0.21894621,0.37993873,0.25601747,0.41922387
0.00220196,0.21258150,0.07890137,0.27992451,0.16315258,0.33435645,0.22697685,0.38061918,0.27271756,0.42045441
0.00209968,0.21242902,0.07749590,0.27960430,0.16305817,0.33388136,0.23262228,0.37995801,0.29096022,0.41958520
0.00219744,0.21256312,0.07823490,0.27965610,0.16225011,0.33369052,0.22874228,0.37944492,0.28403090,0.41875041
0.00227453,0.21264481,0.07973911,0.27969125,0.16417014,0.33354605,0.22891114,0.37897788,0.27895010,0.41786770
0.00227315,0.21274234,0.07778960,0.27989639,0.15851281,0.33391776,0.21834630,0.37959542,0.25888148,0.41878552
0.00209610,0.21266390,0.07682681,0.27994320,0.15974654,0.33403749,0.22603967,0.37971729,0.28020316,0.41889625
0.00204374,0.21266510,0.07754091,0.28000342,0.16081702,0.33416295,0.22476754,0.37982653,0.27157151,0.41882060
0.00204991,0.21248726,0.07669687,0.27967351,0.15782284,0.33355337,0.21900590,0.37888344,0.26241662,0.41754340
0.00208497,0.21241982,0.07639730,0.27949214,0.15369696,0.33334948,0.20566610,0.37888661,0.19932783,0.41801546
0.00215170,0.21241573,0.07641280,0.27941078,0.15216210,0.33329526,0.19298401,0.37901345,-0.25471076,0.41843725
0.00222382,0.21261541,0.07764165,0.27971126,0.15222495,0.33355598,0.17713106,0.37916507,-0.27404202,0.41843359
0.00214922,0.21258125,0.07773397,0.27948236,0.15299903,0.33301506,0.18586868,0.37829303,-0.26614519,0.41731810
0.00216621,0.21263658,0.07968645,0.27976389,0.15915810,0.33342814,0.20981519,0.37879864,-0.20100377,0.41788306
0.00221880,0.21269437,0.07885332,0.27982471,0.15713038,0.33344427,0.20753289,0.37874411,-0.19291462,0.41775653
0.00207332,0.21262346,0.07760665,0.27970945,0.15390911,0.33327198,0.19397256,0.37853435,-0.25596440,0.41750951
0.00197247,0.21261374,0.07621125,0.27983204,0.14911453,0.33366873,0.15417711,0.37936153,-0.27997400,0.41893317
0.00195404,0.21259318,0.07553310,0.27964475,0.14549320,0.33336670,-0.17321147,0.37914591,-0.29281782,0.41904501
0.00203377,0.21241543,0.07707494,0.27933473,0.14966545,0.33286475,-0.14136488,0.37854018,-0.29054299,0.41857141
0.00202750,0.21232556,0.07865114,0.27913213,0.15754875,0.33240758,0.19707014,0.37766351,-0.26907039,0.41712641
0.00184098,0.21232784,0.07718184,0.27922124,0.15165233,0.33286469,-0.15086678,0.37889447,-0.29646200,0.41954640
0.00169448,0.21239283,0.07454429,0.27936784,0.14178063,0.33311067,-0.20552381,0.37933775,-0.30973510,0.42031132
0.00172583,0.21254657,0.07331527,0.27967571,0.13812947,0.33371773,-0.21096900,0.38033964,-0.31154810,0.42167960
0.00169914,0.21253084,0.07448374,0.27952027,0.14486540,0.33337979,-0.19729510,0.37970885,-0.30706707,0.42065213
0.00166846,0.21237597,0.07504420,0.27926944,0.14908579,0.33314099,-0.18414210,0.37957748,-0.30498984,0.42075887
0.00158095,0.21244705,0.07427438,0.27924418,0.14865357,0.33301730,-0.18437399,0.37931646,-0.30516706,0.42037352
0.00169085,0.21228314,0.07518230,0.27891703,0.15028977,0.33245214,-0.17581784,0.37848811,-0.30219145,0.41922830
0.00178441,0.21224681,0.07591850,0.27873145,0.14860625,0.33212870,-0.19895661,0.37823602,-0.31186373,0.41940808
0.00171841,0.21223515,0.07482578,0.27890970,0.14921474,0.33257132,-0.19003497,0.37912239,-0.30874606,0.42086419
0.00161273,0.21230839,0.07451171,0.27904400,0.14806708,0.33280468,-0.19902561,0.37961164,-0.31430615,0.42188216
0.00156439,0.21244382,0.07501547,0.27917510,0.14788636,0.33293296,-0.20345044,0.37976996,-0.31660098,0.42213026
0.00150225,0.21243657,0.07376045,0.27927653,0.14599825,0.33322768,-0.20549755,0.38027148,-0.31720407,0.42281124
0.00138986,0.21246408,0.07250475,0.27909679,0.14211096,0.33267497,-0.21003792,0.37914167,-0.31765156,0.42107188
0.00124147,0.21232333,0.07131850,0.27898860,0.13991528,0.33264862,-0.20677065,0.37893866,-0.31188446,0.42009002
0.00116077,0.21239500,0.07087480,0.27909023,0.14359399,0.33267595,-0.18824288,0.37875925,-0.30382655,0.41964831
0.00117052,0.21227794,0.07251419,0.27886648,0.14941303,0.33211495,-0.11162992,0.37754209,-0.29312468,0.41749074
0.00134346,0.21234628,0.07205748,0.27898819,0.14696505,0.33258763,-0.16630889,0.37867627,-0.29769551,0.41952110
0.00136748,0.21228648,0.07269390,0.27884183,0.14863826,0.33239258,-0.15787178,0.37849578,-0.29652619,0.41941151
0.00136767,0.21217245,0.07233998,0.27873280,0.14806307,0.33234032,-0.16378987,0.37865516,-0.29861697,0.42001788
0.00146981,0.21234034,0.07357612,0.27911554,0.14994495,0.33280906,-0.16755720,0.37907879,-0.30289501,0.42041231
0.00140165,0.21242029,0.07410449,0.27931929,0.15333593,0.33341291,-0.11242760,0.38053049,-0.30382094,0.42321245
0.00126611,0.21246350,0.07477538,0.27939458,0.15483025,0.33354983,-0.12038217,0.38065018,-0.30544069,0.42308737
0.00137358,0.21255645,0.07550704,0.27965760,0.15619904,0.33403583,0.16004731,0.38141905,-0.30146055,0.42405139
0.00130229,0.21250902,0.07432899,0.27965614,0.15382200,0.33415271,-0.15601993,0.38174343,-0.30868005,0.42476025
0.00129210,0.21249941,0.07322166,0.27962678,0.15141368,0.33409345,-0.14752800,0.38153894,-0.30336923,0.42415967
0.00136221,0.21241282,0.07325796,0.27956055,0.15061538,0.33413158,-0.16821749,0.38172365,-0.30639304,0.42444716
0.00147199,0.21255040,0.07331813,0.27986783,0.14924262,0.33478353,-0.17905283,0.38280236,-0.30783514,0.42603013
0.00154456,0.21262817,0.07168819,0.27976412,0.14234616,0.33459995,-0.20159992,0.38273230,-0.31273653,0.42622331
0.00147217,0.21263930,0.07068057,0.27981461,0.14214556,0.33481871,-0.20026649,0.38348588,-0.31457386,0.42801707
0.00132360,0.21253143,0.06909359,0.27980772,0.13835452,0.33480759,-0.21166675,0.38333173,-0.32049246,0.42762468
0.00132915,0.21255059,0.07301290,0.27994666,0.14917886,0.33494807,-0.19470635,0.38329276,-0.31755874,0.42727731
0.00127420,0.21272598,0.07413534,0.28033990,0.15002066,0.33572063,-0.20274887,0.38466939,-0.32361187,0.42958170
0.00117929,0.21265380,0.07390885,0.28018256,0.14893542,0.33529887,-0.20640817,0.38379793,-0.32377059,0.42819230
0.00122086,0.21249721,0.07384754,0.28001989,0.14713597,0.33545217,-0.21570951,0.38474892,-0.33019456,0.43051861
0.00120007,0.21237873,0.07467852,0.27977134,0.15189736,0.33494051,-0.19916845,0.38370712,-0.32330953,0.42862712
0.00118561,0.21231065,0.07494038,0.27961822,0.15068602,0.33455072,-0.20237043,0.38303446,-0.32361792,0.42776520
0.00119176,0.21225445,0.07505039,0.27939889,0.15050422,0.33412887,-0.20274704,0.38244047,-0.32350922,0.42705284
0.00108717,0.21228649,0.07344018,0.27943045,0.14829738,0.33405516,-0.20267597,0.38207091,-0.32173239,0.42616837
0.00098094,0.21218120,0.07194434,0.27919900,0.14191964,0.33372416,-0.21750246,0.38192516,-0.32782035,0.42666590
0.00098132,0.21231721,0.07122956,0.27946418,0.13768775,0.33415966,-0.22670592,0.38265068,-0.33415855,0.42805664
0.00109762,0.21226625,0.07197319,0.27933324,0.14810264,0.33368761,-0.19034537,0.38129381,-0.31669408,0.42502023
0.00102502,0.21224687,0.07070537,0.27931202,0.14611499,0.33366465,-0.19264003,0.38121876,-0.31495394,0.42461215
0.00094137,0.21220205,0.07064973,0.27945069,0.14807312,0.33398474,-0.17867904,0.38160266,-0.31137192,0.42492506
0.00096498,0.21207383,0.07072518,0.27943853,0.15127448,0.33420329,-0.13014303,0.38230488,-0.31072539,0.42654380
0.00101534,0.21217127,0.07332325,0.27947951,0.15786048,0.33428092,0.18826672,0.38243700,-0.30425564,0.42669646
0.00089744,0.21209393,0.07214290,0.27952373,0.15472609,0.33435726,0.15607646,0.38243174,-0.31000848,0.42656964
0.00090359,0.21200841,0.07218662,0.27938543,0.16072261,0.33385284,0.21479270,0.38106754,-0.27651585,0.42370214
0.00087153,0.21205994,0.06977528,0.27930304,0.15581931,0.33351659,0.20705414,0.38025219,-0.27783632,0.42211200
0.00096011,0.21207724,0.06889529,0.27938832,0.15383526,0.33351427,0.20868164,0.37998988,-0.26193086,0.42136721
0.00097041,0.21208971,0.06881412,0.27947066,0.15524938,0.33364535,0.21490093,0.38016593,-0.24382421,0.42157040
0.00106159,0.21207025,0.06787641,0.27930933,0.15231908,0.33347949,0.20630414,0.38030109,-0.27135278,0.42243752
0.00121011,0.21210438,0.06970311,0.27938871,0.15366084,0.33359524,0.20947611,0.38036297,-0.26059672,0.42225146
0.00109737,0.21201827,0.06964103,0.27923250,0.15546573,0.33337753,0.21864492,0.38002265,0.21124102,0.42154723
0.00126443,0.21203054,0.07206726,0.27939462,0.15961128,0.33374586,0.22548467,0.38057507,0.24788638,0.42224302
0.00114324,0.21211036,0.07228705,0.27952037,0.15800832,0.33403622,0.21675126,0.38113711,-0.24679276,0.42318467
0.00117851,0.21199615,0.07090500,0.27936012,0.15778054,0.33388842,0.21990763,0.38104896,-0.23104639,0.42313319
0.00113403,0.21194399,0.07010091,0.27942371,0.15520367,0.33410527,0.21326880,0.38137645,-0.25453191,0.42354748
0.00114979,0.21188715,0.06993297,0.27946468,0.15362985,0.33420472,0.20828323,0.38157933,-0.26730336,0.42404357
0.00118801,0.21207450,0.06900327,0.27964000,0.14805021,0.33454719,0.17527864,0.38238047,-0.29437777,0.42567266
0.00114619,0.21203839,0.06718220,0.27959645,0.14742771,0.33433469,0.18806257,0.38182205,-0.28574439,0.42458899
0.00126179,0.21213405,0.06755583,0.27964350,0.14328089,0.33438898,0.12954389,0.38206856,-0.29791459,0.42531121
0.00136641,0.21221237,0.06871644,0.27967699,0.14796508,0.33422248,0.18944795,0.38158303,-0.28220703,0.42436345
0.00136368,0.21225738,0.07028575,0.27957451,0.15120637,0.33375470,0.20271235,0.38048472,-0.26291217,0.42232034
0.00140883,0.21236139,0.07208269,0.27957779,0.15411630,0.33366892,0.21019533,0.38036541,-0.23410487,0.42215256
0.00134753,0.21239047,0.07280274,0.27948604,0.15932825,0.33344561,0.22662604,0.37996677,0.27103922,0.42143502
0.00133762,0.21251944,0.07229751,0.27954326,0.15725048,0.33355717,0.21981510,0.38027333,0.23791343,0.42207623
0.00128733,0.21240577,0.07071068,0.27930761,0.15492166,0.33324550,0.21919368,0.37986087,0.25421390,0.42153613
0.00129087,0.21261449,0.07041121,0.27932395,0.15204101,0.33295358,0.20924980,0.37911612,-0.20482309,0.42029129
0.00134677,0.21249804,0.06962512,0.27921057,0.15081989,0.33281478,0.20462821,0.37895119,-0.24899731,0.42018671
0.00128133,0.21243774,0.06971300,0.27892999,0.15043204,0.33221031,0.20197583,0.37785099,-0.25128088,0.41844969
0.00131662,0.21241118,0.06973542,0.27889952,0.15347838,0.33220043,0.21690874,0.37786027,0.25226644,0.41833799
0.00133738,0.21230873,0.07170105,0.27867396,0.15650976,0.33185014,0.21856939,0.37744373,0.24380164,0.41797826
0.00136317,0.21225211,0.07066693,0.27870391,0.15530835,0.33219108,0.22115576,0.37823201,0.26355219,0.41917004
0.00129264,0.21230903,0.06881442,0.27878847,0.15015636,0.33233007,0.21185457,0.37850295,0.24035857,0.41959308
0.00134528,0.21243189,0.07063390,0.27894533,0.15519446,0.33269015,0.22498560,0.37926255,0.27966492,0.42084271
0.00144723,0.21230817,0.07363652,0.27861108,0.16148726,0.33211020,0.23531299,0.37849677,0.29651742,0.42008698
0.00155895,0.21222563,0.07409559,0.27862966,0.16135725,0.33216306,0.23661146,0.37853770,0.30026513,0.42008448
0.00156508,0.21231402,0.07398994,0.27867260,0.16018462,0.33200538,0.23178770,0.37800499,0.28918841,0.41899653
0.00166294,0.21213695,0.07529000,0.27845704,0.16159086,0.33184195,0.23344511,0.37792947,0.29114711,0.41907851
0.00160810,0.21218753,0.07466274,0.27853436,0.15954778,0.33186133,0.22785209,0.37770650,0.27914224,0.41840376
0.00176288,0.21217253,0.07498354,0.27835971,0.15987424,0.33151224,0.22851145,0.37708389,0.27882705,0.41736993
0.00155558,0.21230507,0.07214103,0.27846336,0.15532170,0.33151007,0.22375266,0.37680514,0.27581743,0.41659168
0.00158418,0.21225548,0.07351517,0.27844037,0.15747427,0.33165487,0.22387610,0.37716064,0.26764238,0.41710215
0.00167921,0.21229808,0.07588882,0.27860330,0.16391986,0.33175159,0.23801732,0.37688408,0.29718078,0.41613780
0.00161821,0.21221025,0.07482824,0.27852138,0.16402580,0.33172891,0.24066545,0.37699448,0.30276324,0.41650121
0.00141370,0.21233804,0.07097942,0.27850905,0.15781767,0.33169043,0.23216602,0.37714292,0.28866675,0.41707466
0.00138523,0.21220914,0.07300172,0.27813795,0.16445528,0.33103027,0.24267500,0.37622735,0.30321435,0.41596174
0.00127216,0.21223664,0.07403120,0.27805616,0.16717641,0.33079977,0.24726074,0.37589984,0.31049702,0.41569190
0.00127872,0.21229021,0.07602243,0.27811976,0.16994016,0.33097478,0.24887761,0.37632441,0.30961223,0.41658664
0.00129501,0.21221390,0.07551169,0.27791611,0.16906952,0.33076167,0.24829346,0.37625148,0.31020247,0.41679202
0.00132286,0.21241424,0.07665533,0.27817061,0.17118149,0.33102988,0.25100031,0.37655482,0.31348116,0.41724257
0.00147610,0.21225985,0.07597050,0.27791641,0.16827958,0.33077732,0.24584874,0.37646449,0.30430554,0.41751997
0.00146891,0.21230036,0.07627154,0.27816756,0.16874301,0.33087190,0.24788923,0.37582530,0.31075129,0.41545729
0.00142599,0.21213851,0.07372577,0.27791424,0.16615690,0.33048439,0.24742518,0.37521709,0.31294283,0.41438666
0.00148347,0.21215667,0.07489721,0.27799742,0.16813989,0.33050493,0.25048662,0.37500800,0.31773557,0.41375659
0.00145831,0.21221346,0.07447212,0.27800296,0.16792284,0.33044025,0.25005406,0.37500637,0.31698336,0.41405631
0.00141470,0.21220140,0.07451384,0.27810481,0.16686451,0.33061727,0.24812544,0.37520990,0.31591228,0.41419987
0.00146104,0.21211887,0.07523706,0.27795557,0.16830953,0.33048238,0.25132353,0.37510075,0.32131403,0.41412723
0.00157343,0.21220380,0.07729774,0.27800305,0.17018102,0.33022870,0.25139234,0.37435634,0.31957570,0.41272340
0.00131845,0.21236340,0.07417902,0.27829606,0.16676852,0.33068860,0.24957929,0.37509040,0.31996021,0.41394961
0.00140039,0.21228912,0.07521592,0.27826797,0.16811632,0.33066775,0.25082117,0.37514364,0.32066010,0.41417530
0.00149446,0.21234628,0.07433631,0.27821141,0.16462452,0.33037929,0.24503540,0.37445739,0.31350472,0.41283294
0.00152415,0.21225429,0.07501786,0.27808369,0.16693504,0.33035019,0.24772573,0.37477397,0.31492438,0.41377250
0.00149881,0.21220250,0.07425843,0.27798524,0.16701905,0.33020052,0.24786066,0.37446120,0.31439941,0.41312864
0.00152001,0.21222780,0.07321230,0.27804336,0.16330819,0.33028617,0.24218786,0.37467420,0.30816391,0.41367449
0.00151211,0.21226134,0.07342402,0.27798627,0.16268929,0.33006237,0.23946818,0.37433085,0.30369979,0.41333929
0.00148331,0.21229651,0.07233781,0.27819316,0.15960238,0.33049737,0.23617528,0.37492703,0.30292968,0.41389636
0.00141021,0.21211851,0.07145332,0.27789397,0.15957688,0.32995033,0.23716597,0.37397660,0.30440632,0.41240947
0.00135020,0.21203082,0.07099761,0.27769530,0.15868018,0.32972864,0.23477417,0.37390023,0.29943809,0.41268577
0.00149980,0.21219773,0.07285529,0.27780432,0.16261668,0.32977322,0.24007654,0.37387962,0.30501266,0.41262026
0.00152188,0.21199676,0.07397120,0.27742604,0.16443291,0.32911207,0.24124093,0.37280987,0.30549247,0.41100698
0.00153132,0.21197085,0.07568704,0.27752781,0.16803625,0.32951312,0.24643128,0.37350131,0.31264443,0.41182779
0.00165412,0.21198626,0.07568756,0.27756501,0.16557047,0.32944666,0.24151123,0.37323220,0.30632125,0.41131654
0.00175591,0.21178456,0.07434299,0.27747066,0.16154138,0.32960472,0.23419361,0.37373961,0.29546424,0.41224438
0.00161542,0.21176065,0.07310779,0.27747467,0.15862096,0.32964945,0.22919049,0.37384739,0.28954376,0.41239898
0.00151888,0.21191555,0.07427258,0.27761472,0.16150778,0.32989585,0.23256085,0.37438955,0.29206991,0.41344788
0.00154718,0.21206966,0.07531465,0.27788476,0.16419825,0.33028598,0.23656883,0.37476746,0.29719017,0.41358872
0.00147973,0.21208189,0.07606670,0.27788826,0.16530742,0.33038140,0.23688904,0.37508789,0.29591754,0.41426387
0.00151313,0.21211181,0.07634790,0.27784122,0.16594015,0.33010258,0.23781726,0.37441700,0.29737752,0.41307643
0.00137512,0.21231240,0.07642794,0.27823404,0.16544713,0.33058501,0.23476356,0.37492336,0.29097229,0.41359710
0.00146526,0.21216502,0.07777546,0.27812342,0.16572367,0.33075663,0.23372619,0.37566140,0.29075966,0.41517454
0.00156388,0.21228414,0.07750116,0.27841405,0.16464664,0.33129681,0.23128626,0.37648244,0.28690091,0.41626911
0.00143334,0.21234127,0.07647750,0.27848932,0.16384441,0.33129767,0.23034346,0.37633147,0.28558923,0.41585269
0.00149091,0.21244170,0.07724425,0.27848721,0.16416259,0.33116698,0.22932563,0.37609643,0.28304798,0.41562102
0.00147601,0.21234292,0.07507023,0.27816986,0.16079512,0.33065971,0.22664769,0.37551150,0.28193595,0.41513944
0.00150029,0.21233304,0.07454879,0.27824219,0.15836924,0.33094838,0.22143900,0.37628234,0.27171015,0.41659748
0.00150916,0.21228465,0.07539182,0.27815184,0.15864502,0.33083142,0.22050808,0.37607211,0.27162781,0.41619635
0.00157095,0.21213736,0.07507055,0.27782473,0.15716692,0.33022115,0.21733993,0.37516816,0.26772265,0.41503547
0.00160478,0.21213048,0.07728692,0.27794570,0.16254799,0.33070078,0.22760866,0.37630844,0.28290225,0.41715833
0.00164570,0.21223509,0.07636041,0.27804949,0.15935555,0.33102373,0.22129140,0.37715299,0.27576807,0.41884574
0.00153969,0.21221127,0.07595144,0.27807431,0.16049147,0.33113133,0.22528117,0.37733528,0.28390253,0.41899747
0.00173530,0.21217676,0.07591054,0.27798467,0.15777250,0.33090260,0.21944784,0.37686081,0.27831313,0.41819743
0.00174254,0.21208981,0.07497962,0.27781931,0.15499783,0.33072612,0.21480986,0.37676127,0.27160482,0.41825011
0.00175477,0.21229215,0.07626203,0.27813807,0.15637586,0.33109298,0.21361416,0.37711119,0.26485162,0.41860180
0.00170986,0.21233025,0.07760881,0.27835823,0.16156271,0.33152595,0.22550863,0.37776068,0.28279512,0.41941531
0.00181126,0.21226586,0.07857689,0.27847376,0.16521388,0.33178197,0.23403525,0.37823041,0.29628992,0.42032454
0.00178427,0.21235691,0.07919963,0.27843597,0.16664563,0.33153199,0.23500030,0.37783477,0.29404570,0.41985268
0.00174308,0.21236653,0.07939490,0.27839966,0.16705947,0.33152753,0.23322023,0.37804800,0.28470823,0.42051120
0.00169326,0.21241149,0.07935418,0.27821378,0.16889701,0.33098530,0.23689061,0.37698637,0.28800704,0.41875756
0.00163436,0.21241982,0.07863599,0.27817036,0.16686521,0.33097821,0.23281748,0.37708123,0.28020591,0.41900210
0.00150592,0.21242554,0.07738609,0.27823132,0.16570094,0.33118442,0.23113202,0.37761240,0.27442650,0.42005193
0.00153188,0.21227186,0.07758139,0.27812727,0.16541259,0.33112803,0.22970566,0.37757440,0.26779760,0.41990488
0.00138821,0.21224567,0.07546024,0.27816946,0.15913022,0.33130421,0.21471810,0.37784626,-0.21091480,0.42005998
0.00146916,0.21216965,0.07526858,0.27791882,0.15741389,0.33084042,0.21044805,0.37702339,-0.23777033,0.41875238
0.00140282,0.21228231,0.07581689,0.27800023,0.15693703,0.33095619,0.20153488,0.37731424,-0.26869342,0.41942225
0.00140125,0.21218677,0.07774324,0.27782866,0.16177203,0.33082937,0.21469330,0.37736648,-0.24604012,0.41981823
0.00139144,0.21199833,0.07793177,0.27759814,0.16321003,0.33058011,0.21874168,0.37718484,-0.23648959,0.41985805
0.00128510,0.21209366,0.07672105,0.27779790,0.16158483,0.33091522,0.21447838,0.37759932,-0.25620899,0.42024103
0.00127734,0.21214000,0.07482477,0.27791283,0.15170053,0.33089079,-0.10344718,0.37723259,-0.29740633,0.41939259
0.00129661,0.21217291,0.07686407,0.27788305,0.15674750,0.33057187,0.18447846,0.37622241,-0.28571454,0.41723775
0.00131249,0.21212032,0.07681150,0.27784083,0.15659178,0.33062880,0.18086593,0.37633185,-0.28744855,0.41711493
0.00121308,0.21204624,0.07522773,0.27771726,0.15444695,0.33032129,0.18691143,0.37564997,-0.27758702,0.41593492
0.00124153,0.21191426,0.07467212,0.27740321,0.15170927,0.32967986,0.17171160,0.37451389,-0.28034193,0.41414009
0.00111009,0.21191540,0.07378310,0.27735793,0.15097270,0.32964592,0.16061202,0.37459883,-0.28512649,0.41446193
0.00104013,0.21185010,0.07249483,0.27730464,0.15000837,0.32966257,0.17212018,0.37465493,-0.27872853,0.41444622
0.00103456,0.21187106,0.07335972,0.27722823,0.15467563,0.32945387,0.20243565,0.37430551,-0.24855012,0.41394349
0.00106889,0.21200969,0.07348434,0.27759490,0.15486458,0.33013306,0.20039791,0.37539286,-0.25869375,0.41551433
0.00095359,0.21198718,0.07202964,0.27747605,0.15286763,0.32996522,0.19205825,0.37511909,-0.27124690,0.41498774
0.00087828,0.21191198,0.07129372,0.27737786,0.15170485,0.32962502,0.18981100,0.37430843,-0.27074622,0.41360005
0.00087207,0.21187456,0.07070197,0.27732121,0.15105389,0.32941594,0.19743146,0.37377087,-0.25073626,0.41258753
0.00093295,0.21193302,0.06996701,0.27737056,0.14482164,0.32948108,-0.10170363,0.37397551,-0.28676521,0.41318299
0.00097536,0.21195334,0.07095586,0.27738166,0.14639264,0.32941399,0.10875675,0.37381045,-0.28821385,0.41292790
0.00102673,0.21199919,0.07030825,0.27740629,0.14355798,0.32938965,-0.14995093,0.37374822,-0.28824183,0.41279241
0.00116041,0.21210147,0.07217879,0.27747843,0.14526367,0.32961684,-0.16779912,0.37435030,-0.29436543,0.41392366
0.00118835,0.21209073,0.07105460,0.27743055,0.13998866,0.32969475,-0.19269003,0.37479650,-0.30118149,0.41496036
0.00119717,0.21205934,0.06946964,0.27749407,0.13446284,0.32995424,-0.20460894,0.37544073,-0.30726521,0.41621623
0.00106675,0.21211772,0.06571665,0.27771103,0.12479004,0.33041217,-0.21580027,0.37637057,-0.31418726,0.41796975
0.00098517,0.21211768,0.06591209,0.27772501,0.13086780,0.33047134,-0.20760774,0.37631101,-0.31002799,0.41756203
0.00116682,0.21221511,0.06584401,0.27772811,0.12565591,0.33039440,-0.21537861,0.37615038,-0.31376669,0.41728366
0.00130519,0.21212850,0.06679363,0.27765207,0.12748327,0.33042026,-0.21352255,0.37631574,-0.31247210,0.41756801
0.00145917,0.21216059,0.06739769,0.27768212,0.12767578,0.33032608,-0.21533223,0.37604666,-0.31426332,0.41720635
0.00155529,0.21229944,0.06829809,0.27783047,0.12853875,0.33052028,-0.21588005,0.37631567,-0.31498807,0.41766555
0.00148117,0.21240334,0.06823447,0.27797554,0.12789366,0.33065857,-0.21599808,0.37635622,-0.31409045,0.41751216
0.00140338,0.21248021,0.06938425,0.27806989,0.13655034,0.33072224,-0.20146651,0.37614200,-0.30610752,0.41669574
0.00137220,0.21245902,0.07011230,0.27819819,0.13572218,0.33121321,-0.20989745,0.37733080,-0.31308304,0.41896281
0.00123088,0.21235928,0.06816905,0.27803671,0.12317777,0.33098475,-0.22520842,0.37717397,-0.32134274,0.41920092
0.00111589,0.21224457,0.06968109,0.27764021,0.13176022,0.33019911,-0.21985534,0.37589041,-0.31912131,0.41736023
0.00104620,0.21224447,0.06988441,0.27785075,0.13087159,0.33077101,-0.22169393,0.37697506,-0.32072364,0.41902202
0.00100988,0.21215848,0.06920305,0.27765372,0.13151548,0.33039382,-0.21797596,0.37632187,-0.31729223,0.41789488
0.00114182,0.21235691,0.07185725,0.27781187,0.13971966,0.33043204,-0.21020441,0.37608505,-0.31423942,0.41718137
0.00128303,0.21247415,0.07374576,0.27801147,0.14288040,0.33074834,-0.20946302,0.37659716,-0.31603593,0.41805816
0.00118743,0.21248021,0.07434930,0.27795828,0.14653816,0.33063260,-0.19673020,0.37644358,-0.31089180,0.41788984
0.00101276,0.21252817,0.07249452,0.27803552,0.14051958,0.33079229,-0.21267662,0.37684219,-0.31816933,0.41874233
0.00106252,0.21241582,0.07327997,0.27791483,0.14453551,0.33045100,-0.19911075,0.37591082,-0.31049575,0.41683056
0.00107432,0.21234081,0.07380077,0.27796521,0.14597944,0.33071094,-0.19424059,0.37631961,-0.30897188,0.41724484
0.00132535,0.21238225,0.07596552,0.27803041,0.14988451,0.33070476,-0.18250654,0.37599149,-0.30507816,0.41624472
0.00142995,0.21223798,0.07780590,0.27783479,0.15460467,0.33036259,-0.13633632,0.37533375,-0.29928732,0.41507999
0.00147005,0.21224508,0.07861248,0.27786292,0.15551526,0.33034306,-0.12346610,0.37514394,-0.29932304,0.41460506
0.00143714,0.21211099,0.08042209,0.27784398,0.15991120,0.33040605,0.17312326,0.37533589,-0.29609547,0.41501803
0.00148140,0.21199581,0.08067255,0.27759255,0.16049157,0.32985152,0.18408038,0.37428970,-0.29111699,0.41333829
0.00141634,0.21180929,0.08094723,0.27734620,0.16345624,0.32948571,0.20489793,0.37362629,-0.27527014,0.41209285
0.00153262,0.21170482,0.08135081,0.27726359,0.16301125,0.32937172,0.20112309,0.37339391,-0.27809362,0.41164178
0.00140381,0.21187605,0.08132086,0.27762848,0.16290725,0.32995837,0.19356921,0.37440169,-0.28926442,0.41338494
0.00157130,0.21171369,0.08237885,0.27749127,0.16598810,0.32985925,0.21048627,0.37425533,-0.27296874,0.41301513
0.00163137,0.21157517,0.08255464,0.27739392,0.16560199,0.32998160,0.20667174,0.37478532,-0.27965004,0.41403299
0.00164179,0.21158873,0.08345802,0.27752630,0.16819234,0.33033078,0.21298486,0.37548769,-0.27722364,0.41528209
0.00152603,0.21161901,0.08228513,0.27767992,0.16587618,0.33079802,0.20130161,0.37642471,-0.29079942,0.41679928
0.00145335,0.21155669,0.08003725,0.27751138,0.15969602,0.33052427,0.14808135,0.37617622,-0.30441833,0.41692143
0.00150641,0.21161033,0.07916305,0.27776736,0.15656646,0.33109684,-0.17540955,0.37720247,-0.31165402,0.41860047
0.00144217,0.21144616,0.07959995,0.27757880,0.15928474,0.33078717,0.16064055,0.37655437,-0.30151549,0.41718720
0.00140231,0.21121156,0.08002773,0.27716763,0.16064895,0.33006734,0.19080252,0.37520450,-0.28682260,0.41478907
0.00152095,0.21122356,0.08130136,0.27724384,0.16274445,0.33019084,0.19513260,0.37540879,-0.28795271,0.41519806
0.00150177,0.21130369,0.08148994,0.27736867,0.16389950,0.33031832,0.20114072,0.37535834,-0.28219964,0.41468495
0.00129693,0.21134823,0.07940982,0.27746941,0.15975334,0.33056404,0.18254440,0.37582399,-0.29095015,0.41542477
0.00128691,0.21151133,0.07977719,0.27766350,0.15984780,0.33079007,0.17417722,0.37611879,-0.29583491,0.41594542
0.00127742,0.21156879,0.07978369,0.27789997,0.15847913,0.33138409,0.13310251,0.37718557,-0.30126213,0.41759876
0.00120312,0.21154982,0.08049276,0.27794708,0.16184797,0.33150778,0.18712705,0.37722874,-0.29172163,0.41728206
0.00122718,0.21141603,0.08082090,0.27794828,0.16277291,0.33156547,0.19392000,0.37717186,-0.28891712,0.41693487
0.00121183,0.21147173,0.08040403,0.27812055,0.16302329,0.33175235,0.19872437,0.37724613,-0.28320708,0.41673257
0.00121928,0.21135772,0.08198137,0.27791618,0.16648333,0.33151893,0.21294347,0.37700903,-0.26371285,0.41643803
0.00114542,0.21133220,0.08196975,0.27783902,0.16828396,0.33136067,0.21985022,0.37675042,-0.24482624,0.41608483
0.00112319,0.21123528,0.08158393,0.27779832,0.16864314,0.33156695,0.22271796,0.37729321,-0.22347376,0.41696474
0.00112442,0.21129224,0.08207763,0.27791438,0.16931239,0.33170416,0.22417801,0.37740756,-0.20124003,0.41705539
0.00117496,0.21126595,0.08258324,0.27785810,0.17118899,0.33168573,0.22961458,0.37743958,0.23731246,0.41701159
0.00116685,0.21129644,0.08313103,0.27784898,0.17196270,0.33149625,0.23209772,0.37693852,0.25559263,0.41612478
0.00119158,0.21132041,0.08429083,0.27785479,0.17574796,0.33136526,0.24079569,0.37655787,0.28128818,0.41539679
0.00119148,0.21135321,0.08392228,0.27795891,0.17355157,0.33160890,0.23307331,0.37708602,0.24503410,0.41640855
0.00131376,0.21130120,0.08521750,0.27792419,0.17425732,0.33166946,0.23158139,0.37728194,0.21670171,0.41670492
0.00134870,0.21127286,0.08662224,0.27781409,0.17686881,0.33146573,0.23755491,0.37697849,0.26161638,0.41629983
0.00130814,0.21135330,0.08652634,0.27777297,0.17819394,0.33105760,0.24311671,0.37587007,0.28437878,0.41420215
0.00140284,0.21148240,0.08757295,0.27785574,0.18022769,0.33108709,0.24593893,0.37596127,0.28896623,0.41453354
0.00135242,0.21155212,0.08827161,0.27809035,0.18146481,0.33151097,0.24709149,0.37670338,0.28732361,0.41577059
0.00130249,0.21148204,0.08788896,0.27804149,0.18209177,0.33152282,0.24959921,0.37680692,0.29465782,0.41598734
0.00137288,0.21135317,0.08770465,0.27808721,0.18228788,0.33185384,0.25086795,0.37741852,0.29729797,0.41682564
0.00136494,0.21137555,0.08867645,0.27818803,0.18372443,0.33206444,0.25236543,0.37780255,0.29911669,0.41751225
0.00135576,0.21147427,0.08831604,0.27837275,0.18179203,0.33240104,0.24864126,0.37834770,0.29262624,0.41825568
0.00151044,0.21158614,0.08996758,0.27870211,0.18366091,0.33286788,0.25077389,0.37884168,0.29647291,0.41868213
0.00164753,0.21148627,0.08997591,0.27872811,0.18328282,0.33312532,0.25059754,0.37929233,0.29762685,0.41915943
0.00153662,0.21145680,0.08929944,0.27879349,0.18241745,0.33337635,0.24982210,0.37983570,0.29738033,0.42001659
0.00165423,0.21149541,0.08987944,0.27898053,0.18319602,0.33374912,0.25143175,0.38032347,0.30184489,0.42046984
0.00181961,0.21162218,0.09124995,0.27906583,0.18469839,0.33385074,0.25346162,0.38042067,0.30437824,0.42048224
0.00192998,0.21159905,0.09195800,0.27902905,0.18641948,0.33371293,0.25589551,0.38005884,0.30717021,0.41974792
0.00180886,0.21159778,0.09100415,0.27904822,0.18543228,0.33362539,0.25496566,0.37976346,0.30670630,0.41919715
0.00192702,0.21156727,0.09191122,0.27890826,0.18642033,0.33325096,0.25616045,0.37908716,0.30800939,0.41822878
0.00188104,0.21161551,0.09138434,0.27886731,0.18537745,0.33308471,0.25361016,0.37879672,0.30245171,0.41785622
0.00179674,0.21158255,0.09038145,0.27895058,0.18452703,0.33341503,0.25331830,0.37950325,0.30339804,0.41902383
0.00167346,0.21169371,0.08941069,0.27929582,0.18349863,0.33414155,0.25329763,0.38076631,0.30591453,0.42095018
0.00165589,0.21168878,0.09039174,0.27936305,0.18530961,0.33433768,0.25673874,0.38121319,0.31257740,0.42180790
0.00174692,0.21166813,0.09114091,0.27924774,0.18532193,0.33432199,0.25630027,0.38163808,0.31252391,0.42298689
0.00181635,0.21161489,0.09032981,0.27933099,0.18464733,0.33455660,0.25487769,0.38188952,0.30798909,0.42302336
0.00187661,0.21160776,0.09213445,0.27925772,0.18796883,0.33422445,0.26022607,0.38105432,0.31613116,0.42144464
0.00183611,0.21164175,0.09197441,0.27928990,0.18809073,0.33423189,0.26037302,0.38100704,0.31624436,0.42129136
0.00180378,0.21161547,0.09222999,0.27933694,0.18922835,0.33447996,0.26144576,0.38154021,0.31603003,0.42215947
0.00192165,0.21170584,0.09192508,0.27958214,0.18678800,0.33491395,0.25624225,0.38225000,0.30676189,0.42323531
0.00193463,0.21167538,0.09257177,0.27961348,0.18902058,0.33500664,0.26155213,0.38235747,0.31709836,0.42322684
0.00195543,0.21165236,0.09166677,0.27967850,0.18871132,0.33515343,0.26303988,0.38270580,0.32101538,0.42389613
0.00198859,0.21162539,0.09123233,0.27965218,0.18808153,0.33512851,0.26291085,0.38272313,0.32188549,0.42400860
0.00196284,0.21179757,0.09176166,0.27993000,0.18923881,0.33554270,0.26423575,0.38333905,0.32373587,0.42494763
0.00202395,0.21167410,0.09210134,0.27976892,0.18737479,0.33540627,0.25831296,0.38341429,0.31178178,0.42548434
0.00201127,0.21167072,0.09111728,0.27982107,0.18429929,0.33536428,0.25233773,0.38306782,0.30088672,0.42457179
0.00199937,0.21162281,0.09201780,0.27973862,0.18813400,0.33516653,0.26090722,0.38266498,0.31694383,0.42388131
0.00201746,0.21160556,0.09245556,0.27973587,0.18743139,0.33506767,0.25803390,0.38238235,0.31084175,0.42333230
0.00195164,0.21155929,0.09155521,0.27975792,0.18560322,0.33510860,0.25511009,0.38248112,0.30632857,0.42354579
0.00186916,0.21169237,0.09086376,0.27986665,0.18374388,0.33500363,0.25161667,0.38205406,0.30086926,0.42281072
0.00188277,0.21159812,0.09019145,0.27984858,0.18172863,0.33508621,0.24729159,0.38240951,0.29112234,0.42363006
0.00190808,0.21157473,0.08957700,0.27965768,0.18066123,0.33460300,0.24599820,0.38154938,0.29039375,0.42231460
0.00200337,0.21153927,0.09061112,0.27943697,0.18228826,0.33424611,0.24897717,0.38121351,0.29639834,0.42218189
0.00191357,0.21160535,0.08885297,0.27958691,0.18021987,0.33432702,0.24715436,0.38117564,0.29471321,0.42210183
0.00182620,0.21151499,0.08833232,0.27965045,0.18036719,0.33459252,0.24877692,0.38154853,0.29899015,0.42246058
0.00191610,0.21156078,0.08866215,0.27994403,0.17980636,0.33524105,0.24598045,0.38269626,0.29094199,0.42423697
0.00205484,0.21169928,0.08757852,0.28015440,0.17829520,0.33541607,0.24614831,0.38269625,0.29569133,0.42394958
0.00199373,0.21172536,0.08735046,0.28005298,0.17876413,0.33516577,0.24818817,0.38233719,0.30053344,0.42355650
0.00200671,0.21164998,0.08726324,0.27991163,0.17760692,0.33508595,0.24486575,0.38242481,0.29302605,0.42387534
0.00194004,0.21153173,0.08704482,0.27981693,0.17805682,0.33514595,0.24637671,0.38277318,0.29589676,0.42462475
0.00203270,0.21147361,0.08762180,0.27980484,0.17921323,0.33513856,0.24855361,0.38272379,0.30015776,0.42453358
0.00202912,0.21128981,0.08719512,0.27956112,0.17750664,0.33492118,0.24545632,0.38266247,0.29487401,0.42479413
0.00208396,0.21123409,0.08703538,0.27950915,0.17659363,0.33495877,0.24350987,0.38293344,0.29163336,0.42545122
0.00206193,0.21133797,0.08740636,0.27961234,0.17752633,0.33508858,0.24649584,0.38331936,0.30063999,0.42642642
0.00215406,0.21141180,0.08805840,0.27981308,0.17769909,0.33563399,0.24728367,0.38440879,0.30472781,0.42818560
0.00218068,0.21133728,0.08666902,0.27963372,0.17494402,0.33555579,0.24222247,0.38477604,0.29600691,0.42946330
0.00206912,0.21151633,0.08579633,0.27992159,0.17425427,0.33588235,0.24314264,0.38491953,0.30079674,0.42916326
0.00205189,0.21154636,0.08582269,0.27988614,0.17342616,0.33566286,0.24145898,0.38445420,0.29882294,0.42839101
0.00201150,0.21126485,0.08521349,0.27934878,0.17133289,0.33482229,0.23639846,0.38330116,0.29010991,0.42691841
0.00208863,0.21131571,0.08515689,0.27938443,0.16837694,0.33488517,0.22558349,0.38337424,0.25956499,0.42690332
0.00216080,0.21147504,0.08741139,0.27973422,0.17429961,0.33549836,0.23948611,0.38426530,0.29394315,0.42792758
0.00203168,0.21143559,0.08559521,0.27967557,0.17341868,0.33538630,0.24329965,0.38396336,0.30651494,0.42730902
0.00204668,0.21136706,0.08631625,0.27954799,0.17555481,0.33506722,0.24801920,0.38328975,0.31402892,0.42619520
0.00215542,0.21130598,0.08669728,0.27966160,0.17598878,0.33532023,0.24758340,0.38355230,0.31068973,0.42627846
0.00215224,0.21144950,0.08631826,0.27987864,0.17523065,0.33551943,0.24618312,0.38355658,0.30767441,0.42589356
0.00220828,0.21133151,0.08798508,0.27978830,0.17962379,0.33540538,0.25427335,0.38335992,0.31918050,0.42556349
0.00238315,0.21151115,0.08837487,0.27999537,0.18073712,0.33580512,0.25755816,0.38402820,0.32503601,0.42649342
0.00238686,0.21141230,0.08858060,0.27982405,0.18225498,0.33550367,0.26203543,0.38369995,0.33197941,0.42634656
0.00236455,0.21141521,0.08842904,0.28006641,0.18264995,0.33610810,0.26468257,0.38487137,0.33728708,0.42833868
0.00258257,0.21146020,0.08872154,0.28006322,0.18269625,0.33631048,0.26547614,0.38548429,0.33879071,0.42945455
0.00271162,0.21142507,0.08955192,0.28003540,0.18511124,0.33654730,0.27008476,0.38633880,0.34489565,0.43116470
0.00290986,0.21137210,0.08987566,0.27993747,0.18508635,0.33631251,0.26938236,0.38582052,0.34360218,0.43021121
0.00276680,0.21140872,0.08925954,0.27991903,0.18599421,0.33639444,0.27263093,0.38618035,0.34877282,0.43109602
0.00274004,0.21141471,0.08987512,0.27977452,0.18761737,0.33620969,0.27478016,0.38608015,0.35066095,0.43110689
0.00257470,0.21142844,0.08780105,0.27994776,0.18611978,0.33662562,0.27514242,0.38686653,0.35259245,0.43237334
0.00251780,0.21140808,0.08597516,0.27996246,0.18191788,0.33662429,0.26994899,0.38667229,0.34762170,0.43179500
0.00238922,0.21155127,0.08426580,0.28014858,0.17983326,0.33700733,0.26979485,0.38751080,0.34993646,0.43345232
0.00249100,0.21155154,0.08428804,0.28028837,0.17962786,0.33707825,0.26971106,0.38731347,0.34968146,0.43287115
0.00261618,0.21151091,0.08508968,0.28022897,0.18092819,0.33698600,0.27100979,0.38711065,0.35056287,0.43245707
0.00252555,0.21156887,0.08481567,0.28037779,0.18081561,0.33715972,0.27129458,0.38722700,0.35103576,0.43248596
0.00261100,0.21147646,0.08427686,0.28013042,0.17969410,0.33666246,0.27006062,0.38641869,0.34966205,0.43131687
0.00249686,0.21128849,0.08290777,0.27991838,0.17696391,0.33642830,0.26750121,0.38631731,0.34841180,0.43163176
0.00253985,0.21131369,0.08252817,0.27982563,0.17480394,0.33608263,0.26445194,0.38551617,0.34528646,0.43024040
0.00256085,0.21147242,0.08053567,0.28010817,0.17069592,0.33660365,0.26166819,0.38652730,0.34482235,0.43194875
0.00258176,0.21130243,0.08022957,0.27990058,0.16938796,0.33628920,0.25995227,0.38605484,0.34331910,0.43126583
0.00244308,0.21138247,0.07897710,0.28009948,0.16606757,0.33680748,0.25611094,0.38697140,0.34028008,0.43249340
0.00238630,0.21122162,0.07871972,0.27975640,0.16452036,0.33614945,0.25044546,0.38571226,0.33154599,0.43024937
0.00234171,0.21145952,0.07862330,0.28001997,0.16687293,0.33643312,0.25527826,0.38618851,0.33704176,0.43117772
0.00237749,0.21138438,0.07920615,0.28002896,0.16927683,0.33656919,0.25825384,0.38646987,0.33942098,0.43157234
0.00237177,0.21148755,0.07915369,0.28009450,0.17036809,0.33671398,0.26035256,0.38702665,0.34210304,0.43292816
0.00239183,0.21155347,0.07903943,0.28022212,0.16864729,0.33688325,0.25752042,0.38716512,0.33970587,0.43296714
0.00241702,0.21163449,0.07932486,0.28024801,0.16909365,0.33664537,0.25555090,0.38625722,0.33430821,0.43090306
0.00236203,0.21170374,0.07969739,0.28034082,0.17170749,0.33661394,0.25927109,0.38617045,0.33837586,0.43107970
0.00229250,0.21162680,0.07814361,0.28003037,0.16784211,0.33611631,0.25494942,0.38555024,0.33508865,0.43039212
0.00245730,0.21162585,0.08068439,0.27999581,0.17207836,0.33587959,0.25969094,0.38499156,0.33946723,0.42966370
0.00242465,0.21153654,0.08063453,0.27979122,0.17299834,0.33551441,0.26080240,0.38436528,0.33949728,0.42861918
0.00266764,0.21149755,0.08226304,0.27962353,0.17404096,0.33515850,0.26114995,0.38369886,0.33960581,0.42749355
0.00267728,0.21151988,0.08270135,0.27962440,0.17603081,0.33526809,0.26500364,0.38419945,0.34488680,0.42878856
0.00262054,0.21145129,0.08005819,0.27937413,0.17060550,0.33478197,0.25780323,0.38329991,0.33763486,0.42723509
0.00275288,0.21142065,0.08109050,0.27929120,0.17028321,0.33456459,0.25464600,0.38270804,0.33240148,0.42589178
0.00275333,0.21165685,0.08126354,0.27957242,0.17219326,0.33482481,0.25795036,0.38298702,0.33601840,0.42626736
0.00271207,0.21160708,0.08028411,0.27937029,0.17037575,0.33439181,0.25642851,0.38229195,0.33486446,0.42535187
0.00256944,0.21178188,0.07983053,0.27975123,0.17054844,0.33504766,0.25726011,0.38327079,0.33586042,0.42663024
0.00250652,0.21181114,0.08116786,0.27969359,0.17322680,0.33471889,0.25782632,0.38244122,0.33335454,0.42503918
0.00265411,0.21179313,0.08268027,0.27956787,0.17515047,0.33446380,0.25938867,0.38213740,0.33475069,0.42492660
0.00270257,0.21180809,0.08319631,0.27957827,0.17664099,0.33451452,0.26099018,0.38212148,0.33564733,0.42468222
0.00250130,0.21186150,0.08303763,0.27953178,0.17756794,0.33424170,0.26129568,0.38140440,0.33394998,0.42320047
0.00252550,0.21200186,0.08328749,0.27965711,0.17877179,0.33440196,0.26419766,0.38185724,0.33878304,0.42440777
0.00238989,0.21196088,0.08265557,0.27951447,0.17615666,0.33413206,0.26013147,0.38147059,0.33479763,0.42395250
0.00258688,0.21172314,0.08376756,0.27930912,0.17555026,0.33423798,0.25815055,0.38231068,0.33311829,0.42589891
0.00261347,0.21172616,0.08365896,0.27952288,0.17477880,0.33464428,0.25683218,0.38302451,0.33253140,0.42718201
0.00274270,0.21182735,0.08445272,0.27970314,0.17594353,0.33501571,0.25795514,0.38353008,0.33331904,0.42765056
0.00276259,0.21182361,0.08383327,0.27947858,0.17393677,0.33442121,0.25544834,0.38249919,0.33112509,0.42628730
0.00296302,0.21186404,0.08481857,0.27960162,0.17516542,0.33466371,0.25781081,0.38302148,0.33501305,0.42738166
0.00297195,0.21194411,0.08394230,0.27975530,0.17277833,0.33510162,0.25676473,0.38412684,0.33698740,0.42961012
0.00293192,0.21188446,0.08333548,0.27964402,0.17174914,0.33483510,0.25402810,0.38340664,0.33249082,0.42808882
0.00286833,0.21205738,0.08260503,0.27987473,0.17102898,0.33511928,0.25473234,0.38370759,0.33422121,0.42825166
0.00288365,0.21197110,0.08186709,0.27970393,0.16958420,0.33481800,0.25409164,0.38316028,0.33420818,0.42732808
0.00270211,0.21194014,0.08284928,0.27978061,0.17385581,0.33523116,0.25985980,0.38416422,0.33932452,0.42907081
0.00256603,0.21190175,0.08234110,0.27978545,0.17477138,0.33537482,0.26264887,0.38475475,0.34379169,0.43060699
0.00279157,0.21178159,0.08419336,0.27951155,0.17866469,0.33499976,0.26764727,0.38430501,0.34789546,0.43004355
0.00261162,0.21163918,0.08329830,0.27922738,0.17727306,0.33450225,0.26598612,0.38340229,0.34563028,0.42844073
0.00272709,0.21150312,0.08193908,0.27922654,0.17353556,0.33472555,0.26182856,0.38405725,0.34323989,0.42986415
0.00276510,0.21154548,0.08297358,0.27939060,0.17568711,0.33493598,0.26394039,0.38413413,0.34369809,0.42945409
0.00273268,0.21135557,0.08237227,0.27916598,0.17564689,0.33470883,0.26457889,0.38397225,0.34439856,0.42942596
0.00300630,0.21141813,0.08445574,0.27923542,0.17867187,0.33500912,0.26801310,0.38467793,0.34783869,0.43053127
0.00306421,0.21141436,0.08430025,0.27900707,0.17899789,0.33443650,0.26804689,0.38356509,0.34628456,0.42851786
0.00310989,0.21131602,0.08483386,0.27897663,0.18199671,0.33459861,0.27275858,0.38401292,0.35094346,0.42927840
0.00338369,0.21134873,0.08619369,0.27909783,0.18240520,0.33469658,0.27192927,0.38381740,0.34938030,0.42849565
0.00345651,0.21134520,0.08423360,0.27902554,0.17785528,0.33439325,0.26695924,0.38298947,0.34479933,0.42685811
0.00340336,0.21140079,0.08419027,0.27888786,0.17705334,0.33389139,0.26422869,0.38185944,0.34056884,0.42481448
0.00336213,0.21152154,0.08422630,0.27900659,0.17800312,0.33402233,0.26593265,0.38195000,0.34196218,0.42472775
0.00349936,0.21154524,0.08639310,0.27914287,0.18114856,0.33431826,0.26918921,0.38244779,0.34487537,0.42544800
0.00356107,0.21150040,0.08829179,0.27903389,0.18343703,0.33408603,0.27038718,0.38203863,0.34531564,0.42488122
0.00348943,0.21136546,0.08860624,0.27885732,0.18557410,0.33413648,0.27326154,0.38265170,0.34827965,0.42629437
0.00339690,0.21139255,0.08787806,0.27902945,0.18443090,0.33441645,0.27175029,0.38301437,0.34694683,0.42677510
0.00324987,0.21126885,0.08823702,0.27891111,0.18465025,0.33421555,0.27076993,0.38266351,0.34517269,0.42622148
0.00331969,0.21127062,0.08869329,0.27877825,0.18410095,0.33381700,0.26869222,0.38177215,0.34177039,0.42455379
0.00335371,0.21113759,0.08831914,0.27868375,0.18282182,0.33374046,0.26769185,0.38172413,0.34167750,0.42461851
0.00344972,0.21108451,0.08907042,0.27849045,0.18447076,0.33336804,0.26969202,0.38113980,0.34304731,0.42380290
0.00349831,0.21107559,0.08920197,0.27845507,0.18464252,0.33334877,0.26962846,0.38115101,0.34265531,0.42382068
0.00367223,0.21097159,0.08989829,0.27828305,0.18549283,0.33330312,0.27037461,0.38133368,0.34321257,0.42420438
0.00369750,0.21093098,0.08973135,0.27819970,0.18733702,0.33330771,0.27483347,0.38161729,0.34921100,0.42503309
0.00379075,0.21092215,0.09116930,0.27805345,0.18827586,0.33287923,0.27409123,0.38060482,0.34680866,0.42315050
0.00396136,0.21107868,0.09254996,0.27813606,0.19041029,0.33283680,0.27598751,0.38045286,0.34822656,0.42300240
0.00397716,0.21101778,0.09188605,0.27811163,0.19019125,0.33300438,0.27628629,0.38085920,0.34889634,0.42363422
0.00386453,0.21082798,0.09148519,0.27792047,0.19048788,0.33298270,0.27812774,0.38121707,0.35210675,0.42459466
0.00398592,0.21068919,0.09161781,0.27773449,0.19014410,0.33273379,0.27760287,0.38078148,0.35134334,0.42375102
0.00397040,0.21084279,0.09138030,0.27792489,0.19007778,0.33282011,0.27766037,0.38062962,0.35120026,0.42326279
0.00398144,0.21073714,0.09194310,0.27777558,0.19140662,0.33261862,0.27882525,0.38034743,0.35191655,0.42291019
0.00387913,0.21056008,0.09109726,0.27748181,0.19142093,0.33224318,0.27885323,0.37983812,0.35121666,0.42212972
0.00396609,0.21059958,0.09026252,0.27750544,0.19023762,0.33215755,0.27750271,0.37952484,0.34977384,0.42155393
0.00406074,0.21062025,0.08902775,0.27758294,0.18748089,0.33215343,0.27441921,0.37922845,0.34680361,0.42078933
0.00399609,0.21080099,0.08797830,0.27794055,0.18736893,0.33284741,0.27600133,0.38045081,0.34954977,0.42269826
0.00377786,0.21096749,0.08577250,0.27834050,0.18417544,0.33357250,0.27363202,0.38153522,0.34852565,0.42418696
0.00381262,0.21093052,0.08542275,0.27818277,0.18324532,0.33332243,0.27339019,0.38138483,0.34934134,0.42445354
0.00365624,0.21091774,0.08458510,0.27826476,0.18015882,0.33330052,0.26804888,0.38094289,0.34259376,0.42321023
0.00366523,0.21109262,0.08438198,0.27851063,0.17866665,0.33348304,0.26596332,0.38088068,0.34004115,0.42268824
0.00363315,0.21116487,0.08305078,0.27864490,0.17440129,0.33362277,0.25979750,0.38085082,0.33309191,0.42221077
0.00375803,0.21131713,0.08413271,0.27899612,0.17455622,0.33420096,0.25908294,0.38159125,0.33194449,0.42296940
0.00389198,0.21125694,0.08485834,0.27898225,0.17608365,0.33418611,0.26078014,0.38151542,0.33345131,0.42280772
0.00391705,0.21118803,0.08509501,0.27887766,0.17605358,0.33393643,0.26002927,0.38108342,0.33208361,0.42222168
0.00379134,0.21118874,0.08260296,0.27889858,0.16936318,0.33397553,0.25103035,0.38101487,0.32242227,0.42186906
0.00383891,0.21139010,0.08369116,0.27906413,0.17325676,0.33402126,0.25647936,0.38091945,0.32743586,0.42163621
0.00374927,0.21137360,0.08048196,0.27908631,0.16681358,0.33414557,0.25005783,0.38114964,0.32238656,0.42193378
0.00363270,0.21135308,0.08064874,0.27928258,0.16792221,0.33461804,0.25197540,0.38189390,0.32528856,0.42294369
0.00356121,0.21144493,0.07986020,0.27909440,0.16736068,0.33391116,0.25088465,0.38050043,0.32324935,0.42079682
0.00354277,0.21142335,0.08046663,0.27907622,0.16927969,0.33414198,0.25295539,0.38120979,0.32508447,0.42206350
0.00351618,0.21148190,0.08067905,0.27916804,0.17059514,0.33436587,0.25540636,0.38160853,0.32808490,0.42258362
0.00357802,0.21152172,0.08062344,0.27919832,0.16823536,0.33434035,0.25075255,0.38147459,0.32288746,0.42234569
0.00347614,0.21152028,0.08089681,0.27903158,0.16944934,0.33395870,0.25215331,0.38084664,0.32416027,0.42143647
0.00336429,0.21159729,0.07920718,0.27909936,0.16604097,0.33397648,0.24769828,0.38074250,0.31900790,0.42109046
0.00344974,0.21145186,0.08104917,0.27894455,0.17224848,0.33403415,0.25719449,0.38131468,0.32980441,0.42243048
0.00327443,0.21140873,0.07877040,0.27898309,0.16723169,0.33421030,0.25104064,0.38156125,0.32413756,0.42261692
0.00323806,0.21130818,0.07809145,0.27894746,0.16515762,0.33419037,0.24748918,0.38146228,0.31978839,0.42233118
0.00320477,0.21127546,0.07792284,0.27893511,0.16705972,0.33410345,0.25092914,0.38124321,0.32359641,0.42204667
0.00329688,0.21131481,0.07793458,0.27904215,0.16581040,0.33424945,0.24827154,0.38132672,0.32015424,0.42193948
0.00328463,0.21117422,0.07810739,0.27887337,0.16431981,0.33421476,0.24500518,0.38157832,0.31655678,0.42257644
0.00334459,0.21124868,0.07779186,0.27911266,0.16098113,0.33474065,0.23838581,0.38250625,0.30865055,0.42393772
0.00343264,0.21119373,0.07835671,0.27889925,0.16284449,0.33429287,0.24292334,0.38182098,0.31529525,0.42311274
0.00343571,0.21128440,0.07784872,0.27904499,0.16066593,0.33458485,0.23883155,0.38243603,0.31086106,0.42416266
0.00346779,0.21134077,0.07869337,0.27912459,0.16004576,0.33456866,0.23421629,0.38230753,0.30424837,0.42392064
0.00358361,0.21136423,0.08016488,0.27924452,0.16276492,0.33488737,0.23803966,0.38286215,0.30844065,0.42466731
0.00360040,0.21129202,0.07959048,0.27910589,0.16028150,0.33455320,0.23468547,0.38226612,0.30500297,0.42374324
0.00353775,0.21131855,0.07936244,0.27910599,0.16083548,0.33453529,0.23561334,0.38230199,0.30604936,0.42397819
0.00358903,0.21108654,0.07919680,0.27870456,0.16025689,0.33392674,0.23349490,0.38151999,0.30201255,0.42308137
0.00348093,0.21116878,0.07891520,0.27875968,0.16125649,0.33390767,0.23612060,0.38144471,0.30456550,0.42298998
0.00345143,0.21127969,0.07918704,0.27890615,0.16400019,0.33391501,0.24150444,0.38116338,0.31034305,0.42240125
0.00353709,0.21122274,0.07947256,0.27875752,0.16475481,0.33370663,0.24294287,0.38088882,0.31252672,0.42206091
0.00347048,0.21118989,0.07877507,0.27861142,0.16344593,0.33352293,0.24186889,0.38082300,0.31175046,0.42225844
0.00334897,0.21134490,0.07884573,0.27892793,0.16500838,0.33398685,0.24505737,0.38147597,0.31695237,0.42324790
0.00333790,0.21142269,0.07963955,0.27901272,0.16623496,0.33395918,0.24499103,0.38126809,0.31529041,0.42280557
0.00335316,0.21128270,0.07869268,0.27885980,0.16347539,0.33381386,0.23889363,0.38097923,0.30522483,0.42218308
0.00336110,0.21133457,0.07913891,0.27890682,0.16570896,0.33384967,0.24337672,0.38107748,0.31145631,0.42244143
0.00339753,0.21133402,0.07929633,0.27889790,0.16760529,0.33368273,0.24696202,0.38064383,0.31539169,0.42170597
0.00355256,0.21127213,0.08046279,0.27867467,0.17026610,0.33326340,0.25033751,0.38006668,0.31857103,0.42108477
0.00365268,0.21135066,0.08148895,0.27889884,0.17092060,0.33366278,0.24856552,0.38061058,0.31410825,0.42166080
0.00371171,0.21123806,0.08058841,0.27880375,0.16939756,0.33365621,0.24792615,0.38076769,0.31506014,0.42205829
0.00372740,0.21116694,0.08044768,0.27858768,0.16912277,0.33335989,0.24656635,0.38045811,0.31193408,0.42173214
0.00374552,0.21124991,0.08274460,0.27863810,0.17541723,0.33353110,0.25503141,0.38088710,0.32031179,0.42239126
0.00355454,0.21103906,0.08145959,0.27840585,0.17249173,0.33327113,0.25032239,0.38068124,0.31420937,0.42238786
0.00345624,0.21109625,0.08235334,0.27858337,0.17420403,0.33356419,0.25116739,0.38096695,0.31274694,0.42241915
0.00353250,0.21104750,0.08322010,0.27847604,0.17516173,0.33334431,0.25123270,0.38058929,0.31150531,0.42182957
0.00347826,0.21108003,0.08390294,0.27857437,0.17728761,0.33366842,0.25350029,0.38126718,0.31285221,0.42291073
0.00362236,0.21106560,0.08585906,0.27856644,0.17957381,0.33352605,0.25503215,0.38077183,0.31317190,0.42193363
0.00360846,0.21107979,0.08648331,0.27860389,0.17972647,0.33346052,0.25504956,0.38045211,0.31420672,0.42126336
0.00352731,0.21122817,0.08685522,0.27884256,0.18158677,0.33384158,0.25859703,0.38097133,0.32034437,0.42186812
0.00360994,0.21118168,0.08597690,0.27864248,0.17915387,0.33339099,0.25537951,0.38018569,0.31691016,0.42069260
0.00348302,0.21110736,0.08544545,0.27843192,0.17839369,0.33282320,0.25412462,0.37898876,0.31488584,0.41865266
0.00357516,0.21125972,0.08681779,0.27872086,0.17940628,0.33332600,0.25433709,0.37975422,0.31487316,0.41970986
0.00339230,0.21139034,0.08542855,0.27876397,0.17601429,0.33326269,0.24651805,0.37936018,0.30005584,0.41871422
0.00346645,0.21143481,0.08692466,0.27892431,0.17879936,0.33362444,0.25028167,0.38006967,0.30460637,0.41994413
0.00348565,0.21139227,0.08583083,0.27886061,0.17802026,0.33348000,0.25120926,0.37987286,0.30812312,0.41976904
0.00363503,0.21145926,0.08716671,0.27918146,0.17919588,0.33421046,0.24988096,0.38127803,0.30302122,0.42209105
0.00348081,0.21148597,0.08551138,0.27947164,0.17650730,0.33487499,0.24626072,0.38240171,0.29732527,0.42368460
0.00353707,0.21156558,0.08468135,0.27953496,0.17344109,0.33484633,0.24050933,0.38231089,0.28739433,0.42359798
0.00369350,0.21158656,0.08568611,0.27953295,0.17493842,0.33481393,0.24334244,0.38236501,0.29330738,0.42394066
0.00372049,0.21162653,0.08648397,0.27947652,0.17534081,0.33450947,0.24139484,0.38163581,0.28434688,0.42264799
0.00373344,0.21160435,0.08692822,0.27943078,0.17545056,0.33417196,0.23987259,0.38085807,0.27893617,0.42141961
0.00355445,0.21152538,0.08710773,0.27939701,0.17556012,0.33430018,0.23767643,0.38121296,0.26361498,0.42204018
0.00368435,0.21161318,0.08723736,0.27962807,0.17632858,0.33463448,0.24069019,0.38164361,0.27718187,0.42256296
0.00356486,0.21141504,0.08657524,0.27953879,0.17641740,0.33492281,0.24173505,0.38255896,0.27890761,0.42422246
0.00361153,0.21166035,0.08722814,0.27987772,0.17634108,0.33551412,0.23709013,0.38352146,0.24148036,0.42562738
0.00356574,0.21170929,0.08666805,0.27992164,0.17728961,0.33534005,0.24272393,0.38292749,0.27733674,0.42445285
0.00359100,0.21179127,0.08735109,0.27999907,0.17773466,0.33548741,0.24294096,0.38325815,0.27910246,0.42511964
0.00343831,0.21176430,0.08619701,0.27997969,0.17717277,0.33550672,0.24465653,0.38322237,0.28764780,0.42488568
0.00339760,0.21178836,0.08426858,0.28007375,0.17285546,0.33575400,0.23608527,0.38386032,0.26002077,0.42624637
0.00319227,0.21183912,0.08251404,0.28030028,0.17107229,0.33618612,0.23500394,0.38439081,0.26444306,0.42664715
0.00309542,0.21166011,0.08056353,0.28026352,0.16565037,0.33626492,0.22313875,0.38459944,-0.22519751,0.42719808
0.00318766,0.21182694,0.08113366,0.28059464,0.16585342,0.33685812,0.22193169,0.38552882,-0.24529151,0.42848738
0.00309501,0.21171939,0.07797375,0.28028499,0.15855624,0.33624774,0.20878330,0.38444303,-0.25840183,0.42671202
0.00316964,0.21179411,0.07731394,0.28046909,0.15216616,0.33653586,0.15926983,0.38497210,-0.29443620,0.42782410
0.00322298,0.21177895,0.07865693,0.28044485,0.15425422,0.33654557,0.14637723,0.38520732,-0.30217897,0.42862774
0.00317686,0.21188963,0.07872266,0.28065764,0.15341095,0.33669535,-0.11850294,0.38506125,-0.30274787,0.42792132
0.00305629,0.21182951,0.07851259,0.28046396,0.15391178,0.33638184,0.15571956,0.38448076,-0.29683024,0.42676497
0.00324294,0.21187460,0.07756419,0.28059105,0.14612054,0.33668986,-0.19496968,0.38506617,-0.31009075,0.42773348
0.00330006,0.21180922,0.07722676,0.28056792,0.14620592,0.33689070,-0.19578217,0.38569379,-0.31017099,0.42881194
0.00342870,0.21180533,0.07867112,0.28048215,0.15176714,0.33676876,-0.16370158,0.38553405,-0.30261709,0.42853242
0.00343062,0.21165438,0.07986942,0.28035485,0.15731733,0.33676012,0.18925250,0.38566432,-0.28445299,0.42870243
0.00338984,0.21161498,0.08022872,0.28025641,0.15907155,0.33650741,0.19554947,0.38519591,-0.28316012,0.42799123
0.00331047,0.21157199,0.07895748,0.28024528,0.15455105,0.33644537,0.15603312,0.38496418,-0.29514854,0.42745299
0.00335663,0.21183140,0.07780309,0.28052033,0.14932004,0.33670392,-0.18340857,0.38514500,-0.30626919,0.42751035
0.00328150,0.21174901,0.07637913,0.28048411,0.14223290,0.33678078,-0.21240680,0.38547445,-0.31822541,0.42824268
0.00337614,0.21175824,0.07618804,0.28059067,0.13802514,0.33713161,-0.22391372,0.38630141,-0.32604065,0.42981986
0.00335282,0.21179318,0.07734328,0.28071850,0.14106243,0.33732341,-0.21937284,0.38647432,-0.32263038,0.42979781
0.00329531,0.21188761,0.07681360,0.28078682,0.13709778,0.33748274,-0.22634145,0.38698172,-0.32675547,0.43080732
0.00322496,0.21191365,0.07635985,0.28080448,0.13233369,0.33763488,-0.23398460,0.38745624,-0.33225742,0.43171194
0.00315714,0.21188611,0.07646804,0.28068903,0.13401149,0.33750877,-0.23348093,0.38749480,-0.33271856,0.43212275
0.00304427,0.21174978,0.07475761,0.28039205,0.12746334,0.33708471,-0.23643413,0.38707290,-0.33376123,0.43187059
0.00285548,0.21186863,0.07370099,0.28050304,0.12793542,0.33711826,-0.23482479,0.38683360,-0.33243183,0.43117100
0.00278662,0.21183914,0.07218624,0.28056458,0.11374513,0.33724690,-0.24017424,0.38685265,-0.33325028,0.43078929
0.00280507,0.21190474,0.07074586,0.28068206,0.09696368,0.33739339,-0.24375501,0.38707473,-0.33526042,0.43113109
0.00274695,0.21187170,0.06989162,0.28047607,0.08206159,0.33685893,-0.24287587,0.38592773,-0.33225844,0.42903712
0.00285410,0.21180130,0.06941885,0.28044353,-0.09962730,0.33685520,-0.24771639,0.38588816,-0.33455531,0.42886709
0.00295192,0.21174973,0.06789684,0.28021945,-0.11016965,0.33634874,-0.24744819,0.38498220,-0.33268210,0.42746927
0.00301694,0.21172046,0.06816206,0.27991419,-0.12112103,0.33566975,-0.25242965,0.38400106,-0.33699780,0.42636282
0.00299699,0.21170713,0.06706048,0.27985754,-0.12815467,0.33565816,-0.25375665,0.38402412,-0.33710909,0.42630431
0.00303405,0.21180535,0.06569211,0.27993181,-0.13425518,0.33582313,-0.25646758,0.38448028,-0.33950357,0.42724341
0.00291299,0.21179554,0.06519500,0.27993664,-0.13738372,0.33591851,-0.25980350,0.38489133,-0.34359119,0.42821687
0.00296243,0.21198736,0.06744795,0.28024662,-0.13015666,0.33635653,-0.25803304,0.38543386,-0.34318912,0.42884320
0.00287210,0.21193466,0.06682496,0.28000330,-0.12590020,0.33580718,-0.25341130,0.38456324,-0.33815676,0.42770526
0.00286307,0.21192022,0.06727984,0.28009129,-0.12341959,0.33619903,-0.25413946,0.38555508,-0.34050566,0.42953650
0.00278928,0.21192438,0.06751882,0.28015250,-0.11706275,0.33629877,-0.25215834,0.38564283,-0.33947154,0.42955097
0.00291640,0.21195386,0.06759676,0.28004172,-0.11550063,0.33596991,-0.24794255,0.38501412,-0.33358941,0.42853352
0.00281578,0.21199792,0.06850835,0.28005954,-0.10225205,0.33600406,-0.24400998,0.38511968,-0.33036514,0.42872957
0.00269840,0.21193227,0.06834900,0.27992665,-0.07757489,0.33566929,-0.23773096,0.38437569,-0.32414157,0.42741731
0.00264756,0.21199743,0.06831735,0.28015781,-0.10463810,0.33609280,-0.24633981,0.38512173,-0.33325826,0.42866326
0.00258061,0.21202355,0.06651694,0.27995495,-0.11702371,0.33569088,-0.25054062,0.38464227,-0.33740949,0.42830659
0.00259478,0.21206881,0.06653669,0.27996678,-0.11564146,0.33556964,-0.24943390,0.38425511,-0.33621890,0.42754573
0.00271542,0.21197692,0.06573102,0.27982038,-0.12887815,0.33516646,-0.25263963,0.38337951,-0.33644543,0.42600613
0.00268502,0.21200786,0.06361864,0.27977762,-0.13025095,0.33486940,-0.25064641,0.38263691,-0.33378110,0.42473732
0.00253646,0.21194843,0.06203138,0.27958733,-0.13289156,0.33449315,-0.25110661,0.38201810,-0.33333566,0.42377546
0.00249281,0.21216645,0.06292645,0.27990594,-0.12596030,0.33490356,-0.24732261,0.38250617,-0.32980576,0.42427626
0.00258688,0.21212747,0.06546012,0.27969875,-0.11442669,0.33433286,-0.24308847,0.38133734,-0.32569734,0.42229429
0.00266189,0.21204967,0.06537026,0.27961703,-0.11289482,0.33412725,-0.24196925,0.38093913,-0.32450331,0.42169714
0.00242796,0.21211074,0.06470384,0.27956770,-0.09508606,0.33386003,-0.23459370,0.38028087,-0.31816861,0.42052134
0.00236550,0.21205054,0.06455113,0.27945127,-0.10923634,0.33355836,-0.23966177,0.37969401,-0.32242949,0.41964007
0.00248211,0.21207536,0.06572797,0.27943837,-0.10741895,0.33357100,-0.24013240,0.37977985,-0.32302789,0.41981293
0.00238469,0.21207738,0.06481623,0.27949683,-0.11175789,0.33368959,-0.24113047,0.37988835,-0.32380969,0.41988362
0.00234272,0.21204024,0.06257756,0.27955537,-0.12148743,0.33387379,-0.24369091,0.38023303,-0.32505560,0.42036875
0.00231994,0.21203167,0.06481415,0.27956011,-0.11294486,0.33386677,-0.24192756,0.38014838,-0.32435762,0.42016833
0.00226645,0.21186996,0.06403485,0.27930767,-0.11497081,0.33351628,-0.24189716,0.37965805,-0.32376019,0.41951072
0.00233614,0.21180482,0.06442432,0.27929827,-0.11606116,0.33359610,-0.24283727,0.37979717,-0.32484414,0.41967124
0.00244674,0.21168487,0.06712044,0.27910861,0.07115467,0.33322938,-0.23027283,0.37912880,-0.31394239,0.41856119
0.00249473,0.21175096,0.06608845,0.27924486,-0.07506751,0.33339263,-0.23171016,0.37933188,-0.31526924,0.41885955
0.00251325,0.21185591,0.06730307,0.27927039,0.08436897,0.33338195,-0.22908785,0.37931997,-0.31309953,0.41887157
0.00250969,0.21166993,0.06862094,0.27917500,0.11198333,0.33327779,-0.22133706,0.37906372,-0.30839387,0.41837239
0.00259705,0.21150762,0.06946591,0.27900009,0.11465095,0.33315165,-0.22272962,0.37908779,-0.31031895,0.41863938
0.00278468,0.21160873,0.07106533,0.27904570,0.11646390,0.33311254,-0.22443207,0.37901310,-0.31200906,0.41864727
0.00286436,0.21137944,0.07180431,0.27860808,0.10931745,0.33252343,-0.23099036,0.37835331,-0.31770913,0.41803971
0.00281158,0.21139751,0.07021685,0.27862187,0.07968920,0.33267072,-0.23796664,0.37883258,-0.32357702,0.41899471
0.00271740,0.21157109,0.06891308,0.27877099,-0.06214675,0.33277849,-0.23868612,0.37892960,-0.32382386,0.41918136
0.00276213,0.21178887,0.07091081,0.27912255,0.10622233,0.33316268,-0.23139388,0.37917483,-0.31875852,0.41913255
0.00257620,0.21176654,0.06908770,0.27899715,0.09148749,0.33283266,-0.23263550,0.37861344,-0.31791026,0.41836579
0.00268971,0.21173017,0.07002960,0.27903081,0.09583957,0.33311736,-0.23313584,0.37938191,-0.31860883,0.41979938
0.00261976,0.21177210,0.07000605,0.27898006,0.09961852,0.33299873,-0.23077041,0.37933023,-0.31549409,0.41998540
0.00270803,0.21171769,0.07095481,0.27885628,0.11029524,0.33265221,-0.22531092,0.37859483,-0.30977982,0.41871399
0.00264345,0.21182553,0.06751601,0.27876294,-0.06183405,0.33228750,-0.23257644,0.37793551,-0.31491361,0.41779394
0.00263958,0.21181925,0.06761471,0.27888752,0.07987855,0.33247703,-0.23107241,0.37805146,-0.31520861,0.41772752
0.00265063,0.21184426,0.06496023,0.27884240,-0.09675126,0.33246077,-0.23441266,0.37820837,-0.31660233,0.41824176
0.00277000,0.21189332,0.06685698,0.27877442,-0.08129377,0.33217899,-0.23566729,0.37774988,-0.32018493,0.41777197
0.00286916,0.21193149,0.06688139,0.27877953,-0.09120442,0.33199391,-0.23632661,0.37716491,-0.31999714,0.41667208
0.00293137,0.21183323,0.06737723,0.27875810,0.08867537,0.33207516,-0.22669809,0.37725802,-0.31058494,0.41656629
0.00288720,0.21184098,0.06748951,0.27872755,0.08309481,0.33198640,-0.22999379,0.37717924,-0.31414309,0.41660567
0.00277041,0.21201613,0.06900406,0.27892984,0.10891687,0.33206415,-0.22376406,0.37695482,-0.30997028,0.41594689
0.00273054,0.21212615,0.06769098,0.27892671,0.09440891,0.33185183,-0.22579174,0.37636923,-0.30966562,0.41482351
0.00278515,0.21237808,0.06968509,0.27929300,0.10890089,0.33231615,-0.22436826,0.37701029,-0.31066319,0.41580418
0.00290391,0.21234601,0.07214128,0.27926090,0.12571971,0.33224416,-0.21422480,0.37681828,-0.30462399,0.41536145
0.00302156,0.21230149,0.07121446,0.27915554,0.11849398,0.33213597,-0.21742467,0.37678405,-0.30454199,0.41541552
0.00288586,0.21249238,0.06857262,0.27938288,0.10567419,0.33229647,-0.22257176,0.37679495,-0.30742408,0.41518487
0.00294042,0.21238185,0.07041781,0.27923594,0.11648284,0.33227014,-0.21909760,0.37696905,-0.30588311,0.41562365
0.00311420,0.21227702,0.06984202,0.27901369,0.10780754,0.33193950,-0.22353671,0.37658254,-0.30896456,0.41528374
0.00316853,0.21230237,0.07053833,0.27900942,0.10581498,0.33206237,-0.22769332,0.37700030,-0.31393981,0.41618908
0.00312120,0.21235898,0.07077993,0.27907056,0.11990234,0.33209627,-0.21774562,0.37703787,-0.30604128,0.41625808
0.00308261,0.21225059,0.06866752,0.27888983,0.10221512,0.33183552,-0.22235732,0.37685200,-0.30624900,0.41641515
0.00301225,0.21209490,0.06639130,0.27878322,-0.05127475,0.33182391,-0.22888813,0.37700078,-0.31242324,0.41687107
0.00278297,0.21221537,0.06533929,0.27860177,0.08206476,0.33118164,-0.22302269,0.37559322,-0.30618044,0.41430504
0.00277953,0.21212580,0.06538239,0.27843093,0.09736197,0.33106056,-0.21784501,0.37568432,-0.30173252,0.41474540
0.00263405,0.21213033,0.06143051,0.27839478,-0.09320289,0.33098901,-0.22569325,0.37543684,-0.30618137,0.41410672
0.00266575,0.21219516,0.06157878,0.27838547,-0.08337639,0.33076621,-0.22136689,0.37500047,-0.30063618,0.41358342
0.00284568,0.21215140,0.06521035,0.27828980,0.09667721,0.33050713,-0.21443350,0.37451634,-0.29572525,0.41286221
0.00283496,0.21217066,0.06582882,0.27837357,0.10322211,0.33077753,-0.21572647,0.37515154,-0.29938008,0.41404871
0.00303604,0.21204098,0.06710205,0.27804275,0.11094775,0.33023479,-0.20944231,0.37429940,-0.29264008,0.41274115
0.00311031,0.21212714,0.06725223,0.27834802,0.10820819,0.33080347,-0.21317070,0.37512147,-0.29541915,0.41370876
0.00295846,0.21203515,0.06420874,0.27803174,0.05954154,0.33017036,-0.22134795,0.37417670,-0.30109687,0.41253824
0.00271954,0.21206618,0.06210085,0.27832396,-0.09181605,0.33079868,-0.22541565,0.37530925,-0.30397079,0.41432457
0.00271703,0.21205747,0.06033858,0.27831486,-0.10396620,0.33108555,-0.22542026,0.37635257,-0.30170631,0.41659476
0.00278656,0.21225998,0.06328278,0.27869247,0.04585857,0.33189222,-0.21618432,0.37775085,-0.29045727,0.41855544
0.00272924,0.21226784,0.06367899,0.27861521,0.03598932,0.33180454,-0.21593778,0.37787162,-0.29001917,0.41917407
0.00282608,0.21229921,0.06509214,0.27861054,0.08168898,0.33160146,-0.21505873,0.37722038,-0.29134515,0.41792329
0.00268069,0.21233183,0.06073171,0.27873267,-0.08816049,0.33185751,-0.21806925,0.37780367,-0.29665973,0.41916126
0.00262299,0.21250002,0.05807041,0.27888924,-0.10683108,0.33211400,-0.22243176,0.37835576,-0.30067999,0.42024405
0.00271341,0.21240787,0.06014213,0.27890905,-0.10732226,0.33216359,-0.22613505,0.37832821,-0.30536473,0.42010438
0.00295950,0.21245343,0.06331201,0.27895569,-0.08754131,0.33222599,-0.22576276,0.37854123,-0.31049311,0.42069009
0.00305643,0.21228592,0.06414214,0.27867101,-0.08002380,0.33169709,-0.22474189,0.37760410,-0.30862088,0.41921788
0.00313288,0.21233761,0.06347401,0.27876467,-0.10468476,0.33204665,-0.23215160,0.37861633,-0.31746016,0.42141794
0.00321331,0.21233125,0.06301965,0.27882367,-0.12071334,0.33227072,-0.24271810,0.37924915,-0.32924563,0.42284835
0.00316460,0.21216927,0.06086705,0.27869972,-0.12754019,0.33228943,-0.24537305,0.37972167,-0.33255559,0.42432057
0.00313388,0.21222936,0.05971919,0.27894606,-0.12912144,0.33277791,-0.24360137,0.38038849,-0.32964791,0.42496506
0.00318704,0.21234317,0.06023138,0.27916956,-0.13302227,0.33306723,-0.24755179,0.38072671,-0.33366874,0.42538375
0.00312020,0.21225831,0.06015846,0.27911747,-0.13259020,0.33303780,-0.24653563,0.38043876,-0.33143733,0.42440931
0.00295236,0.21219133,0.06036319,0.27912358,-0.12944757,0.33295293,-0.24243733,0.37993204,-0.32534185,0.42299884
0.00301176,0.21216985,0.06083306,0.27902729,-0.12881058,0.33271768,-0.24450800,0.37962747,-0.32916254,0.42288838
0.00294604,0.21216385,0.06047195,0.27911565,-0.13417714,0.33293833,-0.24992027,0.37998765,-0.33486848,0.42338736
0.00296643,0.21204824,0.05995431,0.27906414,-0.13016875,0.33284822,-0.24605340,0.37989840,-0.33185162,0.42348804
0.00290953,0.21197914,0.05828167,0.27915803,-0.13540068,0.33299858,-0.24937315,0.37986190,-0.33445753,0.42301333
0.00299900,0.21214943,0.06008947,0.27953007,-0.12687238,0.33360020,-0.24453548,0.38063432,-0.33063605,0.42374969
0.00296458,0.21240365,0.06075364,0.27985893,-0.11972232,0.33408284,-0.23954346,0.38138659,-0.32635205,0.42482003
0.00300989,0.21240355,0.06040910,0.27976877,-0.11961762,0.33387781,-0.23681098,0.38090665,-0.32193628,0.42377746
0.00299737,0.21244497,0.06166308,0.27990703,-0.10679399,0.33406618,-0.22748971,0.38094693,-0.31007635,0.42322906
0.00300287,0.21223991,0.06244764,0.27971328,-0.09188014,0.33401312,-0.22379286,0.38120921,-0.30941719,0.42406417
0.00318274,0.21243361,0.06322504,0.27996871,-0.09418381,0.33429533,-0.22765699,0.38149943,-0.31524817,0.42448495
0.00312349,0.21247750,0.06374132,0.27986667,-0.06663755,0.33404544,-0.22368693,0.38106726,-0.31269655,0.42385074
0.00324483,0.21226993,0.06440353,0.27954983,0.09824713,0.33361647,-0.21001697,0.38045239,-0.30026667,0.42284195
0.00324714,0.21240160,0.06353305,0.27973357,0.05403230,0.33372911,-0.21406598,0.38021937,-0.29767598,0.42185583
0.00316282,0.21229516,0.06363140,0.27972598,0.09078442,0.33383091,-0.20774535,0.38040283,-0.29231184,0.42201611
0.00312560,0.21238571,0.06313795,0.27973675,0.07133640,0.33369184,-0.21598613,0.38014178,-0.30243186,0.42174816
0.00307000,0.21238540,0.06521605,0.27962913,0.11318072,0.33343726,-0.19969923,0.37955196,-0.29131505,0.42052001
0.00321935,0.21255096,0.06725261,0.27992752,0.12357821,0.33393251,-0.18753343,0.38023849,-0.28702506,0.42137781
0.00310113,0.21255353,0.06717239,0.27982616,0.11874628,0.33375953,-0.20539499,0.38004618,-0.30051964,0.42129249
0.00306985,0.21246129,0.06581152,0.27977207,0.10411803,0.33374328,-0.21532849,0.38012621,-0.30597458,0.42156029
0.00313858,0.21242756,0.06716841,0.27965833,0.11511335,0.33358108,-0.21156157,0.38001552,-0.30628533,0.42172852
0.00293992,0.21245107,0.06154816,0.27973885,-0.07881149,0.33381863,-0.22479421,0.38048612,-0.31425364,0.42256199
0.00279437,0.21232432,0.05953340,0.27947980,-0.10418382,0.33322940,-0.22841649,0.37925399,-0.31426650,0.42025302
0.00266736,0.21229940,0.05879569,0.27945643,0.07987805,0.33308963,-0.20907627,0.37870185,-0.29654194,0.41888441
0.00262312,0.21219308,0.05578298,0.27926947,-0.09034006,0.33277872,-0.21387106,0.37823461,-0.29929163,0.41830866
0.00265075,0.21196161,0.05790201,0.27895570,0.07523752,0.33239627,-0.19936201,0.37764041,-0.28218727,0.41712591
0.00266491,0.21203684,0.05888279,0.27904624,0.10769892,0.33245741,-0.15980043,0.37763884,-0.25159182,0.41700028
0.00264608,0.21208036,0.05830717,0.27905697,0.09841982,0.33227797,-0.17647350,0.37713375,-0.26093529,0.41607573
0.00270702,0.21208624,0.06215875,0.27906339,0.12272264,0.33211216,0.16879068,0.37664849,-0.18327865,0.41522224
0.00261985,0.21205681,0.06161230,0.27907515,0.12210372,0.33208288,0.16208455,0.37657419,-0.22954096,0.41516039
0.00270756,0.21211322,0.06370619,0.27914304,0.12791390,0.33225084,0.15351617,0.37713842,-0.26311323,0.41663591
0.00278320,0.21209693,0.06565072,0.27921955,0.12919993,0.33244070,-0.12435335,0.37733767,-0.27247676,0.41665556
0.00272021,0.21203241,0.06612424,0.27917397,0.13326149,0.33250745,0.14629656,0.37769788,-0.27369083,0.41753511
0.00265212,0.21200916,0.06726132,0.27912452,0.13891818,0.33231260,0.19254820,0.37717789,-0.21672363,0.41648207
0.00281416,0.21211149,0.06824681,0.27930583,0.14032722,0.33238902,0.19762545,0.37693443,0.20574129,0.41570760
0.00281171,0.21211955,0.07035234,0.27911927,0.14788520,0.33210031,0.21192274,0.37673987,0.24690771,0.41592541
0.00287006,0.21198442,0.06951781,0.27881857,0.14449664,0.33177764,0.20207381,0.37672123,-0.19180892,0.41664624
0.00305872,0.21204406,0.07179179,0.27899165,0.14685655,0.33216597,0.19578327,0.37762803,-0.26091598,0.41864117
0.00302783,0.21208916,0.07096798,0.27902490,0.14449243,0.33218587,0.19705651,0.37756914,-0.23011499,0.41833406
0.00288725,0.21212920,0.06988871,0.27901202,0.14543911,0.33229647,0.19921631,0.37800757,-0.24297777,0.41932928
0.00266887,0.21206226,0.06738687,0.27897182,0.13715569,0.33232186,0.14804401,0.37823448,-0.28179810,0.42003096
0.00277534,0.21201187,0.06911427,0.27884304,0.14078612,0.33228990,0.15749599,0.37848224,-0.28646804,0.42084797
0.00274718,0.21192468,0.06810099,0.27873831,0.14330441,0.33207464,0.19422729,0.37787497,-0.25563946,0.41936703
0.00277084,0.21170393,0.06791087,0.27837141,0.14515495,0.33160744,0.20341573,0.37743925,-0.23375510,0.41919470
0.00263257,0.21179153,0.06687662,0.27859058,0.14587061,0.33192988,0.20839958,0.37772749,0.17867943,0.41931309
0.00248624,0.21191229,0.06535994,0.27867122,0.14554963,0.33193845,0.21632073,0.37770238,0.27144918,0.41931557
0.00253836,0.21212690,0.06318327,0.27880959,0.13836724,0.33201835,0.20367837,0.37796568,0.24561798,0.42018235
0.00255275,0.21213567,0.06309173,0.27876877,0.13640401,0.33204112,0.19723220,0.37817957,0.22284829,0.42073132
0.00252099,0.21219649,0.06291268,0.27901636,0.13770702,0.33263078,0.20896737,0.37908898,0.27671202,0.42166600
0.00246604,0.21229596,0.06370730,0.27895304,0.14195883,0.33235808,0.21893222,0.37860974,0.29266423,0.42099364
0.00241961,0.21230335,0.06296382,0.27887004,0.14313137,0.33210047,0.22109601,0.37804783,0.29177939,0.41995233
0.00247523,0.21236230,0.06174179,0.27903926,0.13761996,0.33267894,0.21147016,0.37933492,0.27576964,0.42219499
0.00246425,0.21228630,0.06287642,0.27896857,0.13879506,0.33265698,0.21361828,0.37951211,0.28261261,0.42272456
0.00254213,0.21220563,0.06288486,0.27886502,0.14103126,0.33256152,0.22033451,0.37937631,0.29405574,0.42236380
0.00263717,0.21210104,0.06477058,0.27862116,0.14389733,0.33204883,0.22407026,0.37828921,0.30037330,0.42032824
0.00268517,0.21208148,0.06668218,0.27848527,0.15083521,0.33198313,0.23588016,0.37863235,0.31526071,0.42158945
0.00257109,0.21199651,0.06463402,0.27842810,0.14984984,0.33205003,0.23885547,0.37894956,0.32028655,0.42233574
0.00252563,0.21194112,0.06415007,0.27835037,0.14670493,0.33174246,0.22955161,0.37796240,0.30489329,0.41996027
0.00250783,0.21182234,0.06374407,0.27823372,0.14532184,0.33168558,0.22833118,0.37797127,0.30454788,0.41998666
0.00257670,0.21184822,0.06460175,0.27830961,0.14671133,0.33187393,0.22973310,0.37836813,0.30595782,0.42067698
0.00260811,0.21188344,0.06534238,0.27841829,0.14776673,0.33188112,0.23114335,0.37802783,0.30780725,0.41972838
0.00256292,0.21191909,0.06596389,0.27843364,0.14854903,0.33172458,0.23149793,0.37748884,0.30804374,0.41859546
0.00252288,0.21191905,0.06213308,0.27842226,0.13984328,0.33163526,0.22234341,0.37714733,0.30059185,0.41776170
0.00243661,0.21177067,0.06302234,0.27826637,0.14296085,0.33129479,0.22485494,0.37633066,0.30119378,0.41614474
0.00263916,0.21187807,0.06556438,0.27844436,0.14464328,0.33166594,0.22124166,0.37692137,0.29358301,0.41684168
0.00242743,0.21200950,0.06337600,0.27850629,0.13912281,0.33152865,0.21025904,0.37640786,0.27611925,0.41565737
0.00244285,0.21193079,0.06336707,0.27842170,0.13928138,0.33147597,0.20688595,0.37633577,0.26366557,0.41546320
0.00249281,0.21215447,0.06440652,0.27861276,0.14067130,0.33157733,0.20830020,0.37628366,0.26529947,0.41524964
0.00259973,0.21222647,0.06515925,0.27878377,0.14347496,0.33162064,0.21504118,0.37598150,0.27670479,0.41448175
0.00268458,0.21215637,0.06427439,0.27867988,0.13840116,0.33137659,0.20489752,0.37546740,0.26283268,0.41350212
0.00277348,0.21214815,0.06739331,0.27870995,0.14695565,0.33146701,0.21989151,0.37568123,0.28359891,0.41398925
0.00276338,0.21207965,0.06731473,0.27854193,0.14647270,0.33118809,0.22016650,0.37520403,0.28530914,0.41310031
0.00262588,0.21214751,0.06509673,0.27861720,0.14196113,0.33130813,0.21553398,0.37537129,0.28336884,0.41325748
0.00275547,0.21211462,0.06857712,0.27845173,0.14746116,0.33116661,0.22068888,0.37545868,0.28717233,0.41376489
0.00291751,0.21216954,0.06913604,0.27846578,0.14788442,0.33114816,0.22178580,0.37535445,0.28814573,0.41347770
0.00300362,0.21219351,0.06829350,0.27839138,0.14216709,0.33091654,0.21141824,0.37497629,0.27535885,0.41303093
0.00285287,0.21220470,0.06753218,0.27845471,0.13675250,0.33122753,0.19649451,0.37561412,0.25593987,0.41398229
0.00294595,0.21204793,0.06914079,0.27812367,0.14021510,0.33074000,0.19967803,0.37512111,0.25720346,0.41372321
0.00296707,0.21204897,0.07080330,0.27824938,0.14795083,0.33118817,0.22026564,0.37601884,0.28971032,0.41506725
0.00286707,0.21218299,0.06868440,0.27843073,0.14408469,0.33140020,0.21790429,0.37636115,0.29037643,0.41574918
0.00290645,0.21220648,0.07048907,0.27835381,0.14777455,0.33122684,0.22351576,0.37629918,0.29771680,0.41621229
0.00283351,0.21214456,0.07038740,0.27845905,0.15093499,0.33144429,0.23052272,0.37653739,0.30502448,0.41635272
0.00290271,0.21204204,0.07103375,0.27821976,0.15028656,0.33104923,0.22791216,0.37583072,0.30057249,0.41499665
0.00288460,0.21210470,0.07358323,0.27837238,0.15579533,0.33133039,0.23292580,0.37632003,0.30315759,0.41571362
0.00289536,0.21223561,0.07334161,0.27839995,0.15362432,0.33126848,0.22833076,0.37618228,0.29844450,0.41554775
0.00284709,0.21227715,0.07205641,0.27839467,0.14947010,0.33130175,0.21957688,0.37627043,0.28415455,0.41565422
0.00282331,0.21219619,0.07047854,0.27817894,0.14855049,0.33088448,0.22112887,0.37562432,0.28661240,0.41478936
0.00267588,0.21230184,0.06892270,0.27826348,0.14479669,0.33089964,0.21547228,0.37559010,0.27891524,0.41486164
0.00261216,0.21237112,0.06773590,0.27819215,0.14564627,0.33059652,0.21516852,0.37504201,0.27160586,0.41407665
0.00264468,0.21234025,0.06774930,0.27800719,0.14387827,0.33006342,0.20953089,0.37398094,0.26233145,0.41223509
0.00274650,0.21225933,0.07027055,0.27793083,0.15089651,0.32998200,0.22109479,0.37390889,0.27855883,0.41221957
0.00275265,0.21230995,0.07047733,0.27794733,0.15429094,0.32996426,0.22800416,0.37389046,0.28932341,0.41224680
0.00269286,0.21234997,0.06941479,0.27802868,0.15254743,0.33017234,0.22496361,0.37430286,0.28366135,0.41285456
0.00257701,0.21235962,0.06759710,0.27799481,0.15243002,0.33004080,0.22812546,0.37411125,0.29195054,0.41269139
0.00264236,0.21255874,0.06845903,0.27814574,0.15163370,0.33017251,0.22356122,0.37431652,0.28137763,0.41315756
0.00270543,0.21270251,0.06921441,0.27838387,0.15327392,0.33044230,0.22571597,0.37450129,0.28369432,0.41308943
0.00273074,0.21261471,0.06775638,0.27814931,0.14653769,0.33004729,0.20854432,0.37395504,0.23686604,0.41245138
0.00281845,0.21257047,0.06972323,0.27803571,0.15133559,0.32994300,0.21847222,0.37392097,0.26565200,0.41250227
0.00273390,0.21262969,0.06845104,0.27808579,0.14892597,0.33007637,0.21740515,0.37416958,0.26740284,0.41286186
0.00267167,0.21255424,0.06833140,0.27813278,0.14905738,0.33028827,0.21669062,0.37446849,0.26280826,0.41309089
0.00253788,0.21276913,0.06492755,0.27819749,0.14371772,0.33031930,0.21175801,0.37460380,0.25958842,0.41342708
0.00271877,0.21276174,0.06786379,0.27814338,0.14819016,0.33026463,0.21426828,0.37458031,0.25402375,0.41354015
0.00266183,0.21282584,0.06828207,0.27821816,0.15138992,0.33041823,0.22105487,0.37482804,0.26910885,0.41381633
0.00272656,0.21287014,0.06870072,0.27818261,0.15093851,0.33014091,0.21925303,0.37408363,0.26649351,0.41236327
0.00260364,0.21289563,0.06734943,0.27809454,0.14919803,0.32989456,0.21784614,0.37355494,0.26889342,0.41135596
0.00237882,0.21288985,0.06492251,0.27806074,0.14519537,0.32980626,0.21488937,0.37333914,0.26961387,0.41095882
0.00247902,0.21294316,0.06675087,0.27818846,0.15008600,0.32995827,0.22339651,0.37341523,0.28245180,0.41078473
0.00246268,0.21287112,0.06445006,0.27819647,0.14634771,0.33005038,0.22166840,0.37364801,0.28348016,0.41119443
0.00252174,0.21294514,0.06507203,0.27842961,0.14534919,0.33041668,0.22188513,0.37412454,0.28773756,0.41175918
0.00257019,0.21288979,0.06421944,0.27842092,0.14334926,0.33050696,0.22014364,0.37440983,0.28652855,0.41231077
0.00256126,0.21297383,0.06351553,0.27859070,0.14214534,0.33081045,0.21912707,0.37486977,0.28622873,0.41293431
0.00262526,0.21297840,0.06226659,0.27869013,0.13864648,0.33104274,0.21522401,0.37528265,0.28359907,0.41361474
0.00259254,0.21302562,0.06201981,0.27883480,0.13799297,0.33129251,0.21458353,0.37553448,0.28469566,0.41372127
0.00268361,0.21290288,0.06356850,0.27875925,0.14272235,0.33133535,0.22319143,0.37584683,0.29523069,0.41453003
0.00261623,0.21278490,0.06094907,0.27851238,0.13390734,0.33101793,0.20820790,0.37558625,0.27623554,0.41449817
0.00257781,0.21287517,0.06013785,0.27874419,0.13594368,0.33154429,0.21622842,0.37653227,0.28894562,0.41594725
0.00245819,0.21288064,0.05908933,0.27873395,0.13296333,0.33154603,0.21262943,0.37667402,0.28556368,0.41638372
0.00245411,0.21286956,0.05948760,0.27888181,0.13575865,0.33201533,0.21922071,0.37747357,0.29496637,0.41736197
0.00240533,0.21278593,0.05744623,0.27870863,0.13590575,0.33168309,0.22434280,0.37694065,0.30176365,0.41668333
0.00240173,0.21267762,0.05846209,0.27862702,0.13630489,0.33157182,0.22294170,0.37687972,0.30057672,0.41690075
0.00244199,0.21260877,0.05790283,0.27880947,0.13532074,0.33213275,0.22129761,0.37786601,0.29729777,0.41825269
0.00228314,0.21255639,0.05187084,0.27883631,0.12270756,0.33210557,0.20891857,0.37743237,0.28304374,0.41685733
0.00210800,0.21252537,0.04454248,0.27891800,0.10574963,0.33237969,0.20048516,0.37793482,0.28044044,0.41761836
0.00217227,0.21256395,0.04528598,0.27901301,0.10018042,0.33258619,0.19394627,0.37821457,0.27411444,0.41792936
0.00204752,0.21246486,0.04660276,0.27886380,0.11342232,0.33252236,0.20494334,0.37844597,0.28317618,0.41869730
0.00213189,0.21235886,0.05143203,0.27878446,0.11938294,0.33248442,0.20036833,0.37852812,0.26909830,0.41901833
0.00216858,0.21232332,0.05047419,0.27872775,0.11237017,0.33249881,0.19045083,0.37866678,0.25713263,0.41931950
0.00217963,0.21241905,0.04942256,0.27877679,0.10824604,0.33253085,0.19176299,0.37874041,0.26800102,0.41951029
0.00206145,0.21243245,0.04673427,0.27867410,0.10085582,0.33216501,0.19342153,0.37813441,0.27706695,0.41878083
0.00176570,0.21224179,0.04078119,0.27847238,0.07222745,0.33202147,0.19074357,0.37820652,0.28353872,0.41928360
0.00194356,0.21226644,0.04732709,0.27848382,0.10665207,0.33216501,0.20301842,0.37891666,0.29099609,0.42116848
0.00193984,0.21242177,0.04396738,0.27869239,0.09064882,0.33235496,0.19092850,0.37900072,0.27938761,0.42091900
0.00194672,0.21245863,0.04241899,0.27859213,-0.05559804,0.33220823,0.18044491,0.37901522,0.27570901,0.42133956
0.00190889,0.21248983,0.04165406,0.27855960,0.06999725,0.33198800,0.18911589,0.37861699,0.28298504,0.42092681
0.00188866,0.21254377,0.04492894,0.27864358,0.10283166,0.33220402,0.20056530,0.37903103,0.28737261,0.42152692
0.00198795,0.21237760,0.04571885,0.27841562,0.10543309,0.33185783,0.20733715,0.37856889,0.29616153,0.42103378
0.00215486,0.21241481,0.04775889,0.27846790,0.11203212,0.33188906,0.21388172,0.37864479,0.30228545,0.42126173
0.00221545,0.21217103,0.04926636,0.27813633,0.11019511,0.33139541,0.20939251,0.37787439,0.29775477,0.42011443
0.00215219,0.21216195,0.05049397,0.27829550,0.11735026,0.33161565,0.21898081,0.37801652,0.30839584,0.42016074
0.00222921,0.21210273,0.05238611,0.27809327,0.11984862,0.33107864,0.22010092,0.37702462,0.30884677,0.41866387
0.00218320,0.21212932,0.04841791,0.27810572,0.09805521,0.33092018,0.20468104,0.37638020,0.29670612,0.41708152
0.00212600,0.21230194,0.04631771,0.27826901,0.09049590,0.33109036,0.20288776,0.37652599,0.29519872,0.41711673
0.00203416,0.21240468,0.05033254,0.27854342,0.11331394,0.33163204,0.20930277,0.37732591,0.29578768,0.41812923
0.00203130,0.21238119,0.05047783,0.27860475,0.11133430,0.33200145,0.20696639,0.37836990,0.29427468,0.42027212
0.00199794,0.21240608,0.04677928,0.27871683,0.06300915,0.33217217,0.18449084,0.37848900,0.28275448,0.42012278
0.00169540,0.21237377,0.03882801,0.27876076,-0.09247135,0.33243201,0.16715235,0.37909865,0.27190007,0.42112752
0.00170782,0.21232041,0.04384697,0.27866638,0.06683994,0.33236971,0.17230583,0.37913533,0.26579344,0.42122174
0.00180697,0.21232905,0.05116155,0.27872618,0.11636065,0.33253480,0.20612826,0.37945877,0.28938877,0.42176870
0.00181070,0.21242527,0.05014567,0.27895435,0.12001194,0.33291466,0.21812535,0.38003943,0.30462194,0.42263821
0.00179037,0.21240841,0.04454724,0.27895297,0.10150906,0.33263724,0.20725025,0.37895505,0.29645788,0.42022065
0.00168665,0.21231008,0.03727353,0.27875625,-0.08123229,0.33227095,0.19197109,0.37838194,0.28800877,0.41944560
0.00160477,0.21230688,0.03369092,0.27882882,-0.09611940,0.33244870,0.18903771,0.37878892,0.28944960,0.42020346
0.00149892,0.21242019,0.03081728,0.27904295,-0.10001529,0.33268724,0.19200482,0.37900450,0.29393445,0.42047165
0.00144414,0.21233913,0.02667819,0.27887259,-0.11110175,0.33257803,0.17658873,0.37914183,0.28916427,0.42100632
0.00128151,0.21215352,-0.03517035,0.27877528,-0.13308473,0.33245634,-0.18830286,0.37883663,0.25548233,0.42024122
0.00126584,0.21207799,-0.04108886,0.27873774,-0.13964906,0.33243590,-0.19960104,0.37869333,0.23978094,0.41974725
0.00122290,0.21212634,-0.04562421,0.27866544,-0.14329414,0.33239850,-0.19986621,0.37884625,0.25168854,0.42021719
0.00128015,0.21211955,-0.04581566,0.27857645,-0.14583486,0.33238138,-0.20890677,0.37909915,0.20191217,0.42084408
0.00158650,0.21220671,-0.04006726,0.27861401,-0.14611764,0.33227422,-0.21764932,0.37859806,-0.26070616,0.41961017
0.00168223,0.21195910,-0.03618211,0.27820679,-0.14472082,0.33151985,-0.21589745,0.37727394,-0.25510299,0.41760914
0.00165709,0.21187205,-0.03018125,0.27798351,-0.14068081,0.33122619,-0.21277575,0.37695751,-0.25623327,0.41724898
0.00165497,0.21188178,-0.03672922,0.27804239,-0.14718798,0.33142104,-0.22107205,0.37739024,-0.26496288,0.41797937
0.00178381,0.21191629,-0.02878255,0.27807329,-0.14351807,0.33143884,-0.21406798,0.37734206,-0.23453519,0.41783997
0.00185211,0.21197477,-0.01592336,0.27806198,-0.14071450,0.33136576,-0.21129274,0.37720351,-0.22766420,0.41764137
0.00180402,0.21188154,-0.02865626,0.27795086,-0.14518144,0.33109210,-0.21814052,0.37661125,-0.25374584,0.41657662
0.00171688,0.21200742,-0.03225354,0.27811542,-0.14569518,0.33123603,-0.21920561,0.37672289,-0.25875047,0.41670561
0.00172870,0.21206615,-0.04072815,0.27833200,-0.15265080,0.33152510,-0.22744636,0.37696505,-0.27000278,0.41682704
0.00171239,0.21196781,-0.04208127,0.27813581,-0.15795956,0.33113033,-0.23874855,0.37638251,-0.29481403,0.41612067
0.00166905,0.21196225,-0.04230982,0.27814762,-0.15713310,0.33124310,-0.23412932,0.37666781,-0.27959626,0.41664074
0.00172022,0.21213135,-0.04682443,0.27840246,-0.16003956,0.33162196,-0.23559254,0.37719266,-0.27643412,0.41733138
0.00176808,0.21219536,-0.04898682,0.27833677,-0.16199295,0.33152869,-0.23879923,0.37717890,-0.28493368,0.41748170
0.00181212,0.21223437,-0.04674340,0.27851518,-0.16028458,0.33178505,-0.23760048,0.37742078,-0.28483477,0.41761262
0.00150395,0.21235163,-0.05513490,0.27869876,-0.16620701,0.33198187,-0.24545152,0.37758419,-0.30020507,0.41770258
0.00161142,0.21212739,-0.05190799,0.27844407,-0.16311453,0.33161912,-0.24188762,0.37691592,-0.29482804,0.41652880
0.00156219,0.21221432,-0.05541313,0.27867039,-0.16840084,0.33197424,-0.24977278,0.37730043,-0.30684845,0.41673877
0.00160746,0.21216466,-0.05235435,0.27848208,-0.16576785,0.33163982,-0.24917476,0.37680740,-0.31037455,0.41611071
0.00150679,0.21226436,-0.05608665,0.27860471,-0.16931306,0.33172616,-0.25243631,0.37674756,-0.31366073,0.41583196
0.00167308,0.21206291,-0.04800480,0.27831238,-0.16150059,0.33122421,-0.24415917,0.37598842,-0.30430493,0.41476806
0.00181646,0.21210525,-0.04278357,0.27840199,-0.15709462,0.33157905,-0.23906697,0.37682652,-0.29760731,0.41629431
0.00193476,0.21206298,-0.04099002,0.27833127,-0.15897210,0.33141508,-0.24315544,0.37654748,-0.30418092,0.41588947
0.00179976,0.21210708,-0.04417204,0.27853052,-0.16068504,0.33181719,-0.24576994,0.37725357,-0.30852035,0.41703352
0.00181920,0.21211852,-0.04335490,0.27844311,-0.15936826,0.33174793,-0.24341052,0.37724519,-0.30455628,0.41706580
0.00178630,0.21200861,-0.04811600,0.27827874,-0.16485041,0.33175565,-0.24887954,0.37771914,-0.30894497,0.41827826
0.00159297,0.21182951,-0.05331342,0.27809512,-0.16832190,0.33155834,-0.25206051,0.37762281,-0.31179758,0.41849734
0.00144428,0.21192124,-0.05558715,0.27816364,-0.16927640,0.33152905,-0.25111246,0.37743405,-0.30683045,0.41811530
0.00133972,0.21203317,-0.05528493,0.27818695,-0.16837994,0.33152509,-0.25119806,0.37747387,-0.30925921,0.41825461
0.00131057,0.21210702,-0.06047158,0.27832184,-0.17336102,0.33190743,-0.25727310,0.37834027,-0.31851756,0.41975145
0.00126508,0.21218227,-0.06217530,0.27847645,-0.17638865,0.33197779,-0.26228670,0.37822215,-0.32656231,0.41946959
0.00114422,0.21234139,-0.06037170,0.27868721,-0.17422233,0.33227320,-0.26032478,0.37881313,-0.32465961,0.42065436
0.00097607,0.21222727,-0.06222943,0.27862467,-0.17630884,0.33228604,-0.26400499,0.37898040,-0.33065491,0.42109708
0.00085042,0.21215269,-0.06282136,0.27858968,-0.17640393,0.33238704,-0.26389388,0.37922310,-0.33036533,0.42126801
0.00096421,0.21194910,-0.06037563,0.27832876,-0.17469851,0.33225876,-0.26378834,0.37953577,-0.33250852,0.42231584
0.00107658,0.21179938,-0.05569283,0.27812783,-0.17011352,0.33208594,-0.26036384,0.37959464,-0.33091325,0.42287795
0.00115228,0.21190975,-0.05518574,0.27828744,-0.17079628,0.33225716,-0.26204462,0.37980148,-0.33326195,0.42324085
0.00115107,0.21183029,-0.05508912,0.27804723,-0.17079740,0.33179866,-0.26320351,0.37901852,-0.33582797,0.42205642
0.00113241,0.21188040,-0.05423812,0.27799091,-0.16957780,0.33174472,-0.26257734,0.37907172,-0.33574140,0.42230500
0.00112933,0.21179445,-0.05223479,0.27785037,-0.16768618,0.33155598,-0.26148028,0.37893670,-0.33569442,0.42238536
0.00119082,0.21167401,-0.05200665,0.27760901,-0.16706582,0.33100496,-0.26006109,0.37768131,-0.33316378,0.42001582
0.00130885,0.21178067,-0.04964821,0.27783367,-0.16598635,0.33153628,-0.25917426,0.37885048,-0.33253743,0.42216956
0.00129867,0.21179604,-0.04946379,0.27781762,-0.16590588,0.33139786,-0.25867508,0.37863954,-0.33163128,0.42205948
0.00136459,0.21175822,-0.04614652,0.27781156,-0.16011727,0.33138346,-0.25095758,0.37860560,-0.32381316,0.42212200
0.00135971,0.21169488,-0.04786321,0.27767693,-0.16055735,0.33100207,-0.25106436,0.37801787,-0.32419086,0.42161571
0.00125012,0.21166475,-0.05155693,0.27767064,-0.16495284,0.33092837,-0.25610500,0.37765768,-0.32942018,0.42071247
0.00118353,0.21163593,-0.05496483,0.27776931,-0.16654724,0.33109419,-0.25572230,0.37758825,-0.32701736,0.41994441
0.00107514,0.21159751,-0.05422448,0.27771970,-0.16433770,0.33115383,-0.25151400,0.37773232,-0.32048141,0.42001327
0.00111335,0.21156469,-0.05394776,0.27761405,-0.16568879,0.33094712,-0.25391209,0.37760728,-0.32378113,0.42032219
0.00100360,0.21154737,-0.05419886,0.27742798,-0.16649331,0.33058438,-0.25523385,0.37704347,-0.32554735,0.41952209
0.00105010,0.21153188,-0.05398082,0.27746778,-0.16760981,0.33086911,-0.25810025,0.37800038,-0.33021598,0.42175480
0.00110096,0.21149547,-0.05116024,0.27738532,-0.16598190,0.33055529,-0.25565482,0.37740201,-0.32587585,0.42098463
0.00092810,0.21146470,-0.05125874,0.27732959,-0.16536146,0.33036381,-0.25520928,0.37701803,-0.32607325,0.42043279
0.00104972,0.21146058,-0.04874557,0.27721919,-0.16470547,0.33015866,-0.25618476,0.37674740,-0.32836899,0.42027449
0.00111132,0.21146409,-0.04833752,0.27730696,-0.16256035,0.33044428,-0.25282892,0.37727827,-0.32414098,0.42098225
0.00116056,0.21139871,-0.04661873,0.27708425,-0.16209211,0.33018431,-0.25364891,0.37706612,-0.32600009,0.42085286
0.00112280,0.21115511,-0.04437518,0.27676780,-0.15880904,0.32980239,-0.24975264,0.37673627,-0.32209078,0.42079738
0.00113042,0.21109003,-0.04521308,0.27654123,-0.15971587,0.32947325,-0.24962593,0.37637461,-0.31869892,0.42040127
0.00116967,0.21111361,-0.04058586,0.27666607,-0.15389066,0.32982236,-0.24211340,0.37720885,-0.30856028,0.42213043
0.00114549,0.21094898,-0.04375805,0.27646123,-0.15596741,0.32960338,-0.24579326,0.37700376,-0.31660720,0.42192716
0.00118310,0.21102310,-0.04215333,0.27647419,-0.15372676,0.32957154,-0.24387713,0.37706631,-0.31601608,0.42230296
0.00117821,0.21103089,-0.03811736,0.27649238,-0.15161773,0.32972922,-0.24325363,0.37758949,-0.31588493,0.42348277
0.00122099,0.21102029,-0.03712265,0.27635997,-0.14921119,0.32966404,-0.23923074,0.37806283,-0.30785262,0.42499177
0.00109195,0.21110624,-0.04170563,0.27618482,-0.14975715,0.32880182,-0.23597228,0.37575763,-0.30007966,0.42036178
0.00113439,0.21114822,-0.04228009,0.27625494,-0.15324568,0.32890932,-0.24319656,0.37574607,-0.31296400,0.41991721
0.00094706,0.21090563,-0.04480871,0.27596819,-0.15293448,0.32869423,-0.24342485,0.37572707,-0.31578364,0.42011809
0.00097839,0.21097950,-0.04024715,0.27607893,-0.14594014,0.32877984,-0.23149670,0.37563402,-0.29480264,0.41960848
0.00085846,0.21107083,-0.04555471,0.27620913,-0.14715261,0.32889305,-0.22987858,0.37556810,-0.28927301,0.41910985
0.00082921,0.21098630,-0.04446218,0.27605948,-0.14791297,0.32859787,-0.23147097,0.37499329,-0.29146117,0.41808099
0.00064566,0.21085175,-0.05229265,0.27583371,-0.15330638,0.32818476,-0.23599407,0.37416467,-0.29980473,0.41658415
0.00053152,0.21085776,-0.05504883,0.27587368,-0.15703975,0.32832276,-0.24008134,0.37464016,-0.30367194,0.41786021
0.00053980,0.21073692,-0.05522621,0.27586270,-0.15653289,0.32838979,-0.23925004,0.37479843,-0.30431228,0.41822984
0.00055579,0.21077640,-0.05553320,0.27600352,-0.15702641,0.32863979,-0.24103201,0.37512391,-0.30815659,0.41853237
0.00050596,0.21079325,-0.05422305,0.27613450,-0.15428172,0.32874421,-0.23743975,0.37492298,-0.30406861,0.41761752
0.00046077,0.21085582,-0.05610275,0.27617962,-0.15682515,0.32878553,-0.23946527,0.37508845,-0.30569858,0.41812557
0.00056271,0.21071053,-0.05839101,0.27608059,-0.15800082,0.32889804,-0.23748000,0.37566689,-0.30062680,0.41942926
0.00048321,0.21077588,-0.06280516,0.27636974,-0.16245777,0.32944783,-0.24110074,0.37653953,-0.30340896,0.42065852
0.00046702,0.21094249,-0.06108453,0.27638086,-0.16200995,0.32925820,-0.24384480,0.37603135,-0.31055735,0.41957698
0.00049545,0.21086393,-0.06011872,0.27644846,-0.16077228,0.32944687,-0.24487132,0.37622742,-0.31518216,0.41963468
0.00058339,0.21087161,-0.05603805,0.27639577,-0.15363190,0.32924956,-0.23424332,0.37590043,-0.30104351,0.41927502
0.00068329,0.21098109,-0.05557319,0.27650081,-0.15231235,0.32941971,-0.23083491,0.37620441,-0.29433301,0.41964672
0.00070986,0.21100572,-0.05449393,0.27636813,-0.15070490,0.32900980,-0.22772985,0.37552523,-0.28978125,0.41888559
0.00079611,0.21099210,-0.05258774,0.27634573,-0.14699278,0.32904999,-0.22193171,0.37560269,-0.28125430,0.41880328
0.00088271,0.21101107,-0.05194671,0.27636254,-0.14176102,0.32904392,-0.20532962,0.37548902,-0.20252517,0.41845472
0.00083624,0.21111251,-0.05489490,0.27654878,-0.15067964,0.32935944,-0.22607083,0.37578380,-0.28260463,0.41841673
0.00089878,0.21118843,-0.05881359,0.27652804,-0.15805000,0.32911287,-0.23770999,0.37507830,-0.30143014,0.41694899
0.00105919,0.21111595,-0.05788055,0.27637830,-0.15845624,0.32887936,-0.24066341,0.37476349,-0.30823224,0.41659588
0.00101393,0.21100893,-0.05797869,0.27632731,-0.15780531,0.32908812,-0.23690035,0.37548743,-0.29983518,0.41799115
0.00103092,0.21096777,-0.05810981,0.27628165,-0.15668637,0.32923261,-0.23298507,0.37589179,-0.29045072,0.41854493
0.00103927,0.21108460,-0.05780676,0.27636967,-0.15439956,0.32917619,-0.22335184,0.37568250,-0.25088733,0.41825636
0.00111854,0.21106605,-0.05617044,0.27627772,-0.15217966,0.32905204,-0.21915816,0.37560957,-0.22665419,0.41840377
0.00126355,0.21102527,-0.05553392,0.27629704,-0.15617997,0.32903329,-0.23178953,0.37529543,-0.28327957,0.41740404
0.00117336,0.21105543,-0.05308214,0.27635628,-0.15257064,0.32908583,-0.22564179,0.37540772,-0.26577972,0.41780149
0.00116376,0.21107104,-0.05519307,0.27645412,-0.15429301,0.32930295,-0.22964880,0.37584781,-0.27776031,0.41864567
0.00113378,0.21087812,-0.05278570,0.27635987,-0.15443878,0.32939853,-0.23646664,0.37605615,-0.29954295,0.41870674
0.00118848,0.21089048,-0.05234393,0.27648081,-0.15504999,0.32985869,-0.23653345,0.37729650,-0.29704285,0.42128869
0.00138586,0.21095923,-0.04800604,0.27640838,-0.15378001,0.32948787,-0.23782517,0.37628686,-0.30139664,0.41926374
0.00152278,0.21088013,-0.04869568,0.27642660,-0.15554183,0.32980166,-0.24047395,0.37725436,-0.30644961,0.42122093
0.00163473,0.21093401,-0.04528173,0.27655417,-0.15224504,0.33005152,-0.23653567,0.37753381,-0.29968702,0.42132257
0.00152483,0.21101645,-0.04508592,0.27676196,-0.15128672,0.33042918,-0.23664255,0.37810189,-0.30271483,0.42206937
0.00159609,0.21095444,-0.03865301,0.27677704,-0.14807530,0.33035939,-0.23519349,0.37765998,-0.30326785,0.42097122
0.00150081,0.21098353,-0.03725923,0.27691931,-0.14554037,0.33078304,-0.23124804,0.37871638,-0.29767401,0.42300130
0.00156468,0.21095077,-0.02438032,0.27699925,-0.13961275,0.33097966,-0.22591329,0.37890622,-0.28955886,0.42294907
0.00170993,0.21100278,0.02875733,0.27714775,-0.13310721,0.33147178,-0.21985309,0.38015182,-0.28110821,0.42537488
0.00169204,0.21096142,0.03252953,0.27717584,-0.13368682,0.33163397,-0.22300229,0.38063191,-0.28753718,0.42630887
0.00170352,0.21090902,0.03175936,0.27697377,-0.12937305,0.33129911,-0.21370917,0.38012312,-0.26554889,0.42558986
0.00160567,0.21111776,0.02816017,0.27724511,-0.13154696,0.33184753,-0.21831824,0.38131319,-0.27659480,0.42775569
0.00167319,0.21106052,0.02290889,0.27723841,-0.12814325,0.33181035,-0.20725160,0.38111752,-0.23388903,0.42733321
0.00151342,0.21111510,-0.01838042,0.27729553,-0.12723791,0.33205743,-0.19191624,0.38173880,0.26521484,0.42842490
0.00150851,0.21119446,-0.02373639,0.27735498,-0.12932076,0.33202235,-0.20226572,0.38153529,0.17550972,0.42783932
0.00139361,0.21126748,-0.01836258,0.27739295,-0.11713059,0.33170870,-0.17023967,0.38040268,0.26516073,0.42552344
0.00139452,0.21124514,-0.01785915,0.27737560,-0.11595066,0.33190868,-0.16131580,0.38136769,0.27282110,0.42793919
0.00129808,0.21108520,-0.03459015,0.27712841,-0.12753911,0.33162581,-0.19212351,0.38111974,0.24924944,0.42783035
0.00130631,0.21109664,-0.02870912,0.27725875,-0.11958898,0.33210370,-0.17116955,0.38214948,0.27012886,0.42949235
0.00116414,0.21105171,-0.03155073,0.27723369,-0.12542342,0.33203609,-0.19533775,0.38209764,0.22776347,0.42966134
0.00121238,0.21121730,0.02163114,0.27731549,-0.09996913,0.33179460,-0.16937932,0.38126222,0.18132926,0.42811654
0.00126775,0.21120697,0.03851826,0.27724095,0.11528370,0.33147157,0.21303572,0.38037463,0.30361607,0.42645960
0.00128029,0.21121803,0.04373361,0.27718615,0.12069545,0.33137887,0.21005250,0.38037769,0.29762084,0.42673824
0.00118893,0.21134054,0.03789228,0.27750789,0.11294893,0.33202404,0.21189373,0.38157238,0.30483431,0.42866247
0.00127837,0.21120254,0.03766865,0.27732070,0.11720002,0.33173742,0.21997156,0.38108582,0.31244742,0.42784379
0.00111305,0.21116666,0.03373929,0.27720639,0.11353167,0.33128110,0.21582598,0.37971994,0.30688076,0.42502199
0.00109538,0.21130654,0.02936530,0.27738621,0.09332465,0.33136031,0.19105720,0.37935395,0.28222954,0.42369276
0.00114106,0.21123918,0.02177890,0.27747512,-0.05085550,0.33175373,0.18303090,0.38016905,0.28049364,0.42494238
0.00109326,0.21110975,-0.01076901,0.27733412,0.05462665,0.33170230,0.19763420,0.38024839,0.29483984,0.42512759
0.00113927,0.21108858,-0.02554710,0.27721764,0.06887308,0.33150567,0.21397563,0.38017907,0.31172880,0.42561157
0.00105735,0.21096414,-0.02990851,0.27708710,-0.09254984,0.33129345,0.20076642,0.37959987,0.30195647,0.42426175
0.00114265,0.21112406,-0.02728315,0.27734153,-0.10306147,0.33166917,0.18813119,0.38002228,0.29513691,0.42463305
0.00120837,0.21108534,-0.02666375,0.27731859,-0.10312956,0.33163282,0.18174163,0.37968580,0.28914965,0.42351515
0.00116166,0.21099026,-0.03411373,0.27713992,-0.11683673,0.33146213,-0.11116287,0.37976864,0.27533555,0.42407180
0.00113418,0.21101786,-0.03248540,0.27742215,-0.11392068,0.33196034,0.15572246,0.38044066,0.28317285,0.42488000
0.00115269,0.21086401,-0.03811671,0.27722065,-0.12769569,0.33171165,-0.18398294,0.38001974,0.25418964,0.42406527
0.00128240,0.21073538,-0.02734959,0.27709616,-0.11589500,0.33169649,0.10824830,0.38021997,0.27756527,0.42449220
0.00137195,0.21083408,0.01523917,0.27719904,-0.11013371,0.33171485,0.14322969,0.38007844,0.28022305,0.42421141
0.00133342,0.21083191,0.02543258,0.27737946,-0.07108717,0.33199266,0.20382595,0.38030134,0.30353870,0.42436665
0.00118940,0.21077169,-0.03547202,0.27726838,-0.12077395,0.33170878,0.17476266,0.37969729,0.29655168,0.42325337
0.00114527,0.21067559,-0.04357893,0.27706798,-0.13628434,0.33132977,-0.18909548,0.37909748,0.27286478,0.42239682
0.00118264,0.21079041,-0.03488380,0.27739866,-0.12791902,0.33190605,-0.17163310,0.38008964,0.27934305,0.42396029
0.00113337,0.21072629,-0.02960192,0.27739976,-0.12203732,0.33211196,-0.13903588,0.38068669,0.28801489,0.42516034
0.00118602,0.21055260,-0.02614797,0.27708114,-0.12211126,0.33157055,-0.17201578,0.37986037,0.27648301,0.42395086
0.00108468,0.21053513,-0.03727087,0.27685435,-0.13101688,0.33094001,-0.19258656,0.37853848,0.26307845,0.42171112
0.00087315,0.21036056,-0.04135010,0.27654933,-0.13546063,0.33046584,-0.20295547,0.37791272,0.24112163,0.42099308
0.00083379,0.21030064,-0.04838107,0.27643364,-0.14383936,0.33003642,-0.21724266,0.37687105,-0.25170174,0.41906281
0.00077111,0.21022908,-0.04490522,0.27644699,-0.13885614,0.33011603,-0.21144309,0.37697100,-0.24382134,0.41913891
0.00089681,0.21012209,-0.03984067,0.27646063,-0.13206692,0.33026358,-0.19802221,0.37717227,0.22730476,0.41933728
0.00113060,0.21009182,-0.03382652,0.27641288,-0.13225615,0.33011865,-0.20143338,0.37692678,0.21885685,0.41910035
0.00114059,0.21013077,-0.03650042,0.27651960,-0.13623667,0.33024170,-0.21139130,0.37699506,-0.24960805,0.41904620
0.00111806,0.21003033,-0.04797660,0.27627846,-0.14860957,0.32972154,-0.22656224,0.37599253,-0.27839667,0.41735794
0.00116913,0.21009842,-0.04857651,0.27632064,-0.14888471,0.32973196,-0.22263097,0.37600291,-0.25792592,0.41747121
0.00123450,0.21022744,-0.04462340,0.27656108,-0.14293403,0.33014188,-0.20989029,0.37676613,0.24029139,0.41888886
0.00113182,0.21016077,-0.04937332,0.27640840,-0.14668556,0.33004337,-0.20880198,0.37696488,0.26707065,0.41972024
0.00123388,0.21006316,-0.04558353,0.27621120,-0.14128650,0.32981516,-0.19757921,0.37679228,0.27639457,0.41968874
0.00129862,0.21018408,-0.04822434,0.27624812,-0.14617150,0.32968233,-0.20764805,0.37642534,0.26554935,0.41902422
0.00122692,0.21023846,-0.04411110,0.27644920,-0.14179233,0.33016812,-0.20293331,0.37712245,0.26446554,0.41965451
0.00126862,0.21016111,-0.04215546,0.27627059,-0.13785271,0.33002367,-0.18453505,0.37724282,0.28505819,0.42033588
0.00132648,0.21027471,-0.04093522,0.27643195,-0.13323044,0.33016640,-0.14243564,0.37720160,0.29543335,0.42002368
0.00144784,0.21029024,-0.03368379,0.27648732,-0.12709968,0.33004158,-0.09358732,0.37660685,0.29247309,0.41864370
0.00156744,0.21021564,-0.02644523,0.27654133,-0.12129252,0.33021456,0.16496335,0.37684216,0.29645170,0.41886367
0.00177091,0.21008927,0.02181707,0.27624867,-0.10608930,0.32970415,0.19736787,0.37611399,0.30577507,0.41801992
0.00167401,0.20992416,0.02746918,0.27622337,-0.09022824,0.33009328,0.20878258,0.37729001,0.31349718,0.42043209
0.00177955,0.21001494,0.04211487,0.27647204,0.12267169,0.33072189,0.23234281,0.37851633,0.32575084,0.42244263
0.00164141,0.21016699,0.04080836,0.27661652,0.12618888,0.33087224,0.23417619,0.37877027,0.32661351,0.42296333
0.00168842,0.21015095,0.03665461,0.27649876,0.11919619,0.33073760,0.23435848,0.37906320,0.33064445,0.42443134
0.00170903,0.21003560,0.02983712,0.27627266,0.11274225,0.33057972,0.23498510,0.37920026,0.33270699,0.42507548
0.00169630,0.21010321,-0.01999382,0.27624793,0.08848743,0.33048539,0.23029120,0.37904568,0.33098164,0.42494721
0.00158228,0.21011695,-0.03056015,0.27622604,-0.07556096,0.33040633,0.22712197,0.37892004,0.33030959,0.42481725
0.00163436,0.21016603,-0.03290475,0.27612116,-0.11371077,0.32970809,0.20170149,0.37687344,0.31286921,0.42044822
0.00160603,0.21019693,-0.03906376,0.27605291,-0.12399581,0.32939490,0.18609139,0.37607703,0.30625182,0.41886786
0.00161596,0.21017196,-0.03598118,0.27581466,-0.11236228,0.32900692,0.20620964,0.37573274,0.31379110,0.41886267
0.00150509,0.21024667,-0.03279769,0.27591971,-0.09880878,0.32927065,0.21647436,0.37626020,0.31878113,0.41960285
0.00142103,0.21039526,-0.03905577,0.27598887,-0.11459423,0.32910353,0.20662547,0.37564939,0.31344145,0.41828295
0.00139824,0.21039375,-0.03998992,0.27595087,-0.11963662,0.32905468,0.19829822,0.37547707,0.30842468,0.41767712
0.00135750,0.21055320,-0.04132167,0.27614438,-0.12618551,0.32934234,0.17639236,0.37580153,0.29920122,0.41781447
0.00138634,0.21070947,-0.03994599,0.27630276,-0.12900747,0.32946956,-0.15641716,0.37576945,0.28200356,0.41737387
0.00144626,0.21070594,-0.04678380,0.27641341,-0.13926329,0.32988440,-0.18909651,0.37674558,0.27740264,0.41912781
0.00146849,0.21067384,-0.04772254,0.27651119,-0.14303125,0.33021260,-0.20297829,0.37732775,0.26399243,0.42002115
0.00126598,0.21058593,-0.04987932,0.27637729,-0.14237563,0.32997218,-0.20238694,0.37677253,0.25445057,0.41880087
0.00147527,0.21046880,-0.03728273,0.27623779,-0.12817466,0.32981192,-0.17596318,0.37666754,0.26742076,0.41877578
0.00160759,0.21042927,-0.03135124,0.27613458,-0.13006182,0.32963097,-0.19201739,0.37647993,0.24863130,0.41875729
0.00179941,0.21057493,-0.02557567,0.27611152,-0.13209678,0.32907159,-0.20439249,0.37488095,-0.23548937,0.41559341
0.00174124,0.21061888,0.00739823,0.27634854,-0.12809203,0.32963241,-0.19518788,0.37594842,0.22927364,0.41732623
0.00164065,0.21075392,-0.02889701,0.27660115,-0.13456740,0.32980158,-0.20631020,0.37588149,-0.22652584,0.41689975
0.00151397,0.21080085,-0.03899504,0.27679308,-0.13963074,0.33011605,-0.20697353,0.37625163,0.17987180,0.41719836
0.00154338,0.21069051,-0.04033181,0.27664969,-0.13931966,0.32975193,-0.20520677,0.37554466,0.20620027,0.41613175
0.00150491,0.21064776,-0.04173552,0.27655578,-0.14042988,0.32939390,-0.20650474,0.37471452,0.20265495,0.41470275
0.00165094,0.21073757,-0.03987451,0.27669577,-0.14184134,0.32948027,-0.21283526,0.37466366,-0.23578381,0.41443566
0.00165025,0.21084489,-0.04539618,0.27679693,-0.15012770,0.32948943,-0.22658358,0.37456842,-0.27311554,0.41435131
0.00182551,0.21092196,-0.04078942,0.27691355,-0.15010378,0.32942378,-0.23078771,0.37396628,-0.28677455,0.41284293
0.00177083,0.21113055,-0.04248163,0.27704256,-0.14746222,0.32939510,-0.22605234,0.37379910,-0.27996316,0.41260987
0.00185292,0.21120570,-0.03811383,0.27704466,-0.14702665,0.32924020,-0.23043981,0.37337762,-0.29298531,0.41174642
0.00177092,0.21122917,-0.03456806,0.27725912,-0.14085291,0.32951546,-0.22280250,0.37345131,-0.28456866,0.41138407
0.00188491,0.21118757,-0.02863074,0.27706826,-0.13740339,0.32899421,-0.21880565,0.37250118,-0.27905567,0.41001642
0.00165012,0.21119206,-0.03986246,0.27698483,-0.14270787,0.32881057,-0.22350189,0.37229980,-0.28410034,0.40994403
0.00186250,0.21112368,-0.03419207,0.27677048,-0.13965437,0.32844150,-0.21812887,0.37178848,-0.27269822,0.40927439
0.00177975,0.21106079,-0.03188029,0.27672854,-0.13587482,0.32823993,-0.21323443,0.37128402,-0.26754501,0.40844429
0.00184107,0.21102933,-0.02898270,0.27658712,-0.13754030,0.32794050,-0.21915602,0.37076199,-0.28043034,0.40760803
0.00186222,0.21100348,-0.03149553,0.27655166,-0.14072347,0.32801560,-0.22116814,0.37103083,-0.28109716,0.40812544
0.00168159,0.21092757,-0.04097052,0.27651052,-0.14554083,0.32799054,-0.22315765,0.37095866,-0.27813009,0.40794237
0.00168792,0.21084246,-0.03947754,0.27628380,-0.14527139,0.32754102,-0.22405617,0.37024289,-0.28086605,0.40694324
0.00153682,0.21092086,-0.03844905,0.27630407,-0.14236219,0.32761275,-0.21966586,0.37039331,-0.27439781,0.40715032
0.00144981,0.21088282,-0.03506162,0.27624088,-0.13433911,0.32750386,-0.20643913,0.37008369,-0.25288593,0.40641865
0.00142638,0.21076573,-0.03885314,0.27617165,-0.13886274,0.32747781,-0.21227132,0.37003386,-0.26329500,0.40623359
0.00133528,0.21083056,-0.04329905,0.27615228,-0.13935932,0.32741034,-0.21338871,0.36999168,-0.26878883,0.40629990
0.00143560,0.21084061,-0.04107456,0.27619266,-0.13951450,0.32750213,-0.21511980,0.37018790,-0.27194806,0.40665379
0.00152088,0.21083974,-0.03782497,0.27614783,-0.13761893,0.32745604,-0.21340698,0.37022045,-0.26935514,0.40685458
0.00152638,0.21085493,-0.03599784,0.27624371,-0.13655600,0.32764945,-0.21115381,0.37057177,-0.26334934,0.40741616
0.00151912,0.21100918,-0.03707171,0.27641571,-0.14093207,0.32775250,-0.22090687,0.37054761,-0.28126790,0.40721806
0.00149386,0.21116607,-0.04267202,0.27675569,-0.14566012,0.32822982,-0.22549378,0.37108161,-0.28602300,0.40771236
0.00154153,0.21109734,-0.04170072,0.27663653,-0.14374705,0.32818223,-0.22391655,0.37114035,-0.28648705,0.40785551
0.00158664,0.21106186,-0.04341319,0.27658718,-0.14513693,0.32804593,-0.22527915,0.37081254,-0.28730022,0.40722651
0.00164026,0.21107803,-0.04521509,0.27671996,-0.14704731,0.32834042,-0.22575061,0.37131648,-0.28643666,0.40799869
0.00184579,0.21113588,-0.03757868,0.27689833,-0.14184143,0.32867009,-0.21888382,0.37180387,-0.27690671,0.40867328
0.00178384,0.21126486,-0.04220272,0.27713593,-0.14625463,0.32906227,-0.22371471,0.37243238,-0.28250840,0.40971286
0.00195957,0.21132077,-0.03617025,0.27737315,-0.14286823,0.32944345,-0.22250927,0.37293839,-0.28571434,0.41035620
0.00186086,0.21131478,-0.04324586,0.27732082,-0.14620226,0.32932927,-0.22437781,0.37278257,-0.28646634,0.41018212
0.00190144,0.21130805,-0.04285250,0.27728244,-0.14786418,0.32918971,-0.22654453,0.37238887,-0.28759346,0.40928235
0.00205727,0.21124274,-0.04103784,0.27710955,-0.15108326,0.32887197,-0.23200544,0.37189289,-0.29334847,0.40860380
0.00194098,0.21114284,-0.04419591,0.27685146,-0.15081445,0.32855404,-0.22924145,0.37165895,-0.28855446,0.40865822
0.00186412,0.21135391,-0.04641083,0.27708040,-0.15103313,0.32866617,-0.22673065,0.37142363,-0.28053177,0.40776167
0.00175145,0.21147359,-0.04623890,0.27727010,-0.14684123,0.32903802,-0.21898893,0.37201434,-0.26833203,0.40858650
0.00165707,0.21151229,-0.05004024,0.27736873,-0.15032720,0.32925615,-0.22167566,0.37243394,-0.26833027,0.40928996
0.00161917,0.21142201,-0.05466560,0.27739684,-0.15581142,0.32934054,-0.22907436,0.37243783,-0.28156879,0.40903664
0.00181785,0.21135279,-0.05185227,0.27721020,-0.15455559,0.32900697,-0.22926111,0.37208760,-0.28278532,0.40885815
0.00172022,0.21145146,-0.05190256,0.27731321,-0.15450126,0.32907827,-0.23083643,0.37209453,-0.28722500,0.40879572
0.00179242,0.21142474,-0.04712634,0.27722348,-0.14938365,0.32890971,-0.22512904,0.37182758,-0.28072984,0.40841517
0.00177658,0.21147878,-0.04762002,0.27722976,-0.15245562,0.32881967,-0.22937386,0.37159066,-0.28497684,0.40798250
0.00197411,0.21144757,-0.04431847,0.27712908,-0.15044500,0.32872486,-0.22710543,0.37159088,-0.28232914,0.40818332
0.00179806,0.21168759,-0.04731629,0.27727738,-0.15259988,0.32879387,-0.22998436,0.37159574,-0.28698017,0.40813801
0.00173882,0.21166044,-0.05045163,0.27726563,-0.15408562,0.32871720,-0.22937605,0.37137917,-0.28308893,0.40772313
0.00178624,0.21161431,-0.05078664,0.27724196,-0.15375443,0.32870307,-0.22751501,0.37134626,-0.27996776,0.40761877
0.00179190,0.21169715,-0.04943779,0.27740898,-0.15351733,0.32901024,-0.22863114,0.37181850,-0.28161751,0.40820459
0.00180091,0.21175984,-0.04475956,0.27746619,-0.14958019,0.32896470,-0.22594413,0.37170898,-0.28063616,0.40811507
0.00188845,0.21171738,-0.04217981,0.27732776,-0.14882013,0.32890432,-0.22555486,0.37196308,-0.27958401,0.40889615
0.00194736,0.21160761,-0.03753914,0.27718796,-0.14891100,0.32872171,-0.23043367,0.37179969,-0.29026580,0.40889133
0.00174317,0.21165496,-0.04429005,0.27719485,-0.15426322,0.32866916,-0.23720644,0.37169098,-0.29947525,0.40869705
0.00165789,0.21174306,-0.04002998,0.27727878,-0.14792617,0.32855756,-0.22846221,0.37123394,-0.28815796,0.40778271
0.00168024,0.21160375,-0.03855764,0.27708041,-0.14495332,0.32848328,-0.22347215,0.37148879,-0.28019052,0.40857126
0.00166824,0.21163580,-0.03555259,0.27719180,-0.14505457,0.32880358,-0.22516231,0.37212163,-0.28238753,0.40955695
0.00165103,0.21162501,-0.03288088,0.27705377,-0.14182857,0.32833707,-0.21908631,0.37108982,-0.27173097,0.40781854
0.00153808,0.21171010,-0.03984563,0.27720820,-0.14197456,0.32848753,-0.21455399,0.37117804,-0.25973714,0.40782625
0.00160203,0.21158858,-0.03452518,0.27711578,-0.13999065,0.32849270,-0.21342519,0.37138256,-0.25683574,0.40841920
0.00178241,0.21150740,-0.02053966,0.27707967,-0.13253681,0.32859049,-0.19877848,0.37172102,0.21715710,0.40921405
0.00195399,0.21156392,0.03418373,0.27732505,-0.10900379,0.32924852,0.16674753,0.37297140,0.28269989,0.41116718
0.00203752,0.21144442,0.04618052,0.27725345,0.08670021,0.32930106,0.19387988,0.37321332,0.28806933,0.41157525
0.00205806,0.21141645,0.04666643,0.27726714,0.08367724,0.32934378,0.18997350,0.37312803,0.28500497,0.41112902
0.00211867,0.21136844,0.04587694,0.27733222,-0.07614226,0.32956864,0.17846325,0.37357108,0.28256909,0.41187818
0.00219584,0.21147791,0.04555810,0.27750548,-0.10667582,0.32985057,-0.15098340,0.37396903,0.26900974,0.41239803
0.00213855,0.21141026,0.04474035,0.27742297,-0.10745047,0.32988893,0.14249076,0.37447778,0.28440792,0.41394999
0.00221124,0.21150078,0.04460736,0.27763242,-0.10462441,0.33036535,0.17404696,0.37557292,0.29418152,0.41613137
0.00202974,0.21147045,0.04331678,0.27764076,-0.11157442,0.33044836,0.15188447,0.37571567,0.28924404,0.41625771
0.00201720,0.21164101,0.04360305,0.27803773,-0.10611440,0.33103119,0.17756590,0.37650037,0.29627923,0.41744629
0.00200123,0.21174997,0.04525103,0.27830666,-0.10782099,0.33145196,0.15526849,0.37690919,0.28905499,0.41752855
0.00196580,0.21169039,0.04202350,0.27797062,-0.11980158,0.33099704,-0.16523586,0.37660672,0.28161291,0.41765008
0.00180998,0.21171353,0.04138521,0.27803709,-0.11641866,0.33130933,0.11599652,0.37749018,0.29168579,0.41949598
0.00181593,0.21165623,0.03740252,0.27800091,-0.12901592,0.33127235,-0.19024115,0.37735960,0.27706687,0.41908983
0.00179667,0.21175511,0.03102176,0.27831206,-0.13539062,0.33167156,-0.20531016,0.37749524,0.25013724,0.41848921
0.00184539,0.21180810,0.03783301,0.27827237,-0.13504498,0.33135853,-0.21508307,0.37666335,-0.24484233,0.41676697
0.00168176,0.21185746,0.03977945,0.27821346,-0.13418208,0.33125811,-0.22004877,0.37648102,-0.27017341,0.41627471
0.00169120,0.21173047,0.04105756,0.27797632,-0.13784526,0.33096019,-0.22894848,0.37607616,-0.29087574,0.41552717
0.00172064,0.21169681,0.03618047,0.27801867,-0.14262903,0.33105873,-0.23173504,0.37625311,-0.29176688,0.41582928
0.00181080,0.21152210,0.03442971,0.27778167,-0.14458763,0.33083737,-0.23411118,0.37599449,-0.29653376,0.41534485
0.00175457,0.21160479,0.03777890,0.27786494,-0.13822645,0.33094707,-0.22765718,0.37622743,-0.28786703,0.41580885
0.00165921,0.21171686,0.03491291,0.27790246,-0.13878357,0.33086892,-0.22660518,0.37590192,-0.28487462,0.41510505
0.00185155,0.21160870,0.04008139,0.27769732,-0.13507004,0.33057628,-0.22293511,0.37565063,-0.27914148,0.41509475
0.00183573,0.21161156,0.04223512,0.27773608,-0.12823061,0.33084864,-0.21419986,0.37633246,-0.26666913,0.41624883
0.00181444,0.21169831,0.04265518,0.27780931,-0.12423561,0.33075268,-0.20870328,0.37594669,-0.25781759,0.41555652
0.00174700,0.21149121,0.03794136,0.27734234,-0.13148637,0.32996393,-0.21476526,0.37489176,-0.26622524,0.41429105
0.00162122,0.21157060,0.04060401,0.27748921,-0.12895012,0.33021027,-0.21422195,0.37528421,-0.26698317,0.41488736
0.00148462,0.21143240,0.03283992,0.27724342,-0.13607265,0.32963310,-0.22245849,0.37426735,-0.28255444,0.41347717
0.00153519,0.21170881,0.03421645,0.27753878,-0.13861989,0.32972807,-0.22908430,0.37396667,-0.29568706,0.41259608
0.00154086,0.21169051,0.02919335,0.27731587,-0.14149123,0.32905707,-0.23131768,0.37255209,-0.29731199,0.41017568
0.00162854,0.21175173,0.03732961,0.27764641,-0.13809761,0.32964024,-0.22883419,0.37330667,-0.29374605,0.41105023
0.00146430,0.21164991,0.02701806,0.27749775,-0.14197011,0.32953843,-0.22991885,0.37320478,-0.29244285,0.41086891
0.00147343,0.21148479,-0.01714179,0.27750896,-0.14630436,0.32987925,-0.23470336,0.37385240,-0.29878339,0.41170081
0.00146115,0.21151980,0.02129828,0.27756410,-0.14503532,0.33003168,-0.23462372,0.37419888,-0.29847760,0.41232278
0.00123562,0.21154055,0.01692161,0.27780293,-0.14364454,0.33051824,-0.23440950,0.37489667,-0.29999401,0.41316020
0.00128328,0.21152105,0.01818340,0.27766728,-0.14140341,0.33036361,-0.23056711,0.37483305,-0.29413194,0.41330185
0.00131394,0.21176267,0.01686406,0.27785149,-0.14177600,0.33054109,-0.23067196,0.37514002,-0.29329899,0.41388936
0.00139225,0.21189811,0.02496136,0.27803191,-0.13908900,0.33087348,-0.22719274,0.37568329,-0.28834848,0.41463452
0.00130925,0.21201704,-0.02858854,0.27829974,-0.14278080,0.33123853,-0.22793211,0.37602505,-0.28674795,0.41480612
0.00127345,0.21210911,-0.03198424,0.27842071,-0.14323310,0.33141288,-0.22725716,0.37631750,-0.28559404,0.41529458
0.00131214,0.21211933,-0.02192401,0.27858248,-0.14073054,0.33190459,-0.22546858,0.37733442,-0.28199794,0.41697926
0.00137844,0.21203011,-0.02089616,0.27850871,-0.13696315,0.33205710,-0.21401135,0.37796130,-0.23888756,0.41837849
0.00147852,0.21220064,0.02121430,0.27873698,-0.13312454,0.33262674,-0.20360793,0.37923343,0.25336072,0.42083748
0.00144776,0.21216258,0.03254981,0.27849170,-0.12399859,0.33188281,-0.19801353,0.37773728,0.23742824,0.41845359
0.00130589,0.21221770,0.02646796,0.27845551,-0.13198568,0.33185598,-0.21497918,0.37773352,-0.26250565,0.41822638
0.00143159,0.21219586,0.03804432,0.27854061,-0.11428612,0.33236920,-0.17673810,0.37915035,0.26956368,0.42107030
0.00145619,0.21210663,0.03880563,0.27846904,-0.12105717,0.33214010,-0.20293428,0.37846506,-0.22840343,0.41943140
0.00159009,0.21201897,0.03853554,0.27840420,-0.12827657,0.33219703,-0.21503704,0.37882425,-0.26680078,0.42030209
0.00161786,0.21214645,0.04103231,0.27855423,-0.12241872,0.33218591,-0.20917895,0.37840491,-0.25952560,0.41921911
0.00156668,0.21218902,0.03274919,0.27868279,-0.13452863,0.33244151,-0.22237932,0.37879702,-0.28396117,0.41974179
0.00151056,0.21213564,0.03385938,0.27854800,-0.13182066,0.33227745,-0.21785848,0.37872554,-0.27600733,0.41992741
0.00150999,0.21228201,0.03317838,0.27867011,-0.12737816,0.33225873,-0.20532067,0.37857890,-0.23254093,0.41981758
0.00165465,0.21220162,0.03364342,0.27836841,-0.12863226,0.33162107,-0.20663081,0.37761385,-0.23068476,0.41869140
0.00164733,0.21225350,0.03407430,0.27837800,-0.13136069,0.33141931,-0.21057311,0.37700915,-0.24508631,0.41761142
0.00176637,0.21226174,0.04017099,0.27828439,-0.13300187,0.33112660,-0.21790930,0.37651189,-0.26593489,0.41703652
0.00187450,0.21223101,0.04183550,0.27845958,-0.13512170,0.33162817,-0.22726811,0.37726377,-0.29343849,0.41774863
0.00188571,0.21199607,0.04499729,0.27798043,-0.13167396,0.33086355,-0.22451603,0.37630566,-0.29110019,0.41678463
0.00186485,0.21192541,0.04167388,0.27782004,-0.13001623,0.33063149,-0.21842723,0.37595973,-0.28097166,0.41622458
0.00160160,0.21200606,0.03712304,0.27807447,-0.12947262,0.33098937,-0.21612135,0.37629690,-0.27630233,0.41641267
0.00149748,0.21192646,0.04020423,0.27783574,-0.12272704,0.33047807,-0.20954000,0.37552828,-0.26750733,0.41543946
0.00154733,0.21193423,0.04021127,0.27777569,-0.12407852,0.33038993,-0.21078866,0.37540463,-0.26767358,0.41520397
0.00160295,0.21211624,0.04491274,0.27809569,-0.11833426,0.33090049,-0.20635450,0.37610704,-0.25951978,0.41604184
0.00156681,0.21209597,0.04105559,0.27813338,-0.12338075,0.33096630,-0.21174782,0.37600075,-0.27062390,0.41539024
0.00146511,0.21215621,0.03765668,0.27821154,-0.12261087,0.33109871,-0.20573774,0.37637436,-0.25690395,0.41626968
0.00142051,0.21204571,0.03424631,0.27805244,-0.13215303,0.33078885,-0.21994058,0.37580665,-0.28261199,0.41534417
0.00145265,0.21207678,0.04005099,0.27814794,-0.12582605,0.33100186,-0.21402189,0.37617897,-0.27378070,0.41592520
0.00149309,0.21212534,0.03790386,0.27791014,-0.13283092,0.33025907,-0.22220914,0.37459871,-0.28406600,0.41315772
0.00136392,0.21209364,0.02592616,0.27786421,-0.13941314,0.33017325,-0.22631895,0.37451551,-0.28710035,0.41315168
0.00159240,0.21213037,0.03953612,0.27803478,-0.12782654,0.33050677,-0.21695886,0.37497077,-0.27831709,0.41368151
0.00140881,0.21201016,0.03668987,0.27770475,-0.12606223,0.32978984,-0.21156637,0.37366100,-0.26667792,0.41163504
0.00137440,0.21206920,0.04161712,0.27786681,-0.11644701,0.33004810,-0.20406149,0.37398813,-0.25783776,0.41197790
0.00145380,0.21194112,0.04041960,0.27771049,-0.12204361,0.32980311,-0.21197215,0.37363836,-0.27295576,0.41154993
0.00135819,0.21203090,0.03698103,0.27784357,-0.12055533,0.32996389,-0.20078595,0.37384177,-0.23359510,0.41186086
0.00143796,0.21216181,0.03973460,0.27802167,-0.11504885,0.33032340,-0.19098063,0.37458545,0.21645292,0.41321486
0.00131315,0.21194767,0.03851298,0.27774057,-0.11028008,0.33002640,-0.17297457,0.37425715,0.25703956,0.41289733
0.00131793,0.21203989,0.03799421,0.27801009,-0.11007281,0.33048494,-0.16691981,0.37494694,0.26230846,0.41386580
0.00126037,0.21194398,0.04134735,0.27780349,-0.11024212,0.33022008,-0.18426022,0.37466895,0.23335116,0.41356071
0.00138700,0.21193028,0.04120463,0.27757627,-0.11375673,0.32965510,-0.18442424,0.37370718,0.24059787,0.41225366
0.00140037,0.21187825,0.04497208,0.27749865,-0.08031573,0.32960930,0.15164522,0.37390571,0.27204897,0.41297864
0.00144705,0.21199189,0.04800537,0.27765202,0.07795957,0.32990599,0.17780061,0.37459812,0.28253835,0.41441593
0.00153377,0.21203369,0.05114627,0.27789279,0.09117765,0.33030754,0.17084282,0.37510199,0.27537666,0.41489878
0.00157691,0.21197774,0.05322308,0.27775823,0.10178704,0.32990894,0.17192523,0.37414799,0.27087634,0.41312970
0.00165654,0.21196091,0.05377980,0.27767267,0.08910782,0.32970604,0.10820258,0.37397046,0.25865061,0.41316630
0.00162390,0.21185883,0.04891199,0.27763240,-0.09421273,0.32963034,-0.18272264,0.37362652,0.20346526,0.41225050
0.00154577,0.21198810,0.04592901,0.27788559,-0.11703114,0.32970539,-0.20864519,0.37310207,-0.26693084,0.41068138
0.00144985,0.21187647,0.04459242,0.27760382,-0.11824508,0.32904575,-0.21013385,0.37195591,-0.26970101,0.40907339
0.00138465,0.21191610,0.04248834,0.27753085,-0.12517247,0.32871259,-0.21589044,0.37122963,-0.27797577,0.40786469
0.00136796,0.21188585,0.04089223,0.27743170,-0.11875996,0.32852877,-0.20604172,0.37091654,-0.26482088,0.40736724
0.00138734,0.21183556,0.04518127,0.27733857,-0.11036006,0.32850961,-0.20184355,0.37108426,-0.26232055,0.40784881
0.00115965,0.21168780,0.04071785,0.27706268,-0.11932008,0.32811207,-0.20966155,0.37054446,-0.27359481,0.40717925
0.00097720,0.21190624,0.03628664,0.27739198,-0.11958068,0.32860622,-0.20599881,0.37127293,-0.26728053,0.40822100
0.00103234,0.21184926,0.04247616,0.27740709,-0.10362240,0.32878906,-0.19448703,0.37177937,-0.25655335,0.40925580
0.00099922,0.21199627,0.04422329,0.27766814,-0.09745036,0.32917501,-0.18790075,0.37246106,-0.24105210,0.41050350
0.00106509,0.21203090,0.04617375,0.27769880,-0.09638155,0.32924440,-0.18951037,0.37249845,-0.24995352,0.41031308
0.00093246,0.21210789,0.04551241,0.27766189,-0.08645306,0.32922975,-0.18321297,0.37257030,-0.24241414,0.41046447
0.00108255,0.21218794,0.04935235,0.27799516,0.07824633,0.32986171,-0.15844645,0.37338750,0.20124474,0.41128358
0.00118647,0.21213368,0.05053606,0.27776391,0.08127867,0.32948336,-0.15206380,0.37294101,0.22259507,0.41095287
0.00120811,0.21230772,0.04966499,0.27805622,-0.08231522,0.33003278,-0.18835909,0.37390017,-0.25327604,0.41242474
0.00106260,0.21232923,0.04588773,0.27802484,-0.10058258,0.33000574,-0.19540398,0.37386412,-0.26276262,0.41234054
0.00104147,0.21226074,0.04163601,0.27789009,-0.11119568,0.32972505,-0.19972657,0.37341308,-0.26562523,0.41177870
0.00091779,0.21220948,0.04515166,0.27786543,-0.08579175,0.32973204,-0.17809173,0.37347801,-0.23388454,0.41204815
0.00087832,0.21237252,0.04346206,0.27796535,-0.09306213,0.32979535,-0.17363288,0.37334463,0.18674621,0.41134373
0.00095463,0.21234012,0.04162358,0.27803402,-0.10728417,0.33016265,-0.18727981,0.37422776,-0.21125024,0.41286538
0.00099626,0.21244776,0.03805366,0.27802567,-0.11699093,0.32995073,-0.19854354,0.37368327,-0.24536146,0.41184837
0.00100764,0.21212805,0.03622055,0.27768642,-0.11690979,0.32962567,-0.19205345,0.37347471,-0.20961085,0.41192686
0.00098057,0.21211862,0.03340122,0.27760000,-0.11308392,0.32947858,-0.17727531,0.37332768,0.23260006,0.41189988
0.00091660,0.21203387,0.03227372,0.27751501,-0.11693384,0.32940319,-0.19512543,0.37345519,-0.24721681,0.41256986
0.00089500,0.21186935,0.03341742,0.27713479,-0.11740988,0.32890459,-0.20556288,0.37300312,-0.27611357,0.41236276
0.00085417,0.21183090,0.02884860,0.27690688,-0.12254730,0.32829370,-0.20683186,0.37176329,-0.27335222,0.41016765
0.00094510,0.21183993,0.02779756,0.27696440,-0.12818524,0.32843735,-0.21309125,0.37211499,-0.27993399,0.41087028
0.00084065,0.21193361,0.02627534,0.27713080,-0.12846138,0.32858791,-0.21602760,0.37207146,-0.28643944,0.41042494
0.00081112,0.21191910,0.02357689,0.27706537,-0.12503702,0.32847204,-0.20587474,0.37175773,-0.26712630,0.40961199
0.00093565,0.21178680,0.01599376,0.27686670,-0.13438864,0.32827008,-0.21999169,0.37170245,-0.28681091,0.40981412
0.00092749,0.21172800,0.02746255,0.27681605,-0.13143876,0.32805337,-0.21962947,0.37112678,-0.28932424,0.40871946
0.00082998,0.21189092,0.02565966,0.27718475,-0.12964334,0.32854281,-0.21630944,0.37156472,-0.28408813,0.40883175
0.00080786,0.21185896,0.03023314,0.27723736,-0.12285600,0.32894057,-0.21174398,0.37256219,-0.28259131,0.41067116
0.00079877,0.21196244,0.02533562,0.27741482,-0.12741796,0.32918766,-0.21833625,0.37283495,-0.29094120,0.41091332
0.00068351,0.21205003,0.01256922,0.27749883,-0.13428220,0.32922743,-0.22404756,0.37268733,-0.29300658,0.41032173
0.00051451,0.21200380,-0.02970360,0.27756851,-0.13653405,0.32953185,-0.22177971,0.37323713,-0.28504417,0.41098017
0.00062872,0.21188654,-0.03152387,0.27748940,-0.13871572,0.32937220,-0.22553958,0.37274681,-0.29084620,0.40984977
0.00036680,0.21192015,-0.04544566,0.27762484,-0.14712325,0.32967310,-0.23226088,0.37323106,-0.29734527,0.41049077
0.00033214,0.21172865,-0.04555339,0.27726962,-0.14857732,0.32925158,-0.23409008,0.37286322,-0.29924837,0.41025742
0.00025599,0.21153915,-0.04631209,0.27708945,-0.15093464,0.32917794,-0.23999332,0.37301498,-0.30911692,0.41080633
0.00028753,0.21145828,-0.04533958,0.27703930,-0.15136883,0.32915986,-0.24073383,0.37297484,-0.30961488,0.41069171
0.00014602,0.21163058,-0.04699889,0.27723060,-0.15183879,0.32952325,-0.24206510,0.37361186,-0.31228707,0.41165110
0.00006846,0.21154396,-0.04540321,0.27723722,-0.14874033,0.32957445,-0.24034434,0.37365680,-0.31264557,0.41164221
0.00001038,0.21151566,-0.04261496,0.27706483,-0.14244046,0.32911363,-0.23148164,0.37276093,-0.30191620,0.41017307
-0.00007859,0.21173557,-0.04376228,0.27734385,-0.14406444,0.32960092,-0.23395513,0.37353056,-0.30466181,0.41120500
-0.00021152,0.21175918,-0.04536368,0.27739161,-0.14413658,0.32963551,-0.23393669,0.37353664,-0.30477510,0.41119423
-0.00018714,0.21190247,-0.04713685,0.27754492,-0.14522535,0.32978856,-0.23386969,0.37362342,-0.30408467,0.41111957
-0.00012299,0.21204699,-0.04750085,0.27765399,-0.14600333,0.32979742,-0.23427245,0.37344356,-0.30415332,0.41064788
-0.00027541,0.21202103,-0.05148812,0.27775882,-0.14748050,0.33008885,-0.23327571,0.37388860,-0.30214974,0.41123109
-0.00018716,0.21211137,-0.05103772,0.27792378,-0.14611722,0.33040770,-0.23267461,0.37454180,-0.30326072,0.41242309
-0.00015409,0.21218532,-0.04856830,0.27803059,-0.13971761,0.33056653,-0.22498791,0.37477584,-0.29589381,0.41275285
-0.00012102,0.21235115,-0.04835599,0.27814407,-0.13925263,0.33049590,-0.22586768,0.37443199,-0.29805205,0.41206778
-0.00017142,0.21234060,-0.04939242,0.27816219,-0.13962532,0.33064572,-0.22511830,0.37481580,-0.29629713,0.41276721
-0.00031881,0.21217164,-0.05157112,0.27798754,-0.14221259,0.33036873,-0.22629333,0.37428941,-0.29552005,0.41182919
-0.00011377,0.21208556,-0.04729214,0.27778429,-0.14240440,0.32997740,-0.23023793,0.37372386,-0.30126017,0.41116302
-0.00005645,0.21215866,-0.04733167,0.27792808,-0.14127226,0.33012850,-0.22707083,0.37379006,-0.29602669,0.41105783
0.00007390,0.21225202,-0.04321639,0.27816801,-0.13989997,0.33044700,-0.22777617,0.37410504,-0.29806083,0.41138336
0.00017480,0.21242811,-0.04204299,0.27836433,-0.13924149,0.33075220,-0.22482703,0.37456100,-0.29168166,0.41199138
0.00013572,0.21245557,-0.04897788,0.27842489,-0.14702579,0.33070118,-0.23146809,0.37430222,-0.29699137,0.41146022
0.00009433,0.21261156,-0.04885358,0.27870064,-0.14704941,0.33115981,-0.23171783,0.37488720,-0.29785033,0.41205921
0.00004301,0.21269433,-0.05143305,0.27885396,-0.15136882,0.33143884,-0.23686735,0.37528457,-0.30358616,0.41246690
-0.00006880,0.21277669,-0.05410529,0.27895054,-0.15412035,0.33157020,-0.23918927,0.37543400,-0.30541660,0.41260305
0.00004587,0.21289351,-0.05390910,0.27909988,-0.15444273,0.33181291,-0.23979356,0.37580207,-0.30635344,0.41310709
0.00010731,0.21289195,-0.05522996,0.27905684,-0.15711712,0.33186447,-0.24342301,0.37611496,-0.31092590,0.41380969
0.00011106,0.21279814,-0.05404582,0.27881593,-0.15593728,0.33145713,-0.24174983,0.37561971,-0.30883874,0.41338650
0.00000338,0.21273197,-0.05558469,0.27882018,-0.15611652,0.33154794,-0.23923161,0.37579309,-0.30367502,0.41362599
0.00017218,0.21274229,-0.05042518,0.27883089,-0.15260787,0.33158852,-0.23710501,0.37586413,-0.30211203,0.41368902
0.00007411,0.21294560,-0.05089242,0.27899904,-0.15070935,0.33150649,-0.23379166,0.37545667,-0.29762929,0.41295531
-0.00006939,0.21294894,-0.05133739,0.27908210,-0.15031652,0.33175753,-0.23412575,0.37591492,-0.29933804,0.41358284
-0.00014121,0.21289747,-0.05453182,0.27902949,-0.15193127,0.33160749,-0.23249199,0.37546902,-0.29462331,0.41265357
0.00001198,0.21288841,-0.05271442,0.27909934,-0.15098999,0.33185245,-0.23271488,0.37600780,-0.29635399,0.41357337
-0.00011637,0.21280842,-0.05653633,0.27899350,-0.15456627,0.33172964,-0.23588992,0.37591884,-0.29959793,0.41358981
-0.00018101,0.21288169,-0.05611479,0.27911132,-0.15573815,0.33186465,-0.23937000,0.37600728,-0.30481091,0.41351510
-0.00013315,0.21310184,-0.05714326,0.27943057,-0.15707581,0.33219443,-0.24083913,0.37634415,-0.30641763,0.41393718
-0.00014811,0.21302138,-0.05702354,0.27931526,-0.15431402,0.33203511,-0.23462713,0.37604140,-0.29672018,0.41339438
-0.00023456,0.21299414,-0.05753218,0.27925177,-0.15417111,0.33189756,-0.23444334,0.37585459,-0.29742072,0.41320550
-0.00012681,0.21299640,-0.05563280,0.27927009,-0.15090134,0.33192799,-0.22892120,0.37584189,-0.28880193,0.41306181
0.00009962,0.21301357,-0.05033807,0.27924725,-0.14735314,0.33180645,-0.22861386,0.37561824,-0.29205580,0.41278334
0.00016142,0.21316940,-0.04755973,0.27930169,-0.14624493,0.33169166,-0.22908359,0.37531683,-0.29305742,0.41232208
0.00040950,0.21317124,-0.04087352,0.27937551,-0.14451506,0.33179485,-0.23143036,0.37545539,-0.29889205,0.41257337
0.00046738,0.21326888,-0.02999219,0.27946900,-0.13604121,0.33185069,-0.22431334,0.37545774,-0.29241666,0.41254041
0.00043504,0.21313614,0.01447341,0.27932904,-0.13097406,0.33177150,-0.22246389,0.37550786,-0.29244762,0.41279407
0.00045368,0.21305877,0.02240250,0.27914430,-0.12559716,0.33149626,-0.21613662,0.37519078,-0.28396470,0.41257571
0.00040936,0.21307770,0.01801545,0.27907983,-0.12617131,0.33134238,-0.21733683,0.37480389,-0.28762783,0.41170168
0.00021427,0.21307413,-0.02798093,0.27900663,-0.13841963,0.33109069,-0.22989854,0.37432631,-0.29951353,0.41099028
0.00021777,0.21289073,-0.02664062,0.27871544,-0.13883836,0.33085158,-0.23111391,0.37420799,-0.30132127,0.41099659
0.00013284,0.21287592,-0.03502206,0.27864213,-0.14119787,0.33067576,-0.23178834,0.37393192,-0.30115008,0.41065726
0.00031480,0.21290451,-0.03012395,0.27868494,-0.14046329,0.33064808,-0.23250481,0.37379005,-0.30259743,0.41042504
0.00027192,0.21283536,-0.02623273,0.27863827,-0.13391773,0.33065677,-0.22477506,0.37387764,-0.29467834,0.41055954
0.00022559,0.21276800,-0.03190671,0.27849216,-0.13911674,0.33051011,-0.23022134,0.37386058,-0.29952486,0.41076402
0.00013200,0.21292744,-0.04112498,0.27882855,-0.14402739,0.33111038,-0.23385986,0.37480826,-0.30286960,0.41210792
0.00036214,0.21293220,-0.01883948,0.27897533,-0.13513823,0.33157249,-0.22925164,0.37571221,-0.30028260,0.41352169
0.00031464,0.21296029,0.02469573,0.27907537,-0.12732651,0.33175965,-0.22229424,0.37594946,-0.29239648,0.41376877
0.00016030,0.21291116,0.03290353,0.27900607,-0.11919203,0.33178597,-0.21924690,0.37623474,-0.29289960,0.41438900
0.00007050,0.21291482,0.03920690,0.27894501,-0.08227519,0.33163297,-0.19924692,0.37588849,-0.27468670,0.41371455
0.00001587,0.21284264,0.03611343,0.27890517,-0.06500986,0.33163596,-0.18890612,0.37598826,-0.26103471,0.41398609
0.00002406,0.21298526,0.03532332,0.27915725,-0.06382714,0.33200002,-0.19193018,0.37638048,-0.26786785,0.41428128
-0.00002606,0.21303309,0.02829699,0.27916573,-0.09510133,0.33211406,-0.19758080,0.37669635,-0.27048619,0.41481413
-0.00008645,0.21287780,0.02403577,0.27897789,-0.09993847,0.33182953,-0.20129481,0.37633342,-0.27595607,0.41449606
-0.00012761,0.21285680,0.01140812,0.27902333,-0.10771826,0.33200672,-0.20320520,0.37663085,-0.27571151,0.41489988
-0.00023775,0.21279454,-0.02955326,0.27887453,-0.11852224,0.33174424,-0.20885704,0.37621695,-0.27877773,0.41431550
-0.00030601,0.21287256,-0.03284779,0.27900532,-0.11359507,0.33199017,-0.19945679,0.37666716,-0.26498471,0.41507986
-0.00030005,0.21292943,-0.02961501,0.27905250,-0.10899736,0.33206122,-0.19726296,0.37689247,-0.26458869,0.41567405
-0.00041899,0.21268338,-0.03913618,0.27861893,-0.12658148,0.33138788,-0.21624542,0.37602321,-0.28711104,0.41468156
-0.00043995,0.21270471,-0.03756117,0.27869577,-0.12389883,0.33168992,-0.21456912,0.37670074,-0.28638871,0.41578206
-0.00034543,0.21268123,-0.03691624,0.27870684,-0.12022908,0.33195858,-0.20770671,0.37749065,-0.27744068,0.41729320
-0.00039895,0.21263411,-0.04360415,0.27854774,-0.13225294,0.33158753,-0.22058059,0.37679648,-0.29173148,0.41616432
-0.00032027,0.21269819,-0.04128345,0.27854157,-0.13028710,0.33133580,-0.22146957,0.37610543,-0.29520714,0.41493178
-0.00022709,0.21255986,-0.03897676,0.27836210,-0.13295854,0.33097454,-0.22845722,0.37549586,-0.30460109,0.41415948
-0.00030435,0.21249404,-0.04352317,0.27838087,-0.13835101,0.33110021,-0.22958138,0.37564890,-0.30210463,0.41412764
-0.00021871,0.21248458,-0.04491957,0.27833302,-0.14282035,0.33109522,-0.23446724,0.37576932,-0.30680134,0.41442667
-0.00017223,0.21233974,-0.04200034,0.27817121,-0.13699282,0.33084182,-0.22696599,0.37542809,-0.29722921,0.41397914
-0.00016866,0.21234851,-0.04198331,0.27833179,-0.13545827,0.33124757,-0.22392261,0.37612711,-0.29339709,0.41493364
-0.00011406,0.21239314,-0.04738575,0.27847006,-0.14408305,0.33157309,-0.23111240,0.37678669,-0.29949567,0.41609395
-0.00002951,0.21232468,-0.04650028,0.27841619,-0.14382758,0.33158950,-0.23035236,0.37687454,-0.29683230,0.41623946
0.00003569,0.21231138,-0.04214745,0.27837574,-0.14200112,0.33147654,-0.22932554,0.37661213,-0.29470875,0.41573939
0.00016565,0.21230956,-0.03326929,0.27832220,-0.13380331,0.33144723,-0.22144526,0.37674465,-0.28429548,0.41622082
0.00006037,0.21228739,-0.03871134,0.27827051,-0.13750891,0.33139545,-0.22557231,0.37680312,-0.29167835,0.41648622
-0.00005555,0.21208695,-0.04119358,0.27798100,-0.14099305,0.33112903,-0.23100420,0.37667269,-0.29964390,0.41651484
-0.00000488,0.21210053,-0.03772964,0.27808383,-0.13780865,0.33140274,-0.22734297,0.37722745,-0.29482532,0.41751287
-0.00005225,0.21204226,-0.03016932,0.27802164,-0.12756959,0.33146195,-0.21752887,0.37756237,-0.28312374,0.41822440
0.00006080,0.21203657,-0.02187517,0.27801466,-0.12618321,0.33134009,-0.21739778,0.37728074,-0.28317740,0.41782564
0.00015177,0.21208776,0.02492592,0.27796001,-0.11454995,0.33109419,-0.20474243,0.37681102,-0.26454955,0.41714133
0.00021953,0.21202298,0.02597388,0.27792255,-0.11147740,0.33130002,-0.20078232,0.37747479,-0.25912730,0.41841047
0.00036365,0.21212504,0.03784484,0.27812485,-0.10216348,0.33150401,-0.20559346,0.37750057,-0.27765878,0.41800266
0.00044134,0.21203435,0.03462983,0.27799814,-0.09935751,0.33117706,-0.19127220,0.37677180,-0.24918103,0.41667213
0.00047271,0.21192286,0.03242654,0.27793840,-0.11346718,0.33144611,-0.20610483,0.37778368,-0.27012816,0.41882443
0.00045414,0.21199203,0.03567370,0.27795680,-0.11367635,0.33129283,-0.21109075,0.37736753,-0.28314538,0.41811601
0.00054321,0.21201892,0.03941011,0.27791595,-0.11425957,0.33097694,-0.21673875,0.37670907,-0.29228025,0.41716551
0.00050466,0.21213923,0.04062354,0.27802004,-0.10781129,0.33114537,-0.21318639,0.37707614,-0.28897798,0.41789636
0.00047211,0.21204308,0.04276174,0.27777620,-0.11223780,0.33050205,-0.22218854,0.37575873,-0.30184736,0.41570341
0.00059247,0.21180254,0.04428892,0.27729411,-0.11452792,0.32990961,-0.22283388,0.37517715,-0.30068559,0.41522228
0.00053613,0.21169361,0.04184824,0.27716925,-0.11641981,0.32960927,-0.22095780,0.37455561,-0.29701840,0.41422919
0.00069061,0.21167307,0.04882971,0.27711109,-0.09818791,0.32952610,-0.21613361,0.37442712,-0.29498876,0.41404141
0.00068118,0.21157865,0.05219038,0.27699999,0.09054652,0.32955664,-0.20072279,0.37473582,-0.28287271,0.41474812
0.00069422,0.21152775,0.05474984,0.27685633,0.09404234,0.32942201,-0.21036913,0.37487303,-0.29640405,0.41546992
0.00068192,0.21140291,0.05332236,0.27666719,-0.06980982,0.32935839,-0.22008525,0.37519558,-0.30595857,0.41649821
0.00081652,0.21148306,0.05688771,0.27663329,0.10144277,0.32898692,-0.21103418,0.37426253,-0.29989875,0.41486421
0.00065497,0.21167172,0.05561359,0.27689446,0.09672704,0.32922588,-0.21383861,0.37445762,-0.30322954,0.41507088
0.00068998,0.21160675,0.05515752,0.27678000,0.09111586,0.32912852,-0.21318847,0.37461374,-0.30037021,0.41581759
0.00068456,0.21152165,0.05244622,0.27662642,-0.09436062,0.32874913,-0.22254098,0.37382551,-0.30657199,0.41449750
0.00067530,0.21162094,0.05257091,0.27676418,-0.10244070,0.32900988,-0.22855057,0.37436345,-0.31357862,0.41548829
0.00070224,0.21171743,0.05478734,0.27693923,-0.09476458,0.32930852,-0.22897270,0.37487576,-0.31615363,0.41637856
0.00074992,0.21166269,0.05448367,0.27712811,-0.10378717,0.32971047,-0.23101192,0.37552827,-0.31680770,0.41727817
0.00088751,0.21165921,0.05805122,0.27722532,-0.10349978,0.33007737,-0.23612601,0.37639353,-0.32382102,0.41894871
0.00085563,0.21166532,0.05879120,0.27715945,0.08314422,0.32976030,-0.22294763,0.37558859,-0.31197305,0.41730560
0.00082384,0.21170805,0.05792639,0.27722183,0.08892553,0.32991037,-0.22087422,0.37592604,-0.31152763,0.41791829
0.00091646,0.21155453,0.05954510,0.27710586,0.11701063,0.32978830,-0.20225407,0.37573562,-0.30025551,0.41762437
0.00101143,0.21157955,0.06013420,0.27724257,0.11988317,0.33012622,-0.19533182,0.37633467,-0.29504798,0.41838253
0.00093056,0.21149674,0.05723063,0.27721448,0.11247827,0.33004138,-0.19392123,0.37590861,-0.28888500,0.41710834
0.00099905,0.21152297,0.05703312,0.27725118,0.11170390,0.33014669,-0.19324611,0.37620731,-0.28790465,0.41790551
0.00097097,0.21153804,0.05341607,0.27737356,0.10024816,0.33038307,-0.18899800,0.37650839,-0.27711732,0.41817341
0.00089966,0.21174640,0.04962929,0.27778209,0.05034647,0.33100145,-0.19270247,0.37744668,-0.27053847,0.41969539
0.00082298,0.21173432,0.04973905,0.27764544,0.08582811,0.33072197,-0.18067828,0.37688944,-0.25491817,0.41869169
0.00069204,0.21180224,0.04445846,0.27758251,-0.08131036,0.33035894,-0.18531884,0.37592023,-0.24640499,0.41666478
0.00046442,0.21191464,0.03461565,0.27774954,-0.11823685,0.33069852,-0.21043600,0.37656002,-0.28017474,0.41770853
0.00055842,0.21187796,0.03513305,0.27781429,-0.12157795,0.33097640,-0.21126950,0.37715243,-0.27583917,0.41863317
0.00068011,0.21184464,0.03738190,0.27779666,-0.12627505,0.33103089,-0.22060386,0.37743441,-0.29004937,0.41929610
0.00070287,0.21184342,0.03726221,0.27790399,-0.13471618,0.33138735,-0.23421438,0.37811347,-0.31001017,0.42035568
0.00073192,0.21183409,0.04289301,0.27784609,-0.13409911,0.33115874,-0.23783285,0.37762833,-0.31466971,0.41953512
0.00090833,0.21202678,0.04499700,0.27798097,-0.12960992,0.33133981,-0.23396758,0.37824521,-0.31071583,0.42112133
0.00088294,0.21211675,0.04497322,0.27812211,-0.12731096,0.33158279,-0.23247124,0.37883995,-0.31123151,0.42251818
0.00066255,0.21218282,0.03962507,0.27831695,-0.13197482,0.33172154,-0.23170186,0.37849746,-0.30544634,0.42119002
0.00070796,0.21190066,0.04269487,0.27785426,-0.12183919,0.33096456,-0.22356095,0.37714043,-0.29770776,0.41885193
0.00068281,0.21194984,0.04344459,0.27801266,-0.10656064,0.33138546,-0.20382487,0.37803838,-0.26643783,0.42049030
0.00069808,0.21194621,0.04426407,0.27803706,-0.10506416,0.33137437,-0.20538397,0.37803393,-0.27562215,0.42072005
0.00066858,0.21204801,0.04708269,0.27831477,-0.06658249,0.33198270,-0.18676711,0.37907497,-0.25054150,0.42221234
0.00056689,0.21208526,0.04813672,0.27833572,-0.08722488,0.33178683,-0.19921306,0.37846273,-0.26693519,0.42103636
0.00052782,0.21209005,0.04987362,0.27834547,0.07827841,0.33166891,-0.18407068,0.37797619,-0.24650471,0.41993266
0.00049427,0.21208615,0.05069577,0.27834565,0.09040618,0.33160230,-0.18442980,0.37768994,-0.24819774,0.41928834
0.00056099,0.21202950,0.04716144,0.27836616,-0.10623724,0.33179627,-0.21471498,0.37833650,-0.28843738,0.42084423
0.00043935,0.21205204,0.04210154,0.27842120,-0.12608609,0.33205415,-0.23184216,0.37911648,-0.31073508,0.42249745
0.00031039,0.21206353,0.04363502,0.27840520,-0.12239814,0.33174830,-0.23304076,0.37801087,-0.31586744,0.41991496
0.00030503,0.21220604,0.04640897,0.27852667,-0.11474611,0.33198977,-0.22736847,0.37850052,-0.30936114,0.42065550
0.00026833,0.21221870,0.04613663,0.27839911,-0.12224177,0.33172378,-0.23416513,0.37802954,-0.31647163,0.41981824
0.00024587,0.21224029,0.04348016,0.27840407,-0.12793509,0.33185500,-0.23731520,0.37848996,-0.31897341,0.42084085
0.00037316,0.21214418,0.03995648,0.27829998,-0.13352184,0.33175528,-0.23911199,0.37823415,-0.31936921,0.42019154
0.00035596,0.21214298,0.04351079,0.27812485,-0.13085729,0.33119861,-0.23673728,0.37702746,-0.31581311,0.41806520
0.00032297,0.21205793,0.04701003,0.27797540,-0.12261964,0.33092514,-0.23172973,0.37647419,-0.31098642,0.41704576
0.00043385,0.21192735,0.04370122,0.27797552,-0.13544592,0.33109508,-0.24062727,0.37679496,-0.31842721,0.41748059
0.00056883,0.21204884,0.04753227,0.27823224,-0.13016680,0.33144420,-0.23935726,0.37719189,-0.31979542,0.41790758
0.00053648,0.21200757,0.04526977,0.27823578,-0.13229947,0.33149905,-0.23961456,0.37726248,-0.31890448,0.41791265
0.00053617,0.21193110,0.04278645,0.27822104,-0.13574851,0.33157910,-0.24027700,0.37720594,-0.31788979,0.41731665
0.00042545,0.21192016,0.03930505,0.27818727,-0.13366487,0.33138575,-0.23456760,0.37657133,-0.30922996,0.41588667
0.00038583,0.21187761,0.04252852,0.27804650,-0.13135080,0.33093772,-0.23625003,0.37566644,-0.31406186,0.41454969
0.00024400,0.21187781,0.04069675,0.27807981,-0.13004794,0.33095827,-0.23361103,0.37560481,-0.30992206,0.41429575
0.00017045,0.21187027,0.03555553,0.27806771,-0.13354252,0.33076815,-0.23535826,0.37500118,-0.31138527,0.41311715
0.00011315,0.21195448,0.03060269,0.27811086,-0.13439891,0.33070860,-0.23421004,0.37473623,-0.30924767,0.41259470
0.00017461,0.21201439,0.02191042,0.27838635,-0.14315924,0.33144022,-0.24290273,0.37618664,-0.31833351,0.41500956
0.00024732,0.21214037,0.03313972,0.27846946,-0.14090677,0.33138718,-0.24373856,0.37595088,-0.32036685,0.41459432
0.00014799,0.21205993,0.03192773,0.27849193,-0.14343133,0.33170447,-0.24736871,0.37679109,-0.32535812,0.41618486
0.00019406,0.21203579,0.03856444,0.27867271,-0.14085744,0.33213263,-0.24744553,0.37742621,-0.32636612,0.41691753
0.00003188,0.21209306,0.03717763,0.27877804,-0.13878107,0.33222972,-0.24571008,0.37741739,-0.32495513,0.41673295
-0.00016005,0.21206964,0.01027767,0.27877427,-0.15021677,0.33243624,-0.25363875,0.37802609,-0.33134465,0.41788746
0.00000502,0.21206136,0.03291943,0.27884006,-0.14728424,0.33268624,-0.25382116,0.37849520,-0.33283150,0.41854146
0.00005800,0.21204347,0.03584234,0.27900675,-0.15115821,0.33326468,-0.25955831,0.37973041,-0.33948884,0.42067212
-0.00009369,0.21197173,0.03229852,0.27903118,-0.15330884,0.33339962,-0.26139869,0.37990511,-0.34100799,0.42072878
-0.00014695,0.21210812,0.03876272,0.27912798,-0.15032648,0.33337380,-0.25971819,0.37966694,-0.33905069,0.42009457
-0.00017975,0.21200494,0.03710397,0.27916755,-0.15072014,0.33366072,-0.26074939,0.38030894,-0.34072271,0.42115470
-0.00012680,0.21210755,0.03996518,0.27933392,-0.15032745,0.33400877,-0.26211733,0.38103494,-0.34324457,0.42248198
-0.00007456,0.21194183,0.04084387,0.27912109,-0.15084142,0.33375436,-0.26287031,0.38071428,-0.34386610,0.42203751
-0.00017242,0.21195363,0.03359808,0.27919479,-0.15491226,0.33397060,-0.26497076,0.38119838,-0.34551867,0.42291529
0.00000731,0.21193084,0.03662127,0.27909603,-0.15730894,0.33379205,-0.26799756,0.38116624,-0.34895687,0.42340213
-0.00001620,0.21184355,0.04100601,0.27887923,-0.15580886,0.33338199,-0.26745088,0.38043721,-0.34803763,0.42222254
-0.00007885,0.21182232,0.03717447,0.27879622,-0.15787112,0.33334190,-0.26931478,0.38064530,-0.35020603,0.42291490
0.00009991,0.21189330,0.04219147,0.27881911,-0.15539924,0.33320626,-0.26787033,0.38021564,-0.34889114,0.42210568
0.00005141,0.21190321,0.03817282,0.27895269,-0.15916532,0.33361039,-0.27122510,0.38111768,-0.35261386,0.42374260
0.00000777,0.21205036,0.03540745,0.27929220,-0.16023724,0.33427204,-0.27331527,0.38225396,-0.35572713,0.42543670
-0.00012780,0.21214101,0.02167754,0.27924516,-0.16216761,0.33396009,-0.27293059,0.38153637,-0.35423431,0.42419041
-0.00006270,0.21195327,0.03121217,0.27893751,-0.15933582,0.33357964,-0.27088619,0.38108411,-0.35244409,0.42358254
-0.00015471,0.21202771,0.01720491,0.27900091,-0.16165029,0.33356754,-0.27129580,0.38080436,-0.35174452,0.42280084
-0.00015228,0.21208964,0.02106676,0.27904080,-0.15834515,0.33336657,-0.26782935,0.38017680,-0.34829832,0.42163804
-0.00002135,0.21233231,0.02365271,0.27946175,-0.15906786,0.33411111,-0.26882400,0.38126490,-0.34940588,0.42290317
-0.00017974,0.21241543,-0.02130354,0.27961048,-0.16109526,0.33437635,-0.26998262,0.38164692,-0.35023946,0.42336942
-0.00032067,0.21243459,-0.03114950,0.27956540,-0.16002647,0.33431961,-0.26782609,0.38160460,-0.34815395,0.42331455
-0.00045394,0.21242139,-0.04166136,0.27957895,-0.16654443,0.33451891,-0.27300194,0.38224437,-0.35286030,0.42459013
-0.00048603,0.21226090,-0.04713778,0.27936513,-0.16903633,0.33420299,-0.27346413,0.38170260,-0.35194170,0.42362866
-0.00057039,0.21234586,-0.04729898,0.27930374,-0.16642254,0.33362614,-0.26899226,0.38023845,-0.34609273,0.42099373
-0.00054168,0.21228138,-0.04695178,0.27916974,-0.16507984,0.33346840,-0.26632622,0.38005124,-0.34283980,0.42071546
-0.00039290,0.21227080,-0.04073786,0.27907764,-0.16285416,0.33338907,-0.26609704,0.38009881,-0.34375661,0.42106653
-0.00055105,0.21222987,-0.04883775,0.27891902,-0.16407402,0.33289740,-0.26322907,0.37902921,-0.33856200,0.41914431
-0.00030710,0.21208676,-0.04014351,0.27893321,-0.15979140,0.33308521,-0.26106285,0.37940543,-0.33750860,0.41977894
-0.00016624,0.21222994,-0.04430040,0.27923368,-0.16259251,0.33352756,-0.26303398,0.38000710,-0.33927449,0.42062052
-0.00016180,0.21233568,-0.04354246,0.27953791,-0.16179333,0.33396610,-0.26266706,0.38046945,-0.33915166,0.42101408
-0.00017801,0.21235092,-0.04501361,0.27955262,-0.16239257,0.33406319,-0.26355743,0.38077325,-0.34073995,0.42172931
-0.00024614,0.21228248,-0.04816639,0.27925926,-0.16338140,0.33350836,-0.26300116,0.37995315,-0.33936717,0.42058804
-0.00031861,0.21224716,-0.05197365,0.27945400,-0.16641536,0.33412810,-0.26516819,0.38104268,-0.34094468,0.42204064
-0.00026819,0.21221289,-0.05365449,0.27937409,-0.16806510,0.33402068,-0.26552566,0.38086196,-0.34005008,0.42164995
-0.00036971,0.21222338,-0.05700677,0.27941987,-0.17108206,0.33406903,-0.26626568,0.38081038,-0.33860727,0.42136997
-0.00033463,0.21223292,-0.05870861,0.27949957,-0.17317613,0.33411816,-0.26796903,0.38063844,-0.33996214,0.42081809
-0.00048638,0.21232430,-0.05814569,0.27945241,-0.17255506,0.33382231,-0.26787119,0.38003249,-0.34006626,0.41989071
-0.00050891,0.21232145,-0.05858411,0.27944932,-0.17224010,0.33363386,-0.26679385,0.37942403,-0.33826253,0.41874218
-0.00058170,0.21216385,-0.05919922,0.27904562,-0.17159005,0.33274805,-0.26577715,0.37793448,-0.33698030,0.41666212
-0.00045888,0.21212361,-0.05735750,0.27894505,-0.17029075,0.33255334,-0.26411008,0.37762968,-0.33494642,0.41628463
-0.00070203,0.21214811,-0.06133363,0.27895906,-0.17381707,0.33258465,-0.26739613,0.37773962,-0.33827277,0.41657136
-0.00069107,0.21220968,-0.06161179,0.27891897,-0.17335342,0.33227298,-0.26683928,0.37696218,-0.33765929,0.41521188
-0.00075327,0.21224285,-0.06215207,0.27899598,-0.17270439,0.33233414,-0.26531896,0.37686507,-0.33546217,0.41479311
-0.00071316,0.21232185,-0.06145577,0.27903539,-0.17371628,0.33224922,-0.26794310,0.37675166,-0.33937547,0.41489435
-0.00073969,0.21245683,-0.05952567,0.27905194,-0.17009484,0.33186021,-0.26334669,0.37576535,-0.33428890,0.41325132
-0.00058859,0.21247683,-0.05681938,0.27908233,-0.16676089,0.33179828,-0.26042259,0.37554872,-0.33198327,0.41286962
-0.00047348,0.21248889,-0.05454822,0.27897272,-0.16623445,0.33168186,-0.26175674,0.37581282,-0.33513101,0.41410872
-0.00054745,0.21262088,-0.05541509,0.27917785,-0.16530173,0.33201618,-0.26098669,0.37638194,-0.33524647,0.41509606
-0.00043848,0.21273223,-0.05368780,0.27944964,-0.16422539,0.33255494,-0.26027684,0.37736024,-0.33497883,0.41662519
-0.00055437,0.21296513,-0.05844715,0.27981847,-0.16863923,0.33319516,-0.26407224,0.37843371,-0.33897666,0.41830784
-0.00054539,0.21292036,-0.06071762,0.27970597,-0.17043648,0.33293061,-0.26401902,0.37791856,-0.33720333,0.41735298
-0.00044803,0.21302558,-0.05830538,0.27968884,-0.16728955,0.33276803,-0.26058690,0.37751883,-0.33347158,0.41655960
-0.00033191,0.21294071,-0.05718534,0.27969188,-0.16866331,0.33288894,-0.26313218,0.37783809,-0.33716180,0.41734453
-0.00033427,0.21307107,-0.05615216,0.27984519,-0.16842185,0.33316404,-0.26375925,0.37845530,-0.33868165,0.41854329
-0.00043498,0.21296465,-0.05948208,0.27962948,-0.16858678,0.33280995,-0.26208905,0.37790153,-0.33612287,0.41762770
-0.00029384,0.21299279,-0.05772615,0.27976221,-0.16794492,0.33315598,-0.26193574,0.37841721,-0.33581468,0.41814945
-0.00041457,0.21297814,-0.05935502,0.27966497,-0.17016085,0.33291393,-0.26340084,0.37791853,-0.33542146,0.41714404
-0.00042647,0.21295631,-0.05788480,0.27963546,-0.16740434,0.33266195,-0.26012591,0.37717154,-0.33184590,0.41566853
-0.00034416,0.21302005,-0.05492794,0.27973911,-0.16566866,0.33280844,-0.25902284,0.37732167,-0.33078406,0.41568967
-0.00030826,0.21301042,-0.05488834,0.27951218,-0.16513749,0.33236181,-0.25763745,0.37675920,-0.32881002,0.41513048
-0.00008118,0.21294696,-0.05138705,0.27953337,-0.16449719,0.33257609,-0.25955921,0.37748168,-0.33354561,0.41689758
-0.00026330,0.21290093,-0.05845052,0.27938636,-0.16937455,0.33225817,-0.26157628,0.37699473,-0.33353324,0.41623397
-0.00031117,0.21290855,-0.05917048,0.27950007,-0.16949599,0.33251900,-0.26151357,0.37748808,-0.33379364,0.41705944
-0.00021628,0.21301086,-0.06159528,0.27956797,-0.17213861,0.33248707,-0.26328366,0.37736092,-0.33468100,0.41683189
-0.00024080,0.21321354,-0.06110758,0.27988314,-0.17247830,0.33299949,-0.26375203,0.37804673,-0.33471850,0.41751571
-0.00021528,0.21304578,-0.05919839,0.27973654,-0.17206847,0.33301432,-0.26488276,0.37840854,-0.33698566,0.41833237
-0.00024025,0.21307088,-0.06035319,0.27985251,-0.17269297,0.33317630,-0.26406479,0.37840171,-0.33430878,0.41777143
-0.00024487,0.21313923,-0.06005722,0.27997884,-0.17333680,0.33350442,-0.26485569,0.37906879,-0.33509910,0.41883337
-0.00030539,0.21310835,-0.06441695,0.27993203,-0.17781074,0.33336071,-0.26866613,0.37882461,-0.33857526,0.41863622
-0.00032123,0.21301969,-0.06279668,0.27988641,-0.17571614,0.33348737,-0.26685170,0.37931012,-0.33713178,0.41966813
-0.00033984,0.21282732,-0.06280966,0.27970151,-0.17549116,0.33345525,-0.26640504,0.37973060,-0.33688611,0.42089336
-0.00039257,0.21286265,-0.06616676,0.27964918,-0.17983936,0.33310655,-0.27076511,0.37907860,-0.34067945,0.42010329
-0.00043031,0.21286233,-0.06605598,0.27970202,-0.17870643,0.33309439,-0.26812896,0.37872099,-0.33606811,0.41905062
-0.00034201,0.21293926,-0.06422555,0.27958303,-0.17578865,0.33261488,-0.26416172,0.37762499,-0.33084029,0.41698423
-0.00026027,0.21311649,-0.06562018,0.27972532,-0.17643824,0.33265175,-0.26462745,0.37768911,-0.33169830,0.41732242
-0.00014674,0.21302401,-0.06336810,0.27971868,-0.17316303,0.33275801,-0.26011639,0.37778934,-0.32522354,0.41729204
-0.00006627,0.21306295,-0.06201054,0.28005531,-0.17308337,0.33349801,-0.26177710,0.37899784,-0.32808140,0.41893856
-0.00018673,0.21317589,-0.06152337,0.28035265,-0.17225633,0.33409942,-0.26042023,0.37997085,-0.32567086,0.42032753
-0.00008812,0.21315662,-0.05874178,0.28024954,-0.16919006,0.33370166,-0.25619490,0.37909672,-0.31900031,0.41886638
-0.00009092,0.21323616,-0.06008861,0.28047527,-0.16925085,0.33404719,-0.25521535,0.37952668,-0.31804908,0.41934673
-0.00005555,0.21324280,-0.05775406,0.28047080,-0.16718699,0.33426387,-0.25279118,0.38031517,-0.31477325,0.42107265
0.00013515,0.21332456,-0.05287333,0.28068673,-0.16377227,0.33477150,-0.25135559,0.38129764,-0.31567768,0.42267312
0.00023030,0.21344854,-0.04956775,0.28083980,-0.16054882,0.33476570,-0.24700236,0.38094022,-0.30794911,0.42189533
0.00018965,0.21345372,-0.05105332,0.28103779,-0.16130272,0.33508922,-0.24792520,0.38121786,-0.30970058,0.42196795
0.00010611,0.21326027,-0.05539078,0.28079830,-0.16424189,0.33469503,-0.25049846,0.38043164,-0.31360270,0.42046244
0.00011169,0.21333786,-0.05572614,0.28097366,-0.16460541,0.33492915,-0.25100733,0.38064406,-0.31378119,0.42054107
0.00008683,0.21331729,-0.05571257,0.28086504,-0.16344578,0.33467373,-0.24904259,0.38013605,-0.31150259,0.41969927
0.00004029,0.21324635,-0.05465728,0.28062368,-0.16118566,0.33423573,-0.24778397,0.37947948,-0.31248639,0.41880410
-0.00006018,0.21324134,-0.05775303,0.28076073,-0.16515647,0.33482122,-0.25184117,0.38079293,-0.31560795,0.42104723
-0.00000809,0.21323749,-0.05760239,0.28070465,-0.16496747,0.33481608,-0.25193885,0.38090558,-0.31639690,0.42124853
0.00009222,0.21334396,-0.05644079,0.28074787,-0.16412936,0.33475406,-0.25099363,0.38070000,-0.31549774,0.42084643
0.00019519,0.21332107,-0.05535893,0.28069872,-0.16321406,0.33467748,-0.25021290,0.38049780,-0.31466367,0.42035371
0.00015598,0.21331289,-0.05720018,0.28058601,-0.16515741,0.33452534,-0.25257153,0.38026931,-0.31819301,0.41990207
0.00031079,0.21334246,-0.05751321,0.28062004,-0.16728357,0.33448972,-0.25491402,0.38005211,-0.32036993,0.41937381
0.00038845,0.21334554,-0.05676571,0.28066112,-0.16809626,0.33460254,-0.25744742,0.38026873,-0.32490607,0.41963540
0.00047917,0.21341026,-0.05952226,0.28088575,-0.17147841,0.33511685,-0.25981435,0.38118077,-0.32550980,0.42107915
0.00036883,0.21335910,-0.06232883,0.28067769,-0.17193964,0.33459709,-0.25791924,0.38023252,-0.32224329,0.41952807
0.00024243,0.21349926,-0.06445431,0.28105916,-0.17347458,0.33527565,-0.25854728,0.38113285,-0.32170346,0.42057503
0.00009439,0.21358124,-0.06640940,0.28111394,-0.17677697,0.33522113,-0.26415666,0.38088280,-0.32944679,0.42001462
0.00005454,0.21371510,-0.06692001,0.28125083,-0.17828563,0.33525383,-0.26637235,0.38081574,-0.33223664,0.41994122
0.00004968,0.21379560,-0.06776485,0.28122805,-0.18084937,0.33513140,-0.27044514,0.38064082,-0.33717320,0.41980406
0.00010854,0.21373966,-0.06687235,0.28133679,-0.18107272,0.33541790,-0.27215852,0.38116796,-0.34018603,0.42065894
0.00005113,0.21361132,-0.06532500,0.28123493,-0.17774816,0.33532253,-0.26785217,0.38105182,-0.33490286,0.42051964
0.00007087,0.21374332,-0.06455829,0.28130877,-0.17676454,0.33544381,-0.26637501,0.38143336,-0.33251154,0.42138276
0.00001429,0.21368016,-0.06629066,0.28123882,-0.17873557,0.33548175,-0.26828082,0.38159884,-0.33510437,0.42164246
-0.00000907,0.21368974,-0.06829779,0.28117477,-0.18216763,0.33527498,-0.27210826,0.38121811,-0.33944176,0.42108356
0.00010056,0.21380611,-0.06803499,0.28131768,-0.18078650,0.33527103,-0.27028134,0.38085100,-0.33732876,0.42015128
-0.00005572,0.21377774,-0.06850586,0.28117268,-0.18018098,0.33507469,-0.26925884,0.38067345,-0.33583808,0.42001607
0.00003570,0.21362181,-0.06780244,0.28117718,-0.18100102,0.33542056,-0.27136434,0.38158116,-0.33940622,0.42165888
0.00009988,0.21374254,-0.06786213,0.28147705,-0.18312913,0.33597889,-0.27402871,0.38259668,-0.34204400,0.42339617
0.00010198,0.21380554,-0.06742576,0.28155747,-0.18214063,0.33588490,-0.27230934,0.38223043,-0.33931929,0.42277455
0.00014267,0.21386623,-0.06978091,0.28154509,-0.18554373,0.33590235,-0.27592220,0.38234266,-0.34323594,0.42300069
0.00009696,0.21370358,-0.07111797,0.28135843,-0.18601419,0.33574306,-0.27536008,0.38223547,-0.34144158,0.42294789
0.00013557,0.21361550,-0.07010986,0.28102078,-0.18460964,0.33502296,-0.27451617,0.38091228,-0.34155699,0.42078971
0.00015912,0.21356504,-0.06593246,0.28093800,-0.18054684,0.33489884,-0.27133428,0.38068809,-0.33892637,0.42040987
0.00014680,0.21354888,-0.06594100,0.28090974,-0.18214790,0.33486551,-0.27381724,0.38067491,-0.34193324,0.42039446
0.00004335,0.21340557,-0.06905609,0.28076022,-0.18580946,0.33482846,-0.27799191,0.38084299,-0.34689755,0.42079653
-0.00000099,0.21335773,-0.06956165,0.28060796,-0.18680337,0.33463060,-0.27911294,0.38066211,-0.34772041,0.42069852
0.00009469,0.21335123,-0.06782056,0.28051590,-0.18406671,0.33450790,-0.27560057,0.38057145,-0.34395845,0.42064647
0.00007802,0.21335140,-0.06972417,0.28052866,-0.18629080,0.33450399,-0.27732684,0.38057009,-0.34513640,0.42069172
-0.00009944,0.21339102,-0.07112795,0.28069292,-0.18752312,0.33485135,-0.27909340,0.38114329,-0.34770711,0.42146762
-0.00014171,0.21324632,-0.07171719,0.28066397,-0.18853336,0.33499800,-0.27994769,0.38170786,-0.34819421,0.42275869
-0.00016457,0.21319464,-0.07102162,0.28060703,-0.18684026,0.33497311,-0.27676556,0.38190825,-0.34275870,0.42349215
-0.00023360,0.21319391,-0.07205662,0.28074959,-0.18781781,0.33554836,-0.27745177,0.38313483,-0.34253254,0.42546735
-0.00017267,0.21315652,-0.07145613,0.28071475,-0.18680981,0.33573196,-0.27625317,0.38391195,-0.34077046,0.42731096
-0.00009241,0.21329265,-0.07093159,0.28097668,-0.18656262,0.33622154,-0.27647697,0.38474678,-0.34186774,0.42858118
0.00000314,0.21324825,-0.06935930,0.28091832,-0.18456384,0.33601184,-0.27437121,0.38415656,-0.33941362,0.42739213
0.00006531,0.21332446,-0.06667943,0.28106940,-0.18053353,0.33622646,-0.26981646,0.38443417,-0.33357868,0.42782464
0.00001153,0.21341266,-0.06748745,0.28135447,-0.18095682,0.33664944,-0.27012040,0.38473803,-0.33446140,0.42759860
0.00003280,0.21340606,-0.06673785,0.28119058,-0.18123628,0.33617575,-0.27191628,0.38369945,-0.33904407,0.42566286
0.00004150,0.21321581,-0.06782797,0.28071951,-0.18028113,0.33524617,-0.26995729,0.38218169,-0.33641645,0.42353574
-0.00012808,0.21333997,-0.06959981,0.28080025,-0.18137626,0.33531812,-0.27047453,0.38237581,-0.33626156,0.42398935
-0.00028094,0.21326303,-0.06997953,0.28072483,-0.18059960,0.33531423,-0.26944317,0.38249586,-0.33498014,0.42428857
-0.00015255,0.21335351,-0.06655881,0.28069616,-0.17556406,0.33504397,-0.26364862,0.38171544,-0.32899737,0.42277540
-0.00018773,0.21329315,-0.06623927,0.28052914,-0.17668117,0.33467624,-0.26642693,0.38106767,-0.33373083,0.42183182
-0.00034581,0.21332573,-0.06722122,0.28058824,-0.17503169,0.33473594,-0.26310793,0.38102492,-0.32883681,0.42161258
-0.00051228,0.21337420,-0.07022790,0.28064640,-0.17729088,0.33492269,-0.26383223,0.38154882,-0.32770926,0.42277854
-0.00043037,0.21338814,-0.06857455,0.28062564,-0.17391269,0.33485688,-0.25900680,0.38145616,-0.32106089,0.42271887
-0.00048249,0.21343683,-0.06726907,0.28080150,-0.17257981,0.33514583,-0.25900164,0.38182300,-0.32301465,0.42309386
-0.00046245,0.21336645,-0.06764151,0.28076997,-0.17250542,0.33495049,-0.25703420,0.38137878,-0.31737365,0.42254545
-0.00047032,0.21335506,-0.06914040,0.28082933,-0.17502229,0.33533768,-0.25947681,0.38252659,-0.31904993,0.42496643
-0.00054483,0.21339292,-0.06959268,0.28074162,-0.17548475,0.33505083,-0.25998885,0.38198653,-0.32028388,0.42411169
-0.00060619,0.21337916,-0.06992399,0.28078938,-0.17610597,0.33521549,-0.26135191,0.38227571,-0.32276296,0.42439121
-0.00059499,0.21330601,-0.07076987,0.28061014,-0.17832249,0.33488059,-0.26455317,0.38176168,-0.32786957,0.42363091
-0.00060246,0.21318144,-0.07035373,0.28045718,-0.17697204,0.33463131,-0.26240904,0.38148781,-0.32522832,0.42347707
-0.00070536,0.21320380,-0.07239238,0.28050756,-0.17849214,0.33462044,-0.26236300,0.38141667,-0.32265797,0.42336891
-0.00076473,0.21318692,-0.07088143,0.28047852,-0.17497182,0.33462445,-0.25809706,0.38147017,-0.31794070,0.42337761
-0.00080816,0.21314427,-0.07187493,0.28051556,-0.17561756,0.33479008,-0.25844278,0.38181352,-0.31819008,0.42399707
-0.00082281,0.21308056,-0.07230452,0.28034318,-0.17425937,0.33468320,-0.25399115,0.38199975,-0.30723947,0.42475878
-0.00086145,0.21311180,-0.07208459,0.28039896,-0.17398337,0.33469256,-0.25374145,0.38169824,-0.30877912,0.42378121
-0.00080708,0.21295707,-0.07204972,0.28044105,-0.17350489,0.33511746,-0.25386791,0.38253015,-0.31080269,0.42489546
-0.00070632,0.21292474,-0.07140760,0.28051496,-0.17529299,0.33517667,-0.25911919,0.38239478,-0.32160533,0.42432573
-0.00091601,0.21287120,-0.07325438,0.28043611,-0.17748940,0.33524607,-0.26222622,0.38292262,-0.32670064,0.42554126
-0.00106538,0.21282050,-0.07387085,0.28034946,-0.17773914,0.33492068,-0.26240415,0.38209185,-0.32724720,0.42396832
-0.00094191,0.21292088,-0.07323243,0.28069969,-0.17832066,0.33541722,-0.26455598,0.38244605,-0.33081015,0.42377202
-0.00106553,0.21306685,-0.07331072,0.28091513,-0.17831825,0.33556584,-0.26327660,0.38247701,-0.32774723,0.42377539
-0.00096448,0.21302134,-0.07344894,0.28076959,-0.17732458,0.33542738,-0.26122168,0.38242484,-0.32496134,0.42388386
-0.00089850,0.21294236,-0.07189178,0.28062564,-0.17464342,0.33502238,-0.25791532,0.38152565,-0.32139400,0.42229057
-0.00102645,0.21294332,-0.07271792,0.28050522,-0.17682611,0.33472754,-0.26248733,0.38108698,-0.32923176,0.42173679
-0.00106926,0.21288288,-0.07166881,0.28041401,-0.17498722,0.33427401,-0.25950569,0.37991433,-0.32459943,0.41960479
-0.00123651,0.21277378,-0.07252067,0.28033906,-0.17528388,0.33439597,-0.25888234,0.38035715,-0.32262683,0.42044903
-0.00114124,0.21283232,-0.07245868,0.28052813,-0.17595402,0.33487176,-0.26137053,0.38128987,-0.32734209,0.42195279
-0.00121153,0.21281322,-0.07220271,0.28055018,-0.17755963,0.33505002,-0.26531765,0.38173517,-0.33381982,0.42276225
-0.00119156,0.21262014,-0.07140617,0.28042417,-0.17584795,0.33516833,-0.26437254,0.38233021,-0.33455861,0.42407715
-0.00118420,0.21260463,-0.07248499,0.28045364,-0.17695396,0.33517943,-0.26543999,0.38219364,-0.33567117,0.42368074
-0.00111204,0.21259458,-0.07264998,0.28046308,-0.17882121,0.33520651,-0.26843787,0.38216283,-0.33921256,0.42344983
-0.00102104,0.21242391,-0.07209973,0.28032090,-0.17784561,0.33498941,-0.26654781,0.38174263,-0.33673678,0.42268847
-0.00097950,0.21230788,-0.07276435,0.28023818,-0.17931676,0.33512168,-0.26843846,0.38226821,-0.33878351,0.42374861
-0.00092881,0.21223927,-0.07293721,0.28013952,-0.18053240,0.33498112,-0.26944753,0.38208313,-0.33901978,0.42355797
-0.00090064,0.21227396,-0.07406182,0.28000527,-0.18177736,0.33446522,-0.26991324,0.38092923,-0.33850750,0.42151929
-0.00072949,0.21222959,-0.07321558,0.27998550,-0.18251652,0.33458093,-0.27164646,0.38142322,-0.34072689,0.42263994
-0.00068124,0.21218547,-0.07271944,0.28012860,-0.18254986,0.33501570,-0.27245195,0.38211604,-0.34212190,0.42346705
-0.00069758,0.21221521,-0.07347562,0.28037400,-0.18303954,0.33561842,-0.27232395,0.38331815,-0.34141601,0.42558216
-0.00069837,0.21207807,-0.07312899,0.28009959,-0.18112555,0.33506385,-0.26887249,0.38243686,-0.33697762,0.42437830
-0.00057297,0.21203060,-0.07162491,0.27996859,-0.18036271,0.33474961,-0.26875118,0.38166562,-0.33730703,0.42284426
-0.00056175,0.21200118,-0.07240584,0.27993987,-0.18110516,0.33470525,-0.26810143,0.38146970,-0.33482803,0.42233115
-0.00053273,0.21211820,-0.07024361,0.27990116,-0.17861055,0.33446065,-0.26661698,0.38105293,-0.33474189,0.42187548
-0.00051010,0.21188567,-0.07068150,0.27960805,-0.17955764,0.33397758,-0.26704169,0.38019313,-0.33451426,0.42051407
-0.00053761,0.21190119,-0.07137237,0.27960846,-0.18041257,0.33407752,-0.26858931,0.38050197,-0.33724652,0.42108797
-0.00050339,0.21174940,-0.07103145,0.27939970,-0.18074293,0.33397129,-0.26981909,0.38064368,-0.33955029,0.42156840
-0.00057977,0.21184078,-0.07277049,0.27960970,-0.18250573,0.33440870,-0.27198922,0.38135060,-0.34246530,0.42253849
-0.00045000,0.21183261,-0.07205005,0.27961339,-0.18301532,0.33437155,-0.27255559,0.38121296,-0.34243989,0.42221500
-0.00041141,0.21191885,-0.07115276,0.27964768,-0.18133918,0.33431068,-0.26984291,0.38110270,-0.33909380,0.42216140
-0.00049647,0.21188528,-0.07199648,0.27954275,-0.18141643,0.33406850,-0.26854435,0.38063458,-0.33657453,0.42136839
-0.00059099,0.21186678,-0.07319929,0.27938262,-0.18182623,0.33357873,-0.26845616,0.37969037,-0.33632307,0.41990479
-0.00071257,0.21196840,-0.07565903,0.27960291,-0.18424671,0.33397412,-0.27031205,0.38023081,-0.33771367,0.42047652
-0.00077825,0.21208289,-0.07597032,0.27983499,-0.18427217,0.33437361,-0.27097526,0.38081640,-0.33926208,0.42120437
-0.00081726,0.21202147,-0.07625144,0.27968307,-0.18480852,0.33401403,-0.27147021,0.38021607,-0.33937902,0.42041022
-0.00077875,0.21207010,-0.07602966,0.27989637,-0.18402478,0.33442309,-0.27086641,0.38080036,-0.33920509,0.42109426
-0.00087870,0.21222878,-0.07677781,0.28007792,-0.18539644,0.33441645,-0.27231823,0.38034784,-0.34026184,0.42000143
-0.00072732,0.21204413,-0.07679873,0.28002438,-0.18648463,0.33464789,-0.27527152,0.38111740,-0.34537492,0.42161233
-0.00086229,0.21208354,-0.07893171,0.28007352,-0.18894775,0.33476259,-0.27779348,0.38145118,-0.34796655,0.42233822
-0.00080726,0.21215115,-0.07822156,0.28015579,-0.18724134,0.33490998,-0.27536499,0.38151369,-0.34469831,0.42204756
-0.00095742,0.21212949,-0.08107472,0.28022978,-0.19039339,0.33524313,-0.27798054,0.38219102,-0.34683894,0.42302847
-0.00092172,0.21220807,-0.07944905,0.28022191,-0.18811168,0.33501913,-0.27476786,0.38173067,-0.34273150,0.42238518
-0.00097338,0.21217004,-0.08035706,0.28022844,-0.18928972,0.33497295,-0.27633282,0.38158050,-0.34490017,0.42225794
-0.00108825,0.21214330,-0.08001043,0.28013774,-0.18828909,0.33479264,-0.27476022,0.38130267,-0.34250320,0.42180755
-0.00098078,0.21207724,-0.07942774,0.28008644,-0.18704110,0.33471394,-0.27228260,0.38113637,-0.33903062,0.42147497
-0.00090397,0.21192777,-0.07767660,0.27988183,-0.18571499,0.33440462,-0.27116307,0.38066571,-0.33795916,0.42082452
-0.00078500,0.21193017,-0.07622366,0.27995912,-0.18390760,0.33464143,-0.26912531,0.38122826,-0.33572218,0.42186739
-0.00083576,0.21207761,-0.07602592,0.28011320,-0.18339077,0.33485666,-0.26920330,0.38158383,-0.33678828,0.42237128
-0.00101351,0.21198148,-0.07714149,0.28000997,-0.18309170,0.33468864,-0.26828997,0.38123742,-0.33593637,0.42179915
-0.00093221,0.21205791,-0.07702369,0.28029345,-0.18440321,0.33536815,-0.27113179,0.38250151,-0.34006745,0.42372894
-0.00098280,0.21198189,-0.07849744,0.28004344,-0.18471999,0.33499633,-0.27083158,0.38204813,-0.33985151,0.42319356
-0.00098219,0.21214746,-0.07796137,0.28021881,-0.18331749,0.33522279,-0.26877878,0.38246099,-0.33740527,0.42392863
-0.00090973,0.21207469,-0.07510246,0.28006985,-0.17863755,0.33509516,-0.26317799,0.38234166,-0.33124188,0.42369751
-0.00101452,0.21189819,-0.07600802,0.27975446,-0.17898346,0.33465205,-0.26304247,0.38176377,-0.33082225,0.42287919
-0.00115605,0.21175168,-0.07598488,0.27956830,-0.17858662,0.33452138,-0.26136654,0.38169656,-0.32710311,0.42283046
-0.00126914,0.21195012,-0.07743377,0.27984842,-0.17991552,0.33519206,-0.26306606,0.38311599,-0.33012904,0.42532516
-0.00141367,0.21202717,-0.07755232,0.27981350,-0.17915145,0.33475737,-0.26193367,0.38206104,-0.32875547,0.42360507
-0.00144138,0.21193911,-0.07835751,0.27974064,-0.17958488,0.33479471,-0.26177913,0.38237179,-0.32801985,0.42434329
-0.00148870,0.21201673,-0.07804218,0.27988716,-0.17811231,0.33496570,-0.25986667,0.38261986,-0.32619275,0.42481243
-0.00140232,0.21188355,-0.07862953,0.27982965,-0.18072491,0.33502819,-0.26540239,0.38288193,-0.33455262,0.42535848
-0.00151339,0.21183987,-0.07870759,0.27979452,-0.17917165,0.33503804,-0.26231302,0.38299191,-0.33065033,0.42557162
-0.00157270,0.21186676,-0.07753057,0.27975313,-0.17640837,0.33488044,-0.25742706,0.38274715,-0.32361378,0.42533929
-0.00147454,0.21179466,-0.07605664,0.27975135,-0.17407887,0.33512545,-0.25447308,0.38349788,-0.32002661,0.42684767
-0.00146720,0.21177220,-0.07670693,0.27949469,-0.17500555,0.33458125,-0.25587651,0.38274667,-0.32250268,0.42599001
-0.00153535,0.21186202,-0.07801079,0.27964432,-0.17820544,0.33468390,-0.26128367,0.38265606,-0.33010580,0.42552080
-0.00140991,0.21186254,-0.07853423,0.27967578,-0.17960078,0.33491598,-0.26213959,0.38326453,-0.32998743,0.42665434
-0.00141110,0.21188396,-0.08020605,0.27990860,-0.18319402,0.33521934,-0.26656198,0.38338625,-0.33421664,0.42635524
-0.00145655,0.21185075,-0.08025614,0.27990828,-0.18393429,0.33507495,-0.26838214,0.38275070,-0.33687164,0.42490582
-0.00142000,0.21187933,-0.07891145,0.27999797,-0.18173618,0.33520088,-0.26565305,0.38284763,-0.33329945,0.42486032
-0.00141237,0.21192529,-0.07696168,0.28003360,-0.17981127,0.33540468,-0.26609210,0.38333760,-0.33656580,0.42565901
-0.00133215,0.21179661,-0.07540801,0.27996168,-0.17811498,0.33539815,-0.26474954,0.38345303,-0.33566110,0.42597176
-0.00138733,0.21189901,-0.07386841,0.27999478,-0.17426542,0.33528915,-0.25980246,0.38321648,-0.33056172,0.42572101
-0.00134137,0.21189926,-0.07350511,0.27978575,-0.17246302,0.33485913,-0.25684474,0.38253054,-0.32685501,0.42475007
-0.00132681,0.21190536,-0.07278070,0.27981422,-0.17064676,0.33499795,-0.25542868,0.38290053,-0.32679157,0.42543530
-0.00141448,0.21202255,-0.07101666,0.27975095,-0.16638915,0.33469832,-0.24831819,0.38240303,-0.31734485,0.42487746
-0.00130103,0.21214325,-0.07062021,0.27993525,-0.16776300,0.33483611,-0.24982945,0.38236285,-0.31686842,0.42448400
-0.00138077,0.21232265,-0.07258670,0.28005613,-0.17188450,0.33494752,-0.25574843,0.38261313,-0.32411044,0.42503967
-0.00126759,0.21232611,-0.07116160,0.28008606,-0.17087166,0.33501637,-0.25563710,0.38269254,-0.32498658,0.42497596
-0.00125666,0.21235067,-0.06855355,0.28010213,-0.16602999,0.33491593,-0.24973729,0.38247578,-0.31802864,0.42467237
-0.00125698,0.21238417,-0.06890623,0.28015278,-0.16594598,0.33484633,-0.24705030,0.38222177,-0.31175833,0.42427221
-0.00131728,0.21236814,-0.06901482,0.28013672,-0.16523101,0.33469832,-0.24677818,0.38175708,-0.31274742,0.42330905
-0.00130088,0.21235134,-0.06902583,0.28002055,-0.16403372,0.33439300,-0.24468595,0.38124267,-0.30999422,0.42262493
-0.00115899,0.21231145,-0.06614897,0.27984557,-0.16155814,0.33392032,-0.24223793,0.38030774,-0.30662115,0.42112592
-0.00111719,0.21237161,-0.06577059,0.27979994,-0.16181532,0.33368079,-0.24350615,0.37978734,-0.30914732,0.42034022
-0.00098254,0.21225048,-0.06177548,0.27946816,-0.15498802,0.33297236,-0.23581357,0.37854336,-0.30159634,0.41847264
-0.00101734,0.21222882,-0.06193802,0.27939645,-0.15444365,0.33289469,-0.23465988,0.37848904,-0.30022067,0.41840540
-0.00114025,0.21212762,-0.06442179,0.27937870,-0.15811492,0.33305379,-0.23975805,0.37886927,-0.30704290,0.41901993
-0.00098210,0.21216936,-0.06332353,0.27940625,-0.15843511,0.33304104,-0.24070420,0.37880691,-0.30776598,0.41887669
-0.00109961,0.21218628,-0.06551723,0.27958134,-0.16284007,0.33352637,-0.24806576,0.37975624,-0.31838840,0.42043803
-0.00105959,0.21225193,-0.06467497,0.27977043,-0.16421509,0.33394088,-0.25328285,0.38055435,-0.32674415,0.42172531
-0.00112417,0.21239307,-0.06372583,0.27977679,-0.16120516,0.33357895,-0.24979021,0.37963165,-0.32320937,0.42016402
-0.00123055,0.21216381,-0.06302449,0.27944057,-0.15787112,0.33314055,-0.24546136,0.37910446,-0.31848724,0.41953259
-0.00120184,0.21229817,-0.06050541,0.27954169,-0.15196189,0.33324731,-0.23872226,0.37919906,-0.31199735,0.41960434
-0.00106585,0.21228789,-0.05830582,0.27960899,-0.14963474,0.33333746,-0.23589893,0.37926141,-0.30872910,0.41962778
-0.00129508,0.21250466,-0.06275429,0.27984440,-0.15739793,0.33354723,-0.24337331,0.37940363,-0.31415101,0.41969916
-0.00135310,0.21251494,-0.06410380,0.27994345,-0.16090967,0.33387634,-0.24880289,0.38011941,-0.32111197,0.42096620
-0.00119856,0.21243070,-0.06190876,0.27984741,-0.15873130,0.33383733,-0.24787493,0.38004931,-0.32108992,0.42068314
-0.00119110,0.21253361,-0.06257931,0.27990760,-0.16069843,0.33378076,-0.25036953,0.37988436,-0.32390545,0.42042246
-0.00127633,0.21252392,-0.06677429,0.27991264,-0.16579469,0.33370029,-0.25294324,0.37963764,-0.32391917,0.41997685
-0.00122331,0.21239473,-0.06527116,0.27982486,-0.16429259,0.33366162,-0.25176688,0.37950409,-0.32305044,0.41958939
-0.00105723,0.21257754,-0.06217403,0.28002947,-0.15948076,0.33380082,-0.24549680,0.37942865,-0.31523054,0.41915880
-0.00098714,0.21245169,-0.05731194,0.27978808,-0.15023617,0.33329051,-0.23279215,0.37840488,-0.30006729,0.41742065
-0.00093063,0.21242314,-0.05859246,0.27970685,-0.15212786,0.33317174,-0.23443040,0.37830429,-0.30191582,0.41745351
-0.00090313,0.21242553,-0.05953204,0.27981717,-0.15509873,0.33340438,-0.23846153,0.37862171,-0.30709054,0.41778715
-0.00092385,0.21250430,-0.06124988,0.27978215,-0.15866947,0.33320958,-0.24322485,0.37818788,-0.31205007,0.41700162
-0.00084567,0.21267791,-0.06177207,0.27997877,-0.15953455,0.33342000,-0.24197320,0.37836120,-0.30806163,0.41701855
-0.00078811,0.21266359,-0.06125510,0.28001179,-0.16121521,0.33356174,-0.24546211,0.37869119,-0.31251843,0.41760572
-0.00091347,0.21265024,-0.06332026,0.27999233,-0.16226548,0.33369892,-0.24447089,0.37915801,-0.30902465,0.41846572
-0.00093615,0.21266996,-0.06604786,0.28014503,-0.16672089,0.33406532,-0.25033564,0.37980793,-0.31608570,0.41945499
-0.00070308,0.21270451,-0.06333885,0.28015007,-0.16427956,0.33396457,-0.24766667,0.37950108,-0.31266641,0.41884253
-0.00077117,0.21262941,-0.06349335,0.28006032,-0.16282318,0.33393023,-0.24543435,0.37957905,-0.30978991,0.41902920
-0.00056909,0.21252344,-0.06201776,0.27993696,-0.16214280,0.33365184,-0.24515414,0.37905787,-0.30961221,0.41822478
-0.00067625,0.21267910,-0.06346309,0.28007131,-0.16318124,0.33376341,-0.24603391,0.37911229,-0.31032167,0.41819334
-0.00071859,0.21277421,-0.06146861,0.28017789,-0.15905644,0.33390944,-0.24083693,0.37928330,-0.30432695,0.41837682
-0.00078608,0.21274521,-0.06088210,0.27998944,-0.15714703,0.33353391,-0.23799328,0.37870536,-0.30012185,0.41758901
-0.00065547,0.21270781,-0.05950540,0.27991499,-0.15568637,0.33339681,-0.23587915,0.37855054,-0.29680775,0.41749121
-0.00070075,0.21279622,-0.05834926,0.27998484,-0.15323839,0.33357584,-0.23123903,0.37904171,-0.28653112,0.41852601
-0.00064450,0.21276362,-0.05739421,0.27976960,-0.15011609,0.33296042,-0.22641574,0.37771876,-0.28071162,0.41616336
-0.00052436,0.21269151,-0.05395524,0.27961267,-0.14347280,0.33282043,-0.21439832,0.37773411,-0.25187166,0.41650449
-0.00056435,0.21269906,-0.05429933,0.27967480,-0.14346011,0.33288707,-0.21555814,0.37773596,-0.25928033,0.41635443
-0.00045739,0.21267512,-0.05205277,0.27969152,-0.14216457,0.33305566,-0.21522173,0.37819283,-0.25967506,0.41722497
-0.00036198,0.21265513,-0.04743543,0.27965455,-0.13891796,0.33298179,-0.21361287,0.37814239,-0.25773716,0.41734284
-0.00043313,0.21258721,-0.04935973,0.27938290,-0.14073721,0.33241557,-0.21402763,0.37722734,-0.25194451,0.41610158
-0.00036915,0.21268227,-0.05036437,0.27957645,-0.14380601,0.33266902,-0.22097001,0.37753777,-0.27252825,0.41651814
-0.00035480,0.21265128,-0.05146931,0.27953978,-0.14404542,0.33254379,-0.21941645,0.37728574,-0.26602955,0.41618706
-0.00021990,0.21274849,-0.05082307,0.27963409,-0.14554770,0.33266696,-0.22301488,0.37743857,-0.27551104,0.41629936
-0.00020761,0.21290120,-0.04973043,0.27983714,-0.14638638,0.33290535,-0.22555682,0.37776860,-0.27872754,0.41684992
-0.00003720,0.21288269,-0.04863467,0.27961296,-0.14722733,0.33250710,-0.22821042,0.37719085,-0.28498183,0.41610123
0.00008660,0.21280757,-0.04535822,0.27948558,-0.14075031,0.33223167,-0.21782888,0.37658708,-0.26877044,0.41495737
0.00032919,0.21286858,-0.03564382,0.27949115,-0.13364405,0.33213262,-0.21246979,0.37636606,-0.26353915,0.41463953
0.00020876,0.21293268,-0.03688543,0.27956078,-0.12869807,0.33230816,-0.20111437,0.37676033,-0.23328000,0.41540106
0.00014295,0.21284415,-0.03476107,0.27933940,-0.12433844,0.33174856,-0.20099557,0.37573257,-0.25157620,0.41381215
0.00002077,0.21262402,-0.04057871,0.27893747,-0.13032489,0.33116628,-0.20919792,0.37502259,-0.26538213,0.41305601
0.00005699,0.21275049,-0.04109799,0.27920489,-0.13182929,0.33174152,-0.20863518,0.37607246,-0.25592091,0.41473311
0.00006604,0.21278515,-0.03384095,0.27924271,-0.12035242,0.33173864,-0.19334652,0.37583415,-0.20925785,0.41410276
0.00024307,0.21272945,0.01509484,0.27911112,-0.11150095,0.33163173,-0.18968794,0.37579243,-0.20779817,0.41415777
0.00023860,0.21271591,0.02011354,0.27912162,-0.09826110,0.33176816,-0.15257821,0.37606443,0.25258868,0.41451211
0.00013746,0.21280155,0.03031820,0.27928945,0.09448795,0.33213672,0.19301788,0.37685180,0.28681184,0.41602882
0.00018210,0.21265817,0.03302843,0.27913064,0.09437846,0.33196153,0.19254170,0.37659916,0.28696423,0.41567721
0.00010136,0.21257933,-0.01320669,0.27883915,-0.07500951,0.33141879,0.18303099,0.37572388,0.28290272,0.41436541
0.00008889,0.21266445,0.01843437,0.27917860,-0.08221932,0.33216906,0.16366574,0.37705911,0.27297204,0.41634711
-0.00011058,0.21276739,-0.01970714,0.27925146,-0.08549880,0.33222598,0.17165806,0.37719510,0.27823780,0.41664290
0.00000584,0.21290499,0.02073826,0.27950759,-0.08833499,0.33269669,0.15100335,0.37794779,0.27059248,0.41767397
-0.00001988,0.21283412,-0.01544101,0.27949005,-0.10364681,0.33281606,-0.15799406,0.37816167,0.25242187,0.41780906
-0.00003054,0.21280054,-0.01239047,0.27929252,-0.09565239,0.33262638,0.13574805,0.37820534,0.26638452,0.41837986
-0.00016033,0.21274643,-0.03213251,0.27929852,-0.11712773,0.33274812,-0.17954465,0.37848277,0.24361315,0.41874404
-0.00014250,0.21282821,-0.02914565,0.27959716,-0.11368168,0.33333846,-0.18155501,0.37940410,0.21829074,0.41988862
-0.00018057,0.21279877,-0.03954836,0.27954133,-0.12709630,0.33330962,-0.20364737,0.37944350,-0.25463432,0.41992757
