permno,indno,mbrstartdt,mbrenddt,mbrflg,indfam
10006,1000500,1957-03-01,1984-07-18,NORM,1100500
10030,1000500,1957-03-01,1969-01-08,NORM,1100500
10049,1000500,1925-12-31,1932-10-01,NORM,1100500
10057,1000500,1957-03-01,1992-07-02,NORM,1100500
10078,1000500,1992-08-20,2010-01-28,NORM,1100500
10102,1000500,1957-03-01,1975-02-05,NORM,1100500
10104,1000500,1989-08-03,2025-10-31,NORM,1100500
10107,1000500,1994-06-07,2025-10-31,NORM,1100500
10108,1000500,2002-07-22,2005-08-11,NORM,1100500
10137,1000500,1925-12-31,1976-06-30,NORM,1100500
10137,1000500,2000-12-11,2011-02-25,NORM,1100500
10138,1000500,1999-10-13,2025-10-31,NORM,1100500
10145,1000500,1925-12-31,2025-10-31,NORM,1100500
10147,1000500,1996-03-28,2016-09-07,NORM,1100500
10153,1000500,1925-12-31,1944-06-07,NORM,1100500
10153,1000500,1957-03-01,1963-03-13,NORM,1100500
10153,1000500,1977-06-30,1987-07-08,NORM,1100500
10161,1000500,1957-03-01,1993-11-12,NORM,1100500
10196,1000500,1944-06-07,1947-02-26,NORM,1100500
10209,1000500,1957-03-01,1963-10-16,NORM,1100500
10225,1000500,1925-12-31,2014-04-30,NORM,1100500
10233,1000500,1925-12-31,1933-03-28,NORM,1100500
10233,1000500,1957-03-01,1957-07-10,NORM,1100500
10233,1000500,1957-08-21,1959-03-25,NORM,1100500
10233,1000500,1969-05-15,1986-01-08,NORM,1100500
10241,1000500,1925-12-31,1988-12-21,NORM,1100500
10276,1000500,1957-03-01,1973-02-28,NORM,1100500
10292,1000500,1957-03-01,1962-09-26,NORM,1100500
10299,1000500,2000-04-03,2017-03-10,NORM,1100500
10321,1000500,1957-03-01,1987-08-05,NORM,1100500
10324,1000500,2001-12-14,2011-04-01,NORM,1100500
10353,1000500,1999-10-01,2001-05-11,NORM,1100500
10364,1000500,1925-12-31,1999-10-26,NORM,1100500
10372,1000500,1925-12-31,1941-08-20,NORM,1100500
10372,1000500,1947-02-26,1988-04-27,NORM,1100500
10401,1000500,1957-03-01,2005-11-18,NORM,1100500
10436,1000500,1957-03-01,1971-06-23,NORM,1100500
10452,1000500,1925-12-31,1944-06-07,NORM,1100500
10479,1000500,1925-12-31,1941-08-20,NORM,1100500
10479,1000500,1957-03-01,1973-02-28,NORM,1100500
10479,1000500,1978-03-02,1984-02-15,NORM,1100500
10487,1000500,1957-03-01,1986-05-07,NORM,1100500
10495,1000500,1925-12-31,1950-06-30,NORM,1100500
10495,1000500,1957-03-01,1977-01-19,NORM,1100500
10516,1000500,1957-03-01,1970-04-22,NORM,1100500
10516,1000500,1981-07-30,2025-10-31,NORM,1100500
10524,1000500,1925-12-31,1971-01-13,NORM,1100500
10559,1000500,1957-03-01,1986-10-08,NORM,1100500
10562,1000500,2004-07-01,2009-01-29,NORM,1100500
10575,1000500,1925-12-31,1968-08-20,NORM,1100500
10591,1000500,1925-12-31,1967-06-28,NORM,1100500
10604,1000500,1957-03-01,2000-04-17,NORM,1100500
10623,1000500,1987-04-23,1988-04-13,NORM,1100500
10693,1000500,1997-01-07,2003-03-20,NORM,1100500
10696,1000500,2001-04-02,2025-10-31,NORM,1100500
10725,1000500,2000-06-19,2004-08-31,NORM,1100500
10727,1000500,1957-03-01,1970-06-24,NORM,1100500
10735,1000500,1957-03-01,1968-01-17,NORM,1100500
10751,1000500,1957-03-01,1983-02-02,NORM,1100500
10778,1000500,1957-03-01,1958-09-24,NORM,1100500
10786,1000500,1925-12-31,2000-12-08,NORM,1100500
10791,1000500,1994-01-18,2000-06-20,NORM,1100500
10807,1000500,1925-12-31,1954-04-20,NORM,1100500
10807,1000500,1957-03-01,1965-10-20,NORM,1100500
10823,1000500,1928-08-24,1951-09-06,NORM,1100500
10823,1000500,1957-03-01,1983-11-30,NORM,1100500
10831,1000500,1925-12-31,1928-08-24,NORM,1100500
10858,1000500,1925-12-31,1940-04-15,NORM,1100500
10866,1000500,1957-03-01,1996-07-19,NORM,1100500
10874,1000500,1973-03-01,2008-06-20,NORM,1100500
10890,1000500,1925-12-31,1941-08-20,NORM,1100500
10890,1000500,1954-04-20,2008-11-10,NORM,1100500
10909,1000500,2010-04-30,2022-06-07,NORM,1100500
10942,1000500,1999-10-27,2007-01-31,NORM,1100500
10970,1000500,1950-07-03,1980-02-13,NORM,1100500
10989,1000500,1957-03-01,2000-10-02,NORM,1100500
11033,1000500,1961-06-21,1968-05-08,NORM,1100500
11041,1000500,1925-12-31,1953-06-22,NORM,1100500
11041,1000500,1964-10-22,1976-06-30,NORM,1100500
11042,1000500,1996-04-01,2002-05-14,NORM,1100500
11068,1000500,1957-03-01,1970-08-12,NORM,1100500
11081,1000500,1996-09-06,2013-10-28,NORM,1100500
11092,1000500,1957-03-01,1976-03-03,NORM,1100500
11148,1000500,1939-04-15,1953-06-22,NORM,1100500
11148,1000500,1958-06-04,1968-07-03,NORM,1100500
11156,1000500,1925-12-31,1980-11-05,NORM,1100500
11164,1000500,1957-03-01,1986-12-17,NORM,1100500
11199,1000500,1925-12-31,1939-04-15,NORM,1100500
11260,1000500,1928-11-26,1998-11-12,NORM,1100500
11287,1000500,1925-12-31,1941-08-20,NORM,1100500
11287,1000500,1957-03-01,1965-01-06,NORM,1100500
11295,1000500,1957-03-01,1986-01-22,NORM,1100500
11308,1000500,1957-03-01,2025-10-31,NORM,1100500
11332,1000500,1967-11-30,1970-04-22,NORM,1100500
11332,1000500,1985-10-24,1988-06-08,NORM,1100500
11340,1000500,1925-12-31,2000-11-01,NORM,1100500
11359,1000500,1957-03-01,1962-02-07,NORM,1100500
11367,1000500,1954-04-20,1968-08-20,NORM,1100500
11375,1000500,1957-03-01,1960-02-03,NORM,1100500
11375,1000500,1963-03-14,1968-07-16,NORM,1100500
11391,1000500,1957-03-01,1968-01-17,NORM,1100500
11403,1000500,2017-09-18,2025-10-31,NORM,1100500
11404,1000500,1925-12-31,2025-10-31,NORM,1100500
11415,1000500,2006-02-27,2008-12-22,NORM,1100500
11439,1000500,1957-03-01,1966-09-28,NORM,1100500
11447,1000500,1957-03-01,1984-10-03,NORM,1100500
11471,1000500,1957-03-01,1981-10-14,NORM,1100500
11527,1000500,1957-03-01,1968-09-10,NORM,1100500
11533,1000500,2023-03-20,2025-10-31,NORM,1100500
11543,1000500,1957-03-01,1971-08-18,NORM,1100500
11552,1000500,2006-11-06,2019-11-20,NORM,1100500
11600,1000500,2008-11-14,2024-04-02,NORM,1100500
11607,1000500,1957-03-01,2006-03-02,NORM,1100500
11618,1000500,2008-09-15,2025-10-31,NORM,1100500
11626,1000500,1993-07-01,1994-09-20,NORM,1100500
11658,1000500,1957-03-01,1979-02-07,NORM,1100500
11666,1000500,1925-12-31,1953-06-22,NORM,1100500
11674,1000500,1925-12-31,2025-10-31,NORM,1100500
11682,1000500,1925-12-31,1928-11-23,NORM,1100500
11690,1000500,1957-03-01,1987-08-19,NORM,1100500
11703,1000500,1957-03-01,2017-08-31,NORM,1100500
11746,1000500,1963-06-27,1973-11-14,NORM,1100500
11754,1000500,1925-12-31,2010-12-17,NORM,1100500
11762,1000500,1957-03-01,2025-10-31,NORM,1100500
11770,1000500,1957-03-01,1963-06-26,NORM,1100500
11786,1000500,2018-03-19,2023-03-14,NORM,1100500
11789,1000500,1931-11-16,1949-07-06,NORM,1100500
11826,1000500,1925-12-31,1944-06-07,NORM,1100500
11826,1000500,1957-03-01,1970-06-24,NORM,1100500
11834,1000500,1944-06-07,1958-06-04,NORM,1100500
11850,1000500,1925-12-31,2025-10-31,NORM,1100500
11891,1000500,2017-07-26,2025-10-31,NORM,1100500
11896,1000500,2000-05-10,2007-09-26,NORM,1100500
11896,1000500,2018-12-03,2021-08-27,NORM,1100500
11949,1000500,1957-03-01,1973-05-30,NORM,1100500
11955,1000500,1998-07-17,2025-10-31,NORM,1100500
11970,1000500,2000-06-01,2007-02-14,NORM,1100500
11976,1000500,1998-10-01,2013-09-10,NORM,1100500
11981,1000500,1957-03-01,1972-09-13,NORM,1100500
11983,1000500,2000-01-31,2003-11-12,NORM,1100500
11990,1000500,2024-06-24,2025-10-31,NORM,1100500
11997,1000500,1993-12-13,2002-11-18,NORM,1100500
12044,1000500,1957-03-01,1970-06-24,NORM,1100500
12052,1000500,1957-03-01,2025-10-31,NORM,1100500
12060,1000500,1925-12-31,1950-06-30,NORM,1100500
12060,1000500,1957-03-01,2025-10-31,NORM,1100500
12062,1000500,2004-11-01,2025-10-31,NORM,1100500
12067,1000500,2000-06-19,2012-06-04,NORM,1100500
12073,1000500,2008-11-13,2022-04-01,NORM,1100500
12076,1000500,2015-07-29,2018-03-16,NORM,1100500
12079,1000500,1925-12-31,2009-06-02,NORM,1100500
12084,1000500,2021-03-22,2025-10-31,NORM,1100500
12095,1000500,1957-03-01,1998-10-06,NORM,1100500
12124,1000500,1957-03-01,1973-08-01,NORM,1100500
12140,1000500,1957-03-01,2012-07-30,NORM,1100500
12167,1000500,1957-03-01,1975-12-10,NORM,1100500
12183,1000500,1925-12-31,1970-03-04,NORM,1100500
12191,1000500,1957-03-01,1968-01-15,NORM,1100500
12212,1000500,1957-03-01,1960-12-28,NORM,1100500
12220,1000500,1957-03-01,1958-06-04,NORM,1100500
12298,1000500,1940-04-15,1944-06-07,NORM,1100500
12308,1000500,2016-09-08,2025-10-31,NORM,1100500
12319,1000500,1957-03-01,2001-12-14,NORM,1100500
12343,1000500,1957-03-01,1959-05-27,NORM,1100500
12343,1000500,1964-01-16,1975-08-13,NORM,1100500
12345,1000500,2012-09-05,2025-10-31,NORM,1100500
12369,1000500,2013-06-07,2025-10-31,NORM,1100500
12394,1000500,1925-12-31,1963-03-22,NORM,1100500
12431,1000500,1957-03-01,2009-06-30,NORM,1100500
12431,1000500,2010-11-17,2025-10-31,NORM,1100500
12448,1000500,2019-01-02,2023-05-03,NORM,1100500
12449,1000500,2018-06-20,2025-10-31,NORM,1100500
12456,1000500,2011-01-04,2012-05-24,NORM,1100500
12458,1000500,1957-03-01,1998-06-30,NORM,1100500
12466,1000500,1957-03-01,1978-08-23,NORM,1100500
12474,1000500,1925-12-31,1940-04-15,NORM,1100500
12476,1000500,2022-10-12,2025-10-31,NORM,1100500
12490,1000500,1957-03-01,2025-10-31,NORM,1100500
12503,1000500,1925-12-31,2006-12-19,NORM,1100500
12511,1000500,1957-03-01,1965-01-06,NORM,1100500
12511,1000500,1975-02-06,2000-10-17,NORM,1100500
12542,1000500,2013-07-09,2022-10-11,NORM,1100500
12546,1000500,1925-12-31,2002-07-19,NORM,1100500
12558,1000500,2012-05-25,2025-10-31,NORM,1100500
12570,1000500,1925-12-31,1941-08-20,NORM,1100500
12570,1000500,1957-03-01,2011-10-31,NORM,1100500
12591,1000500,2024-12-23,2025-10-31,NORM,1100500
12618,1000500,1957-03-01,1957-07-03,NORM,1100500
12622,1000500,2015-01-27,2025-10-31,NORM,1100500
12623,1000500,2018-01-03,2025-10-31,NORM,1100500
12626,1000500,1957-03-01,1984-11-21,NORM,1100500
12650,1000500,1958-06-04,1976-06-30,NORM,1100500
12650,1000500,1999-04-05,2000-07-12,NORM,1100500
12650,1000500,2013-05-24,2021-12-13,NORM,1100500
12669,1000500,1957-03-01,1975-10-15,NORM,1100500
12706,1000500,1925-12-31,1981-06-24,NORM,1100500
12730,1000500,1950-07-03,1980-09-26,NORM,1100500
12749,1000500,1925-12-31,1944-06-07,NORM,1100500
12749,1000500,1957-03-01,2002-01-16,NORM,1100500
12757,1000500,1957-03-01,1963-12-04,NORM,1100500
12781,1000500,1957-03-01,1976-06-30,NORM,1100500
12810,1000500,1925-12-31,1941-08-20,NORM,1100500
12837,1000500,1957-03-01,1980-08-27,NORM,1100500
12872,1000500,2011-07-01,2025-10-31,NORM,1100500
12888,1000500,1941-08-20,1990-12-11,NORM,1100500
12896,1000500,1957-03-01,1968-12-10,NORM,1100500
12909,1000500,1925-12-31,1971-06-23,NORM,1100500
12933,1000500,1925-12-31,1944-06-07,NORM,1100500
12933,1000500,1984-03-01,1986-06-04,NORM,1100500
12941,1000500,1957-03-01,1967-05-17,NORM,1100500
12976,1000500,1957-03-01,1986-07-16,NORM,1100500
12981,1000500,2016-06-24,2022-12-16,NORM,1100500
13004,1000500,1957-03-01,1961-02-08,NORM,1100500
13012,1000500,1957-03-01,1971-12-08,NORM,1100500
13035,1000500,2011-11-01,2025-10-31,NORM,1100500
13056,1000500,1989-10-05,2004-04-30,NORM,1100500
13063,1000500,1957-03-01,1976-06-30,NORM,1100500
13100,1000500,1944-06-07,2005-08-29,NORM,1100500
13103,1000500,2012-12-24,2025-10-31,NORM,1100500
13119,1000500,1960-12-14,2006-03-31,NORM,1100500
13135,1000500,1957-03-01,1964-01-15,NORM,1100500
13141,1000500,2012-01-03,2014-03-21,NORM,1100500
13142,1000500,2013-11-13,2020-05-11,NORM,1100500
13143,1000500,1933-03-28,1957-03-01,NORM,1100500
13143,1000500,1961-10-25,1980-06-16,NORM,1100500
13151,1000500,1957-03-01,1960-06-22,NORM,1100500
13168,1000500,2011-12-21,2019-12-20,NORM,1100500
13207,1000500,1945-03-01,1953-06-22,NORM,1100500
13207,1000500,1957-03-01,1958-06-04,NORM,1100500
13210,1000500,2021-12-14,2025-10-31,NORM,1100500
13274,1000500,1957-03-01,1964-01-22,NORM,1100500
13290,1000500,1957-03-01,1979-05-02,NORM,1100500
13303,1000500,1957-03-01,1994-01-03,NORM,1100500
13311,1000500,1925-12-31,1974-05-08,NORM,1100500
13311,1000500,1977-11-03,1981-07-02,NORM,1100500
13323,1000500,2021-01-07,2025-09-19,NORM,1100500
13354,1000500,1957-03-01,1993-09-30,NORM,1100500
13356,1000500,2012-05-01,2025-10-31,NORM,1100500
13362,1000500,1925-12-31,1944-06-07,NORM,1100500
13370,1000500,1957-03-01,1958-12-10,NORM,1100500
13370,1000500,1959-02-25,1970-04-22,NORM,1100500
13389,1000500,1957-03-01,1958-04-23,NORM,1100500
13407,1000500,2013-12-23,2025-10-31,NORM,1100500
13434,1000500,1925-12-31,1968-01-31,NORM,1100500
13442,1000500,1925-12-31,1964-10-21,NORM,1100500
13447,1000500,2019-11-21,2025-10-31,NORM,1100500
13511,1000500,2023-06-20,2025-10-31,NORM,1100500
13522,1000500,1925-12-31,1945-02-28,NORM,1100500
13522,1000500,1958-06-04,1982-06-02,NORM,1100500
13549,1000500,1925-12-31,1947-07-16,NORM,1100500
13565,1000500,1925-12-31,1941-08-20,NORM,1100500
13565,1000500,1957-03-01,1961-08-16,NORM,1100500
13567,1000500,2012-10-01,2016-05-02,NORM,1100500
13573,1000500,1925-12-31,1970-03-04,NORM,1100500
13586,1000500,2012-10-01,2025-10-31,NORM,1100500
13598,1000500,2012-10-02,2015-07-02,NORM,1100500
13610,1000500,1957-03-01,1975-02-05,NORM,1100500
13628,1000500,2024-12-23,2025-10-31,NORM,1100500
13637,1000500,1957-03-01,1976-01-14,NORM,1100500
13641,1000500,2018-12-03,2025-10-31,NORM,1100500
13661,1000500,1957-03-01,1987-03-25,NORM,1100500
13688,1000500,1925-12-31,2019-01-17,NORM,1100500
13688,1000500,2022-10-03,2025-10-31,NORM,1100500
13696,1000500,1925-12-31,1944-06-07,NORM,1100500
13696,1000500,1957-03-01,1962-10-17,NORM,1100500
13721,1000500,2013-01-02,2025-10-31,NORM,1100500
13760,1000500,2017-10-13,2025-10-31,NORM,1100500
13788,1000500,2013-06-24,2025-10-31,NORM,1100500
13792,1000500,1925-12-31,1972-09-27,NORM,1100500
13805,1000500,1957-03-01,1965-06-16,NORM,1100500
13821,1000500,1925-12-31,1930-01-04,NORM,1100500
13821,1000500,1940-04-15,2007-02-21,NORM,1100500
13856,1000500,1957-03-01,2025-10-31,NORM,1100500
13864,1000500,1941-08-20,1944-06-07,NORM,1100500
13901,1000500,1957-03-01,2025-10-31,NORM,1100500
13911,1000500,2017-08-29,2025-10-31,NORM,1100500
13928,1000500,1957-03-01,2025-10-31,NORM,1100500
13936,1000500,2013-02-14,2022-09-16,NORM,1100500
13949,1000500,2019-09-23,2025-10-31,NORM,1100500
13963,1000500,2013-07-01,2025-10-31,NORM,1100500
13964,1000500,2015-09-21,2025-10-31,NORM,1100500
13983,1000500,2016-10-03,2020-09-18,NORM,1100500
14008,1000500,1992-01-02,2025-10-31,NORM,1100500
14011,1000500,2014-08-19,2017-07-25,NORM,1100500
14058,1000500,1925-12-31,1948-07-07,NORM,1100500
14066,1000500,1925-12-31,1954-04-20,NORM,1100500
14066,1000500,1957-03-01,1980-11-19,NORM,1100500
14090,1000500,1925-12-31,1986-06-11,NORM,1100500
14154,1000500,1925-12-31,1958-06-04,NORM,1100500
14154,1000500,1968-07-08,1972-09-27,NORM,1100500
14189,1000500,1957-03-01,1984-07-18,NORM,1100500
14218,1000500,1925-12-31,1954-04-20,NORM,1100500
14218,1000500,1957-03-01,1989-02-08,NORM,1100500
14250,1000500,1925-12-31,1981-09-09,NORM,1100500
14277,1000500,1957-03-01,1962-01-31,NORM,1100500
14277,1000500,1965-03-04,2025-10-31,NORM,1100500
14295,1000500,2018-06-07,2022-10-31,NORM,1100500
14297,1000500,2013-12-02,2025-10-31,NORM,1100500
14314,1000500,1957-03-01,1958-06-11,NORM,1100500
14322,1000500,1925-12-31,2005-03-24,NORM,1100500
14323,1000500,1984-11-23,2006-09-29,NORM,1100500
14338,1000500,2017-06-19,2025-10-31,NORM,1100500
14357,1000500,1957-03-01,1985-06-12,NORM,1100500
14402,1000500,1963-03-14,1979-02-07,NORM,1100500
14429,1000500,1957-03-01,1969-03-05,NORM,1100500
14461,1000500,1970-04-23,1976-12-08,NORM,1100500
14488,1000500,1957-03-01,1967-07-19,NORM,1100500
14496,1000500,1925-12-31,1983-12-28,NORM,1100500
14509,1000500,1925-12-31,1982-06-02,NORM,1100500
14525,1000500,1957-03-01,1986-09-17,NORM,1100500
14533,1000500,1925-12-31,1981-07-29,NORM,1100500
14541,1000500,1925-12-31,2025-10-31,NORM,1100500
14542,1000500,2014-04-03,2025-10-31,NORM,1100500
14568,1000500,1925-12-31,1930-02-06,NORM,1100500
14568,1000500,1931-11-16,1941-08-20,NORM,1100500
14568,1000500,1944-06-07,1945-02-28,NORM,1100500
14579,1000500,2020-01-28,2025-10-31,NORM,1100500
14592,1000500,1957-03-01,1988-02-24,NORM,1100500
14593,1000500,1982-11-18,2025-10-31,NORM,1100500
14601,1000500,2014-05-01,2018-06-04,NORM,1100500
14605,1000500,1925-12-31,1941-08-20,NORM,1100500
14613,1000500,1957-03-01,1964-04-22,NORM,1100500
14656,1000500,1969-03-06,2012-10-04,NORM,1100500
14664,1000500,1957-03-01,1966-06-01,NORM,1100500
14699,1000500,1958-03-12,1958-04-09,NORM,1100500
14702,1000500,1995-03-16,2025-10-31,NORM,1100500
14704,1000500,2017-06-02,2022-03-01,NORM,1100500
14714,1000500,2018-08-28,2025-10-31,NORM,1100500
14728,1000500,1960-03-23,1963-06-12,NORM,1100500
14736,1000500,1925-12-31,2001-10-09,NORM,1100500
14760,1000500,1957-03-01,1972-09-13,NORM,1100500
14760,1000500,1974-04-11,1981-10-28,NORM,1100500
14763,1000500,2020-09-21,2024-12-20,NORM,1100500
14776,1000500,2015-11-18,2025-10-31,NORM,1100500
14779,1000500,1957-03-01,1963-01-16,NORM,1100500
14795,1000500,1925-12-31,1950-06-30,NORM,1100500
14795,1000500,1964-02-20,2001-08-06,NORM,1100500
14816,1000500,1957-03-01,1957-08-21,NORM,1100500
14832,1000500,1957-03-01,1960-10-26,NORM,1100500
14859,1000500,1925-12-31,1981-06-24,NORM,1100500
14867,1000500,1957-03-01,1959-05-27,NORM,1100500
14867,1000500,1965-09-30,1973-05-30,NORM,1100500
14875,1000500,1941-08-20,1957-03-01,NORM,1100500
14882,1000500,2021-03-22,2025-09-19,NORM,1100500
14883,1000500,1957-03-01,1999-04-30,NORM,1100500
14889,1000500,2016-02-01,2025-10-31,NORM,1100500
14891,1000500,1957-03-01,2005-08-10,NORM,1100500
14904,1000500,1925-12-31,1969-07-15,NORM,1100500
14912,1000500,1925-12-31,1985-09-25,NORM,1100500
14939,1000500,2018-11-06,2025-10-31,NORM,1100500
14955,1000500,1925-12-31,1941-08-20,NORM,1100500
15042,1000500,1929-07-22,1941-08-20,NORM,1100500
15042,1000500,1957-03-01,1969-02-12,NORM,1100500
15069,1000500,1925-12-31,2024-11-25,NORM,1100500
15077,1000500,1987-04-09,2009-01-05,NORM,1100500
15085,1000500,1957-03-01,1958-04-09,NORM,1100500
15149,1000500,1957-03-01,1960-12-14,NORM,1100500
15149,1000500,1963-03-14,1967-08-30,NORM,1100500
15157,1000500,1957-03-01,1968-08-06,NORM,1100500
15165,1000500,1957-03-01,1963-12-04,NORM,1100500
15202,1000500,1999-07-01,2025-10-31,NORM,1100500
15237,1000500,1957-03-01,1972-01-19,NORM,1100500
15272,1000500,2021-12-20,2023-12-15,NORM,1100500
15291,1000500,2020-09-21,2024-09-20,NORM,1100500
15315,1000500,2024-06-24,2025-10-31,NORM,1100500
15317,1000500,1958-06-04,1966-12-14,NORM,1100500
15325,1000500,1925-12-31,1944-06-07,NORM,1100500
15341,1000500,1925-12-31,1968-06-11,NORM,1100500
15368,1000500,1950-07-03,2000-05-04,NORM,1100500
15401,1000500,2015-07-01,2016-06-02,NORM,1100500
15404,1000500,2015-07-02,2016-07-05,NORM,1100500
15408,1000500,2015-07-06,2025-10-31,NORM,1100500
15448,1000500,1957-03-01,1967-05-17,NORM,1100500
15456,1000500,1925-12-31,1998-12-31,NORM,1100500
15456,1000500,2016-04-04,2019-08-08,NORM,1100500
15464,1000500,1957-03-01,1967-11-29,NORM,1100500
15472,1000500,1957-03-01,2008-10-06,NORM,1100500
15480,1000500,1957-03-01,1963-10-30,NORM,1100500
15488,1000500,2015-07-20,2025-10-31,NORM,1100500
15499,1000500,1957-03-01,1969-05-28,NORM,1100500
15528,1000500,1957-03-01,1965-06-16,NORM,1100500
15536,1000500,1957-03-01,1968-01-31,NORM,1100500
15544,1000500,1957-03-01,1964-01-29,NORM,1100500
15544,1000500,1968-11-07,1975-08-13,NORM,1100500
15553,1000500,2011-12-13,2016-06-30,NORM,1100500
15560,1000500,1973-03-01,2011-06-30,NORM,1100500
15579,1000500,1959-03-25,2025-10-31,NORM,1100500
15659,1000500,1925-12-31,2001-02-06,NORM,1100500
15667,1000500,1957-03-01,2009-10-15,NORM,1100500
15704,1000500,1925-12-31,1951-09-06,NORM,1100500
15707,1000500,2015-11-02,2025-10-31,NORM,1100500
15712,1000500,1982-07-01,1986-12-17,NORM,1100500
15719,1000500,2015-11-10,2015-11-10,NORM,1100500
15720,1000500,1925-12-31,2025-10-31,NORM,1100500
15747,1000500,1972-01-20,1993-07-12,NORM,1100500
15763,1000500,1957-03-01,1985-10-09,NORM,1100500
15797,1000500,2015-11-30,2018-04-03,NORM,1100500
15819,1000500,1957-03-01,1968-09-10,NORM,1100500
15826,1000500,2025-07-23,2025-10-31,NORM,1100500
15835,1000500,1957-03-01,1968-07-23,NORM,1100500
15843,1000500,1957-03-01,1973-05-30,NORM,1100500
15850,1000500,2021-09-20,2025-10-31,NORM,1100500
15915,1000500,1957-03-01,1977-05-18,NORM,1100500
15966,1000500,1957-03-01,1999-11-30,NORM,1100500
15974,1000500,1957-03-01,1968-09-10,NORM,1100500
15980,1000500,2016-04-08,2022-06-17,NORM,1100500
16029,1000500,1968-11-07,1982-11-17,NORM,1100500
16044,1000500,2016-05-16,2016-05-16,NORM,1100500
16087,1000500,2016-07-05,2025-10-31,NORM,1100500
16088,1000500,1982-01-14,1986-05-07,NORM,1100500
16109,1000500,1925-12-31,1985-11-06,NORM,1100500
16176,1000500,1925-12-31,1929-08-01,NORM,1100500
16205,1000500,1957-03-01,1967-10-04,NORM,1100500
16256,1000500,1957-03-01,1965-12-15,NORM,1100500
16267,1000500,2016-09-07,2016-09-07,NORM,1100500
16276,1000500,2016-10-03,2016-10-03,NORM,1100500
16279,1000500,2016-10-03,2016-10-03,NORM,1100500
16280,1000500,1967-09-28,1973-11-14,NORM,1100500
16309,1000500,2025-07-18,2025-10-31,NORM,1100500
16336,1000500,1973-03-01,1982-10-20,NORM,1100500
16342,1000500,2016-10-31,2016-10-31,NORM,1100500
16343,1000500,2016-11-01,2016-11-01,NORM,1100500
16344,1000500,1957-03-01,1966-06-22,NORM,1100500
16346,1000500,2016-11-01,2016-11-01,NORM,1100500
16347,1000500,2016-11-01,2016-11-01,NORM,1100500
16360,1000500,1977-05-19,1989-01-04,NORM,1100500
16424,1000500,1960-10-26,2005-09-30,NORM,1100500
16431,1000500,2016-11-10,2016-11-10,NORM,1100500
16431,1000500,2018-12-03,2025-10-31,NORM,1100500
16432,1000500,1925-12-31,2019-02-26,NORM,1100500
16538,1000500,2017-01-17,2021-02-11,NORM,1100500
16544,1000500,2017-02-02,2017-02-02,NORM,1100500
16571,1000500,1957-03-01,1994-12-20,NORM,1100500
16581,1000500,2022-09-19,2025-10-31,NORM,1100500
16598,1000500,1957-03-01,1981-06-17,NORM,1100500
16600,1000500,1957-03-01,2025-10-31,NORM,1100500
16619,1000500,1957-03-01,1974-05-08,NORM,1100500
16651,1000500,1957-03-01,1987-12-09,NORM,1100500
16678,1000500,1957-03-01,2025-10-31,NORM,1100500
16686,1000500,1957-03-01,1968-07-23,NORM,1100500
16692,1000500,2020-03-03,2025-10-31,NORM,1100500
16707,1000500,1941-08-20,1982-09-15,NORM,1100500
16723,1000500,1957-03-01,1968-11-06,NORM,1100500
16731,1000500,1957-03-01,1977-11-02,NORM,1100500
16736,1000500,2024-05-08,2025-10-31,NORM,1100500
16758,1000500,1957-03-01,1979-01-10,NORM,1100500
16803,1000500,1957-03-01,1985-05-08,NORM,1100500
16816,1000500,2017-08-07,2019-04-02,NORM,1100500
16851,1000500,2017-09-01,2025-10-31,NORM,1100500
16870,1000500,1957-03-01,1998-06-29,NORM,1100500
16926,1000500,1957-03-01,1962-01-10,NORM,1100500
16969,1000500,1957-03-01,1975-10-15,NORM,1100500
17005,1000500,1957-03-01,2025-10-31,NORM,1100500
17013,1000500,1957-03-01,1965-11-03,NORM,1100500
17048,1000500,1957-03-01,1967-07-12,NORM,1100500
17056,1000500,1957-03-01,1963-01-16,NORM,1100500
17064,1000500,1957-03-01,1961-04-26,NORM,1100500
17099,1000500,1957-03-01,1961-06-07,NORM,1100500
17128,1000500,1932-10-03,1941-08-20,NORM,1100500
17128,1000500,1957-03-01,1986-05-07,NORM,1100500
17137,1000500,1982-04-08,1995-10-31,NORM,1100500
17144,1000500,1957-03-01,1963-03-13,NORM,1100500
17144,1000500,1969-02-13,2025-10-31,NORM,1100500
17216,1000500,1957-03-01,1960-07-13,NORM,1100500
17232,1000500,1941-08-20,1950-06-30,NORM,1100500
17232,1000500,1957-03-01,1967-07-19,NORM,1100500
17267,1000500,1967-07-13,1977-05-18,NORM,1100500
17278,1000500,1983-09-13,1994-09-26,NORM,1100500
17279,1000500,2008-06-11,2015-06-11,NORM,1100500
17291,1000500,1957-03-01,1986-11-26,NORM,1100500
17304,1000500,1957-03-01,1987-01-07,NORM,1100500
17307,1000500,2022-06-08,2025-10-31,NORM,1100500
17312,1000500,1957-03-01,1964-09-02,NORM,1100500
17340,1000500,1980-12-11,1989-02-08,NORM,1100500
17398,1000500,1957-03-01,1962-04-25,NORM,1100500
17419,1000500,1941-08-20,1944-06-07,NORM,1100500
17435,1000500,1970-04-23,1984-04-11,NORM,1100500
17451,1000500,1957-03-01,1967-06-28,NORM,1100500
17478,1000500,1957-03-01,2025-10-31,NORM,1100500
17486,1000500,1957-03-01,1961-08-02,NORM,1100500
17515,1000500,1957-03-01,1968-05-22,NORM,1100500
17558,1000500,1957-03-01,1979-07-27,NORM,1100500
17566,1000500,1957-03-01,1998-11-23,NORM,1100500
17582,1000500,1957-03-01,1963-08-28,NORM,1100500
17590,1000500,1957-03-01,1987-08-05,NORM,1100500
17603,1000500,1957-03-01,1960-10-26,NORM,1100500
17646,1000500,1957-03-01,1981-06-24,NORM,1100500
17654,1000500,1957-03-01,1967-09-27,NORM,1100500
17676,1000500,2018-05-01,2018-05-01,NORM,1100500
17689,1000500,1957-03-01,1964-01-15,NORM,1100500
17700,1000500,2021-09-20,2025-10-31,NORM,1100500
17718,1000500,1957-03-01,1968-04-03,NORM,1100500
17726,1000500,1957-03-01,2000-12-08,NORM,1100500
17742,1000500,1957-03-01,1960-02-24,NORM,1100500
17743,1000500,2019-12-05,2025-10-31,NORM,1100500
17750,1000500,1957-03-01,2025-10-31,NORM,1100500
17783,1000500,2018-05-09,2018-05-09,NORM,1100500
17806,1000500,1957-03-01,2007-03-19,NORM,1100500
17830,1000500,1957-03-01,2025-10-31,NORM,1100500
17849,1000500,1944-06-07,1947-02-26,NORM,1100500
17881,1000500,1957-03-01,1963-01-30,NORM,1100500
17929,1000500,1929-08-01,1951-09-06,NORM,1100500
17942,1000500,2022-06-21,2025-10-31,NORM,1100500
17953,1000500,1957-03-01,1986-04-23,NORM,1100500
17961,1000500,1968-04-04,2001-04-02,NORM,1100500
18016,1000500,1957-03-01,2008-11-13,NORM,1100500
18032,1000500,1957-03-01,1995-12-12,NORM,1100500
18065,1000500,2018-10-01,2018-10-01,NORM,1100500
18067,1000500,1957-03-01,1995-11-30,NORM,1100500
18091,1000500,1957-03-01,1970-04-22,NORM,1100500
18092,1000500,1990-08-23,2007-07-11,NORM,1100500
18112,1000500,1957-03-01,2000-01-28,NORM,1100500
18142,1000500,2018-10-29,2018-10-29,NORM,1100500
18143,1000500,2018-10-31,2025-10-31,NORM,1100500
18147,1000500,1957-03-01,1999-04-09,NORM,1100500
18163,1000500,1957-03-01,2025-10-31,NORM,1100500
18171,1000500,1957-03-01,1959-04-01,NORM,1100500
18198,1000500,1941-08-20,1944-06-07,NORM,1100500
18267,1000500,2024-09-23,2025-10-31,NORM,1100500
18278,1000500,1957-03-01,1990-12-04,NORM,1100500
18312,1000500,2021-07-21,2025-10-31,NORM,1100500
18315,1000500,1957-03-01,1982-09-15,NORM,1100500
18327,1000500,2019-02-08,2019-02-08,NORM,1100500
18331,1000500,1958-09-24,1978-05-03,NORM,1100500
18366,1000500,1957-03-01,1961-09-20,NORM,1100500
18374,1000500,1958-01-02,1999-12-01,NORM,1100500
18382,1000500,1950-07-03,2003-04-15,NORM,1100500
18390,1000500,1961-06-21,1968-11-06,NORM,1100500
18403,1000500,1957-03-01,2013-11-29,NORM,1100500
18411,1000500,1944-06-07,2025-10-31,NORM,1100500
18420,1000500,2019-03-19,2025-10-31,NORM,1100500
18421,1000500,2019-03-19,2025-10-31,NORM,1100500
18428,1000500,2019-04-02,2025-10-31,NORM,1100500
18446,1000500,1957-03-01,1995-05-19,NORM,1100500
18454,1000500,1957-03-01,1961-08-09,NORM,1100500
18542,1000500,1941-08-20,1954-04-20,NORM,1100500
18542,1000500,1957-03-01,2025-10-31,NORM,1100500
18550,1000500,1957-03-01,1988-05-04,NORM,1100500
18551,1000500,1991-02-13,1997-01-06,NORM,1100500
18569,1000500,1957-03-01,1988-05-04,NORM,1100500
18576,1000500,2023-12-18,2025-10-31,NORM,1100500
18578,1000500,2019-05-23,2019-05-23,NORM,1100500
18585,1000500,1957-03-01,1960-12-14,NORM,1100500
18592,1000500,2019-06-03,2025-10-31,NORM,1100500
18649,1000500,1957-07-03,1996-01-19,NORM,1100500
18681,1000500,1957-03-01,1963-03-13,NORM,1100500
18681,1000500,1964-02-20,2002-12-11,NORM,1100500
18724,1000500,2019-06-11,2025-10-31,NORM,1100500
18726,1000500,2024-06-24,2025-10-31,NORM,1100500
18729,1000500,1957-03-01,2025-10-31,NORM,1100500
18825,1000500,1957-03-01,1976-01-14,NORM,1100500
18841,1000500,1957-03-01,1968-04-03,NORM,1100500
18868,1000500,1944-06-07,1947-02-26,NORM,1100500
18884,1000500,1957-03-01,1982-06-16,NORM,1100500
18911,1000500,2025-07-09,2025-10-31,NORM,1100500
18921,1000500,1957-03-01,2000-05-04,NORM,1100500
18948,1000500,1957-03-01,1996-12-06,NORM,1100500
18980,1000500,1957-03-01,1976-06-30,NORM,1100500
18999,1000500,1957-03-01,1989-12-15,NORM,1100500
19019,1000500,1944-06-07,1950-06-30,NORM,1100500
19019,1000500,1957-03-01,1983-09-12,NORM,1100500
19027,1000500,1944-06-07,1987-02-25,NORM,1100500
19051,1000500,1979-03-01,1999-07-21,NORM,1100500
19107,1000500,1957-03-01,1964-02-19,NORM,1100500
19131,1000500,1941-08-20,1992-02-07,NORM,1100500
19166,1000500,1964-02-20,2001-12-31,NORM,1100500
19166,1000500,2009-08-19,2025-03-21,NORM,1100500
19174,1000500,1957-03-01,1971-08-18,NORM,1100500
19203,1000500,1941-08-20,1947-02-26,NORM,1100500
19203,1000500,1957-03-01,1967-04-26,NORM,1100500
19211,1000500,1957-03-01,1968-11-06,NORM,1100500
19238,1000500,1957-03-01,1985-04-17,NORM,1100500
19254,1000500,1957-03-01,1998-09-30,NORM,1100500
19270,1000500,1957-03-01,1967-04-12,NORM,1100500
19285,1000500,2020-04-03,2025-10-31,NORM,1100500
19286,1000500,2020-04-03,2025-10-31,NORM,1100500
19297,1000500,1957-03-01,1982-06-23,NORM,1100500
19334,1000500,1957-03-01,1980-10-01,NORM,1100500
19350,1000500,1957-03-01,2025-10-31,NORM,1100500
19377,1000500,1957-03-01,1998-06-30,NORM,1100500
19385,1000500,1944-06-07,1968-09-10,NORM,1100500
19393,1000500,1957-03-01,2025-10-31,NORM,1100500
19414,1000500,1967-10-05,1984-02-29,NORM,1100500
19430,1000500,1957-03-01,1973-05-30,NORM,1100500
19502,1000500,1979-10-11,2025-08-27,NORM,1100500
19510,1000500,1957-03-01,1972-09-13,NORM,1100500
19537,1000500,1925-12-31,1991-09-19,NORM,1100500
19553,1000500,1957-03-01,1998-12-31,NORM,1100500
19561,1000500,1957-03-01,2025-10-31,NORM,1100500
19583,1000500,2008-08-21,2025-10-31,NORM,1100500
19589,1000500,1991-05-22,1995-08-17,NORM,1100500
19596,1000500,1941-08-20,1994-07-12,NORM,1100500
19617,1000500,1957-03-01,1976-06-30,NORM,1100500
19625,1000500,1957-03-01,1961-06-21,NORM,1100500
19668,1000500,1957-03-01,1965-01-06,NORM,1100500
19684,1000500,1957-03-01,1969-08-06,NORM,1100500
19692,1000500,1957-03-01,2000-11-16,NORM,1100500
19713,1000500,1957-03-01,1984-08-15,NORM,1100500
19721,1000500,1989-08-24,1996-08-15,NORM,1100500
19756,1000500,1957-03-01,1976-01-14,NORM,1100500
19764,1000500,1957-03-01,1965-11-03,NORM,1100500
19764,1000500,1966-01-06,1970-03-18,NORM,1100500
19772,1000500,1957-03-01,1966-05-18,NORM,1100500
19788,1000500,2024-09-23,2025-10-31,NORM,1100500
19807,1000500,2020-10-09,2021-03-19,NORM,1100500
19828,1000500,1957-03-01,1967-11-08,NORM,1100500
19836,1000500,1957-03-01,1961-06-21,NORM,1100500
19844,1000500,1957-03-01,1967-05-17,NORM,1100500
19879,1000500,1957-12-04,1978-07-19,NORM,1100500
19887,1000500,1957-03-01,1982-10-06,NORM,1100500
19895,1000500,1957-03-01,2002-01-29,NORM,1100500
19916,1000500,1957-03-01,2000-12-08,NORM,1100500
19932,1000500,1957-03-01,1968-08-06,NORM,1100500
19940,1000500,1957-03-01,1980-04-09,NORM,1100500
19959,1000500,1957-03-01,1958-04-09,NORM,1100500
19967,1000500,1957-03-01,1962-10-24,NORM,1100500
20001,1000500,1957-03-01,1970-11-18,NORM,1100500
20036,1000500,1957-03-01,1967-02-21,NORM,1100500
20053,1000500,1997-11-28,2007-12-31,NORM,1100500
20057,1000500,2020-11-17,2025-10-31,NORM,1100500
20079,1000500,1957-03-01,1991-05-21,NORM,1100500
20095,1000500,1957-03-01,1976-12-08,NORM,1100500
20108,1000500,1957-03-01,1957-06-19,NORM,1100500
20124,1000500,1957-03-01,2003-03-28,NORM,1100500
20167,1000500,1957-03-01,1980-01-16,NORM,1100500
20189,1000500,2025-03-24,2025-10-31,NORM,1100500
20190,1000500,2023-09-18,2025-10-31,NORM,1100500
20191,1000500,2020-12-15,2020-12-18,NORM,1100500
20204,1000500,1957-03-01,2004-12-17,NORM,1100500
20220,1000500,1976-01-15,2010-03-12,NORM,1100500
20239,1000500,1957-03-01,1983-11-30,NORM,1100500
20263,1000500,1957-03-01,1985-05-08,NORM,1100500
20298,1000500,1957-03-01,1964-05-13,NORM,1100500
20343,1000500,1968-07-18,1988-04-13,NORM,1100500
20386,1000500,1957-03-01,1984-05-16,NORM,1100500
20391,1000500,2024-11-26,2025-10-31,NORM,1100500
20394,1000500,1973-03-01,1996-09-30,NORM,1100500
20407,1000500,1957-03-01,1983-08-31,NORM,1100500
20415,1000500,1961-09-06,1963-09-18,NORM,1100500
20415,1000500,1969-07-03,1976-06-30,NORM,1100500
20415,1000500,2007-08-27,2019-09-25,NORM,1100500
20431,1000500,1957-03-01,1969-07-02,NORM,1100500
20474,1000500,1966-10-13,1974-05-08,NORM,1100500
20482,1000500,1957-03-01,2025-10-31,NORM,1100500
20503,1000500,1957-06-19,1965-09-29,NORM,1100500
20511,1000500,1957-03-01,1965-01-13,NORM,1100500
20554,1000500,1957-03-01,1958-04-09,NORM,1100500
20562,1000500,1957-03-01,1995-03-15,NORM,1100500
20570,1000500,1957-03-01,1986-05-07,NORM,1100500
20583,1000500,2025-03-24,2025-10-31,NORM,1100500
20626,1000500,1954-04-20,2017-08-31,NORM,1100500
20650,1000500,1957-03-01,1958-03-12,NORM,1100500
20677,1000500,1957-03-01,1987-09-09,NORM,1100500
20714,1000500,1957-03-01,1964-02-19,NORM,1100500
20730,1000500,1957-03-01,1995-11-24,NORM,1100500
20810,1000500,1957-03-01,1957-12-31,NORM,1100500
20853,1000500,1941-08-20,2000-10-20,NORM,1100500
20892,1000500,2025-05-19,2025-10-31,NORM,1100500
20894,1000500,2025-09-22,2025-10-31,NORM,1100500
20896,1000500,1957-08-21,1983-07-06,NORM,1100500
20909,1000500,1958-04-09,1986-10-01,NORM,1100500
20976,1000500,1957-03-01,1976-06-30,NORM,1100500
20984,1000500,1957-03-01,1991-01-09,NORM,1100500
20992,1000500,1958-04-09,1975-02-05,NORM,1100500
21004,1000500,1957-03-01,2000-06-30,NORM,1100500
21020,1000500,1944-06-07,2003-03-13,NORM,1100500
21020,1000500,2015-03-23,2024-09-20,NORM,1100500
21055,1000500,1957-03-01,1994-09-30,NORM,1100500
21119,1000500,1957-03-01,1987-05-06,NORM,1100500
21124,1000500,2021-06-03,2023-10-17,NORM,1100500
21151,1000500,1957-03-01,1960-12-14,NORM,1100500
21178,1000500,1957-03-01,1975-12-10,NORM,1100500
21178,1000500,1984-07-19,2025-10-31,NORM,1100500
21186,1000500,1957-03-01,2024-07-05,NORM,1100500
21194,1000500,1958-04-23,1976-06-30,NORM,1100500
21207,1000500,1969-05-15,2025-10-31,NORM,1100500
21223,1000500,1958-06-04,1959-12-16,NORM,1100500
21231,1000500,1957-03-01,1976-06-30,NORM,1100500
21266,1000500,1958-04-09,1967-07-19,NORM,1100500
21274,1000500,1967-04-27,1994-04-15,NORM,1100500
21282,1000500,1973-03-01,1976-06-30,NORM,1100500
21290,1000500,1957-03-01,1964-01-29,NORM,1100500
21290,1000500,1987-03-05,1989-06-28,NORM,1100500
21303,1000500,1957-03-01,1984-07-18,NORM,1100500
21338,1000500,1964-01-23,1973-11-14,NORM,1100500
21346,1000500,1957-03-01,1978-10-04,NORM,1100500
21370,1000500,1945-03-01,1976-06-30,NORM,1100500
21371,1000500,1997-05-27,2025-10-31,NORM,1100500
21397,1000500,1970-04-23,2000-06-16,NORM,1100500
21418,1000500,1957-03-01,1968-09-10,NORM,1100500
21426,1000500,1957-03-01,1961-12-06,NORM,1100500
21434,1000500,1957-03-01,1968-09-10,NORM,1100500
21450,1000500,1981-10-15,1987-07-01,NORM,1100500
21469,1000500,1958-06-04,1966-12-14,NORM,1100500
21485,1000500,1976-01-15,1989-07-26,NORM,1100500
21514,1000500,1957-03-01,1999-10-25,NORM,1100500
21522,1000500,1957-03-01,1986-10-22,NORM,1100500
21530,1000500,1957-03-01,1970-04-22,NORM,1100500
21549,1000500,1957-03-01,1963-09-04,NORM,1100500
21557,1000500,1957-03-01,1987-06-24,NORM,1100500
21573,1000500,1925-12-31,2025-10-31,NORM,1100500
21645,1000500,1957-03-01,1965-02-12,NORM,1100500
21688,1000500,1957-03-01,1959-02-25,NORM,1100500
21709,1000500,1961-01-11,1984-10-03,NORM,1100500
21723,1000500,2025-09-22,2025-10-31,NORM,1100500
21768,1000500,1957-03-01,1984-06-20,NORM,1100500
21776,1000500,1944-06-07,2025-10-31,NORM,1100500
21784,1000500,1957-03-01,1960-04-20,NORM,1100500
21792,1000500,1985-07-25,2025-10-31,NORM,1100500
21821,1000500,1957-03-01,2000-01-28,NORM,1100500
21872,1000500,1957-03-01,1957-08-21,NORM,1100500
21901,1000500,1957-03-01,1965-01-06,NORM,1100500
21928,1000500,1966-12-15,1976-06-30,NORM,1100500
21936,1000500,1957-03-01,2025-10-31,NORM,1100500
21979,1000500,1957-03-01,2009-09-08,NORM,1100500
21979,1000500,2011-11-23,2012-11-30,NORM,1100500
21995,1000500,1957-03-01,1958-06-04,NORM,1100500
21995,1000500,1978-11-24,1985-07-31,NORM,1100500
22007,1000500,1957-03-01,1979-05-02,NORM,1100500
22015,1000500,1957-03-01,1961-02-08,NORM,1100500
22023,1000500,1957-03-01,1992-07-02,NORM,1100500
22032,1000500,2004-12-20,2007-09-06,NORM,1100500
22066,1000500,1986-12-04,2001-11-30,NORM,1100500
22074,1000500,1957-03-01,1965-06-16,NORM,1100500
22082,1000500,1957-03-01,1997-06-18,NORM,1100500
22103,1000500,1965-01-07,2025-10-31,NORM,1100500
22111,1000500,1973-05-31,2025-10-31,NORM,1100500
22138,1000500,1970-03-05,1976-06-30,NORM,1100500
22170,1000500,1957-08-21,1959-03-25,NORM,1100500
22170,1000500,1987-07-02,1988-06-15,NORM,1100500
22189,1000500,1970-08-13,1976-06-30,NORM,1100500
22218,1000500,1958-06-04,1966-12-14,NORM,1100500
22218,1000500,1968-02-01,1976-06-30,NORM,1100500
22242,1000500,1957-03-01,1966-05-25,NORM,1100500
22250,1000500,1979-05-03,1995-05-26,NORM,1100500
22293,1000500,1957-03-01,2025-10-31,NORM,1100500
22306,1000500,1957-03-01,1965-10-13,NORM,1100500
22330,1000500,1957-03-01,1969-03-05,NORM,1100500
22365,1000500,1963-10-31,1965-03-03,NORM,1100500
22381,1000500,1957-03-01,1963-09-04,NORM,1100500
22402,1000500,1953-06-23,1972-02-18,NORM,1100500
22410,1000500,1958-06-04,1966-12-14,NORM,1100500
22410,1000500,1967-06-29,1980-11-05,NORM,1100500
22429,1000500,1957-03-01,1973-05-30,NORM,1100500
22461,1000500,1957-03-01,1970-04-22,NORM,1100500
22488,1000500,1957-03-01,1974-04-10,NORM,1100500
22496,1000500,1957-03-01,1976-06-30,NORM,1100500
22496,1000500,1999-06-22,2000-11-30,NORM,1100500
22509,1000500,1957-03-01,2025-10-31,NORM,1100500
22517,1000500,1995-11-27,2025-10-31,NORM,1100500
22533,1000500,1960-12-14,1979-07-25,NORM,1100500
22541,1000500,1957-03-01,1976-06-30,NORM,1100500
22541,1000500,1995-02-09,2001-11-06,NORM,1100500
22568,1000500,1969-08-07,1988-10-05,NORM,1100500
22592,1000500,1957-03-01,2025-10-31,NORM,1100500
22613,1000500,1966-12-15,1976-06-30,NORM,1100500
22613,1000500,1998-11-03,2000-08-18,NORM,1100500
22621,1000500,1957-03-01,1959-07-29,NORM,1100500
22623,1000500,2022-02-02,2025-10-31,NORM,1100500
22648,1000500,1957-03-01,1984-02-29,NORM,1100500
22680,1000500,1954-04-20,2000-06-28,NORM,1100500
22699,1000500,1957-03-01,1965-06-16,NORM,1100500
22728,1000500,1957-03-01,1985-11-13,NORM,1100500
22752,1000500,1957-03-01,2025-10-31,NORM,1100500
22753,1000500,1987-02-12,1998-04-07,NORM,1100500
22760,1000500,1957-03-01,1988-07-13,NORM,1100500
22779,1000500,1957-03-01,2025-10-31,NORM,1100500
22787,1000500,1957-03-01,1970-03-18,NORM,1100500
22808,1000500,1957-03-01,1968-01-17,NORM,1100500
22840,1000500,1981-09-10,2012-06-28,NORM,1100500
22859,1000500,1947-02-26,1976-06-30,NORM,1100500
22875,1000500,1957-03-01,1962-02-14,NORM,1100500
22891,1000500,1957-03-01,1976-12-08,NORM,1100500
22891,1000500,1982-06-17,1998-08-13,NORM,1100500
22920,1000500,1963-01-31,1973-02-28,NORM,1100500
22939,1000500,1968-09-12,1969-05-14,NORM,1100500
22947,1000500,1947-02-26,1976-06-30,NORM,1100500
22947,1000500,1994-10-25,2006-03-31,NORM,1100500
22976,1000500,2022-04-11,2025-10-31,NORM,1100500
23018,1000500,1957-03-01,1974-10-16,NORM,1100500
23026,1000500,1957-07-10,2025-10-31,NORM,1100500
23050,1000500,1957-03-01,1982-06-30,NORM,1100500
23077,1000500,1957-03-01,2013-06-06,NORM,1100500
23085,1000500,2009-01-02,2018-12-31,NORM,1100500
23114,1000500,1989-08-24,2012-06-29,NORM,1100500
23130,1000500,1953-06-22,1958-06-04,NORM,1100500
23130,1000500,1959-12-16,1980-12-10,NORM,1100500
23165,1000500,1957-03-01,1960-03-23,NORM,1100500
23173,1000500,1957-03-01,1957-12-04,NORM,1100500
23210,1000500,1947-07-16,1976-06-30,NORM,1100500
23229,1000500,1947-02-26,1976-06-30,NORM,1100500
23229,1000500,1999-05-03,2025-10-31,NORM,1100500
23237,1000500,1957-03-01,1970-12-16,NORM,1100500
23253,1000500,1962-02-01,1974-10-16,NORM,1100500
23253,1000500,1982-10-21,1990-08-13,NORM,1100500
23288,1000500,1963-03-14,1964-07-15,NORM,1100500
23296,1000500,1957-03-01,1967-05-17,NORM,1100500
23309,1000500,1970-04-23,2007-10-24,NORM,1100500
23317,1000500,1951-09-06,2001-11-29,NORM,1100500
23318,1000500,2000-11-24,2006-04-19,NORM,1100500
23325,1000500,1957-03-01,1984-11-21,NORM,1100500
23341,1000500,1957-03-01,1994-09-26,NORM,1100500
23384,1000500,1957-03-01,1965-03-03,NORM,1100500
23393,1000500,2015-12-29,2025-10-31,NORM,1100500
23421,1000500,1950-07-03,1988-05-11,NORM,1100500
23448,1000500,1957-03-01,1983-05-19,NORM,1100500
23456,1000500,1957-03-01,1968-01-17,NORM,1100500
23464,1000500,1957-03-01,1981-12-09,NORM,1100500
23473,1000500,1997-12-18,2025-10-31,NORM,1100500
23480,1000500,1968-01-04,1968-07-30,NORM,1100500
23499,1000500,1957-03-01,1983-11-30,NORM,1100500
23501,1000500,2007-11-09,2016-03-29,NORM,1100500
23528,1000500,1957-03-01,1969-03-26,NORM,1100500
23536,1000500,1958-02-19,1983-11-30,NORM,1100500
23536,1000500,2008-10-31,2025-10-31,NORM,1100500
23552,1000500,1963-01-17,1994-04-05,NORM,1100500
23568,1000500,2022-12-15,2022-12-16,NORM,1100500
23570,1000500,2023-01-04,2025-10-31,NORM,1100500
23579,1000500,1963-10-17,1970-04-22,NORM,1100500
23579,1000500,1978-10-05,2025-10-31,NORM,1100500
23587,1000500,1953-06-22,1972-09-27,NORM,1100500
23616,1000500,1960-02-03,1961-09-06,NORM,1100500
23660,1000500,2001-03-01,2025-10-31,NORM,1100500
23675,1000500,1953-06-22,1958-06-04,NORM,1100500
23683,1000500,1957-03-01,1975-06-11,NORM,1100500
23712,1000500,1948-07-07,2025-10-31,NORM,1100500
23720,1000500,1957-03-01,1976-06-30,NORM,1100500
23747,1000500,1957-03-01,1957-08-21,NORM,1100500
23800,1000500,1965-01-07,1976-12-08,NORM,1100500
23819,1000500,1957-03-01,2025-10-31,NORM,1100500
23851,1000500,1957-03-01,2000-06-15,NORM,1100500
23876,1000500,2023-08-25,2025-10-31,NORM,1100500
23878,1000500,1961-06-07,1968-04-03,NORM,1100500
23886,1000500,1957-03-01,1973-05-30,NORM,1100500
23887,1000500,2001-02-27,2017-03-17,NORM,1100500
23894,1000500,1957-03-01,1975-12-10,NORM,1100500
23907,1000500,1957-03-01,1964-02-19,NORM,1100500
23915,1000500,1964-02-20,2005-12-19,NORM,1100500
23931,1000500,1949-07-06,2025-10-31,NORM,1100500
23942,1000500,2023-07-03,2023-07-05,NORM,1100500
23944,1000500,2023-07-05,2023-07-05,NORM,1100500
23990,1000500,1982-09-16,2009-04-01,NORM,1100500
24002,1000500,1957-03-01,1976-06-30,NORM,1100500
24010,1000500,1957-03-01,2025-10-31,NORM,1100500
24037,1000500,1957-03-01,1982-01-13,NORM,1100500
24046,1000500,1997-09-02,2008-07-30,NORM,1100500
24053,1000500,2018-06-05,2025-10-31,NORM,1100500
24061,1000500,1951-09-06,1966-12-14,NORM,1100500
24088,1000500,1957-03-01,1976-06-30,NORM,1100500
24096,1000500,1957-03-01,1976-06-30,NORM,1100500
24109,1000500,1951-09-06,2025-10-31,NORM,1100500
24141,1000500,1957-03-01,1985-05-22,NORM,1100500
24174,1000500,2023-10-02,2025-10-31,NORM,1100500
24175,1000500,2023-10-02,2023-10-02,NORM,1100500
24176,1000500,1957-03-01,1966-10-05,NORM,1100500
24184,1000500,1957-03-01,2002-01-31,NORM,1100500
24192,1000500,1976-07-01,1994-10-24,NORM,1100500
24205,1000500,1976-07-01,2025-10-31,NORM,1100500
24221,1000500,1930-01-06,1931-11-16,NORM,1100500
24221,1000500,1957-03-01,2012-03-13,NORM,1100500
24264,1000500,1957-03-01,2002-07-19,NORM,1100500
24272,1000500,1989-08-03,2008-11-13,NORM,1100500
24328,1000500,1957-03-01,1976-06-30,NORM,1100500
24328,1000500,2008-12-19,2018-11-12,NORM,1100500
24328,1000500,2022-10-03,2025-10-31,NORM,1100500
24336,1000500,1957-03-01,1976-03-03,NORM,1100500
24360,1000500,2000-08-21,2007-08-24,NORM,1100500
24387,1000500,1960-02-24,1965-06-16,NORM,1100500
24459,1000500,1957-03-01,2017-02-28,NORM,1100500
24504,1000500,1957-03-01,1968-07-30,NORM,1100500
24539,1000500,1957-03-01,2001-08-02,NORM,1100500
24555,1000500,1957-03-01,1982-10-06,NORM,1100500
24563,1000500,1957-03-01,2007-10-09,NORM,1100500
24571,1000500,1957-03-01,1982-12-08,NORM,1100500
24619,1000500,1957-03-01,1960-12-14,NORM,1100500
24627,1000500,1954-06-07,1974-09-11,NORM,1100500
24627,1000500,1978-08-24,1982-12-29,NORM,1100500
24635,1000500,1957-03-01,1988-11-02,NORM,1100500
24643,1000500,1957-03-01,2025-10-31,NORM,1100500
24651,1000500,1968-06-13,1976-06-30,NORM,1100500
24678,1000500,1957-03-01,2000-06-20,NORM,1100500
24707,1000500,1957-03-01,1984-04-11,NORM,1100500
24715,1000500,1984-10-04,1995-03-30,NORM,1100500
24766,1000500,1985-06-13,2025-10-31,NORM,1100500
24803,1000500,1957-03-01,2004-12-02,NORM,1100500
24811,1000500,1957-03-01,2000-09-29,NORM,1100500
24854,1000500,1957-03-01,1978-04-12,NORM,1100500
24877,1000500,2024-04-01,2025-10-31,NORM,1100500
24878,1000500,2024-04-02,2025-10-31,NORM,1100500
24889,1000500,1962-02-07,1968-01-03,NORM,1100500
24942,1000500,1957-03-01,2020-04-03,NORM,1100500
24985,1000500,1966-12-15,1976-06-30,NORM,1100500
24985,1000500,1991-09-20,2025-10-31,NORM,1100500
24993,1000500,1957-03-01,1964-02-26,NORM,1100500
25005,1000500,1957-03-01,1996-09-27,NORM,1100500
25013,1000500,1957-03-01,2009-11-03,NORM,1100500
25022,1000500,1987-10-08,1993-12-10,NORM,1100500
25056,1000500,1957-03-01,1997-08-05,NORM,1100500
25072,1000500,1957-03-01,1976-06-30,NORM,1100500
25081,1000500,1995-12-01,2024-06-21,NORM,1100500
25099,1000500,2007-02-22,2015-06-30,NORM,1100500
25128,1000500,1957-03-01,1965-01-06,NORM,1100500
25136,1000500,1957-03-01,1958-02-19,NORM,1100500
25144,1000500,1966-12-15,1976-06-30,NORM,1100500
25146,1000500,2024-07-08,2025-10-31,NORM,1100500
25160,1000500,1985-02-07,1990-03-06,NORM,1100500
25179,1000500,1958-06-11,1961-01-11,NORM,1100500
25187,1000500,1957-03-01,1961-10-25,NORM,1100500
25195,1000500,1957-03-01,1976-09-22,NORM,1100500
25216,1000500,1979-07-26,1985-04-10,NORM,1100500
25232,1000500,1957-03-01,2001-08-29,NORM,1100500
25232,1000500,2010-03-15,2025-10-31,NORM,1100500
25267,1000500,1957-03-01,2002-07-19,NORM,1100500
25320,1000500,1957-03-01,2025-10-31,NORM,1100500
25339,1000500,1960-10-26,1966-01-05,NORM,1100500
25371,1000500,1957-03-01,1996-03-12,NORM,1100500
25419,1000500,1959-04-01,2024-03-15,NORM,1100500
25434,1000500,2024-09-30,2024-12-20,NORM,1100500
25478,1000500,1964-01-16,1987-08-19,NORM,1100500
25487,1000500,1995-05-01,2006-07-31,NORM,1100500
25507,1000500,1984-07-19,1986-07-23,NORM,1100500
25515,1000500,1963-09-19,1976-01-14,NORM,1100500
25574,1000500,1960-12-14,1984-02-29,NORM,1100500
25582,1000500,1957-03-01,1963-03-13,NORM,1100500
25582,1000500,1980-06-26,1999-11-05,NORM,1100500
25582,1000500,2008-09-22,2025-10-31,NORM,1100500
25590,1000500,1972-09-28,1976-06-30,NORM,1100500
25611,1000500,1957-03-01,1966-10-05,NORM,1100500
25611,1000500,1984-06-28,1985-12-11,NORM,1100500
25646,1000500,1957-03-01,1967-07-12,NORM,1100500
25646,1000500,1988-02-11,1994-09-26,NORM,1100500
25662,1000500,1957-03-01,1982-09-15,NORM,1100500
25670,1000500,1959-05-27,1960-12-14,NORM,1100500
25689,1000500,1957-03-01,1972-09-20,NORM,1100500
25697,1000500,1957-03-01,1974-10-16,NORM,1100500
25697,1000500,1977-03-03,1982-03-10,NORM,1100500
25718,1000500,1963-03-14,1982-04-07,NORM,1100500
25742,1000500,1960-04-20,1960-12-28,NORM,1100500
25769,1000500,1984-10-04,2006-08-10,NORM,1100500
25778,1000500,1987-07-09,2018-11-05,NORM,1100500
25785,1000500,1957-03-01,2025-10-31,NORM,1100500
25873,1000500,1965-11-04,1984-10-24,NORM,1100500
25902,1000500,1965-01-07,1973-05-30,NORM,1100500
25910,1000500,1960-12-28,1994-06-30,NORM,1100500
25953,1000500,1985-10-24,2025-10-31,NORM,1100500
25988,1000500,1967-05-18,1985-11-20,NORM,1100500
26075,1000500,1966-09-29,2000-11-01,NORM,1100500
26112,1000500,1968-02-01,2005-08-18,NORM,1100500
26120,1000500,1963-01-17,1983-03-09,NORM,1100500
26155,1000500,1966-06-23,1976-03-17,NORM,1100500
26286,1000500,1976-09-23,1989-08-02,NORM,1100500
26294,1000500,1959-03-25,1974-10-16,NORM,1100500
26294,1000500,1978-10-05,1994-03-17,NORM,1100500
26307,1000500,1979-01-11,1979-12-26,NORM,1100500
26323,1000500,1959-07-29,1967-05-17,NORM,1100500
26332,1000500,2001-04-02,2004-02-26,NORM,1100500
26366,1000500,1958-04-09,1976-05-05,NORM,1100500
26382,1000500,1980-01-17,2000-12-21,NORM,1100500
26382,1000500,2008-06-23,2011-06-01,NORM,1100500
26390,1000500,1979-02-08,1989-07-26,NORM,1100500
26403,1000500,1976-07-01,2025-10-31,NORM,1100500
26438,1000500,1964-01-30,2000-12-11,NORM,1100500
26446,1000500,1959-05-27,1970-10-28,NORM,1100500
26462,1000500,1970-04-23,1977-03-30,NORM,1100500
26497,1000500,1976-07-01,1982-09-08,NORM,1100500
26518,1000500,1986-05-08,2007-10-26,NORM,1100500
26534,1000500,1971-08-19,1982-12-31,NORM,1100500
26542,1000500,1978-10-05,1996-12-11,NORM,1100500
26550,1000500,1976-07-01,1996-03-29,NORM,1100500
26569,1000500,1969-05-29,1978-12-13,NORM,1100500
26622,1000500,1963-08-29,1989-05-10,NORM,1100500
26649,1000500,1968-08-08,1989-08-02,NORM,1100500
26657,1000500,1958-12-10,2000-08-29,NORM,1100500
26681,1000500,1980-04-24,1995-11-02,NORM,1100500
26710,1000500,1995-05-10,2025-10-31,NORM,1100500
26729,1000500,1965-10-14,1997-07-31,NORM,1100500
26737,1000500,1962-10-18,1976-06-30,NORM,1100500
26737,1000500,1997-01-02,1999-09-28,NORM,1100500
26788,1000500,1966-12-15,1983-10-19,NORM,1100500
26825,1000500,1961-04-26,2025-10-31,NORM,1100500
26884,1000500,1986-05-08,1999-03-24,NORM,1100500
26921,1000500,1960-12-28,1963-03-13,NORM,1100500
26921,1000500,1968-09-12,1981-02-25,NORM,1100500
27000,1000500,1965-06-17,1976-06-30,NORM,1100500
27027,1000500,1960-12-14,1988-11-09,NORM,1100500
27043,1000500,1966-10-06,1974-10-16,NORM,1100500
27043,1000500,2007-02-12,2021-04-19,NORM,1100500
27051,1000500,1967-04-13,1999-04-01,NORM,1100500
27083,1000500,2025-08-07,2025-10-31,NORM,1100500
27086,1000500,1967-07-13,1990-12-28,NORM,1100500
27087,1000500,1991-01-10,1994-09-29,NORM,1100500
27115,1000500,1965-06-17,1997-07-01,NORM,1100500
27158,1000500,1960-07-13,1970-04-22,NORM,1100500
27174,1000500,1965-01-14,1984-10-24,NORM,1100500
27182,1000500,1961-02-08,1965-06-16,NORM,1100500
27190,1000500,1972-09-14,1985-11-20,NORM,1100500
27238,1000500,1968-09-12,1975-12-10,NORM,1100500
27263,1000500,1990-12-31,1998-04-28,NORM,1100500
27297,1000500,1965-06-17,1983-08-10,NORM,1100500
27342,1000500,1965-10-21,1981-08-12,NORM,1100500
27422,1000500,2009-12-21,2014-04-01,NORM,1100500
27430,1000500,1990-05-25,2006-07-17,NORM,1100500
27465,1000500,1961-02-08,1972-09-13,NORM,1100500
27473,1000500,1960-06-22,1988-02-10,NORM,1100500
27510,1000500,1961-08-16,1981-09-09,NORM,1100500
27537,1000500,1960-12-14,1967-07-26,NORM,1100500
27549,1000500,2025-10-30,2025-10-31,NORM,1100500
27561,1000500,1925-12-31,1966-12-14,NORM,1100500
27596,1000500,1968-01-18,1997-11-26,NORM,1100500
27617,1000500,1961-12-06,1964-02-19,NORM,1100500
27633,1000500,1982-12-30,2017-06-16,NORM,1100500
27713,1000500,1974-10-17,2008-11-21,NORM,1100500
27748,1000500,1971-06-24,1972-09-27,NORM,1100500
27749,1000500,1982-08-12,1991-10-31,NORM,1100500
27756,1000500,2006-12-01,2010-06-30,NORM,1100500
27764,1000500,1989-12-18,1997-10-06,NORM,1100500
27828,1000500,1974-10-17,2025-10-31,NORM,1100500
27836,1000500,1961-08-09,1974-05-08,NORM,1100500
27852,1000500,1967-05-18,1973-02-28,NORM,1100500
27879,1000500,1967-05-18,1973-02-28,NORM,1100500
27887,1000500,1972-09-14,2025-10-31,NORM,1100500
27916,1000500,1961-08-02,1968-05-22,NORM,1100500
27924,1000500,1968-05-23,1991-11-22,NORM,1100500
27940,1000500,1966-12-15,1989-04-26,NORM,1100500
27959,1000500,1976-07-01,2025-10-31,NORM,1100500
27983,1000500,1963-09-05,2021-03-19,NORM,1100500
27991,1000500,1999-10-04,2025-10-31,NORM,1100500
28003,1000500,1961-09-20,1978-04-12,NORM,1100500
28089,1000500,1968-04-04,1970-04-22,NORM,1100500
28118,1000500,1962-04-25,2000-06-02,NORM,1100500
28134,1000500,1962-01-10,1987-04-08,NORM,1100500
28169,1000500,1976-12-09,1979-07-25,NORM,1100500
28177,1000500,1965-06-17,1973-05-30,NORM,1100500
28222,1000500,1985-04-11,2025-10-31,NORM,1100500
28265,1000500,1965-06-17,1973-05-30,NORM,1100500
28281,1000500,1957-03-01,1961-12-06,NORM,1100500
28310,1000500,1961-12-06,2002-07-19,NORM,1100500
28345,1000500,2005-08-15,2017-07-25,NORM,1100500
28353,1000500,1963-12-05,2001-12-12,NORM,1100500
28388,1000500,2005-08-12,2023-01-04,NORM,1100500
28433,1000500,1981-12-10,1987-03-04,NORM,1100500
28484,1000500,1957-03-01,1976-06-30,NORM,1100500
28484,1000500,1984-05-17,2025-07-22,NORM,1100500
28505,1000500,1967-05-18,1987-02-11,NORM,1100500
28513,1000500,1957-03-01,1969-05-14,NORM,1100500
28548,1000500,1962-10-25,1987-10-07,NORM,1100500
28580,1000500,1963-09-05,1984-06-27,NORM,1100500
28804,1000500,2016-05-13,2023-12-15,NORM,1100500
28847,1000500,1986-12-18,2002-05-14,NORM,1100500
28994,1000500,1968-08-22,1970-06-24,NORM,1100500
29102,1000500,2000-10-18,2015-03-20,NORM,1100500
29196,1000500,1989-01-05,1997-08-06,NORM,1100500
29911,1000500,1966-05-19,1980-11-19,NORM,1100500
29946,1000500,1982-10-14,2025-10-31,NORM,1100500
29962,1000500,1968-08-01,1970-03-18,NORM,1100500
29962,1000500,1983-08-11,1988-04-13,NORM,1100500
30067,1000500,1984-08-16,1998-08-27,NORM,1100500
30330,1000500,1966-10-06,1996-02-09,NORM,1100500
30365,1000500,1977-05-19,1985-01-30,NORM,1100500
30382,1000500,1998-07-16,2007-07-06,NORM,1100500
30681,1000500,1997-12-24,2025-10-31,NORM,1100500
30912,1000500,1988-12-22,1990-10-05,NORM,1100500
30940,1000500,2008-10-02,2021-03-19,NORM,1100500
31536,1000500,1973-11-15,1998-07-09,NORM,1100500
31659,1000500,1976-07-01,1989-04-05,NORM,1100500
31763,1000500,1967-07-20,1984-08-08,NORM,1100500
32141,1000500,1970-04-23,1978-10-04,NORM,1100500
32205,1000500,1987-08-06,1998-07-15,NORM,1100500
32379,1000500,1991-11-25,2005-07-01,NORM,1100500
32475,1000500,1978-12-14,1993-11-22,NORM,1100500
32563,1000500,1989-09-21,1999-06-08,NORM,1100500
32707,1000500,1988-02-11,1999-12-30,NORM,1100500
32707,1000500,2010-03-01,2020-05-21,NORM,1100500
32791,1000500,2005-07-22,2009-02-25,NORM,1100500
32803,1000500,2018-06-18,2021-06-03,NORM,1100500
32870,1000500,2009-03-04,2025-10-31,NORM,1100500
32942,1000500,2023-10-18,2025-10-31,NORM,1100500
32986,1000500,2019-02-15,2025-10-31,NORM,1100500
33056,1000500,1976-07-01,1982-04-07,NORM,1100500
33312,1000500,1970-04-23,1989-03-07,NORM,1100500
33312,1000500,1997-07-17,1998-12-31,NORM,1100500
33785,1000500,1985-09-05,1996-04-22,NORM,1100500
33814,1000500,1969-01-09,1997-10-22,NORM,1100500
33873,1000500,1968-09-12,1981-02-25,NORM,1100500
34024,1000500,1968-11-07,1983-09-07,NORM,1100500
34032,1000500,1981-06-18,2025-10-31,NORM,1100500
34040,1000500,1966-05-19,1996-09-05,NORM,1100500
34147,1000500,1980-11-20,1995-06-30,NORM,1100500
34550,1000500,1966-05-26,1970-04-22,NORM,1100500
34746,1000500,1996-03-08,2025-10-31,NORM,1100500
34817,1000500,1985-04-18,2025-10-31,NORM,1100500
34833,1000500,1982-12-09,2025-10-31,NORM,1100500
34841,1000500,1987-12-10,1996-08-15,NORM,1100500
35044,1000500,1998-08-28,2025-10-31,NORM,1100500
35051,1000500,1987-12-31,2015-08-28,NORM,1100500
35166,1000500,1975-08-14,1985-10-23,NORM,1100500
35211,1000500,1983-03-10,1998-12-30,NORM,1100500
35238,1000500,1990-08-14,2000-03-31,NORM,1100500
35554,1000500,2004-02-27,2025-10-31,NORM,1100500
36003,1000500,2018-10-01,2025-10-31,NORM,1100500
36127,1000500,1999-01-04,2001-02-26,NORM,1100500
36397,1000500,2002-05-06,2013-06-21,NORM,1100500
36468,1000500,1964-05-14,2025-10-31,NORM,1100500
36469,1000500,1989-02-09,2008-12-31,NORM,1100500
36505,1000500,1979-07-26,1985-09-25,NORM,1100500
36978,1000500,1982-10-07,1998-11-17,NORM,1100500
37065,1000500,1986-10-09,1987-10-07,NORM,1100500
37102,1000500,1985-09-26,1994-06-06,NORM,1100500
37161,1000500,2001-10-10,2016-06-30,NORM,1100500
37284,1000500,2007-09-27,2018-09-28,NORM,1100500
37584,1000500,1998-04-29,2025-10-31,NORM,1100500
38041,1000500,1975-08-14,1983-02-02,NORM,1100500
38093,1000500,2016-05-31,2025-10-31,NORM,1100500
38156,1000500,1975-02-06,2025-10-31,NORM,1100500
38280,1000500,1986-07-24,1990-06-07,NORM,1100500
38324,1000500,1970-03-19,1982-10-13,NORM,1100500
38404,1000500,1962-09-27,1966-05-18,NORM,1100500
38455,1000500,1970-06-25,1980-06-25,NORM,1100500
38551,1000500,1975-10-16,1989-08-02,NORM,1100500
38578,1000500,1974-10-17,2004-08-02,NORM,1100500
38682,1000500,1984-07-19,2012-12-11,NORM,1100500
38703,1000500,1976-07-01,2025-10-31,NORM,1100500
38762,1000500,2000-11-02,2025-10-31,NORM,1100500
38850,1000500,1974-05-09,1995-07-28,NORM,1100500
38885,1000500,1974-05-09,1979-05-02,NORM,1100500
38893,1000500,1985-05-23,2001-01-29,NORM,1100500
38914,1000500,1965-01-07,1968-08-20,NORM,1100500
38914,1000500,1969-05-22,2001-03-30,NORM,1100500
38930,1000500,1970-04-23,1974-06-19,NORM,1100500
38973,1000500,1963-03-25,1998-01-29,NORM,1100500
39087,1000500,1972-09-28,1983-11-30,NORM,1100500
39087,1000500,1989-07-27,2013-07-08,NORM,1100500
39140,1000500,1982-10-07,1989-04-26,NORM,1100500
39263,1000500,1963-06-13,1973-02-28,NORM,1100500
39271,1000500,1968-09-12,1984-12-26,NORM,1100500
39300,1000500,1988-05-12,1990-05-24,NORM,1100500
39335,1000500,1972-09-28,1983-11-30,NORM,1100500
39394,1000500,1982-06-03,1986-12-17,NORM,1100500
39458,1000500,1968-09-12,1979-02-07,NORM,1100500
39490,1000500,1997-07-28,2025-10-31,NORM,1100500
39538,1000500,1972-09-21,1975-03-05,NORM,1100500
39538,1000500,1982-03-11,2019-06-06,NORM,1100500
39626,1000500,1964-02-27,1980-04-23,NORM,1100500
39642,1000500,1972-09-14,2025-10-31,NORM,1100500
39669,1000500,1970-04-23,1990-02-07,NORM,1100500
39765,1000500,1973-03-01,1996-03-07,NORM,1100500
39896,1000500,1969-03-06,1981-12-09,NORM,1100500
39917,1000500,1963-12-05,2025-10-31,NORM,1100500
39992,1000500,1966-06-02,1982-08-18,NORM,1100500
40010,1000500,1964-01-30,1985-09-25,NORM,1100500
40053,1000500,1976-01-15,1988-06-08,NORM,1100500
40061,1000500,1967-02-23,2007-11-15,NORM,1100500
40125,1000500,1981-05-14,2015-11-30,NORM,1100500
40125,1000500,2017-04-04,2023-10-02,NORM,1100500
40141,1000500,1975-12-11,1986-05-07,NORM,1100500
40221,1000500,1975-03-06,1991-05-06,NORM,1100500
40272,1000500,1976-03-04,2025-10-31,NORM,1100500
40301,1000500,1964-09-03,1987-12-30,NORM,1100500
40352,1000500,1973-08-02,1991-02-12,NORM,1100500
40416,1000500,1967-05-18,2015-03-20,NORM,1100500
40432,1000500,1968-07-18,1971-03-03,NORM,1100500
40483,1000500,1964-04-23,2001-01-12,NORM,1100500
40484,1000500,1997-10-23,1999-01-12,NORM,1100500
40539,1000500,1985-09-26,2025-10-31,NORM,1100500
40635,1000500,1965-12-16,1995-01-31,NORM,1100500
40723,1000500,1967-07-27,1985-02-06,NORM,1100500
40758,1000500,1964-07-16,1968-07-16,NORM,1100500
40790,1000500,1965-03-04,1980-10-01,NORM,1100500
40838,1000500,1981-09-10,2001-06-27,NORM,1100500
40854,1000500,1967-07-20,1985-07-31,NORM,1100500
41080,1000500,1965-01-07,2025-10-31,NORM,1100500
41081,1000500,1989-06-01,1995-11-30,NORM,1100500
41160,1000500,1970-10-29,1977-03-02,NORM,1100500
41179,1000500,1990-03-07,1999-07-30,NORM,1100500
41355,1000500,1985-11-07,2025-10-31,NORM,1100500
41427,1000500,1978-05-11,1989-04-05,NORM,1100500
41443,1000500,1994-12-21,2007-11-16,NORM,1100500
41478,1000500,1976-05-06,1981-04-01,NORM,1100500
41486,1000500,1974-05-09,1988-10-26,NORM,1100500
41515,1000500,1965-02-15,1970-04-22,NORM,1100500
41523,1000500,1981-05-14,1986-02-12,NORM,1100500
41662,1000500,1975-12-11,1986-12-17,NORM,1100500
41718,1000500,1976-07-01,1996-03-29,NORM,1100500
41785,1000500,1968-05-09,1974-02-20,NORM,1100500
41929,1000500,1976-07-01,1996-12-02,NORM,1100500
41953,1000500,1965-06-17,1975-02-05,NORM,1100500
42024,1000500,1970-04-23,2008-06-20,NORM,1100500
42075,1000500,1968-07-25,1975-12-10,NORM,1100500
42083,1000500,1971-03-04,2006-11-16,NORM,1100500
42091,1000500,1973-05-31,1975-08-13,NORM,1100500
42104,1000500,1989-07-20,2000-05-09,NORM,1100500
42200,1000500,1985-05-09,2025-10-31,NORM,1100500
42235,1000500,1975-08-14,1978-10-25,NORM,1100500
42323,1000500,1965-11-04,1973-06-20,NORM,1100500
42462,1000500,1986-05-08,1986-08-06,NORM,1100500
42526,1000500,1972-09-14,1985-01-30,NORM,1100500
42534,1000500,1986-05-08,2016-09-02,NORM,1100500
42550,1000500,1987-02-26,1994-03-10,NORM,1100500
42569,1000500,1967-08-31,1970-04-22,NORM,1100500
42585,1000500,2008-11-06,2025-10-31,NORM,1100500
42606,1000500,1968-04-04,1992-07-02,NORM,1100500
42657,1000500,1977-01-20,1979-10-10,NORM,1100500
42753,1000500,1987-12-31,1990-08-22,NORM,1100500
42796,1000500,1968-05-23,2011-01-03,NORM,1100500
42833,1000500,1989-03-16,1999-11-29,NORM,1100500
42877,1000500,2015-07-01,2025-10-31,NORM,1100500
42906,1000500,1997-08-06,2025-10-31,NORM,1100500
42999,1000500,1985-12-12,1986-08-20,NORM,1100500
43094,1000500,1968-01-18,1969-01-15,NORM,1100500
43123,1000500,1978-10-26,2015-07-01,NORM,1100500
43132,1000500,1980-10-02,1984-02-29,NORM,1100500
43203,1000500,1968-08-08,1979-02-07,NORM,1100500
43298,1000500,1987-09-10,1988-05-25,NORM,1100500
43318,1000500,1982-09-09,1987-07-08,NORM,1100500
43342,1000500,1985-11-14,1995-04-28,NORM,1100500
43350,1000500,1982-09-16,2025-10-31,NORM,1100500
43449,1000500,1970-06-25,2025-10-31,NORM,1100500
43502,1000500,1976-03-18,1981-05-13,NORM,1100500
43510,1000500,1972-09-21,1984-09-12,NORM,1100500
43553,1000500,1979-05-03,2024-04-02,NORM,1100500
43609,1000500,1967-07-20,1979-02-07,NORM,1100500
43610,1000500,2001-09-21,2002-07-16,NORM,1100500
43633,1000500,1968-08-22,1969-05-21,NORM,1100500
43772,1000500,1978-07-20,2014-12-04,NORM,1100500
43772,1000500,2019-06-07,2019-06-10,NORM,1100500
43916,1000500,1975-10-16,1998-06-11,NORM,1100500
44062,1000500,1967-06-29,2000-12-11,NORM,1100500
44206,1000500,2009-03-17,2025-10-31,NORM,1100500
44273,1000500,1976-01-15,1984-11-21,NORM,1100500
44329,1000500,2019-01-18,2025-03-21,NORM,1100500
44505,1000500,1968-01-18,1982-08-11,NORM,1100500
44601,1000500,1987-12-24,2025-10-31,NORM,1100500
44644,1000500,1981-02-26,2025-10-31,NORM,1100500
44652,1000500,1979-07-30,1999-06-23,NORM,1100500
44792,1000500,1984-11-08,1997-07-25,NORM,1100500
44951,1000500,1985-01-31,2012-04-30,NORM,1100500
45014,1000500,1971-12-09,1989-12-20,NORM,1100500
45065,1000500,1978-04-13,1985-12-11,NORM,1100500
45081,1000500,1967-11-09,1982-06-16,NORM,1100500
45225,1000500,1968-08-01,1972-09-20,NORM,1100500
45241,1000500,2000-11-22,2014-06-30,NORM,1100500
45277,1000500,2001-09-04,2014-06-20,NORM,1100500
45356,1000500,1989-07-27,2009-03-16,NORM,1100500
45356,1000500,2010-08-27,2025-10-31,NORM,1100500
45428,1000500,1970-04-23,1986-01-29,NORM,1100500
45495,1000500,1985-01-10,2014-08-18,NORM,1100500
45604,1000500,1968-01-18,1970-04-22,NORM,1100500
45604,1000500,1981-09-10,1989-10-04,NORM,1100500
45620,1000500,1968-01-16,1978-03-01,NORM,1100500
45663,1000500,1968-07-25,1978-05-10,NORM,1100500
45671,1000500,1981-02-26,2006-02-24,NORM,1100500
45751,1000500,1987-08-06,2025-10-31,NORM,1100500
45794,1000500,2006-10-02,2010-08-26,NORM,1100500
45911,1000500,2015-03-12,2025-10-31,NORM,1100500
45970,1000500,1982-03-11,1995-12-19,NORM,1100500
46201,1000500,1973-11-15,1977-06-29,NORM,1100500
46228,1000500,1972-01-20,1989-08-23,NORM,1100500
46252,1000500,1968-12-12,1981-09-09,NORM,1100500
46288,1000500,1990-09-20,1993-10-13,NORM,1100500
46295,1000500,1974-05-09,2000-01-28,NORM,1100500
46391,1000500,1972-09-28,1976-06-30,NORM,1100500
46391,1000500,1983-10-20,1985-07-24,NORM,1100500
46447,1000500,1971-08-19,1983-09-14,NORM,1100500
46544,1000500,1987-05-07,1989-09-20,NORM,1100500
46578,1000500,1969-01-16,2025-10-31,NORM,1100500
46594,1000500,1982-11-11,1997-06-17,NORM,1100500
46615,1000500,1982-08-19,1988-07-13,NORM,1100500
46658,1000500,1976-07-01,1995-05-09,NORM,1100500
46674,1000500,1973-11-15,2025-10-31,NORM,1100500
46682,1000500,1968-08-22,1983-12-28,NORM,1100500
46703,1000500,1970-06-25,1993-10-11,NORM,1100500
46703,1000500,2007-03-20,2025-10-31,NORM,1100500
46754,1000500,1979-02-08,1989-10-25,NORM,1100500
46850,1000500,1976-07-01,2000-12-13,NORM,1100500
46877,1000500,1975-06-12,2018-01-02,NORM,1100500
46886,1000500,1997-09-15,2025-10-31,NORM,1100500
46922,1000500,1975-12-11,2000-07-26,NORM,1100500
47028,1000500,1989-03-02,1995-02-23,NORM,1100500
47052,1000500,1972-09-28,1983-11-30,NORM,1100500
47079,1000500,1976-07-01,1998-10-07,NORM,1100500
47159,1000500,1988-11-10,2004-03-31,NORM,1100500
47175,1000500,1989-05-11,2008-03-28,NORM,1100500
47271,1000500,1987-12-10,1997-12-23,NORM,1100500
47300,1000500,1976-07-01,1993-12-30,NORM,1100500
47386,1000500,1969-03-27,1972-09-20,NORM,1100500
47466,1000500,1984-11-23,2010-12-17,NORM,1100500
47482,1000500,1970-06-25,1971-07-14,NORM,1100500
47490,1000500,1984-11-23,2000-12-11,NORM,1100500
47562,1000500,1970-03-19,1976-06-30,NORM,1100500
47626,1000500,1976-07-01,1994-03-01,NORM,1100500
47837,1000500,1988-05-05,1989-08-23,NORM,1100500
47896,1000500,1976-07-01,2025-10-31,NORM,1100500
47941,1000500,1975-12-11,2017-06-01,NORM,1100500
47992,1000500,1986-06-05,1997-12-03,NORM,1100500
48071,1000500,1976-07-01,2000-12-29,NORM,1100500
48119,1000500,1974-10-17,1976-10-20,NORM,1100500
48223,1000500,1976-07-01,1991-12-31,NORM,1100500
48258,1000500,1970-12-17,1976-06-30,NORM,1100500
48267,1000500,1995-12-13,2014-05-07,NORM,1100500
48274,1000500,1989-08-03,2011-12-12,NORM,1100500
48354,1000500,1976-07-01,1999-06-03,NORM,1100500
48397,1000500,1976-07-01,2001-08-29,NORM,1100500
48434,1000500,1972-09-21,1982-08-18,NORM,1100500
48485,1000500,1976-07-01,2006-03-31,NORM,1100500
48486,1000500,2012-06-05,2025-10-31,NORM,1100500
48506,1000500,1979-12-27,2025-10-31,NORM,1100500
48514,1000500,1988-02-11,2000-06-28,NORM,1100500
48549,1000500,1970-04-23,1985-01-09,NORM,1100500
48565,1000500,1974-06-20,1991-04-16,NORM,1100500
48653,1000500,1979-02-08,1993-03-05,NORM,1100500
48653,1000500,1995-12-01,2025-10-31,NORM,1100500
48725,1000500,1969-07-16,2025-10-31,NORM,1100500
48960,1000500,1975-12-11,2006-06-27,NORM,1100500
49015,1000500,1976-07-01,2023-09-15,NORM,1100500
49154,1000500,1976-12-09,2025-10-31,NORM,1100500
49373,1000500,1986-11-28,2020-09-18,NORM,1100500
49429,1000500,1986-10-02,2008-10-21,NORM,1100500
49592,1000500,1970-03-19,1976-06-30,NORM,1100500
49606,1000500,1985-08-01,1990-03-02,NORM,1100500
49656,1000500,1995-03-31,2025-10-31,NORM,1100500
49680,1000500,1973-05-31,1975-08-13,NORM,1100500
49680,1000500,1998-11-18,2025-10-31,NORM,1100500
49744,1000500,1970-04-23,2001-07-06,NORM,1100500
49905,1000500,1984-10-25,2008-12-01,NORM,1100500
49920,1000500,1971-07-15,1982-03-03,NORM,1100500
49955,1000500,1971-06-24,1978-10-04,NORM,1100500
50017,1000500,2007-12-21,2018-06-15,NORM,1100500
50024,1000500,1987-04-23,1998-11-02,NORM,1100500
50032,1000500,1984-11-23,2006-06-01,NORM,1100500
50156,1000500,1986-09-18,1995-07-03,NORM,1100500
50200,1000500,1993-10-01,2001-08-31,NORM,1100500
50227,1000500,1970-03-05,2010-02-12,NORM,1100500
50403,1000500,1973-05-31,1975-08-13,NORM,1100500
50404,1000500,1982-06-24,1998-09-14,NORM,1100500
50534,1000500,1974-02-21,1980-12-17,NORM,1100500
50681,1000500,1973-05-31,1976-06-30,NORM,1100500
50737,1000500,1987-03-26,1988-03-02,NORM,1100500
50876,1000500,1970-11-19,2025-10-31,NORM,1100500
50905,1000500,1989-10-26,1998-03-31,NORM,1100500
50906,1000500,1999-08-02,2007-06-29,NORM,1100500
50956,1000500,1976-07-01,1998-04-24,NORM,1100500
51027,1000500,1973-05-31,1976-06-30,NORM,1100500
51043,1000500,1988-08-11,2008-09-10,NORM,1100500
51263,1000500,2007-11-16,2009-08-31,NORM,1100500
51369,1000500,1999-11-15,2013-12-20,NORM,1100500
51369,1000500,2020-09-21,2025-10-31,NORM,1100500
51377,1000500,1976-12-09,2011-09-23,NORM,1100500
51561,1000500,1979-02-08,1989-03-15,NORM,1100500
51588,1000500,1998-01-28,2001-02-28,NORM,1100500
51596,1000500,2000-12-12,2007-05-30,NORM,1100500
51625,1000500,1986-12-18,2000-03-15,NORM,1100500
51706,1000500,2002-02-11,2011-07-05,NORM,1100500
51772,1000500,1976-07-01,1999-09-30,NORM,1100500
51799,1000500,1971-01-14,1981-05-13,NORM,1100500
51801,1000500,1973-05-31,1976-06-30,NORM,1100500
52038,1000500,1986-12-18,2025-10-31,NORM,1100500
52062,1000500,1984-04-12,1986-12-03,NORM,1100500
52070,1000500,1981-06-25,1984-10-24,NORM,1100500
52090,1000500,2003-03-21,2025-10-31,NORM,1100500
52230,1000500,2000-12-05,2024-06-21,NORM,1100500
52329,1000500,2007-10-26,2025-10-31,NORM,1100500
52337,1000500,1979-02-08,2016-04-15,NORM,1100500
52476,1000500,1997-06-19,2025-10-31,NORM,1100500
52505,1000500,1988-06-09,1995-12-29,NORM,1100500
52564,1000500,1979-05-03,1985-09-04,NORM,1100500
52695,1000500,1981-05-14,2025-10-31,NORM,1100500
52708,1000500,2005-10-04,2025-10-31,NORM,1100500
52821,1000500,1998-02-23,1999-09-17,NORM,1100500
52919,1000500,1982-04-08,2008-12-31,NORM,1100500
52978,1000500,1984-09-13,2025-10-31,NORM,1100500
53065,1000500,1992-10-30,2025-10-31,NORM,1100500
53081,1000500,1976-07-01,1997-06-10,NORM,1100500
53225,1000500,2007-12-31,2014-09-19,NORM,1100500
53401,1000500,1987-06-25,1996-10-15,NORM,1100500
53479,1000500,1988-06-09,2006-09-29,NORM,1100500
53612,1000500,1985-11-21,2001-06-29,NORM,1100500
53613,1000500,1994-09-27,2025-10-31,NORM,1100500
53786,1000500,1975-08-14,1999-07-30,NORM,1100500
53831,1000500,1977-03-31,2009-08-18,NORM,1100500
53858,1000500,1976-07-01,1995-11-30,NORM,1100500
53866,1000500,2001-08-06,2015-07-08,NORM,1100500
53903,1000500,1976-07-01,1987-04-22,NORM,1100500
53938,1000500,1995-07-05,1999-12-31,NORM,1100500
54009,1000500,1972-02-22,1972-09-27,NORM,1100500
54148,1000500,1984-04-12,2025-10-31,NORM,1100500
54181,1000500,1988-07-14,2010-07-14,NORM,1100500
54447,1000500,1986-07-17,1990-09-19,NORM,1100500
54463,1000500,1999-06-04,2000-11-03,NORM,1100500
54615,1000500,1976-07-01,1982-11-10,NORM,1100500
54690,1000500,2000-11-17,2006-04-07,NORM,1100500
54754,1000500,1985-09-26,1988-08-10,NORM,1100500
54827,1000500,1999-12-01,2013-12-09,NORM,1100500
55079,1000500,1990-06-08,1995-12-19,NORM,1100500
55212,1000500,1983-02-03,1995-07-12,NORM,1100500
55351,1000500,1984-02-16,1987-12-09,NORM,1100500
55386,1000500,1975-08-14,1982-03-10,NORM,1100500
55685,1000500,1978-04-13,1981-05-13,NORM,1100500
55976,1000500,1982-08-19,2025-10-31,NORM,1100500
56012,1000500,1976-03-04,1977-11-16,NORM,1100500
56098,1000500,1976-07-01,1978-11-22,NORM,1100500
56186,1000500,1983-02-03,1984-10-03,NORM,1100500
56223,1000500,1974-10-17,2006-11-09,NORM,1100500
56232,1000500,1994-09-27,2008-12-31,NORM,1100500
56266,1000500,1973-05-31,1998-09-30,NORM,1100500
56274,1000500,1983-09-01,2025-10-31,NORM,1100500
56450,1000500,1987-04-23,1998-10-01,NORM,1100500
56485,1000500,1973-05-31,1987-04-08,NORM,1100500
56573,1000500,1986-02-13,2025-10-31,NORM,1100500
56805,1000500,1976-07-01,1987-04-22,NORM,1100500
56864,1000500,1973-06-21,1976-06-30,NORM,1100500
56864,1000500,1982-06-17,1987-12-30,NORM,1100500
57234,1000500,1985-12-12,1987-12-23,NORM,1100500
57250,1000500,1976-07-01,1984-10-03,NORM,1100500
57381,1000500,1981-08-13,1998-07-16,NORM,1100500
57488,1000500,1975-02-06,1985-10-23,NORM,1100500
57568,1000500,1984-10-04,2025-10-31,NORM,1100500
57592,1000500,1981-06-25,1999-10-12,NORM,1100500
57665,1000500,1988-11-03,2025-10-31,NORM,1100500
57779,1000500,1974-09-12,1975-12-26,NORM,1100500
57809,1000500,2022-02-15,2025-10-31,NORM,1100500
57817,1000500,1986-08-07,2020-06-19,NORM,1100500
57904,1000500,1999-05-28,2025-10-31,NORM,1100500
58085,1000500,1981-12-10,1988-02-10,NORM,1100500
58093,1000500,1984-10-25,1987-04-22,NORM,1100500
58094,1000500,2002-07-17,2006-11-30,NORM,1100500
58246,1000500,1998-01-30,2025-10-31,NORM,1100500
58296,1000500,1975-02-06,1995-10-20,NORM,1100500
58318,1000500,2006-12-20,2008-11-05,NORM,1100500
58413,1000500,2016-02-01,2025-10-31,NORM,1100500
58464,1000500,1981-10-29,1984-11-07,NORM,1100500
58472,1000500,1991-04-17,1994-01-17,NORM,1100500
58480,1000500,1985-10-10,1996-12-18,NORM,1100500
58596,1000500,1984-08-09,1989-11-30,NORM,1100500
58640,1000500,1980-11-20,2002-07-19,NORM,1100500
58659,1000500,1975-12-29,1976-06-30,NORM,1100500
58683,1000500,1994-07-13,2025-10-31,NORM,1100500
58819,1000500,2016-07-01,2025-10-31,NORM,1100500
58827,1000500,1976-07-01,1998-09-30,NORM,1100500
58990,1000500,1978-05-04,2007-12-13,NORM,1100500
59010,1000500,1986-08-21,2022-02-02,NORM,1100500
59176,1000500,1976-07-01,2025-10-31,NORM,1100500
59184,1000500,1976-07-01,2008-11-18,NORM,1100500
59192,1000500,1976-07-01,2016-01-15,NORM,1100500
59205,1000500,1977-11-17,1989-03-01,NORM,1100500
59221,1000500,1976-07-01,1982-04-07,NORM,1100500
59248,1000500,1976-07-01,2025-10-31,NORM,1100500
59300,1000500,2016-03-07,2025-10-31,NORM,1100500
59328,1000500,1976-12-09,2025-10-31,NORM,1100500
59345,1000500,1999-12-02,2001-03-30,NORM,1100500
59379,1000500,1976-07-01,2007-06-29,NORM,1100500
59408,1000500,1976-07-01,2025-10-31,NORM,1100500
59416,1000500,1976-07-01,1985-05-15,NORM,1100500
59432,1000500,1976-07-01,1998-01-27,NORM,1100500
59440,1000500,1976-07-01,2008-09-22,NORM,1100500
59459,1000500,1976-07-01,2025-10-31,NORM,1100500
59467,1000500,1976-10-21,1993-06-30,NORM,1100500
59483,1000500,1976-07-01,1996-10-31,NORM,1100500
59707,1000500,1981-06-25,1991-04-01,NORM,1100500
59811,1000500,1981-04-02,1984-05-02,NORM,1100500
59926,1000500,1986-06-12,1998-09-25,NORM,1100500
60046,1000500,1986-10-23,1997-09-12,NORM,1100500
60097,1000500,1986-10-23,2025-10-31,NORM,1100500
60206,1000500,1982-09-16,2025-10-31,NORM,1100500
60337,1000500,1984-12-27,1989-08-23,NORM,1100500
60441,1000500,1997-08-07,2000-05-31,NORM,1100500
60442,1000500,1988-04-14,2025-10-31,NORM,1100500
60506,1000500,1980-10-02,2025-10-31,NORM,1100500
60572,1000500,1980-12-18,1984-11-21,NORM,1100500
60599,1000500,1999-03-25,2023-03-17,NORM,1100500
60628,1000500,1980-11-06,2025-10-31,NORM,1100500
60839,1000500,1988-04-14,1992-04-22,NORM,1100500
60871,1000500,1999-10-12,2025-10-31,NORM,1100500
60900,1000500,1984-03-01,1988-02-10,NORM,1100500
60943,1000500,1999-10-18,2021-12-17,NORM,1100500
60986,1000500,1989-04-27,2023-09-15,NORM,1100500
61065,1000500,1983-09-08,2005-07-21,NORM,1100500
61241,1000500,1984-06-21,2013-09-20,NORM,1100500
61241,1000500,2017-03-20,2025-10-31,NORM,1100500
61284,1000500,1984-10-04,1998-01-09,NORM,1100500
61399,1000500,1984-03-01,2025-10-31,NORM,1100500
61516,1000500,2020-06-22,2024-09-20,NORM,1100500
61583,1000500,1986-05-08,2000-11-22,NORM,1100500
61621,1000500,1998-10-01,2025-10-31,NORM,1100500
61663,1000500,1999-09-20,2001-09-20,NORM,1100500
61735,1000500,1996-04-23,2025-10-31,NORM,1100500
61743,1000500,1986-04-24,2004-12-17,NORM,1100500
61794,1000500,1980-06-17,1986-04-02,NORM,1100500
61815,1000500,2007-10-08,2020-10-09,NORM,1100500
61890,1000500,1980-04-10,1986-10-22,NORM,1100500
61970,1000500,1980-09-29,1988-12-07,NORM,1100500
62092,1000500,1997-01-02,2025-10-31,NORM,1100500
62148,1000500,1980-11-06,2025-10-31,NORM,1100500
62164,1000500,1985-05-09,1996-03-27,NORM,1100500
62252,1000500,1988-04-14,1998-12-21,NORM,1100500
62308,1000500,1989-04-27,2025-10-31,NORM,1100500
62324,1000500,1987-08-20,1999-05-27,NORM,1100500
62498,1000500,2020-05-22,2025-10-31,NORM,1100500
62519,1000500,2007-01-04,2009-12-22,NORM,1100500
62770,1000500,1999-03-10,2006-11-03,NORM,1100500
62834,1000500,1983-07-07,2006-06-05,NORM,1100500
63060,1000500,1982-03-04,2008-09-29,NORM,1100500
63096,1000500,1993-10-14,1999-10-01,NORM,1100500
63108,1000500,1983-12-29,1989-07-19,NORM,1100500
63255,1000500,1981-07-06,1985-09-11,NORM,1100500
63467,1000500,2021-09-20,2025-10-31,NORM,1100500
63765,1000500,2008-06-06,2017-04-03,NORM,1100500
63802,1000500,1986-01-09,1989-05-31,NORM,1100500
63830,1000500,2007-06-01,2016-01-29,NORM,1100500
63845,1000500,1988-10-06,1997-01-14,NORM,1100500
64020,1000500,1985-05-16,1996-12-31,NORM,1100500
64064,1000500,1985-09-12,1993-10-21,NORM,1100500
64186,1000500,1982-04-08,2025-10-31,NORM,1100500
64207,1000500,1984-05-03,1989-09-13,NORM,1100500
64282,1000500,1983-09-15,2024-09-30,NORM,1100500
64311,1000500,1982-06-03,2025-10-31,NORM,1100500
64346,1000500,1988-06-16,1999-08-12,NORM,1100500
64390,1000500,1997-08-04,2025-10-31,NORM,1100500
64451,1000500,2004-12-20,2007-10-05,NORM,1100500
64477,1000500,1985-11-21,1995-03-31,NORM,1100500
64531,1000500,1998-08-31,1999-06-30,NORM,1100500
64565,1000500,1997-06-18,2008-06-30,NORM,1100500
64629,1000500,1983-01-03,2003-08-19,NORM,1100500
64653,1000500,2005-08-19,2025-10-31,NORM,1100500
64856,1000500,1990-12-12,2001-06-22,NORM,1100500
64936,1000500,1983-05-20,2025-10-31,NORM,1100500
64995,1000500,1994-03-02,2025-10-31,NORM,1100500
65066,1000500,1987-10-08,1998-03-31,NORM,1100500
65138,1000500,1988-04-28,2004-06-30,NORM,1100500
65330,1000500,2006-04-24,2016-12-01,NORM,1100500
65402,1000500,2017-07-26,2025-10-31,NORM,1100500
65541,1000500,2016-09-23,2025-10-31,NORM,1100500
65568,1000500,1990-03-05,1998-01-16,NORM,1100500
65787,1000500,1986-01-30,2007-12-20,NORM,1100500
65816,1000500,1980-08-28,1992-08-19,NORM,1100500
65859,1000500,1983-12-01,1999-10-08,NORM,1100500
65875,1000500,1983-12-01,2025-10-31,NORM,1100500
65883,1000500,1983-12-01,2007-01-03,NORM,1100500
65947,1000500,2009-01-30,2025-10-31,NORM,1100500
66018,1000500,1983-12-01,1997-08-14,NORM,1100500
66026,1000500,1983-12-01,1997-03-31,NORM,1100500
66069,1000500,1983-12-29,1995-09-21,NORM,1100500
66093,1000500,1983-12-01,2025-10-31,NORM,1100500
66114,1000500,1986-12-18,2007-12-28,NORM,1100500
66122,1000500,1983-12-01,2000-07-05,NORM,1100500
66157,1000500,1995-10-23,2025-10-31,NORM,1100500
66181,1000500,1988-03-03,2025-10-31,NORM,1100500
66325,1000500,1998-07-01,2014-04-30,NORM,1100500
66384,1000500,2009-07-01,2025-10-31,NORM,1100500
66800,1000500,1980-02-14,2025-10-31,NORM,1100500
67467,1000500,1998-01-20,2013-02-13,NORM,1100500
67571,1000500,1996-03-13,1998-06-30,NORM,1100500
67598,1000500,2008-03-31,2025-10-31,NORM,1100500
68049,1000500,1989-09-14,1996-12-31,NORM,1100500
68144,1000500,1988-05-05,2019-12-06,NORM,1100500
68304,1000500,1998-07-01,2008-05-30,NORM,1100500
68347,1000500,1988-02-25,2002-05-03,NORM,1100500
68523,1000500,1962-02-14,1966-10-12,NORM,1100500
68591,1000500,1989-12-01,2017-01-04,NORM,1100500
68857,1000500,2010-12-20,2016-06-23,NORM,1100500
69024,1000500,1986-04-03,1989-01-11,NORM,1100500
69032,1000500,1995-09-22,2025-10-31,NORM,1100500
69550,1000500,2004-04-23,2020-11-16,NORM,1100500
69607,1000500,1996-08-16,2000-11-21,NORM,1100500
69649,1000500,2017-03-20,2025-10-31,NORM,1100500
69796,1000500,2005-07-05,2025-10-31,NORM,1100500
70033,1000500,2000-01-31,2020-06-19,NORM,1100500
70092,1000500,1989-03-08,2009-12-18,NORM,1100500
70229,1000500,1984-10-25,2000-06-07,NORM,1100500
70308,1000500,2009-09-09,2016-05-20,NORM,1100500
70332,1000500,1997-07-28,2019-08-08,NORM,1100500
70376,1000500,1985-01-31,1996-12-31,NORM,1100500
70500,1000500,1998-10-08,2016-05-27,NORM,1100500
70519,1000500,1988-05-26,2025-10-31,NORM,1100500
70536,1000500,1994-09-21,2015-11-18,NORM,1100500
70578,1000500,1989-01-12,2025-10-31,NORM,1100500
71001,1000500,1989-04-06,1996-05-30,NORM,1100500
71175,1000500,1994-03-11,2021-09-17,NORM,1100500
71298,1000500,1993-11-15,2002-07-19,NORM,1100500
71563,1000500,1997-12-04,2025-10-31,NORM,1100500
71686,1000500,1999-03-01,2004-10-29,NORM,1100500
71765,1000500,1987-07-09,1997-05-23,NORM,1100500
71889,1000500,1988-12-08,1990-08-31,NORM,1100500
71984,1000500,1995-05-30,1999-09-30,NORM,1100500
72726,1000500,1997-08-15,2025-10-31,NORM,1100500
73139,1000500,2000-12-12,2025-10-31,NORM,1100500
73940,1000500,2000-12-11,2007-01-09,NORM,1100500
74617,1000500,1984-03-01,1997-08-29,NORM,1100500
75030,1000500,1985-08-01,1999-03-09,NORM,1100500
75034,1000500,1987-04-09,2025-10-31,NORM,1100500
75100,1000500,2000-06-21,2021-01-06,NORM,1100500
75107,1000500,2018-05-31,2022-12-21,NORM,1100500
75154,1000500,1998-12-22,2025-10-31,NORM,1100500
75175,1000500,1996-12-03,2009-12-18,NORM,1100500
75181,1000500,1987-08-20,2002-07-19,NORM,1100500
75186,1000500,1997-06-02,2025-10-31,NORM,1100500
75224,1000500,2006-02-01,2017-03-15,NORM,1100500
75241,1000500,2008-09-24,2024-05-07,NORM,1100500
75257,1000500,1995-07-03,2011-12-20,NORM,1100500
75333,1000500,1993-11-23,2006-03-31,NORM,1100500
75341,1000500,2017-07-26,2022-09-30,NORM,1100500
75423,1000500,1988-10-27,1999-02-26,NORM,1100500
75489,1000500,1998-10-07,2017-09-15,NORM,1100500
75510,1000500,1997-05-06,2025-10-31,NORM,1100500
75573,1000500,1999-06-24,2010-12-17,NORM,1100500
75577,1000500,2000-04-18,2015-12-28,NORM,1100500
75591,1000500,2019-08-09,2025-10-31,NORM,1100500
75592,1000500,2002-01-17,2016-02-19,NORM,1100500
75607,1000500,2003-03-31,2025-10-31,NORM,1100500
75625,1000500,1995-05-22,2001-08-03,NORM,1100500
75646,1000500,1992-02-10,2015-03-20,NORM,1100500
75647,1000500,1989-06-29,1999-06-21,NORM,1100500
75694,1000500,2021-08-30,2025-10-31,NORM,1100500
75789,1000500,1992-01-02,2008-09-10,NORM,1100500
75819,1000500,2009-03-04,2025-10-31,NORM,1100500
75825,1000500,2000-11-02,2025-10-31,NORM,1100500
75828,1000500,2002-07-22,2025-10-31,NORM,1100500
75857,1000500,1998-12-31,2007-10-01,NORM,1100500
75912,1000500,1997-04-01,2006-12-29,NORM,1100500
75912,1000500,2021-04-20,2025-10-31,NORM,1100500
76070,1000500,1992-07-06,1997-07-16,NORM,1100500
76076,1000500,1993-12-31,2025-10-31,NORM,1100500
76082,1000500,2008-06-23,2025-10-31,NORM,1100500
76090,1000500,1990-02-08,2008-01-28,NORM,1100500
76095,1000500,2016-03-30,2025-10-31,NORM,1100500
76122,1000500,1990-12-05,1997-07-25,NORM,1100500
76129,1000500,1996-01-02,2000-07-27,NORM,1100500
76149,1000500,1998-11-13,2015-01-26,NORM,1100500
76171,1000500,1993-09-01,2006-11-17,NORM,1100500
76185,1000500,2020-06-22,2025-10-31,NORM,1100500
76201,1000500,1999-11-08,2022-02-14,NORM,1100500
76226,1000500,1994-09-30,2025-08-06,NORM,1100500
76230,1000500,2021-01-21,2025-10-31,NORM,1100500
76240,1000500,2002-05-15,2010-04-29,NORM,1100500
76282,1000500,2003-02-24,2017-08-07,NORM,1100500
76285,1000500,1990-09-04,1991-12-31,NORM,1100500
76512,1000500,1995-04-03,1999-12-07,NORM,1100500
76557,1000500,1992-04-23,2005-12-30,NORM,1100500
76563,1000500,1998-07-10,1999-05-27,NORM,1100500
76565,1000500,2001-11-07,2007-03-01,NORM,1100500
76597,1000500,1998-09-15,2000-12-11,NORM,1100500
76605,1000500,1997-01-02,2025-10-31,NORM,1100500
76608,1000500,1991-04-02,1995-02-08,NORM,1100500
76614,1000500,2013-05-01,2025-10-31,NORM,1100500
76619,1000500,2005-08-30,2013-05-08,NORM,1100500
76624,1000500,2001-08-03,2007-06-29,NORM,1100500
76625,1000500,2008-11-17,2011-10-14,NORM,1100500
76638,1000500,2001-12-17,2009-03-03,NORM,1100500
76639,1000500,2008-01-02,2019-09-20,NORM,1100500
76644,1000500,1991-05-07,2014-07-01,NORM,1100500
76656,1000500,2000-06-16,2007-05-31,NORM,1100500
76708,1000500,2009-06-09,2012-09-28,NORM,1100500
76709,1000500,2017-01-05,2025-10-31,NORM,1100500
76712,1000500,1998-10-02,2025-10-31,NORM,1100500
76744,1000500,2013-09-23,2025-10-31,NORM,1100500
76754,1000500,1996-02-12,1998-08-28,NORM,1100500
76757,1000500,2000-12-11,2008-06-10,NORM,1100500
76795,1000500,2019-12-23,2025-10-31,NORM,1100500
76804,1000500,1996-07-19,2008-10-30,NORM,1100500
76841,1000500,2003-11-13,2025-10-31,NORM,1100500
76887,1000500,1999-08-02,2008-12-04,NORM,1100500
77037,1000500,2019-12-09,2025-10-31,NORM,1100500
77063,1000500,1998-09-28,2007-11-08,NORM,1100500
77129,1000500,2006-04-03,2025-10-31,NORM,1100500
77150,1000500,2004-08-03,2006-11-09,NORM,1100500
77157,1000500,1997-08-01,2000-12-08,NORM,1100500
77157,1000500,2009-01-02,2016-12-01,NORM,1100500
77173,1000500,2000-12-12,2002-08-20,NORM,1100500
77178,1000500,1999-07-22,2025-10-31,NORM,1100500
77182,1000500,2011-12-19,2021-09-17,NORM,1100500
77274,1000500,2004-07-01,2025-10-31,NORM,1100500
77281,1000500,2006-01-03,2017-08-28,NORM,1100500
77284,1000500,1998-04-01,2005-08-12,NORM,1100500
77338,1000500,2009-12-23,2025-10-31,NORM,1100500
77357,1000500,2017-03-16,2025-10-31,NORM,1100500
77418,1000500,1999-01-04,2018-06-19,NORM,1100500
77462,1000500,1995-12-01,2020-04-03,NORM,1100500
77481,1000500,1999-10-26,2012-05-24,NORM,1100500
77496,1000500,2013-12-23,2025-10-31,NORM,1100500
77546,1000500,1994-09-27,2007-09-24,NORM,1100500
77605,1000500,1995-02-24,2025-10-31,NORM,1100500
77606,1000500,1998-08-14,2020-09-18,NORM,1100500
77644,1000500,1996-04-01,2000-01-05,NORM,1100500
77649,1000500,2019-12-23,2025-10-31,NORM,1100500
77659,1000500,1999-10-01,2017-07-25,NORM,1100500
77661,1000500,2005-07-05,2025-10-31,NORM,1100500
77668,1000500,2003-09-26,2018-12-21,NORM,1100500
77702,1000500,2000-06-08,2025-10-31,NORM,1100500
77730,1000500,2005-08-11,2025-10-31,NORM,1100500
77768,1000500,1992-07-06,2018-10-30,NORM,1100500
77976,1000500,2008-12-23,2011-02-28,NORM,1100500
78034,1000500,2005-10-11,2018-03-16,NORM,1100500
78083,1000500,1998-10-02,2004-12-28,NORM,1100500
78139,1000500,1999-01-04,2011-12-30,NORM,1100500
78263,1000500,1998-10-01,2004-06-30,NORM,1100500
78788,1000500,1996-08-16,1997-12-17,NORM,1100500
78840,1000500,2006-12-01,2008-08-20,NORM,1100500
78877,1000500,2006-03-03,2018-03-16,NORM,1100500
78916,1000500,1999-04-12,2020-05-11,NORM,1100500
78927,1000500,2007-03-23,2009-03-27,NORM,1100500
78946,1000500,1993-07-13,1997-05-30,NORM,1100500
78968,1000500,1990-10-08,1997-08-01,NORM,1100500
78975,1000500,2000-12-11,2025-10-31,NORM,1100500
78987,1000500,2007-09-07,2025-10-31,NORM,1100500
79041,1000500,1993-03-08,1993-08-31,NORM,1100500
79057,1000500,2002-01-30,2008-07-17,NORM,1100500
79057,1000500,2010-07-15,2025-10-31,NORM,1100500
79089,1000500,2012-04-04,2016-01-04,NORM,1100500
79094,1000500,2001-01-30,2014-11-04,NORM,1100500
79094,1000500,2023-12-18,2025-10-31,NORM,1100500
79103,1000500,2009-03-27,2025-10-31,NORM,1100500
79108,1000500,2000-06-21,2007-06-29,NORM,1100500
79119,1000500,1994-04-18,1996-07-18,NORM,1100500
79129,1000500,2007-07-02,2008-11-12,NORM,1100500
79129,1000500,2013-12-10,2018-08-27,NORM,1100500
79145,1000500,2014-12-05,2025-10-31,NORM,1100500
79212,1000500,2004-12-29,2010-06-25,NORM,1100500
79237,1000500,1999-12-31,2008-12-18,NORM,1100500
79237,1000500,2013-10-29,2017-07-25,NORM,1100500
79250,1000500,1992-07-06,1998-10-01,NORM,1100500
79265,1000500,2009-01-02,2021-05-13,NORM,1100500
79323,1000500,1995-07-13,2025-10-31,NORM,1100500
79411,1000500,2012-10-05,2015-03-11,NORM,1100500
79452,1000500,2022-04-04,2025-10-31,NORM,1100500
79545,1000500,2011-12-19,2025-03-21,NORM,1100500
79547,1000500,2001-12-03,2025-10-31,NORM,1100500
79588,1000500,2014-03-24,2016-03-04,NORM,1100500
79637,1000500,2014-09-22,2025-10-31,NORM,1100500
79678,1000500,2015-08-31,2023-10-17,NORM,1100500
79686,1000500,2024-03-18,2025-10-31,NORM,1100500
79698,1000500,2017-04-05,2025-10-31,NORM,1100500
79718,1000500,2000-06-29,2006-01-03,NORM,1100500
79764,1000500,1993-10-12,1998-05-20,NORM,1100500
79782,1000500,2017-03-02,2025-10-31,NORM,1100500
79785,1000500,2019-09-26,2025-10-31,NORM,1100500
79879,1000500,2000-07-27,2013-12-20,NORM,1100500
79881,1000500,2010-02-08,2017-03-17,NORM,1100500
79906,1000500,2017-02-28,2025-10-31,NORM,1100500
79915,1000500,2010-12-20,2019-02-14,NORM,1100500
79973,1000500,1998-04-27,2006-07-31,NORM,1100500
80055,1000500,2000-04-03,2005-07-01,NORM,1100500
80080,1000500,1994-01-04,2025-10-31,NORM,1100500
80094,1000500,1994-04-06,1999-06-29,NORM,1100500
80100,1000500,2002-06-26,2025-10-31,NORM,1100500
80183,1000500,2016-12-02,2025-10-31,NORM,1100500
80191,1000500,2016-07-01,2025-10-31,NORM,1100500
80204,1000500,2014-07-02,2025-10-31,NORM,1100500
80266,1000500,2000-12-12,2011-01-14,NORM,1100500
80286,1000500,2014-01-24,2025-10-31,NORM,1100500
80303,1000500,2008-07-01,2011-12-16,NORM,1100500
80320,1000500,2018-07-02,2025-10-31,NORM,1100500
80381,1000500,2007-01-10,2025-10-31,NORM,1100500
80399,1000500,2013-05-09,2019-12-20,NORM,1100500
80406,1000500,2003-07-17,2011-06-02,NORM,1100500
80410,1000500,1994-03-18,1998-08-10,NORM,1100500
80411,1000500,1976-07-01,1979-02-28,NORM,1100500
80470,1000500,1999-11-16,2003-09-25,NORM,1100500
80506,1000500,1998-06-12,1999-06-24,NORM,1100500
80515,1000500,2002-02-01,2003-02-21,NORM,1100500
80539,1000500,2018-03-19,2019-10-02,NORM,1100500
80563,1000500,2021-03-22,2022-09-16,NORM,1100500
80599,1000500,1998-01-12,2008-09-16,NORM,1100500
80678,1000500,1996-01-22,1999-11-12,NORM,1100500
80681,1000500,2014-04-02,2025-10-31,NORM,1100500
80694,1000500,1994-10-03,1997-05-05,NORM,1100500
80711,1000500,2003-03-14,2020-12-18,NORM,1100500
80913,1000500,2004-04-02,2010-02-05,NORM,1100500
81045,1000500,2015-04-07,2025-10-31,NORM,1100500
81055,1000500,1998-07-01,2025-10-31,NORM,1100500
81061,1000500,1999-01-13,2025-10-31,NORM,1100500
81126,1000500,1996-12-19,2006-04-21,NORM,1100500
81138,1000500,2002-05-15,2013-06-28,NORM,1100500
81193,1000500,1995-02-01,2000-06-12,NORM,1100500
81262,1000500,2004-03-25,2007-03-22,NORM,1100500
81285,1000500,2002-05-13,2008-06-05,NORM,1100500
81481,1000500,2011-12-19,2025-10-31,NORM,1100500
81540,1000500,2001-08-30,2025-10-31,NORM,1100500
81593,1000500,1997-07-02,2008-09-29,NORM,1100500
81655,1000500,1995-05-30,2025-10-31,NORM,1100500
81677,1000500,2019-02-27,2025-10-31,NORM,1100500
81696,1000500,2017-03-13,2023-06-16,NORM,1100500
81736,1000500,2017-07-26,2025-10-31,NORM,1100500
81774,1000500,1995-07-31,2025-10-31,NORM,1100500
81776,1000500,2007-05-31,2011-12-16,NORM,1100500
81857,1000500,2008-01-29,2016-04-01,NORM,1100500
82196,1000500,2009-04-02,2015-03-20,NORM,1100500
82276,1000500,2022-11-01,2025-10-31,NORM,1100500
82298,1000500,2009-02-26,2016-09-30,NORM,1100500
82303,1000500,2017-06-19,2025-10-31,NORM,1100500
82307,1000500,2008-07-31,2025-10-31,NORM,1100500
82308,1000500,1996-10-16,2000-07-14,NORM,1100500
82309,1000500,1995-11-01,1998-06-12,NORM,1100500
82486,1000500,2024-09-23,2025-10-31,NORM,1100500
82515,1000500,2020-10-07,2025-10-31,NORM,1100500
82581,1000500,2015-03-18,2025-10-31,NORM,1100500
82598,1000500,1999-06-25,2025-10-31,NORM,1100500
82618,1000500,2006-04-20,2016-05-12,NORM,1100500
82642,1000500,2006-01-05,2025-10-31,NORM,1100500
82643,1000500,1999-08-13,2012-09-28,NORM,1100500
82647,1000500,1995-11-03,2000-03-31,NORM,1100500
82651,1000500,2002-01-02,2025-10-31,NORM,1100500
82686,1000500,1999-12-01,2022-09-30,NORM,1100500
82694,1000500,2025-09-22,2025-10-31,NORM,1100500
82705,1000500,1989-04-06,1992-10-29,NORM,1100500
82775,1000500,1995-12-20,2025-10-31,NORM,1100500
82776,1000500,1995-12-20,1998-02-20,NORM,1100500
82959,1000500,1995-08-18,2002-02-08,NORM,1100500
83011,1000500,2025-03-24,2025-10-31,NORM,1100500
83111,1000500,2012-05-25,2021-07-20,NORM,1100500
83143,1000500,2009-01-06,2025-10-31,NORM,1100500
83332,1000500,1996-10-01,2006-11-30,NORM,1100500
83413,1000500,2000-05-05,2002-05-10,NORM,1100500
83421,1000500,2006-04-03,2013-05-23,NORM,1100500
83435,1000500,1999-12-08,2017-06-16,NORM,1100500
83440,1000500,1998-04-08,2000-12-01,NORM,1100500
83443,1000500,2010-02-16,2025-10-31,NORM,1100500
83462,1000500,1996-05-31,2004-03-24,NORM,1100500
83583,1000500,1999-06-09,2004-11-30,NORM,1100500
83596,1000500,1998-08-11,2008-08-26,NORM,1100500
83597,1000500,2021-12-20,2025-10-31,NORM,1100500
83601,1000500,1988-07-14,2004-12-17,NORM,1100500
83621,1000500,2017-06-19,2025-07-17,NORM,1100500
83630,1000500,2000-11-06,2001-08-31,NORM,1100500
83693,1000500,2000-05-05,2006-01-31,NORM,1100500
83699,1000500,2007-10-29,2012-12-21,NORM,1100500
83862,1000500,2004-04-01,2020-10-06,NORM,1100500
83906,1000500,2008-11-19,2018-11-30,NORM,1100500
83976,1000500,2007-03-29,2013-12-20,NORM,1100500
83981,1000500,2000-12-01,2005-12-01,NORM,1100500
83988,1000500,1996-09-30,1998-03-31,NORM,1100500
84001,1000500,2001-02-07,2007-03-28,NORM,1100500
84020,1000500,1996-11-01,2010-02-26,NORM,1100500
84032,1000500,2005-03-14,2021-09-17,NORM,1100500
84036,1000500,2000-03-16,2007-03-30,NORM,1100500
84129,1000500,2001-06-25,2024-03-15,NORM,1100500
84176,1000500,2005-12-20,2008-06-30,NORM,1100500
84262,1000500,2022-12-22,2025-10-31,NORM,1100500
84342,1000500,2001-06-04,2011-12-16,NORM,1100500
84372,1000500,2000-01-03,2007-09-28,NORM,1100500
84373,1000500,2002-12-12,2025-10-31,NORM,1100500
84375,1000500,1996-12-12,1999-11-04,NORM,1100500
84381,1000500,1996-12-09,2025-10-31,NORM,1100500
84519,1000500,2001-08-30,2009-12-18,NORM,1100500
84761,1000500,2018-03-19,2025-10-31,NORM,1100500
84767,1000500,2017-03-20,2025-10-31,NORM,1100500
84769,1000500,2008-09-30,2025-10-31,NORM,1100500
84788,1000500,2005-11-21,2025-10-31,NORM,1100500
85032,1000500,2000-07-06,2011-03-31,NORM,1100500
85035,1000500,2015-06-12,2024-12-20,NORM,1100500
85058,1000500,2006-04-03,2025-10-31,NORM,1100500
85072,1000500,2007-02-02,2025-10-31,NORM,1100500
85073,1000500,1997-06-11,2005-09-30,NORM,1100500
85238,1000500,2001-10-10,2007-02-09,NORM,1100500
85257,1000500,2013-09-23,2025-10-31,NORM,1100500
85265,1000500,2015-03-23,2021-03-19,NORM,1100500
85269,1000500,2004-04-29,2025-10-31,NORM,1100500
85271,1000500,2007-07-09,2009-03-03,NORM,1100500
85348,1000500,1997-10-07,2025-10-31,NORM,1100500
85459,1000500,2007-03-02,2025-10-31,NORM,1100500
85516,1000500,2000-10-23,2005-03-11,NORM,1100500
85522,1000500,2001-01-02,2006-05-17,NORM,1100500
85592,1000500,2011-06-03,2025-10-31,NORM,1100500
85593,1000500,2014-07-01,2019-12-20,NORM,1100500
85599,1000500,2000-07-17,2001-06-01,NORM,1100500
85621,1000500,2016-09-06,2025-10-31,NORM,1100500
85631,1000500,1989-12-21,2025-10-31,NORM,1100500
85663,1000500,2014-09-22,2025-10-31,NORM,1100500
85675,1000500,2016-12-02,2018-10-10,NORM,1100500
85753,1000500,2006-02-01,2025-10-31,NORM,1100500
85792,1000500,2009-07-01,2025-10-31,NORM,1100500
85869,1000500,1996-07-22,1999-08-06,NORM,1100500
85908,1000500,1998-04-01,2000-12-08,NORM,1100500
85913,1000500,1998-05-21,2025-10-31,NORM,1100500
85914,1000500,1999-06-30,2025-10-31,NORM,1100500
85926,1000500,1998-04-01,2023-12-15,NORM,1100500
85963,1000500,2000-07-03,2016-01-29,NORM,1100500
85991,1000500,2014-11-05,2017-10-12,NORM,1100500
86021,1000500,2004-12-01,2019-06-28,NORM,1100500
86041,1000500,2000-01-06,2000-10-02,NORM,1100500
86102,1000500,2003-04-16,2012-12-31,NORM,1100500
86111,1000500,2007-11-19,2025-10-31,NORM,1100500
86136,1000500,1998-06-30,2025-10-31,NORM,1100500
86158,1000500,2006-11-17,2025-10-31,NORM,1100500
86176,1000500,2000-10-03,2010-12-17,NORM,1100500
86228,1000500,2008-12-05,2025-10-31,NORM,1100500
86239,1000500,1957-03-01,1972-01-19,NORM,1100500
86288,1000500,2022-09-19,2025-10-31,NORM,1100500
86305,1000500,2000-06-13,2009-12-18,NORM,1100500
86314,1000500,2001-09-04,2018-09-14,NORM,1100500
86326,1000500,1999-09-29,2001-10-09,NORM,1100500
86339,1000500,2012-03-14,2025-10-31,NORM,1100500
86356,1000500,2002-07-22,2025-10-31,NORM,1100500
86414,1000500,1998-11-24,2004-04-22,NORM,1100500
86496,1000500,2000-01-31,2002-06-25,NORM,1100500
86580,1000500,2001-11-30,2025-10-31,NORM,1100500
86591,1000500,1999-05-28,2005-10-10,NORM,1100500
86725,1000500,2008-11-24,2014-01-23,NORM,1100500
86756,1000500,2001-05-14,2010-02-26,NORM,1100500
86783,1000500,2009-11-06,2025-10-31,NORM,1100500
86799,1000500,2006-06-28,2016-03-03,NORM,1100500
86845,1000500,2006-06-06,2008-03-28,NORM,1100500
86868,1000500,2002-07-22,2025-10-31,NORM,1100500
86946,1000500,2002-09-04,2017-07-25,NORM,1100500
86964,1000500,2010-12-20,2025-10-31,NORM,1100500
86976,1000500,1997-01-15,2002-07-24,NORM,1100500
86979,1000500,2006-06-02,2025-07-08,NORM,1100500
86996,1000500,2017-09-01,2025-10-31,NORM,1100500
87029,1000500,1999-08-09,2002-08-30,NORM,1100500
87034,1000500,2024-12-23,2025-10-31,NORM,1100500
87055,1000500,1993-10-22,2025-10-31,NORM,1100500
87070,1000500,2007-02-15,2015-11-02,NORM,1100500
87127,1000500,1989-08-24,1999-10-15,NORM,1100500
87137,1000500,2000-08-30,2025-10-31,NORM,1100500
87184,1000500,2009-07-27,2019-07-12,NORM,1100500
87267,1000500,2011-04-04,2025-10-31,NORM,1100500
87292,1000500,1999-11-05,2010-11-16,NORM,1100500
87299,1000500,2007-07-12,2025-10-31,NORM,1100500
87356,1000500,2025-03-24,2025-10-31,NORM,1100500
87432,1000500,2000-06-05,2025-10-31,NORM,1100500
87445,1000500,2020-06-22,2025-10-31,NORM,1100500
87447,1000500,2002-07-22,2025-10-31,NORM,1100500
87536,1000500,2001-06-28,2004-04-28,NORM,1100500
87541,1000500,2017-07-26,2025-10-31,NORM,1100500
87657,1000500,2011-04-01,2025-10-31,NORM,1100500
87717,1000500,2007-10-10,2025-10-31,NORM,1100500
87800,1000500,2000-07-28,2002-08-13,NORM,1100500
87842,1000500,2000-12-11,2025-10-31,NORM,1100500
88031,1000500,2012-06-29,2025-10-31,NORM,1100500
88182,1000500,2022-06-21,2025-10-31,NORM,1100500
88281,1000500,2021-05-14,2025-10-31,NORM,1100500
88313,1000500,2000-07-13,2011-11-22,NORM,1100500
88319,1000500,2000-06-29,2005-12-30,NORM,1100500
88352,1000500,2008-06-02,2025-10-31,NORM,1100500
88388,1000500,1998-06-15,2000-06-15,NORM,1100500
88436,1000500,2015-01-27,2017-03-01,NORM,1100500
88446,1000500,2015-11-19,2024-06-21,NORM,1100500
88587,1000500,2000-10-02,2007-10-25,NORM,1100500
88590,1000500,2008-12-02,2017-04-04,NORM,1100500
88601,1000500,2001-04-03,2003-07-16,NORM,1100500
88661,1000500,2004-09-01,2025-10-31,NORM,1100500
88664,1000500,2018-11-13,2025-10-31,NORM,1100500
88668,1000500,2002-08-14,2018-06-06,NORM,1100500
88837,1000500,2012-12-12,2025-10-31,NORM,1100500
88845,1000500,2000-12-14,2018-11-30,NORM,1100500
88853,1000500,2000-12-22,2019-06-03,NORM,1100500
88860,1000500,2017-06-19,2025-10-31,NORM,1100500
88873,1000500,2016-04-25,2025-10-31,NORM,1100500
88991,1000500,2006-11-20,2014-09-19,NORM,1100500
89001,1000500,2001-07-09,2004-10-26,NORM,1100500
89002,1000500,2013-12-23,2020-06-19,NORM,1100500
89003,1000500,2006-11-10,2025-10-31,NORM,1100500
89004,1000500,2009-06-05,2017-01-13,NORM,1100500
89006,1000500,2007-04-02,2025-10-31,NORM,1100500
89014,1000500,2001-07-02,2018-11-30,NORM,1100500
89017,1000500,2016-01-05,2025-10-31,NORM,1100500
89031,1000500,2023-05-04,2025-10-31,NORM,1100500
89070,1000500,2001-08-07,2025-10-31,NORM,1100500
89071,1000500,2011-07-06,2025-10-31,NORM,1100500
89105,1000500,2011-02-28,2015-10-07,NORM,1100500
89138,1000500,2023-03-15,2025-10-31,NORM,1100500
89179,1000500,2002-07-25,2025-10-31,NORM,1100500
89195,1000500,2002-07-22,2025-10-31,NORM,1100500
89216,1000500,2016-05-03,2018-06-15,NORM,1100500
89217,1000500,2015-07-09,2023-08-24,NORM,1100500
89258,1000500,2002-07-22,2025-10-31,NORM,1100500
89269,1000500,2016-03-30,2025-10-31,NORM,1100500
89301,1000500,2007-12-14,2016-04-22,NORM,1100500
89392,1000500,1989-02-09,1999-11-15,NORM,1100500
89393,1000500,2010-12-20,2025-10-31,NORM,1100500
89463,1000500,2004-10-27,2009-07-24,NORM,1100500
89495,1000500,2002-08-21,2004-04-01,NORM,1100500
89508,1000500,2010-06-28,2025-10-30,NORM,1100500
89509,1000500,2014-06-23,2020-03-02,NORM,1100500
89525,1000500,2002-11-19,2025-10-31,NORM,1100500
89533,1000500,2008-11-14,2025-10-31,NORM,1100500
89565,1000500,2015-09-21,2015-12-11,NORM,1100500
89617,1000500,2015-03-23,2025-10-31,NORM,1100500
89626,1000500,2006-08-11,2025-10-31,NORM,1100500
89641,1000500,2012-07-02,2025-10-31,NORM,1100500
89757,1000500,2005-03-28,2012-09-04,NORM,1100500
89781,1000500,2022-03-02,2025-10-31,NORM,1100500
89813,1000500,2003-08-20,2012-04-03,NORM,1100500
89866,1000500,2016-05-23,2025-10-31,NORM,1100500
89954,1000500,2006-12-04,2015-07-28,NORM,1100500
90038,1000500,2007-04-10,2025-10-31,NORM,1100500
90071,1000500,2010-01-29,2025-10-31,NORM,1100500
90090,1000500,2021-12-20,2023-03-14,NORM,1100500
90110,1000500,2004-05-03,2015-09-02,NORM,1100500
90162,1000500,2005-12-02,2015-11-17,NORM,1100500
90199,1000500,2006-11-10,2025-10-31,NORM,1100500
90215,1000500,2008-09-15,2025-10-31,NORM,1100500
90248,1000500,2020-05-12,2025-10-31,NORM,1100500
90272,1000500,2018-09-17,2020-01-27,NORM,1100500
90305,1000500,2016-01-19,2025-10-31,NORM,1100500
90319,1000500,2006-04-03,2025-10-31,NORM,1100500
90352,1000500,2000-10-03,2009-12-18,NORM,1100500
90373,1000500,2016-05-18,2025-10-31,NORM,1100500
90386,1000500,2011-09-26,2025-10-31,NORM,1100500
90435,1000500,2004-12-03,2006-12-01,NORM,1100500
90441,1000500,2004-12-20,2019-03-19,NORM,1100500
90442,1000500,2015-09-21,2019-03-19,NORM,1100500
90454,1000500,2019-07-01,2025-09-19,NORM,1100500
90455,1000500,2021-02-12,2025-10-31,NORM,1100500
90505,1000500,2019-10-03,2025-10-31,NORM,1100500
90520,1000500,2018-12-24,2025-03-21,NORM,1100500
90537,1000500,2001-01-16,2009-03-26,NORM,1100500
90537,1000500,2011-01-18,2015-07-17,NORM,1100500
90547,1000500,2011-06-02,2012-10-01,NORM,1100500
90601,1000500,2008-10-22,2025-10-31,NORM,1100500
90609,1000500,1991-11-01,2011-04-27,NORM,1100500
90664,1000500,2020-05-12,2025-10-31,NORM,1100500
90720,1000500,2023-12-18,2025-10-31,NORM,1100500
90721,1000500,1986-01-23,1995-05-26,NORM,1100500
90805,1000500,2010-03-01,2022-04-08,NORM,1100500
90808,1000500,2007-10-02,2025-10-31,NORM,1100500
90829,1000500,2008-08-27,2025-10-31,NORM,1100500
90880,1000500,2005-10-03,2025-10-31,NORM,1100500
90979,1000500,2014-05-01,2022-06-17,NORM,1100500
90993,1000500,2007-09-26,2025-10-31,NORM,1100500
91041,1000500,2019-12-23,2025-10-31,NORM,1100500
91063,1000500,2006-01-03,2019-12-04,NORM,1100500
91068,1000500,2011-04-28,2025-10-31,NORM,1100500
91103,1000500,2015-09-03,2025-10-31,NORM,1100500
91143,1000500,2007-10-25,2013-11-12,NORM,1100500
91152,1000500,2016-06-03,2025-10-31,NORM,1100500
91207,1000500,2006-04-10,2016-09-22,NORM,1100500
91218,1000500,2006-05-18,2009-06-30,NORM,1100500
91233,1000500,2008-07-18,2025-10-31,NORM,1100500
91380,1000500,1987-01-08,2006-01-31,NORM,1100500
91388,1000500,2006-08-01,2007-04-09,NORM,1100500
91391,1000500,2006-07-18,2015-04-06,NORM,1100500
91392,1000500,2006-08-01,2018-05-30,NORM,1100500
91416,1000500,2015-03-23,2021-12-17,NORM,1100500
91461,1000500,2006-10-02,2021-12-17,NORM,1100500
91547,1000500,2009-12-21,2013-09-20,NORM,1100500
91547,1000500,2019-08-09,2025-10-31,NORM,1100500
91556,1000500,2009-12-21,2025-10-31,NORM,1100500
91611,1000500,2009-10-16,2017-03-17,NORM,1100500
91611,1000500,2022-12-19,2025-10-31,NORM,1100500
91650,1000500,2007-01-03,2017-02-27,NORM,1100500
91668,1000500,2018-03-07,2022-06-17,NORM,1100500
91849,1000500,2018-06-18,2025-10-31,NORM,1100500
91883,1000500,2009-03-30,2016-05-17,NORM,1100500
91907,1000500,2024-03-18,2025-10-31,NORM,1100500
91926,1000500,2013-09-11,2025-10-31,NORM,1100500
91937,1000500,2009-06-30,2013-04-30,NORM,1100500
91937,1000500,2019-07-15,2025-10-31,NORM,1100500
92043,1000500,2025-08-28,2025-10-31,NORM,1100500
92050,1000500,2023-03-15,2025-10-31,NORM,1100500
92108,1000500,2023-09-18,2025-10-31,NORM,1100500
92121,1000500,2007-07-02,2025-05-16,NORM,1100500
92156,1000500,2007-07-02,2009-06-04,NORM,1100500
92156,1000500,2011-03-01,2015-01-26,NORM,1100500
92157,1000500,2007-07-02,2009-06-25,NORM,1100500
92157,1000500,2011-10-17,2025-10-31,NORM,1100500
92203,1000500,2023-10-18,2025-10-31,NORM,1100500
92239,1000500,2016-02-22,2021-01-20,NORM,1100500
92293,1000500,2007-10-01,2017-06-16,NORM,1100500
92322,1000500,2016-04-18,2025-10-31,NORM,1100500
92402,1000500,2018-04-04,2025-10-31,NORM,1100500
92602,1000500,2008-03-31,2025-10-31,NORM,1100500
92611,1000500,2009-12-21,2025-10-31,NORM,1100500
92614,1000500,2016-03-04,2025-10-31,NORM,1100500
92618,1000500,2008-10-07,2018-06-29,NORM,1100500
92655,1000500,1994-07-01,2025-10-31,NORM,1100500
92709,1000500,2008-07-01,2018-03-06,NORM,1100500
92772,1000500,2016-05-13,2016-05-13,NORM,1100500
92778,1000500,2014-08-07,2022-04-08,NORM,1100500
92890,1000500,2009-12-21,2017-06-16,NORM,1100500
92988,1000500,2009-09-01,2015-03-17,NORM,1100500
93002,1000500,2014-05-08,2025-10-31,NORM,1100500
93089,1000500,2015-10-08,2025-10-31,NORM,1100500
93096,1000500,2012-12-03,2025-10-31,NORM,1100500
93132,1000500,2018-10-11,2025-10-31,NORM,1100500
93159,1000500,2012-07-31,2016-03-29,NORM,1100500
93246,1000500,2021-03-22,2025-10-31,NORM,1100500
93422,1000500,2010-07-01,2015-06-30,NORM,1100500
93429,1000500,2017-03-01,2025-10-31,NORM,1100500
93436,1000500,2020-12-21,2025-10-31,NORM,1100500
